ISO-10303-21;
HEADER;
FILE_DESCRIPTION (( 'STEP AP214' ),
    '1' );
FILE_NAME ('CAR_KP_6.3X8_D6.8L9S2.5F0.55.STEP',
    '2019-12-10T15:02:54',
    ( '' ),
    ( '' ),
    'SwSTEP 2.0',
    'SolidWorks 2014',
    '' );
FILE_SCHEMA (( 'AUTOMOTIVE_DESIGN' ));
ENDSEC;

DATA;
#1 = SURFACE_STYLE_FILL_AREA ( #112 ) ;
#2 = ORIENTED_EDGE ( 'NONE', *, *, #3331, .F. ) ;
#3 = CARTESIAN_POINT ( 'NONE',  ( -0.005000000000000000100, 0.3765290351657325500, 0.6170636496931823900 ) ) ;
#4 = COLOUR_RGB ( '',0.0000000000000000000, 0.0000000000000000000, 0.0000000000000000000 ) ;
#5 = EDGE_CURVE ( 'NONE', #344, #134, #1648, .T. ) ;
#6 = LINE ( 'NONE', #2682, #2328 ) ;
#7 = PRESENTATION_STYLE_ASSIGNMENT (( #823 ) ) ;
#8 = ORIENTED_EDGE ( 'NONE', *, *, #195, .F. ) ;
#9 = DIRECTION ( 'NONE',  ( 0.0000000000000000000, 0.3725077383643323200, 0.9280290862137298100 ) ) ;
#10 = DIRECTION ( 'NONE',  ( 0.0000000000000000000, -0.9280290862137297000, 0.3725077383643323700 ) ) ;
#11 = VECTOR ( 'NONE', #260, 1000.000000000000000 ) ;
#12 = SURFACE_SIDE_STYLE ('',( #1158 ) ) ;
#13 =( NAMED_UNIT ( * ) PLANE_ANGLE_UNIT ( ) SI_UNIT ( $, .RADIAN. ) );
#14 =( NAMED_UNIT ( * ) SI_UNIT ( $, .STERADIAN. ) SOLID_ANGLE_UNIT ( ) );
#15 = ORIENTED_EDGE ( 'NONE', *, *, #1491, .T. ) ;
#16 = SURFACE_STYLE_USAGE ( .BOTH. , #811 ) ;
#17 = ORIENTED_EDGE ( 'NONE', *, *, #239, .T. ) ;
#18 = MECHANICAL_DESIGN_GEOMETRIC_PRESENTATION_REPRESENTATION (  '', ( #1058 ), #2783 ) ;
#19 = DIRECTION ( 'NONE',  ( 1.000000000000000000, 0.0000000000000000000, 0.0000000000000000000 ) ) ;
#20 =( NAMED_UNIT ( * ) PLANE_ANGLE_UNIT ( ) SI_UNIT ( $, .RADIAN. ) );
#21 = EDGE_CURVE ( 'NONE', #1198, #90, #1577, .T. ) ;
#22 = COLOUR_RGB ( '',0.8980392156862745400, 0.9215686274509803400, 0.9294117647058823800 ) ;
#23 =( GEOMETRIC_REPRESENTATION_CONTEXT ( 3 ) GLOBAL_UNCERTAINTY_ASSIGNED_CONTEXT ( ( #2716 ) ) GLOBAL_UNIT_ASSIGNED_CONTEXT ( ( #509, #779, #2612 ) ) REPRESENTATION_CONTEXT ( 'NONE', 'WORKASPACE' ) );
#24 = LINE ( 'NONE', #2517, #1220 ) ;
#25 = LINE ( 'NONE', #1567, #1215 ) ;
#26 = ORIENTED_EDGE ( 'NONE', *, *, #1540, .F. ) ;
#27 = EDGE_CURVE ( 'NONE', #584, #2029, #2556, .T. ) ;
#28 = SURFACE_SIDE_STYLE ('',( #3066 ) ) ;
#29 = CARTESIAN_POINT ( 'NONE',  ( -0.005000000000000000100, 0.2321410128892255100, 1.448411777761571300 ) ) ;
#30 = LINE ( 'NONE', #1143, #67 ) ;
#31 = ORIENTED_EDGE ( 'NONE', *, *, #1047, .F. ) ;
#32 = MANIFOLD_SOLID_BREP ( 'Body-Move/Copy1[1]', #2839 ) ;
#33 = STYLED_ITEM ( 'NONE', ( #1981 ), #1449 ) ;
#34 = COLOUR_RGB ( '',0.7921568627450980000, 0.8196078431372548800, 0.9333333333333333500 ) ;
#35 = DIRECTION ( 'NONE',  ( 0.0000000000000000000, -1.000000000000000000, 1.213189754119656000E-016 ) ) ;
#36 = FACE_OUTER_BOUND ( 'NONE', #1216, .T. ) ;
#37 = CIRCLE ( 'NONE', #2820, 0.2750000000000000200 ) ;
#38 =( NAMED_UNIT ( * ) SI_UNIT ( $, .STERADIAN. ) SOLID_ANGLE_UNIT ( ) );
#39 = PLANE ( 'NONE',  #3326 ) ;
#40 = PRESENTATION_LAYER_ASSIGNMENT (  '', '', ( #1731 ) ) ;
#41 = CARTESIAN_POINT ( 'NONE',  ( 0.0000000000000000000, 0.2341874250734346800, -0.3806123124469641400 ) ) ;
#42 = VERTEX_POINT ( 'NONE', #1285 ) ;
#43 =( NAMED_UNIT ( * ) PLANE_ANGLE_UNIT ( ) SI_UNIT ( $, .RADIAN. ) );
#44 = ORIENTED_EDGE ( 'NONE', *, *, #1655, .T. ) ;
#45 = AXIS2_PLACEMENT_3D ( 'NONE', #2149, #2394, #575 ) ;
#46 = SURFACE_SIDE_STYLE ('',( #2627 ) ) ;
#47 = ORIENTED_EDGE ( 'NONE', *, *, #1318, .T. ) ;
#48 = LINE ( 'NONE', #228, #171 ) ;
#49 = AXIS2_PLACEMENT_3D ( 'NONE', #2299, #1749, #1772 ) ;
#50 = ORIENTED_EDGE ( 'NONE', *, *, #212, .T. ) ;
#51 = DIRECTION ( 'NONE',  ( 0.0000000000000000000, 1.224646799147354700E-016, 1.000000000000000000 ) ) ;
#52 = CARTESIAN_POINT ( 'NONE',  ( -0.005000000000000000100, 0.3765290351657323300, -1.695892613889854500 ) ) ;
#53 = VERTEX_POINT ( 'NONE', #525 ) ;
#54 = SURFACE_STYLE_USAGE ( .BOTH. , #74 ) ;
#55 = SURFACE_STYLE_FILL_AREA ( #3273 ) ;
#56 = SURFACE_SIDE_STYLE ('',( #1303 ) ) ;
#57 = ORIENTED_EDGE ( 'NONE', *, *, #259, .T. ) ;
#58 = DIRECTION ( 'NONE',  ( 0.0000000000000000000, 0.05375259206908282500, -0.9985542843760948400 ) ) ;
#59 = VECTOR ( 'NONE', #3075, 1000.000000000000000 ) ;
#60 = MECHANICAL_DESIGN_GEOMETRIC_PRESENTATION_REPRESENTATION (  '', ( #229 ), #3170 ) ;
#61 = COLOUR_RGB ( '',0.0000000000000000000, 0.0000000000000000000, 0.0000000000000000000 ) ;
#62 = CARTESIAN_POINT ( 'NONE',  ( 7.852499999999998300, 0.0000000000000000000, 0.0000000000000000000 ) ) ;
#63 = SURFACE_STYLE_FILL_AREA ( #1980 ) ;
#64 = VECTOR ( 'NONE', #3313, 1000.000000000000100 ) ;
#65 = CIRCLE ( 'NONE', #2389, 3.399999999999999900 ) ;
#66 = VECTOR ( 'NONE', #283, 1000.000000000000000 ) ;
#67 = VECTOR ( 'NONE', #643, 1000.000000000000000 ) ;
#68 = DIRECTION ( 'NONE',  ( 0.0000000000000000000, 0.0000000000000000000, -1.000000000000000000 ) ) ;
#69 = EDGE_CURVE ( 'NONE', #322, #2791, #3318, .T. ) ;
#70 = FILL_AREA_STYLE ('',( #1100 ) ) ;
#71 = SURFACE_SIDE_STYLE ('',( #2788 ) ) ;
#72 = LINE ( 'NONE', #2097, #2279 ) ;
#73 = ADVANCED_FACE ( 'NONE', ( #1812 ), #2653, .F. ) ;
#74 = SURFACE_SIDE_STYLE ('',( #307 ) ) ;
#75 = DIRECTION ( 'NONE',  ( 0.0000000000000000000, 0.0000000000000000000, 1.000000000000000000 ) ) ;
#76 = ORIENTED_EDGE ( 'NONE', *, *, #303, .F. ) ;
#77 = AXIS2_PLACEMENT_3D ( 'NONE', #3121, #493, #480 ) ;
#78 = SURFACE_SIDE_STYLE ('',( #818 ) ) ;
#79 = COLOUR_RGB ( '',0.0000000000000000000, 0.0000000000000000000, 0.0000000000000000000 ) ;
#80 = ORIENTED_EDGE ( 'NONE', *, *, #1618, .T. ) ;
#81 = DIRECTION ( 'NONE',  ( 0.0000000000000000000, 0.0000000000000000000, -1.000000000000000000 ) ) ;
#82 = FILL_AREA_STYLE ('',( #2162 ) ) ;
#83 = AXIS2_PLACEMENT_3D ( 'NONE', #238, #1507, #2315 ) ;
#84 = FACE_OUTER_BOUND ( 'NONE', #3360, .T. ) ;
#85 = SURFACE_STYLE_FILL_AREA ( #3151 ) ;
#86 = EDGE_CURVE ( 'NONE', #3296, #2273, #1000, .T. ) ;
#87 = VECTOR ( 'NONE', #3156, 1000.000000000000000 ) ;
#88 = DIRECTION ( 'NONE',  ( 0.0000000000000000000, 0.0000000000000000000, -1.000000000000000000 ) ) ;
#89 = DIRECTION ( 'NONE',  ( 0.0000000000000000000, 0.0000000000000000000, -1.000000000000000000 ) ) ;
#90 = VERTEX_POINT ( 'NONE', #2922 ) ;
#91 = PRESENTATION_LAYER_ASSIGNMENT (  '', '', ( #2076 ) ) ;
#92 = UNCERTAINTY_MEASURE_WITH_UNIT (LENGTH_MEASURE( 1.000000000000000100E-005 ), #1935, 'distance_accuracy_value', 'NONE');
#93 = CARTESIAN_POINT ( 'NONE',  ( -0.005000000000000000100, -0.1577153477240015300, 0.02411196182895269200 ) ) ;
#94 = EDGE_CURVE ( 'NONE', #1754, #3154, #2154, .T. ) ;
#95 = ORIENTED_EDGE ( 'NONE', *, *, #2802, .T. ) ;
#96 = CARTESIAN_POINT ( 'NONE',  ( 0.0000000000000000000, -0.3712800000000232600, -0.3022097147237163300 ) ) ;
#97 = PLANE ( 'NONE',  #488 ) ;
#98 = ORIENTED_EDGE ( 'NONE', *, *, #957, .F. ) ;
#99 = MECHANICAL_DESIGN_GEOMETRIC_PRESENTATION_REPRESENTATION (  '', ( #2515 ), #267 ) ;
#100 = DIRECTION ( 'NONE',  ( 0.0000000000000000000, 0.2745159998572695400, -0.9615825319869135700 ) ) ;
#101 = DIRECTION ( 'NONE',  ( 0.0000000000000000000, 0.9610992334304873100, 0.2762033010290239600 ) ) ;
#102 = FILL_AREA_STYLE_COLOUR ( '', #1918 ) ;
#103 = AXIS2_PLACEMENT_3D ( 'NONE', #1223, #954, #1954 ) ;
#104 = VECTOR ( 'NONE', #2311, 1000.000000000000100 ) ;
#105 = COLOUR_RGB ( '',0.0000000000000000000, 0.0000000000000000000, 0.0000000000000000000 ) ;
#106 = PRESENTATION_STYLE_ASSIGNMENT (( #1028 ) ) ;
#107 = DIRECTION ( 'NONE',  ( 0.0000000000000000000, 0.2729786930694068600, -0.9620200793799049700 ) ) ;
#108 = ORIENTED_EDGE ( 'NONE', *, *, #610, .F. ) ;
#109 = ADVANCED_FACE ( 'NONE', ( #1538 ), #3026, .T. ) ;
#110 = CARTESIAN_POINT ( 'NONE',  ( 0.0000000000000000000, 0.2321410128892255100, 1.448411777761571300 ) ) ;
#111 = LINE ( 'NONE', #2537, #2110 ) ;
#112 = FILL_AREA_STYLE ('',( #1199 ) ) ;
#113 = PRESENTATION_LAYER_ASSIGNMENT (  '', '', ( #282 ) ) ;
#114 = CYLINDRICAL_SURFACE ( 'NONE', #133, 3.399999999999999900 ) ;
#115 = UNCERTAINTY_MEASURE_WITH_UNIT (LENGTH_MEASURE( 1.000000000000000100E-005 ), #1846, 'distance_accuracy_value', 'NONE');
#116 = CARTESIAN_POINT ( 'NONE',  ( 0.0000000000000000000, -0.3712800000000230400, 0.05098965914737403600 ) ) ;
#117 = MECHANICAL_DESIGN_GEOMETRIC_PRESENTATION_REPRESENTATION (  '', ( #3162 ), #1974 ) ;
#118 =( NAMED_UNIT ( * ) SI_UNIT ( $, .STERADIAN. ) SOLID_ANGLE_UNIT ( ) );
#119 = COLOUR_RGB ( '',0.0000000000000000000, 0.0000000000000000000, 0.0000000000000000000 ) ;
#120 = FILL_AREA_STYLE_COLOUR ( '', #105 ) ;
#121 =( NAMED_UNIT ( * ) PLANE_ANGLE_UNIT ( ) SI_UNIT ( $, .RADIAN. ) );
#122 = EDGE_LOOP ( 'NONE', ( #1891, #2017, #2623, #1149, #1916, #1440, #2715, #2011, #1474, #737, #1603, #1002, #1013, #2252, #2329, #3307, #936, #2244, #1146, #2736, #1706, #3279, #2570 ) ) ;
#123 = DIRECTION ( 'NONE',  ( 0.0000000000000000000, 0.9601763114327596100, 0.2793947940878290800 ) ) ;
#124 = ORIENTED_EDGE ( 'NONE', *, *, #299, .F. ) ;
#125 = ADVANCED_FACE ( 'NONE', ( #420 ), #1373, .F. ) ;
#126 = VERTEX_POINT ( 'NONE', #2401 ) ;
#127 = DIRECTION ( 'NONE',  ( 0.0000000000000000000, 0.0000000000000000000, 1.000000000000000000 ) ) ;
#128 = DIRECTION ( 'NONE',  ( 1.000000000000000000, 0.0000000000000000000, 0.0000000000000000000 ) ) ;
#129 = EDGE_CURVE ( 'NONE', #2620, #495, #2310, .T. ) ;
#130 =( NAMED_UNIT ( * ) SI_UNIT ( $, .STERADIAN. ) SOLID_ANGLE_UNIT ( ) );
#131 = LINE ( 'NONE', #2713, #2672 ) ;
#132 = UNCERTAINTY_MEASURE_WITH_UNIT (LENGTH_MEASURE( 1.000000000000000100E-005 ), #3346, 'distance_accuracy_value', 'NONE');
#133 = AXIS2_PLACEMENT_3D ( 'NONE', #2591, #535, #1022 ) ;
#134 = VERTEX_POINT ( 'NONE', #2246 ) ;
#135 = PRESENTATION_STYLE_ASSIGNMENT (( #276 ) ) ;
#136 = EDGE_CURVE ( 'NONE', #2090, #2530, #146, .T. ) ;
#137 = ORIENTED_EDGE ( 'NONE', *, *, #259, .F. ) ;
#138 = VECTOR ( 'NONE', #2548, 1000.000000000000000 ) ;
#139 =( NAMED_UNIT ( * ) PLANE_ANGLE_UNIT ( ) SI_UNIT ( $, .RADIAN. ) );
#140 =( NAMED_UNIT ( * ) PLANE_ANGLE_UNIT ( ) SI_UNIT ( $, .RADIAN. ) );
#141 = CARTESIAN_POINT ( 'NONE',  ( 27.99999999999999600, 1.250000000000000000, 0.2750000000000000200 ) ) ;
#142 = ADVANCED_FACE ( 'NONE', ( #919 ), #1171, .T. ) ;
#143 = DIRECTION ( 'NONE',  ( 1.000000000000000000, -0.0000000000000000000, -0.0000000000000000000 ) ) ;
#144 = MECHANICAL_DESIGN_GEOMETRIC_PRESENTATION_REPRESENTATION (  '', ( #2485 ), #2438 ) ;
#145 = COLOUR_RGB ( '',0.0000000000000000000, 0.0000000000000000000, 0.0000000000000000000 ) ;
#146 = LINE ( 'NONE', #2750, #64 ) ;
#147 = PRESENTATION_STYLE_ASSIGNMENT (( #1672 ) ) ;
#148 = VECTOR ( 'NONE', #1793, 1000.000000000000000 ) ;
#149 = DIRECTION ( 'NONE',  ( -0.0000000000000000000, -0.9610029908221280300, -0.2765379750249951600 ) ) ;
#150 = DIRECTION ( 'NONE',  ( 0.0000000000000000000, -0.9610992334315856500, -0.2762033010252023000 ) ) ;
#151 = CARTESIAN_POINT ( 'NONE',  ( -0.005000000000000000100, 0.2944747279927738500, -0.1110520788954998800 ) ) ;
#152 = EDGE_CURVE ( 'NONE', #134, #2202, #2683, .T. ) ;
#153 = EDGE_CURVE ( 'NONE', #42, #2404, #3024, .T. ) ;
#154 = PLANE ( 'NONE',  #2379 ) ;
#155 = CARTESIAN_POINT ( 'NONE',  ( -0.005000000000000000100, -0.3712800000000227000, 1.274921500448871400 ) ) ;
#156 = LINE ( 'NONE', #2336, #888 ) ;
#157 = FILL_AREA_STYLE_COLOUR ( '', #1700 ) ;
#158 = VECTOR ( 'NONE', #3324, 1000.000000000000000 ) ;
#159 = SURFACE_STYLE_FILL_AREA ( #3204 ) ;
#160 = ORIENTED_EDGE ( 'NONE', *, *, #1612, .T. ) ;
#161 = DIRECTION ( 'NONE',  ( -0.0000000000000000000, -0.9984327301130236900, -0.05596501978069704600 ) ) ;
#162 = DIRECTION ( 'NONE',  ( -1.000000000000000000, -0.0000000000000000000, -0.0000000000000000000 ) ) ;
#163 = PRESENTATION_STYLE_ASSIGNMENT (( #2205 ) ) ;
#164 = ORIENTED_EDGE ( 'NONE', *, *, #3198, .F. ) ;
#165 = CARTESIAN_POINT ( 'NONE',  ( 0.2000000000000005100, 0.0000000000000000000, 0.0000000000000000000 ) ) ;
#166 = FILL_AREA_STYLE ('',( #2762 ) ) ;
#167 = SURFACE_STYLE_USAGE ( .BOTH. , #1224 ) ;
#168 = VERTEX_POINT ( 'NONE', #1005 ) ;
#169 = ORIENTED_EDGE ( 'NONE', *, *, #491, .F. ) ;
#170 = PRODUCT ( 'CAR_KP_6.3X8_D6.8L9S2.5F0.55', 'CAR_KP_6.3X8_D6.8L9S2.5F0.55', '', ( #1282 ) ) ;
#171 = VECTOR ( 'NONE', #700, 1000.000000000000000 ) ;
#172 = CARTESIAN_POINT ( 'NONE',  ( 0.0000000000000000000, 0.2944747279927738500, -0.1110520788954998800 ) ) ;
#173 = SURFACE_SIDE_STYLE ('',( #278 ) ) ;
#174 = VERTEX_POINT ( 'NONE', #1280 ) ;
#175 = MECHANICAL_DESIGN_GEOMETRIC_PRESENTATION_REPRESENTATION (  '', ( #1529 ), #1297 ) ;
#176 = UNCERTAINTY_MEASURE_WITH_UNIT (LENGTH_MEASURE( 1.000000000000000100E-005 ), #3220, 'distance_accuracy_value', 'NONE');
#177 = EDGE_CURVE ( 'NONE', #2144, #126, #2305, .T. ) ;
#178 = ORIENTED_EDGE ( 'NONE', *, *, #899, .F. ) ;
#179 = DIRECTION ( 'NONE',  ( 0.0000000000000000000, 3.146308679943554500E-016, 1.000000000000000000 ) ) ;
#180 = PRESENTATION_LAYER_ASSIGNMENT (  '', '', ( #2754 ) ) ;
#181 = PRESENTATION_STYLE_ASSIGNMENT (( #3136 ) ) ;
#182 = FILL_AREA_STYLE ('',( #2282 ) ) ;
#183 = PLANE ( 'NONE',  #1896 ) ;
#184 = SURFACE_STYLE_FILL_AREA ( #1488 ) ;
#185 = COLOUR_RGB ( '',0.0000000000000000000, 0.0000000000000000000, 0.0000000000000000000 ) ;
#186 = CARTESIAN_POINT ( 'NONE',  ( -0.005000000000000000100, -0.3712800000000000500, -1.910800000000000100 ) ) ;
#187 =( GEOMETRIC_REPRESENTATION_CONTEXT ( 3 ) GLOBAL_UNCERTAINTY_ASSIGNED_CONTEXT ( ( #132 ) ) GLOBAL_UNIT_ASSIGNED_CONTEXT ( ( #3346, #1979, #130 ) ) REPRESENTATION_CONTEXT ( 'NONE', 'WORKASPACE' ) );
#188 = ORIENTED_EDGE ( 'NONE', *, *, #3017, .F. ) ;
#189 = CARTESIAN_POINT ( 'NONE',  ( -0.005000000000000000100, 0.2321410128892255100, 1.448411777761571300 ) ) ;
#190 = EDGE_LOOP ( 'NONE', ( #1354, #767, #2585, #1401 ) ) ;
#191 =( GEOMETRIC_REPRESENTATION_CONTEXT ( 3 ) GLOBAL_UNCERTAINTY_ASSIGNED_CONTEXT ( ( #988 ) ) GLOBAL_UNIT_ASSIGNED_CONTEXT ( ( #1531, #2304, #1299 ) ) REPRESENTATION_CONTEXT ( 'NONE', 'WORKASPACE' ) );
#192 = UNCERTAINTY_MEASURE_WITH_UNIT (LENGTH_MEASURE( 1.000000000000000100E-005 ), #2222, 'distance_accuracy_value', 'NONE');
#193 = SURFACE_SIDE_STYLE ('',( #996 ) ) ;
#194 = FILL_AREA_STYLE_COLOUR ( '', #603 ) ;
#195 = EDGE_CURVE ( 'NONE', #2382, #1771, #660, .T. ) ;
#196 =( NAMED_UNIT ( * ) SI_UNIT ( $, .STERADIAN. ) SOLID_ANGLE_UNIT ( ) );
#197 = CARTESIAN_POINT ( 'NONE',  ( -0.005000000000000000100, -0.3712800000000232600, -0.3022097147237163300 ) ) ;
#198 = VECTOR ( 'NONE', #608, 1000.000000000000000 ) ;
#199 = EDGE_CURVE ( 'NONE', #3084, #1027, #379, .T. ) ;
#200 = ORIENTED_EDGE ( 'NONE', *, *, #2543, .F. ) ;
#201 = VECTOR ( 'NONE', #2621, 1000.000000000000000 ) ;
#202 = ORIENTED_EDGE ( 'NONE', *, *, #1782, .T. ) ;
#203 = DIRECTION ( 'NONE',  ( 1.000000000000000000, 0.0000000000000000000, 0.0000000000000000000 ) ) ;
#204 = AXIS2_PLACEMENT_3D ( 'NONE', #1824, #9, #543 ) ;
#205 = VECTOR ( 'NONE', #3385, 1000.000000000000200 ) ;
#206 = ORIENTED_EDGE ( 'NONE', *, *, #2388, .T. ) ;
#207 = FILL_AREA_STYLE ('',( #2860 ) ) ;
#208 = ORIENTED_EDGE ( 'NONE', *, *, #1067, .T. ) ;
#209 =( GEOMETRIC_REPRESENTATION_CONTEXT ( 3 ) GLOBAL_UNCERTAINTY_ASSIGNED_CONTEXT ( ( #3043 ) ) GLOBAL_UNIT_ASSIGNED_CONTEXT ( ( #2255, #676, #668 ) ) REPRESENTATION_CONTEXT ( 'NONE', 'WORKASPACE' ) );
#210 = SURFACE_STYLE_FILL_AREA ( #2168 ) ;
#211 = ORIENTED_EDGE ( 'NONE', *, *, #2582, .F. ) ;
#212 = EDGE_CURVE ( 'NONE', #1323, #510, #500, .T. ) ;
#213 = COLOUR_RGB ( '',0.0000000000000000000, 0.0000000000000000000, 0.0000000000000000000 ) ;
#214 = UNCERTAINTY_MEASURE_WITH_UNIT (LENGTH_MEASURE( 1.000000000000000100E-005 ), #2712, 'distance_accuracy_value', 'NONE');
#215 = PRESENTATION_LAYER_ASSIGNMENT (  '', '', ( #1447 ) ) ;
#216 = ORIENTED_EDGE ( 'NONE', *, *, #364, .F. ) ;
#217 = EDGE_CURVE ( 'NONE', #3175, #1273, #222, .T. ) ;
#218 =( NAMED_UNIT ( * ) PLANE_ANGLE_UNIT ( ) SI_UNIT ( $, .RADIAN. ) );
#219 = CARTESIAN_POINT ( 'NONE',  ( 0.0000000000000000000, 0.03476001023382962300, -1.581777849778652500 ) ) ;
#220 = SURFACE_STYLE_USAGE ( .BOTH. , #1774 ) ;
#221 = PRESENTATION_LAYER_ASSIGNMENT (  '', '', ( #2103 ) ) ;
#222 = LINE ( 'NONE', #432, #1209 ) ;
#223 = STYLED_ITEM ( 'NONE', ( #3411 ), #3284 ) ;
#224 = CARTESIAN_POINT ( 'NONE',  ( 0.2000000000000005100, 0.0000000000000000000, 0.0000000000000000000 ) ) ;
#225 =( LENGTH_UNIT ( ) NAMED_UNIT ( * ) SI_UNIT ( .MILLI., .METRE. ) );
#226 = EDGE_LOOP ( 'NONE', ( #1523, #1484, #452, #2581 ) ) ;
#227 = CARTESIAN_POINT ( 'NONE',  ( 9.000000000000000000, 0.0000000000000000000, 0.0000000000000000000 ) ) ;
#228 = CARTESIAN_POINT ( 'NONE',  ( -0.005000000000000000100, -0.2289815919431452700, 0.7454146218262146500 ) ) ;
#229 = STYLED_ITEM ( 'NONE', ( #3133 ), #2101 ) ;
#230 = UNCERTAINTY_MEASURE_WITH_UNIT (LENGTH_MEASURE( 1.000000000000000100E-005 ), #1732, 'distance_accuracy_value', 'NONE');
#231 = DIRECTION ( 'NONE',  ( 1.000000000000000000, 0.0000000000000000000, 0.0000000000000000000 ) ) ;
#232 = LINE ( 'NONE', #3412, #2238 ) ;
#233 = LINE ( 'NONE', #915, #671 ) ;
#234 = CARTESIAN_POINT ( 'NONE',  ( -0.005000000000000000100, -0.06649415775543193700, -0.009025292283876100400 ) ) ;
#235 = AXIS2_PLACEMENT_3D ( 'NONE', #1135, #2405, #351 ) ;
#236 = ORIENTED_EDGE ( 'NONE', *, *, #1883, .T. ) ;
#237 = PLANE ( 'NONE',  #3344 ) ;
#238 = CARTESIAN_POINT ( 'NONE',  ( -0.005000000000000000100, 0.3765290351657323300, -1.010467317234601000 ) ) ;
#239 = EDGE_CURVE ( 'NONE', #1566, #564, #460, .T. ) ;
#240 = VERTEX_POINT ( 'NONE', #3105 ) ;
#241 = PLANE ( 'NONE',  #2896 ) ;
#242 = DIRECTION ( 'NONE',  ( 0.0000000000000000000, -2.088488394260788100E-016, -1.000000000000000000 ) ) ;
#243 = CARTESIAN_POINT ( 'NONE',  ( 0.2000000000000005100, 0.0000000000000000000, 0.0000000000000000000 ) ) ;
#244 = ORIENTED_EDGE ( 'NONE', *, *, #299, .T. ) ;
#245 = EDGE_CURVE ( 'NONE', #2719, #412, #300, .T. ) ;
#246 = CARTESIAN_POINT ( 'NONE',  ( -0.005000000000000000100, 0.3765290351657325500, 0.6170636496931823900 ) ) ;
#247 =( LENGTH_UNIT ( ) NAMED_UNIT ( * ) SI_UNIT ( .MILLI., .METRE. ) );
#248 = ORIENTED_EDGE ( 'NONE', *, *, #1071, .T. ) ;
#249 = VECTOR ( 'NONE', #1580, 1000.000000000000000 ) ;
#250 = FILL_AREA_STYLE_COLOUR ( '', #990 ) ;
#251 = CARTESIAN_POINT ( 'NONE',  ( -0.005000000000000000100, -0.06649415775543193700, -0.009025292283876100400 ) ) ;
#252 = ORIENTED_EDGE ( 'NONE', *, *, #1189, .T. ) ;
#253 = FILL_AREA_STYLE ('',( #1548 ) ) ;
#254 = ORIENTED_EDGE ( 'NONE', *, *, #2296, .T. ) ;
#255 =( LENGTH_UNIT ( ) NAMED_UNIT ( * ) SI_UNIT ( .MILLI., .METRE. ) );
#256 = DIRECTION ( 'NONE',  ( 0.0000000000000000000, 0.6995643972268819100, 0.7145695586383381500 ) ) ;
#257 = DIRECTION ( 'NONE',  ( 0.0000000000000000000, -3.147719821763145700E-016, -1.000000000000000000 ) ) ;
#258 = STYLED_ITEM ( 'NONE', ( #1377 ), #125 ) ;
#259 = EDGE_CURVE ( 'NONE', #898, #2759, #2594, .T. ) ;
#260 = DIRECTION ( 'NONE',  ( 0.0000000000000000000, 0.0000000000000000000, 1.000000000000000000 ) ) ;
#261 =( LENGTH_UNIT ( ) NAMED_UNIT ( * ) SI_UNIT ( .MILLI., .METRE. ) );
#262 = SURFACE_STYLE_FILL_AREA ( #2863 ) ;
#263 = LINE ( 'NONE', #1558, #3319 ) ;
#264 = ORIENTED_EDGE ( 'NONE', *, *, #2384, .T. ) ;
#265 = CARTESIAN_POINT ( 'NONE',  ( 0.0000000000000000000, 0.09509506277018967000, -0.4408268540441236900 ) ) ;
#266 = FILL_AREA_STYLE ('',( #794 ) ) ;
#267 =( GEOMETRIC_REPRESENTATION_CONTEXT ( 3 ) GLOBAL_UNCERTAINTY_ASSIGNED_CONTEXT ( ( #92 ) ) GLOBAL_UNIT_ASSIGNED_CONTEXT ( ( #1935, #1187, #363 ) ) REPRESENTATION_CONTEXT ( 'NONE', 'WORKASPACE' ) );
#268 = STYLED_ITEM ( 'NONE', ( #1763 ), #1784 ) ;
#269 = EDGE_LOOP ( 'NONE', ( #2925, #1884, #216, #1939 ) ) ;
#270 = COLOUR_RGB ( '',0.0000000000000000000, 0.0000000000000000000, 0.0000000000000000000 ) ;
#271 = PLANE ( 'NONE',  #2442 ) ;
#272 =( LENGTH_UNIT ( ) NAMED_UNIT ( * ) SI_UNIT ( .MILLI., .METRE. ) );
#273 = VECTOR ( 'NONE', #863, 1000.000000000000000 ) ;
#274 = ORIENTED_EDGE ( 'NONE', *, *, #717, .F. ) ;
#275 = DIRECTION ( 'NONE',  ( 0.0000000000000000000, -1.000000000000000000, 2.043497108812547200E-016 ) ) ;
#276 = SURFACE_STYLE_USAGE ( .BOTH. , #588 ) ;
#277 = AXIS2_PLACEMENT_3D ( 'NONE', #243, #498, #1030 ) ;
#278 = SURFACE_STYLE_FILL_AREA ( #2007 ) ;
#279 = ORIENTED_EDGE ( 'NONE', *, *, #69, .F. ) ;
#280 = DIRECTION ( 'NONE',  ( 0.0000000000000000000, -0.9610853065513910200, -0.2762517575166151300 ) ) ;
#281 = COLOUR_RGB ( '',0.0000000000000000000, 0.0000000000000000000, 0.0000000000000000000 ) ;
#282 = STYLED_ITEM ( 'NONE', ( #3070 ), #1156 ) ;
#283 = DIRECTION ( 'NONE',  ( -1.000000000000000000, -0.0000000000000000000, -0.0000000000000000000 ) ) ;
#284 = ORIENTED_EDGE ( 'NONE', *, *, #2342, .T. ) ;
#285 =( GEOMETRIC_REPRESENTATION_CONTEXT ( 3 ) GLOBAL_UNCERTAINTY_ASSIGNED_CONTEXT ( ( #230 ) ) GLOBAL_UNIT_ASSIGNED_CONTEXT ( ( #1732, #1213, #680 ) ) REPRESENTATION_CONTEXT ( 'NONE', 'WORKASPACE' ) );
#286 = SURFACE_STYLE_USAGE ( .BOTH. , #2913 ) ;
#287 = ORIENTED_EDGE ( 'NONE', *, *, #2471, .T. ) ;
#288 = FILL_AREA_STYLE_COLOUR ( '', #3248 ) ;
#289 = EDGE_LOOP ( 'NONE', ( #3167, #1670, #1887, #236 ) ) ;
#290 =( GEOMETRIC_REPRESENTATION_CONTEXT ( 3 ) GLOBAL_UNCERTAINTY_ASSIGNED_CONTEXT ( ( #2836 ) ) GLOBAL_UNIT_ASSIGNED_CONTEXT ( ( #3383, #2608, #2557 ) ) REPRESENTATION_CONTEXT ( 'NONE', 'WORKASPACE' ) );
#291 = UNCERTAINTY_MEASURE_WITH_UNIT (LENGTH_MEASURE( 1.000000000000000100E-005 ), #1164, 'distance_accuracy_value', 'NONE');
#292 = FILL_AREA_STYLE_COLOUR ( '', #185 ) ;
#293 = DIRECTION ( 'NONE',  ( 0.0000000000000000000, 0.0000000000000000000, -1.000000000000000000 ) ) ;
#294 = EDGE_LOOP ( 'NONE', ( #1188, #938, #1606, #1063 ) ) ;
#295 = SURFACE_STYLE_USAGE ( .BOTH. , #816 ) ;
#296 = FILL_AREA_STYLE ('',( #1076 ) ) ;
#297 = SURFACE_STYLE_USAGE ( .BOTH. , #1077 ) ;
#298 = VECTOR ( 'NONE', #2513, 1000.000000000000000 ) ;
#299 = EDGE_CURVE ( 'NONE', #240, #328, #2227, .T. ) ;
#300 = LINE ( 'NONE', #702, #2949 ) ;
#301 = SURFACE_SIDE_STYLE ('',( #1352 ) ) ;
#302 = LINE ( 'NONE', #1609, #1454 ) ;
#303 = EDGE_CURVE ( 'NONE', #709, #490, #1533, .T. ) ;
#304 = DIRECTION ( 'NONE',  ( 0.0000000000000000000, 1.000000000000000000, -1.224646799147353200E-016 ) ) ;
#305 = ORIENTED_EDGE ( 'NONE', *, *, #2894, .F. ) ;
#306 = SURFACE_STYLE_USAGE ( .BOTH. , #2957 ) ;
#307 = SURFACE_STYLE_FILL_AREA ( #296 ) ;
#308 = SURFACE_STYLE_USAGE ( .BOTH. , #56 ) ;
#309 = AXIS2_PLACEMENT_3D ( 'NONE', #872, #304, #51 ) ;
#310 = DIRECTION ( 'NONE',  ( 0.0000000000000000000, 0.2759782365590523500, -0.9611638845409016300 ) ) ;
#311 = LINE ( 'NONE', #2291, #1870 ) ;
#312 = DIRECTION ( 'NONE',  ( 0.0000000000000000000, 0.9619530280415594700, 0.2732148821745891700 ) ) ;
#313 = PRESENTATION_LAYER_ASSIGNMENT (  '', '', ( #2248 ) ) ;
#314 = SURFACE_STYLE_USAGE ( .BOTH. , #12 ) ;
#315 = EDGE_LOOP ( 'NONE', ( #3071, #1639, #2480, #652 ) ) ;
#316 = VECTOR ( 'NONE', #3037, 1000.000000000000000 ) ;
#317 = EDGE_CURVE ( 'NONE', #1391, #1027, #841, .T. ) ;
#318 = DIRECTION ( 'NONE',  ( 0.0000000000000000000, -3.147719821763145200E-016, -1.000000000000000000 ) ) ;
#319 = ORIENTED_EDGE ( 'NONE', *, *, #2185, .T. ) ;
#320 = STYLED_ITEM ( 'NONE', ( #1334 ), #353 ) ;
#321 = DIRECTION ( 'NONE',  ( 1.000000000000000000, 0.0000000000000000000, 0.0000000000000000000 ) ) ;
#322 = VERTEX_POINT ( 'NONE', #3083 ) ;
#323 = SURFACE_STYLE_FILL_AREA ( #1061 ) ;
#324 = EDGE_LOOP ( 'NONE', ( #1108, #1553, #896, #208 ) ) ;
#325 = DIRECTION ( 'NONE',  ( 1.000000000000000000, 0.0000000000000000000, 0.0000000000000000000 ) ) ;
#326 = DIRECTION ( 'NONE',  ( 0.0000000000000000000, -1.000000000000000000, 0.0000000000000000000 ) ) ;
#327 = CARTESIAN_POINT ( 'NONE',  ( -0.005000000000000000100, -0.3712800000000230400, 0.05098965914737403600 ) ) ;
#328 = VERTEX_POINT ( 'NONE', #1500 ) ;
#329 = CARTESIAN_POINT ( 'NONE',  ( 0.0000000000000000000, -0.3712800000000000500, -1.910800000000000100 ) ) ;
#330 = DIRECTION ( 'NONE',  ( 0.0000000000000000000, 1.000000000000000000, 0.0000000000000000000 ) ) ;
#331 = COLOUR_RGB ( '',0.0000000000000000000, 0.0000000000000000000, 0.0000000000000000000 ) ;
#332 = ORIENTED_EDGE ( 'NONE', *, *, #3331, .T. ) ;
#333 = UNCERTAINTY_MEASURE_WITH_UNIT (LENGTH_MEASURE( 1.000000000000000100E-005 ), #1546, 'distance_accuracy_value', 'NONE');
#334 = VECTOR ( 'NONE', #2041, 1000.000000000000000 ) ;
#335 = MECHANICAL_DESIGN_GEOMETRIC_PRESENTATION_REPRESENTATION (  '', ( #871 ), #2265 ) ;
#336 = SURFACE_SIDE_STYLE ('',( #1415 ) ) ;
#337 = CARTESIAN_POINT ( 'NONE',  ( -0.005000000000000000100, 0.2321410128873057100, 1.661384167462570200 ) ) ;
#338 = CARTESIAN_POINT ( 'NONE',  ( -0.005000000000000000100, 0.3765290351657323300, 0.7071558097653002400 ) ) ;
#339 = ADVANCED_FACE ( 'NONE', ( #544 ), #2826, .F. ) ;
#340 =( NAMED_UNIT ( * ) SI_UNIT ( $, .STERADIAN. ) SOLID_ANGLE_UNIT ( ) );
#341 = DIRECTION ( 'NONE',  ( 1.000000000000000000, 0.0000000000000000000, 0.0000000000000000000 ) ) ;
#342 = VECTOR ( 'NONE', #179, 1000.000000000000000 ) ;
#343 = EDGE_CURVE ( 'NONE', #174, #322, #2472, .T. ) ;
#344 = VERTEX_POINT ( 'NONE', #2353 ) ;
#345 = PRESENTATION_LAYER_ASSIGNMENT (  '', '', ( #2565 ) ) ;
#346 = EDGE_LOOP ( 'NONE', ( #95, #2424, #1667, #3386 ) ) ;
#347 = CARTESIAN_POINT ( 'NONE',  ( 9.000000000000000000, 4.163799117101000600E-016, -3.399999999999999900 ) ) ;
#348 =( LENGTH_UNIT ( ) NAMED_UNIT ( * ) SI_UNIT ( .MILLI., .METRE. ) );
#349 = FILL_AREA_STYLE_COLOUR ( '', #2650 ) ;
#350 = ORIENTED_EDGE ( 'NONE', *, *, #2429, .T. ) ;
#351 = DIRECTION ( 'NONE',  ( 0.0000000000000000000, 0.0000000000000000000, 1.000000000000000000 ) ) ;
#352 = UNCERTAINTY_MEASURE_WITH_UNIT (LENGTH_MEASURE( 1.000000000000000100E-005 ), #1629, 'distance_accuracy_value', 'NONE');
#353 = ADVANCED_FACE ( 'NONE', ( #704 ), #3166, .T. ) ;
#354 = VERTEX_POINT ( 'NONE', #3142 ) ;
#355 = CARTESIAN_POINT ( 'NONE',  ( -0.005000000000000000100, 0.3765290351657321100, -0.8926405572324688200 ) ) ;
#356 = FILL_AREA_STYLE ('',( #1919 ) ) ;
#357 = AXIS2_PLACEMENT_3D ( 'NONE', #651, #1937, #127 ) ;
#358 = ORIENTED_EDGE ( 'NONE', *, *, #1207, .T. ) ;
#359 = CARTESIAN_POINT ( 'NONE',  ( -0.005000000000000000100, -0.04314917537281623400, -0.8012364201750976600 ) ) ;
#360 = MECHANICAL_DESIGN_GEOMETRIC_PRESENTATION_REPRESENTATION (  '', ( #1762 ), #1946 ) ;
#361 = ADVANCED_FACE ( 'NONE', ( #2199 ), #1813, .F. ) ;
#362 = SURFACE_STYLE_FILL_AREA ( #924 ) ;
#363 =( NAMED_UNIT ( * ) SI_UNIT ( $, .STERADIAN. ) SOLID_ANGLE_UNIT ( ) );
#364 = EDGE_CURVE ( 'NONE', #1289, #168, #674, .T. ) ;
#365 = ORIENTED_EDGE ( 'NONE', *, *, #1107, .T. ) ;
#366 = LINE ( 'NONE', #895, #3388 ) ;
#367 = FILL_AREA_STYLE ('',( #3025 ) ) ;
#368 = CARTESIAN_POINT ( 'NONE',  ( -0.005000000000000000100, 0.3765290351657323300, -1.010467317234601000 ) ) ;
#369 = ORIENTED_EDGE ( 'NONE', *, *, #1342, .T. ) ;
#370 = VECTOR ( 'NONE', #759, 1000.000000000000000 ) ;
#371 = ADVANCED_FACE ( 'NONE', ( #514 ), #2599, .F. ) ;
#372 = CARTESIAN_POINT ( 'NONE',  ( 0.0000000000000000000, -0.2290088774371915900, -0.4396490301452850000 ) ) ;
#373 = SURFACE_SIDE_STYLE ('',( #210 ) ) ;
#374 = MECHANICAL_DESIGN_GEOMETRIC_PRESENTATION_REPRESENTATION (  '', ( #3090 ), #1848 ) ;
#375 = UNCERTAINTY_MEASURE_WITH_UNIT (LENGTH_MEASURE( 1.000000000000000100E-005 ), #225, 'distance_accuracy_value', 'NONE');
#376 = PRESENTATION_STYLE_ASSIGNMENT (( #437 ) ) ;
#377 = CARTESIAN_POINT ( 'NONE',  ( -0.005000000000000000100, 0.2321247586366319800, 1.866127380145543400 ) ) ;
#378 =( GEOMETRIC_REPRESENTATION_CONTEXT ( 3 ) GLOBAL_UNCERTAINTY_ASSIGNED_CONTEXT ( ( #2414 ) ) GLOBAL_UNIT_ASSIGNED_CONTEXT ( ( #1524, #471, #2300 ) ) REPRESENTATION_CONTEXT ( 'NONE', 'WORKASPACE' ) );
#379 = LINE ( 'NONE', #971, #1977 ) ;
#380 = DIRECTION ( 'NONE',  ( 0.0000000000000000000, 0.9619530280415594700, 0.2732148821745891700 ) ) ;
#381 = DIRECTION ( 'NONE',  ( 0.0000000000000000000, 0.0000000000000000000, -1.000000000000000000 ) ) ;
#382 = DIRECTION ( 'NONE',  ( 0.0000000000000000000, 0.9620200793799049700, 0.2729786930694068600 ) ) ;
#383 = EDGE_CURVE ( 'NONE', #2295, #2029, #967, .T. ) ;
#384 = STYLED_ITEM ( 'NONE', ( #1250 ), #142 ) ;
#385 = SURFACE_SIDE_STYLE ('',( #1770 ) ) ;
#386 = DIRECTION ( 'NONE',  ( 0.0000000000000000000, 0.0000000000000000000, -1.000000000000000000 ) ) ;
#387 = COLOUR_RGB ( '',0.7921568627450980000, 0.8196078431372548800, 0.9333333333333333500 ) ;
#388 = VERTEX_POINT ( 'NONE', #2115 ) ;
#389 = DIRECTION ( 'NONE',  ( 1.000000000000000000, 0.0000000000000000000, 0.0000000000000000000 ) ) ;
#390 = ADVANCED_FACE ( 'NONE', ( #1702 ), #1092, .F. ) ;
#391 = DIRECTION ( 'NONE',  ( 1.000000000000000000, 0.0000000000000000000, 0.0000000000000000000 ) ) ;
#392 = DIRECTION ( 'NONE',  ( 0.0000000000000000000, 0.9617234872620589200, 0.2740217765954088300 ) ) ;
#393 = CARTESIAN_POINT ( 'NONE',  ( 0.2000000000000005100, 0.0000000000000000000, 0.0000000000000000000 ) ) ;
#394 = VECTOR ( 'NONE', #2829, 1000.000000000000100 ) ;
#395 = SURFACE_SIDE_STYLE ('',( #184 ) ) ;
#396 = DIRECTION ( 'NONE',  ( 0.0000000000000000000, 0.9999999968487353100, 7.938847109764684700E-005 ) ) ;
#397 = EDGE_LOOP ( 'NONE', ( #1192, #1515, #2086, #874 ) ) ;
#398 = COLOUR_RGB ( '',0.0000000000000000000, 0.0000000000000000000, 0.0000000000000000000 ) ;
#399 = DIRECTION ( 'NONE',  ( -1.000000000000000000, -0.0000000000000000000, -0.0000000000000000000 ) ) ;
#400 = ORIENTED_EDGE ( 'NONE', *, *, #136, .T. ) ;
#401 = FACE_OUTER_BOUND ( 'NONE', #2886, .T. ) ;
#402 = PRESENTATION_STYLE_ASSIGNMENT (( #1805 ) ) ;
#403 = ORIENTED_EDGE ( 'NONE', *, *, #610, .T. ) ;
#404 = CARTESIAN_POINT ( 'NONE',  ( -0.005000000000000000100, 0.2321410128892255100, 1.448411777761571300 ) ) ;
#405 = FACE_OUTER_BOUND ( 'NONE', #2464, .T. ) ;
#406 = ORIENTED_EDGE ( 'NONE', *, *, #2496, .F. ) ;
#407 = EDGE_CURVE ( 'NONE', #2753, #2719, #2241, .T. ) ;
#408 = PRESENTATION_LAYER_ASSIGNMENT (  '', '', ( #2476 ) ) ;
#409 = ORIENTED_EDGE ( 'NONE', *, *, #1650, .F. ) ;
#410 = PLANE ( 'NONE',  #1572 ) ;
#411 = PRESENTATION_STYLE_ASSIGNMENT (( #3261 ) ) ;
#412 = VERTEX_POINT ( 'NONE', #41 ) ;
#413 = CARTESIAN_POINT ( 'NONE',  ( 0.0000000000000000000, 0.09509506277018961500, -0.7617952360291209100 ) ) ;
#414 = VECTOR ( 'NONE', #1193, 1000.000000000000000 ) ;
#415 = ADVANCED_FACE ( 'NONE', ( #1828 ), #1860, .F. ) ;
#416 = CARTESIAN_POINT ( 'NONE',  ( -0.005000000000000000100, -0.3712800000000000500, -1.910800000000000100 ) ) ;
#417 = PLANE ( 'NONE',  #103 ) ;
#418 = AXIS2_PLACEMENT_3D ( 'NONE', #3187, #3197, #75 ) ;
#419 =( LENGTH_UNIT ( ) NAMED_UNIT ( * ) SI_UNIT ( .MILLI., .METRE. ) );
#420 = FACE_OUTER_BOUND ( 'NONE', #1200, .T. ) ;
#421 = CARTESIAN_POINT ( 'NONE',  ( 0.0000000000000000000, -0.04314917537418731800, 1.119339603530974600 ) ) ;
#422 = VECTOR ( 'NONE', #2726, 1000.000000000000100 ) ;
#423 = PRESENTATION_LAYER_ASSIGNMENT (  '', '', ( #3144 ) ) ;
#424 = VERTEX_POINT ( 'NONE', #2145 ) ;
#425 =( NAMED_UNIT ( * ) PLANE_ANGLE_UNIT ( ) SI_UNIT ( $, .RADIAN. ) );
#426 =( LENGTH_UNIT ( ) NAMED_UNIT ( * ) SI_UNIT ( .MILLI., .METRE. ) );
#427 = EDGE_CURVE ( 'NONE', #1320, #1184, #925, .T. ) ;
#428 = VECTOR ( 'NONE', #3206, 999.9999999999998900 ) ;
#429 = ORIENTED_EDGE ( 'NONE', *, *, #2122, .F. ) ;
#430 = MECHANICAL_DESIGN_GEOMETRIC_PRESENTATION_REPRESENTATION (  '', ( #384 ), #562 ) ;
#431 = FILL_AREA_STYLE ('',( #3321 ) ) ;
#432 = CARTESIAN_POINT ( 'NONE',  ( -0.005000000000000000100, 0.09509506277018967000, -0.4408268540441236900 ) ) ;
#433 = ORIENTED_EDGE ( 'NONE', *, *, #760, .F. ) ;
#434 = PLANE ( 'NONE',  #2832 ) ;
#435 = ADVANCED_FACE ( 'NONE', ( #36 ), #3227, .F. ) ;
#436 = UNCERTAINTY_MEASURE_WITH_UNIT (LENGTH_MEASURE( 1.000000000000000100E-005 ), #2386, 'distance_accuracy_value', 'NONE');
#437 = SURFACE_STYLE_USAGE ( .BOTH. , #1205 ) ;
#438 = ORIENTED_EDGE ( 'NONE', *, *, #21, .T. ) ;
#439 = PRESENTATION_LAYER_ASSIGNMENT (  '', '', ( #2373 ) ) ;
#440 = CIRCLE ( 'NONE', #2534, 0.2750000000000000200 ) ;
#441 = DIRECTION ( 'NONE',  ( 1.000000000000000000, 0.0000000000000000000, 0.0000000000000000000 ) ) ;
#442 =( NAMED_UNIT ( * ) PLANE_ANGLE_UNIT ( ) SI_UNIT ( $, .RADIAN. ) );
#443 = DIRECTION ( 'NONE',  ( 1.000000000000000000, 0.0000000000000000000, 0.0000000000000000000 ) ) ;
#444 = VERTEX_POINT ( 'NONE', #1102 ) ;
#445 = MECHANICAL_DESIGN_GEOMETRIC_PRESENTATION_REPRESENTATION (  '', ( #729 ), #209 ) ;
#446 = LINE ( 'NONE', #2364, #526 ) ;
#447 = SURFACE_STYLE_USAGE ( .BOTH. , #1723 ) ;
#448 = VERTEX_POINT ( 'NONE', #2744 ) ;
#449 = CARTESIAN_POINT ( 'NONE',  ( 0.0000000000000000000, 0.3765290351657323300, -1.482965700014777300 ) ) ;
#450 = ORIENTED_EDGE ( 'NONE', *, *, #1970, .T. ) ;
#451 = EDGE_CURVE ( 'NONE', #2382, #800, #2567, .T. ) ;
#452 = ORIENTED_EDGE ( 'NONE', *, *, #1947, .F. ) ;
#453 = SURFACE_STYLE_USAGE ( .BOTH. , #749 ) ;
#454 = CARTESIAN_POINT ( 'NONE',  ( 0.0000000000000000000, -0.2289815919431452700, 0.7454146218262146500 ) ) ;
#455 = MECHANICAL_DESIGN_GEOMETRIC_PRESENTATION_REPRESENTATION (  '', ( #3000 ), #2454 ) ;
#456 = EDGE_CURVE ( 'NONE', #2029, #2450, #233, .T. ) ;
#457 =( GEOMETRIC_REPRESENTATION_CONTEXT ( 3 ) GLOBAL_UNCERTAINTY_ASSIGNED_CONTEXT ( ( #1157 ) ) GLOBAL_UNIT_ASSIGNED_CONTEXT ( ( #755, #2878, #2084 ) ) REPRESENTATION_CONTEXT ( 'NONE', 'WORKASPACE' ) );
#458 = DIRECTION ( 'NONE',  ( -0.0000000000000000000, -0.9984327301130236900, -0.05596501978069704600 ) ) ;
#459 = UNCERTAINTY_MEASURE_WITH_UNIT (LENGTH_MEASURE( 1.000000000000000100E-005 ), #866, 'distance_accuracy_value', 'NONE');
#460 = LINE ( 'NONE', #3093, #3103 ) ;
#461 = DIRECTION ( 'NONE',  ( 0.0000000000000000000, 0.9610876102172872800, 0.2762437428917142200 ) ) ;
#462 = AXIS2_PLACEMENT_3D ( 'NONE', #224, #1483, #3338 ) ;
#463 = FILL_AREA_STYLE ('',( #1972 ) ) ;
#464 =( GEOMETRIC_REPRESENTATION_CONTEXT ( 3 ) GLOBAL_UNCERTAINTY_ASSIGNED_CONTEXT ( ( #436 ) ) GLOBAL_UNIT_ASSIGNED_CONTEXT ( ( #2386, #1607, #555 ) ) REPRESENTATION_CONTEXT ( 'NONE', 'WORKASPACE' ) );
#465 = COLOUR_RGB ( '',0.8941176470588234600, 0.9137254901960784000, 0.9294117647058823800 ) ;
#466 =( NAMED_UNIT ( * ) SI_UNIT ( $, .STERADIAN. ) SOLID_ANGLE_UNIT ( ) );
#467 = FILL_AREA_STYLE_COLOUR ( '', #1806 ) ;
#468 =( GEOMETRIC_REPRESENTATION_CONTEXT ( 3 ) GLOBAL_UNCERTAINTY_ASSIGNED_CONTEXT ( ( #3384 ) ) GLOBAL_UNIT_ASSIGNED_CONTEXT ( ( #2460, #2469, #118 ) ) REPRESENTATION_CONTEXT ( 'NONE', 'WORKASPACE' ) );
#469 = VECTOR ( 'NONE', #3243, 1000.000000000000200 ) ;
#470 =( LENGTH_UNIT ( ) NAMED_UNIT ( * ) SI_UNIT ( .MILLI., .METRE. ) );
#471 =( NAMED_UNIT ( * ) PLANE_ANGLE_UNIT ( ) SI_UNIT ( $, .RADIAN. ) );
#472 = EDGE_LOOP ( 'NONE', ( #2956, #1734, #739, #524 ) ) ;
#473 = EDGE_CURVE ( 'NONE', #1009, #240, #1383, .T. ) ;
#474 = FACE_OUTER_BOUND ( 'NONE', #3239, .T. ) ;
#475 = APPLICATION_CONTEXT ( 'automotive_design' ) ;
#476 = ORIENTED_EDGE ( 'NONE', *, *, #1964, .T. ) ;
#477 = CARTESIAN_POINT ( 'NONE',  ( 8.133749999999999100, 0.0000000000000000000, 0.0000000000000000000 ) ) ;
#478 = VECTOR ( 'NONE', #2216, 1000.000000000000000 ) ;
#479 = VERTEX_POINT ( 'NONE', #614 ) ;
#480 = DIRECTION ( 'NONE',  ( 0.0000000000000000000, 0.0000000000000000000, 1.000000000000000000 ) ) ;
#481 = SURFACE_STYLE_USAGE ( .BOTH. , #2341 ) ;
#482 = PRESENTATION_STYLE_ASSIGNMENT (( #850 ) ) ;
#483 = AXIS2_PLACEMENT_3D ( 'NONE', #3341, #1736, #978 ) ;
#484 = ORIENTED_EDGE ( 'NONE', *, *, #1509, .T. ) ;
#485 = SURFACE_STYLE_USAGE ( .BOTH. , #1278 ) ;
#486 = CARTESIAN_POINT ( 'NONE',  ( -0.005000000000000000100, 0.3765290351657325500, 1.907626672281781200 ) ) ;
#487 = ORIENTED_EDGE ( 'NONE', *, *, #3380, .F. ) ;
#488 = AXIS2_PLACEMENT_3D ( 'NONE', #3293, #1657, #2194 ) ;
#489 = FILL_AREA_STYLE_COLOUR ( '', #2486 ) ;
#490 = VERTEX_POINT ( 'NONE', #1167 ) ;
#491 = EDGE_CURVE ( 'NONE', #2090, #1654, #3161, .T. ) ;
#492 = PRESENTATION_STYLE_ASSIGNMENT (( #2696 ) ) ;
#493 = DIRECTION ( 'NONE',  ( 0.0000000000000000000, 1.000000000000000000, 0.0000000000000000000 ) ) ;
#494 = EDGE_CURVE ( 'NONE', #354, #2632, #1089, .T. ) ;
#495 = VERTEX_POINT ( 'NONE', #1705 ) ;
#496 = EDGE_CURVE ( 'NONE', #2144, #1317, #2239, .T. ) ;
#497 = SURFACE_STYLE_USAGE ( .BOTH. , #1017 ) ;
#498 = DIRECTION ( 'NONE',  ( 1.000000000000000000, 0.0000000000000000000, 0.0000000000000000000 ) ) ;
#499 = VECTOR ( 'NONE', #391, 1000.000000000000000 ) ;
#500 = LINE ( 'NONE', #197, #591 ) ;
#501 = DIRECTION ( 'NONE',  ( 1.000000000000000000, 0.0000000000000000000, 0.0000000000000000000 ) ) ;
#502 = LINE ( 'NONE', #2964, #2821 ) ;
#503 = DIRECTION ( 'NONE',  ( 0.0000000000000000000, 0.9615454294334483400, 0.2746459304916885600 ) ) ;
#504 = LINE ( 'NONE', #1310, #1336 ) ;
#505 = COLOUR_RGB ( '',0.7921568627450980000, 0.8196078431372548800, 0.9333333333333333500 ) ;
#506 = CARTESIAN_POINT ( 'NONE',  ( 0.0000000000000000000, -0.2289815919431452400, 1.097429350422237000 ) ) ;
#507 = STYLED_ITEM ( 'NONE', ( #1142 ), #2324 ) ;
#508 = PRESENTATION_STYLE_ASSIGNMENT (( #1720 ) ) ;
#509 =( LENGTH_UNIT ( ) NAMED_UNIT ( * ) SI_UNIT ( .MILLI., .METRE. ) );
#510 = VERTEX_POINT ( 'NONE', #151 ) ;
#511 = SURFACE_STYLE_USAGE ( .BOTH. , #1054 ) ;
#512 = VECTOR ( 'NONE', #2721, 1000.000000000000000 ) ;
#513 = COLOUR_RGB ( '',0.0000000000000000000, 0.0000000000000000000, 0.0000000000000000000 ) ;
#514 = FACE_OUTER_BOUND ( 'NONE', #397, .T. ) ;
#515 = EDGE_CURVE ( 'NONE', #168, #1289, #1868, .T. ) ;
#516 = ORIENTED_EDGE ( 'NONE', *, *, #712, .T. ) ;
#517 = AXIS2_PLACEMENT_3D ( 'NONE', #227, #2587, #3092 ) ;
#518 = DIRECTION ( 'NONE',  ( 0.0000000000000000000, 0.0000000000000000000, -1.000000000000000000 ) ) ;
#519 = FILL_AREA_STYLE_COLOUR ( '', #773 ) ;
#520 = EDGE_LOOP ( 'NONE', ( #1395, #2738, #977, #2495 ) ) ;
#521 = PRESENTATION_STYLE_ASSIGNMENT (( #620 ) ) ;
#522 = PRESENTATION_STYLE_ASSIGNMENT (( #862 ) ) ;
#523 = CARTESIAN_POINT ( 'NONE',  ( 0.0000000000000000000, -0.3712800000000227000, 1.274921500448871400 ) ) ;
#524 = ORIENTED_EDGE ( 'NONE', *, *, #69, .T. ) ;
#525 = CARTESIAN_POINT ( 'NONE',  ( 9.000000000000000000, 1.250000000000000000, -0.2750000000000000200 ) ) ;
#526 = VECTOR ( 'NONE', #764, 1000.000000000000200 ) ;
#527 = CARTESIAN_POINT ( 'NONE',  ( 0.0000000000000000000, 0.2321410128873057100, 1.661384167462570200 ) ) ;
#528 = STYLED_ITEM ( 'NONE', ( #1204 ), #1905 ) ;
#529 = SURFACE_STYLE_FILL_AREA ( #2075 ) ;
#530 = VERTEX_POINT ( 'NONE', #2772 ) ;
#531 = CARTESIAN_POINT ( 'NONE',  ( -0.005000000000000000100, -0.3712800000000232600, -0.3022097147237163300 ) ) ;
#532 = DIRECTION ( 'NONE',  ( 0.0000000000000000000, 0.0000000000000000000, -1.000000000000000000 ) ) ;
#533 = ORIENTED_EDGE ( 'NONE', *, *, #3022, .F. ) ;
#534 =( GEOMETRIC_REPRESENTATION_CONTEXT ( 3 ) GLOBAL_UNCERTAINTY_ASSIGNED_CONTEXT ( ( #1908 ) ) GLOBAL_UNIT_ASSIGNED_CONTEXT ( ( #1453, #3342, #950 ) ) REPRESENTATION_CONTEXT ( 'NONE', 'WORKASPACE' ) );
#535 = DIRECTION ( 'NONE',  ( -1.000000000000000000, -0.0000000000000000000, -0.0000000000000000000 ) ) ;
#536 = PRESENTATION_STYLE_ASSIGNMENT (( #2892 ) ) ;
#537 =( NAMED_UNIT ( * ) SI_UNIT ( $, .STERADIAN. ) SOLID_ANGLE_UNIT ( ) );
#538 = DIRECTION ( 'NONE',  ( 0.0000000000000000000, -1.213189754119656000E-016, -1.000000000000000000 ) ) ;
#539 = AXIS2_PLACEMENT_3D ( 'NONE', #1621, #545, #1886 ) ;
#540 = PRODUCT_DEFINITION_SHAPE ( 'NONE', 'NONE',  #1166 ) ;
#541 = UNCERTAINTY_MEASURE_WITH_UNIT (LENGTH_MEASURE( 1.000000000000000100E-005 ), #2428, 'distance_accuracy_value', 'NONE');
#542 = EDGE_CURVE ( 'NONE', #564, #800, #1735, .T. ) ;
#543 = DIRECTION ( 'NONE',  ( 0.0000000000000000000, -0.9280290862137298100, 0.3725077383643323200 ) ) ;
#544 = FACE_OUTER_BOUND ( 'NONE', #190, .T. ) ;
#545 = DIRECTION ( 'NONE',  ( 0.0000000000000000000, 1.000000000000000000, -2.480431458422449600E-016 ) ) ;
#546 = LINE ( 'NONE', #1739, #753 ) ;
#547 = PRESENTATION_STYLE_ASSIGNMENT (( #1324 ) ) ;
#548 = VERTEX_POINT ( 'NONE', #141 ) ;
#549 = DIRECTION ( 'NONE',  ( 1.000000000000000000, 0.0000000000000000000, 0.0000000000000000000 ) ) ;
#550 = DIRECTION ( 'NONE',  ( 0.0000000000000000000, -7.938847109764683400E-005, 0.9999999968487352000 ) ) ;
#551 = DIRECTION ( 'NONE',  ( -1.000000000000000000, -0.0000000000000000000, -0.0000000000000000000 ) ) ;
#552 = PRESENTATION_LAYER_ASSIGNMENT (  '', '', ( #2986 ) ) ;
#553 = VECTOR ( 'NONE', #3196, 1000.000000000000100 ) ;
#554 = ORIENTED_EDGE ( 'NONE', *, *, #1941, .F. ) ;
#555 =( NAMED_UNIT ( * ) SI_UNIT ( $, .STERADIAN. ) SOLID_ANGLE_UNIT ( ) );
#556 = SURFACE_SIDE_STYLE ('',( #1234 ) ) ;
#557 =( GEOMETRIC_REPRESENTATION_CONTEXT ( 3 ) GLOBAL_UNCERTAINTY_ASSIGNED_CONTEXT ( ( #1203 ) ) GLOBAL_UNIT_ASSIGNED_CONTEXT ( ( #1628, #1895, #2423 ) ) REPRESENTATION_CONTEXT ( 'NONE', 'WORKASPACE' ) );
#558 = EDGE_CURVE ( 'NONE', #596, #992, #3408, .T. ) ;
#559 =( NAMED_UNIT ( * ) PLANE_ANGLE_UNIT ( ) SI_UNIT ( $, .RADIAN. ) );
#560 = DIRECTION ( 'NONE',  ( 0.0000000000000000000, 0.0000000000000000000, 1.000000000000000000 ) ) ;
#561 = LINE ( 'NONE', #695, #394 ) ;
#562 =( GEOMETRIC_REPRESENTATION_CONTEXT ( 3 ) GLOBAL_UNCERTAINTY_ASSIGNED_CONTEXT ( ( #1539 ) ) GLOBAL_UNIT_ASSIGNED_CONTEXT ( ( #1436, #3287, #2784 ) ) REPRESENTATION_CONTEXT ( 'NONE', 'WORKASPACE' ) );
#563 = VECTOR ( 'NONE', #1230, 1000.000000000000000 ) ;
#564 = VERTEX_POINT ( 'NONE', #2098 ) ;
#565 = SURFACE_STYLE_USAGE ( .BOTH. , #301 ) ;
#566 = ORIENTED_EDGE ( 'NONE', *, *, #1379, .T. ) ;
#567 = UNCERTAINTY_MEASURE_WITH_UNIT (LENGTH_MEASURE( 1.000000000000000100E-005 ), #3112, 'distance_accuracy_value', 'NONE');
#568 = CARTESIAN_POINT ( 'NONE',  ( 24.00000000000000000, -1.250000000000000000, 0.0000000000000000000 ) ) ;
#569 =( NAMED_UNIT ( * ) PLANE_ANGLE_UNIT ( ) SI_UNIT ( $, .RADIAN. ) );
#570 = CIRCLE ( 'NONE', #851, 0.2812499999999998300 ) ;
#571 = DIRECTION ( 'NONE',  ( 0.0000000000000000000, 0.9612861490927303600, 0.2755520632520628300 ) ) ;
#572 = VERTEX_POINT ( 'NONE', #523 ) ;
#573 = COLOUR_RGB ( '',0.0000000000000000000, 0.0000000000000000000, 0.0000000000000000000 ) ;
#574 = DIRECTION ( 'NONE',  ( 0.0000000000000000000, 0.0000000000000000000, -1.000000000000000000 ) ) ;
#575 = DIRECTION ( 'NONE',  ( 0.0000000000000000000, 0.0000000000000000000, -1.000000000000000000 ) ) ;
#576 = ORIENTED_EDGE ( 'NONE', *, *, #2403, .T. ) ;
#577 = ADVANCED_FACE ( 'NONE', ( #1697 ), #3117, .F. ) ;
#578 = SURFACE_STYLE_USAGE ( .BOTH. , #2152 ) ;
#579 = ORIENTED_EDGE ( 'NONE', *, *, #2869, .F. ) ;
#580 = AXIS2_PLACEMENT_3D ( 'NONE', #1450, #396, #2233 ) ;
#581 = SURFACE_STYLE_FILL_AREA ( #1170 ) ;
#582 = CARTESIAN_POINT ( 'NONE',  ( -0.005000000000000000100, 0.09507005106467179800, 1.158826263502345200 ) ) ;
#583 = DIRECTION ( 'NONE',  ( 0.0000000000000000000, 0.0000000000000000000, -1.000000000000000000 ) ) ;
#584 = VERTEX_POINT ( 'NONE', #3134 ) ;
#585 = STYLED_ITEM ( 'NONE', ( #2285 ), #3035 ) ;
#586 = ADVANCED_FACE ( 'NONE', ( #1225 ), #3160, .T. ) ;
#587 = DIRECTION ( 'NONE',  ( 1.000000000000000000, -0.0000000000000000000, -0.0000000000000000000 ) ) ;
#588 = SURFACE_SIDE_STYLE ('',( #1326 ) ) ;
#589 = LINE ( 'NONE', #3088, #3102 ) ;
#590 = EDGE_CURVE ( 'NONE', #2753, #530, #2030, .T. ) ;
#591 = VECTOR ( 'NONE', #692, 1000.000000000000100 ) ;
#592 = UNCERTAINTY_MEASURE_WITH_UNIT (LENGTH_MEASURE( 1.000000000000000100E-005 ), #3108, 'distance_accuracy_value', 'NONE');
#593 = MECHANICAL_DESIGN_GEOMETRIC_PRESENTATION_REPRESENTATION (  '', ( #2476 ), #2010 ) ;
#594 = SURFACE_STYLE_FILL_AREA ( #2693 ) ;
#595 = LINE ( 'NONE', #531, #1457 ) ;
#596 = VERTEX_POINT ( 'NONE', #1284 ) ;
#597 = STYLED_ITEM ( 'NONE', ( #2763 ), #1998 ) ;
#598 = COLOUR_RGB ( '',0.0000000000000000000, 0.0000000000000000000, 0.0000000000000000000 ) ;
#599 = ADVANCED_FACE ( 'NONE', ( #1865 ), #114, .T. ) ;
#600 = COLOUR_RGB ( '',0.0000000000000000000, 0.0000000000000000000, 0.0000000000000000000 ) ;
#601 =( NAMED_UNIT ( * ) PLANE_ANGLE_UNIT ( ) SI_UNIT ( $, .RADIAN. ) );
#602 = VERTEX_POINT ( 'NONE', #265 ) ;
#603 = COLOUR_RGB ( '',0.0000000000000000000, 0.0000000000000000000, 0.0000000000000000000 ) ;
#604 = EDGE_CURVE ( 'NONE', #2527, #3296, #3368, .T. ) ;
#605 = PLANE ( 'NONE',  #1677 ) ;
#606 = CARTESIAN_POINT ( 'NONE',  ( 0.0000000000000000000, 0.0000000000000000000, -3.199999999999999700 ) ) ;
#607 = ORIENTED_EDGE ( 'NONE', *, *, #2207, .F. ) ;
#608 = DIRECTION ( 'NONE',  ( 0.0000000000000000000, -2.043497108812546700E-016, -1.000000000000000000 ) ) ;
#609 = ORIENTED_EDGE ( 'NONE', *, *, #648, .T. ) ;
#610 = EDGE_CURVE ( 'NONE', #2417, #1960, #1381, .T. ) ;
#611 = LINE ( 'NONE', #1288, #3345 ) ;
#612 = FILL_AREA_STYLE_COLOUR ( '', #1875 ) ;
#613 = AXIS2_PLACEMENT_3D ( 'NONE', #2195, #1413, #894 ) ;
#614 = CARTESIAN_POINT ( 'NONE',  ( 9.000000000000000000, 0.0000000000000000000, 3.399999999999999900 ) ) ;
#615 = PRESENTATION_STYLE_ASSIGNMENT (( #2275 ) ) ;
#616 = ORIENTED_EDGE ( 'NONE', *, *, #2516, .F. ) ;
#617 = ADVANCED_FACE ( 'NONE', ( #1693 ), #2236, .F. ) ;
#618 = DIRECTION ( 'NONE',  ( 0.0000000000000000000, 0.0000000000000000000, -1.000000000000000000 ) ) ;
#619 = ORIENTED_EDGE ( 'NONE', *, *, #1182, .T. ) ;
#620 = SURFACE_STYLE_USAGE ( .BOTH. , #3230 ) ;
#621 = EDGE_LOOP ( 'NONE', ( #944, #1664, #1689, #1155 ) ) ;
#622 = MECHANICAL_DESIGN_GEOMETRIC_PRESENTATION_REPRESENTATION (  '', ( #751 ), #378 ) ;
#623 = ADVANCED_FACE ( 'NONE', ( #2958 ), #2660, .F. ) ;
#624 =( LENGTH_UNIT ( ) NAMED_UNIT ( * ) SI_UNIT ( .MILLI., .METRE. ) );
#625 = EDGE_CURVE ( 'NONE', #3154, #898, #1818, .T. ) ;
#626 = TOROIDAL_SURFACE ( 'NONE', #1498, 3.399999999999999900, 0.2812499999999998300 ) ;
#627 = MANIFOLD_SOLID_BREP ( 'Fillet1', #2755 ) ;
#628 = EDGE_CURVE ( 'NONE', #444, #1387, #806, .T. ) ;
#629 = VECTOR ( 'NONE', #1917, 1000.000000000000100 ) ;
#630 = AXIS2_PLACEMENT_3D ( 'NONE', #2737, #2984, #88 ) ;
#631 = FACE_OUTER_BOUND ( 'NONE', #870, .T. ) ;
#632 = SURFACE_SIDE_STYLE ('',( #2226 ) ) ;
#633 = CARTESIAN_POINT ( 'NONE',  ( 0.0000000000000000000, -0.3712800000000227000, 1.274921500448871400 ) ) ;
#634 =( GEOMETRIC_REPRESENTATION_CONTEXT ( 3 ) GLOBAL_UNCERTAINTY_ASSIGNED_CONTEXT ( ( #592 ) ) GLOBAL_UNIT_ASSIGNED_CONTEXT ( ( #3108, #13, #2313 ) ) REPRESENTATION_CONTEXT ( 'NONE', 'WORKASPACE' ) );
#635 = CARTESIAN_POINT ( 'NONE',  ( -0.005000000000000000100, -0.3712800000000229300, 0.4020630381392157900 ) ) ;
#636 = DIRECTION ( 'NONE',  ( 0.0000000000000000000, 0.2762033010290240200, -0.9610992334304874200 ) ) ;
#637 = PRESENTATION_STYLE_ASSIGNMENT (( #2483 ) ) ;
#638 = AXIS2_PLACEMENT_3D ( 'NONE', #1641, #2985, #1404 ) ;
#639 = FILL_AREA_STYLE ('',( #3276 ) ) ;
#640 = ORIENTED_EDGE ( 'NONE', *, *, #494, .T. ) ;
#641 = EDGE_LOOP ( 'NONE', ( #2350, #3116, #2091, #1469 ) ) ;
#642 = CIRCLE ( 'NONE', #2741, 0.2812499999999998300 ) ;
#643 = DIRECTION ( 'NONE',  ( 0.0000000000000000000, -1.213189754119656000E-016, -1.000000000000000000 ) ) ;
#644 = ORIENTED_EDGE ( 'NONE', *, *, #3329, .F. ) ;
#645 = STYLED_ITEM ( 'NONE', ( #3033 ), #599 ) ;
#646 = COLOUR_RGB ( '',0.0000000000000000000, 0.0000000000000000000, 0.0000000000000000000 ) ;
#647 = DIRECTION ( 'NONE',  ( 1.000000000000000000, 0.0000000000000000000, 0.0000000000000000000 ) ) ;
#648 = EDGE_CURVE ( 'NONE', #1960, #709, #3405, .T. ) ;
#649 = ORIENTED_EDGE ( 'NONE', *, *, #153, .T. ) ;
#650 = DIRECTION ( 'NONE',  ( 0.0000000000000000000, 0.0000000000000000000, -1.000000000000000000 ) ) ;
#651 = CARTESIAN_POINT ( 'NONE',  ( 9.000000000000000000, 0.0000000000000000000, 0.0000000000000000000 ) ) ;
#652 = ORIENTED_EDGE ( 'NONE', *, *, #782, .T. ) ;
#653 = ORIENTED_EDGE ( 'NONE', *, *, #558, .F. ) ;
#654 =( NAMED_UNIT ( * ) PLANE_ANGLE_UNIT ( ) SI_UNIT ( $, .RADIAN. ) );
#655 = CARTESIAN_POINT ( 'NONE',  ( -0.005000000000000000100, 0.3765290351657323300, -0.2655948525824784500 ) ) ;
#656 = STYLED_ITEM ( 'NONE', ( #2646 ), #1393 ) ;
#657 =( NAMED_UNIT ( * ) PLANE_ANGLE_UNIT ( ) SI_UNIT ( $, .RADIAN. ) );
#658 = LINE ( 'NONE', #2733, #1293 ) ;
#659 = PRESENTATION_LAYER_ASSIGNMENT (  '', '', ( #1267 ) ) ;
#660 = LINE ( 'NONE', #189, #3314 ) ;
#661 = DIRECTION ( 'NONE',  ( 0.0000000000000000000, -1.000000000000000000, 2.088488394260788600E-016 ) ) ;
#662 =( LENGTH_UNIT ( ) NAMED_UNIT ( * ) SI_UNIT ( .MILLI., .METRE. ) );
#663 = LINE ( 'NONE', #922, #3317 ) ;
#664 = PRESENTATION_STYLE_ASSIGNMENT (( #297 ) ) ;
#665 = UNCERTAINTY_MEASURE_WITH_UNIT (LENGTH_MEASURE( 1.000000000000000100E-005 ), #2642, 'distance_accuracy_value', 'NONE');
#666 = EDGE_CURVE ( 'NONE', #2759, #986, #1944, .T. ) ;
#667 =( NAMED_UNIT ( * ) PLANE_ANGLE_UNIT ( ) SI_UNIT ( $, .RADIAN. ) );
#668 =( NAMED_UNIT ( * ) SI_UNIT ( $, .STERADIAN. ) SOLID_ANGLE_UNIT ( ) );
#669 = EDGE_CURVE ( 'NONE', #1273, #2753, #1989, .T. ) ;
#670 = ORIENTED_EDGE ( 'NONE', *, *, #27, .T. ) ;
#671 = VECTOR ( 'NONE', #2183, 1000.000000000000100 ) ;
#672 = CARTESIAN_POINT ( 'NONE',  ( 24.00000000000000000, -1.250000000000000000, -0.2750000000000000200 ) ) ;
#673 = DIRECTION ( 'NONE',  ( 0.0000000000000000000, 0.9999891854650021500, 0.004650693823678241100 ) ) ;
#674 = CIRCLE ( 'NONE', #277, 3.399999999999999900 ) ;
#675 = DIRECTION ( 'NONE',  ( -0.0000000000000000000, -0.9610853065513910200, -0.2762517575166151300 ) ) ;
#676 =( NAMED_UNIT ( * ) PLANE_ANGLE_UNIT ( ) SI_UNIT ( $, .RADIAN. ) );
#677 = ORIENTED_EDGE ( 'NONE', *, *, #893, .F. ) ;
#678 = FACE_OUTER_BOUND ( 'NONE', #472, .T. ) ;
#679 = AXIS2_PLACEMENT_3D ( 'NONE', #1610, #326, #583 ) ;
#680 =( NAMED_UNIT ( * ) SI_UNIT ( $, .STERADIAN. ) SOLID_ANGLE_UNIT ( ) );
#681 = EDGE_LOOP ( 'NONE', ( #1797, #403, #609, #3223, #2361, #836, #649, #2111, #1861, #3199, #2666 ) ) ;
#682 = LINE ( 'NONE', #1368, #1958 ) ;
#683 = VECTOR ( 'NONE', #1857, 999.9999999999998900 ) ;
#684 = UNCERTAINTY_MEASURE_WITH_UNIT (LENGTH_MEASURE( 1.000000000000000100E-005 ), #2644, 'distance_accuracy_value', 'NONE');
#685 = ORIENTED_EDGE ( 'NONE', *, *, #2635, .F. ) ;
#686 = DIRECTION ( 'NONE',  ( 1.000000000000000000, 0.0000000000000000000, 0.0000000000000000000 ) ) ;
#687 = STYLED_ITEM ( 'NONE', ( #7 ), #2961 ) ;
#688 = LINE ( 'NONE', #1801, #11 ) ;
#689 = CARTESIAN_POINT ( 'NONE',  ( -0.005000000000000000100, -0.04314917537281623400, -0.4803135140163639600 ) ) ;
#690 = DIRECTION ( 'NONE',  ( 0.0000000000000000000, 0.9237839814038915100, -0.3829140317376404900 ) ) ;
#691 = SURFACE_STYLE_FILL_AREA ( #3104 ) ;
#692 = DIRECTION ( 'NONE',  ( 0.0000000000000000000, 0.9611638845409017400, 0.2759782365590522900 ) ) ;
#693 = MECHANICAL_DESIGN_GEOMETRIC_PRESENTATION_REPRESENTATION (  '', ( #879 ), #985 ) ;
#694 = EDGE_LOOP ( 'NONE', ( #2698, #2897, #211, #3275, #1328, #696, #406, #1587, #2366, #2257, #3184, #2845, #3018, #31, #1557, #2, #2234 ) ) ;
#695 = CARTESIAN_POINT ( 'NONE',  ( 0.0000000000000000000, -0.1577153477240015300, 0.02411196182895269200 ) ) ;
#696 = ORIENTED_EDGE ( 'NONE', *, *, #317, .F. ) ;
#697 = FACE_OUTER_BOUND ( 'NONE', #269, .T. ) ;
#698 =( NAMED_UNIT ( * ) PLANE_ANGLE_UNIT ( ) SI_UNIT ( $, .RADIAN. ) );
#699 = DIRECTION ( 'NONE',  ( 1.000000000000000000, 0.0000000000000000000, 0.0000000000000000000 ) ) ;
#700 = DIRECTION ( 'NONE',  ( 1.000000000000000000, 0.0000000000000000000, 0.0000000000000000000 ) ) ;
#701 = MECHANICAL_DESIGN_GEOMETRIC_PRESENTATION_REPRESENTATION (  '', ( #994 ), #187 ) ;
#702 = CARTESIAN_POINT ( 'NONE',  ( -0.005000000000000000100, 0.2341874250734346800, -0.3806123124469641400 ) ) ;
#703 = COLOUR_RGB ( '',0.0000000000000000000, 0.0000000000000000000, 0.0000000000000000000 ) ;
#704 = FACE_OUTER_BOUND ( 'NONE', #2175, .T. ) ;
#705 = FILL_AREA_STYLE ('',( #3097 ) ) ;
#706 = VECTOR ( 'NONE', #441, 1000.000000000000000 ) ;
#707 = MECHANICAL_DESIGN_GEOMETRIC_PRESENTATION_REPRESENTATION (  '', ( #1938 ), #3258 ) ;
#708 = VECTOR ( 'NONE', #2884, 999.9999999999998900 ) ;
#709 = VERTEX_POINT ( 'NONE', #1338 ) ;
#710 = DIRECTION ( 'NONE',  ( 0.0000000000000000000, -1.207321276394593200E-016, -1.000000000000000000 ) ) ;
#711 = MANIFOLD_SOLID_BREP ( 'Body-Move/Copy1[3]', #2206 ) ;
#712 = EDGE_CURVE ( 'NONE', #891, #1566, #1582, .T. ) ;
#713 = ORIENTED_EDGE ( 'NONE', *, *, #2918, .F. ) ;
#714 = AXIS2_PLACEMENT_3D ( 'NONE', #393, #1445, #3295 ) ;
#715 = FILL_AREA_STYLE_COLOUR ( '', #1687 ) ;
#716 = DIRECTION ( 'NONE',  ( 0.0000000000000000000, 0.9615323037684296900, 0.2746918797667241000 ) ) ;
#717 = EDGE_CURVE ( 'NONE', #986, #3300, #1258, .T. ) ;
#718 = DIRECTION ( 'NONE',  ( 0.0000000000000000000, -0.9280290862137297000, 0.3725077383643323700 ) ) ;
#719 = SURFACE_SIDE_STYLE ('',( #2466 ) ) ;
#720 = PRESENTATION_STYLE_ASSIGNMENT (( #2500 ) ) ;
#721 = PLANE ( 'NONE',  #83 ) ;
#722 = ORIENTED_EDGE ( 'NONE', *, *, #1107, .F. ) ;
#723 = AXIS2_PLACEMENT_3D ( 'NONE', #3362, #661, #1228 ) ;
#724 = VECTOR ( 'NONE', #1691, 1000.000000000000000 ) ;
#725 = DIRECTION ( 'NONE',  ( 0.0000000000000000000, -0.2760118818968559400, 0.9611542233438691300 ) ) ;
#726 = PLANE ( 'NONE',  #1915 ) ;
#727 = DIRECTION ( 'NONE',  ( 0.0000000000000000000, 0.0000000000000000000, -1.000000000000000000 ) ) ;
#728 = ORIENTED_EDGE ( 'NONE', *, *, #1071, .F. ) ;
#729 = STYLED_ITEM ( 'NONE', ( #1321 ), #2159 ) ;
#730 = SURFACE_STYLE_USAGE ( .BOTH. , #1994 ) ;
#731 = UNCERTAINTY_MEASURE_WITH_UNIT (LENGTH_MEASURE( 1.000000000000000100E-005 ), #255, 'distance_accuracy_value', 'NONE');
#732 = ORIENTED_EDGE ( 'NONE', *, *, #1655, .F. ) ;
#733 = EDGE_CURVE ( 'NONE', #992, #1566, #3157, .T. ) ;
#734 = VECTOR ( 'NONE', #1721, 1000.000000000000000 ) ;
#735 = DIRECTION ( 'NONE',  ( 0.0000000000000000000, 0.0000000000000000000, -1.000000000000000000 ) ) ;
#736 =( NAMED_UNIT ( * ) SI_UNIT ( $, .STERADIAN. ) SOLID_ANGLE_UNIT ( ) );
#737 = ORIENTED_EDGE ( 'NONE', *, *, #1189, .F. ) ;
#738 = MECHANICAL_DESIGN_GEOMETRIC_PRESENTATION_REPRESENTATION (  '', ( #2076 ), #2873 ) ;
#739 = ORIENTED_EDGE ( 'NONE', *, *, #343, .T. ) ;
#740 = DIRECTION ( 'NONE',  ( 1.000000000000000000, 0.0000000000000000000, 0.0000000000000000000 ) ) ;
#741 = FILL_AREA_STYLE ('',( #2309 ) ) ;
#742 = CIRCLE ( 'NONE', #2840, 3.399999999999999900 ) ;
#743 = ORIENTED_EDGE ( 'NONE', *, *, #835, .T. ) ;
#744 =( NAMED_UNIT ( * ) SI_UNIT ( $, .STERADIAN. ) SOLID_ANGLE_UNIT ( ) );
#745 = STYLED_ITEM ( 'NONE', ( #966 ), #2307 ) ;
#746 = CARTESIAN_POINT ( 'NONE',  ( 9.000000000000000000, 1.250000000000000000, 0.0000000000000000000 ) ) ;
#747 = DIRECTION ( 'NONE',  ( 0.0000000000000000000, -0.9611542233438690200, -0.2760118818968558800 ) ) ;
#748 = PRESENTATION_STYLE_ASSIGNMENT (( #940 ) ) ;
#749 = SURFACE_SIDE_STYLE ('',( #1617 ) ) ;
#750 = SURFACE_SIDE_STYLE ('',( #1845 ) ) ;
#751 = STYLED_ITEM ( 'NONE', ( #615 ), #2180 ) ;
#752 = DIRECTION ( 'NONE',  ( 0.0000000000000000000, 0.0000000000000000000, 1.000000000000000000 ) ) ;
#753 = VECTOR ( 'NONE', #675, 1000.000000000000100 ) ;
#754 = LINE ( 'NONE', #2092, #708 ) ;
#755 =( LENGTH_UNIT ( ) NAMED_UNIT ( * ) SI_UNIT ( .MILLI., .METRE. ) );
#756 = EDGE_LOOP ( 'NONE', ( #319, #137, #2249, #1986 ) ) ;
#757 =( NAMED_UNIT ( * ) PLANE_ANGLE_UNIT ( ) SI_UNIT ( $, .RADIAN. ) );
#758 = PRESENTATION_STYLE_ASSIGNMENT (( #3146 ) ) ;
#759 = DIRECTION ( 'NONE',  ( 1.000000000000000000, 0.0000000000000000000, 0.0000000000000000000 ) ) ;
#760 = EDGE_CURVE ( 'NONE', #1141, #2575, #1045, .T. ) ;
#761 = STYLED_ITEM ( 'NONE', ( #2881 ), #415 ) ;
#762 = DIRECTION ( 'NONE',  ( -0.0000000000000000000, -0.9610029908221280300, -0.2765379750249951600 ) ) ;
#763 = PRODUCT_DEFINITION_CONTEXT ( 'detailed design', #1830, 'design' ) ;
#764 = DIRECTION ( 'NONE',  ( 0.0000000000000000000, -0.9610348236706634000, -0.2764273280489771300 ) ) ;
#765 =( NAMED_UNIT ( * ) PLANE_ANGLE_UNIT ( ) SI_UNIT ( $, .RADIAN. ) );
#766 = FILL_AREA_STYLE ('',( #1268 ) ) ;
#767 = ORIENTED_EDGE ( 'NONE', *, *, #2016, .F. ) ;
#768 = FILL_AREA_STYLE ('',( #1551 ) ) ;
#769 = CARTESIAN_POINT ( 'NONE',  ( -0.005000000000000000100, 0.03476001023383374500, -1.359567045965704100 ) ) ;
#770 = LINE ( 'NONE', #1715, #1951 ) ;
#771 = ORIENTED_EDGE ( 'NONE', *, *, #3288, .T. ) ;
#772 = CARTESIAN_POINT ( 'NONE',  ( 9.000000000000000000, 1.250000000000000000, 0.2750000000000000200 ) ) ;
#773 = COLOUR_RGB ( '',0.0000000000000000000, 0.0000000000000000000, 0.0000000000000000000 ) ;
#774 = LINE ( 'NONE', #2102, #683 ) ;
#775 = ORIENTED_EDGE ( 'NONE', *, *, #3395, .T. ) ;
#776 =( LENGTH_UNIT ( ) NAMED_UNIT ( * ) SI_UNIT ( .MILLI., .METRE. ) );
#777 = DIRECTION ( 'NONE',  ( 0.0000000000000000000, -0.9984327301130236900, -0.05596501978069704000 ) ) ;
#778 = LINE ( 'NONE', #1253, #1842 ) ;
#779 =( NAMED_UNIT ( * ) PLANE_ANGLE_UNIT ( ) SI_UNIT ( $, .RADIAN. ) );
#780 = AXIS2_PLACEMENT_3D ( 'NONE', #1411, #1429, #392 ) ;
#781 = VERTEX_POINT ( 'NONE', #3219 ) ;
#782 = EDGE_CURVE ( 'NONE', #2530, #3007, #3278, .T. ) ;
#783 = VECTOR ( 'NONE', #550, 1000.000000000000200 ) ;
#784 =( LENGTH_UNIT ( ) NAMED_UNIT ( * ) SI_UNIT ( .MILLI., .METRE. ) );
#785 = MECHANICAL_DESIGN_GEOMETRIC_PRESENTATION_REPRESENTATION (  '', ( #2297 ), #1251 ) ;
#786 = ORIENTED_EDGE ( 'NONE', *, *, #2384, .F. ) ;
#787 = CARTESIAN_POINT ( 'NONE',  ( 0.2000000000000005100, 4.163799117101000600E-016, -3.399999999999999900 ) ) ;
#788 = CARTESIAN_POINT ( 'NONE',  ( -0.005000000000000000100, -0.1577153477240015300, 0.02411196182895269200 ) ) ;
#789 =( NAMED_UNIT ( * ) SI_UNIT ( $, .STERADIAN. ) SOLID_ANGLE_UNIT ( ) );
#790 = FACE_OUTER_BOUND ( 'NONE', #2533, .T. ) ;
#791 = AXIS2_PLACEMENT_3D ( 'NONE', #1785, #2317, #461 ) ;
#792 = DIRECTION ( 'NONE',  ( 1.000000000000000000, 0.0000000000000000000, 0.0000000000000000000 ) ) ;
#793 = DIRECTION ( 'NONE',  ( 0.0000000000000000000, -0.8958676361827027100, -0.4443210308329063100 ) ) ;
#794 = FILL_AREA_STYLE_COLOUR ( '', #505 ) ;
#795 = FACE_OUTER_BOUND ( 'NONE', #2211, .T. ) ;
#796 = STYLED_ITEM ( 'NONE', ( #3398 ), #1626 ) ;
#797 = ADVANCED_FACE ( 'NONE', ( #2479 ), #605, .F. ) ;
#798 = PLANE ( 'NONE',  #2051 ) ;
#799 = LINE ( 'NONE', #347, #2823 ) ;
#800 = VERTEX_POINT ( 'NONE', #110 ) ;
#801 = UNCERTAINTY_MEASURE_WITH_UNIT (LENGTH_MEASURE( 1.000000000000000100E-005 ), #1624, 'distance_accuracy_value', 'NONE');
#802 = FILL_AREA_STYLE_COLOUR ( '', #2157 ) ;
#803 = CARTESIAN_POINT ( 'NONE',  ( -0.005000000000000000100, -0.2289815919431452400, 1.097429350422237000 ) ) ;
#804 = AXIS2_PLACEMENT_3D ( 'NONE', #1236, #2782, #1730 ) ;
#805 =( NAMED_UNIT ( * ) SI_UNIT ( $, .STERADIAN. ) SOLID_ANGLE_UNIT ( ) );
#806 = LINE ( 'NONE', #820, #2692 ) ;
#807 = ORIENTED_EDGE ( 'NONE', *, *, #2122, .T. ) ;
#808 = FILL_AREA_STYLE ('',( #489 ) ) ;
#809 = CARTESIAN_POINT ( 'NONE',  ( 0.0000000000000000000, 0.3765290351657321100, -1.256564298808674900 ) ) ;
#810 = MECHANICAL_DESIGN_GEOMETRIC_PRESENTATION_REPRESENTATION (  '', ( #258 ), #857 ) ;
#811 = SURFACE_SIDE_STYLE ('',( #1957 ) ) ;
#812 = EDGE_CURVE ( 'NONE', #126, #2764, #30, .T. ) ;
#813 = EDGE_LOOP ( 'NONE', ( #358, #579, #108, #2882 ) ) ;
#814 = PRESENTATION_STYLE_ASSIGNMENT (( #578 ) ) ;
#815 =( NAMED_UNIT ( * ) SI_UNIT ( $, .STERADIAN. ) SOLID_ANGLE_UNIT ( ) );
#816 = SURFACE_SIDE_STYLE ('',( #159 ) ) ;
#817 = ORIENTED_EDGE ( 'NONE', *, *, #2192, .T. ) ;
#818 = SURFACE_STYLE_FILL_AREA ( #2431 ) ;
#819 = CYLINDRICAL_SURFACE ( 'NONE', #357, 3.399999999999999900 ) ;
#820 = CARTESIAN_POINT ( 'NONE',  ( -0.005000000000000000100, -0.3712800000000229300, 0.2120332028033120600 ) ) ;
#821 = ORIENTED_EDGE ( 'NONE', *, *, #1379, .F. ) ;
#822 = VECTOR ( 'NONE', #2569, 1000.000000000000000 ) ;
#823 = SURFACE_STYLE_USAGE ( .BOTH. , #2927 ) ;
#824 = ORIENTED_EDGE ( 'NONE', *, *, #129, .T. ) ;
#825 = PRESENTATION_LAYER_ASSIGNMENT (  '', '', ( #597 ) ) ;
#826 = UNCERTAINTY_MEASURE_WITH_UNIT (LENGTH_MEASURE( 1.000000000000000100E-005 ), #1930, 'distance_accuracy_value', 'NONE');
#827 = EDGE_LOOP ( 'NONE', ( #576, #2825, #1847, #369 ) ) ;
#828 = CARTESIAN_POINT ( 'NONE',  ( 0.0000000000000000000, -0.3712800000000229300, 0.4020630381392157900 ) ) ;
#829 = DIRECTION ( 'NONE',  ( 0.0000000000000000000, 0.2746459304916885100, -0.9615454294334483400 ) ) ;
#830 = ORIENTED_EDGE ( 'NONE', *, *, #853, .T. ) ;
#831 = PRESENTATION_LAYER_ASSIGNMENT (  '', '', ( #2468 ) ) ;
#832 = DIRECTION ( 'NONE',  ( 0.0000000000000000000, -0.9610029908221280300, -0.2765379750249952200 ) ) ;
#833 = LINE ( 'NONE', #769, #1106 ) ;
#834 = CARTESIAN_POINT ( 'NONE',  ( -0.005000000000000000100, -0.3712800000000229300, 0.4020630381392157900 ) ) ;
#835 = EDGE_CURVE ( 'NONE', #1387, #2969, #2874, .T. ) ;
#836 = ORIENTED_EDGE ( 'NONE', *, *, #1947, .T. ) ;
#837 = MECHANICAL_DESIGN_GEOMETRIC_PRESENTATION_REPRESENTATION (  '', ( #645 ), #1696 ) ;
#838 = COLOUR_RGB ( '',0.0000000000000000000, 0.0000000000000000000, 0.0000000000000000000 ) ;
#839 = EDGE_CURVE ( 'NONE', #495, #344, #3031, .T. ) ;
#840 = CARTESIAN_POINT ( 'NONE',  ( -0.005000000000000000100, 0.2341874250734346800, -0.3806123124469641400 ) ) ;
#841 = LINE ( 'NONE', #454, #104 ) ;
#842 = DIRECTION ( 'NONE',  ( -0.0000000000000000000, -0.7083077534943953400, -0.7059037656364518500 ) ) ;
#843 = AXIS2_PLACEMENT_3D ( 'NONE', #568, #2681, #3014 ) ;
#844 = SURFACE_STYLE_FILL_AREA ( #3009 ) ;
#845 = VECTOR ( 'NONE', #2109, 1000.000000000000200 ) ;
#846 = UNCERTAINTY_MEASURE_WITH_UNIT (LENGTH_MEASURE( 1.000000000000000100E-005 ), #2915, 'distance_accuracy_value', 'NONE');
#847 = FILL_AREA_STYLE_COLOUR ( '', #4 ) ;
#848 = ADVANCED_FACE ( 'NONE', ( #920 ), #2996, .F. ) ;
#849 = CARTESIAN_POINT ( 'NONE',  ( 7.852499999999998300, 0.0000000000000000000, 0.0000000000000000000 ) ) ;
#850 = SURFACE_STYLE_USAGE ( .BOTH. , #556 ) ;
#851 = AXIS2_PLACEMENT_3D ( 'NONE', #1091, #2143, #1620 ) ;
#852 =( NAMED_UNIT ( * ) SI_UNIT ( $, .STERADIAN. ) SOLID_ANGLE_UNIT ( ) );
#853 = EDGE_CURVE ( 'NONE', #1745, #2791, #2267, .T. ) ;
#854 = VERTEX_POINT ( 'NONE', #1942 ) ;
#855 = CARTESIAN_POINT ( 'NONE',  ( -0.005000000000000000100, 0.3765290351657323300, -1.482965700014777300 ) ) ;
#856 = TOROIDAL_SURFACE ( 'NONE', #1726, 3.399999999999999900, 0.2812499999999998300 ) ;
#857 =( GEOMETRIC_REPRESENTATION_CONTEXT ( 3 ) GLOBAL_UNCERTAINTY_ASSIGNED_CONTEXT ( ( #1776 ) ) GLOBAL_UNIT_ASSIGNED_CONTEXT ( ( #419, #657, #2210 ) ) REPRESENTATION_CONTEXT ( 'NONE', 'WORKASPACE' ) );
#858 = DIRECTION ( 'NONE',  ( 0.0000000000000000000, 0.0000000000000000000, 1.000000000000000000 ) ) ;
#859 = VECTOR ( 'NONE', #858, 1000.000000000000000 ) ;
#860 = ORIENTED_EDGE ( 'NONE', *, *, #951, .T. ) ;
#861 = CARTESIAN_POINT ( 'NONE',  ( 0.0000000000000000000, -0.2289815919431452700, 0.7454146218262146500 ) ) ;
#862 = SURFACE_STYLE_USAGE ( .BOTH. , #3225 ) ;
#863 = DIRECTION ( 'NONE',  ( 0.0000000000000000000, -2.043497108812546700E-016, -1.000000000000000000 ) ) ;
#864 = VERTEX_POINT ( 'NONE', #2484 ) ;
#865 = ADVANCED_FACE ( 'NONE', ( #2106 ), #1129, .F. ) ;
#866 =( LENGTH_UNIT ( ) NAMED_UNIT ( * ) SI_UNIT ( .MILLI., .METRE. ) );
#867 =( NAMED_UNIT ( * ) PLANE_ANGLE_UNIT ( ) SI_UNIT ( $, .RADIAN. ) );
#868 = EDGE_LOOP ( 'NONE', ( #3089, #1134, #305, #1527 ) ) ;
#869 = CARTESIAN_POINT ( 'NONE',  ( 0.0000000000000000000, 0.0000000000000000000, 0.0000000000000000000 ) ) ;
#870 = EDGE_LOOP ( 'NONE', ( #3131, #732, #3172, #3376 ) ) ;
#871 = STYLED_ITEM ( 'NONE', ( #2625 ), #2270 ) ;
#872 = CARTESIAN_POINT ( 'NONE',  ( 7.852499999999998300, 4.163799117101000600E-016, 3.399999999999999900 ) ) ;
#873 = CARTESIAN_POINT ( 'NONE',  ( -0.005000000000000000100, -0.2289815919431452700, 0.7454146218262146500 ) ) ;
#874 = ORIENTED_EDGE ( 'NONE', *, *, #2237, .T. ) ;
#875 = MECHANICAL_DESIGN_GEOMETRIC_PRESENTATION_REPRESENTATION (  '', ( #2292 ), #464 ) ;
#876 = CARTESIAN_POINT ( 'NONE',  ( 0.0000000000000000000, 0.3765290351657325500, 0.2890796929256097000 ) ) ;
#877 = EDGE_CURVE ( 'NONE', #424, #1748, #2189, .T. ) ;
#878 = CARTESIAN_POINT ( 'NONE',  ( -0.005000000000000000100, 0.09509506277018961500, -0.7617952360291209100 ) ) ;
#879 = STYLED_ITEM ( 'NONE', ( #2559 ), #797 ) ;
#880 = VECTOR ( 'NONE', #699, 1000.000000000000000 ) ;
#881 = PLANE ( 'NONE',  #780 ) ;
#882 = LINE ( 'NONE', #2648, #1302 ) ;
#883 = ORIENTED_EDGE ( 'NONE', *, *, #195, .T. ) ;
#884 = DIRECTION ( 'NONE',  ( 0.0000000000000000000, 0.9601763114346040200, 0.2793947940814899800 ) ) ;
#885 = FILL_AREA_STYLE_COLOUR ( '', #1363 ) ;
#886 = ORIENTED_EDGE ( 'NONE', *, *, #835, .F. ) ;
#887 = PLANE ( 'NONE',  #235 ) ;
#888 = VECTOR ( 'NONE', #2070, 1000.000000000000200 ) ;
#889 = CARTESIAN_POINT ( 'NONE',  ( -0.005000000000000000100, -0.3712800000000232000, -0.1483695419528172400 ) ) ;
#890 = STYLED_ITEM ( 'NONE', ( #3244 ), #2790 ) ;
#891 = VERTEX_POINT ( 'NONE', #3062 ) ;
#892 = LINE ( 'NONE', #964, #2121 ) ;
#893 = EDGE_CURVE ( 'NONE', #1437, #2966, #1456, .T. ) ;
#894 = DIRECTION ( 'NONE',  ( 0.0000000000000000000, -0.9610348236706634000, -0.2764273280489770200 ) ) ;
#895 = CARTESIAN_POINT ( 'NONE',  ( -0.005000000000000000100, 0.3765290351657323300, 0.7071558097653002400 ) ) ;
#896 = ORIENTED_EDGE ( 'NONE', *, *, #1990, .F. ) ;
#897 = MECHANICAL_DESIGN_GEOMETRIC_PRESENTATION_REPRESENTATION (  '', ( #1671 ), #23 ) ;
#898 = VERTEX_POINT ( 'NONE', #2254 ) ;
#899 = EDGE_CURVE ( 'NONE', #2417, #3300, #2732, .T. ) ;
#900 = VECTOR ( 'NONE', #203, 1000.000000000000000 ) ;
#901 = VERTEX_POINT ( 'NONE', #1235 ) ;
#902 = DIRECTION ( 'NONE',  ( 1.000000000000000000, -0.0000000000000000000, -0.0000000000000000000 ) ) ;
#903 = CARTESIAN_POINT ( 'NONE',  ( -0.005000000000000000100, 0.2341874250734346800, -0.3806123124469641400 ) ) ;
#904 = FACE_OUTER_BOUND ( 'NONE', #2137, .T. ) ;
#905 = UNCERTAINTY_MEASURE_WITH_UNIT (LENGTH_MEASURE( 1.000000000000000100E-005 ), #2377, 'distance_accuracy_value', 'NONE');
#906 = ORIENTED_EDGE ( 'NONE', *, *, #1126, .F. ) ;
#907 = DIRECTION ( 'NONE',  ( 0.0000000000000000000, 0.0000000000000000000, -1.000000000000000000 ) ) ;
#908 = DIRECTION ( 'NONE',  ( -1.000000000000000000, -0.0000000000000000000, -0.0000000000000000000 ) ) ;
#909 = AXIS2_PLACEMENT_3D ( 'NONE', #2596, #1840, #518 ) ;
#910 = CARTESIAN_POINT ( 'NONE',  ( -0.005000000000000000100, -0.2290088774371915900, -0.4396490301452850000 ) ) ;
#911 = ORIENTED_EDGE ( 'NONE', *, *, #2869, .T. ) ;
#912 = MECHANICAL_DESIGN_GEOMETRIC_PRESENTATION_REPRESENTATION (  '', ( #1150 ), #1569 ) ;
#913 = SURFACE_STYLE_USAGE ( .BOTH. , #632 ) ;
#914 = SURFACE_SIDE_STYLE ('',( #2407 ) ) ;
#915 = CARTESIAN_POINT ( 'NONE',  ( 0.0000000000000000000, 0.3765290351657325500, 0.2890796929256097000 ) ) ;
#916 =( GEOMETRIC_REPRESENTATION_CONTEXT ( 3 ) GLOBAL_UNCERTAINTY_ASSIGNED_CONTEXT ( ( #3122 ) ) GLOBAL_UNIT_ASSIGNED_CONTEXT ( ( #1051, #1827, #805 ) ) REPRESENTATION_CONTEXT ( 'NONE', 'WORKASPACE' ) );
#917 = VECTOR ( 'NONE', #3115, 1000.000000000000000 ) ;
#918 =( NAMED_UNIT ( * ) PLANE_ANGLE_UNIT ( ) SI_UNIT ( $, .RADIAN. ) );
#919 = FACE_OUTER_BOUND ( 'NONE', #1928, .T. ) ;
#920 = FACE_OUTER_BOUND ( 'NONE', #3393, .T. ) ;
#921 = VERTEX_POINT ( 'NONE', #2781 ) ;
#922 = CARTESIAN_POINT ( 'NONE',  ( 27.99999999999999600, 1.250000000000000000, 0.2750000000000000200 ) ) ;
#923 = CARTESIAN_POINT ( 'NONE',  ( 0.0000000000000000000, 4.041334437186265000E-016, 3.199999999999999700 ) ) ;
#924 = FILL_AREA_STYLE ('',( #2243 ) ) ;
#925 = LINE ( 'NONE', #327, #3370 ) ;
#926 = DIRECTION ( 'NONE',  ( 0.0000000000000000000, 0.0000000000000000000, -1.000000000000000000 ) ) ;
#927 = COLOUR_RGB ( '',0.8941176470588234600, 0.9137254901960784000, 0.9294117647058823800 ) ;
#928 = PRESENTATION_STYLE_ASSIGNMENT (( #2082 ) ) ;
#929 = ORIENTED_EDGE ( 'NONE', *, *, #1966, .T. ) ;
#930 = PLANE ( 'NONE',  #1145 ) ;
#931 = PLANE ( 'NONE',  #2601 ) ;
#932 = PRESENTATION_LAYER_ASSIGNMENT (  '', '', ( #1529 ) ) ;
#933 = PRESENTATION_STYLE_ASSIGNMENT (( #1165 ) ) ;
#934 = ORIENTED_EDGE ( 'NONE', *, *, #245, .T. ) ;
#935 = EDGE_CURVE ( 'NONE', #3175, #602, #2645, .T. ) ;
#936 = ORIENTED_EDGE ( 'NONE', *, *, #152, .F. ) ;
#937 = PLANE ( 'NONE',  #1862 ) ;
#938 = ORIENTED_EDGE ( 'NONE', *, *, #2746, .F. ) ;
#939 = UNCERTAINTY_MEASURE_WITH_UNIT (LENGTH_MEASURE( 1.000000000000000100E-005 ), #1138, 'distance_accuracy_value', 'NONE');
#940 = SURFACE_STYLE_USAGE ( .BOTH. , #193 ) ;
#941 = SURFACE_STYLE_USAGE ( .BOTH. , #173 ) ;
#942 = VERTEX_POINT ( 'NONE', #2775 ) ;
#943 = COLOUR_RGB ( '',0.0000000000000000000, 0.0000000000000000000, 0.0000000000000000000 ) ;
#944 = ORIENTED_EDGE ( 'NONE', *, *, #812, .T. ) ;
#945 = CARTESIAN_POINT ( 'NONE',  ( 0.0000000000000000000, -0.04314917537418737300, 0.7984667207811639900 ) ) ;
#946 = PRESENTATION_LAYER_ASSIGNMENT (  '', '', ( #268 ) ) ;
#947 = DIRECTION ( 'NONE',  ( 0.0000000000000000000, -0.9610664548999087200, -0.2763173343569341200 ) ) ;
#948 = SURFACE_STYLE_FILL_AREA ( #1796 ) ;
#949 = PRESENTATION_LAYER_ASSIGNMENT (  '', '', ( #890 ) ) ;
#950 =( NAMED_UNIT ( * ) SI_UNIT ( $, .STERADIAN. ) SOLID_ANGLE_UNIT ( ) );
#951 = EDGE_CURVE ( 'NONE', #921, #495, #546, .T. ) ;
#952 = STYLED_ITEM ( 'NONE', ( #758 ), #617 ) ;
#953 = LINE ( 'NONE', #2012, #342 ) ;
#954 = DIRECTION ( 'NONE',  ( 0.0000000000000000000, 1.000000000000000000, 0.0000000000000000000 ) ) ;
#955 = ORIENTED_EDGE ( 'NONE', *, *, #2429, .F. ) ;
#956 = CARTESIAN_POINT ( 'NONE',  ( -0.005000000000000000100, -0.3712800000000229300, 0.4920596983754887400 ) ) ;
#957 = EDGE_CURVE ( 'NONE', #1771, #2090, #953, .T. ) ;
#958 = PRESENTATION_STYLE_ASSIGNMENT (( #1243 ) ) ;
#959 =( LENGTH_UNIT ( ) NAMED_UNIT ( * ) SI_UNIT ( .MILLI., .METRE. ) );
#960 = VECTOR ( 'NONE', #1683, 1000.000000000000000 ) ;
#961 = VERTEX_POINT ( 'NONE', #3072 ) ;
#962 =( NAMED_UNIT ( * ) SI_UNIT ( $, .STERADIAN. ) SOLID_ANGLE_UNIT ( ) );
#963 = UNCERTAINTY_MEASURE_WITH_UNIT (LENGTH_MEASURE( 1.000000000000000100E-005 ), #2944, 'distance_accuracy_value', 'NONE');
#964 = CARTESIAN_POINT ( 'NONE',  ( -0.005000000000000000100, -0.3712800000000231500, -1.191261012850521200 ) ) ;
#965 = PRESENTATION_LAYER_ASSIGNMENT (  '', '', ( #2485 ) ) ;
#966 = PRESENTATION_STYLE_ASSIGNMENT (( #3402 ) ) ;
#967 = LINE ( 'NONE', #2413, #273 ) ;
#968 = SURFACE_SIDE_STYLE ('',( #1769 ) ) ;
#969 = CARTESIAN_POINT ( 'NONE',  ( -0.005000000000000000100, -0.2290088774371915900, -0.8541930198960480100 ) ) ;
#970 = VERTEX_POINT ( 'NONE', #2274 ) ;
#971 = CARTESIAN_POINT ( 'NONE',  ( -0.005000000000000000100, -0.04314917537418737300, 0.7984667207811639900 ) ) ;
#972 = PRESENTATION_LAYER_ASSIGNMENT (  '', '', ( #729 ) ) ;
#973 = CARTESIAN_POINT ( 'NONE',  ( 7.852499999999998300, 0.0000000000000000000, 0.0000000000000000000 ) ) ;
#974 = ORIENTED_EDGE ( 'NONE', *, *, #3061, .F. ) ;
#975 = PRESENTATION_STYLE_ASSIGNMENT (( #16 ) ) ;
#976 = PRESENTATION_STYLE_ASSIGNMENT (( #1154 ) ) ;
#977 = ORIENTED_EDGE ( 'NONE', *, *, #3395, .F. ) ;
#978 = DIRECTION ( 'NONE',  ( 0.0000000000000000000, 0.0000000000000000000, -1.000000000000000000 ) ) ;
#979 = CARTESIAN_POINT ( 'NONE',  ( 0.0000000000000000000, 0.2321410128873057100, 1.661384167462570200 ) ) ;
#980 = MECHANICAL_DESIGN_GEOMETRIC_PRESENTATION_REPRESENTATION (  '', ( #1447 ), #3039 ) ;
#981 = VECTOR ( 'NONE', #2378, 1000.000000000000000 ) ;
#982 = ORIENTED_EDGE ( 'NONE', *, *, #2894, .T. ) ;
#983 = DIRECTION ( 'NONE',  ( 1.000000000000000000, 0.0000000000000000000, 0.0000000000000000000 ) ) ;
#984 = CARTESIAN_POINT ( 'NONE',  ( 0.0000000000000000000, -0.04314917537281623400, -0.8012364201750976600 ) ) ;
#985 =( GEOMETRIC_REPRESENTATION_CONTEXT ( 3 ) GLOBAL_UNCERTAINTY_ASSIGNED_CONTEXT ( ( #826 ) ) GLOBAL_UNIT_ASSIGNED_CONTEXT ( ( #1930, #3272, #340 ) ) REPRESENTATION_CONTEXT ( 'NONE', 'WORKASPACE' ) );
#986 = VERTEX_POINT ( 'NONE', #3040 ) ;
#987 = FILL_AREA_STYLE ('',( #157 ) ) ;
#988 = UNCERTAINTY_MEASURE_WITH_UNIT (LENGTH_MEASURE( 1.000000000000000100E-005 ), #1531, 'distance_accuracy_value', 'NONE');
#989 = EDGE_LOOP ( 'NONE', ( #2003, #1277, #2704, #2447 ) ) ;
#990 = COLOUR_RGB ( '',0.8941176470588234600, 0.9137254901960784000, 0.9294117647058823800 ) ;
#991 = DIRECTION ( 'NONE',  ( 0.0000000000000000000, 0.9620200793799048600, 0.2729786930694068600 ) ) ;
#992 = VERTEX_POINT ( 'NONE', #1458 ) ;
#993 = PLANE ( 'NONE',  #1099 ) ;
#994 = STYLED_ITEM ( 'NONE', ( #2857 ), #2062 ) ;
#995 = DIRECTION ( 'NONE',  ( 0.0000000000000000000, 2.372545677633581800E-016, 1.000000000000000000 ) ) ;
#996 = SURFACE_STYLE_FILL_AREA ( #1758 ) ;
#997 = VECTOR ( 'NONE', #2564, 1000.000000000000000 ) ;
#998 = DIRECTION ( 'NONE',  ( 1.000000000000000000, 0.0000000000000000000, 0.0000000000000000000 ) ) ;
#999 =( GEOMETRIC_REPRESENTATION_CONTEXT ( 3 ) GLOBAL_UNCERTAINTY_ASSIGNED_CONTEXT ( ( #684 ) ) GLOBAL_UNIT_ASSIGNED_CONTEXT ( ( #2644, #1595, #2634 ) ) REPRESENTATION_CONTEXT ( 'NONE', 'WORKASPACE' ) );
#1000 = LINE ( 'NONE', #809, #1115 ) ;
#1001 = CARTESIAN_POINT ( 'NONE',  ( -0.005000000000000000100, -0.3712800000000231500, -1.191261012850521200 ) ) ;
#1002 = ORIENTED_EDGE ( 'NONE', *, *, #1182, .F. ) ;
#1003 =( NAMED_UNIT ( * ) PLANE_ANGLE_UNIT ( ) SI_UNIT ( $, .RADIAN. ) );
#1004 = SURFACE_STYLE_USAGE ( .BOTH. , #2000 ) ;
#1005 = CARTESIAN_POINT ( 'NONE',  ( 0.2000000000000005100, 0.0000000000000000000, 3.399999999999999900 ) ) ;
#1006 = EDGE_CURVE ( 'NONE', #328, #3334, #24, .T. ) ;
#1007 = DIRECTION ( 'NONE',  ( 0.0000000000000000000, 0.0000000000000000000, 1.000000000000000000 ) ) ;
#1008 = SURFACE_STYLE_FILL_AREA ( #766 ) ;
#1009 = VERTEX_POINT ( 'NONE', #1729 ) ;
#1010 = DIRECTION ( 'NONE',  ( 0.0000000000000000000, 0.0000000000000000000, -1.000000000000000000 ) ) ;
#1011 = LINE ( 'NONE', #1472, #1266 ) ;
#1012 =( LENGTH_UNIT ( ) NAMED_UNIT ( * ) SI_UNIT ( .MILLI., .METRE. ) );
#1013 = ORIENTED_EDGE ( 'NONE', *, *, #1446, .F. ) ;
#1014 = PRESENTATION_LAYER_ASSIGNMENT (  '', '', ( #796 ) ) ;
#1015 = LINE ( 'NONE', #1109, #198 ) ;
#1016 = VECTOR ( 'NONE', #1927, 1000.000000000000000 ) ;
#1017 = SURFACE_SIDE_STYLE ('',( #3277 ) ) ;
#1018 =( NAMED_UNIT ( * ) SI_UNIT ( $, .STERADIAN. ) SOLID_ANGLE_UNIT ( ) );
#1019 = DIRECTION ( 'NONE',  ( 0.0000000000000000000, 1.000000000000000000, 1.087414869261074600E-013 ) ) ;
#1020 = VERTEX_POINT ( 'NONE', #1222 ) ;
#1021 = MECHANICAL_DESIGN_GEOMETRIC_PRESENTATION_REPRESENTATION (  '', ( #2356 ), #2312 ) ;
#1022 = DIRECTION ( 'NONE',  ( 0.0000000000000000000, 0.0000000000000000000, 1.000000000000000000 ) ) ;
#1023 = ORIENTED_EDGE ( 'NONE', *, *, #2802, .F. ) ;
#1024 = FILL_AREA_STYLE ('',( #2592 ) ) ;
#1025 = FILL_AREA_STYLE ('',( #1274 ) ) ;
#1026 = PRESENTATION_LAYER_ASSIGNMENT (  '', '', ( #1208 ) ) ;
#1027 = VERTEX_POINT ( 'NONE', #945 ) ;
#1028 = SURFACE_STYLE_USAGE ( .BOTH. , #28 ) ;
#1029 = CARTESIAN_POINT ( 'NONE',  ( -0.005000000000000000100, 0.3765290351657323300, -1.010467317234601000 ) ) ;
#1030 = DIRECTION ( 'NONE',  ( 0.0000000000000000000, 0.0000000000000000000, -1.000000000000000000 ) ) ;
#1031 = ORIENTED_EDGE ( 'NONE', *, *, #2778, .F. ) ;
#1032 =( NAMED_UNIT ( * ) PLANE_ANGLE_UNIT ( ) SI_UNIT ( $, .RADIAN. ) );
#1033 = SURFACE_SIDE_STYLE ('',( #1929 ) ) ;
#1034 = SURFACE_STYLE_FILL_AREA ( #182 ) ;
#1035 = SURFACE_STYLE_FILL_AREA ( #70 ) ;
#1036 = SURFACE_STYLE_USAGE ( .BOTH. , #1811 ) ;
#1037 = STYLED_ITEM ( 'NONE', ( #482 ), #2473 ) ;
#1038 = FILL_AREA_STYLE_COLOUR ( '', #22 ) ;
#1039 = VECTOR ( 'NONE', #2812, 1000.000000000000000 ) ;
#1040 = VECTOR ( 'NONE', #325, 1000.000000000000000 ) ;
#1041 =( NAMED_UNIT ( * ) PLANE_ANGLE_UNIT ( ) SI_UNIT ( $, .RADIAN. ) );
#1042 = ORIENTED_EDGE ( 'NONE', *, *, #1807, .F. ) ;
#1043 =( NAMED_UNIT ( * ) PLANE_ANGLE_UNIT ( ) SI_UNIT ( $, .RADIAN. ) );
#1044 = AXIS2_PLACEMENT_3D ( 'NONE', #869, #3251, #68 ) ;
#1045 = CIRCLE ( 'NONE', #630, 3.399999999999999900 ) ;
#1046 = ORIENTED_EDGE ( 'NONE', *, *, #1883, .F. ) ;
#1047 = EDGE_CURVE ( 'NONE', #1654, #3007, #1904, .T. ) ;
#1048 = UNCERTAINTY_MEASURE_WITH_UNIT (LENGTH_MEASURE( 1.000000000000000100E-005 ), #2687, 'distance_accuracy_value', 'NONE');
#1049 = CARTESIAN_POINT ( 'NONE',  ( -0.005000000000000000100, -0.2289815919431452700, 0.7454146218262146500 ) ) ;
#1050 = SURFACE_STYLE_USAGE ( .BOTH. , #1263 ) ;
#1051 =( LENGTH_UNIT ( ) NAMED_UNIT ( * ) SI_UNIT ( .MILLI., .METRE. ) );
#1052 = FACE_OUTER_BOUND ( 'NONE', #3209, .T. ) ;
#1053 = ORIENTED_EDGE ( 'NONE', *, *, #2009, .T. ) ;
#1054 = SURFACE_SIDE_STYLE ('',( #1545 ) ) ;
#1055 = CARTESIAN_POINT ( 'NONE',  ( -0.005000000000000000100, 0.05763435086291764100, -1.574376658450712800 ) ) ;
#1056 = EDGE_LOOP ( 'NONE', ( #2724, #653, #786, #2937 ) ) ;
#1057 = CARTESIAN_POINT ( 'NONE',  ( -0.005000000000000000100, 0.2331983258506238900, 1.221069026951538500 ) ) ;
#1058 = STYLED_ITEM ( 'NONE', ( #3392 ), #1940 ) ;
#1059 = ORIENTED_EDGE ( 'NONE', *, *, #86, .F. ) ;
#1060 = CARTESIAN_POINT ( 'NONE',  ( 9.000000000000000000, 0.0000000000000000000, 3.399999999999999900 ) ) ;
#1061 = FILL_AREA_STYLE ('',( #1853 ) ) ;
#1062 = SURFACE_STYLE_USAGE ( .BOTH. , #3171 ) ;
#1063 = ORIENTED_EDGE ( 'NONE', *, *, #1272, .T. ) ;
#1064 = AXIS2_PLACEMENT_3D ( 'NONE', #251, #1261, #1521 ) ;
#1065 =( NAMED_UNIT ( * ) SI_UNIT ( $, .STERADIAN. ) SOLID_ANGLE_UNIT ( ) );
#1066 = ORIENTED_EDGE ( 'NONE', *, *, #21, .F. ) ;
#1067 = EDGE_CURVE ( 'NONE', #3263, #424, #2555, .T. ) ;
#1068 = FILL_AREA_STYLE_COLOUR ( '', #2800 ) ;
#1069 = PRESENTATION_LAYER_ASSIGNMENT (  '', '', ( #3020 ) ) ;
#1070 = VERTEX_POINT ( 'NONE', #689 ) ;
#1071 = EDGE_CURVE ( 'NONE', #1120, #1320, #3065, .T. ) ;
#1072 = PLANE ( 'NONE',  #909 ) ;
#1073 = DIRECTION ( 'NONE',  ( 0.0000000000000000000, -0.05596501978069704600, 0.9984327301130238000 ) ) ;
#1074 = ORIENTED_EDGE ( 'NONE', *, *, #496, .T. ) ;
#1075 = CARTESIAN_POINT ( 'NONE',  ( -0.005000000000000000100, 0.2341874250734345700, -0.7213217506263035500 ) ) ;
#1076 = FILL_AREA_STYLE_COLOUR ( '', #270 ) ;
#1077 = SURFACE_SIDE_STYLE ('',( #1983 ) ) ;
#1078 = LINE ( 'NONE', #3068, #298 ) ;
#1079 = CARTESIAN_POINT ( 'NONE',  ( 0.0000000000000000000, 0.09507005106467179800, 1.158826263502345200 ) ) ;
#1080 = SURFACE_SIDE_STYLE ('',( #3381 ) ) ;
#1081 = COLOUR_RGB ( '',0.7921568627450980000, 0.8196078431372548800, 0.9333333333333333500 ) ;
#1082 = ORIENTED_EDGE ( 'NONE', *, *, #2128, .T. ) ;
#1083 = EDGE_CURVE ( 'NONE', #2575, #1141, #65, .T. ) ;
#1084 = CARTESIAN_POINT ( 'NONE',  ( -0.005000000000000000100, 0.09509506277018961500, -0.7617952360291209100 ) ) ;
#1085 = DIRECTION ( 'NONE',  ( 0.0000000000000000000, 0.9610674221107073900, 0.2763139702539114100 ) ) ;
#1086 = AXIS2_PLACEMENT_3D ( 'NONE', #2035, #2288, #727 ) ;
#1087 = UNCERTAINTY_MEASURE_WITH_UNIT (LENGTH_MEASURE( 1.000000000000000100E-005 ), #662, 'distance_accuracy_value', 'NONE');
#1088 = CARTESIAN_POINT ( 'NONE',  ( -0.005000000000000000100, 0.3765290351657323300, -1.695892613889854500 ) ) ;
#1089 = LINE ( 'NONE', #1681, #1346 ) ;
#1090 = FILL_AREA_STYLE_COLOUR ( '', #145 ) ;
#1091 = CARTESIAN_POINT ( 'NONE',  ( 7.852499999999998300, 4.163799117101000600E-016, 3.399999999999999900 ) ) ;
#1092 = PLANE ( 'NONE',  #539 ) ;
#1093 = ORIENTED_EDGE ( 'NONE', *, *, #1618, .F. ) ;
#1094 = LINE ( 'NONE', #368, #316 ) ;
#1095 = CARTESIAN_POINT ( 'NONE',  ( -0.005000000000000000100, 0.3765290351657321100, -0.8926405572324688200 ) ) ;
#1096 = EDGE_LOOP ( 'NONE', ( #279, #1713 ) ) ;
#1097 = CARTESIAN_POINT ( 'NONE',  ( 0.0000000000000000000, -0.3712800000000229300, 0.2120332028033120600 ) ) ;
#1098 = ORIENTED_EDGE ( 'NONE', *, *, #473, .F. ) ;
#1099 = AXIS2_PLACEMENT_3D ( 'NONE', #2876, #2024, #1773 ) ;
#1100 = FILL_AREA_STYLE_COLOUR ( '', #1573 ) ;
#1101 =( NAMED_UNIT ( * ) SI_UNIT ( $, .STERADIAN. ) SOLID_ANGLE_UNIT ( ) );
#1102 = CARTESIAN_POINT ( 'NONE',  ( -0.005000000000000000100, -0.3712800000000229300, 0.2120332028033120600 ) ) ;
#1103 = ORIENTED_EDGE ( 'NONE', *, *, #2543, .T. ) ;
#1104 = PRESENTATION_LAYER_ASSIGNMENT (  '', '', ( #2272 ) ) ;
#1105 = FILL_AREA_STYLE ('',( #1372 ) ) ;
#1106 = VECTOR ( 'NONE', #1571, 999.9999999999998900 ) ;
#1107 = EDGE_CURVE ( 'NONE', #3125, #1009, #1900, .T. ) ;
#1108 = ORIENTED_EDGE ( 'NONE', *, *, #877, .T. ) ;
#1109 = CARTESIAN_POINT ( 'NONE',  ( -0.005000000000000000100, 0.3765290351657325500, 0.6170636496931823900 ) ) ;
#1110 = PRESENTATION_LAYER_ASSIGNMENT (  '', '', ( #2297 ) ) ;
#1111 = ADVANCED_FACE ( 'NONE', ( #2348 ), #1214, .T. ) ;
#1112 = LINE ( 'NONE', #3036, #414 ) ;
#1113 =( NAMED_UNIT ( * ) SI_UNIT ( $, .STERADIAN. ) SOLID_ANGLE_UNIT ( ) );
#1114 = LINE ( 'NONE', #2422, #2393 ) ;
#1115 = VECTOR ( 'NONE', #1339, 1000.000000000000000 ) ;
#1116 = CARTESIAN_POINT ( 'NONE',  ( 0.0000000000000000000, 0.2321247586366319800, 1.866127380145543400 ) ) ;
#1117 =( LENGTH_UNIT ( ) NAMED_UNIT ( * ) SI_UNIT ( .MILLI., .METRE. ) );
#1118 = LINE ( 'NONE', #2161, #1040 ) ;
#1119 =( GEOMETRIC_REPRESENTATION_CONTEXT ( 3 ) GLOBAL_UNCERTAINTY_ASSIGNED_CONTEXT ( ( #2055 ) ) GLOBAL_UNIT_ASSIGNED_CONTEXT ( ( #2675, #667, #2410 ) ) REPRESENTATION_CONTEXT ( 'NONE', 'WORKASPACE' ) );
#1120 = VERTEX_POINT ( 'NONE', #2507 ) ;
#1121 = FILL_AREA_STYLE_COLOUR ( '', #2924 ) ;
#1122 = ORIENTED_EDGE ( 'NONE', *, *, #782, .F. ) ;
#1123 = DIRECTION ( 'NONE',  ( 1.000000000000000000, -0.0000000000000000000, -0.0000000000000000000 ) ) ;
#1124 = MECHANICAL_DESIGN_GEOMETRIC_PRESENTATION_REPRESENTATION (  '', ( #2248 ), #1246 ) ;
#1125 = PRESENTATION_STYLE_ASSIGNMENT (( #2605 ) ) ;
#1126 = EDGE_CURVE ( 'NONE', #1745, #174, #1645, .T. ) ;
#1127 = ORIENTED_EDGE ( 'NONE', *, *, #1384, .T. ) ;
#1128 = ADVANCED_FACE ( 'NONE', ( #1814 ), #1536, .F. ) ;
#1129 = PLANE ( 'NONE',  #2522 ) ;
#1130 = CARTESIAN_POINT ( 'NONE',  ( 0.0000000000000000000, 0.0000000000000000000, 0.0000000000000000000 ) ) ;
#1131 = PRESENTATION_STYLE_ASSIGNMENT (( #3159 ) ) ;
#1132 = PRESENTATION_LAYER_ASSIGNMENT (  '', '', ( #2056 ) ) ;
#1133 = VECTOR ( 'NONE', #1345, 1000.000000000000000 ) ;
#1134 = ORIENTED_EDGE ( 'NONE', *, *, #451, .F. ) ;
#1135 = CARTESIAN_POINT ( 'NONE',  ( -0.005000000000000000100, 0.2341874250734345700, -0.7213217506263035500 ) ) ;
#1136 = ORIENTED_EDGE ( 'NONE', *, *, #1509, .F. ) ;
#1137 = PLANE ( 'NONE',  #2418 ) ;
#1138 =( LENGTH_UNIT ( ) NAMED_UNIT ( * ) SI_UNIT ( .MILLI., .METRE. ) );
#1139 = MECHANICAL_DESIGN_GEOMETRIC_PRESENTATION_REPRESENTATION (  '', ( #2344 ), #3357 ) ;
#1140 = DIRECTION ( 'NONE',  ( 0.0000000000000000000, 6.723885967566621100E-016, 1.000000000000000000 ) ) ;
#1141 = VERTEX_POINT ( 'NONE', #2023 ) ;
#1142 = PRESENTATION_STYLE_ASSIGNMENT (( #1036 ) ) ;
#1143 = CARTESIAN_POINT ( 'NONE',  ( 0.0000000000000000000, 0.3765290351657323300, -0.3401843028703591100 ) ) ;
#1144 =( NAMED_UNIT ( * ) PLANE_ANGLE_UNIT ( ) SI_UNIT ( $, .RADIAN. ) );
#1145 = AXIS2_PLACEMENT_3D ( 'NONE', #3058, #1505, #2006 ) ;
#1146 = ORIENTED_EDGE ( 'NONE', *, *, #839, .F. ) ;
#1147 = VECTOR ( 'NONE', #2864, 1000.000000000000100 ) ;
#1148 = CARTESIAN_POINT ( 'NONE',  ( 24.00000000000000000, -1.250000000000000000, 0.0000000000000000000 ) ) ;
#1149 = ORIENTED_EDGE ( 'NONE', *, *, #2795, .F. ) ;
#1150 = STYLED_ITEM ( 'NONE', ( #2973 ), #2167 ) ;
#1151 = ADVANCED_FACE ( 'NONE', ( #2523 ), #1651, .T. ) ;
#1152 = CIRCLE ( 'NONE', #804, 0.2000000000000000900 ) ;
#1153 = DIRECTION ( 'NONE',  ( 0.0000000000000000000, 0.0000000000000000000, 1.000000000000000000 ) ) ;
#1154 = SURFACE_STYLE_USAGE ( .BOTH. , #3242 ) ;
#1155 = ORIENTED_EDGE ( 'NONE', *, *, #177, .T. ) ;
#1156 = ADVANCED_FACE ( 'NONE', ( #631 ), #2033, .F. ) ;
#1157 = UNCERTAINTY_MEASURE_WITH_UNIT (LENGTH_MEASURE( 1.000000000000000100E-005 ), #755, 'distance_accuracy_value', 'NONE');
#1158 = SURFACE_STYLE_FILL_AREA ( #207 ) ;
#1159 = PRESENTATION_LAYER_ASSIGNMENT (  '', '', ( #384 ) ) ;
#1160 = FILL_AREA_STYLE_COLOUR ( '', #2780 ) ;
#1161 = VECTOR ( 'NONE', #735, 1000.000000000000000 ) ;
#1162 = DIRECTION ( 'NONE',  ( 0.0000000000000000000, 0.0000000000000000000, -1.000000000000000000 ) ) ;
#1163 = STYLED_ITEM ( 'NONE', ( #1305 ), #711 ) ;
#1164 =( LENGTH_UNIT ( ) NAMED_UNIT ( * ) SI_UNIT ( .MILLI., .METRE. ) );
#1165 = SURFACE_STYLE_USAGE ( .BOTH. , #914 ) ;
#1166 = PRODUCT_DEFINITION ( 'UNKNOWN', '', #3294, #763 ) ;
#1167 = CARTESIAN_POINT ( 'NONE',  ( 0.0000000000000000000, 0.03476001023382962300, -1.581777849778652500 ) ) ;
#1168 = SURFACE_STYLE_FILL_AREA ( #1878 ) ;
#1169 = ADVANCED_FACE ( 'NONE', ( #1581 ), #241, .T. ) ;
#1170 = FILL_AREA_STYLE ('',( #2748 ) ) ;
#1171 = PLANE ( 'NONE',  #1086 ) ;
#1172 = SURFACE_SIDE_STYLE ('',( #2942 ) ) ;
#1173 =( GEOMETRIC_REPRESENTATION_CONTEXT ( 3 ) GLOBAL_UNCERTAINTY_ASSIGNED_CONTEXT ( ( #1753 ) ) GLOBAL_UNIT_ASSIGNED_CONTEXT ( ( #1298, #1260, #466 ) ) REPRESENTATION_CONTEXT ( 'NONE', 'WORKASPACE' ) );
#1174 = SURFACE_SIDE_STYLE ('',( #2613 ) ) ;
#1175 = PRESENTATION_STYLE_ASSIGNMENT (( #306 ) ) ;
#1176 = VECTOR ( 'NONE', #128, 1000.000000000000000 ) ;
#1177 = CARTESIAN_POINT ( 'NONE',  ( 0.0000000000000000000, 0.09507005106467179800, 1.158826263502345200 ) ) ;
#1178 =( GEOMETRIC_REPRESENTATION_CONTEXT ( 3 ) GLOBAL_UNCERTAINTY_ASSIGNED_CONTEXT ( ( #801 ) ) GLOBAL_UNIT_ASSIGNED_CONTEXT ( ( #1624, #2452, #1892 ) ) REPRESENTATION_CONTEXT ( 'NONE', 'WORKASPACE' ) );
#1179 = UNCERTAINTY_MEASURE_WITH_UNIT (LENGTH_MEASURE( 1.000000000000000100E-005 ), #1968, 'distance_accuracy_value', 'NONE');
#1180 = SURFACE_STYLE_FILL_AREA ( #987 ) ;
#1181 = LINE ( 'NONE', #979, #2079 ) ;
#1182 = EDGE_CURVE ( 'NONE', #412, #126, #3107, .T. ) ;
#1183 = SURFACE_SIDE_STYLE ('',( #1400 ) ) ;
#1184 = VERTEX_POINT ( 'NONE', #2572 ) ;
#1185 = COLOUR_RGB ( '',0.0000000000000000000, 0.0000000000000000000, 0.0000000000000000000 ) ;
#1186 = CARTESIAN_POINT ( 'NONE',  ( 0.0000000000000000000, 0.05763435086291764100, -1.574376658450712800 ) ) ;
#1187 =( NAMED_UNIT ( * ) PLANE_ANGLE_UNIT ( ) SI_UNIT ( $, .RADIAN. ) );
#1188 = ORIENTED_EDGE ( 'NONE', *, *, #1366, .T. ) ;
#1189 = EDGE_CURVE ( 'NONE', #2764, #854, #3027, .T. ) ;
#1190 = ADVANCED_FACE ( 'NONE', ( #1418 ), #3140, .F. ) ;
#1191 = PRESENTATION_STYLE_ASSIGNMENT (( #2940 ) ) ;
#1192 = ORIENTED_EDGE ( 'NONE', *, *, #2847, .T. ) ;
#1193 = DIRECTION ( 'NONE',  ( 1.000000000000000000, 0.0000000000000000000, 0.0000000000000000000 ) ) ;
#1194 = CARTESIAN_POINT ( 'NONE',  ( 0.0000000000000000000, 0.2331983258506238900, 1.221069026951538500 ) ) ;
#1195 = CARTESIAN_POINT ( 'NONE',  ( 7.852499999999998300, 3.819367204840808400E-016, 3.118749999999999900 ) ) ;
#1196 = PRESENTATION_LAYER_ASSIGNMENT (  '', '', ( #33 ) ) ;
#1197 = LINE ( 'NONE', #2463, #1926 ) ;
#1198 = VERTEX_POINT ( 'NONE', #2562 ) ;
#1199 = FILL_AREA_STYLE_COLOUR ( '', #79 ) ;
#1200 = EDGE_LOOP ( 'NONE', ( #2796, #169, #98, #2667 ) ) ;
#1201 = STYLED_ITEM ( 'NONE', ( #976 ), #2703 ) ;
#1202 = ADVANCED_FACE ( 'NONE', ( #2477, #2910, #1728 ), #1072, .T. ) ;
#1203 = UNCERTAINTY_MEASURE_WITH_UNIT (LENGTH_MEASURE( 1.000000000000000100E-005 ), #1628, 'distance_accuracy_value', 'NONE');
#1204 = PRESENTATION_STYLE_ASSIGNMENT (( #314 ) ) ;
#1205 = SURFACE_SIDE_STYLE ('',( #1034 ) ) ;
#1206 = SURFACE_SIDE_STYLE ('',( #2844 ) ) ;
#1207 = EDGE_CURVE ( 'NONE', #3300, #2054, #882, .T. ) ;
#1208 = STYLED_ITEM ( 'NONE', ( #2512 ), #339 ) ;
#1209 = VECTOR ( 'NONE', #1265, 1000.000000000000000 ) ;
#1210 = CARTESIAN_POINT ( 'NONE',  ( 0.0000000000000000000, -0.3712800000000226500, 1.487943913559163700 ) ) ;
#1211 = PLANE ( 'NONE',  #3349 ) ;
#1212 = EDGE_CURVE ( 'NONE', #3303, #2966, #754, .T. ) ;
#1213 =( NAMED_UNIT ( * ) PLANE_ANGLE_UNIT ( ) SI_UNIT ( $, .RADIAN. ) );
#1214 = TOROIDAL_SURFACE ( 'NONE', #1493, 3.199999999999999700, 0.2000000000000000100 ) ;
#1215 = VECTOR ( 'NONE', #2906, 1000.000000000000000 ) ;
#1216 = EDGE_LOOP ( 'NONE', ( #2258, #3247, #644, #3047 ) ) ;
#1217 = CARTESIAN_POINT ( 'NONE',  ( 0.0000000000000000000, 0.3765290351657325500, 1.907626672281781200 ) ) ;
#1218 = DIRECTION ( 'NONE',  ( 0.0000000000000000000, -0.004650693823678241100, 0.9999891854650021500 ) ) ;
#1219 = AXIS2_PLACEMENT_3D ( 'NONE', #1148, #2752, #1451 ) ;
#1220 = VECTOR ( 'NONE', #2262, 1000.000000000000000 ) ;
#1221 = VERTEX_POINT ( 'NONE', #1304 ) ;
#1222 = CARTESIAN_POINT ( 'NONE',  ( 0.0000000000000000000, 0.3765290351657323300, 0.05287055896081838800 ) ) ;
#1223 = CARTESIAN_POINT ( 'NONE',  ( -0.005000000000000000100, -0.3712800000000229300, 0.2120332028033120600 ) ) ;
#1224 = SURFACE_SIDE_STYLE ('',( #63 ) ) ;
#1225 = FACE_OUTER_BOUND ( 'NONE', #2453, .T. ) ;
#1226 = PRESENTATION_LAYER_ASSIGNMENT (  '', '', ( #1037 ) ) ;
#1227 = ORIENTED_EDGE ( 'NONE', *, *, #2432, .F. ) ;
#1228 = DIRECTION ( 'NONE',  ( 0.0000000000000000000, -2.088488394260788600E-016, -1.000000000000000000 ) ) ;
#1229 = VECTOR ( 'NONE', #389, 1000.000000000000000 ) ;
#1230 = DIRECTION ( 'NONE',  ( 1.000000000000000000, 0.0000000000000000000, 0.0000000000000000000 ) ) ;
#1231 = ORIENTED_EDGE ( 'NONE', *, *, #3101, .T. ) ;
#1232 = SURFACE_STYLE_FILL_AREA ( #2729 ) ;
#1233 = EDGE_CURVE ( 'NONE', #479, #781, #2602, .T. ) ;
#1234 = SURFACE_STYLE_FILL_AREA ( #82 ) ;
#1235 = CARTESIAN_POINT ( 'NONE',  ( 0.0000000000000000000, -0.3712800000000231500, -1.191261012850521200 ) ) ;
#1236 = CARTESIAN_POINT ( 'NONE',  ( 0.2000000000000005100, 0.0000000000000000000, -3.199999999999999700 ) ) ;
#1237 = DIRECTION ( 'NONE',  ( 1.000000000000000000, 0.0000000000000000000, 0.0000000000000000000 ) ) ;
#1238 = ORIENTED_EDGE ( 'NONE', *, *, #1322, .T. ) ;
#1239 = DIRECTION ( 'NONE',  ( -1.000000000000000000, -0.0000000000000000000, -0.0000000000000000000 ) ) ;
#1240 = DIRECTION ( 'NONE',  ( 0.0000000000000000000, -1.000000000000000000, 1.207321276394593200E-016 ) ) ;
#1241 = EDGE_LOOP ( 'NONE', ( #1632, #2420, #3056, #2504 ) ) ;
#1242 = EDGE_LOOP ( 'NONE', ( #2590, #685, #1873, #2998 ) ) ;
#1243 = SURFACE_STYLE_USAGE ( .BOTH. , #968 ) ;
#1244 = DIRECTION ( 'NONE',  ( 0.0000000000000000000, 0.9999960426590096500, 0.002813301676022605800 ) ) ;
#1245 = STYLED_ITEM ( 'NONE', ( #135 ), #1952 ) ;
#1246 =( GEOMETRIC_REPRESENTATION_CONTEXT ( 3 ) GLOBAL_UNCERTAINTY_ASSIGNED_CONTEXT ( ( #1308 ) ) GLOBAL_UNIT_ASSIGNED_CONTEXT ( ( #2743, #1669, #2229 ) ) REPRESENTATION_CONTEXT ( 'NONE', 'WORKASPACE' ) );
#1247 = DIRECTION ( 'NONE',  ( 1.000000000000000000, 0.0000000000000000000, 0.0000000000000000000 ) ) ;
#1248 = SURFACE_STYLE_USAGE ( .BOTH. , #1725 ) ;
#1249 = EDGE_CURVE ( 'NONE', #2632, #864, #263, .T. ) ;
#1250 = PRESENTATION_STYLE_ASSIGNMENT (( #167 ) ) ;
#1251 =( GEOMETRIC_REPRESENTATION_CONTEXT ( 3 ) GLOBAL_UNCERTAINTY_ASSIGNED_CONTEXT ( ( #665 ) ) GLOBAL_UNIT_ASSIGNED_CONTEXT ( ( #2642, #2630, #1804 ) ) REPRESENTATION_CONTEXT ( 'NONE', 'WORKASPACE' ) );
#1252 = VECTOR ( 'NONE', #2761, 1000.000000000000000 ) ;
#1253 = CARTESIAN_POINT ( 'NONE',  ( -0.005000000000000000100, 0.09507005106467174300, 0.8379079049262315700 ) ) ;
#1254 = ORIENTED_EDGE ( 'NONE', *, *, #1405, .T. ) ;
#1255 = EDGE_CURVE ( 'NONE', #584, #3095, #2779, .T. ) ;
#1256 = PRESENTATION_STYLE_ASSIGNMENT (( #453 ) ) ;
#1257 = CARTESIAN_POINT ( 'NONE',  ( 0.0000000000000000000, 0.3765290351657323300, -1.010467317234601000 ) ) ;
#1258 = LINE ( 'NONE', #329, #553 ) ;
#1259 = PRESENTATION_STYLE_ASSIGNMENT (( #54 ) ) ;
#1260 =( NAMED_UNIT ( * ) PLANE_ANGLE_UNIT ( ) SI_UNIT ( $, .RADIAN. ) );
#1261 = DIRECTION ( 'NONE',  ( 1.000000000000000000, 0.0000000000000000000, 0.0000000000000000000 ) ) ;
#1262 = AXIS2_PLACEMENT_3D ( 'NONE', #840, #1619, #312 ) ;
#1263 = SURFACE_SIDE_STYLE ('',( #2578 ) ) ;
#1264 = ORIENTED_EDGE ( 'NONE', *, *, #1575, .T. ) ;
#1265 = DIRECTION ( 'NONE',  ( 0.0000000000000000000, 0.0000000000000000000, -1.000000000000000000 ) ) ;
#1266 = VECTOR ( 'NONE', #947, 1000.000000000000000 ) ;
#1267 = STYLED_ITEM ( 'NONE', ( #3290 ), #2765 ) ;
#1268 = FILL_AREA_STYLE_COLOUR ( '', #34 ) ;
#1269 = EDGE_LOOP ( 'NONE', ( #252, #1431, #1755, #2492 ) ) ;
#1270 = VECTOR ( 'NONE', #1407, 1000.000000000000000 ) ;
#1271 = FACE_OUTER_BOUND ( 'NONE', #1241, .T. ) ;
#1272 = EDGE_CURVE ( 'NONE', #1323, #1349, #595, .T. ) ;
#1273 = VERTEX_POINT ( 'NONE', #2639 ) ;
#1274 = FILL_AREA_STYLE_COLOUR ( '', #1357 ) ;
#1275 = AXIS2_PLACEMENT_3D ( 'NONE', #834, #2662, #1085 ) ;
#1276 = LINE ( 'NONE', #506, #1315 ) ;
#1277 = ORIENTED_EDGE ( 'NONE', *, *, #2606, .F. ) ;
#1278 = SURFACE_SIDE_STYLE ('',( #262 ) ) ;
#1279 = FILL_AREA_STYLE_COLOUR ( '', #573 ) ;
#1280 = CARTESIAN_POINT ( 'NONE',  ( 24.00000000000000000, -1.250000000000000000, 0.2750000000000000200 ) ) ;
#1281 = EDGE_LOOP ( 'NONE', ( #1600, #974, #2325, #1799 ) ) ;
#1282 = PRODUCT_CONTEXT ( 'NONE', #475, 'mechanical' ) ;
#1283 = LINE ( 'NONE', #1414, #3222 ) ;
#1284 = CARTESIAN_POINT ( 'NONE',  ( -0.005000000000000000100, 0.09507005106467174300, 0.8379079049262315700 ) ) ;
#1285 = CARTESIAN_POINT ( 'NONE',  ( -0.005000000000000000100, 0.03476001023383374500, -1.359567045965704100 ) ) ;
#1286 = ORIENTED_EDGE ( 'NONE', *, *, #2009, .F. ) ;
#1287 = FILL_AREA_STYLE_COLOUR ( '', #1855 ) ;
#1288 = CARTESIAN_POINT ( 'NONE',  ( -0.005000000000000000100, 0.3765290351657323300, -1.695892613889854500 ) ) ;
#1289 = VERTEX_POINT ( 'NONE', #787 ) ;
#1290 =( LENGTH_UNIT ( ) NAMED_UNIT ( * ) SI_UNIT ( .MILLI., .METRE. ) );
#1291 = STYLED_ITEM ( 'NONE', ( #2461 ), #2215 ) ;
#1292 = UNCERTAINTY_MEASURE_WITH_UNIT (LENGTH_MEASURE( 1.000000000000000100E-005 ), #3019, 'distance_accuracy_value', 'NONE');
#1293 = VECTOR ( 'NONE', #1153, 1000.000000000000000 ) ;
#1294 = COLOUR_RGB ( '',0.8980392156862745400, 0.9215686274509803400, 0.9294117647058823800 ) ;
#1295 = CARTESIAN_POINT ( 'NONE',  ( 0.0000000000000000000, 0.3765290351657323300, -1.010467317234601000 ) ) ;
#1296 = CARTESIAN_POINT ( 'NONE',  ( -0.005000000000000000100, 0.3765290351657325500, 0.2890796929256097000 ) ) ;
#1297 =( GEOMETRIC_REPRESENTATION_CONTEXT ( 3 ) GLOBAL_UNCERTAINTY_ASSIGNED_CONTEXT ( ( #1350 ) ) GLOBAL_UNIT_ASSIGNED_CONTEXT ( ( #2247, #1699, #3021 ) ) REPRESENTATION_CONTEXT ( 'NONE', 'WORKASPACE' ) );
#1298 =( LENGTH_UNIT ( ) NAMED_UNIT ( * ) SI_UNIT ( .MILLI., .METRE. ) );
#1299 =( NAMED_UNIT ( * ) SI_UNIT ( $, .STERADIAN. ) SOLID_ANGLE_UNIT ( ) );
#1300 = COLOUR_RGB ( '',0.8941176470588234600, 0.9137254901960784000, 0.9294117647058823800 ) ;
#1301 = EDGE_CURVE ( 'NONE', #3389, #2620, #504, .T. ) ;
#1302 = VECTOR ( 'NONE', #3168, 1000.000000000000000 ) ;
#1303 = SURFACE_STYLE_FILL_AREA ( #266 ) ;
#1304 = CARTESIAN_POINT ( 'NONE',  ( 0.0000000000000000000, -0.2289815919431452400, 1.097429350422237000 ) ) ;
#1305 = PRESENTATION_STYLE_ASSIGNMENT (( #1864 ) ) ;
#1306 = EDGE_LOOP ( 'NONE', ( #640, #1623, #728, #2038 ) ) ;
#1307 = AXIS2_PLACEMENT_3D ( 'NONE', #359, #330, #1653 ) ;
#1308 = UNCERTAINTY_MEASURE_WITH_UNIT (LENGTH_MEASURE( 1.000000000000000100E-005 ), #2743, 'distance_accuracy_value', 'NONE');
#1309 = COLOUR_RGB ( '',0.0000000000000000000, 0.0000000000000000000, 0.0000000000000000000 ) ;
#1310 = CARTESIAN_POINT ( 'NONE',  ( -0.005000000000000000100, 0.3765290351657323300, -0.2655948525824784500 ) ) ;
#1311 = DIRECTION ( 'NONE',  ( 0.0000000000000000000, 0.9985542843760947300, 0.05375259206908281800 ) ) ;
#1312 = DIRECTION ( 'NONE',  ( 0.0000000000000000000, 0.4668459304955200900, -0.8843386665637617000 ) ) ;
#1313 = EDGE_LOOP ( 'NONE', ( #817, #76, #1518, #911 ) ) ;
#1314 =( GEOMETRIC_REPRESENTATION_CONTEXT ( 3 ) GLOBAL_UNCERTAINTY_ASSIGNED_CONTEXT ( ( #2165 ) ) GLOBAL_UNIT_ASSIGNED_CONTEXT ( ( #1012, #3363, #736 ) ) REPRESENTATION_CONTEXT ( 'NONE', 'WORKASPACE' ) );
#1315 = VECTOR ( 'NONE', #1356, 1000.000000000000000 ) ;
#1316 =( LENGTH_UNIT ( ) NAMED_UNIT ( * ) SI_UNIT ( .MILLI., .METRE. ) );
#1317 = VERTEX_POINT ( 'NONE', #2919 ) ;
#1318 = EDGE_CURVE ( 'NONE', #3084, #2941, #25, .T. ) ;
#1319 = CARTESIAN_POINT ( 'NONE',  ( -0.005000000000000000100, 0.3765290351657323300, -0.3401843028703591100 ) ) ;
#1320 = VERTEX_POINT ( 'NONE', #2898 ) ;
#1321 = PRESENTATION_STYLE_ASSIGNMENT (( #1695 ) ) ;
#1322 = EDGE_CURVE ( 'NONE', #2768, #530, #1901, .T. ) ;
#1323 = VERTEX_POINT ( 'NONE', #3224 ) ;
#1324 = SURFACE_STYLE_USAGE ( .BOTH. , #2104 ) ;
#1325 = FILL_AREA_STYLE ('',( #2626 ) ) ;
#1326 = SURFACE_STYLE_FILL_AREA ( #1876 ) ;
#1327 = STYLED_ITEM ( 'NONE', ( #958 ), #1169 ) ;
#1328 = ORIENTED_EDGE ( 'NONE', *, *, #2059, .F. ) ;
#1329 = CARTESIAN_POINT ( 'NONE',  ( -0.005000000000000000100, 0.2341874250734345700, -0.7213217506263035500 ) ) ;
#1330 = VERTEX_POINT ( 'NONE', #1049 ) ;
#1331 = PRESENTATION_LAYER_ASSIGNMENT (  '', '', ( #3090 ) ) ;
#1332 = CARTESIAN_POINT ( 'NONE',  ( -0.005000000000000000100, -0.3712800000000231500, -1.418794762131323500 ) ) ;
#1333 = PRESENTATION_LAYER_ASSIGNMENT (  '', '', ( #751 ) ) ;
#1334 = PRESENTATION_STYLE_ASSIGNMENT (( #3391 ) ) ;
#1335 = PRESENTATION_STYLE_ASSIGNMENT (( #3285 ) ) ;
#1336 = VECTOR ( 'NONE', #2351, 1000.000000000000100 ) ;
#1337 = ORIENTED_EDGE ( 'NONE', *, *, #1540, .T. ) ;
#1338 = CARTESIAN_POINT ( 'NONE',  ( -0.005000000000000000100, 0.03476001023382962300, -1.581777849778652500 ) ) ;
#1339 = DIRECTION ( 'NONE',  ( 0.0000000000000000000, 0.0000000000000000000, -1.000000000000000000 ) ) ;
#1340 = STYLED_ITEM ( 'NONE', ( #2690 ), #32 ) ;
#1341 =( NAMED_UNIT ( * ) SI_UNIT ( $, .STERADIAN. ) SOLID_ANGLE_UNIT ( ) );
#1342 = EDGE_CURVE ( 'NONE', #448, #854, #1118, .T. ) ;
#1343 =( GEOMETRIC_REPRESENTATION_CONTEXT ( 3 ) GLOBAL_UNCERTAINTY_ASSIGNED_CONTEXT ( ( #2290 ) ) GLOBAL_UNIT_ASSIGNED_CONTEXT ( ( #2935, #559, #3186 ) ) REPRESENTATION_CONTEXT ( 'NONE', 'WORKASPACE' ) );
#1344 = DIRECTION ( 'NONE',  ( 0.0000000000000000000, 0.8843386665637617000, 0.4668459304955200900 ) ) ;
#1345 = DIRECTION ( 'NONE',  ( 0.0000000000000000000, 0.0000000000000000000, 1.000000000000000000 ) ) ;
#1346 = VECTOR ( 'NONE', #1140, 1000.000000000000000 ) ;
#1347 = CARTESIAN_POINT ( 'NONE',  ( 0.0000000000000000000, 0.3765290351657323300, -1.695892613889854500 ) ) ;
#1348 = DIRECTION ( 'NONE',  ( 0.0000000000000000000, 0.0000000000000000000, -1.000000000000000000 ) ) ;
#1349 = VERTEX_POINT ( 'NONE', #96 ) ;
#1350 = UNCERTAINTY_MEASURE_WITH_UNIT (LENGTH_MEASURE( 1.000000000000000100E-005 ), #2247, 'distance_accuracy_value', 'NONE');
#1351 =( NAMED_UNIT ( * ) PLANE_ANGLE_UNIT ( ) SI_UNIT ( $, .RADIAN. ) );
#1352 = SURFACE_STYLE_FILL_AREA ( #2124 ) ;
#1353 = AXIS2_PLACEMENT_3D ( 'NONE', #1554, #2303, #3406 ) ;
#1354 = ORIENTED_EDGE ( 'NONE', *, *, #1249, .T. ) ;
#1355 = PLANE ( 'NONE',  #1262 ) ;
#1356 = DIRECTION ( 'NONE',  ( 0.0000000000000000000, -1.903994955167360800E-016, -1.000000000000000000 ) ) ;
#1357 = COLOUR_RGB ( '',0.0000000000000000000, 0.0000000000000000000, 0.0000000000000000000 ) ;
#1358 = EDGE_LOOP ( 'NONE', ( #1238, #2673, #1448, #1838 ) ) ;
#1359 = PRESENTATION_LAYER_ASSIGNMENT (  '', '', ( #687 ) ) ;
#1360 = VECTOR ( 'NONE', #2852, 1000.000000000000100 ) ;
#1361 = DIRECTION ( 'NONE',  ( -0.0000000000000000000, -1.000000000000000000, -0.0000000000000000000 ) ) ;
#1362 = EDGE_CURVE ( 'NONE', #90, #2177, #1494, .T. ) ;
#1363 = COLOUR_RGB ( '',0.0000000000000000000, 0.0000000000000000000, 0.0000000000000000000 ) ;
#1364 = PRESENTATION_LAYER_ASSIGNMENT (  '', '', ( #952 ) ) ;
#1365 = ORIENTED_EDGE ( 'NONE', *, *, #666, .F. ) ;
#1366 = EDGE_CURVE ( 'NONE', #1349, #388, #1576, .T. ) ;
#1367 =( NAMED_UNIT ( * ) SI_UNIT ( $, .STERADIAN. ) SOLID_ANGLE_UNIT ( ) );
#1368 = CARTESIAN_POINT ( 'NONE',  ( -0.005000000000000000100, -0.04314917537418731800, 1.119339603530974600 ) ) ;
#1369 = ORIENTED_EDGE ( 'NONE', *, *, #177, .F. ) ;
#1370 = FILL_AREA_STYLE ('',( #2380 ) ) ;
#1371 = LINE ( 'NONE', #172, #1642 ) ;
#1372 = FILL_AREA_STYLE_COLOUR ( '', #387 ) ;
#1373 = PLANE ( 'NONE',  #2678 ) ;
#1374 = STYLED_ITEM ( 'NONE', ( #748 ), #1663 ) ;
#1375 = CARTESIAN_POINT ( 'NONE',  ( -0.005000000000000000100, -0.3712800000000232600, -0.3022097147237163300 ) ) ;
#1376 = CYLINDRICAL_SURFACE ( 'NONE', #843, 0.2750000000000000200 ) ;
#1377 = PRESENTATION_STYLE_ASSIGNMENT (( #2799 ) ) ;
#1378 = DIRECTION ( 'NONE',  ( 1.000000000000000000, 0.0000000000000000000, 0.0000000000000000000 ) ) ;
#1379 = EDGE_CURVE ( 'NONE', #891, #1741, #3236, .T. ) ;
#1380 =( NAMED_UNIT ( * ) SI_UNIT ( $, .STERADIAN. ) SOLID_ANGLE_UNIT ( ) );
#1381 = LINE ( 'NONE', #1832, #2398 ) ;
#1382 = PRESENTATION_LAYER_ASSIGNMENT (  '', '', ( #320 ) ) ;
#1383 = LINE ( 'NONE', #338, #469 ) ;
#1384 = EDGE_CURVE ( 'NONE', #2220, #1198, #799, .T. ) ;
#1385 =( LENGTH_UNIT ( ) NAMED_UNIT ( * ) SI_UNIT ( .MILLI., .METRE. ) );
#1386 = CARTESIAN_POINT ( 'NONE',  ( 0.0000000000000000000, 0.03476001023383374500, -1.359567045965704100 ) ) ;
#1387 = VERTEX_POINT ( 'NONE', #3203 ) ;
#1388 = PRESENTATION_LAYER_ASSIGNMENT (  '', '', ( #3162 ) ) ;
#1389 = CARTESIAN_POINT ( 'NONE',  ( -0.005000000000000000100, -0.2289815919431452700, 0.7454146218262146500 ) ) ;
#1390 = DIRECTION ( 'NONE',  ( 1.000000000000000000, 0.0000000000000000000, 0.0000000000000000000 ) ) ;
#1391 = VERTEX_POINT ( 'NONE', #861 ) ;
#1392 = MECHANICAL_DESIGN_GEOMETRIC_PRESENTATION_REPRESENTATION (  '', ( #2066 ), #3163 ) ;
#1393 = MANIFOLD_SOLID_BREP ( 'Body-Move/Copy1[2]', #1975 ) ;
#1394 = SURFACE_STYLE_USAGE ( .BOTH. , #78 ) ;
#1395 = ORIENTED_EDGE ( 'NONE', *, *, #5, .T. ) ;
#1396 = AXIS2_PLACEMENT_3D ( 'NONE', #62, #1123, #2391 ) ;
#1397 = LINE ( 'NONE', #1750, #3179 ) ;
#1398 = DIRECTION ( 'NONE',  ( 1.000000000000000000, -0.0000000000000000000, -0.0000000000000000000 ) ) ;
#1399 = DIRECTION ( 'NONE',  ( 0.0000000000000000000, 0.0000000000000000000, 1.000000000000000000 ) ) ;
#1400 = SURFACE_STYLE_FILL_AREA ( #166 ) ;
#1401 = ORIENTED_EDGE ( 'NONE', *, *, #1674, .T. ) ;
#1402 = AXIS2_PLACEMENT_3D ( 'NONE', #3045, #2740, #1162 ) ;
#1403 = DIRECTION ( 'NONE',  ( 0.0000000000000000000, 0.2793947940814900400, -0.9601763114346041400 ) ) ;
#1404 = DIRECTION ( 'NONE',  ( 0.0000000000000000000, 0.0000000000000000000, -1.000000000000000000 ) ) ;
#1405 = EDGE_CURVE ( 'NONE', #1070, #3175, #502, .T. ) ;
#1406 = ORIENTED_EDGE ( 'NONE', *, *, #427, .T. ) ;
#1407 = DIRECTION ( 'NONE',  ( 1.000000000000000000, 0.0000000000000000000, 0.0000000000000000000 ) ) ;
#1408 = PRESENTATION_LAYER_ASSIGNMENT (  '', '', ( #2344 ) ) ;
#1409 = TOROIDAL_SURFACE ( 'NONE', #462, 3.199999999999999700, 0.2000000000000000100 ) ;
#1410 = DIRECTION ( 'NONE',  ( 0.0000000000000000000, 0.0000000000000000000, -1.000000000000000000 ) ) ;
#1411 = CARTESIAN_POINT ( 'NONE',  ( -0.005000000000000000100, -0.2290088774371915900, -0.8541930198960480100 ) ) ;
#1412 = UNCERTAINTY_MEASURE_WITH_UNIT (LENGTH_MEASURE( 1.000000000000000100E-005 ), #1885, 'distance_accuracy_value', 'NONE');
#1413 = DIRECTION ( 'NONE',  ( 0.0000000000000000000, -0.2764273280489770700, 0.9610348236706635100 ) ) ;
#1414 = CARTESIAN_POINT ( 'NONE',  ( 0.0000000000000000000, -0.04314917537418737300, 0.7984667207811639900 ) ) ;
#1415 = SURFACE_STYLE_FILL_AREA ( #1646 ) ;
#1416 = AXIS2_PLACEMENT_3D ( 'NONE', #2188, #636, #101 ) ;
#1417 = EDGE_LOOP ( 'NONE', ( #3351, #1093, #2900, #450 ) ) ;
#1418 = FACE_OUTER_BOUND ( 'NONE', #1419, .T. ) ;
#1419 = EDGE_LOOP ( 'NONE', ( #2200, #1481, #1460, #2498 ) ) ;
#1420 = DIRECTION ( 'NONE',  ( 1.000000000000000000, 0.0000000000000000000, 0.0000000000000000000 ) ) ;
#1421 = PRESENTATION_LAYER_ASSIGNMENT (  '', '', ( #1829 ) ) ;
#1422 = EDGE_CURVE ( 'NONE', #781, #2177, #3147, .T. ) ;
#1423 = SURFACE_SIDE_STYLE ('',( #844 ) ) ;
#1424 = PRESENTATION_LAYER_ASSIGNMENT (  '', '', ( #645 ) ) ;
#1425 = EDGE_CURVE ( 'NONE', #2376, #1221, #302, .T. ) ;
#1426 = ADVANCED_FACE ( 'NONE', ( #2153 ), #1355, .F. ) ;
#1427 = ORIENTED_EDGE ( 'NONE', *, *, #2426, .F. ) ;
#1428 = LINE ( 'NONE', #3200, #201 ) ;
#1429 = DIRECTION ( 'NONE',  ( 0.0000000000000000000, 0.2740217765954088800, -0.9617234872620591400 ) ) ;
#1430 = LINE ( 'NONE', #1680, #3119 ) ;
#1431 = ORIENTED_EDGE ( 'NONE', *, *, #1342, .F. ) ;
#1432 = UNCERTAINTY_MEASURE_WITH_UNIT (LENGTH_MEASURE( 1.000000000000000100E-005 ), #261, 'distance_accuracy_value', 'NONE');
#1433 = VECTOR ( 'NONE', #2411, 1000.000000000000000 ) ;
#1434 = FILL_AREA_STYLE_COLOUR ( '', #943 ) ;
#1435 = MECHANICAL_DESIGN_GEOMETRIC_PRESENTATION_REPRESENTATION (  '', ( #796 ), #2197 ) ;
#1436 =( LENGTH_UNIT ( ) NAMED_UNIT ( * ) SI_UNIT ( .MILLI., .METRE. ) );
#1437 = VERTEX_POINT ( 'NONE', #582 ) ;
#1438 = COLOUR_RGB ( '',0.0000000000000000000, 0.0000000000000000000, 0.0000000000000000000 ) ;
#1439 = CARTESIAN_POINT ( 'NONE',  ( -0.005000000000000000100, 0.09509506277018967000, -0.4408268540441236900 ) ) ;
#1440 = ORIENTED_EDGE ( 'NONE', *, *, #494, .F. ) ;
#1441 = MECHANICAL_DESIGN_GEOMETRIC_PRESENTATION_REPRESENTATION (  '', ( #2425 ), #2971 ) ;
#1442 = SURFACE_STYLE_FILL_AREA ( #431 ) ;
#1443 = CARTESIAN_POINT ( 'NONE',  ( 0.0000000000000000000, 0.2341624133683116400, 0.8783813903281680900 ) ) ;
#1444 = EDGE_LOOP ( 'NONE', ( #3067, #1561, #1792, #3413 ) ) ;
#1445 = DIRECTION ( 'NONE',  ( 1.000000000000000000, 0.0000000000000000000, 0.0000000000000000000 ) ) ;
#1446 = EDGE_CURVE ( 'NONE', #530, #412, #1114, .T. ) ;
#1447 = STYLED_ITEM ( 'NONE', ( #664 ), #109 ) ;
#1448 = ORIENTED_EDGE ( 'NONE', *, *, #669, .F. ) ;
#1449 = ADVANCED_FACE ( 'NONE', ( #795 ), #1376, .T. ) ;
#1450 = CARTESIAN_POINT ( 'NONE',  ( -0.005000000000000000100, 0.2321410128873057100, 1.661384167462570200 ) ) ;
#1451 = DIRECTION ( 'NONE',  ( 0.0000000000000000000, 0.0000000000000000000, -1.000000000000000000 ) ) ;
#1452 = UNCERTAINTY_MEASURE_WITH_UNIT (LENGTH_MEASURE( 1.000000000000000100E-005 ), #3213, 'distance_accuracy_value', 'NONE');
#1453 =( LENGTH_UNIT ( ) NAMED_UNIT ( * ) SI_UNIT ( .MILLI., .METRE. ) );
#1454 = VECTOR ( 'NONE', #1378, 1000.000000000000000 ) ;
#1455 = CARTESIAN_POINT ( 'NONE',  ( -0.005000000000000000100, 0.09507005106467174300, 0.8379079049262315700 ) ) ;
#1456 = LINE ( 'NONE', #1477, #706 ) ;
#1457 = VECTOR ( 'NONE', #3192, 1000.000000000000000 ) ;
#1458 = CARTESIAN_POINT ( 'NONE',  ( 0.0000000000000000000, 0.09507005106467174300, 0.8379079049262315700 ) ) ;
#1459 = VECTOR ( 'NONE', #2747, 1000.000000000000200 ) ;
#1460 = ORIENTED_EDGE ( 'NONE', *, *, #2363, .F. ) ;
#1461 = AXIS2_PLACEMENT_3D ( 'NONE', #2013, #3082, #716 ) ;
#1462 = COLOUR_RGB ( '',0.8941176470588234600, 0.9137254901960784000, 0.9294117647058823800 ) ;
#1463 = DIRECTION ( 'NONE',  ( 0.0000000000000000000, -0.9611542233438690200, -0.2760118818968558800 ) ) ;
#1464 = PRESENTATION_LAYER_ASSIGNMENT (  '', '', ( #2292 ) ) ;
#1465 = SURFACE_STYLE_FILL_AREA ( #1325 ) ;
#1466 = EDGE_CURVE ( 'NONE', #2719, #2144, #2951, .T. ) ;
#1467 = DIRECTION ( 'NONE',  ( 0.0000000000000000000, 0.0000000000000000000, -1.000000000000000000 ) ) ;
#1468 = DIRECTION ( 'NONE',  ( 0.0000000000000000000, -0.3829140317376404900, -0.9237839814038915100 ) ) ;
#1469 = ORIENTED_EDGE ( 'NONE', *, *, #1425, .T. ) ;
#1470 = LINE ( 'NONE', #2968, #2283 ) ;
#1471 = LINE ( 'NONE', #2807, #563 ) ;
#1472 = CARTESIAN_POINT ( 'NONE',  ( 0.0000000000000000000, 0.2321410128892255100, 1.448411777761571300 ) ) ;
#1473 = ORIENTED_EDGE ( 'NONE', *, *, #2516, .T. ) ;
#1474 = ORIENTED_EDGE ( 'NONE', *, *, #2403, .F. ) ;
#1475 = VECTOR ( 'NONE', #10, 1000.000000000000000 ) ;
#1476 = EDGE_LOOP ( 'NONE', ( #3382, #929 ) ) ;
#1477 = CARTESIAN_POINT ( 'NONE',  ( -0.005000000000000000100, 0.09507005106467179800, 1.158826263502345200 ) ) ;
#1478 = SURFACE_SIDE_STYLE ('',( #1442 ) ) ;
#1479 = LINE ( 'NONE', #3128, #1360 ) ;
#1480 = SURFACE_SIDE_STYLE ('',( #1168 ) ) ;
#1481 = ORIENTED_EDGE ( 'NONE', *, *, #1532, .F. ) ;
#1482 = LINE ( 'NONE', #2148, #783 ) ;
#1483 = DIRECTION ( 'NONE',  ( 1.000000000000000000, 0.0000000000000000000, 0.0000000000000000000 ) ) ;
#1484 = ORIENTED_EDGE ( 'NONE', *, *, #2409, .F. ) ;
#1485 = MECHANICAL_DESIGN_GEOMETRIC_PRESENTATION_REPRESENTATION (  '', ( #1201 ), #2909 ) ;
#1486 =( NAMED_UNIT ( * ) SI_UNIT ( $, .STERADIAN. ) SOLID_ANGLE_UNIT ( ) );
#1487 = PRESENTATION_LAYER_ASSIGNMENT (  '', '', ( #1762 ) ) ;
#1488 = FILL_AREA_STYLE ('',( #3320 ) ) ;
#1489 = CARTESIAN_POINT ( 'NONE',  ( -0.005000000000000000100, 0.03476001023383374500, -1.359567045965704100 ) ) ;
#1490 = DIRECTION ( 'NONE',  ( 1.000000000000000000, 0.0000000000000000000, 0.0000000000000000000 ) ) ;
#1491 = EDGE_CURVE ( 'NONE', #548, #2810, #663, .T. ) ;
#1492 = DIRECTION ( 'NONE',  ( 0.0000000000000000000, 1.000000000000000000, -1.224646799147353200E-016 ) ) ;
#1493 = AXIS2_PLACEMENT_3D ( 'NONE', #165, #3312, #2242 ) ;
#1494 = CIRCLE ( 'NONE', #1956, 3.118749999999999900 ) ;
#1495 = ORIENTED_EDGE ( 'NONE', *, *, #136, .F. ) ;
#1496 =( NAMED_UNIT ( * ) PLANE_ANGLE_UNIT ( ) SI_UNIT ( $, .RADIAN. ) );
#1497 = FILL_AREA_STYLE ('',( #3077 ) ) ;
#1498 = AXIS2_PLACEMENT_3D ( 'NONE', #2458, #902, #650 ) ;
#1499 = EDGE_LOOP ( 'NONE', ( #3337, #2408, #2921, #2808 ) ) ;
#1500 = CARTESIAN_POINT ( 'NONE',  ( -0.005000000000000000100, -0.3712800000000227600, 1.057051364255605400 ) ) ;
#1501 =( NAMED_UNIT ( * ) SI_UNIT ( $, .STERADIAN. ) SOLID_ANGLE_UNIT ( ) );
#1502 = PRESENTATION_STYLE_ASSIGNMENT (( #1062 ) ) ;
#1503 = ADVANCED_FACE ( 'NONE', ( #1535 ), #626, .F. ) ;
#1504 = ORIENTED_EDGE ( 'NONE', *, *, #2426, .T. ) ;
#1505 = DIRECTION ( 'NONE',  ( 0.0000000000000000000, -1.000000000000000000, 1.903994955167361300E-016 ) ) ;
#1506 = SURFACE_STYLE_FILL_AREA ( #1676 ) ;
#1507 = DIRECTION ( 'NONE',  ( 0.0000000000000000000, 0.7145695586383381500, -0.6995643972268819100 ) ) ;
#1508 = AXIS2_PLACEMENT_3D ( 'NONE', #3401, #1019, #2640 ) ;
#1509 = EDGE_CURVE ( 'NONE', #2989, #1070, #658, .T. ) ;
#1510 = LINE ( 'NONE', #1949, #478 ) ;
#1511 = FILL_AREA_STYLE_COLOUR ( '', #2828 ) ;
#1512 =( LENGTH_UNIT ( ) NAMED_UNIT ( * ) SI_UNIT ( .MILLI., .METRE. ) );
#1513 = FILL_AREA_STYLE ('',( #1526 ) ) ;
#1514 = UNCERTAINTY_MEASURE_WITH_UNIT (LENGTH_MEASURE( 1.000000000000000100E-005 ), #348, 'distance_accuracy_value', 'NONE');
#1515 = ORIENTED_EDGE ( 'NONE', *, *, #935, .F. ) ;
#1516 = PRESENTATION_LAYER_ASSIGNMENT (  '', '', ( #879 ) ) ;
#1517 = DIRECTION ( 'NONE',  ( 1.000000000000000000, 0.0000000000000000000, 0.0000000000000000000 ) ) ;
#1518 = ORIENTED_EDGE ( 'NONE', *, *, #648, .F. ) ;
#1519 = PRODUCT_RELATED_PRODUCT_CATEGORY ( 'part', '', ( #170 ) ) ;
#1520 = CARTESIAN_POINT ( 'NONE',  ( 0.0000000000000000000, -0.3712800000000227600, 1.057051364255605400 ) ) ;
#1521 = DIRECTION ( 'NONE',  ( 0.0000000000000000000, 0.0000000000000000000, -1.000000000000000000 ) ) ;
#1522 = ORIENTED_EDGE ( 'NONE', *, *, #2316, .T. ) ;
#1523 = ORIENTED_EDGE ( 'NONE', *, *, #2960, .T. ) ;
#1524 =( LENGTH_UNIT ( ) NAMED_UNIT ( * ) SI_UNIT ( .MILLI., .METRE. ) );
#1525 = PRESENTATION_LAYER_ASSIGNMENT (  '', '', ( #528 ) ) ;
#1526 = FILL_AREA_STYLE_COLOUR ( '', #3271 ) ;
#1527 = ORIENTED_EDGE ( 'NONE', *, *, #3022, .T. ) ;
#1528 = LINE ( 'NONE', #2792, #138 ) ;
#1529 = STYLED_ITEM ( 'NONE', ( #720 ), #3218 ) ;
#1530 = CARTESIAN_POINT ( 'NONE',  ( -0.005000000000000000100, 0.3765290351657325500, 0.6170636496931823900 ) ) ;
#1531 =( LENGTH_UNIT ( ) NAMED_UNIT ( * ) SI_UNIT ( .MILLI., .METRE. ) );
#1532 = EDGE_CURVE ( 'NONE', #961, #970, #1112, .T. ) ;
#1533 = LINE ( 'NONE', #2046, #2822 ) ;
#1534 =( GEOMETRIC_REPRESENTATION_CONTEXT ( 3 ) GLOBAL_UNCERTAINTY_ASSIGNED_CONTEXT ( ( #459 ) ) GLOBAL_UNIT_ASSIGNED_CONTEXT ( ( #866, #2948, #1065 ) ) REPRESENTATION_CONTEXT ( 'NONE', 'WORKASPACE' ) );
#1535 = FACE_OUTER_BOUND ( 'NONE', #3087, .T. ) ;
#1536 = PLANE ( 'NONE',  #791 ) ;
#1537 =( LENGTH_UNIT ( ) NAMED_UNIT ( * ) SI_UNIT ( .MILLI., .METRE. ) );
#1538 = FACE_OUTER_BOUND ( 'NONE', #2974, .T. ) ;
#1539 = UNCERTAINTY_MEASURE_WITH_UNIT (LENGTH_MEASURE( 1.000000000000000100E-005 ), #1436, 'distance_accuracy_value', 'NONE');
#1540 = EDGE_CURVE ( 'NONE', #548, #942, #2430, .T. ) ;
#1541 = SURFACE_STYLE_USAGE ( .BOTH. , #3174 ) ;
#1542 = CARTESIAN_POINT ( 'NONE',  ( -0.005000000000000000100, 0.3765290351657325500, 0.2890796929256097000 ) ) ;
#1543 = SURFACE_STYLE_USAGE ( .BOTH. , #2846 ) ;
#1544 = CARTESIAN_POINT ( 'NONE',  ( -0.005000000000000000100, -0.04314917537418731800, 1.119339603530974600 ) ) ;
#1545 = SURFACE_STYLE_FILL_AREA ( #808 ) ;
#1546 =( LENGTH_UNIT ( ) NAMED_UNIT ( * ) SI_UNIT ( .MILLI., .METRE. ) );
#1547 = DIRECTION ( 'NONE',  ( 0.0000000000000000000, -0.002813301676022605800, 0.9999960426590096500 ) ) ;
#1548 = FILL_AREA_STYLE_COLOUR ( '', #600 ) ;
#1549 = PRESENTATION_LAYER_ASSIGNMENT (  '', '', ( #1938 ) ) ;
#1550 = CARTESIAN_POINT ( 'NONE',  ( 0.0000000000000000000, -0.06649415775543193700, -0.009025292283876100400 ) ) ;
#1551 = FILL_AREA_STYLE_COLOUR ( '', #1462 ) ;
#1552 = EDGE_CURVE ( 'NONE', #2575, #1289, #2865, .T. ) ;
#1553 = ORIENTED_EDGE ( 'NONE', *, *, #2231, .F. ) ;
#1554 = CARTESIAN_POINT ( 'NONE',  ( -0.005000000000000000100, -0.3712800000000229300, 0.4920596983754887400 ) ) ;
#1555 = CARTESIAN_POINT ( 'NONE',  ( -0.005000000000000000100, 0.3765290351657323300, 0.05287055896081838800 ) ) ;
#1556 = MECHANICAL_DESIGN_GEOMETRIC_PRESENTATION_REPRESENTATION (  '', ( #320 ), #1718 ) ;
#1557 = ORIENTED_EDGE ( 'NONE', *, *, #2674, .F. ) ;
#1558 = CARTESIAN_POINT ( 'NONE',  ( 0.0000000000000000000, -0.3712800000000230400, 0.05098965914737403600 ) ) ;
#1559 = DIRECTION ( 'NONE',  ( 1.000000000000000000, 0.0000000000000000000, 0.0000000000000000000 ) ) ;
#1560 = SURFACE_SIDE_STYLE ('',( #2837 ) ) ;
#1561 = ORIENTED_EDGE ( 'NONE', *, *, #712, .F. ) ;
#1562 = CARTESIAN_POINT ( 'NONE',  ( 27.99999999999999600, 1.250000000000000000, 0.0000000000000000000 ) ) ;
#1563 = ORIENTED_EDGE ( 'NONE', *, *, #935, .T. ) ;
#1564 = STYLED_ITEM ( 'NONE', ( #2240 ), #3274 ) ;
#1565 = MECHANICAL_DESIGN_GEOMETRIC_PRESENTATION_REPRESENTATION (  '', ( #656 ), #2862 ) ;
#1566 = VERTEX_POINT ( 'NONE', #1443 ) ;
#1567 = CARTESIAN_POINT ( 'NONE',  ( -0.005000000000000000100, -0.04314917537418737300, 0.7984667207811639900 ) ) ;
#1568 =( LENGTH_UNIT ( ) NAMED_UNIT ( * ) SI_UNIT ( .MILLI., .METRE. ) );
#1569 =( GEOMETRIC_REPRESENTATION_CONTEXT ( 3 ) GLOBAL_UNCERTAINTY_ASSIGNED_CONTEXT ( ( #3361 ) ) GLOBAL_UNIT_ASSIGNED_CONTEXT ( ( #1512, #442, #1018 ) ) REPRESENTATION_CONTEXT ( 'NONE', 'WORKASPACE' ) );
#1570 = DIRECTION ( 'NONE',  ( 0.0000000000000000000, -2.043497108812547200E-016, -1.000000000000000000 ) ) ;
#1571 = DIRECTION ( 'NONE',  ( 0.0000000000000000000, 0.9237839814038915100, -0.3829140317376405500 ) ) ;
#1572 = AXIS2_PLACEMENT_3D ( 'NONE', #910, #1984, #926 ) ;
#1573 = COLOUR_RGB ( '',0.8980392156862745400, 0.9215686274509803400, 0.9294117647058823800 ) ;
#1574 = CARTESIAN_POINT ( 'NONE',  ( -0.005000000000000000100, 0.3765290351657323300, -1.695892613889854500 ) ) ;
#1575 = EDGE_CURVE ( 'NONE', #2989, #134, #1976, .T. ) ;
#1576 = LINE ( 'NONE', #1871, #2190 ) ;
#1577 = CIRCLE ( 'NONE', #1780, 0.2812499999999998300 ) ;
#1578 = PRESENTATION_LAYER_ASSIGNMENT (  '', '', ( #3000 ) ) ;
#1579 = CARTESIAN_POINT ( 'NONE',  ( 0.0000000000000000000, 0.09509506277018961500, -0.7617952360291209100 ) ) ;
#1580 = DIRECTION ( 'NONE',  ( 0.0000000000000000000, -1.903994955167360800E-016, -1.000000000000000000 ) ) ;
#1581 = FACE_OUTER_BOUND ( 'NONE', #1835, .T. ) ;
#1582 = LINE ( 'NONE', #1622, #2524 ) ;
#1583 = ORIENTED_EDGE ( 'NONE', *, *, #2237, .F. ) ;
#1584 =( NAMED_UNIT ( * ) PLANE_ANGLE_UNIT ( ) SI_UNIT ( $, .RADIAN. ) );
#1585 = FILL_AREA_STYLE ('',( #3165 ) ) ;
#1586 = PRESENTATION_STYLE_ASSIGNMENT (( #3183 ) ) ;
#1587 = ORIENTED_EDGE ( 'NONE', *, *, #1839, .F. ) ;
#1588 = DIRECTION ( 'NONE',  ( 0.0000000000000000000, 0.9619530280415594700, 0.2732148821745891700 ) ) ;
#1589 = DIRECTION ( 'NONE',  ( 0.0000000000000000000, 6.723885967566622100E-016, 1.000000000000000000 ) ) ;
#1590 = ORIENTED_EDGE ( 'NONE', *, *, #2746, .T. ) ;
#1591 = PLANE ( 'NONE',  #1416 ) ;
#1592 = EDGE_CURVE ( 'NONE', #1141, #168, #3023, .T. ) ;
#1593 = LINE ( 'NONE', #1759, #900 ) ;
#1594 = UNCERTAINTY_MEASURE_WITH_UNIT (LENGTH_MEASURE( 1.000000000000000100E-005 ), #426, 'distance_accuracy_value', 'NONE');
#1595 =( NAMED_UNIT ( * ) PLANE_ANGLE_UNIT ( ) SI_UNIT ( $, .RADIAN. ) );
#1596 = ORIENTED_EDGE ( 'NONE', *, *, #1782, .F. ) ;
#1597 = MECHANICAL_DESIGN_GEOMETRIC_PRESENTATION_REPRESENTATION (  '', ( #952 ), #3126 ) ;
#1598 = LINE ( 'NONE', #186, #1147 ) ;
#1599 = EDGE_CURVE ( 'NONE', #1120, #354, #2552, .T. ) ;
#1600 = ORIENTED_EDGE ( 'NONE', *, *, #3375, .F. ) ;
#1601 = FILL_AREA_STYLE ('',( #519 ) ) ;
#1602 = COLOUR_RGB ( '',0.0000000000000000000, 0.0000000000000000000, 0.0000000000000000000 ) ;
#1603 = ORIENTED_EDGE ( 'NONE', *, *, #812, .F. ) ;
#1604 =( NAMED_UNIT ( * ) SI_UNIT ( $, .STERADIAN. ) SOLID_ANGLE_UNIT ( ) );
#1605 =( LENGTH_UNIT ( ) NAMED_UNIT ( * ) SI_UNIT ( .MILLI., .METRE. ) );
#1606 = ORIENTED_EDGE ( 'NONE', *, *, #212, .F. ) ;
#1607 =( NAMED_UNIT ( * ) PLANE_ANGLE_UNIT ( ) SI_UNIT ( $, .RADIAN. ) );
#1608 = VECTOR ( 'NONE', #149, 1000.000000000000000 ) ;
#1609 = CARTESIAN_POINT ( 'NONE',  ( -0.005000000000000000100, -0.2289815919431452400, 1.097429350422237000 ) ) ;
#1610 = CARTESIAN_POINT ( 'NONE',  ( -0.005000000000000000100, 0.09509506277018967000, -0.4408268540441236900 ) ) ;
#1611 =( NAMED_UNIT ( * ) SI_UNIT ( $, .STERADIAN. ) SOLID_ANGLE_UNIT ( ) );
#1612 = EDGE_CURVE ( 'NONE', #1317, #448, #1724, .T. ) ;
#1613 = VECTOR ( 'NONE', #2520, 1000.000000000000000 ) ;
#1614 = SURFACE_SIDE_STYLE ('',( #2395 ) ) ;
#1615 = FILL_AREA_STYLE_COLOUR ( '', #3149 ) ;
#1616 = AXIS2_PLACEMENT_3D ( 'NONE', #2677, #551, #560 ) ;
#1617 = SURFACE_STYLE_FILL_AREA ( #2044 ) ;
#1618 = EDGE_CURVE ( 'NONE', #479, #2220, #2773, .T. ) ;
#1619 = DIRECTION ( 'NONE',  ( 0.0000000000000000000, 0.2732148821745891700, -0.9619530280415594700 ) ) ;
#1620 = DIRECTION ( 'NONE',  ( 0.0000000000000000000, 1.224646799147354700E-016, 1.000000000000000000 ) ) ;
#1621 = CARTESIAN_POINT ( 'NONE',  ( -0.005000000000000000100, -0.04314917537418737300, 0.7984667207811639900 ) ) ;
#1622 = CARTESIAN_POINT ( 'NONE',  ( -0.005000000000000000100, 0.2341624133683116400, 0.8783813903281680900 ) ) ;
#1623 = ORIENTED_EDGE ( 'NONE', *, *, #1674, .F. ) ;
#1624 =( LENGTH_UNIT ( ) NAMED_UNIT ( * ) SI_UNIT ( .MILLI., .METRE. ) );
#1625 = PRESENTATION_LAYER_ASSIGNMENT (  '', '', ( #507 ) ) ;
#1626 = ADVANCED_FACE ( 'NONE', ( #1682 ), #2204, .F. ) ;
#1627 = ORIENTED_EDGE ( 'NONE', *, *, #3329, .T. ) ;
#1628 =( LENGTH_UNIT ( ) NAMED_UNIT ( * ) SI_UNIT ( .MILLI., .METRE. ) );
#1629 =( LENGTH_UNIT ( ) NAMED_UNIT ( * ) SI_UNIT ( .MILLI., .METRE. ) );
#1630 = ORIENTED_EDGE ( 'NONE', *, *, #2231, .T. ) ;
#1631 = FILL_AREA_STYLE_COLOUR ( '', #2505 ) ;
#1632 = ORIENTED_EDGE ( 'NONE', *, *, #2359, .T. ) ;
#1633 = EDGE_CURVE ( 'NONE', #2220, #479, #2593, .T. ) ;
#1634 = VECTOR ( 'NONE', #1943, 1000.000000000000100 ) ;
#1635 =( LENGTH_UNIT ( ) NAMED_UNIT ( * ) SI_UNIT ( .MILLI., .METRE. ) );
#1636 = MECHANICAL_DESIGN_GEOMETRIC_PRESENTATION_REPRESENTATION (  '', ( #2538 ), #2777 ) ;
#1637 = ORIENTED_EDGE ( 'NONE', *, *, #1006, .F. ) ;
#1638 = DIRECTION ( 'NONE',  ( 0.0000000000000000000, 0.9601763114327596100, 0.2793947940878291300 ) ) ;
#1639 = ORIENTED_EDGE ( 'NONE', *, *, #1067, .F. ) ;
#1640 =( NAMED_UNIT ( * ) PLANE_ANGLE_UNIT ( ) SI_UNIT ( $, .RADIAN. ) );
#1641 = CARTESIAN_POINT ( 'NONE',  ( 8.133749999999999100, 0.0000000000000000000, 0.0000000000000000000 ) ) ;
#1642 = VECTOR ( 'NONE', #458, 1000.000000000000200 ) ;
#1643 =( GEOMETRIC_REPRESENTATION_CONTEXT ( 3 ) GLOBAL_UNCERTAINTY_ASSIGNED_CONTEXT ( ( #1048 ) ) GLOBAL_UNIT_ASSIGNED_CONTEXT ( ( #2687, #2676, #1604 ) ) REPRESENTATION_CONTEXT ( 'NONE', 'WORKASPACE' ) );
#1644 =( NAMED_UNIT ( * ) PLANE_ANGLE_UNIT ( ) SI_UNIT ( $, .RADIAN. ) );
#1645 = CIRCLE ( 'NONE', #49, 0.2750000000000000200 ) ;
#1646 = FILL_AREA_STYLE ('',( #2705 ) ) ;
#1647 = FILL_AREA_STYLE_COLOUR ( '', #1185 ) ;
#1648 = LINE ( 'NONE', #1833, #845 ) ;
#1649 = UNCERTAINTY_MEASURE_WITH_UNIT (LENGTH_MEASURE( 1.000000000000000100E-005 ), #1537, 'distance_accuracy_value', 'NONE');
#1650 = EDGE_CURVE ( 'NONE', #2801, #1020, #1078, .T. ) ;
#1651 = CYLINDRICAL_SURFACE ( 'NONE', #517, 3.399999999999999900 ) ;
#1652 =( NAMED_UNIT ( * ) PLANE_ANGLE_UNIT ( ) SI_UNIT ( $, .RADIAN. ) );
#1653 = DIRECTION ( 'NONE',  ( 0.0000000000000000000, 0.0000000000000000000, 1.000000000000000000 ) ) ;
#1654 = VERTEX_POINT ( 'NONE', #1746 ) ;
#1655 = EDGE_CURVE ( 'NONE', #444, #3046, #589, .T. ) ;
#1656 = CARTESIAN_POINT ( 'NONE',  ( 27.99999999999999600, 1.250000000000000000, 0.0000000000000000000 ) ) ;
#1657 = DIRECTION ( 'NONE',  ( 0.0000000000000000000, -1.000000000000000000, 2.104574761018632200E-016 ) ) ;
#1658 = PRESENTATION_LAYER_ASSIGNMENT (  '', '', ( #1163 ) ) ;
#1659 = ORIENTED_EDGE ( 'NONE', *, *, #1318, .F. ) ;
#1660 =( NAMED_UNIT ( * ) SI_UNIT ( $, .STERADIAN. ) SOLID_ANGLE_UNIT ( ) );
#1661 = ORIENTED_EDGE ( 'NONE', *, *, #407, .T. ) ;
#1662 = AXIS2_PLACEMENT_3D ( 'NONE', #1656, #1420, #3305 ) ;
#1663 = ADVANCED_FACE ( 'NONE', ( #2060 ), #930, .F. ) ;
#1664 = ORIENTED_EDGE ( 'NONE', *, *, #2723, .F. ) ;
#1665 = AXIS2_PLACEMENT_3D ( 'NONE', #2081, #3169, #532 ) ;
#1666 = LINE ( 'NONE', #1332, #1475 ) ;
#1667 = ORIENTED_EDGE ( 'NONE', *, *, #94, .F. ) ;
#1668 =( NAMED_UNIT ( * ) SI_UNIT ( $, .STERADIAN. ) SOLID_ANGLE_UNIT ( ) );
#1669 =( NAMED_UNIT ( * ) PLANE_ANGLE_UNIT ( ) SI_UNIT ( $, .RADIAN. ) );
#1670 = ORIENTED_EDGE ( 'NONE', *, *, #27, .F. ) ;
#1671 = STYLED_ITEM ( 'NONE', ( #928 ), #371 ) ;
#1672 = SURFACE_STYLE_USAGE ( .BOTH. , #1423 ) ;
#1673 =( LENGTH_UNIT ( ) NAMED_UNIT ( * ) SI_UNIT ( .MILLI., .METRE. ) );
#1674 = EDGE_CURVE ( 'NONE', #1320, #2632, #2641, .T. ) ;
#1675 = VERTEX_POINT ( 'NONE', #3352 ) ;
#1676 = FILL_AREA_STYLE ('',( #2487 ) ) ;
#1677 = AXIS2_PLACEMENT_3D ( 'NONE', #1389, #100, #2221 ) ;
#1678 = ORIENTED_EDGE ( 'NONE', *, *, #1301, .T. ) ;
#1679 =( NAMED_UNIT ( * ) PLANE_ANGLE_UNIT ( ) SI_UNIT ( $, .RADIAN. ) );
#1680 = CARTESIAN_POINT ( 'NONE',  ( -0.005000000000000000100, 0.3765290351657321100, -1.256564298808674900 ) ) ;
#1681 = CARTESIAN_POINT ( 'NONE',  ( 0.0000000000000000000, -0.3712800000000232000, -0.1483695419528172400 ) ) ;
#1682 = FACE_OUTER_BOUND ( 'NONE', #1056, .T. ) ;
#1683 = DIRECTION ( 'NONE',  ( 1.000000000000000000, 0.0000000000000000000, 0.0000000000000000000 ) ) ;
#1684 = SURFACE_STYLE_FILL_AREA ( #3256 ) ;
#1685 = MECHANICAL_DESIGN_GEOMETRIC_PRESENTATION_REPRESENTATION (  '', ( #1869 ), #290 ) ;
#1686 = DIRECTION ( 'NONE',  ( 0.0000000000000000000, 0.0000000000000000000, -1.000000000000000000 ) ) ;
#1687 = COLOUR_RGB ( '',0.0000000000000000000, 0.0000000000000000000, 0.0000000000000000000 ) ;
#1688 = ADVANCED_FACE ( 'NONE', ( #790 ), #2536, .F. ) ;
#1689 = ORIENTED_EDGE ( 'NONE', *, *, #496, .F. ) ;
#1690 = CARTESIAN_POINT ( 'NONE',  ( -0.005000000000000000100, -0.04314917537281623400, -0.8012364201750976600 ) ) ;
#1691 = DIRECTION ( 'NONE',  ( 0.0000000000000000000, 3.146308679943554500E-016, 1.000000000000000000 ) ) ;
#1692 =( GEOMETRIC_REPRESENTATION_CONTEXT ( 3 ) GLOBAL_UNCERTAINTY_ASSIGNED_CONTEXT ( ( #2561 ) ) GLOBAL_UNIT_ASSIGNED_CONTEXT ( ( #784, #1836, #1341 ) ) REPRESENTATION_CONTEXT ( 'NONE', 'WORKASPACE' ) );
#1693 = FACE_OUTER_BOUND ( 'NONE', #2008, .T. ) ;
#1694 = EDGE_CURVE ( 'NONE', #3323, #3334, #1528, .T. ) ;
#1695 = SURFACE_STYLE_USAGE ( .BOTH. , #1183 ) ;
#1696 =( GEOMETRIC_REPRESENTATION_CONTEXT ( 3 ) GLOBAL_UNCERTAINTY_ASSIGNED_CONTEXT ( ( #115 ) ) GLOBAL_UNIT_ASSIGNED_CONTEXT ( ( #1846, #1032, #2321 ) ) REPRESENTATION_CONTEXT ( 'NONE', 'WORKASPACE' ) );
#1697 = FACE_OUTER_BOUND ( 'NONE', #289, .T. ) ;
#1698 = EDGE_LOOP ( 'NONE', ( #80, #1922 ) ) ;
#1699 =( NAMED_UNIT ( * ) PLANE_ANGLE_UNIT ( ) SI_UNIT ( $, .RADIAN. ) );
#1700 = COLOUR_RGB ( '',0.8980392156862745400, 0.9215686274509803400, 0.9294117647058823800 ) ;
#1701 = EDGE_CURVE ( 'NONE', #510, #1120, #2181, .T. ) ;
#1702 = FACE_OUTER_BOUND ( 'NONE', #2343, .T. ) ;
#1703 = ORIENTED_EDGE ( 'NONE', *, *, #317, .T. ) ;
#1704 = DIRECTION ( 'NONE',  ( 0.0000000000000000000, -0.9610664548999087200, -0.2763173343569341200 ) ) ;
#1705 = CARTESIAN_POINT ( 'NONE',  ( 0.0000000000000000000, -0.2290088774371915900, -0.4396490301452850000 ) ) ;
#1706 = ORIENTED_EDGE ( 'NONE', *, *, #2359, .F. ) ;
#1707 = LINE ( 'NONE', #2649, #2412 ) ;
#1708 = PRESENTATION_LAYER_ASSIGNMENT (  '', '', ( #2066 ) ) ;
#1709 = VECTOR ( 'NONE', #503, 1000.000000000000000 ) ;
#1710 = EDGE_LOOP ( 'NONE', ( #332, #3138, #8, #3120 ) ) ;
#1711 = VECTOR ( 'NONE', #1311, 1000.000000000000100 ) ;
#1712 = PLANE ( 'NONE',  #1794 ) ;
#1713 = ORIENTED_EDGE ( 'NONE', *, *, #2296, .F. ) ;
#1714 = MECHANICAL_DESIGN_GEOMETRIC_PRESENTATION_REPRESENTATION (  '', ( #1267 ), #1777 ) ;
#1715 = CARTESIAN_POINT ( 'NONE',  ( -0.005000000000000000100, 0.2976807737448715600, 0.4041367358181651200 ) ) ;
#1716 = ORIENTED_EDGE ( 'NONE', *, *, #2656, .F. ) ;
#1717 = FACE_OUTER_BOUND ( 'NONE', #1781, .T. ) ;
#1718 =( GEOMETRIC_REPRESENTATION_CONTEXT ( 3 ) GLOBAL_UNCERTAINTY_ASSIGNED_CONTEXT ( ( #2501 ) ) GLOBAL_UNIT_ASSIGNED_CONTEXT ( ( #272, #765, #789 ) ) REPRESENTATION_CONTEXT ( 'NONE', 'WORKASPACE' ) );
#1719 = ORIENTED_EDGE ( 'NONE', *, *, #2471, .F. ) ;
#1720 = SURFACE_STYLE_USAGE ( .BOTH. , #395 ) ;
#1721 = DIRECTION ( 'NONE',  ( 1.000000000000000000, 0.0000000000000000000, 0.0000000000000000000 ) ) ;
#1722 = LINE ( 'NONE', #2293, #370 ) ;
#1723 = SURFACE_SIDE_STYLE ('',( #2745 ) ) ;
#1724 = LINE ( 'NONE', #355, #1608 ) ;
#1725 = SURFACE_SIDE_STYLE ('',( #2489 ) ) ;
#1726 = AXIS2_PLACEMENT_3D ( 'NONE', #973, #2266, #2787 ) ;
#1727 =( GEOMETRIC_REPRESENTATION_CONTEXT ( 3 ) GLOBAL_UNCERTAINTY_ASSIGNED_CONTEXT ( ( #2203 ) ) GLOBAL_UNIT_ASSIGNED_CONTEXT ( ( #624, #1679, #1668 ) ) REPRESENTATION_CONTEXT ( 'NONE', 'WORKASPACE' ) );
#1728 = FACE_BOUND ( 'NONE', #1096, .T. ) ;
#1729 = CARTESIAN_POINT ( 'NONE',  ( -0.005000000000000000100, 0.3765290351657323300, 0.7071558097653002400 ) ) ;
#1730 = DIRECTION ( 'NONE',  ( 0.0000000000000000000, 0.0000000000000000000, -1.000000000000000000 ) ) ;
#1731 = STYLED_ITEM ( 'NONE', ( #2663 ), #2491 ) ;
#1732 =( LENGTH_UNIT ( ) NAMED_UNIT ( * ) SI_UNIT ( .MILLI., .METRE. ) );
#1733 = VECTOR ( 'NONE', #2427, 1000.000000000000100 ) ;
#1734 = ORIENTED_EDGE ( 'NONE', *, *, #3265, .F. ) ;
#1735 = LINE ( 'NONE', #1194, #3205 ) ;
#1736 = DIRECTION ( 'NONE',  ( 1.000000000000000000, 0.0000000000000000000, 0.0000000000000000000 ) ) ;
#1737 = CARTESIAN_POINT ( 'NONE',  ( -0.005000000000000000100, 0.2341874250734345700, -0.7213217506263035500 ) ) ;
#1738 = PRESENTATION_LAYER_ASSIGNMENT (  '', '', ( #2515 ) ) ;
#1739 = CARTESIAN_POINT ( 'NONE',  ( 0.0000000000000000000, 0.3765290351657323300, -0.2655948525824784500 ) ) ;
#1740 = DIRECTION ( 'NONE',  ( 0.0000000000000000000, 0.9612934544747654400, 0.2755265765474755900 ) ) ;
#1741 = VERTEX_POINT ( 'NONE', #1987 ) ;
#1742 =( GEOMETRIC_REPRESENTATION_CONTEXT ( 3 ) GLOBAL_UNCERTAINTY_ASSIGNED_CONTEXT ( ( #1179 ) ) GLOBAL_UNIT_ASSIGNED_CONTEXT ( ( #1968, #654, #2497 ) ) REPRESENTATION_CONTEXT ( 'NONE', 'WORKASPACE' ) );
#1743 = SURFACE_STYLE_FILL_AREA ( #2191 ) ;
#1744 =( LENGTH_UNIT ( ) NAMED_UNIT ( * ) SI_UNIT ( .MILLI., .METRE. ) );
#1745 = VERTEX_POINT ( 'NONE', #672 ) ;
#1746 = CARTESIAN_POINT ( 'NONE',  ( 0.0000000000000000000, -0.3712800000000226500, 1.487943913559163700 ) ) ;
#1747 = DIRECTION ( 'NONE',  ( 1.000000000000000000, 0.0000000000000000000, 0.0000000000000000000 ) ) ;
#1748 = VERTEX_POINT ( 'NONE', #1217 ) ;
#1749 = DIRECTION ( 'NONE',  ( 1.000000000000000000, 0.0000000000000000000, 0.0000000000000000000 ) ) ;
#1750 = CARTESIAN_POINT ( 'NONE',  ( -0.005000000000000000100, -0.04314917537281623400, -0.4803135140163639600 ) ) ;
#1751 =( GEOMETRIC_REPRESENTATION_CONTEXT ( 3 ) GLOBAL_UNCERTAINTY_ASSIGNED_CONTEXT ( ( #2264 ) ) GLOBAL_UNIT_ASSIGNED_CONTEXT ( ( #1117, #1144, #1660 ) ) REPRESENTATION_CONTEXT ( 'NONE', 'WORKASPACE' ) );
#1752 = DIRECTION ( 'NONE',  ( 0.0000000000000000000, -0.9610664548999087200, -0.2763173343569341200 ) ) ;
#1753 = UNCERTAINTY_MEASURE_WITH_UNIT (LENGTH_MEASURE( 1.000000000000000100E-005 ), #1298, 'distance_accuracy_value', 'NONE');
#1754 = VERTEX_POINT ( 'NONE', #2250 ) ;
#1755 = ORIENTED_EDGE ( 'NONE', *, *, #1612, .F. ) ;
#1756 = PRESENTATION_LAYER_ASSIGNMENT (  '', '', ( #2490 ) ) ;
#1757 = VECTOR ( 'NONE', #991, 1000.000000000000100 ) ;
#1758 = FILL_AREA_STYLE ('',( #2834 ) ) ;
#1759 = CARTESIAN_POINT ( 'NONE',  ( -0.005000000000000000100, -0.3712800000000231500, -1.698157310639708500 ) ) ;
#1760 = EDGE_CURVE ( 'NONE', #388, #354, #1371, .T. ) ;
#1761 = ADVANCED_FACE ( 'NONE', ( #2817 ), #237, .F. ) ;
#1762 = STYLED_ITEM ( 'NONE', ( #1175 ), #627 ) ;
#1763 = PRESENTATION_STYLE_ASSIGNMENT (( #1767 ) ) ;
#1764 = CARTESIAN_POINT ( 'NONE',  ( 0.0000000000000000000, 0.3765290351657321100, -1.256564298808674900 ) ) ;
#1765 = EDGE_CURVE ( 'NONE', #2404, #1754, #2146, .T. ) ;
#1766 = SURFACE_STYLE_USAGE ( .BOTH. , #1174 ) ;
#1767 = SURFACE_STYLE_USAGE ( .BOTH. , #719 ) ;
#1768 = DIRECTION ( 'NONE',  ( -0.0000000000000000000, -0.7083077534943953400, -0.7059037656364518500 ) ) ;
#1769 = SURFACE_STYLE_FILL_AREA ( #2851 ) ;
#1770 = SURFACE_STYLE_FILL_AREA ( #2449 ) ;
#1771 = VERTEX_POINT ( 'NONE', #2568 ) ;
#1772 = DIRECTION ( 'NONE',  ( 0.0000000000000000000, 0.0000000000000000000, -1.000000000000000000 ) ) ;
#1773 = DIRECTION ( 'NONE',  ( 0.0000000000000000000, -0.7083077534943953400, -0.7059037656364519600 ) ) ;
#1774 = SURFACE_SIDE_STYLE ('',( #2020 ) ) ;
#1775 = VECTOR ( 'NONE', #19, 1000.000000000000000 ) ;
#1776 = UNCERTAINTY_MEASURE_WITH_UNIT (LENGTH_MEASURE( 1.000000000000000100E-005 ), #419, 'distance_accuracy_value', 'NONE');
#1777 =( GEOMETRIC_REPRESENTATION_CONTEXT ( 3 ) GLOBAL_UNCERTAINTY_ASSIGNED_CONTEXT ( ( #1594 ) ) GLOBAL_UNIT_ASSIGNED_CONTEXT ( ( #426, #2503, #1988 ) ) REPRESENTATION_CONTEXT ( 'NONE', 'WORKASPACE' ) );
#1778 = FILL_AREA_STYLE ('',( #250 ) ) ;
#1779 = DIRECTION ( 'NONE',  ( 0.0000000000000000000, -3.147719821763145200E-016, -1.000000000000000000 ) ) ;
#1780 = AXIS2_PLACEMENT_3D ( 'NONE', #2099, #1361, #1348 ) ;
#1781 = EDGE_LOOP ( 'NONE', ( #566, #982, #883, #3001, #400, #476, #2749, #365, #3216, #244, #1627, #2127, #287, #47, #1103, #264, #1851 ) ) ;
#1782 = EDGE_CURVE ( 'NONE', #53, #2810, #3189, .T. ) ;
#1783 = LINE ( 'NONE', #633, #724 ) ;
#1784 = ADVANCED_FACE ( 'NONE', ( #3267 ), #3099, .F. ) ;
#1785 = CARTESIAN_POINT ( 'NONE',  ( -0.005000000000000000100, -0.3712800000000226500, 1.487943913559163700 ) ) ;
#1786 = CARTESIAN_POINT ( 'NONE',  ( -0.005000000000000000100, 0.2341624133683116400, 0.8783813903281680900 ) ) ;
#1787 = EDGE_LOOP ( 'NONE', ( #1231, #2911, #1522, #2385, #1678, #807, #775, #484, #1254, #2462, #3212, #1661, #1945, #1074, #160, #2050, #50, #2281, #248, #1406, #3403, #2890, #743 ) ) ;
#1788 = LINE ( 'NONE', #52, #1433 ) ;
#1789 = APPLICATION_PROTOCOL_DEFINITION ( 'draft international standard', 'automotive_design', 1998, #475 ) ;
#1790 = COLOUR_RGB ( '',0.0000000000000000000, 0.0000000000000000000, 0.0000000000000000000 ) ;
#1791 = FILL_AREA_STYLE ('',( #2868 ) ) ;
#1792 = ORIENTED_EDGE ( 'NONE', *, *, #2256, .F. ) ;
#1793 = DIRECTION ( 'NONE',  ( 1.000000000000000000, 0.0000000000000000000, 0.0000000000000000000 ) ) ;
#1794 = AXIS2_PLACEMENT_3D ( 'NONE', #3289, #2511, #123 ) ;
#1795 = LINE ( 'NONE', #803, #249 ) ;
#1796 = FILL_AREA_STYLE ('',( #3328 ) ) ;
#1797 = ORIENTED_EDGE ( 'NONE', *, *, #2207, .T. ) ;
#1798 = UNCERTAINTY_MEASURE_WITH_UNIT (LENGTH_MEASURE( 1.000000000000000100E-005 ), #470, 'distance_accuracy_value', 'NONE');
#1799 = ORIENTED_EDGE ( 'NONE', *, *, #515, .F. ) ;
#1800 = FILL_AREA_STYLE_COLOUR ( '', #3153 ) ;
#1801 = CARTESIAN_POINT ( 'NONE',  ( 0.0000000000000000000, -0.3712800000000232000, -0.4353174582870751300 ) ) ;
#1802 =( GEOMETRIC_REPRESENTATION_CONTEXT ( 3 ) GLOBAL_UNCERTAINTY_ASSIGNED_CONTEXT ( ( #2478 ) ) GLOBAL_UNIT_ASSIGNED_CONTEXT ( ( #2920, #3400, #2597 ) ) REPRESENTATION_CONTEXT ( 'NONE', 'WORKASPACE' ) );
#1803 = VERTEX_POINT ( 'NONE', #2879 ) ;
#1804 =( NAMED_UNIT ( * ) SI_UNIT ( $, .STERADIAN. ) SOLID_ANGLE_UNIT ( ) );
#1805 = SURFACE_STYLE_USAGE ( .BOTH. , #2580 ) ;
#1806 = COLOUR_RGB ( '',0.0000000000000000000, 0.0000000000000000000, 0.0000000000000000000 ) ;
#1807 = EDGE_CURVE ( 'NONE', #240, #3323, #1722, .T. ) ;
#1808 = VECTOR ( 'NONE', #443, 1000.000000000000000 ) ;
#1809 = MECHANICAL_DESIGN_GEOMETRIC_PRESENTATION_REPRESENTATION (  '', ( #1327 ), #1993 ) ;
#1810 = PRESENTATION_STYLE_ASSIGNMENT (( #2228 ) ) ;
#1811 = SURFACE_SIDE_STYLE ('',( #323 ) ) ;
#1812 = FACE_OUTER_BOUND ( 'NONE', #2651, .T. ) ;
#1813 = PLANE ( 'NONE',  #1508 ) ;
#1814 = FACE_OUTER_BOUND ( 'NONE', #2040, .T. ) ;
#1815 = DIRECTION ( 'NONE',  ( 0.0000000000000000000, -1.087414869261074500E-013, 1.000000000000000000 ) ) ;
#1816 = DIRECTION ( 'NONE',  ( 0.0000000000000000000, -0.4443210308329063600, 0.8958676361827028200 ) ) ;
#1817 = COLOUR_RGB ( '',0.8941176470588234600, 0.9137254901960784000, 0.9294117647058823800 ) ;
#1818 = LINE ( 'NONE', #855, #1733 ) ;
#1819 = EDGE_LOOP ( 'NONE', ( #3109, #1473, #2001, #1227 ) ) ;
#1820 = FILL_AREA_STYLE ('',( #1287 ) ) ;
#1821 = DIRECTION ( 'NONE',  ( 0.0000000000000000000, -1.000000000000000000, 3.147719821763145700E-016 ) ) ;
#1822 = ORIENTED_EDGE ( 'NONE', *, *, #199, .T. ) ;
#1823 =( GEOMETRIC_REPRESENTATION_CONTEXT ( 3 ) GLOBAL_UNCERTAINTY_ASSIGNED_CONTEXT ( ( #541 ) ) GLOBAL_UNIT_ASSIGNED_CONTEXT ( ( #2428, #867, #2727 ) ) REPRESENTATION_CONTEXT ( 'NONE', 'WORKASPACE' ) );
#1824 = CARTESIAN_POINT ( 'NONE',  ( -0.005000000000000000100, -0.3712800000000231500, -1.418794762131323500 ) ) ;
#1825 = CARTESIAN_POINT ( 'NONE',  ( -0.005000000000000000100, -0.2289815919431452400, 1.097429350422237000 ) ) ;
#1826 = ORIENTED_EDGE ( 'NONE', *, *, #129, .F. ) ;
#1827 =( NAMED_UNIT ( * ) PLANE_ANGLE_UNIT ( ) SI_UNIT ( $, .RADIAN. ) );
#1828 = FACE_OUTER_BOUND ( 'NONE', #756, .T. ) ;
#1829 = STYLED_ITEM ( 'NONE', ( #1191 ), #2939 ) ;
#1830 = APPLICATION_CONTEXT ( 'automotive_design' ) ;
#1831 = ORIENTED_EDGE ( 'NONE', *, *, #1255, .F. ) ;
#1832 = CARTESIAN_POINT ( 'NONE',  ( -0.005000000000000000100, -0.3712800000000231500, -1.698157310639708500 ) ) ;
#1833 = CARTESIAN_POINT ( 'NONE',  ( 0.0000000000000000000, -0.2290088774371915900, -0.8541930198960480100 ) ) ;
#1834 = LINE ( 'NONE', #3032, #1914 ) ;
#1835 = EDGE_LOOP ( 'NONE', ( #274, #1365, #2979, #1023, #1059, #2576, #1906, #1427, #2077, #2943, #3255 ) ) ;
#1836 =( NAMED_UNIT ( * ) PLANE_ANGLE_UNIT ( ) SI_UNIT ( $, .RADIAN. ) );
#1837 = AXIS2_PLACEMENT_3D ( 'NONE', #3129, #829, #2972 ) ;
#1838 = ORIENTED_EDGE ( 'NONE', *, *, #3017, .T. ) ;
#1839 = EDGE_CURVE ( 'NONE', #3334, #1221, #2722, .T. ) ;
#1840 = DIRECTION ( 'NONE',  ( 1.000000000000000000, 0.0000000000000000000, 0.0000000000000000000 ) ) ;
#1841 = CARTESIAN_POINT ( 'NONE',  ( -0.005000000000000000100, -0.3712800000000232000, -0.1483695419528172400 ) ) ;
#1842 = VECTOR ( 'NONE', #2034, 999.9999999999998900 ) ;
#1843 = DIRECTION ( 'NONE',  ( -1.000000000000000000, -0.0000000000000000000, -0.0000000000000000000 ) ) ;
#1844 = FACE_OUTER_BOUND ( 'NONE', #3291, .T. ) ;
#1845 = SURFACE_STYLE_FILL_AREA ( #741 ) ;
#1846 =( LENGTH_UNIT ( ) NAMED_UNIT ( * ) SI_UNIT ( .MILLI., .METRE. ) );
#1847 = ORIENTED_EDGE ( 'NONE', *, *, #3336, .F. ) ;
#1848 =( GEOMETRIC_REPRESENTATION_CONTEXT ( 3 ) GLOBAL_UNCERTAINTY_ASSIGNED_CONTEXT ( ( #2116 ) ) GLOBAL_UNIT_ASSIGNED_CONTEXT ( ( #1385, #3234, #1367 ) ) REPRESENTATION_CONTEXT ( 'NONE', 'WORKASPACE' ) );
#1849 =( NAMED_UNIT ( * ) PLANE_ANGLE_UNIT ( ) SI_UNIT ( $, .RADIAN. ) );
#1850 = CARTESIAN_POINT ( 'NONE',  ( -0.005000000000000000100, 0.03476001023382962300, -1.581777849778652500 ) ) ;
#1851 = ORIENTED_EDGE ( 'NONE', *, *, #2256, .T. ) ;
#1852 =( NAMED_UNIT ( * ) PLANE_ANGLE_UNIT ( ) SI_UNIT ( $, .RADIAN. ) );
#1853 = FILL_AREA_STYLE_COLOUR ( '', #2711 ) ;
#1854 = MECHANICAL_DESIGN_GEOMETRIC_PRESENTATION_REPRESENTATION (  '', ( #1291 ), #2510 ) ;
#1855 = COLOUR_RGB ( '',0.0000000000000000000, 0.0000000000000000000, 0.0000000000000000000 ) ;
#1856 = PRESENTATION_LAYER_ASSIGNMENT (  '', '', ( #1671 ) ) ;
#1857 = DIRECTION ( 'NONE',  ( 0.0000000000000000000, 0.9237839814038915100, -0.3829140317376405500 ) ) ;
#1858 = MECHANICAL_DESIGN_GEOMETRIC_PRESENTATION_REPRESENTATION (  '', ( #2103 ), #2036 ) ;
#1859 = CARTESIAN_POINT ( 'NONE',  ( -0.005000000000000000100, 0.3765290351657321100, -1.256564298808674900 ) ) ;
#1860 = PLANE ( 'NONE',  #2125 ) ;
#1861 = ORIENTED_EDGE ( 'NONE', *, *, #94, .T. ) ;
#1862 = AXIS2_PLACEMENT_3D ( 'NONE', #3358, #1517, #2028 ) ;
#1863 = UNCERTAINTY_MEASURE_WITH_UNIT (LENGTH_MEASURE( 1.000000000000000100E-005 ), #2089, 'distance_accuracy_value', 'NONE');
#1864 = SURFACE_STYLE_USAGE ( .BOTH. , #1614 ) ;
#1865 = FACE_OUTER_BOUND ( 'NONE', #2679, .T. ) ;
#1866 = FILL_AREA_STYLE ('',( #3176 ) ) ;
#1867 = CARTESIAN_POINT ( 'NONE',  ( -0.005000000000000000100, -0.04314917537281623400, -0.8012364201750976600 ) ) ;
#1868 = CIRCLE ( 'NONE', #714, 3.399999999999999900 ) ;
#1869 = STYLED_ITEM ( 'NONE', ( #181 ), #1888 ) ;
#1870 = VECTOR ( 'NONE', #718, 1000.000000000000000 ) ;
#1871 = CARTESIAN_POINT ( 'NONE',  ( 0.0000000000000000000, -0.3712800000000232600, -0.3022097147237163300 ) ) ;
#1872 = CARTESIAN_POINT ( 'NONE',  ( -0.005000000000000000100, 0.3765290351657323300, -1.482965700014777300 ) ) ;
#1873 = ORIENTED_EDGE ( 'NONE', *, *, #153, .F. ) ;
#1874 = AXIS2_PLACEMENT_3D ( 'NONE', #2665, #2139, #280 ) ;
#1875 = COLOUR_RGB ( '',0.8941176470588234600, 0.9137254901960784000, 0.9294117647058823800 ) ;
#1876 = FILL_AREA_STYLE ('',( #1631 ) ) ;
#1877 = ORIENTED_EDGE ( 'NONE', *, *, #1362, .F. ) ;
#1878 = FILL_AREA_STYLE ('',( #1615 ) ) ;
#1879 = LINE ( 'NONE', #3137, #822 ) ;
#1880 = CARTESIAN_POINT ( 'NONE',  ( -0.005000000000000000100, 0.3765290351657325500, 1.907626672281781200 ) ) ;
#1881 = ORIENTED_EDGE ( 'NONE', *, *, #2170, .T. ) ;
#1882 = AXIS2_PLACEMENT_3D ( 'NONE', #2994, #107, #382 ) ;
#1883 = EDGE_CURVE ( 'NONE', #2969, #2295, #2179, .T. ) ;
#1884 = ORIENTED_EDGE ( 'NONE', *, *, #3375, .T. ) ;
#1885 =( LENGTH_UNIT ( ) NAMED_UNIT ( * ) SI_UNIT ( .MILLI., .METRE. ) );
#1886 = DIRECTION ( 'NONE',  ( 0.0000000000000000000, 2.480431458422449600E-016, 1.000000000000000000 ) ) ;
#1887 = ORIENTED_EDGE ( 'NONE', *, *, #3101, .F. ) ;
#1888 = ADVANCED_FACE ( 'NONE', ( #3394 ), #2340, .F. ) ;
#1889 = DIRECTION ( 'NONE',  ( 0.0000000000000000000, 0.0000000000000000000, 1.000000000000000000 ) ) ;
#1890 = UNCERTAINTY_MEASURE_WITH_UNIT (LENGTH_MEASURE( 1.000000000000000100E-005 ), #3228, 'distance_accuracy_value', 'NONE');
#1891 = ORIENTED_EDGE ( 'NONE', *, *, #383, .F. ) ;
#1892 =( NAMED_UNIT ( * ) SI_UNIT ( $, .STERADIAN. ) SOLID_ANGLE_UNIT ( ) );
#1893 = ADVANCED_FACE ( 'NONE', ( #697 ), #1409, .T. ) ;
#1894 = SURFACE_SIDE_STYLE ('',( #1035 ) ) ;
#1895 =( NAMED_UNIT ( * ) PLANE_ANGLE_UNIT ( ) SI_UNIT ( $, .RADIAN. ) );
#1896 = AXIS2_PLACEMENT_3D ( 'NONE', #2251, #673, #1218 ) ;
#1897 =( NAMED_UNIT ( * ) PLANE_ANGLE_UNIT ( ) SI_UNIT ( $, .RADIAN. ) );
#1898 = DIRECTION ( 'NONE',  ( 0.0000000000000000000, -0.2765379750249952200, 0.9610029908221280300 ) ) ;
#1899 = SURFACE_SIDE_STYLE ('',( #581 ) ) ;
#1900 = LINE ( 'NONE', #2529, #1039 ) ;
#1901 = LINE ( 'NONE', #1579, #2268 ) ;
#1902 = EDGE_LOOP ( 'NONE', ( #1703, #2096, #1719, #1881 ) ) ;
#1903 =( LENGTH_UNIT ( ) NAMED_UNIT ( * ) SI_UNIT ( .MILLI., .METRE. ) );
#1904 = LINE ( 'NONE', #1210, #1936 ) ;
#1905 = ADVANCED_FACE ( 'NONE', ( #2638 ), #1137, .F. ) ;
#1906 = ORIENTED_EDGE ( 'NONE', *, *, #2960, .F. ) ;
#1907 = FILL_AREA_STYLE_COLOUR ( '', #2848 ) ;
#1908 = UNCERTAINTY_MEASURE_WITH_UNIT (LENGTH_MEASURE( 1.000000000000000100E-005 ), #1453, 'distance_accuracy_value', 'NONE');
#1909 = COLOUR_RGB ( '',0.8980392156862745400, 0.9215686274509803400, 0.9294117647058823800 ) ;
#1910 = AXIS2_PLACEMENT_3D ( 'NONE', #2532, #1492, #3350 ) ;
#1911 = COLOUR_RGB ( '',0.8941176470588234600, 0.9137254901960784000, 0.9294117647058823800 ) ;
#1912 = ORIENTED_EDGE ( 'NONE', *, *, #717, .T. ) ;
#1913 = CARTESIAN_POINT ( 'NONE',  ( -0.005000000000000000100, -0.1577153477240015300, 0.02411196182895269200 ) ) ;
#1914 = VECTOR ( 'NONE', #3264, 1000.000000000000000 ) ;
#1915 = AXIS2_PLACEMENT_3D ( 'NONE', #1841, #2093, #1589 ) ;
#1916 = ORIENTED_EDGE ( 'NONE', *, *, #1249, .F. ) ;
#1917 = DIRECTION ( 'NONE',  ( 0.0000000000000000000, -0.002813301676022605800, 0.9999960426590095400 ) ) ;
#1918 = COLOUR_RGB ( '',0.0000000000000000000, 0.0000000000000000000, 0.0000000000000000000 ) ;
#1919 = FILL_AREA_STYLE_COLOUR ( '', #398 ) ;
#1920 = LINE ( 'NONE', #873, #3297 ) ;
#1921 = VERTEX_POINT ( 'NONE', #1186 ) ;
#1922 = ORIENTED_EDGE ( 'NONE', *, *, #1633, .T. ) ;
#1923 =( NAMED_UNIT ( * ) PLANE_ANGLE_UNIT ( ) SI_UNIT ( $, .RADIAN. ) );
#1924 = MECHANICAL_DESIGN_GEOMETRIC_PRESENTATION_REPRESENTATION (  '', ( #282 ), #2637 ) ;
#1925 = EDGE_LOOP ( 'NONE', ( #2435, #3348, #2355, #44 ) ) ;
#1926 = VECTOR ( 'NONE', #2798, 1000.000000000000000 ) ;
#1927 = DIRECTION ( 'NONE',  ( 0.0000000000000000000, -2.088488394260788100E-016, -1.000000000000000000 ) ) ;
#1928 = EDGE_LOOP ( 'NONE', ( #2043, #1995 ) ) ;
#1929 = SURFACE_STYLE_FILL_AREA ( #1778 ) ;
#1930 =( LENGTH_UNIT ( ) NAMED_UNIT ( * ) SI_UNIT ( .MILLI., .METRE. ) );
#1931 = CARTESIAN_POINT ( 'NONE',  ( -0.005000000000000000100, 0.2321247586366319800, 1.866127380145543400 ) ) ;
#1932 = VECTOR ( 'NONE', #161, 1000.000000000000200 ) ;
#1933 = PLANE ( 'NONE',  #2967 ) ;
#1934 = MECHANICAL_DESIGN_GEOMETRIC_PRESENTATION_REPRESENTATION (  '', ( #2574 ), #2397 ) ;
#1935 =( LENGTH_UNIT ( ) NAMED_UNIT ( * ) SI_UNIT ( .MILLI., .METRE. ) );
#1936 = VECTOR ( 'NONE', #3028, 1000.000000000000100 ) ;
#1937 = DIRECTION ( 'NONE',  ( -1.000000000000000000, -0.0000000000000000000, -0.0000000000000000000 ) ) ;
#1938 = STYLED_ITEM ( 'NONE', ( #3374 ), #2760 ) ;
#1939 = ORIENTED_EDGE ( 'NONE', *, *, #2073, .F. ) ;
#1940 = ADVANCED_FACE ( 'NONE', ( #2859 ), #1933, .F. ) ;
#1941 = EDGE_CURVE ( 'NONE', #1198, #781, #742, .T. ) ;
#1942 = CARTESIAN_POINT ( 'NONE',  ( 0.0000000000000000000, -0.3712800000000235400, -1.107829894066082900 ) ) ;
#1943 = DIRECTION ( 'NONE',  ( 0.0000000000000000000, 0.9610992334304873100, 0.2762033010290239600 ) ) ;
#1944 = LINE ( 'NONE', #1347, #2354 ) ;
#1945 = ORIENTED_EDGE ( 'NONE', *, *, #1466, .T. ) ;
#1946 =( GEOMETRIC_REPRESENTATION_CONTEXT ( 3 ) GLOBAL_UNCERTAINTY_ASSIGNED_CONTEXT ( ( #1890 ) ) GLOBAL_UNIT_ASSIGNED_CONTEXT ( ( #3228, #43, #2686 ) ) REPRESENTATION_CONTEXT ( 'NONE', 'WORKASPACE' ) );
#1947 = EDGE_CURVE ( 'NONE', #2855, #42, #833, .T. ) ;
#1948 = UNCERTAINTY_MEASURE_WITH_UNIT (LENGTH_MEASURE( 1.000000000000000100E-005 ), #1903, 'distance_accuracy_value', 'NONE');
#1949 = CARTESIAN_POINT ( 'NONE',  ( -0.005000000000000000100, 0.3765290351657323300, 0.05287055896081838800 ) ) ;
#1950 = CYLINDRICAL_SURFACE ( 'NONE', #2757, 0.2750000000000000200 ) ;
#1951 = VECTOR ( 'NONE', #1463, 1000.000000000000100 ) ;
#1952 = ADVANCED_FACE ( 'NONE', ( #1717 ), #2118, .T. ) ;
#1953 = CARTESIAN_POINT ( 'NONE',  ( -0.005000000000000000100, 0.2321410128873057100, 1.661384167462570200 ) ) ;
#1954 = DIRECTION ( 'NONE',  ( 0.0000000000000000000, 0.0000000000000000000, 1.000000000000000000 ) ) ;
#1955 = ORIENTED_EDGE ( 'NONE', *, *, #1760, .T. ) ;
#1956 = AXIS2_PLACEMENT_3D ( 'NONE', #849, #1398, #81 ) ;
#1957 = SURFACE_STYLE_FILL_AREA ( #1585 ) ;
#1958 = VECTOR ( 'NONE', #2718, 999.9999999999998900 ) ;
#1959 = CARTESIAN_POINT ( 'NONE',  ( -0.005000000000000000100, 0.05763435086291764100, -1.574376658450712800 ) ) ;
#1960 = VERTEX_POINT ( 'NONE', #2049 ) ;
#1961 = MECHANICAL_DESIGN_GEOMETRIC_PRESENTATION_REPRESENTATION (  '', ( #3144 ), #1314 ) ;
#1962 = DIRECTION ( 'NONE',  ( -1.000000000000000000, -0.0000000000000000000, -0.0000000000000000000 ) ) ;
#1963 = CARTESIAN_POINT ( 'NONE',  ( -0.005000000000000000100, 0.3765290351657321100, -0.8926405572324688200 ) ) ;
#1964 = EDGE_CURVE ( 'NONE', #2530, #3263, #1482, .T. ) ;
#1965 = LINE ( 'NONE', #2518, #3301 ) ;
#1966 = EDGE_CURVE ( 'NONE', #2615, #2047, #2141, .T. ) ;
#1967 = ADVANCED_FACE ( 'NONE', ( #2095 ), #1591, .F. ) ;
#1968 =( LENGTH_UNIT ( ) NAMED_UNIT ( * ) SI_UNIT ( .MILLI., .METRE. ) );
#1969 = SURFACE_STYLE_USAGE ( .BOTH. , #1478 ) ;
#1970 = EDGE_CURVE ( 'NONE', #781, #1198, #3309, .T. ) ;
#1971 = ORIENTED_EDGE ( 'NONE', *, *, #217, .F. ) ;
#1972 = FILL_AREA_STYLE_COLOUR ( '', #213 ) ;
#1973 = DIRECTION ( 'NONE',  ( 0.0000000000000000000, -7.938847109764683400E-005, 0.9999999968487352000 ) ) ;
#1974 =( GEOMETRIC_REPRESENTATION_CONTEXT ( 3 ) GLOBAL_UNCERTAINTY_ASSIGNED_CONTEXT ( ( #2945 ) ) GLOBAL_UNIT_ASSIGNED_CONTEXT ( ( #1744, #2037, #1501 ) ) REPRESENTATION_CONTEXT ( 'NONE', 'WORKASPACE' ) );
#1975 = CLOSED_SHELL ( 'NONE', ( #577, #1940, #3080, #2586, #2939, #3218, #2703, #1985, #371, #2421, #3232, #3035, #1426, #2961, #623, #1784, #3051, #2324, #2270, #339, #1156, #2062, #73, #1905, #1998 ) ) ;
#1976 = LINE ( 'NONE', #1690, #499 ) ;
#1977 = VECTOR ( 'NONE', #1490, 1000.000000000000000 ) ;
#1978 = DIRECTION ( 'NONE',  ( 1.000000000000000000, 0.0000000000000000000, 0.0000000000000000000 ) ) ;
#1979 =( NAMED_UNIT ( * ) PLANE_ANGLE_UNIT ( ) SI_UNIT ( $, .RADIAN. ) );
#1980 = FILL_AREA_STYLE ('',( #2509 ) ) ;
#1981 = PRESENTATION_STYLE_ASSIGNMENT (( #2756 ) ) ;
#1982 =( GEOMETRIC_REPRESENTATION_CONTEXT ( 3 ) GLOBAL_UNCERTAINTY_ASSIGNED_CONTEXT ( ( #1452 ) ) GLOBAL_UNIT_ASSIGNED_CONTEXT ( ( #3213, #3235, #2694 ) ) REPRESENTATION_CONTEXT ( 'NONE', 'WORKASPACE' ) );
#1983 = SURFACE_STYLE_FILL_AREA ( #1866 ) ;
#1984 = DIRECTION ( 'NONE',  ( 0.0000000000000000000, -1.000000000000000000, 0.0000000000000000000 ) ) ;
#1985 = ADVANCED_FACE ( 'NONE', ( #2589 ), #3286, .F. ) ;
#1986 = ORIENTED_EDGE ( 'NONE', *, *, #3202, .T. ) ;
#1987 = CARTESIAN_POINT ( 'NONE',  ( -0.005000000000000000100, 0.2331983258506238900, 1.221069026951538500 ) ) ;
#1988 =( NAMED_UNIT ( * ) SI_UNIT ( $, .STERADIAN. ) SOLID_ANGLE_UNIT ( ) );
#1989 = LINE ( 'NONE', #1084, #428 ) ;
#1990 = EDGE_CURVE ( 'NONE', #3263, #3125, #3304, .T. ) ;
#1991 = CARTESIAN_POINT ( 'NONE',  ( -0.005000000000000000100, 0.09509506277018967000, -0.4408268540441236900 ) ) ;
#1992 = DIRECTION ( 'NONE',  ( 0.0000000000000000000, 2.480431458422449600E-016, 1.000000000000000000 ) ) ;
#1993 =( GEOMETRIC_REPRESENTATION_CONTEXT ( 3 ) GLOBAL_UNCERTAINTY_ASSIGNED_CONTEXT ( ( #1798 ) ) GLOBAL_UNIT_ASSIGNED_CONTEXT ( ( #470, #3081, #2551 ) ) REPRESENTATION_CONTEXT ( 'NONE', 'WORKASPACE' ) );
#1994 = SURFACE_SIDE_STYLE ('',( #1180 ) ) ;
#1995 = ORIENTED_EDGE ( 'NONE', *, *, #1126, .T. ) ;
#1996 = FILL_AREA_STYLE_COLOUR ( '', #1309 ) ;
#1997 = LINE ( 'NONE', #828, #3339 ) ;
#1998 = ADVANCED_FACE ( 'NONE', ( #3053 ), #2977, .T. ) ;
#1999 = CARTESIAN_POINT ( 'NONE',  ( -0.005000000000000000100, 0.2321247586366319800, 1.866127380145543400 ) ) ;
#2000 = SURFACE_SIDE_STYLE ('',( #362 ) ) ;
#2001 = ORIENTED_EDGE ( 'NONE', *, *, #760, .T. ) ;
#2002 = LINE ( 'NONE', #3193, #3343 ) ;
#2003 = ORIENTED_EDGE ( 'NONE', *, *, #86, .T. ) ;
#2004 = AXIS2_PLACEMENT_3D ( 'NONE', #404, #3306, #1704 ) ;
#2005 = LINE ( 'NONE', #219, #3260 ) ;
#2006 = DIRECTION ( 'NONE',  ( 0.0000000000000000000, -1.903994955167361300E-016, -1.000000000000000000 ) ) ;
#2007 = FILL_AREA_STYLE ('',( #1996 ) ) ;
#2008 = EDGE_LOOP ( 'NONE', ( #438, #2338, #2370, #554 ) ) ;
#2009 = EDGE_CURVE ( 'NONE', #1009, #1803, #366, .T. ) ;
#2010 =( GEOMETRIC_REPRESENTATION_CONTEXT ( 3 ) GLOBAL_UNCERTAINTY_ASSIGNED_CONTEXT ( ( #963 ) ) GLOBAL_UNIT_ASSIGNED_CONTEXT ( ( #2944, #1897, #852 ) ) REPRESENTATION_CONTEXT ( 'NONE', 'WORKASPACE' ) );
#2011 = ORIENTED_EDGE ( 'NONE', *, *, #1366, .F. ) ;
#2012 = CARTESIAN_POINT ( 'NONE',  ( -0.005000000000000000100, -0.3712800000000227000, 1.274921500448871400 ) ) ;
#2013 = CARTESIAN_POINT ( 'NONE',  ( -0.005000000000000000100, -0.04314917537418731800, 1.119339603530974600 ) ) ;
#2014 = DIRECTION ( 'NONE',  ( 0.0000000000000000000, -0.002813301676022605800, 0.9999960426590095400 ) ) ;
#2015 = UNCERTAINTY_MEASURE_WITH_UNIT (LENGTH_MEASURE( 1.000000000000000100E-005 ), #1568, 'distance_accuracy_value', 'NONE');
#2016 = EDGE_CURVE ( 'NONE', #1184, #864, #131, .T. ) ;
#2017 = ORIENTED_EDGE ( 'NONE', *, *, #2494, .F. ) ;
#2018 =( NAMED_UNIT ( * ) SI_UNIT ( $, .STERADIAN. ) SOLID_ANGLE_UNIT ( ) );
#2019 = SURFACE_SIDE_STYLE ('',( #2618 ) ) ;
#2020 = SURFACE_STYLE_FILL_AREA ( #1513 ) ;
#2021 =( GEOMETRIC_REPRESENTATION_CONTEXT ( 3 ) GLOBAL_UNCERTAINTY_ASSIGNED_CONTEXT ( ( #291 ) ) GLOBAL_UNIT_ASSIGNED_CONTEXT ( ( #1164, #139, #2717 ) ) REPRESENTATION_CONTEXT ( 'NONE', 'WORKASPACE' ) );
#2022 = VECTOR ( 'NONE', #2232, 1000.000000000000000 ) ;
#2023 = CARTESIAN_POINT ( 'NONE',  ( 7.571249999999998300, 4.163799117101000600E-016, 3.399999999999999900 ) ) ;
#2024 = DIRECTION ( 'NONE',  ( 0.0000000000000000000, -0.7059037656364519600, 0.7083077534943953400 ) ) ;
#2025 = ORIENTED_EDGE ( 'NONE', *, *, #3130, .T. ) ;
#2026 = DIRECTION ( 'NONE',  ( 1.000000000000000000, 0.0000000000000000000, 0.0000000000000000000 ) ) ;
#2027 = STYLED_ITEM ( 'NONE', ( #522 ), #2421 ) ;
#2028 = DIRECTION ( 'NONE',  ( 0.0000000000000000000, 0.0000000000000000000, -1.000000000000000000 ) ) ;
#2029 = VERTEX_POINT ( 'NONE', #876 ) ;
#2030 = LINE ( 'NONE', #1329, #1775 ) ;
#2031 =( LENGTH_UNIT ( ) NAMED_UNIT ( * ) SI_UNIT ( .MILLI., .METRE. ) );
#2032 = FILL_AREA_STYLE_COLOUR ( '', #1790 ) ;
#2033 = PLANE ( 'NONE',  #2827 ) ;
#2034 = DIRECTION ( 'NONE',  ( 0.0000000000000000000, 0.9601763114346041400, 0.2793947940814899800 ) ) ;
#2035 = CARTESIAN_POINT ( 'NONE',  ( 24.00000000000000000, -1.250000000000000000, 0.0000000000000000000 ) ) ;
#2036 =( GEOMETRIC_REPRESENTATION_CONTEXT ( 3 ) GLOBAL_UNCERTAINTY_ASSIGNED_CONTEXT ( ( #1292 ) ) GLOBAL_UNIT_ASSIGNED_CONTEXT ( ( #3019, #1652, #2474 ) ) REPRESENTATION_CONTEXT ( 'NONE', 'WORKASPACE' ) );
#2037 =( NAMED_UNIT ( * ) PLANE_ANGLE_UNIT ( ) SI_UNIT ( $, .RADIAN. ) );
#2038 = ORIENTED_EDGE ( 'NONE', *, *, #1599, .T. ) ;
#2039 = VECTOR ( 'NONE', #1747, 1000.000000000000000 ) ;
#2040 = EDGE_LOOP ( 'NONE', ( #2123, #1122, #1495, #2934 ) ) ;
#2041 = DIRECTION ( 'NONE',  ( 1.000000000000000000, 0.0000000000000000000, 0.0000000000000000000 ) ) ;
#2042 = FACE_OUTER_BOUND ( 'NONE', #989, .T. ) ;
#2043 = ORIENTED_EDGE ( 'NONE', *, *, #3265, .T. ) ;
#2044 = FILL_AREA_STYLE ('',( #2057 ) ) ;
#2045 = PRESENTATION_LAYER_ASSIGNMENT (  '', '', ( #3190 ) ) ;
#2046 = CARTESIAN_POINT ( 'NONE',  ( -0.005000000000000000100, 0.03476001023382962300, -1.581777849778652500 ) ) ;
#2047 = VERTEX_POINT ( 'NONE', #606 ) ;
#2048 = CARTESIAN_POINT ( 'NONE',  ( 0.0000000000000000000, 0.0000000000000000000, 0.0000000000000000000 ) ) ;
#2049 = CARTESIAN_POINT ( 'NONE',  ( -0.005000000000000000100, -0.3712800000000231500, -1.698157310639708500 ) ) ;
#2050 = ORIENTED_EDGE ( 'NONE', *, *, #3336, .T. ) ;
#2051 = AXIS2_PLACEMENT_3D ( 'NONE', #1850, #2112, #2990 ) ;
#2052 =( LENGTH_UNIT ( ) NAMED_UNIT ( * ) SI_UNIT ( .MILLI., .METRE. ) );
#2053 = EDGE_CURVE ( 'NONE', #1771, #572, #1197, .T. ) ;
#2054 = VERTEX_POINT ( 'NONE', #2196 ) ;
#2055 = UNCERTAINTY_MEASURE_WITH_UNIT (LENGTH_MEASURE( 1.000000000000000100E-005 ), #2675, 'distance_accuracy_value', 'NONE');
#2056 = STYLED_ITEM ( 'NONE', ( #1259 ), #623 ) ;
#2057 = FILL_AREA_STYLE_COLOUR ( '', #1817 ) ;
#2058 = FILL_AREA_STYLE ('',( #1038 ) ) ;
#2059 = EDGE_CURVE ( 'NONE', #1027, #3303, #1283, .T. ) ;
#2060 = FACE_OUTER_BOUND ( 'NONE', #641, .T. ) ;
#2061 = COLOUR_RGB ( '',0.8941176470588234600, 0.9137254901960784000, 0.9294117647058823800 ) ;
#2062 = ADVANCED_FACE ( 'NONE', ( #2502 ), #417, .F. ) ;
#2063 = DIRECTION ( 'NONE',  ( 1.000000000000000000, 0.0000000000000000000, 0.0000000000000000000 ) ) ;
#2064 = CARTESIAN_POINT ( 'NONE',  ( 9.000000000000000000, -1.250000000000000000, -0.2750000000000000200 ) ) ;
#2065 = COLOUR_RGB ( '',0.7921568627450980000, 0.8196078431372548800, 0.9333333333333333500 ) ;
#2066 = STYLED_ITEM ( 'NONE', ( #547 ), #1202 ) ;
#2067 = CARTESIAN_POINT ( 'NONE',  ( -0.005000000000000000100, 0.2976807737448715600, 0.4041367358181651200 ) ) ;
#2068 = CARTESIAN_POINT ( 'NONE',  ( 27.99999999999999600, 1.250000000000000000, 0.0000000000000000000 ) ) ;
#2069 = AXIS2_PLACEMENT_3D ( 'NONE', #3353, #162, #3100 ) ;
#2070 = DIRECTION ( 'NONE',  ( 0.0000000000000000000, 0.9617234872620589200, 0.2740217765954088800 ) ) ;
#2071 = DIRECTION ( 'NONE',  ( 0.0000000000000000000, 0.0000000000000000000, -1.000000000000000000 ) ) ;
#2072 = SURFACE_STYLE_FILL_AREA ( #3259 ) ;
#2073 = EDGE_CURVE ( 'NONE', #2047, #1289, #1152, .T. ) ;
#2074 = DIRECTION ( 'NONE',  ( 0.0000000000000000000, 0.0000000000000000000, 1.000000000000000000 ) ) ;
#2075 = FILL_AREA_STYLE ('',( #467 ) ) ;
#2076 = STYLED_ITEM ( 'NONE', ( #3231 ), #73 ) ;
#2077 = ORIENTED_EDGE ( 'NONE', *, *, #3310, .F. ) ;
#2078 = FACE_OUTER_BOUND ( 'NONE', #2217, .T. ) ;
#2079 = VECTOR ( 'NONE', #1973, 1000.000000000000200 ) ;
#2080 = CARTESIAN_POINT ( 'NONE',  ( 0.0000000000000000000, 0.2341874250734346800, -0.3806123124469641400 ) ) ;
#2081 = CARTESIAN_POINT ( 'NONE',  ( 9.000000000000000000, -1.250000000000000000, 0.0000000000000000000 ) ) ;
#2082 = SURFACE_STYLE_USAGE ( .BOTH. , #1560 ) ;
#2083 = ORIENTED_EDGE ( 'NONE', *, *, #2656, .T. ) ;
#2084 =( NAMED_UNIT ( * ) SI_UNIT ( $, .STERADIAN. ) SOLID_ANGLE_UNIT ( ) );
#2085 = FILL_AREA_STYLE ('',( #2108 ) ) ;
#2086 = ORIENTED_EDGE ( 'NONE', *, *, #1405, .F. ) ;
#2087 = STYLED_ITEM ( 'NONE', ( #1131 ), #3379 ) ;
#2088 = AXIS2_PLACEMENT_3D ( 'NONE', #2993, #3268, #1410 ) ;
#2089 =( LENGTH_UNIT ( ) NAMED_UNIT ( * ) SI_UNIT ( .MILLI., .METRE. ) );
#2090 = VERTEX_POINT ( 'NONE', #2813 ) ;
#2091 = ORIENTED_EDGE ( 'NONE', *, *, #2301, .F. ) ;
#2092 = CARTESIAN_POINT ( 'NONE',  ( 0.0000000000000000000, -0.04314917537418731800, 1.119339603530974600 ) ) ;
#2093 = DIRECTION ( 'NONE',  ( 0.0000000000000000000, 1.000000000000000000, -6.723885967566622100E-016 ) ) ;
#2094 =( NAMED_UNIT ( * ) PLANE_ANGLE_UNIT ( ) SI_UNIT ( $, .RADIAN. ) );
#2095 = FACE_OUTER_BOUND ( 'NONE', #324, .T. ) ;
#2096 = ORIENTED_EDGE ( 'NONE', *, *, #199, .F. ) ;
#2097 = CARTESIAN_POINT ( 'NONE',  ( -0.005000000000000000100, -0.04314917537418731800, 1.119339603530974600 ) ) ;
#2098 = CARTESIAN_POINT ( 'NONE',  ( 0.0000000000000000000, 0.2331983258506238900, 1.221069026951538500 ) ) ;
#2099 = CARTESIAN_POINT ( 'NONE',  ( 7.852499999999998300, 0.0000000000000000000, -3.399999999999999900 ) ) ;
#2100 = AXIS2_PLACEMENT_3D ( 'NONE', #1088, #1821, #257 ) ;
#2101 = ADVANCED_FACE ( 'NONE', ( #2381 ), #1211, .F. ) ;
#2102 = CARTESIAN_POINT ( 'NONE',  ( 0.0000000000000000000, 0.03476001023383374500, -1.359567045965704100 ) ) ;
#2103 = STYLED_ITEM ( 'NONE', ( #147 ), #848 ) ;
#2104 = SURFACE_SIDE_STYLE ('',( #2688 ) ) ;
#2105 = CARTESIAN_POINT ( 'NONE',  ( -0.005000000000000000100, 0.2944747279927738500, -0.1110520788954998800 ) ) ;
#2106 = FACE_OUTER_BOUND ( 'NONE', #1444, .T. ) ;
#2107 = ORIENTED_EDGE ( 'NONE', *, *, #1466, .F. ) ;
#2108 = FILL_AREA_STYLE_COLOUR ( '', #465 ) ;
#2109 = DIRECTION ( 'NONE',  ( 0.0000000000000000000, 0.9617234872620589200, 0.2740217765954088800 ) ) ;
#2110 = VECTOR ( 'NONE', #747, 1000.000000000000100 ) ;
#2111 = ORIENTED_EDGE ( 'NONE', *, *, #1765, .T. ) ;
#2112 = DIRECTION ( 'NONE',  ( 0.0000000000000000000, 0.2755265765474755900, -0.9612934544747655500 ) ) ;
#2113 = AXIS2_PLACEMENT_3D ( 'NONE', #1130, #908, #618 ) ;
#2114 = CARTESIAN_POINT ( 'NONE',  ( 0.0000000000000000000, 0.09509506277018967000, -0.4408268540441236900 ) ) ;
#2115 = CARTESIAN_POINT ( 'NONE',  ( 0.0000000000000000000, 0.2944747279927738500, -0.1110520788954998800 ) ) ;
#2116 = UNCERTAINTY_MEASURE_WITH_UNIT (LENGTH_MEASURE( 1.000000000000000100E-005 ), #1385, 'distance_accuracy_value', 'NONE');
#2117 = CARTESIAN_POINT ( 'NONE',  ( 0.0000000000000000000, 0.09507005106467174300, 0.8379079049262315700 ) ) ;
#2118 = PLANE ( 'NONE',  #418 ) ;
#2119 =( NAMED_UNIT ( * ) SI_UNIT ( $, .STERADIAN. ) SOLID_ANGLE_UNIT ( ) );
#2120 = CIRCLE ( 'NONE', #1044, 3.199999999999999700 ) ;
#2121 = VECTOR ( 'NONE', #686, 1000.000000000000000 ) ;
#2122 = EDGE_CURVE ( 'NONE', #2620, #2214, #1965, .T. ) ;
#2123 = ORIENTED_EDGE ( 'NONE', *, *, #1047, .T. ) ;
#2124 = FILL_AREA_STYLE ('',( #288 ) ) ;
#2125 = AXIS2_PLACEMENT_3D ( 'NONE', #1872, #2965, #571 ) ;
#2126 = LINE ( 'NONE', #878, #1270 ) ;
#2127 = ORIENTED_EDGE ( 'NONE', *, *, #2301, .T. ) ;
#2128 = EDGE_CURVE ( 'NONE', #3389, #921, #2853, .T. ) ;
#2129 = FILL_AREA_STYLE ('',( #802 ) ) ;
#2130 = CARTESIAN_POINT ( 'NONE',  ( 7.852499999999998300, 0.0000000000000000000, -3.399999999999999900 ) ) ;
#2131 =( NAMED_UNIT ( * ) PLANE_ANGLE_UNIT ( ) SI_UNIT ( $, .RADIAN. ) );
#2132 = FACE_OUTER_BOUND ( 'NONE', #681, .T. ) ;
#2133 = ORIENTED_EDGE ( 'NONE', *, *, #515, .T. ) ;
#2134 = FACE_OUTER_BOUND ( 'NONE', #315, .T. ) ;
#2135 = DIRECTION ( 'NONE',  ( 0.0000000000000000000, 0.9601763114346041400, 0.2793947940814899800 ) ) ;
#2136 =( NAMED_UNIT ( * ) PLANE_ANGLE_UNIT ( ) SI_UNIT ( $, .RADIAN. ) );
#2137 = EDGE_LOOP ( 'NONE', ( #2396, #677, #200, #3311 ) ) ;
#2138 = PRESENTATION_LAYER_ASSIGNMENT (  '', '', ( #1374 ) ) ;
#2139 = DIRECTION ( 'NONE',  ( 0.0000000000000000000, -0.2762517575166151300, 0.9610853065513910200 ) ) ;
#2140 = EDGE_LOOP ( 'NONE', ( #2930, #955, #713, #57 ) ) ;
#2141 = CIRCLE ( 'NONE', #2113, 3.199999999999999700 ) ;
#2142 = DIRECTION ( 'NONE',  ( 0.0000000000000000000, 0.9611638845409017400, 0.2759782365590522900 ) ) ;
#2143 = DIRECTION ( 'NONE',  ( 0.0000000000000000000, 1.000000000000000000, -1.224646799147353200E-016 ) ) ;
#2144 = VERTEX_POINT ( 'NONE', #3029 ) ;
#2145 = CARTESIAN_POINT ( 'NONE',  ( 0.0000000000000000000, 0.2321247586366319800, 1.866127380145543400 ) ) ;
#2146 = LINE ( 'NONE', #3150, #1161 ) ;
#2147 = FILL_AREA_STYLE ('',( #2400 ) ) ;
#2148 = CARTESIAN_POINT ( 'NONE',  ( -0.005000000000000000100, 0.2321410128873057100, 1.661384167462570200 ) ) ;
#2149 = CARTESIAN_POINT ( 'NONE',  ( 9.000000000000000000, -1.250000000000000000, 0.0000000000000000000 ) ) ;
#2150 = UNCERTAINTY_MEASURE_WITH_UNIT (LENGTH_MEASURE( 1.000000000000000100E-005 ), #1290, 'distance_accuracy_value', 'NONE');
#2151 = VECTOR ( 'NONE', #3292, 1000.000000000000000 ) ;
#2152 = SURFACE_SIDE_STYLE ('',( #1743 ) ) ;
#2153 = FACE_OUTER_BOUND ( 'NONE', #3340, .T. ) ;
#2154 = LINE ( 'NONE', #1055, #2230 ) ;
#2155 = DIRECTION ( 'NONE',  ( 0.0000000000000000000, 0.0000000000000000000, 1.000000000000000000 ) ) ;
#2156 = DIRECTION ( 'NONE',  ( 0.0000000000000000000, -1.000000000000000000, 0.0000000000000000000 ) ) ;
#2157 = COLOUR_RGB ( '',0.8941176470588234600, 0.9137254901960784000, 0.9294117647058823800 ) ;
#2158 = PRESENTATION_LAYER_ASSIGNMENT (  '', '', ( #1564 ) ) ;
#2159 = ADVANCED_FACE ( 'NONE', ( #2134 ), #3052, .F. ) ;
#2160 = DIRECTION ( 'NONE',  ( 0.0000000000000000000, 0.9611638845409016300, 0.2759782365590523500 ) ) ;
#2161 = CARTESIAN_POINT ( 'NONE',  ( -0.005000000000000000100, -0.3712800000000235400, -1.107829894066082900 ) ) ;
#2162 = FILL_AREA_STYLE_COLOUR ( '', #3214 ) ;
#2163 = FILL_AREA_STYLE_COLOUR ( '', #598 ) ;
#2164 = ORIENTED_EDGE ( 'NONE', *, *, #152, .T. ) ;
#2165 = UNCERTAINTY_MEASURE_WITH_UNIT (LENGTH_MEASURE( 1.000000000000000100E-005 ), #1012, 'distance_accuracy_value', 'NONE');
#2166 = FACE_OUTER_BOUND ( 'NONE', #1358, .T. ) ;
#2167 = ADVANCED_FACE ( 'NONE', ( #2895 ), #154, .F. ) ;
#2168 = FILL_AREA_STYLE ('',( #885 ) ) ;
#2169 = ORIENTED_EDGE ( 'NONE', *, *, #1552, .F. ) ;
#2170 = EDGE_CURVE ( 'NONE', #1330, #1391, #48, .T. ) ;
#2171 = TOROIDAL_SURFACE ( 'NONE', #1396, 3.399999999999999900, 0.2812499999999998300 ) ;
#2172 = DIRECTION ( 'NONE',  ( 0.0000000000000000000, -1.207321276394593200E-016, -1.000000000000000000 ) ) ;
#2173 = DIRECTION ( 'NONE',  ( -1.000000000000000000, -0.0000000000000000000, -0.0000000000000000000 ) ) ;
#2174 = FILL_AREA_STYLE ('',( #1907 ) ) ;
#2175 = EDGE_LOOP ( 'NONE', ( #2659, #26, #15, #2083 ) ) ;
#2176 = CARTESIAN_POINT ( 'NONE',  ( 0.0000000000000000000, -0.06649415775543193700, -0.009025292283876100400 ) ) ;
#2177 = VERTEX_POINT ( 'NONE', #1195 ) ;
#2178 = MECHANICAL_DESIGN_GEOMETRIC_PRESENTATION_REPRESENTATION (  '', ( #597 ), #1823 ) ;
#2179 = LINE ( 'NONE', #1530, #334 ) ;
#2180 = ADVANCED_FACE ( 'NONE', ( #2758 ), #993, .F. ) ;
#2181 = LINE ( 'NONE', #3315, #1932 ) ;
#2182 =( LENGTH_UNIT ( ) NAMED_UNIT ( * ) SI_UNIT ( .MILLI., .METRE. ) );
#2183 = DIRECTION ( 'NONE',  ( 0.0000000000000000000, -0.8958676361827028200, -0.4443210308329064200 ) ) ;
#2184 = PRESENTATION_STYLE_ASSIGNMENT (( #2953 ) ) ;
#2185 = EDGE_CURVE ( 'NONE', #1921, #2759, #1479, .T. ) ;
#2186 = COLOUR_RGB ( '',0.8941176470588234600, 0.9137254901960784000, 0.9294117647058823800 ) ;
#2187 = SURFACE_STYLE_USAGE ( .BOTH. , #385 ) ;
#2188 = CARTESIAN_POINT ( 'NONE',  ( -0.005000000000000000100, 0.2321247586366319800, 1.866127380145543400 ) ) ;
#2189 = LINE ( 'NONE', #1116, #422 ) ;
#2190 = VECTOR ( 'NONE', #2142, 1000.000000000000100 ) ;
#2191 = FILL_AREA_STYLE ('',( #1121 ) ) ;
#2192 = EDGE_CURVE ( 'NONE', #2054, #490, #2005, .T. ) ;
#2193 = FILL_AREA_STYLE_COLOUR ( '', #2061 ) ;
#2194 = DIRECTION ( 'NONE',  ( 0.0000000000000000000, -2.104574761018632200E-016, -1.000000000000000000 ) ) ;
#2195 = CARTESIAN_POINT ( 'NONE',  ( -0.005000000000000000100, 0.3765290351657323300, 0.7071558097653002400 ) ) ;
#2196 = CARTESIAN_POINT ( 'NONE',  ( 0.0000000000000000000, -0.3712800000000231500, -1.698157310639708500 ) ) ;
#2197 =( GEOMETRIC_REPRESENTATION_CONTEXT ( 3 ) GLOBAL_UNCERTAINTY_ASSIGNED_CONTEXT ( ( #2785 ) ) GLOBAL_UNIT_ASSIGNED_CONTEXT ( ( #3048, #425, #2526 ) ) REPRESENTATION_CONTEXT ( 'NONE', 'WORKASPACE' ) );
#2198 = SHAPE_DEFINITION_REPRESENTATION ( #540, #2307 ) ;
#2199 = FACE_OUTER_BOUND ( 'NONE', #813, .T. ) ;
#2200 = ORIENTED_EDGE ( 'NONE', *, *, #3310, .T. ) ;
#2201 = MECHANICAL_DESIGN_GEOMETRIC_PRESENTATION_REPRESENTATION (  '', ( #2027 ), #1982 ) ;
#2202 = VERTEX_POINT ( 'NONE', #2540 ) ;
#2203 = UNCERTAINTY_MEASURE_WITH_UNIT (LENGTH_MEASURE( 1.000000000000000100E-005 ), #624, 'distance_accuracy_value', 'NONE');
#2204 = PLANE ( 'NONE',  #723 ) ;
#2205 = SURFACE_STYLE_USAGE ( .BOTH. , #2459 ) ;
#2206 = CLOSED_SHELL ( 'NONE', ( #2167, #2765, #2725, #125, #1128, #2159, #1967, #1688, #848, #1888, #435, #1663, #797, #390, #2215, #1626, #865, #1952, #3379 ) ) ;
#2207 = EDGE_CURVE ( 'NONE', #2992, #2417, #1598, .T. ) ;
#2208 =( NAMED_UNIT ( * ) SI_UNIT ( $, .STERADIAN. ) SOLID_ANGLE_UNIT ( ) );
#2209 = DIRECTION ( 'NONE',  ( 1.000000000000000000, 0.0000000000000000000, 0.0000000000000000000 ) ) ;
#2210 =( NAMED_UNIT ( * ) SI_UNIT ( $, .STERADIAN. ) SOLID_ANGLE_UNIT ( ) );
#2211 = EDGE_LOOP ( 'NONE', ( #906, #830, #254, #2607 ) ) ;
#2212 = SURFACE_STYLE_USAGE ( .BOTH. , #2225 ) ;
#2213 =( GEOMETRIC_REPRESENTATION_CONTEXT ( 3 ) GLOBAL_UNCERTAINTY_ASSIGNED_CONTEXT ( ( #214 ) ) GLOBAL_UNIT_ASSIGNED_CONTEXT ( ( #2712, #1640, #2208 ) ) REPRESENTATION_CONTEXT ( 'NONE', 'WORKASPACE' ) );
#2214 = VERTEX_POINT ( 'NONE', #969 ) ;
#2215 = ADVANCED_FACE ( 'NONE', ( #904 ), #2824, .F. ) ;
#2216 = DIRECTION ( 'NONE',  ( 0.0000000000000000000, -2.104574761018632000E-016, -1.000000000000000000 ) ) ;
#2217 = EDGE_LOOP ( 'NONE', ( #2457, #164, #429, #824 ) ) ;
#2218 = PRESENTATION_LAYER_ASSIGNMENT (  '', '', ( #223 ) ) ;
#2219 = CARTESIAN_POINT ( 'NONE',  ( -0.005000000000000000100, 0.3765290351657323300, -0.3401843028703591100 ) ) ;
#2220 = VERTEX_POINT ( 'NONE', #3355 ) ;
#2221 = DIRECTION ( 'NONE',  ( 0.0000000000000000000, 0.9615825319869135700, 0.2745159998572695400 ) ) ;
#2222 =( LENGTH_UNIT ( ) NAMED_UNIT ( * ) SI_UNIT ( .MILLI., .METRE. ) );
#2223 = DIRECTION ( 'NONE',  ( 0.0000000000000000000, 1.000000000000000000, -3.146308679943554500E-016 ) ) ;
#2224 = PRESENTATION_LAYER_ASSIGNMENT (  '', '', ( #2574 ) ) ;
#2225 = SURFACE_SIDE_STYLE ('',( #1 ) ) ;
#2226 = SURFACE_STYLE_FILL_AREA ( #367 ) ;
#2227 = LINE ( 'NONE', #956, #2643 ) ;
#2228 = SURFACE_STYLE_USAGE ( .BOTH. , #2742 ) ;
#2229 =( NAMED_UNIT ( * ) SI_UNIT ( $, .STERADIAN. ) SOLID_ANGLE_UNIT ( ) );
#2230 = VECTOR ( 'NONE', #842, 1000.000000000000100 ) ;
#2231 = EDGE_CURVE ( 'NONE', #3125, #1748, #3253, .T. ) ;
#2232 = DIRECTION ( 'NONE',  ( 1.000000000000000000, 0.0000000000000000000, 0.0000000000000000000 ) ) ;
#2233 = DIRECTION ( 'NONE',  ( 0.0000000000000000000, -7.938847109764683400E-005, 0.9999999968487352000 ) ) ;
#2234 = ORIENTED_EDGE ( 'NONE', *, *, #542, .F. ) ;
#2235 =( GEOMETRIC_REPRESENTATION_CONTEXT ( 3 ) GLOBAL_UNCERTAINTY_ASSIGNED_CONTEXT ( ( #352 ) ) GLOBAL_UNIT_ASSIGNED_CONTEXT ( ( #1629, #2131, #1611 ) ) REPRESENTATION_CONTEXT ( 'NONE', 'WORKASPACE' ) );
#2236 = TOROIDAL_SURFACE ( 'NONE', #3201, 3.399999999999999900, 0.2812499999999998300 ) ;
#2237 = EDGE_CURVE ( 'NONE', #1070, #2202, #1397, .T. ) ;
#2238 = VECTOR ( 'NONE', #998, 1000.000000000000000 ) ;
#2239 = LINE ( 'NONE', #2219, #2525 ) ;
#2240 = PRESENTATION_STYLE_ASSIGNMENT (( #730 ) ) ;
#2241 = LINE ( 'NONE', #1075, #1133 ) ;
#2242 = DIRECTION ( 'NONE',  ( 0.0000000000000000000, 0.0000000000000000000, -1.000000000000000000 ) ) ;
#2243 = FILL_AREA_STYLE_COLOUR ( '', #1438 ) ;
#2244 = ORIENTED_EDGE ( 'NONE', *, *, #5, .F. ) ;
#2245 = MECHANICAL_DESIGN_GEOMETRIC_PRESENTATION_REPRESENTATION (  '', ( #33 ), #1727 ) ;
#2246 = CARTESIAN_POINT ( 'NONE',  ( 0.0000000000000000000, -0.04314917537281623400, -0.8012364201750976600 ) ) ;
#2247 =( LENGTH_UNIT ( ) NAMED_UNIT ( * ) SI_UNIT ( .MILLI., .METRE. ) );
#2248 = STYLED_ITEM ( 'NONE', ( #163 ), #2547 ) ;
#2249 = ORIENTED_EDGE ( 'NONE', *, *, #625, .F. ) ;
#2250 = CARTESIAN_POINT ( 'NONE',  ( -0.005000000000000000100, 0.3765290351657321100, -1.256564298808674900 ) ) ;
#2251 = CARTESIAN_POINT ( 'NONE',  ( -0.005000000000000000100, 0.2331983258506238900, 1.221069026951538500 ) ) ;
#2252 = ORIENTED_EDGE ( 'NONE', *, *, #1322, .F. ) ;
#2253 = MECHANICAL_DESIGN_GEOMETRIC_PRESENTATION_REPRESENTATION (  '', ( #3152 ), #3354 ) ;
#2254 = CARTESIAN_POINT ( 'NONE',  ( -0.005000000000000000100, 0.3765290351657323300, -1.482965700014777300 ) ) ;
#2255 =( LENGTH_UNIT ( ) NAMED_UNIT ( * ) SI_UNIT ( .MILLI., .METRE. ) );
#2256 = EDGE_CURVE ( 'NONE', #596, #891, #778, .T. ) ;
#2257 = ORIENTED_EDGE ( 'NONE', *, *, #2342, .F. ) ;
#2258 = ORIENTED_EDGE ( 'NONE', *, *, #1839, .T. ) ;
#2259 =( LENGTH_UNIT ( ) NAMED_UNIT ( * ) SI_UNIT ( .MILLI., .METRE. ) );
#2260 = PRESENTATION_LAYER_ASSIGNMENT (  '', '', ( #2087 ) ) ;
#2261 = MECHANICAL_DESIGN_GEOMETRIC_PRESENTATION_REPRESENTATION (  '', ( #1374 ), #3210 ) ;
#2262 = DIRECTION ( 'NONE',  ( 1.000000000000000000, 0.0000000000000000000, 0.0000000000000000000 ) ) ;
#2263 = SURFACE_SIDE_STYLE ('',( #2583 ) ) ;
#2264 = UNCERTAINTY_MEASURE_WITH_UNIT (LENGTH_MEASURE( 1.000000000000000100E-005 ), #1117, 'distance_accuracy_value', 'NONE');
#2265 =( GEOMETRIC_REPRESENTATION_CONTEXT ( 3 ) GLOBAL_UNCERTAINTY_ASSIGNED_CONTEXT ( ( #2015 ) ) GLOBAL_UNIT_ASSIGNED_CONTEXT ( ( #1568, #2907, #2352 ) ) REPRESENTATION_CONTEXT ( 'NONE', 'WORKASPACE' ) );
#2266 = DIRECTION ( 'NONE',  ( 1.000000000000000000, -0.0000000000000000000, -0.0000000000000000000 ) ) ;
#2267 = LINE ( 'NONE', #3238, #3233 ) ;
#2268 = VECTOR ( 'NONE', #1638, 999.9999999999998900 ) ;
#2269 = ORIENTED_EDGE ( 'NONE', *, *, #1532, .T. ) ;
#2270 = ADVANCED_FACE ( 'NONE', ( #2333 ), #726, .F. ) ;
#2271 = CARTESIAN_POINT ( 'NONE',  ( 0.0000000000000000000, 0.3765290351657321100, -0.8926405572324688200 ) ) ;
#2272 = STYLED_ITEM ( 'NONE', ( #975 ), #3008 ) ;
#2273 = VERTEX_POINT ( 'NONE', #1764 ) ;
#2274 = CARTESIAN_POINT ( 'NONE',  ( 0.0000000000000000000, -0.3712800000000231500, -1.418794762131323500 ) ) ;
#2275 = SURFACE_STYLE_USAGE ( .BOTH. , #3113 ) ;
#2276 = MECHANICAL_DESIGN_GEOMETRIC_PRESENTATION_REPRESENTATION (  '', ( #2754 ), #2213 ) ;
#2277 = SURFACE_STYLE_FILL_AREA ( #768 ) ;
#2278 =( NAMED_UNIT ( * ) PLANE_ANGLE_UNIT ( ) SI_UNIT ( $, .RADIAN. ) );
#2279 = VECTOR ( 'NONE', #792, 1000.000000000000000 ) ;
#2280 = COLOUR_RGB ( '',0.0000000000000000000, 0.0000000000000000000, 0.0000000000000000000 ) ;
#2281 = ORIENTED_EDGE ( 'NONE', *, *, #1701, .T. ) ;
#2282 = FILL_AREA_STYLE_COLOUR ( '', #2946 ) ;
#2283 = VECTOR ( 'NONE', #2172, 1000.000000000000000 ) ;
#2284 = CARTESIAN_POINT ( 'NONE',  ( -0.005000000000000000100, -0.3712800000000000500, -1.910800000000000100 ) ) ;
#2285 = PRESENTATION_STYLE_ASSIGNMENT (( #1394 ) ) ;
#2286 = DIRECTION ( 'NONE',  ( 1.000000000000000000, 0.0000000000000000000, 0.0000000000000000000 ) ) ;
#2287 = PRESENTATION_LAYER_ASSIGNMENT (  '', '', ( #3139 ) ) ;
#2288 = DIRECTION ( 'NONE',  ( 1.000000000000000000, 0.0000000000000000000, 0.0000000000000000000 ) ) ;
#2289 = ORIENTED_EDGE ( 'NONE', *, *, #1633, .F. ) ;
#2290 = UNCERTAINTY_MEASURE_WITH_UNIT (LENGTH_MEASURE( 1.000000000000000100E-005 ), #2935, 'distance_accuracy_value', 'NONE');
#2291 = CARTESIAN_POINT ( 'NONE',  ( 0.0000000000000000000, -0.3712800000000231500, -1.418794762131323500 ) ) ;
#2292 = STYLED_ITEM ( 'NONE', ( #3079 ), #2975 ) ;
#2293 = CARTESIAN_POINT ( 'NONE',  ( -0.005000000000000000100, -0.3712800000000229300, 0.4920596983754887400 ) ) ;
#2294 =( NAMED_UNIT ( * ) PLANE_ANGLE_UNIT ( ) SI_UNIT ( $, .RADIAN. ) );
#2295 = VERTEX_POINT ( 'NONE', #2899 ) ;
#2296 = EDGE_CURVE ( 'NONE', #2791, #322, #2499, .T. ) ;
#2297 = STYLED_ITEM ( 'NONE', ( #3111 ), #577 ) ;
#2298 = EDGE_LOOP ( 'NONE', ( #2164, #1583, #1136, #1264 ) ) ;
#2299 = CARTESIAN_POINT ( 'NONE',  ( 24.00000000000000000, -1.250000000000000000, 0.0000000000000000000 ) ) ;
#2300 =( NAMED_UNIT ( * ) SI_UNIT ( $, .STERADIAN. ) SOLID_ANGLE_UNIT ( ) );
#2301 = EDGE_CURVE ( 'NONE', #2376, #1330, #1795, .T. ) ;
#2302 = ORIENTED_EDGE ( 'NONE', *, *, #1592, .T. ) ;
#2303 = DIRECTION ( 'NONE',  ( 0.0000000000000000000, 1.000000000000000000, -2.372545677633582300E-016 ) ) ;
#2304 =( NAMED_UNIT ( * ) PLANE_ANGLE_UNIT ( ) SI_UNIT ( $, .RADIAN. ) );
#2305 = LINE ( 'NONE', #3335, #997 ) ;
#2306 =( GEOMETRIC_REPRESENTATION_CONTEXT ( 3 ) GLOBAL_UNCERTAINTY_ASSIGNED_CONTEXT ( ( #3250 ) ) GLOBAL_UNIT_ASSIGNED_CONTEXT ( ( #2259, #698, #1486 ) ) REPRESENTATION_CONTEXT ( 'NONE', 'WORKASPACE' ) );
#2307 = ADVANCED_BREP_SHAPE_REPRESENTATION ( 'CAR_KP_6.3X8_D6.8L9S2.5F0.55', ( #627, #32, #1393, #711, #3359 ), #457 ) ;
#2308 = CARTESIAN_POINT ( 'NONE',  ( 0.0000000000000000000, -0.06649415775543193700, -0.009025292283876100400 ) ) ;
#2309 = FILL_AREA_STYLE_COLOUR ( '', #2541 ) ;
#2310 = LINE ( 'NONE', #2959, #1613 ) ;
#2311 = DIRECTION ( 'NONE',  ( 0.0000000000000000000, 0.9615825319869135700, 0.2745159998572695400 ) ) ;
#2312 =( GEOMETRIC_REPRESENTATION_CONTEXT ( 3 ) GLOBAL_UNCERTAINTY_ASSIGNED_CONTEXT ( ( #939 ) ) GLOBAL_UNIT_ASSIGNED_CONTEXT ( ( #1138, #140, #3257 ) ) REPRESENTATION_CONTEXT ( 'NONE', 'WORKASPACE' ) );
#2313 =( NAMED_UNIT ( * ) SI_UNIT ( $, .STERADIAN. ) SOLID_ANGLE_UNIT ( ) );
#2314 = DIRECTION ( 'NONE',  ( 0.0000000000000000000, 0.0000000000000000000, -1.000000000000000000 ) ) ;
#2315 = DIRECTION ( 'NONE',  ( 0.0000000000000000000, 0.6995643972268819100, 0.7145695586383381500 ) ) ;
#2316 = EDGE_CURVE ( 'NONE', #3095, #2801, #2416, .T. ) ;
#2317 = DIRECTION ( 'NONE',  ( 0.0000000000000000000, 0.2762437428917142700, -0.9610876102172873900 ) ) ;
#2318 = CARTESIAN_POINT ( 'NONE',  ( 24.00000000000000000, -1.250000000000000000, 0.2750000000000000200 ) ) ;
#2319 = FACE_OUTER_BOUND ( 'NONE', #694, .T. ) ;
#2320 = EDGE_LOOP ( 'NONE', ( #17, #533, #821, #516 ) ) ;
#2321 =( NAMED_UNIT ( * ) SI_UNIT ( $, .STERADIAN. ) SOLID_ANGLE_UNIT ( ) );
#2322 = LINE ( 'NONE', #1097, #859 ) ;
#2323 = SURFACE_STYLE_FILL_AREA ( #356 ) ;
#2324 = ADVANCED_FACE ( 'NONE', ( #405 ), #271, .F. ) ;
#2325 = ORIENTED_EDGE ( 'NONE', *, *, #2073, .T. ) ;
#2326 = CARTESIAN_POINT ( 'NONE',  ( -0.005000000000000000100, -0.3712800000000231500, -1.191261012850521200 ) ) ;
#2327 = SURFACE_STYLE_USAGE ( .BOTH. , #2019 ) ;
#2328 = VECTOR ( 'NONE', #1399, 1000.000000000000000 ) ;
#2329 = ORIENTED_EDGE ( 'NONE', *, *, #2388, .F. ) ;
#2330 = DIRECTION ( 'NONE',  ( 0.0000000000000000000, 0.0000000000000000000, -1.000000000000000000 ) ) ;
#2331 = CARTESIAN_POINT ( 'NONE',  ( -0.005000000000000000100, -0.3712800000000000500, -1.910800000000000100 ) ) ;
#2332 = MECHANICAL_DESIGN_GEOMETRIC_PRESENTATION_REPRESENTATION (  '', ( #1037 ), #3096 ) ;
#2333 = FACE_OUTER_BOUND ( 'NONE', #1306, .T. ) ;
#2334 = SURFACE_SIDE_STYLE ('',( #2554 ) ) ;
#2335 = ORIENTED_EDGE ( 'NONE', *, *, #1694, .T. ) ;
#2336 = CARTESIAN_POINT ( 'NONE',  ( -0.005000000000000000100, -0.2290088774371915900, -0.8541930198960480100 ) ) ;
#2337 = CARTESIAN_POINT ( 'NONE',  ( 7.852499999999998300, 0.0000000000000000000, 0.0000000000000000000 ) ) ;
#2338 = ORIENTED_EDGE ( 'NONE', *, *, #1362, .T. ) ;
#2339 = AXIS2_PLACEMENT_3D ( 'NONE', #93, #58, #2950 ) ;
#2340 = PLANE ( 'NONE',  #1353 ) ;
#2341 = SURFACE_SIDE_STYLE ('',( #529 ) ) ;
#2342 = EDGE_CURVE ( 'NONE', #1803, #3323, #446, .T. ) ;
#2343 = EDGE_LOOP ( 'NONE', ( #2506, #487, #1659, #1822 ) ) ;
#2344 = STYLED_ITEM ( 'NONE', ( #1256 ), #1151 ) ;
#2345 = CARTESIAN_POINT ( 'NONE',  ( -0.005000000000000000100, 0.3765290351657325500, 0.2890796929256097000 ) ) ;
#2346 = CARTESIAN_POINT ( 'NONE',  ( -0.005000000000000000100, 0.03476001023382962300, -1.581777849778652500 ) ) ;
#2347 = PLANE ( 'NONE',  #2100 ) ;
#2348 = FACE_OUTER_BOUND ( 'NONE', #1281, .T. ) ;
#2349 = AXIS2_PLACEMENT_3D ( 'NONE', #2176, #1390, #89 ) ;
#2350 = ORIENTED_EDGE ( 'NONE', *, *, #2496, .T. ) ;
#2351 = DIRECTION ( 'NONE',  ( -0.0000000000000000000, -0.9610853065513910200, -0.2762517575166151300 ) ) ;
#2352 =( NAMED_UNIT ( * ) SI_UNIT ( $, .STERADIAN. ) SOLID_ANGLE_UNIT ( ) );
#2353 = CARTESIAN_POINT ( 'NONE',  ( 0.0000000000000000000, -0.2290088774371915900, -0.8541930198960480100 ) ) ;
#2354 = VECTOR ( 'NONE', #318, 1000.000000000000000 ) ;
#2355 = ORIENTED_EDGE ( 'NONE', *, *, #628, .F. ) ;
#2356 = STYLED_ITEM ( 'NONE', ( #933 ), #2586 ) ;
#2357 = DIRECTION ( 'NONE',  ( -1.000000000000000000, 0.0000000000000000000, 0.0000000000000000000 ) ) ;
#2358 = DIRECTION ( 'NONE',  ( 0.0000000000000000000, -0.004650693823678240200, 0.9999891854650020400 ) ) ;
#2359 = EDGE_CURVE ( 'NONE', #1020, #921, #2372, .T. ) ;
#2360 = MECHANICAL_DESIGN_GEOMETRIC_PRESENTATION_REPRESENTATION (  '', ( #761 ), #2235 ) ;
#2361 = ORIENTED_EDGE ( 'NONE', *, *, #2962, .T. ) ;
#2362 = VECTOR ( 'NONE', #399, 1000.000000000000000 ) ;
#2363 = EDGE_CURVE ( 'NONE', #709, #961, #1666, .T. ) ;
#2364 = CARTESIAN_POINT ( 'NONE',  ( 0.0000000000000000000, 0.3765290351657323300, 0.7071558097653002400 ) ) ;
#2365 = DIRECTION ( 'NONE',  ( -1.000000000000000000, -0.0000000000000000000, -0.0000000000000000000 ) ) ;
#2366 = ORIENTED_EDGE ( 'NONE', *, *, #1694, .F. ) ;
#2367 = PRESENTATION_LAYER_ASSIGNMENT (  '', '', ( #1327 ) ) ;
#2368 = UNCERTAINTY_MEASURE_WITH_UNIT (LENGTH_MEASURE( 1.000000000000000100E-005 ), #959, 'distance_accuracy_value', 'NONE');
#2369 =( NAMED_UNIT ( * ) SI_UNIT ( $, .STERADIAN. ) SOLID_ANGLE_UNIT ( ) );
#2370 = ORIENTED_EDGE ( 'NONE', *, *, #1422, .F. ) ;
#2371 = FILL_AREA_STYLE ('',( #3207 ) ) ;
#2372 = LINE ( 'NONE', #2931, #87 ) ;
#2373 = STYLED_ITEM ( 'NONE', ( #376 ), #1688 ) ;
#2374 = FILL_AREA_STYLE ('',( #2032 ) ) ;
#2375 = ORIENTED_EDGE ( 'NONE', *, *, #3397, .T. ) ;
#2376 = VERTEX_POINT ( 'NONE', #1825 ) ;
#2377 =( LENGTH_UNIT ( ) NAMED_UNIT ( * ) SI_UNIT ( .MILLI., .METRE. ) );
#2378 = DIRECTION ( 'NONE',  ( 0.0000000000000000000, 0.0000000000000000000, -1.000000000000000000 ) ) ;
#2379 = AXIS2_PLACEMENT_3D ( 'NONE', #1786, #1244, #1547 ) ;
#2380 = FILL_AREA_STYLE_COLOUR ( '', #2280 ) ;
#2381 = FACE_OUTER_BOUND ( 'NONE', #226, .T. ) ;
#2382 = VERTEX_POINT ( 'NONE', #29 ) ;
#2383 = DIRECTION ( 'NONE',  ( 0.0000000000000000000, 0.9612934544747654400, 0.2755265765474755900 ) ) ;
#2384 = EDGE_CURVE ( 'NONE', #1437, #596, #2002, .T. ) ;
#2385 = ORIENTED_EDGE ( 'NONE', *, *, #2697, .T. ) ;
#2386 =( LENGTH_UNIT ( ) NAMED_UNIT ( * ) SI_UNIT ( .MILLI., .METRE. ) );
#2387 = PRESENTATION_STYLE_ASSIGNMENT (( #1543 ) ) ;
#2388 = EDGE_CURVE ( 'NONE', #602, #2768, #3086, .T. ) ;
#2389 = AXIS2_PLACEMENT_3D ( 'NONE', #3298, #143, #1467 ) ;
#2390 = DIRECTION ( 'NONE',  ( 0.0000000000000000000, 0.9615454294334483400, 0.2746459304916885600 ) ) ;
#2391 = DIRECTION ( 'NONE',  ( 0.0000000000000000000, 0.0000000000000000000, -1.000000000000000000 ) ) ;
#2392 = MECHANICAL_DESIGN_GEOMETRIC_PRESENTATION_REPRESENTATION (  '', ( #2087 ), #2619 ) ;
#2393 = VECTOR ( 'NONE', #2155, 1000.000000000000000 ) ;
#2394 = DIRECTION ( 'NONE',  ( 1.000000000000000000, 0.0000000000000000000, 0.0000000000000000000 ) ) ;
#2395 = SURFACE_STYLE_FILL_AREA ( #1105 ) ;
#2396 = ORIENTED_EDGE ( 'NONE', *, *, #1212, .T. ) ;
#2397 =( GEOMETRIC_REPRESENTATION_CONTEXT ( 3 ) GLOBAL_UNCERTAINTY_ASSIGNED_CONTEXT ( ( #1863 ) ) GLOBAL_UNIT_ASSIGNED_CONTEXT ( ( #2089, #1849, #2767 ) ) REPRESENTATION_CONTEXT ( 'NONE', 'WORKASPACE' ) );
#2398 = VECTOR ( 'NONE', #1815, 1000.000000000000000 ) ;
#2399 = MECHANICAL_DESIGN_GEOMETRIC_PRESENTATION_REPRESENTATION (  '', ( #2448 ), #1178 ) ;
#2400 = FILL_AREA_STYLE_COLOUR ( '', #1081 ) ;
#2401 = CARTESIAN_POINT ( 'NONE',  ( 0.0000000000000000000, 0.3765290351657323300, -0.3401843028703591100 ) ) ;
#2402 = LINE ( 'NONE', #3055, #158 ) ;
#2403 = EDGE_CURVE ( 'NONE', #854, #1349, #688, .T. ) ;
#2404 = VERTEX_POINT ( 'NONE', #1029 ) ;
#2405 = DIRECTION ( 'NONE',  ( 0.0000000000000000000, 1.000000000000000000, 0.0000000000000000000 ) ) ;
#2406 = AXIS2_PLACEMENT_3D ( 'NONE', #1095, #1898, #832 ) ;
#2407 = SURFACE_STYLE_FILL_AREA ( #3004 ) ;
#2408 = ORIENTED_EDGE ( 'NONE', *, *, #245, .F. ) ;
#2409 = EDGE_CURVE ( 'NONE', #42, #2527, #1707, .T. ) ;
#2410 =( NAMED_UNIT ( * ) SI_UNIT ( $, .STERADIAN. ) SOLID_ANGLE_UNIT ( ) );
#2411 = DIRECTION ( 'NONE',  ( 1.000000000000000000, 0.0000000000000000000, 0.0000000000000000000 ) ) ;
#2412 = VECTOR ( 'NONE', #1559, 1000.000000000000000 ) ;
#2413 = CARTESIAN_POINT ( 'NONE',  ( 0.0000000000000000000, 0.3765290351657325500, 0.6170636496931823900 ) ) ;
#2414 = UNCERTAINTY_MEASURE_WITH_UNIT (LENGTH_MEASURE( 1.000000000000000100E-005 ), #1524, 'distance_accuracy_value', 'NONE');
#2415 = ORIENTED_EDGE ( 'NONE', *, *, #1491, .F. ) ;
#2416 = LINE ( 'NONE', #788, #1711 ) ;
#2417 = VERTEX_POINT ( 'NONE', #2331 ) ;
#2418 = AXIS2_PLACEMENT_3D ( 'NONE', #234, #2689, #2728 ) ;
#2419 =( NAMED_UNIT ( * ) SI_UNIT ( $, .STERADIAN. ) SOLID_ANGLE_UNIT ( ) );
#2420 = ORIENTED_EDGE ( 'NONE', *, *, #2128, .F. ) ;
#2421 = ADVANCED_FACE ( 'NONE', ( #401 ), #3409, .F. ) ;
#2422 = CARTESIAN_POINT ( 'NONE',  ( 0.0000000000000000000, 0.2341874250734345700, -0.7213217506263035500 ) ) ;
#2423 =( NAMED_UNIT ( * ) SI_UNIT ( $, .STERADIAN. ) SOLID_ANGLE_UNIT ( ) );
#2424 = ORIENTED_EDGE ( 'NONE', *, *, #3202, .F. ) ;
#2425 = STYLED_ITEM ( 'NONE', ( #2803 ), #2811 ) ;
#2426 = EDGE_CURVE ( 'NONE', #970, #901, #6, .T. ) ;
#2427 = DIRECTION ( 'NONE',  ( 0.0000000000000000000, 0.9612861490927303600, 0.2755520632520628300 ) ) ;
#2428 =( LENGTH_UNIT ( ) NAMED_UNIT ( * ) SI_UNIT ( .MILLI., .METRE. ) );
#2429 = EDGE_CURVE ( 'NONE', #2992, #986, #1788, .T. ) ;
#2430 = CIRCLE ( 'NONE', #1662, 0.2750000000000000200 ) ;
#2431 = FILL_AREA_STYLE ('',( #847 ) ) ;
#2432 = EDGE_CURVE ( 'NONE', #90, #2575, #642, .T. ) ;
#2433 = DIRECTION ( 'NONE',  ( 0.0000000000000000000, 0.0000000000000000000, -1.000000000000000000 ) ) ;
#2434 = VECTOR ( 'NONE', #762, 1000.000000000000000 ) ;
#2435 = ORIENTED_EDGE ( 'NONE', *, *, #3085, .T. ) ;
#2436 = FILL_AREA_STYLE ('',( #120 ) ) ;
#2437 = FILL_AREA_STYLE_COLOUR ( '', #2545 ) ;
#2438 =( GEOMETRIC_REPRESENTATION_CONTEXT ( 3 ) GLOBAL_UNCERTAINTY_ASSIGNED_CONTEXT ( ( #2629 ) ) GLOBAL_UNIT_ASSIGNED_CONTEXT ( ( #2052, #3396, #2871 ) ) REPRESENTATION_CONTEXT ( 'NONE', 'WORKASPACE' ) );
#2439 = VECTOR ( 'NONE', #2135, 999.9999999999998900 ) ;
#2440 = ORIENTED_EDGE ( 'NONE', *, *, #1083, .F. ) ;
#2441 = CARTESIAN_POINT ( 'NONE',  ( 0.0000000000000000000, -0.3712800000000229300, 0.2120332028033120600 ) ) ;
#2442 = AXIS2_PLACEMENT_3D ( 'NONE', #2105, #1073, #777 ) ;
#2443 = PRESENTATION_STYLE_ASSIGNMENT (( #1766 ) ) ;
#2444 = CARTESIAN_POINT ( 'NONE',  ( 9.000000000000000000, 4.163799117101000600E-016, -3.399999999999999900 ) ) ;
#2445 = FILL_AREA_STYLE ('',( #612 ) ) ;
#2446 = CARTESIAN_POINT ( 'NONE',  ( -0.005000000000000000100, -0.3712800000000226500, 1.487943913559163700 ) ) ;
#2447 = ORIENTED_EDGE ( 'NONE', *, *, #2635, .T. ) ;
#2448 = STYLED_ITEM ( 'NONE', ( #814 ), #3080 ) ;
#2449 = FILL_AREA_STYLE ('',( #349 ) ) ;
#2450 = VERTEX_POINT ( 'NONE', #3141 ) ;
#2451 = FACE_OUTER_BOUND ( 'NONE', #1710, .T. ) ;
#2452 =( NAMED_UNIT ( * ) PLANE_ANGLE_UNIT ( ) SI_UNIT ( $, .RADIAN. ) );
#2453 = EDGE_LOOP ( 'NONE', ( #1337, #2025 ) ) ;
#2454 =( GEOMETRIC_REPRESENTATION_CONTEXT ( 3 ) GLOBAL_UNCERTAINTY_ASSIGNED_CONTEXT ( ( #567 ) ) GLOBAL_UNIT_ASSIGNED_CONTEXT ( ( #3112, #1003, #196 ) ) REPRESENTATION_CONTEXT ( 'NONE', 'WORKASPACE' ) );
#2455 = COLOUR_RGB ( '',0.0000000000000000000, 0.0000000000000000000, 0.0000000000000000000 ) ;
#2456 = UNCERTAINTY_MEASURE_WITH_UNIT (LENGTH_MEASURE( 1.000000000000000100E-005 ), #2936, 'distance_accuracy_value', 'NONE');
#2457 = ORIENTED_EDGE ( 'NONE', *, *, #839, .T. ) ;
#2458 = CARTESIAN_POINT ( 'NONE',  ( 7.852499999999998300, 0.0000000000000000000, 0.0000000000000000000 ) ) ;
#2459 = SURFACE_SIDE_STYLE ('',( #3378 ) ) ;
#2460 =( LENGTH_UNIT ( ) NAMED_UNIT ( * ) SI_UNIT ( .MILLI., .METRE. ) );
#2461 = PRESENTATION_STYLE_ASSIGNMENT (( #2588 ) ) ;
#2462 = ORIENTED_EDGE ( 'NONE', *, *, #217, .T. ) ;
#2463 = CARTESIAN_POINT ( 'NONE',  ( -0.005000000000000000100, -0.3712800000000227000, 1.274921500448871400 ) ) ;
#2464 = EDGE_LOOP ( 'NONE', ( #1955, #3042, #3091, #1590 ) ) ;
#2465 = MECHANICAL_DESIGN_GEOMETRIC_PRESENTATION_REPRESENTATION (  '', ( #3139 ), #3367 ) ;
#2466 = SURFACE_STYLE_FILL_AREA ( #1820 ) ;
#2467 = CARTESIAN_POINT ( 'NONE',  ( -0.005000000000000000100, 0.2341874250734346800, -0.3806123124469641400 ) ) ;
#2468 = STYLED_ITEM ( 'NONE', ( #521 ), #3051 ) ;
#2469 =( NAMED_UNIT ( * ) PLANE_ANGLE_UNIT ( ) SI_UNIT ( $, .RADIAN. ) );
#2470 = FACE_OUTER_BOUND ( 'NONE', #1242, .T. ) ;
#2471 = EDGE_CURVE ( 'NONE', #1330, #3084, #1920, .T. ) ;
#2472 = LINE ( 'NONE', #2318, #2731 ) ;
#2473 = ADVANCED_FACE ( 'NONE', ( #84 ), #2171, .F. ) ;
#2474 =( NAMED_UNIT ( * ) SI_UNIT ( $, .STERADIAN. ) SOLID_ANGLE_UNIT ( ) );
#2475 = DIRECTION ( 'NONE',  ( 0.0000000000000000000, 3.146308679943554500E-016, 1.000000000000000000 ) ) ;
#2476 = STYLED_ITEM ( 'NONE', ( #1586 ), #390 ) ;
#2477 = FACE_BOUND ( 'NONE', #2661, .T. ) ;
#2478 = UNCERTAINTY_MEASURE_WITH_UNIT (LENGTH_MEASURE( 1.000000000000000100E-005 ), #2920, 'distance_accuracy_value', 'NONE');
#2479 = FACE_OUTER_BOUND ( 'NONE', #1902, .T. ) ;
#2480 = ORIENTED_EDGE ( 'NONE', *, *, #1964, .F. ) ;
#2481 = CARTESIAN_POINT ( 'NONE',  ( 9.000000000000000000, 0.0000000000000000000, 3.399999999999999900 ) ) ;
#2482 = CARTESIAN_POINT ( 'NONE',  ( 7.571249999999998300, 0.0000000000000000000, -3.399999999999999900 ) ) ;
#2483 = SURFACE_STYLE_USAGE ( .BOTH. , #3281 ) ;
#2484 = CARTESIAN_POINT ( 'NONE',  ( 0.0000000000000000000, 0.2976807737448715600, 0.4041367358181651200 ) ) ;
#2485 = STYLED_ITEM ( 'NONE', ( #2387 ), #1761 ) ;
#2486 = COLOUR_RGB ( '',0.0000000000000000000, 0.0000000000000000000, 0.0000000000000000000 ) ;
#2487 = FILL_AREA_STYLE_COLOUR ( '', #119 ) ;
#2488 = FACE_OUTER_BOUND ( 'NONE', #1819, .T. ) ;
#2489 = SURFACE_STYLE_FILL_AREA ( #2835 ) ;
#2490 = STYLED_ITEM ( 'NONE', ( #3005 ), #2725 ) ;
#2491 = ADVANCED_FACE ( 'NONE', ( #2042 ), #39, .F. ) ;
#2492 = ORIENTED_EDGE ( 'NONE', *, *, #2723, .T. ) ;
#2493 = DIRECTION ( 'NONE',  ( 1.000000000000000000, 0.0000000000000000000, 0.0000000000000000000 ) ) ;
#2494 = EDGE_CURVE ( 'NONE', #1675, #2295, #1997, .T. ) ;
#2495 = ORIENTED_EDGE ( 'NONE', *, *, #3198, .T. ) ;
#2496 = EDGE_CURVE ( 'NONE', #1221, #1391, #1276, .T. ) ;
#2497 =( NAMED_UNIT ( * ) SI_UNIT ( $, .STERADIAN. ) SOLID_ANGLE_UNIT ( ) );
#2498 = ORIENTED_EDGE ( 'NONE', *, *, #303, .T. ) ;
#2499 = CIRCLE ( 'NONE', #1665, 0.2750000000000000200 ) ;
#2500 = SURFACE_STYLE_USAGE ( .BOTH. , #2766 ) ;
#2501 = UNCERTAINTY_MEASURE_WITH_UNIT (LENGTH_MEASURE( 1.000000000000000100E-005 ), #272, 'distance_accuracy_value', 'NONE');
#2502 = FACE_OUTER_BOUND ( 'NONE', #1925, .T. ) ;
#2503 =( NAMED_UNIT ( * ) PLANE_ANGLE_UNIT ( ) SI_UNIT ( $, .RADIAN. ) );
#2504 = ORIENTED_EDGE ( 'NONE', *, *, #1650, .T. ) ;
#2505 = COLOUR_RGB ( '',0.0000000000000000000, 0.0000000000000000000, 0.0000000000000000000 ) ;
#2506 = ORIENTED_EDGE ( 'NONE', *, *, #2059, .T. ) ;
#2507 = CARTESIAN_POINT ( 'NONE',  ( -0.005000000000000000100, -0.3712800000000232000, -0.1483695419528172400 ) ) ;
#2508 = SURFACE_STYLE_USAGE ( .BOTH. , #2263 ) ;
#2509 = FILL_AREA_STYLE_COLOUR ( '', #1294 ) ;
#2510 =( GEOMETRIC_REPRESENTATION_CONTEXT ( 3 ) GLOBAL_UNCERTAINTY_ASSIGNED_CONTEXT ( ( #1649 ) ) GLOBAL_UNIT_ASSIGNED_CONTEXT ( ( #1537, #3390, #2573 ) ) REPRESENTATION_CONTEXT ( 'NONE', 'WORKASPACE' ) );
#2511 = DIRECTION ( 'NONE',  ( 0.0000000000000000000, 0.2793947940878290800, -0.9601763114327596100 ) ) ;
#2512 = PRESENTATION_STYLE_ASSIGNMENT (( #220 ) ) ;
#2513 = DIRECTION ( 'NONE',  ( 1.000000000000000000, 0.0000000000000000000, 0.0000000000000000000 ) ) ;
#2514 = FILL_AREA_STYLE_COLOUR ( '', #281 ) ;
#2515 = STYLED_ITEM ( 'NONE', ( #2701 ), #3232 ) ;
#2516 = EDGE_CURVE ( 'NONE', #2177, #1141, #570, .T. ) ;
#2517 = CARTESIAN_POINT ( 'NONE',  ( -0.005000000000000000100, -0.3712800000000227600, 1.057051364255605400 ) ) ;
#2518 = CARTESIAN_POINT ( 'NONE',  ( -0.005000000000000000100, -0.2290088774371915900, -0.4396490301452850000 ) ) ;
#2519 = ORIENTED_EDGE ( 'NONE', *, *, #3124, .T. ) ;
#2520 = DIRECTION ( 'NONE',  ( 1.000000000000000000, 0.0000000000000000000, 0.0000000000000000000 ) ) ;
#2521 = UNCERTAINTY_MEASURE_WITH_UNIT (LENGTH_MEASURE( 1.000000000000000100E-005 ), #2031, 'distance_accuracy_value', 'NONE');
#2522 = AXIS2_PLACEMENT_3D ( 'NONE', #3245, #1403, #884 ) ;
#2523 = FACE_OUTER_BOUND ( 'NONE', #2546, .T. ) ;
#2524 = VECTOR ( 'NONE', #549, 1000.000000000000000 ) ;
#2525 = VECTOR ( 'NONE', #3038, 1000.000000000000000 ) ;
#2526 =( NAMED_UNIT ( * ) SI_UNIT ( $, .STERADIAN. ) SOLID_ANGLE_UNIT ( ) );
#2527 = VERTEX_POINT ( 'NONE', #1386 ) ;
#2528 = LINE ( 'NONE', #2544, #3330 ) ;
#2529 = CARTESIAN_POINT ( 'NONE',  ( -0.005000000000000000100, 0.3765290351657325500, 1.907626672281781200 ) ) ;
#2530 = VERTEX_POINT ( 'NONE', #337 ) ;
#2531 = MECHANICAL_DESIGN_GEOMETRIC_PRESENTATION_REPRESENTATION (  '', ( #1245 ), #1643 ) ;
#2532 = CARTESIAN_POINT ( 'NONE',  ( 0.2000000000000005100, 3.918869757271530000E-016, 3.199999999999999700 ) ) ;
#2533 = EDGE_LOOP ( 'NONE', ( #2519, #1286, #722, #1630 ) ) ;
#2534 = AXIS2_PLACEMENT_3D ( 'NONE', #2734, #3015, #381 ) ;
#2535 = ORIENTED_EDGE ( 'NONE', *, *, #2316, .F. ) ;
#2536 = PLANE ( 'NONE',  #3387 ) ;
#2537 = CARTESIAN_POINT ( 'NONE',  ( 0.0000000000000000000, 0.2976807737448715600, 0.4041367358181651200 ) ) ;
#2538 = STYLED_ITEM ( 'NONE', ( #1125 ), #586 ) ;
#2539 = CARTESIAN_POINT ( 'NONE',  ( 0.0000000000000000000, 0.3765290351657321100, -0.8926405572324688200 ) ) ;
#2540 = CARTESIAN_POINT ( 'NONE',  ( 0.0000000000000000000, -0.04314917537281623400, -0.4803135140163639600 ) ) ;
#2541 = COLOUR_RGB ( '',0.0000000000000000000, 0.0000000000000000000, 0.0000000000000000000 ) ;
#2542 = CARTESIAN_POINT ( 'NONE',  ( -0.005000000000000000100, 0.3765290351657323300, -1.010467317234601000 ) ) ;
#2543 = EDGE_CURVE ( 'NONE', #2941, #1437, #682, .T. ) ;
#2544 = CARTESIAN_POINT ( 'NONE',  ( -0.005000000000000000100, -0.3712800000000227600, 1.057051364255605400 ) ) ;
#2545 = COLOUR_RGB ( '',0.0000000000000000000, 0.0000000000000000000, 0.0000000000000000000 ) ;
#2546 = EDGE_LOOP ( 'NONE', ( #2440, #2628, #3016, #2636 ) ) ;
#2547 = ADVANCED_FACE ( 'NONE', ( #2708 ), #819, .T. ) ;
#2548 = DIRECTION ( 'NONE',  ( 0.0000000000000000000, 2.372545677633581800E-016, 1.000000000000000000 ) ) ;
#2549 = PLANE ( 'NONE',  #2004 ) ;
#2550 = MECHANICAL_DESIGN_GEOMETRIC_PRESENTATION_REPRESENTATION (  '', ( #2373 ), #2306 ) ;
#2551 =( NAMED_UNIT ( * ) SI_UNIT ( $, .STERADIAN. ) SOLID_ANGLE_UNIT ( ) );
#2552 = LINE ( 'NONE', #889, #3270 ) ;
#2553 = MECHANICAL_DESIGN_GEOMETRIC_PRESENTATION_REPRESENTATION (  '', ( #507 ), #1802 ) ;
#2554 = SURFACE_STYLE_FILL_AREA ( #2058 ) ;
#2555 = LINE ( 'NONE', #1999, #2600 ) ;
#2556 = LINE ( 'NONE', #1542, #148 ) ;
#2557 =( NAMED_UNIT ( * ) SI_UNIT ( $, .STERADIAN. ) SOLID_ANGLE_UNIT ( ) );
#2558 = MECHANICAL_DESIGN_GEOMETRIC_PRESENTATION_REPRESENTATION (  '', ( #1340 ), #3283 ) ;
#2559 = PRESENTATION_STYLE_ASSIGNMENT (( #2187 ) ) ;
#2560 = ORIENTED_EDGE ( 'NONE', *, *, #3130, .F. ) ;
#2561 = UNCERTAINTY_MEASURE_WITH_UNIT (LENGTH_MEASURE( 1.000000000000000100E-005 ), #784, 'distance_accuracy_value', 'NONE');
#2562 = CARTESIAN_POINT ( 'NONE',  ( 8.133749999999999100, 4.163799117101000600E-016, -3.399999999999999900 ) ) ;
#2563 = FILL_AREA_STYLE ('',( #3366 ) ) ;
#2564 = DIRECTION ( 'NONE',  ( 1.000000000000000000, 0.0000000000000000000, 0.0000000000000000000 ) ) ;
#2565 = STYLED_ITEM ( 'NONE', ( #508 ), #1111 ) ;
#2566 = CARTESIAN_POINT ( 'NONE',  ( 0.0000000000000000000, -0.3712800000000229300, 0.4920596983754887400 ) ) ;
#2567 = LINE ( 'NONE', #2709, #1176 ) ;
#2568 = CARTESIAN_POINT ( 'NONE',  ( -0.005000000000000000100, -0.3712800000000227000, 1.274921500448871400 ) ) ;
#2569 = DIRECTION ( 'NONE',  ( 1.000000000000000000, 0.0000000000000000000, 0.0000000000000000000 ) ) ;
#2570 = ORIENTED_EDGE ( 'NONE', *, *, #456, .F. ) ;
#2571 = LINE ( 'NONE', #1177, #1016 ) ;
#2572 = CARTESIAN_POINT ( 'NONE',  ( -0.005000000000000000100, 0.2976807737448715600, 0.4041367358181651200 ) ) ;
#2573 =( NAMED_UNIT ( * ) SI_UNIT ( $, .STERADIAN. ) SOLID_ANGLE_UNIT ( ) );
#2574 = STYLED_ITEM ( 'NONE', ( #536 ), #1893 ) ;
#2575 = VERTEX_POINT ( 'NONE', #2482 ) ;
#2576 = ORIENTED_EDGE ( 'NONE', *, *, #604, .F. ) ;
#2577 = AXIS2_PLACEMENT_3D ( 'NONE', #1319, #35, #538 ) ;
#2578 = SURFACE_STYLE_FILL_AREA ( #2563 ) ;
#2579 = DIRECTION ( 'NONE',  ( 0.0000000000000000000, 1.000000000000000000, 0.0000000000000000000 ) ) ;
#2580 = SURFACE_SIDE_STYLE ('',( #3215 ) ) ;
#2581 = ORIENTED_EDGE ( 'NONE', *, *, #2778, .T. ) ;
#2582 = EDGE_CURVE ( 'NONE', #2966, #992, #2571, .T. ) ;
#2583 = SURFACE_STYLE_FILL_AREA ( #2776 ) ;
#2584 = MECHANICAL_DESIGN_GEOMETRIC_PRESENTATION_REPRESENTATION (  '', ( #3020 ), #468 ) ;
#2585 = ORIENTED_EDGE ( 'NONE', *, *, #427, .F. ) ;
#2586 = ADVANCED_FACE ( 'NONE', ( #1271 ), #97, .F. ) ;
#2587 = DIRECTION ( 'NONE',  ( -1.000000000000000000, -0.0000000000000000000, -0.0000000000000000000 ) ) ;
#2588 = SURFACE_STYLE_USAGE ( .BOTH. , #750 ) ;
#2589 = FACE_OUTER_BOUND ( 'NONE', #2298, .T. ) ;
#2590 = ORIENTED_EDGE ( 'NONE', *, *, #604, .T. ) ;
#2591 = CARTESIAN_POINT ( 'NONE',  ( 9.000000000000000000, 0.0000000000000000000, 0.0000000000000000000 ) ) ;
#2592 = FILL_AREA_STYLE_COLOUR ( '', #3057 ) ;
#2593 = CIRCLE ( 'NONE', #483, 3.399999999999999900 ) ;
#2594 = LINE ( 'NONE', #3347, #1808 ) ;
#2595 = PRESENTATION_LAYER_ASSIGNMENT (  '', '', ( #1058 ) ) ;
#2596 = CARTESIAN_POINT ( 'NONE',  ( 9.000000000000000000, 0.0000000000000000000, 0.0000000000000000000 ) ) ;
#2597 =( NAMED_UNIT ( * ) SI_UNIT ( $, .STERADIAN. ) SOLID_ANGLE_UNIT ( ) );
#2598 = COLOUR_RGB ( '',0.0000000000000000000, 0.0000000000000000000, 0.0000000000000000000 ) ;
#2599 = PLANE ( 'NONE',  #1837 ) ;
#2600 = VECTOR ( 'NONE', #1978, 1000.000000000000000 ) ;
#2601 = AXIS2_PLACEMENT_3D ( 'NONE', #2284, #3316, #150 ) ;
#2602 = LINE ( 'NONE', #1060, #66 ) ;
#2603 = SURFACE_SIDE_STYLE ('',( #1008 ) ) ;
#2604 = ORIENTED_EDGE ( 'NONE', *, *, #3397, .F. ) ;
#2605 = SURFACE_STYLE_USAGE ( .BOTH. , #2902 ) ;
#2606 = EDGE_CURVE ( 'NONE', #1754, #2273, #1430, .T. ) ;
#2607 = ORIENTED_EDGE ( 'NONE', *, *, #343, .F. ) ;
#2608 =( NAMED_UNIT ( * ) PLANE_ANGLE_UNIT ( ) SI_UNIT ( $, .RADIAN. ) );
#2609 = CARTESIAN_POINT ( 'NONE',  ( 0.0000000000000000000, 0.05763435086291764100, -1.574376658450712800 ) ) ;
#2610 = PRESENTATION_LAYER_ASSIGNMENT (  '', '', ( #258 ) ) ;
#2611 = DIRECTION ( 'NONE',  ( 0.0000000000000000000, -0.8958676361827028200, -0.4443210308329064200 ) ) ;
#2612 =( NAMED_UNIT ( * ) SI_UNIT ( $, .STERADIAN. ) SOLID_ANGLE_UNIT ( ) );
#2613 = SURFACE_STYLE_FILL_AREA ( #639 ) ;
#2614 = APPLICATION_PROTOCOL_DEFINITION ( 'draft international standard', 'automotive_design', 1998, #1830 ) ;
#2615 = VERTEX_POINT ( 'NONE', #923 ) ;
#2616 =( LENGTH_UNIT ( ) NAMED_UNIT ( * ) SI_UNIT ( .MILLI., .METRE. ) );
#2617 = FACE_OUTER_BOUND ( 'NONE', #3050, .T. ) ;
#2618 = SURFACE_STYLE_FILL_AREA ( #1497 ) ;
#2619 =( GEOMETRIC_REPRESENTATION_CONTEXT ( 3 ) GLOBAL_UNCERTAINTY_ASSIGNED_CONTEXT ( ( #731 ) ) GLOBAL_UNIT_ASSIGNED_CONTEXT ( ( #255, #1041, #744 ) ) REPRESENTATION_CONTEXT ( 'NONE', 'WORKASPACE' ) );
#2620 = VERTEX_POINT ( 'NONE', #2770 ) ;
#2621 = DIRECTION ( 'NONE',  ( 0.0000000000000000000, 0.0000000000000000000, 1.000000000000000000 ) ) ;
#2622 = FACE_OUTER_BOUND ( 'NONE', #294, .T. ) ;
#2623 = ORIENTED_EDGE ( 'NONE', *, *, #3085, .F. ) ;
#2624 = MECHANICAL_DESIGN_GEOMETRIC_PRESENTATION_REPRESENTATION (  '', ( #1731 ), #557 ) ;
#2625 = PRESENTATION_STYLE_ASSIGNMENT (( #1050 ) ) ;
#2626 = FILL_AREA_STYLE_COLOUR ( '', #3332 ) ;
#2627 = SURFACE_STYLE_FILL_AREA ( #2374 ) ;
#2628 = ORIENTED_EDGE ( 'NONE', *, *, #1552, .T. ) ;
#2629 = UNCERTAINTY_MEASURE_WITH_UNIT (LENGTH_MEASURE( 1.000000000000000100E-005 ), #2052, 'distance_accuracy_value', 'NONE');
#2630 =( NAMED_UNIT ( * ) PLANE_ANGLE_UNIT ( ) SI_UNIT ( $, .RADIAN. ) );
#2631 =( NAMED_UNIT ( * ) PLANE_ANGLE_UNIT ( ) SI_UNIT ( $, .RADIAN. ) );
#2632 = VERTEX_POINT ( 'NONE', #116 ) ;
#2633 = PRESENTATION_LAYER_ASSIGNMENT (  '', '', ( #2448 ) ) ;
#2634 =( NAMED_UNIT ( * ) SI_UNIT ( $, .STERADIAN. ) SOLID_ANGLE_UNIT ( ) );
#2635 = EDGE_CURVE ( 'NONE', #2404, #3296, #1094, .T. ) ;
#2636 = ORIENTED_EDGE ( 'NONE', *, *, #1592, .F. ) ;
#2637 =( GEOMETRIC_REPRESENTATION_CONTEXT ( 3 ) GLOBAL_UNCERTAINTY_ASSIGNED_CONTEXT ( ( #333 ) ) GLOBAL_UNIT_ASSIGNED_CONTEXT ( ( #1546, #3399, #3365 ) ) REPRESENTATION_CONTEXT ( 'NONE', 'WORKASPACE' ) );
#2638 = FACE_OUTER_BOUND ( 'NONE', #1787, .T. ) ;
#2639 = CARTESIAN_POINT ( 'NONE',  ( -0.005000000000000000100, 0.09509506277018961500, -0.7617952360291209100 ) ) ;
#2640 = DIRECTION ( 'NONE',  ( 0.0000000000000000000, -1.087414869261074600E-013, 1.000000000000000000 ) ) ;
#2641 = LINE ( 'NONE', #2806, #59 ) ;
#2642 =( LENGTH_UNIT ( ) NAMED_UNIT ( * ) SI_UNIT ( .MILLI., .METRE. ) );
#2643 = VECTOR ( 'NONE', #995, 1000.000000000000000 ) ;
#2644 =( LENGTH_UNIT ( ) NAMED_UNIT ( * ) SI_UNIT ( .MILLI., .METRE. ) );
#2645 = LINE ( 'NONE', #1991, #880 ) ;
#2646 = PRESENTATION_STYLE_ASSIGNMENT (( #2668 ) ) ;
#2647 = ORIENTED_EDGE ( 'NONE', *, *, #1941, .T. ) ;
#2648 = CARTESIAN_POINT ( 'NONE',  ( 0.0000000000000000000, -0.3712800000000231500, -1.698157310639708500 ) ) ;
#2649 = CARTESIAN_POINT ( 'NONE',  ( -0.005000000000000000100, 0.03476001023383374500, -1.359567045965704100 ) ) ;
#2650 = COLOUR_RGB ( '',0.0000000000000000000, 0.0000000000000000000, 0.0000000000000000000 ) ;
#2651 = EDGE_LOOP ( 'NONE', ( #2914, #1046, #886, #2831 ) ) ;
#2652 =( GEOMETRIC_REPRESENTATION_CONTEXT ( 3 ) GLOBAL_UNCERTAINTY_ASSIGNED_CONTEXT ( ( #846 ) ) GLOBAL_UNIT_ASSIGNED_CONTEXT ( ( #2915, #1351, #2654 ) ) REPRESENTATION_CONTEXT ( 'NONE', 'WORKASPACE' ) );
#2653 = PLANE ( 'NONE',  #1275 ) ;
#2654 =( NAMED_UNIT ( * ) SI_UNIT ( $, .STERADIAN. ) SOLID_ANGLE_UNIT ( ) );
#2655 = MECHANICAL_DESIGN_GEOMETRIC_PRESENTATION_REPRESENTATION (  '', ( #2056 ), #1534 ) ;
#2656 = EDGE_CURVE ( 'NONE', #2810, #53, #440, .T. ) ;
#2657 = FACE_OUTER_BOUND ( 'NONE', #868, .T. ) ;
#2658 = DIRECTION ( 'NONE',  ( 0.0000000000000000000, 0.9610674221107072800, 0.2763139702539114700 ) ) ;
#2659 = ORIENTED_EDGE ( 'NONE', *, *, #3148, .F. ) ;
#2660 = PLANE ( 'NONE',  #2406 ) ;
#2661 = EDGE_LOOP ( 'NONE', ( #1716, #1596 ) ) ;
#2662 = DIRECTION ( 'NONE',  ( 0.0000000000000000000, 0.2763139702539114100, -0.9610674221107073900 ) ) ;
#2663 = PRESENTATION_STYLE_ASSIGNMENT (( #2669 ) ) ;
#2664 =( GEOMETRIC_REPRESENTATION_CONTEXT ( 3 ) GLOBAL_UNCERTAINTY_ASSIGNED_CONTEXT ( ( #905 ) ) GLOBAL_UNIT_ASSIGNED_CONTEXT ( ( #2377, #3182, #38 ) ) REPRESENTATION_CONTEXT ( 'NONE', 'WORKASPACE' ) );
#2665 = CARTESIAN_POINT ( 'NONE',  ( -0.005000000000000000100, 0.3765290351657323300, -0.2655948525824784500 ) ) ;
#2666 = ORIENTED_EDGE ( 'NONE', *, *, #2918, .T. ) ;
#2667 = ORIENTED_EDGE ( 'NONE', *, *, #2053, .T. ) ;
#2668 = SURFACE_STYLE_USAGE ( .BOTH. , #336 ) ;
#2669 = SURFACE_STYLE_USAGE ( .BOTH. , #1080 ) ;
#2670 = MECHANICAL_DESIGN_GEOMETRIC_PRESENTATION_REPRESENTATION (  '', ( #2490 ), #534 ) ;
#2671 = DIRECTION ( 'NONE',  ( 0.0000000000000000000, 0.8843386665637617000, 0.4668459304955200900 ) ) ;
#2672 = VECTOR ( 'NONE', #341, 1000.000000000000000 ) ;
#2673 = ORIENTED_EDGE ( 'NONE', *, *, #590, .F. ) ;
#2674 = EDGE_CURVE ( 'NONE', #572, #1654, #1783, .T. ) ;
#2675 =( LENGTH_UNIT ( ) NAMED_UNIT ( * ) SI_UNIT ( .MILLI., .METRE. ) );
#2676 =( NAMED_UNIT ( * ) PLANE_ANGLE_UNIT ( ) SI_UNIT ( $, .RADIAN. ) );
#2677 = CARTESIAN_POINT ( 'NONE',  ( 9.000000000000000000, 0.0000000000000000000, 0.0000000000000000000 ) ) ;
#2678 = AXIS2_PLACEMENT_3D ( 'NONE', #155, #2223, #2475 ) ;
#2679 = EDGE_LOOP ( 'NONE', ( #2169, #433, #2302, #2133 ) ) ;
#2680 = CARTESIAN_POINT ( 'NONE',  ( -0.005000000000000000100, -0.04314917537418737300, 0.7984667207811639900 ) ) ;
#2681 = DIRECTION ( 'NONE',  ( -1.000000000000000000, -0.0000000000000000000, -0.0000000000000000000 ) ) ;
#2682 = CARTESIAN_POINT ( 'NONE',  ( 0.0000000000000000000, -0.3712800000000231500, -1.191261012850521200 ) ) ;
#2683 = LINE ( 'NONE', #984, #917 ) ;
#2684 = FILL_AREA_STYLE_COLOUR ( '', #2963 ) ;
#2685 = MECHANICAL_DESIGN_GEOMETRIC_PRESENTATION_REPRESENTATION (  '', ( #1564 ), #285 ) ;
#2686 =( NAMED_UNIT ( * ) SI_UNIT ( $, .STERADIAN. ) SOLID_ANGLE_UNIT ( ) );
#2687 =( LENGTH_UNIT ( ) NAMED_UNIT ( * ) SI_UNIT ( .MILLI., .METRE. ) );
#2688 = SURFACE_STYLE_FILL_AREA ( #2129 ) ;
#2689 = DIRECTION ( 'NONE',  ( 1.000000000000000000, 0.0000000000000000000, 0.0000000000000000000 ) ) ;
#2690 = PRESENTATION_STYLE_ASSIGNMENT (( #308 ) ) ;
#2691 = PRESENTATION_LAYER_ASSIGNMENT (  '', '', ( #871 ) ) ;
#2692 = VECTOR ( 'NONE', #1889, 1000.000000000000000 ) ;
#2693 = FILL_AREA_STYLE ('',( #1090 ) ) ;
#2694 =( NAMED_UNIT ( * ) SI_UNIT ( $, .STERADIAN. ) SOLID_ANGLE_UNIT ( ) );
#2695 = DIRECTION ( 'NONE',  ( -1.000000000000000000, -0.0000000000000000000, -0.0000000000000000000 ) ) ;
#2696 = SURFACE_STYLE_USAGE ( .BOTH. , #3246 ) ;
#2697 = EDGE_CURVE ( 'NONE', #2801, #3389, #1510, .T. ) ;
#2698 = ORIENTED_EDGE ( 'NONE', *, *, #239, .F. ) ;
#2699 = PLANE ( 'NONE',  #2339 ) ;
#2700 = STYLED_ITEM ( 'NONE', ( #106 ), #1190 ) ;
#2701 = PRESENTATION_STYLE_ASSIGNMENT (( #2212 ) ) ;
#2702 = COLOUR_RGB ( '',0.8980392156862745400, 0.9215686274509803400, 0.9294117647058823800 ) ;
#2703 = ADVANCED_FACE ( 'NONE', ( #3044 ), #881, .F. ) ;
#2704 = ORIENTED_EDGE ( 'NONE', *, *, #1765, .F. ) ;
#2705 = FILL_AREA_STYLE_COLOUR ( '', #2065 ) ;
#2706 = FACE_OUTER_BOUND ( 'NONE', #1313, .T. ) ;
#2707 = DIRECTION ( 'NONE',  ( 0.0000000000000000000, 0.9615825319869135700, 0.2745159998572695400 ) ) ;
#2708 = FACE_OUTER_BOUND ( 'NONE', #1417, .T. ) ;
#2709 = CARTESIAN_POINT ( 'NONE',  ( -0.005000000000000000100, 0.2321410128892255100, 1.448411777761571300 ) ) ;
#2710 = ORIENTED_EDGE ( 'NONE', *, *, #3217, .T. ) ;
#2711 = COLOUR_RGB ( '',0.0000000000000000000, 0.0000000000000000000, 0.0000000000000000000 ) ;
#2712 =( LENGTH_UNIT ( ) NAMED_UNIT ( * ) SI_UNIT ( .MILLI., .METRE. ) );
#2713 = CARTESIAN_POINT ( 'NONE',  ( -0.005000000000000000100, 0.2976807737448715600, 0.4041367358181651200 ) ) ;
#2714 = MECHANICAL_DESIGN_GEOMETRIC_PRESENTATION_REPRESENTATION (  '', ( #3190 ), #1751 ) ;
#2715 = ORIENTED_EDGE ( 'NONE', *, *, #1760, .F. ) ;
#2716 = UNCERTAINTY_MEASURE_WITH_UNIT (LENGTH_MEASURE( 1.000000000000000100E-005 ), #509, 'distance_accuracy_value', 'NONE');
#2717 =( NAMED_UNIT ( * ) SI_UNIT ( $, .STERADIAN. ) SOLID_ANGLE_UNIT ( ) );
#2718 = DIRECTION ( 'NONE',  ( 0.0000000000000000000, 0.9615323037684296900, 0.2746918797667241000 ) ) ;
#2719 = VERTEX_POINT ( 'NONE', #903 ) ;
#2720 = MECHANICAL_DESIGN_GEOMETRIC_PRESENTATION_REPRESENTATION (  '', ( #890 ), #191 ) ;
#2721 = DIRECTION ( 'NONE',  ( 1.000000000000000000, 0.0000000000000000000, 0.0000000000000000000 ) ) ;
#2722 = LINE ( 'NONE', #1520, #1757 ) ;
#2723 = EDGE_CURVE ( 'NONE', #1317, #2764, #2929, .T. ) ;
#2724 = ORIENTED_EDGE ( 'NONE', *, *, #2582, .T. ) ;
#2725 = ADVANCED_FACE ( 'NONE', ( #2451 ), #2549, .F. ) ;
#2726 = DIRECTION ( 'NONE',  ( 0.0000000000000000000, 0.9610992334304873100, 0.2762033010290239600 ) ) ;
#2727 =( NAMED_UNIT ( * ) SI_UNIT ( $, .STERADIAN. ) SOLID_ANGLE_UNIT ( ) );
#2728 = DIRECTION ( 'NONE',  ( 0.0000000000000000000, 0.0000000000000000000, -1.000000000000000000 ) ) ;
#2729 = FILL_AREA_STYLE ('',( #102 ) ) ;
#2730 = EDGE_CURVE ( 'NONE', #1184, #444, #770, .T. ) ;
#2731 = VECTOR ( 'NONE', #1843, 1000.000000000000000 ) ;
#2732 = LINE ( 'NONE', #416, #2022 ) ;
#2733 = CARTESIAN_POINT ( 'NONE',  ( -0.005000000000000000100, -0.04314917537281623400, -0.8012364201750976600 ) ) ;
#2734 = CARTESIAN_POINT ( 'NONE',  ( 9.000000000000000000, 1.250000000000000000, 0.0000000000000000000 ) ) ;
#2735 = LINE ( 'NONE', #2609, #3191 ) ;
#2736 = ORIENTED_EDGE ( 'NONE', *, *, #951, .F. ) ;
#2737 = CARTESIAN_POINT ( 'NONE',  ( 7.571249999999999100, 0.0000000000000000000, 0.0000000000000000000 ) ) ;
#2738 = ORIENTED_EDGE ( 'NONE', *, *, #1575, .F. ) ;
#2739 = UNCERTAINTY_MEASURE_WITH_UNIT (LENGTH_MEASURE( 1.000000000000000100E-005 ), #1635, 'distance_accuracy_value', 'NONE');
#2740 = DIRECTION ( 'NONE',  ( 1.000000000000000000, -0.0000000000000000000, -0.0000000000000000000 ) ) ;
#2741 = AXIS2_PLACEMENT_3D ( 'NONE', #2130, #2983, #2433 ) ;
#2742 = SURFACE_SIDE_STYLE ('',( #1684 ) ) ;
#2743 =( LENGTH_UNIT ( ) NAMED_UNIT ( * ) SI_UNIT ( .MILLI., .METRE. ) );
#2744 = CARTESIAN_POINT ( 'NONE',  ( -0.005000000000000000100, -0.3712800000000235400, -1.107829894066082900 ) ) ;
#2745 = SURFACE_STYLE_FILL_AREA ( #705 ) ;
#2746 = EDGE_CURVE ( 'NONE', #510, #388, #1471, .T. ) ;
#2747 = DIRECTION ( 'NONE',  ( 0.0000000000000000000, 0.9610674221107072800, 0.2763139702539114700 ) ) ;
#2748 = FILL_AREA_STYLE_COLOUR ( '', #331 ) ;
#2749 = ORIENTED_EDGE ( 'NONE', *, *, #1990, .T. ) ;
#2750 = CARTESIAN_POINT ( 'NONE',  ( -0.005000000000000000100, -0.3712800000000226500, 1.487943913559163700 ) ) ;
#2751 = VECTOR ( 'NONE', #321, 1000.000000000000000 ) ;
#2752 = DIRECTION ( 'NONE',  ( 1.000000000000000000, 0.0000000000000000000, 0.0000000000000000000 ) ) ;
#2753 = VERTEX_POINT ( 'NONE', #1737 ) ;
#2754 = STYLED_ITEM ( 'NONE', ( #1335 ), #865 ) ;
#2755 = CLOSED_SHELL ( 'NONE', ( #617, #1503, #1893, #1151, #3284, #1449, #3274, #109, #2547, #1202, #353, #586, #2790, #142, #2473, #3266, #599, #1111 ) ) ;
#2756 = SURFACE_STYLE_USAGE ( .BOTH. , #1894 ) ;
#2757 = AXIS2_PLACEMENT_3D ( 'NONE', #2804, #1239, #2841 ) ;
#2758 = FACE_OUTER_BOUND ( 'NONE', #346, .T. ) ;
#2759 = VERTEX_POINT ( 'NONE', #449 ) ;
#2760 = ADVANCED_FACE ( 'NONE', ( #474 ), #931, .F. ) ;
#2761 = DIRECTION ( 'NONE',  ( 0.0000000000000000000, 6.723885967566621100E-016, 1.000000000000000000 ) ) ;
#2762 = FILL_AREA_STYLE_COLOUR ( '', #646 ) ;
#2763 = PRESENTATION_STYLE_ASSIGNMENT (( #3010 ) ) ;
#2764 = VERTEX_POINT ( 'NONE', #2271 ) ;
#2765 = ADVANCED_FACE ( 'NONE', ( #2657 ), #183, .F. ) ;
#2766 = SURFACE_SIDE_STYLE ('',( #1506 ) ) ;
#2767 =( NAMED_UNIT ( * ) SI_UNIT ( $, .STERADIAN. ) SOLID_ANGLE_UNIT ( ) );
#2768 = VERTEX_POINT ( 'NONE', #413 ) ;
#2769 = DIRECTION ( 'NONE',  ( -1.000000000000000000, -0.0000000000000000000, -0.0000000000000000000 ) ) ;
#2770 = CARTESIAN_POINT ( 'NONE',  ( -0.005000000000000000100, -0.2290088774371915900, -0.4396490301452850000 ) ) ;
#2771 = PRESENTATION_LAYER_ASSIGNMENT (  '', '', ( #585 ) ) ;
#2772 = CARTESIAN_POINT ( 'NONE',  ( 0.0000000000000000000, 0.2341874250734345700, -0.7213217506263035500 ) ) ;
#2773 = CIRCLE ( 'NONE', #2088, 3.399999999999999900 ) ;
#2774 = EDGE_CURVE ( 'NONE', #3007, #424, #1181, .T. ) ;
#2775 = CARTESIAN_POINT ( 'NONE',  ( 27.99999999999999600, 1.250000000000000000, -0.2750000000000000200 ) ) ;
#2776 = FILL_AREA_STYLE ('',( #2437 ) ) ;
#2777 =( GEOMETRIC_REPRESENTATION_CONTEXT ( 3 ) GLOBAL_UNCERTAINTY_ASSIGNED_CONTEXT ( ( #3177 ) ) GLOBAL_UNIT_ASSIGNED_CONTEXT ( ( #1316, #1584, #2369 ) ) REPRESENTATION_CONTEXT ( 'NONE', 'WORKASPACE' ) );
#2778 = EDGE_CURVE ( 'NONE', #2855, #901, #892, .T. ) ;
#2779 = LINE ( 'NONE', #2345, #2988 ) ;
#2780 = COLOUR_RGB ( '',0.0000000000000000000, 0.0000000000000000000, 0.0000000000000000000 ) ;
#2781 = CARTESIAN_POINT ( 'NONE',  ( 0.0000000000000000000, 0.3765290351657323300, -0.2655948525824784500 ) ) ;
#2782 = DIRECTION ( 'NONE',  ( 0.0000000000000000000, -1.000000000000000000, 0.0000000000000000000 ) ) ;
#2783 =( GEOMETRIC_REPRESENTATION_CONTEXT ( 3 ) GLOBAL_UNCERTAINTY_ASSIGNED_CONTEXT ( ( #3098 ) ) GLOBAL_UNIT_ASSIGNED_CONTEXT ( ( #247, #757, #14 ) ) REPRESENTATION_CONTEXT ( 'NONE', 'WORKASPACE' ) );
#2784 =( NAMED_UNIT ( * ) SI_UNIT ( $, .STERADIAN. ) SOLID_ANGLE_UNIT ( ) );
#2785 = UNCERTAINTY_MEASURE_WITH_UNIT (LENGTH_MEASURE( 1.000000000000000100E-005 ), #3048, 'distance_accuracy_value', 'NONE');
#2786 = VECTOR ( 'NONE', #231, 1000.000000000000000 ) ;
#2787 = DIRECTION ( 'NONE',  ( 0.0000000000000000000, 0.0000000000000000000, -1.000000000000000000 ) ) ;
#2788 = SURFACE_STYLE_FILL_AREA ( #1370 ) ;
#2789 = PRESENTATION_LAYER_ASSIGNMENT (  '', '', ( #2425 ) ) ;
#2790 = ADVANCED_FACE ( 'NONE', ( #678 ), #2830, .T. ) ;
#2791 = VERTEX_POINT ( 'NONE', #2064 ) ;
#2792 = CARTESIAN_POINT ( 'NONE',  ( 0.0000000000000000000, -0.3712800000000229300, 0.4920596983754887400 ) ) ;
#2793 = LINE ( 'NONE', #3302, #1229 ) ;
#2794 =( NAMED_UNIT ( * ) PLANE_ANGLE_UNIT ( ) SI_UNIT ( $, .RADIAN. ) );
#2795 = EDGE_CURVE ( 'NONE', #864, #3046, #111, .T. ) ;
#2796 = ORIENTED_EDGE ( 'NONE', *, *, #2674, .T. ) ;
#2797 = AXIS2_PLACEMENT_3D ( 'NONE', #2068, #2365, #752 ) ;
#2798 = DIRECTION ( 'NONE',  ( 1.000000000000000000, 0.0000000000000000000, 0.0000000000000000000 ) ) ;
#2799 = SURFACE_STYLE_USAGE ( .BOTH. , #1480 ) ;
#2800 = COLOUR_RGB ( '',0.0000000000000000000, 0.0000000000000000000, 0.0000000000000000000 ) ;
#2801 = VERTEX_POINT ( 'NONE', #1555 ) ;
#2802 = EDGE_CURVE ( 'NONE', #2273, #1921, #2735, .T. ) ;
#2803 = PRESENTATION_STYLE_ASSIGNMENT (( #481 ) ) ;
#2804 = CARTESIAN_POINT ( 'NONE',  ( 27.99999999999999600, 1.250000000000000000, 0.0000000000000000000 ) ) ;
#2805 = EDGE_LOOP ( 'NONE', ( #1504, #1031, #3252, #2269 ) ) ;
#2806 = CARTESIAN_POINT ( 'NONE',  ( -0.005000000000000000100, -0.3712800000000230400, 0.05098965914737403600 ) ) ;
#2807 = CARTESIAN_POINT ( 'NONE',  ( -0.005000000000000000100, 0.2944747279927738500, -0.1110520788954998800 ) ) ;
#2808 = ORIENTED_EDGE ( 'NONE', *, *, #590, .T. ) ;
#2809 = AXIS2_PLACEMENT_3D ( 'NONE', #746, #2063, #1010 ) ;
#2810 = VERTEX_POINT ( 'NONE', #772 ) ;
#2811 = ADVANCED_FACE ( 'NONE', ( #2470 ), #721, .F. ) ;
#2812 = DIRECTION ( 'NONE',  ( 0.0000000000000000000, -2.077185425486953400E-016, -1.000000000000000000 ) ) ;
#2813 = CARTESIAN_POINT ( 'NONE',  ( -0.005000000000000000100, -0.3712800000000226500, 1.487943913559163700 ) ) ;
#2814 = COLOUR_RGB ( '',0.0000000000000000000, 0.0000000000000000000, 0.0000000000000000000 ) ;
#2815 = PRESENTATION_LAYER_ASSIGNMENT (  '', '', ( #1291 ) ) ;
#2816 = CARTESIAN_POINT ( 'NONE',  ( 0.0000000000000000000, -0.3712800000000000500, -1.910800000000000100 ) ) ;
#2817 = FACE_OUTER_BOUND ( 'NONE', #2805, .T. ) ;
#2818 = CARTESIAN_POINT ( 'NONE',  ( -0.005000000000000000100, 0.3765290351657325500, 1.262297411670093600 ) ) ;
#2819 = SURFACE_STYLE_USAGE ( .BOTH. , #1206 ) ;
#2820 = AXIS2_PLACEMENT_3D ( 'NONE', #3012, #647, #1686 ) ;
#2821 = VECTOR ( 'NONE', #2390, 1000.000000000000000 ) ;
#2822 = VECTOR ( 'NONE', #2026, 1000.000000000000000 ) ;
#2823 = VECTOR ( 'NONE', #2173, 1000.000000000000000 ) ;
#2824 = PLANE ( 'NONE',  #1461 ) ;
#2825 = ORIENTED_EDGE ( 'NONE', *, *, #1272, .F. ) ;
#2826 = PLANE ( 'NONE',  #3221 ) ;
#2827 = AXIS2_PLACEMENT_3D ( 'NONE', #2067, #725, #2838 ) ;
#2828 = COLOUR_RGB ( '',0.0000000000000000000, 0.0000000000000000000, 0.0000000000000000000 ) ;
#2829 = DIRECTION ( 'NONE',  ( 0.0000000000000000000, 0.9985542843760947300, 0.05375259206908281800 ) ) ;
#2830 = CYLINDRICAL_SURFACE ( 'NONE', #2069, 0.2750000000000000200 ) ;
#2831 = ORIENTED_EDGE ( 'NONE', *, *, #2854, .T. ) ;
#2832 = AXIS2_PLACEMENT_3D ( 'NONE', #1550, #2357, #3132 ) ;
#2833 = ADVANCED_FACE ( 'NONE', ( #2132 ), #3373, .F. ) ;
#2834 = FILL_AREA_STYLE_COLOUR ( '', #703 ) ;
#2835 = FILL_AREA_STYLE ('',( #194 ) ) ;
#2836 = UNCERTAINTY_MEASURE_WITH_UNIT (LENGTH_MEASURE( 1.000000000000000100E-005 ), #3383, 'distance_accuracy_value', 'NONE');
#2837 = SURFACE_STYLE_FILL_AREA ( #253 ) ;
#2838 = DIRECTION ( 'NONE',  ( 0.0000000000000000000, -0.9611542233438690200, -0.2760118818968558800 ) ) ;
#2839 = CLOSED_SHELL ( 'NONE', ( #2760, #361, #3008, #1190, #1761, #2101, #2811, #2491, #2180, #415, #2975, #2833, #1169 ) ) ;
#2840 = AXIS2_PLACEMENT_3D ( 'NONE', #477, #2903, #2314 ) ;
#2841 = DIRECTION ( 'NONE',  ( 0.0000000000000000000, 0.0000000000000000000, 1.000000000000000000 ) ) ;
#2842 = ORIENTED_EDGE ( 'NONE', *, *, #3148, .T. ) ;
#2843 = MECHANICAL_DESIGN_GEOMETRIC_PRESENTATION_REPRESENTATION (  '', ( #1829 ), #1692 ) ;
#2844 = SURFACE_STYLE_FILL_AREA ( #3059 ) ;
#2845 = ORIENTED_EDGE ( 'NONE', *, *, #877, .F. ) ;
#2846 = SURFACE_SIDE_STYLE ('',( #948 ) ) ;
#2847 = EDGE_CURVE ( 'NONE', #2202, #602, #3299, .T. ) ;
#2848 = COLOUR_RGB ( '',0.0000000000000000000, 0.0000000000000000000, 0.0000000000000000000 ) ;
#2849 = EDGE_LOOP ( 'NONE', ( #2335, #1637, #124, #3074 ) ) ;
#2850 = AXIS2_PLACEMENT_3D ( 'NONE', #1562, #2912, #2071 ) ;
#2851 = FILL_AREA_STYLE ('',( #715 ) ) ;
#2852 = DIRECTION ( 'NONE',  ( 0.0000000000000000000, 0.9612861490927303600, 0.2755520632520628300 ) ) ;
#2853 = LINE ( 'NONE', #655, #734 ) ;
#2854 = EDGE_CURVE ( 'NONE', #1387, #1675, #1879, .T. ) ;
#2855 = VERTEX_POINT ( 'NONE', #1001 ) ;
#2856 = SURFACE_SIDE_STYLE ('',( #3241 ) ) ;
#2857 = PRESENTATION_STYLE_ASSIGNMENT (( #2508 ) ) ;
#2858 = ORIENTED_EDGE ( 'NONE', *, *, #1083, .T. ) ;
#2859 = FACE_OUTER_BOUND ( 'NONE', #3158, .T. ) ;
#2860 = FILL_AREA_STYLE_COLOUR ( '', #2814 ) ;
#2861 = ORIENTED_EDGE ( 'NONE', *, *, #1233, .F. ) ;
#2862 =( GEOMETRIC_REPRESENTATION_CONTEXT ( 3 ) GLOBAL_UNCERTAINTY_ASSIGNED_CONTEXT ( ( #3145 ) ) GLOBAL_UNIT_ASSIGNED_CONTEXT ( ( #2182, #601, #1113 ) ) REPRESENTATION_CONTEXT ( 'NONE', 'WORKASPACE' ) );
#2863 = FILL_AREA_STYLE ('',( #1800 ) ) ;
#2864 = DIRECTION ( 'NONE',  ( -0.0000000000000000000, -0.9610992334315856500, -0.2762033010252022400 ) ) ;
#2865 = LINE ( 'NONE', #2444, #2151 ) ;
#2866 = PRESENTATION_LAYER_ASSIGNMENT (  '', '', ( #2356 ) ) ;
#2867 = FILL_AREA_STYLE ('',( #3073 ) ) ;
#2868 = FILL_AREA_STYLE_COLOUR ( '', #1909 ) ;
#2869 = EDGE_CURVE ( 'NONE', #1960, #2054, #1593, .T. ) ;
#2870 = SURFACE_STYLE_FILL_AREA ( #2371 ) ;
#2871 =( NAMED_UNIT ( * ) SI_UNIT ( $, .STERADIAN. ) SOLID_ANGLE_UNIT ( ) );
#2872 = CARTESIAN_POINT ( 'NONE',  ( -0.005000000000000000100, 0.2331983258506238900, 1.221069026951538500 ) ) ;
#2873 =( GEOMETRIC_REPRESENTATION_CONTEXT ( 3 ) GLOBAL_UNCERTAINTY_ASSIGNED_CONTEXT ( ( #176 ) ) GLOBAL_UNIT_ASSIGNED_CONTEXT ( ( #3220, #20, #2119 ) ) REPRESENTATION_CONTEXT ( 'NONE', 'WORKASPACE' ) );
#2874 = LINE ( 'NONE', #635, #1459 ) ;
#2875 =( NAMED_UNIT ( * ) SI_UNIT ( $, .STERADIAN. ) SOLID_ANGLE_UNIT ( ) );
#2876 = CARTESIAN_POINT ( 'NONE',  ( -0.005000000000000000100, 0.05763435086291764100, -1.574376658450712800 ) ) ;
#2877 =( NAMED_UNIT ( * ) SI_UNIT ( $, .STERADIAN. ) SOLID_ANGLE_UNIT ( ) );
#2878 =( NAMED_UNIT ( * ) PLANE_ANGLE_UNIT ( ) SI_UNIT ( $, .RADIAN. ) );
#2879 = CARTESIAN_POINT ( 'NONE',  ( 0.0000000000000000000, 0.3765290351657323300, 0.7071558097653002400 ) ) ;
#2880 = CIRCLE ( 'NONE', #1910, 0.2000000000000000900 ) ;
#2881 = PRESENTATION_STYLE_ASSIGNMENT (( #295 ) ) ;
#2882 = ORIENTED_EDGE ( 'NONE', *, *, #899, .T. ) ;
#2883 = CIRCLE ( 'NONE', #1402, 3.118749999999999900 ) ;
#2884 = DIRECTION ( 'NONE',  ( 0.0000000000000000000, 0.9615323037684296900, 0.2746918797667241000 ) ) ;
#2885 = PRESENTATION_LAYER_ASSIGNMENT (  '', '', ( #2027 ) ) ;
#2886 = EDGE_LOOP ( 'NONE', ( #206, #188, #1971, #1563 ) ) ;
#2887 = SURFACE_STYLE_FILL_AREA ( #1601 ) ;
#2888 = FACE_OUTER_BOUND ( 'NONE', #621, .T. ) ;
#2889 = SURFACE_SIDE_STYLE ('',( #2277 ) ) ;
#2890 = ORIENTED_EDGE ( 'NONE', *, *, #628, .T. ) ;
#2891 = MECHANICAL_DESIGN_GEOMETRIC_PRESENTATION_REPRESENTATION (  '', ( #687 ), #2652 ) ;
#2892 = SURFACE_STYLE_USAGE ( .BOTH. , #1033 ) ;
#2893 = PLANE ( 'NONE',  #1874 ) ;
#2894 = EDGE_CURVE ( 'NONE', #1741, #2382, #3254, .T. ) ;
#2895 = FACE_OUTER_BOUND ( 'NONE', #2320, .T. ) ;
#2896 = AXIS2_PLACEMENT_3D ( 'NONE', #2308, #740, #2330 ) ;
#2897 = ORIENTED_EDGE ( 'NONE', *, *, #733, .F. ) ;
#2898 = CARTESIAN_POINT ( 'NONE',  ( -0.005000000000000000100, -0.3712800000000230400, 0.05098965914737403600 ) ) ;
#2899 = CARTESIAN_POINT ( 'NONE',  ( 0.0000000000000000000, 0.3765290351657325500, 0.6170636496931823900 ) ) ;
#2900 = ORIENTED_EDGE ( 'NONE', *, *, #1233, .T. ) ;
#2901 = CARTESIAN_POINT ( 'NONE',  ( -0.005000000000000000100, 0.3765290351657323300, -0.2655948525824784500 ) ) ;
#2902 = SURFACE_SIDE_STYLE ('',( #3327 ) ) ;
#2903 = DIRECTION ( 'NONE',  ( 1.000000000000000000, -0.0000000000000000000, -0.0000000000000000000 ) ) ;
#2904 = PLANE ( 'NONE',  #2577 ) ;
#2905 = VECTOR ( 'NONE', #380, 1000.000000000000000 ) ;
#2906 = DIRECTION ( 'NONE',  ( 0.0000000000000000000, 2.480431458422449600E-016, 1.000000000000000000 ) ) ;
#2907 =( NAMED_UNIT ( * ) PLANE_ANGLE_UNIT ( ) SI_UNIT ( $, .RADIAN. ) );
#2908 = CARTESIAN_POINT ( 'NONE',  ( -0.005000000000000000100, -0.3712800000000230400, 0.05098965914737403600 ) ) ;
#2909 =( GEOMETRIC_REPRESENTATION_CONTEXT ( 3 ) GLOBAL_UNCERTAINTY_ASSIGNED_CONTEXT ( ( #1514 ) ) GLOBAL_UNIT_ASSIGNED_CONTEXT ( ( #348, #3280, #3269 ) ) REPRESENTATION_CONTEXT ( 'NONE', 'WORKASPACE' ) );
#2910 = FACE_OUTER_BOUND ( 'NONE', #1698, .T. ) ;
#2911 = ORIENTED_EDGE ( 'NONE', *, *, #1255, .T. ) ;
#2912 = DIRECTION ( 'NONE',  ( 1.000000000000000000, 0.0000000000000000000, 0.0000000000000000000 ) ) ;
#2913 = SURFACE_SIDE_STYLE ('',( #2870 ) ) ;
#2914 = ORIENTED_EDGE ( 'NONE', *, *, #2494, .T. ) ;
#2915 =( LENGTH_UNIT ( ) NAMED_UNIT ( * ) SI_UNIT ( .MILLI., .METRE. ) );
#2916 = AXIS2_PLACEMENT_3D ( 'NONE', #246, #275, #1570 ) ;
#2917 = SURFACE_STYLE_FILL_AREA ( #2085 ) ;
#2918 = EDGE_CURVE ( 'NONE', #898, #2992, #611, .T. ) ;
#2919 = CARTESIAN_POINT ( 'NONE',  ( -0.005000000000000000100, 0.3765290351657321100, -0.8926405572324688200 ) ) ;
#2920 =( LENGTH_UNIT ( ) NAMED_UNIT ( * ) SI_UNIT ( .MILLI., .METRE. ) );
#2921 = ORIENTED_EDGE ( 'NONE', *, *, #407, .F. ) ;
#2922 = CARTESIAN_POINT ( 'NONE',  ( 7.852499999999998300, 0.0000000000000000000, -3.118749999999999900 ) ) ;
#2923 = UNCERTAINTY_MEASURE_WITH_UNIT (LENGTH_MEASURE( 1.000000000000000100E-005 ), #2616, 'distance_accuracy_value', 'NONE');
#2924 = COLOUR_RGB ( '',0.0000000000000000000, 0.0000000000000000000, 0.0000000000000000000 ) ;
#2925 = ORIENTED_EDGE ( 'NONE', *, *, #1966, .F. ) ;
#2926 = PRESENTATION_LAYER_ASSIGNMENT (  '', '', ( #656 ) ) ;
#2927 = SURFACE_SIDE_STYLE ('',( #85 ) ) ;
#2928 = FACE_OUTER_BOUND ( 'NONE', #2140, .T. ) ;
#2929 = LINE ( 'NONE', #1963, #2039 ) ;
#2930 = ORIENTED_EDGE ( 'NONE', *, *, #666, .T. ) ;
#2931 = CARTESIAN_POINT ( 'NONE',  ( 0.0000000000000000000, 0.3765290351657323300, 0.05287055896081838800 ) ) ;
#2932 = PRESENTATION_LAYER_ASSIGNMENT (  '', '', ( #229 ) ) ;
#2933 = VECTOR ( 'NONE', #2286, 1000.000000000000000 ) ;
#2934 = ORIENTED_EDGE ( 'NONE', *, *, #491, .T. ) ;
#2935 =( LENGTH_UNIT ( ) NAMED_UNIT ( * ) SI_UNIT ( .MILLI., .METRE. ) );
#2936 =( LENGTH_UNIT ( ) NAMED_UNIT ( * ) SI_UNIT ( .MILLI., .METRE. ) );
#2937 = ORIENTED_EDGE ( 'NONE', *, *, #893, .T. ) ;
#2938 = PRESENTATION_LAYER_ASSIGNMENT (  '', '', ( #1340 ) ) ;
#2939 = ADVANCED_FACE ( 'NONE', ( #1844 ), #2893, .F. ) ;
#2940 = SURFACE_STYLE_USAGE ( .BOTH. , #46 ) ;
#2941 = VERTEX_POINT ( 'NONE', #1544 ) ;
#2942 = SURFACE_STYLE_FILL_AREA ( #463 ) ;
#2943 = ORIENTED_EDGE ( 'NONE', *, *, #2192, .F. ) ;
#2944 =( LENGTH_UNIT ( ) NAMED_UNIT ( * ) SI_UNIT ( .MILLI., .METRE. ) );
#2945 = UNCERTAINTY_MEASURE_WITH_UNIT (LENGTH_MEASURE( 1.000000000000000100E-005 ), #1744, 'distance_accuracy_value', 'NONE');
#2946 = COLOUR_RGB ( '',0.0000000000000000000, 0.0000000000000000000, 0.0000000000000000000 ) ;
#2947 = MECHANICAL_DESIGN_GEOMETRIC_PRESENTATION_REPRESENTATION (  '', ( #223 ), #3049 ) ;
#2948 =( NAMED_UNIT ( * ) PLANE_ANGLE_UNIT ( ) SI_UNIT ( $, .RADIAN. ) );
#2949 = VECTOR ( 'NONE', #1237, 1000.000000000000000 ) ;
#2950 = DIRECTION ( 'NONE',  ( 0.0000000000000000000, 0.9985542843760947300, 0.05375259206908281800 ) ) ;
#2951 = LINE ( 'NONE', #2467, #2905 ) ;
#2952 = MECHANICAL_DESIGN_GEOMETRIC_PRESENTATION_REPRESENTATION (  '', ( #528 ), #1119 ) ;
#2953 = SURFACE_STYLE_USAGE ( .BOTH. , #2970 ) ;
#2954 = PRESENTATION_STYLE_ASSIGNMENT (( #485 ) ) ;
#2955 = VECTOR ( 'NONE', #907, 1000.000000000000000 ) ;
#2956 = ORIENTED_EDGE ( 'NONE', *, *, #853, .F. ) ;
#2957 = SURFACE_SIDE_STYLE ('',( #3282 ) ) ;
#2958 = FACE_OUTER_BOUND ( 'NONE', #1269, .T. ) ;
#2959 = CARTESIAN_POINT ( 'NONE',  ( -0.005000000000000000100, -0.2290088774371915900, -0.4396490301452850000 ) ) ;
#2960 = EDGE_CURVE ( 'NONE', #901, #2527, #774, .T. ) ;
#2961 = ADVANCED_FACE ( 'NONE', ( #2888 ), #2904, .F. ) ;
#2962 = EDGE_CURVE ( 'NONE', #961, #2855, #1428, .T. ) ;
#2963 = COLOUR_RGB ( '',0.0000000000000000000, 0.0000000000000000000, 0.0000000000000000000 ) ;
#2964 = CARTESIAN_POINT ( 'NONE',  ( -0.005000000000000000100, -0.04314917537281623400, -0.4803135140163639600 ) ) ;
#2965 = DIRECTION ( 'NONE',  ( 0.0000000000000000000, 0.2755520632520628800, -0.9612861490927304700 ) ) ;
#2966 = VERTEX_POINT ( 'NONE', #1079 ) ;
#2967 = AXIS2_PLACEMENT_3D ( 'NONE', #1296, #1816, #793 ) ;
#2968 = CARTESIAN_POINT ( 'NONE',  ( 0.0000000000000000000, 0.3765290351657325500, 1.262297411670093600 ) ) ;
#2969 = VERTEX_POINT ( 'NONE', #3 ) ;
#2970 = SURFACE_SIDE_STYLE ('',( #594 ) ) ;
#2971 =( GEOMETRIC_REPRESENTATION_CONTEXT ( 3 ) GLOBAL_UNCERTAINTY_ASSIGNED_CONTEXT ( ( #375 ) ) GLOBAL_UNIT_ASSIGNED_CONTEXT ( ( #225, #2294, #3407 ) ) REPRESENTATION_CONTEXT ( 'NONE', 'WORKASPACE' ) );
#2972 = DIRECTION ( 'NONE',  ( 0.0000000000000000000, 0.9615454294334483400, 0.2746459304916885100 ) ) ;
#2973 = PRESENTATION_STYLE_ASSIGNMENT (( #1004 ) ) ;
#2974 = EDGE_LOOP ( 'NONE', ( #2289, #1127, #2647, #2861 ) ) ;
#2975 = ADVANCED_FACE ( 'NONE', ( #2928 ), #2347, .F. ) ;
#2976 = SURFACE_SIDE_STYLE ('',( #2987 ) ) ;
#2977 = PLANE ( 'NONE',  #2349 ) ;
#2978 = MECHANICAL_DESIGN_GEOMETRIC_PRESENTATION_REPRESENTATION (  '', ( #1208 ), #916 ) ;
#2979 = ORIENTED_EDGE ( 'NONE', *, *, #2185, .F. ) ;
#2980 = PLANE ( 'NONE',  #3308 ) ;
#2981 = UNCERTAINTY_MEASURE_WITH_UNIT (LENGTH_MEASURE( 1.000000000000000100E-005 ), #1605, 'distance_accuracy_value', 'NONE');
#2982 = CARTESIAN_POINT ( 'NONE',  ( -0.005000000000000000100, 0.2341624133683116400, 0.8783813903281680900 ) ) ;
#2983 = DIRECTION ( 'NONE',  ( -0.0000000000000000000, -1.000000000000000000, -0.0000000000000000000 ) ) ;
#2984 = DIRECTION ( 'NONE',  ( 1.000000000000000000, -0.0000000000000000000, -0.0000000000000000000 ) ) ;
#2985 = DIRECTION ( 'NONE',  ( 1.000000000000000000, -0.0000000000000000000, -0.0000000000000000000 ) ) ;
#2986 = STYLED_ITEM ( 'NONE', ( #1810 ), #1503 ) ;
#2987 = SURFACE_STYLE_FILL_AREA ( #2436 ) ;
#2988 = VECTOR ( 'NONE', #2611, 1000.000000000000100 ) ;
#2989 = VERTEX_POINT ( 'NONE', #1867 ) ;
#2990 = DIRECTION ( 'NONE',  ( 0.0000000000000000000, 0.9612934544747655500, 0.2755265765474755900 ) ) ;
#2991 = PRESENTATION_LAYER_ASSIGNMENT (  '', '', ( #1150 ) ) ;
#2992 = VERTEX_POINT ( 'NONE', #1574 ) ;
#2993 = CARTESIAN_POINT ( 'NONE',  ( 9.000000000000000000, 0.0000000000000000000, 0.0000000000000000000 ) ) ;
#2994 = CARTESIAN_POINT ( 'NONE',  ( -0.005000000000000000100, -0.3712800000000227600, 1.057051364255605400 ) ) ;
#2995 = VECTOR ( 'NONE', #256, 1000.000000000000100 ) ;
#2996 = PLANE ( 'NONE',  #613 ) ;
#2997 =( NAMED_UNIT ( * ) SI_UNIT ( $, .STERADIAN. ) SOLID_ANGLE_UNIT ( ) );
#2998 = ORIENTED_EDGE ( 'NONE', *, *, #2409, .T. ) ;
#2999 = CARTESIAN_POINT ( 'NONE',  ( 27.99999999999999600, 1.250000000000000000, -0.2750000000000000200 ) ) ;
#3000 = STYLED_ITEM ( 'NONE', ( #2954 ), #1128 ) ;
#3001 = ORIENTED_EDGE ( 'NONE', *, *, #957, .T. ) ;
#3002 = DIRECTION ( 'NONE',  ( 1.000000000000000000, 0.0000000000000000000, 0.0000000000000000000 ) ) ;
#3003 = LINE ( 'NONE', #1057, #2751 ) ;
#3004 = FILL_AREA_STYLE ('',( #1647 ) ) ;
#3005 = PRESENTATION_STYLE_ASSIGNMENT (( #2819 ) ) ;
#3006 = PRESENTATION_LAYER_ASSIGNMENT (  '', '', ( #745 ) ) ;
#3007 = VERTEX_POINT ( 'NONE', #527 ) ;
#3008 = ADVANCED_FACE ( 'NONE', ( #2706 ), #798, .F. ) ;
#3009 = FILL_AREA_STYLE ('',( #1160 ) ) ;
#3010 = SURFACE_STYLE_USAGE ( .BOTH. , #373 ) ;
#3011 = MECHANICAL_DESIGN_GEOMETRIC_PRESENTATION_REPRESENTATION (  '', ( #268 ), #1173 ) ;
#3012 = CARTESIAN_POINT ( 'NONE',  ( 27.99999999999999600, 1.250000000000000000, 0.0000000000000000000 ) ) ;
#3013 = ORIENTED_EDGE ( 'NONE', *, *, #1970, .F. ) ;
#3014 = DIRECTION ( 'NONE',  ( 0.0000000000000000000, 0.0000000000000000000, 1.000000000000000000 ) ) ;
#3015 = DIRECTION ( 'NONE',  ( 1.000000000000000000, 0.0000000000000000000, 0.0000000000000000000 ) ) ;
#3016 = ORIENTED_EDGE ( 'NONE', *, *, #364, .T. ) ;
#3017 = EDGE_CURVE ( 'NONE', #1273, #2768, #2126, .T. ) ;
#3018 = ORIENTED_EDGE ( 'NONE', *, *, #2774, .F. ) ;
#3019 =( LENGTH_UNIT ( ) NAMED_UNIT ( * ) SI_UNIT ( .MILLI., .METRE. ) );
#3020 = STYLED_ITEM ( 'NONE', ( #637 ), #435 ) ;
#3021 =( NAMED_UNIT ( * ) SI_UNIT ( $, .STERADIAN. ) SOLID_ANGLE_UNIT ( ) );
#3022 = EDGE_CURVE ( 'NONE', #1741, #564, #3003, .T. ) ;
#3023 = LINE ( 'NONE', #2481, #3143 ) ;
#3024 = LINE ( 'NONE', #2542, #3229 ) ;
#3025 = FILL_AREA_STYLE_COLOUR ( '', #61 ) ;
#3026 = CYLINDRICAL_SURFACE ( 'NONE', #1616, 3.399999999999999900 ) ;
#3027 = LINE ( 'NONE', #2539, #2434 ) ;
#3028 = DIRECTION ( 'NONE',  ( 0.0000000000000000000, 0.9610876102172872800, 0.2762437428917141600 ) ) ;
#3029 = CARTESIAN_POINT ( 'NONE',  ( -0.005000000000000000100, 0.3765290351657323300, -0.3401843028703591100 ) ) ;
#3030 = MECHANICAL_DESIGN_GEOMETRIC_PRESENTATION_REPRESENTATION (  '', ( #2986 ), #2021 ) ;
#3031 = LINE ( 'NONE', #372, #2955 ) ;
#3032 = CARTESIAN_POINT ( 'NONE',  ( -0.005000000000000000100, -0.2290088774371915900, -0.8541930198960480100 ) ) ;
#3033 = PRESENTATION_STYLE_ASSIGNMENT (( #1541 ) ) ;
#3034 = PRESENTATION_LAYER_ASSIGNMENT (  '', '', ( #1201 ) ) ;
#3035 = ADVANCED_FACE ( 'NONE', ( #3173 ), #887, .F. ) ;
#3036 = CARTESIAN_POINT ( 'NONE',  ( -0.005000000000000000100, -0.3712800000000231500, -1.418794762131323500 ) ) ;
#3037 = DIRECTION ( 'NONE',  ( 1.000000000000000000, 0.0000000000000000000, 0.0000000000000000000 ) ) ;
#3038 = DIRECTION ( 'NONE',  ( 0.0000000000000000000, -1.213189754119656000E-016, -1.000000000000000000 ) ) ;
#3039 =( GEOMETRIC_REPRESENTATION_CONTEXT ( 3 ) GLOBAL_UNCERTAINTY_ASSIGNED_CONTEXT ( ( #2456 ) ) GLOBAL_UNIT_ASSIGNED_CONTEXT ( ( #2936, #2136, #3188 ) ) REPRESENTATION_CONTEXT ( 'NONE', 'WORKASPACE' ) );
#3040 = CARTESIAN_POINT ( 'NONE',  ( 0.0000000000000000000, 0.3765290351657323300, -1.695892613889854500 ) ) ;
#3041 =( NAMED_UNIT ( * ) SI_UNIT ( $, .STERADIAN. ) SOLID_ANGLE_UNIT ( ) );
#3042 = ORIENTED_EDGE ( 'NONE', *, *, #1599, .F. ) ;
#3043 = UNCERTAINTY_MEASURE_WITH_UNIT (LENGTH_MEASURE( 1.000000000000000100E-005 ), #2255, 'distance_accuracy_value', 'NONE');
#3044 = FACE_OUTER_BOUND ( 'NONE', #520, .T. ) ;
#3045 = CARTESIAN_POINT ( 'NONE',  ( 7.852499999999998300, 0.0000000000000000000, 0.0000000000000000000 ) ) ;
#3046 = VERTEX_POINT ( 'NONE', #2441 ) ;
#3047 = ORIENTED_EDGE ( 'NONE', *, *, #1006, .T. ) ;
#3048 =( LENGTH_UNIT ( ) NAMED_UNIT ( * ) SI_UNIT ( .MILLI., .METRE. ) );
#3049 =( GEOMETRIC_REPRESENTATION_CONTEXT ( 3 ) GLOBAL_UNCERTAINTY_ASSIGNED_CONTEXT ( ( #2368 ) ) GLOBAL_UNIT_ASSIGNED_CONTEXT ( ( #959, #2278, #2018 ) ) REPRESENTATION_CONTEXT ( 'NONE', 'WORKASPACE' ) );
#3050 = EDGE_LOOP ( 'NONE', ( #771, #409, #2535, #2375 ) ) ;
#3051 = ADVANCED_FACE ( 'NONE', ( #2622 ), #2980, .F. ) ;
#3052 = PLANE ( 'NONE',  #580 ) ;
#3053 = FACE_OUTER_BOUND ( 'NONE', #122, .T. ) ;
#3054 = ORIENTED_EDGE ( 'NONE', *, *, #1422, .T. ) ;
#3055 = CARTESIAN_POINT ( 'NONE',  ( -0.005000000000000000100, -0.3712800000000235400, -1.107829894066082900 ) ) ;
#3056 = ORIENTED_EDGE ( 'NONE', *, *, #2697, .F. ) ;
#3057 = COLOUR_RGB ( '',0.0000000000000000000, 0.0000000000000000000, 0.0000000000000000000 ) ;
#3058 = CARTESIAN_POINT ( 'NONE',  ( -0.005000000000000000100, -0.2289815919431452400, 1.097429350422237000 ) ) ;
#3059 = FILL_AREA_STYLE ('',( #2514 ) ) ;
#3060 =( GEOMETRIC_REPRESENTATION_CONTEXT ( 3 ) GLOBAL_UNCERTAINTY_ASSIGNED_CONTEXT ( ( #2739 ) ) GLOBAL_UNIT_ASSIGNED_CONTEXT ( ( #1635, #1644, #2419 ) ) REPRESENTATION_CONTEXT ( 'NONE', 'WORKASPACE' ) );
#3061 = EDGE_CURVE ( 'NONE', #2047, #2615, #2120, .T. ) ;
#3062 = CARTESIAN_POINT ( 'NONE',  ( -0.005000000000000000100, 0.2341624133683116400, 0.8783813903281680900 ) ) ;
#3063 = PRESENTATION_LAYER_ASSIGNMENT (  '', '', ( #2700 ) ) ;
#3064 = CARTESIAN_POINT ( 'NONE',  ( 0.0000000000000000000, -0.3712800000000227600, 1.057051364255605400 ) ) ;
#3065 = LINE ( 'NONE', #3333, #1252 ) ;
#3066 = SURFACE_STYLE_FILL_AREA ( #3155 ) ;
#3067 = ORIENTED_EDGE ( 'NONE', *, *, #733, .T. ) ;
#3068 = CARTESIAN_POINT ( 'NONE',  ( -0.005000000000000000100, 0.3765290351657323300, 0.05287055896081838800 ) ) ;
#3069 =( NAMED_UNIT ( * ) SI_UNIT ( $, .STERADIAN. ) SOLID_ANGLE_UNIT ( ) );
#3070 = PRESENTATION_STYLE_ASSIGNMENT (( #497 ) ) ;
#3071 = ORIENTED_EDGE ( 'NONE', *, *, #2774, .T. ) ;
#3072 = CARTESIAN_POINT ( 'NONE',  ( -0.005000000000000000100, -0.3712800000000231500, -1.418794762131323500 ) ) ;
#3073 = FILL_AREA_STYLE_COLOUR ( '', #513 ) ;
#3074 = ORIENTED_EDGE ( 'NONE', *, *, #1807, .T. ) ;
#3075 = DIRECTION ( 'NONE',  ( 1.000000000000000000, 0.0000000000000000000, 0.0000000000000000000 ) ) ;
#3076 = LINE ( 'NONE', #2999, #2362 ) ;
#3077 = FILL_AREA_STYLE_COLOUR ( '', #2702 ) ;
#3078 = PRESENTATION_LAYER_ASSIGNMENT (  '', '', ( #761 ) ) ;
#3079 = PRESENTATION_STYLE_ASSIGNMENT (( #565 ) ) ;
#3080 = ADVANCED_FACE ( 'NONE', ( #2617 ), #2699, .F. ) ;
#3081 =( NAMED_UNIT ( * ) PLANE_ANGLE_UNIT ( ) SI_UNIT ( $, .RADIAN. ) );
#3082 = DIRECTION ( 'NONE',  ( 0.0000000000000000000, 0.2746918797667241000, -0.9615323037684296900 ) ) ;
#3083 = CARTESIAN_POINT ( 'NONE',  ( 9.000000000000000000, -1.250000000000000000, 0.2750000000000000200 ) ) ;
#3084 = VERTEX_POINT ( 'NONE', #2680 ) ;
#3085 = EDGE_CURVE ( 'NONE', #3046, #1675, #2322, .T. ) ;
#3086 = LINE ( 'NONE', #2114, #981 ) ;
#3087 = EDGE_LOOP ( 'NONE', ( #3054, #2710, #1066, #3013 ) ) ;
#3088 = CARTESIAN_POINT ( 'NONE',  ( -0.005000000000000000100, -0.3712800000000229300, 0.2120332028033120600 ) ) ;
#3089 = ORIENTED_EDGE ( 'NONE', *, *, #542, .T. ) ;
#3090 = STYLED_ITEM ( 'NONE', ( #2184 ), #1426 ) ;
#3091 = ORIENTED_EDGE ( 'NONE', *, *, #1701, .F. ) ;
#3092 = DIRECTION ( 'NONE',  ( 0.0000000000000000000, 0.0000000000000000000, 1.000000000000000000 ) ) ;
#3093 = CARTESIAN_POINT ( 'NONE',  ( 0.0000000000000000000, 0.2341624133683116400, 0.8783813903281680900 ) ) ;
#3094 = SURFACE_STYLE_FILL_AREA ( #1024 ) ;
#3095 = VERTEX_POINT ( 'NONE', #1913 ) ;
#3096 =( GEOMETRIC_REPRESENTATION_CONTEXT ( 3 ) GLOBAL_UNCERTAINTY_ASSIGNED_CONTEXT ( ( #1412 ) ) GLOBAL_UNIT_ASSIGNED_CONTEXT ( ( #1885, #569, #1101 ) ) REPRESENTATION_CONTEXT ( 'NONE', 'WORKASPACE' ) );
#3097 = FILL_AREA_STYLE_COLOUR ( '', #1911 ) ;
#3098 = UNCERTAINTY_MEASURE_WITH_UNIT (LENGTH_MEASURE( 1.000000000000000100E-005 ), #247, 'distance_accuracy_value', 'NONE');
#3099 = PLANE ( 'NONE',  #77 ) ;
#3100 = DIRECTION ( 'NONE',  ( 0.0000000000000000000, 0.0000000000000000000, 1.000000000000000000 ) ) ;
#3101 = EDGE_CURVE ( 'NONE', #2969, #584, #1015, .T. ) ;
#3102 = VECTOR ( 'NONE', #1247, 1000.000000000000000 ) ;
#3103 = VECTOR ( 'NONE', #2014, 1000.000000000000100 ) ;
#3104 = FILL_AREA_STYLE ('',( #1279 ) ) ;
#3105 = CARTESIAN_POINT ( 'NONE',  ( -0.005000000000000000100, -0.3712800000000229300, 0.4920596983754887400 ) ) ;
#3106 = MECHANICAL_DESIGN_GEOMETRIC_PRESENTATION_REPRESENTATION (  '', ( #2565 ), #1742 ) ;
#3107 = LINE ( 'NONE', #2080, #3364 ) ;
#3108 =( LENGTH_UNIT ( ) NAMED_UNIT ( * ) SI_UNIT ( .MILLI., .METRE. ) );
#3109 = ORIENTED_EDGE ( 'NONE', *, *, #3217, .F. ) ;
#3110 = SURFACE_STYLE_USAGE ( .BOTH. , #1172 ) ;
#3111 = PRESENTATION_STYLE_ASSIGNMENT (( #511 ) ) ;
#3112 =( LENGTH_UNIT ( ) NAMED_UNIT ( * ) SI_UNIT ( .MILLI., .METRE. ) );
#3113 = SURFACE_SIDE_STYLE ('',( #691 ) ) ;
#3114 = PRESENTATION_LAYER_ASSIGNMENT (  '', '', ( #1869 ) ) ;
#3115 = DIRECTION ( 'NONE',  ( 0.0000000000000000000, 0.0000000000000000000, 1.000000000000000000 ) ) ;
#3116 = ORIENTED_EDGE ( 'NONE', *, *, #2170, .F. ) ;
#3117 = PLANE ( 'NONE',  #2916 ) ;
#3118 = MECHANICAL_DESIGN_GEOMETRIC_PRESENTATION_REPRESENTATION (  '', ( #2468 ), #3195 ) ;
#3119 = VECTOR ( 'NONE', #2493, 1000.000000000000000 ) ;
#3120 = ORIENTED_EDGE ( 'NONE', *, *, #451, .T. ) ;
#3121 = CARTESIAN_POINT ( 'NONE',  ( -0.005000000000000000100, -0.3712800000000232000, -0.4353174582870751300 ) ) ;
#3122 = UNCERTAINTY_MEASURE_WITH_UNIT (LENGTH_MEASURE( 1.000000000000000100E-005 ), #1051, 'distance_accuracy_value', 'NONE');
#3123 = CARTESIAN_POINT ( 'NONE',  ( 0.0000000000000000000, -0.04314917537281623400, -0.4803135140163639600 ) ) ;
#3124 = EDGE_CURVE ( 'NONE', #1748, #1803, #1470, .T. ) ;
#3125 = VERTEX_POINT ( 'NONE', #1880 ) ;
#3126 =( GEOMETRIC_REPRESENTATION_CONTEXT ( 3 ) GLOBAL_UNCERTAINTY_ASSIGNED_CONTEXT ( ( #2923 ) ) GLOBAL_UNIT_ASSIGNED_CONTEXT ( ( #2616, #1043, #1380 ) ) REPRESENTATION_CONTEXT ( 'NONE', 'WORKASPACE' ) );
#3127 = FILL_AREA_STYLE ('',( #1511 ) ) ;
#3128 = CARTESIAN_POINT ( 'NONE',  ( 0.0000000000000000000, 0.3765290351657323300, -1.482965700014777300 ) ) ;
#3129 = CARTESIAN_POINT ( 'NONE',  ( -0.005000000000000000100, -0.04314917537281623400, -0.4803135140163639600 ) ) ;
#3130 = EDGE_CURVE ( 'NONE', #942, #548, #37, .T. ) ;
#3131 = ORIENTED_EDGE ( 'NONE', *, *, #2795, .T. ) ;
#3132 = DIRECTION ( 'NONE',  ( 0.0000000000000000000, 0.0000000000000000000, 1.000000000000000000 ) ) ;
#3133 = PRESENTATION_STYLE_ASSIGNMENT (( #1969 ) ) ;
#3134 = CARTESIAN_POINT ( 'NONE',  ( -0.005000000000000000100, 0.3765290351657325500, 0.2890796929256097000 ) ) ;
#3135 = ORIENTED_EDGE ( 'NONE', *, *, #1301, .F. ) ;
#3136 = SURFACE_STYLE_USAGE ( .BOTH. , #3372 ) ;
#3137 = CARTESIAN_POINT ( 'NONE',  ( -0.005000000000000000100, -0.3712800000000229300, 0.4020630381392157900 ) ) ;
#3138 = ORIENTED_EDGE ( 'NONE', *, *, #2053, .F. ) ;
#3139 = STYLED_ITEM ( 'NONE', ( #411 ), #1985 ) ;
#3140 = PLANE ( 'NONE',  #204 ) ;
#3141 = CARTESIAN_POINT ( 'NONE',  ( 0.0000000000000000000, -0.1577153477240015300, 0.02411196182895269200 ) ) ;
#3142 = CARTESIAN_POINT ( 'NONE',  ( 0.0000000000000000000, -0.3712800000000232000, -0.1483695419528172400 ) ) ;
#3143 = VECTOR ( 'NONE', #2769, 1000.000000000000000 ) ;
#3144 = STYLED_ITEM ( 'NONE', ( #402 ), #2833 ) ;
#3145 = UNCERTAINTY_MEASURE_WITH_UNIT (LENGTH_MEASURE( 1.000000000000000100E-005 ), #2182, 'distance_accuracy_value', 'NONE');
#3146 = SURFACE_STYLE_USAGE ( .BOTH. , #2889 ) ;
#3147 = CIRCLE ( 'NONE', #309, 0.2812499999999998300 ) ;
#3148 = EDGE_CURVE ( 'NONE', #942, #53, #3076, .T. ) ;
#3149 = COLOUR_RGB ( '',0.0000000000000000000, 0.0000000000000000000, 0.0000000000000000000 ) ;
#3150 = CARTESIAN_POINT ( 'NONE',  ( -0.005000000000000000100, 0.3765290351657321100, -1.256564298808674900 ) ) ;
#3151 = FILL_AREA_STYLE ('',( #1068 ) ) ;
#3152 = STYLED_ITEM ( 'NONE', ( #1502 ), #361 ) ;
#3153 = COLOUR_RGB ( '',0.0000000000000000000, 0.0000000000000000000, 0.0000000000000000000 ) ;
#3154 = VERTEX_POINT ( 'NONE', #1959 ) ;
#3155 = FILL_AREA_STYLE ('',( #292 ) ) ;
#3156 = DIRECTION ( 'NONE',  ( 0.0000000000000000000, -2.104574761018632000E-016, -1.000000000000000000 ) ) ;
#3157 = LINE ( 'NONE', #2117, #2439 ) ;
#3158 = EDGE_LOOP ( 'NONE', ( #3180, #2604, #1831, #670 ) ) ;
#3159 = SURFACE_STYLE_USAGE ( .BOTH. , #2856 ) ;
#3160 = PLANE ( 'NONE',  #2850 ) ;
#3161 = LINE ( 'NONE', #2446, #512 ) ;
#3162 = STYLED_ITEM ( 'NONE', ( #2443 ), #3266 ) ;
#3163 =( GEOMETRIC_REPRESENTATION_CONTEXT ( 3 ) GLOBAL_UNCERTAINTY_ASSIGNED_CONTEXT ( ( #3194 ) ) GLOBAL_UNIT_ASSIGNED_CONTEXT ( ( #776, #1852, #815 ) ) REPRESENTATION_CONTEXT ( 'NONE', 'WORKASPACE' ) );
#3164 = FACE_OUTER_BOUND ( 'NONE', #1476, .T. ) ;
#3165 = FILL_AREA_STYLE_COLOUR ( '', #3377 ) ;
#3166 = CYLINDRICAL_SURFACE ( 'NONE', #2797, 0.2750000000000000200 ) ;
#3167 = ORIENTED_EDGE ( 'NONE', *, *, #383, .T. ) ;
#3168 = DIRECTION ( 'NONE',  ( 0.0000000000000000000, -1.087414869261074500E-013, 1.000000000000000000 ) ) ;
#3169 = DIRECTION ( 'NONE',  ( 1.000000000000000000, 0.0000000000000000000, 0.0000000000000000000 ) ) ;
#3170 =( GEOMETRIC_REPRESENTATION_CONTEXT ( 3 ) GLOBAL_UNCERTAINTY_ASSIGNED_CONTEXT ( ( #192 ) ) GLOBAL_UNIT_ASSIGNED_CONTEXT ( ( #2222, #918, #3041 ) ) REPRESENTATION_CONTEXT ( 'NONE', 'WORKASPACE' ) );
#3171 = SURFACE_SIDE_STYLE ('',( #1465 ) ) ;
#3172 = ORIENTED_EDGE ( 'NONE', *, *, #2730, .F. ) ;
#3173 = FACE_OUTER_BOUND ( 'NONE', #1499, .T. ) ;
#3174 = SURFACE_SIDE_STYLE ('',( #2917 ) ) ;
#3175 = VERTEX_POINT ( 'NONE', #1439 ) ;
#3176 = FILL_AREA_STYLE_COLOUR ( '', #2186 ) ;
#3177 = UNCERTAINTY_MEASURE_WITH_UNIT (LENGTH_MEASURE( 1.000000000000000100E-005 ), #1316, 'distance_accuracy_value', 'NONE');
#3178 = PRESENTATION_LAYER_ASSIGNMENT (  '', '', ( #3152 ) ) ;
#3179 = VECTOR ( 'NONE', #983, 1000.000000000000000 ) ;
#3180 = ORIENTED_EDGE ( 'NONE', *, *, #456, .T. ) ;
#3181 = MECHANICAL_DESIGN_GEOMETRIC_PRESENTATION_REPRESENTATION (  '', ( #1163 ), #1343 ) ;
#3182 =( NAMED_UNIT ( * ) PLANE_ANGLE_UNIT ( ) SI_UNIT ( $, .RADIAN. ) );
#3183 = SURFACE_STYLE_USAGE ( .BOTH. , #71 ) ;
#3184 = ORIENTED_EDGE ( 'NONE', *, *, #3124, .F. ) ;
#3185 = MECHANICAL_DESIGN_GEOMETRIC_PRESENTATION_REPRESENTATION (  '', ( #745 ), #634 ) ;
#3186 =( NAMED_UNIT ( * ) SI_UNIT ( $, .STERADIAN. ) SOLID_ANGLE_UNIT ( ) );
#3187 = CARTESIAN_POINT ( 'NONE',  ( -0.005000000000000000100, -0.06649415775543193700, -0.009025292283876100400 ) ) ;
#3188 =( NAMED_UNIT ( * ) SI_UNIT ( $, .STERADIAN. ) SOLID_ANGLE_UNIT ( ) );
#3189 = CIRCLE ( 'NONE', #2809, 0.2750000000000000200 ) ;
#3190 = STYLED_ITEM ( 'NONE', ( #492 ), #1967 ) ;
#3191 = VECTOR ( 'NONE', #1768, 1000.000000000000100 ) ;
#3192 = DIRECTION ( 'NONE',  ( 1.000000000000000000, 0.0000000000000000000, 0.0000000000000000000 ) ) ;
#3193 = CARTESIAN_POINT ( 'NONE',  ( -0.005000000000000000100, 0.09507005106467179800, 1.158826263502345200 ) ) ;
#3194 = UNCERTAINTY_MEASURE_WITH_UNIT (LENGTH_MEASURE( 1.000000000000000100E-005 ), #776, 'distance_accuracy_value', 'NONE');
#3195 =( GEOMETRIC_REPRESENTATION_CONTEXT ( 3 ) GLOBAL_UNCERTAINTY_ASSIGNED_CONTEXT ( ( #1948 ) ) GLOBAL_UNIT_ASSIGNED_CONTEXT ( ( #1903, #1923, #3211 ) ) REPRESENTATION_CONTEXT ( 'NONE', 'WORKASPACE' ) );
#3196 = DIRECTION ( 'NONE',  ( -0.0000000000000000000, -0.9610992334315856500, -0.2762033010252022400 ) ) ;
#3197 = DIRECTION ( 'NONE',  ( -1.000000000000000000, 0.0000000000000000000, 0.0000000000000000000 ) ) ;
#3198 = EDGE_CURVE ( 'NONE', #2214, #344, #1834, .T. ) ;
#3199 = ORIENTED_EDGE ( 'NONE', *, *, #625, .T. ) ;
#3200 = CARTESIAN_POINT ( 'NONE',  ( -0.005000000000000000100, -0.3712800000000231500, -1.191261012850521200 ) ) ;
#3201 = AXIS2_PLACEMENT_3D ( 'NONE', #2337, #587, #574 ) ;
#3202 = EDGE_CURVE ( 'NONE', #3154, #1921, #2793, .T. ) ;
#3203 = CARTESIAN_POINT ( 'NONE',  ( -0.005000000000000000100, -0.3712800000000229300, 0.4020630381392157900 ) ) ;
#3204 = FILL_AREA_STYLE ('',( #2684 ) ) ;
#3205 = VECTOR ( 'NONE', #2358, 1000.000000000000200 ) ;
#3206 = DIRECTION ( 'NONE',  ( 0.0000000000000000000, 0.9601763114327596100, 0.2793947940878291300 ) ) ;
#3207 = FILL_AREA_STYLE_COLOUR ( '', #2598 ) ;
#3208 = CIRCLE ( 'NONE', #1219, 0.2750000000000000200 ) ;
#3209 = EDGE_LOOP ( 'NONE', ( #2560, #2842, #202, #2415 ) ) ;
#3210 =( GEOMETRIC_REPRESENTATION_CONTEXT ( 3 ) GLOBAL_UNCERTAINTY_ASSIGNED_CONTEXT ( ( #2521 ) ) GLOBAL_UNIT_ASSIGNED_CONTEXT ( ( #2031, #1496, #962 ) ) REPRESENTATION_CONTEXT ( 'NONE', 'WORKASPACE' ) );
#3211 =( NAMED_UNIT ( * ) SI_UNIT ( $, .STERADIAN. ) SOLID_ANGLE_UNIT ( ) );
#3212 = ORIENTED_EDGE ( 'NONE', *, *, #669, .T. ) ;
#3213 =( LENGTH_UNIT ( ) NAMED_UNIT ( * ) SI_UNIT ( .MILLI., .METRE. ) );
#3214 = COLOUR_RGB ( '',0.8941176470588234600, 0.9137254901960784000, 0.9294117647058823800 ) ;
#3215 = SURFACE_STYLE_FILL_AREA ( #1025 ) ;
#3216 = ORIENTED_EDGE ( 'NONE', *, *, #473, .T. ) ;
#3217 = EDGE_CURVE ( 'NONE', #2177, #90, #2883, .T. ) ;
#3218 = ADVANCED_FACE ( 'NONE', ( #2078 ), #410, .F. ) ;
#3219 = CARTESIAN_POINT ( 'NONE',  ( 8.133749999999999100, 0.0000000000000000000, 3.399999999999999900 ) ) ;
#3220 =( LENGTH_UNIT ( ) NAMED_UNIT ( * ) SI_UNIT ( .MILLI., .METRE. ) );
#3221 = AXIS2_PLACEMENT_3D ( 'NONE', #2908, #1312, #3410 ) ;
#3222 = VECTOR ( 'NONE', #1992, 1000.000000000000000 ) ;
#3223 = ORIENTED_EDGE ( 'NONE', *, *, #2363, .T. ) ;
#3224 = CARTESIAN_POINT ( 'NONE',  ( -0.005000000000000000100, -0.3712800000000232600, -0.3022097147237163300 ) ) ;
#3225 = SURFACE_SIDE_STYLE ('',( #2887 ) ) ;
#3226 = ORIENTED_EDGE ( 'NONE', *, *, #2432, .T. ) ;
#3227 = PLANE ( 'NONE',  #1882 ) ;
#3228 =( LENGTH_UNIT ( ) NAMED_UNIT ( * ) SI_UNIT ( .MILLI., .METRE. ) );
#3229 = VECTOR ( 'NONE', #3356, 1000.000000000000100 ) ;
#3230 = SURFACE_SIDE_STYLE ('',( #1232 ) ) ;
#3231 = PRESENTATION_STYLE_ASSIGNMENT (( #286 ) ) ;
#3232 = ADVANCED_FACE ( 'NONE', ( #2166 ), #1712, .F. ) ;
#3233 = VECTOR ( 'NONE', #2695, 1000.000000000000000 ) ;
#3234 =( NAMED_UNIT ( * ) PLANE_ANGLE_UNIT ( ) SI_UNIT ( $, .RADIAN. ) );
#3235 =( NAMED_UNIT ( * ) PLANE_ANGLE_UNIT ( ) SI_UNIT ( $, .RADIAN. ) );
#3236 = LINE ( 'NONE', #2982, #629 ) ;
#3237 = MECHANICAL_DESIGN_GEOMETRIC_PRESENTATION_REPRESENTATION (  '', ( #2272 ), #999 ) ;
#3238 = CARTESIAN_POINT ( 'NONE',  ( 24.00000000000000000, -1.250000000000000000, -0.2750000000000000200 ) ) ;
#3239 = EDGE_LOOP ( 'NONE', ( #1912, #178, #607, #350 ) ) ;
#3240 = MECHANICAL_DESIGN_GEOMETRIC_PRESENTATION_REPRESENTATION (  '', ( #2700 ), #2664 ) ;
#3241 = SURFACE_STYLE_FILL_AREA ( #2867 ) ;
#3242 = SURFACE_SIDE_STYLE ('',( #2323 ) ) ;
#3243 = DIRECTION ( 'NONE',  ( 0.0000000000000000000, -0.9610348236706634000, -0.2764273280489771300 ) ) ;
#3244 = PRESENTATION_STYLE_ASSIGNMENT (( #2327 ) ) ;
#3245 = CARTESIAN_POINT ( 'NONE',  ( -0.005000000000000000100, 0.09507005106467174300, 0.8379079049262315700 ) ) ;
#3246 = SURFACE_SIDE_STYLE ('',( #55 ) ) ;
#3247 = ORIENTED_EDGE ( 'NONE', *, *, #1425, .F. ) ;
#3248 = COLOUR_RGB ( '',0.0000000000000000000, 0.0000000000000000000, 0.0000000000000000000 ) ;
#3249 = PRESENTATION_LAYER_ASSIGNMENT (  '', '', ( #994 ) ) ;
#3250 = UNCERTAINTY_MEASURE_WITH_UNIT (LENGTH_MEASURE( 1.000000000000000100E-005 ), #2259, 'distance_accuracy_value', 'NONE');
#3251 = DIRECTION ( 'NONE',  ( -1.000000000000000000, -0.0000000000000000000, -0.0000000000000000000 ) ) ;
#3252 = ORIENTED_EDGE ( 'NONE', *, *, #2962, .F. ) ;
#3253 = LINE ( 'NONE', #486, #2933 ) ;
#3254 = LINE ( 'NONE', #2872, #205 ) ;
#3255 = ORIENTED_EDGE ( 'NONE', *, *, #1207, .F. ) ;
#3256 = FILL_AREA_STYLE ('',( #2193 ) ) ;
#3257 =( NAMED_UNIT ( * ) SI_UNIT ( $, .STERADIAN. ) SOLID_ANGLE_UNIT ( ) );
#3258 =( GEOMETRIC_REPRESENTATION_CONTEXT ( 3 ) GLOBAL_UNCERTAINTY_ASSIGNED_CONTEXT ( ( #1087 ) ) GLOBAL_UNIT_ASSIGNED_CONTEXT ( ( #662, #2794, #3069 ) ) REPRESENTATION_CONTEXT ( 'NONE', 'WORKASPACE' ) );
#3259 = FILL_AREA_STYLE ('',( #2163 ) ) ;
#3260 = VECTOR ( 'NONE', #1740, 1000.000000000000100 ) ;
#3261 = SURFACE_STYLE_USAGE ( .BOTH. , #1899 ) ;
#3262 = PRESENTATION_LAYER_ASSIGNMENT (  '', '', ( #2538 ) ) ;
#3263 = VERTEX_POINT ( 'NONE', #377 ) ;
#3264 = DIRECTION ( 'NONE',  ( 1.000000000000000000, 0.0000000000000000000, 0.0000000000000000000 ) ) ;
#3265 = EDGE_CURVE ( 'NONE', #174, #1745, #3208, .T. ) ;
#3266 = ADVANCED_FACE ( 'NONE', ( #3164 ), #937, .F. ) ;
#3267 = FACE_OUTER_BOUND ( 'NONE', #827, .T. ) ;
#3268 = DIRECTION ( 'NONE',  ( 1.000000000000000000, 0.0000000000000000000, 0.0000000000000000000 ) ) ;
#3269 =( NAMED_UNIT ( * ) SI_UNIT ( $, .STERADIAN. ) SOLID_ANGLE_UNIT ( ) );
#3270 = VECTOR ( 'NONE', #3002, 1000.000000000000000 ) ;
#3271 = COLOUR_RGB ( '',0.0000000000000000000, 0.0000000000000000000, 0.0000000000000000000 ) ;
#3272 =( NAMED_UNIT ( * ) PLANE_ANGLE_UNIT ( ) SI_UNIT ( $, .RADIAN. ) );
#3273 = FILL_AREA_STYLE ('',( #1434 ) ) ;
#3274 = ADVANCED_FACE ( 'NONE', ( #1052 ), #1950, .T. ) ;
#3275 = ORIENTED_EDGE ( 'NONE', *, *, #1212, .F. ) ;
#3276 = FILL_AREA_STYLE_COLOUR ( '', #927 ) ;
#3277 = SURFACE_STYLE_FILL_AREA ( #3127 ) ;
#3278 = LINE ( 'NONE', #1953, #960 ) ;
#3279 = ORIENTED_EDGE ( 'NONE', *, *, #3288, .F. ) ;
#3280 =( NAMED_UNIT ( * ) PLANE_ANGLE_UNIT ( ) SI_UNIT ( $, .RADIAN. ) );
#3281 = SURFACE_SIDE_STYLE ('',( #2072 ) ) ;
#3282 = SURFACE_STYLE_FILL_AREA ( #2147 ) ;
#3283 =( GEOMETRIC_REPRESENTATION_CONTEXT ( 3 ) GLOBAL_UNCERTAINTY_ASSIGNED_CONTEXT ( ( #2981 ) ) GLOBAL_UNIT_ASSIGNED_CONTEXT ( ( #1605, #2631, #537 ) ) REPRESENTATION_CONTEXT ( 'NONE', 'WORKASPACE' ) );
#3284 = ADVANCED_FACE ( 'NONE', ( #2488 ), #856, .F. ) ;
#3285 = SURFACE_STYLE_USAGE ( .BOTH. , #2976 ) ;
#3286 = PLANE ( 'NONE',  #1307 ) ;
#3287 =( NAMED_UNIT ( * ) PLANE_ANGLE_UNIT ( ) SI_UNIT ( $, .RADIAN. ) );
#3288 = EDGE_CURVE ( 'NONE', #2450, #1020, #561, .T. ) ;
#3289 = CARTESIAN_POINT ( 'NONE',  ( -0.005000000000000000100, 0.09509506277018961500, -0.7617952360291209100 ) ) ;
#3290 = PRESENTATION_STYLE_ASSIGNMENT (( #1248 ) ) ;
#3291 = EDGE_LOOP ( 'NONE', ( #860, #1826, #3135, #1082 ) ) ;
#3292 = DIRECTION ( 'NONE',  ( -1.000000000000000000, -0.0000000000000000000, -0.0000000000000000000 ) ) ;
#3293 = CARTESIAN_POINT ( 'NONE',  ( -0.005000000000000000100, 0.3765290351657323300, 0.05287055896081838800 ) ) ;
#3294 = PRODUCT_DEFINITION_FORMATION_WITH_SPECIFIED_SOURCE ( 'ANY', '', #170, .NOT_KNOWN. ) ;
#3295 = DIRECTION ( 'NONE',  ( 0.0000000000000000000, 0.0000000000000000000, -1.000000000000000000 ) ) ;
#3296 = VERTEX_POINT ( 'NONE', #1257 ) ;
#3297 = VECTOR ( 'NONE', #2707, 1000.000000000000100 ) ;
#3298 = CARTESIAN_POINT ( 'NONE',  ( 7.571249999999999100, 0.0000000000000000000, 0.0000000000000000000 ) ) ;
#3299 = LINE ( 'NONE', #3123, #1709 ) ;
#3300 = VERTEX_POINT ( 'NONE', #2816 ) ;
#3301 = VECTOR ( 'NONE', #386, 1000.000000000000000 ) ;
#3302 = CARTESIAN_POINT ( 'NONE',  ( -0.005000000000000000100, 0.05763435086291764100, -1.574376658450712800 ) ) ;
#3303 = VERTEX_POINT ( 'NONE', #421 ) ;
#3304 = LINE ( 'NONE', #1931, #1634 ) ;
#3305 = DIRECTION ( 'NONE',  ( 0.0000000000000000000, 0.0000000000000000000, -1.000000000000000000 ) ) ;
#3306 = DIRECTION ( 'NONE',  ( 0.0000000000000000000, -0.2763173343569341200, 0.9610664548999087200 ) ) ;
#3307 = ORIENTED_EDGE ( 'NONE', *, *, #2847, .F. ) ;
#3308 = AXIS2_PLACEMENT_3D ( 'NONE', #1375, #310, #2160 ) ;
#3309 = CIRCLE ( 'NONE', #638, 3.399999999999999900 ) ;
#3310 = EDGE_CURVE ( 'NONE', #490, #970, #311, .T. ) ;
#3311 = ORIENTED_EDGE ( 'NONE', *, *, #3380, .T. ) ;
#3312 = DIRECTION ( 'NONE',  ( 1.000000000000000000, 0.0000000000000000000, 0.0000000000000000000 ) ) ;
#3313 = DIRECTION ( 'NONE',  ( 0.0000000000000000000, 0.9610876102172872800, 0.2762437428917141600 ) ) ;
#3314 = VECTOR ( 'NONE', #1752, 1000.000000000000000 ) ;
#3315 = CARTESIAN_POINT ( 'NONE',  ( -0.005000000000000000100, 0.2944747279927738500, -0.1110520788954998800 ) ) ;
#3316 = DIRECTION ( 'NONE',  ( 0.0000000000000000000, -0.2762033010252023000, 0.9610992334315856500 ) ) ;
#3317 = VECTOR ( 'NONE', #1962, 1000.000000000000000 ) ;
#3318 = CIRCLE ( 'NONE', #45, 0.2750000000000000200 ) ;
#3319 = VECTOR ( 'NONE', #1344, 1000.000000000000100 ) ;
#3320 = FILL_AREA_STYLE_COLOUR ( '', #1300 ) ;
#3321 = FILL_AREA_STYLE_COLOUR ( '', #1602 ) ;
#3322 = PRESENTATION_LAYER_ASSIGNMENT (  '', '', ( #1245 ) ) ;
#3323 = VERTEX_POINT ( 'NONE', #2566 ) ;
#3324 = DIRECTION ( 'NONE',  ( 0.0000000000000000000, 3.986449806627384100E-016, 1.000000000000000000 ) ) ;
#3325 = VECTOR ( 'NONE', #2383, 1000.000000000000100 ) ;
#3326 = AXIS2_PLACEMENT_3D ( 'NONE', #1859, #2156, #293 ) ;
#3327 = SURFACE_STYLE_FILL_AREA ( #1791 ) ;
#3328 = FILL_AREA_STYLE_COLOUR ( '', #838 ) ;
#3329 = EDGE_CURVE ( 'NONE', #328, #2376, #2528, .T. ) ;
#3330 = VECTOR ( 'NONE', #3369, 1000.000000000000100 ) ;
#3331 = EDGE_CURVE ( 'NONE', #800, #572, #1011, .T. ) ;
#3332 = COLOUR_RGB ( '',0.0000000000000000000, 0.0000000000000000000, 0.0000000000000000000 ) ;
#3333 = CARTESIAN_POINT ( 'NONE',  ( -0.005000000000000000100, -0.3712800000000232000, -0.1483695419528172400 ) ) ;
#3334 = VERTEX_POINT ( 'NONE', #3064 ) ;
#3335 = CARTESIAN_POINT ( 'NONE',  ( -0.005000000000000000100, 0.3765290351657323300, -0.3401843028703591100 ) ) ;
#3336 = EDGE_CURVE ( 'NONE', #448, #1323, #2402, .T. ) ;
#3337 = ORIENTED_EDGE ( 'NONE', *, *, #1446, .T. ) ;
#3338 = DIRECTION ( 'NONE',  ( 0.0000000000000000000, 0.0000000000000000000, -1.000000000000000000 ) ) ;
#3339 = VECTOR ( 'NONE', #2658, 1000.000000000000200 ) ;
#3340 = EDGE_LOOP ( 'NONE', ( #619, #1369, #2107, #934 ) ) ;
#3341 = CARTESIAN_POINT ( 'NONE',  ( 9.000000000000000000, 0.0000000000000000000, 0.0000000000000000000 ) ) ;
#3342 =( NAMED_UNIT ( * ) PLANE_ANGLE_UNIT ( ) SI_UNIT ( $, .RADIAN. ) );
#3343 = VECTOR ( 'NONE', #242, 1000.000000000000000 ) ;
#3344 = AXIS2_PLACEMENT_3D ( 'NONE', #2326, #2579, #2074 ) ;
#3345 = VECTOR ( 'NONE', #1779, 1000.000000000000000 ) ;
#3346 =( LENGTH_UNIT ( ) NAMED_UNIT ( * ) SI_UNIT ( .MILLI., .METRE. ) );
#3347 = CARTESIAN_POINT ( 'NONE',  ( -0.005000000000000000100, 0.3765290351657323300, -1.482965700014777300 ) ) ;
#3348 = ORIENTED_EDGE ( 'NONE', *, *, #2854, .F. ) ;
#3349 = AXIS2_PLACEMENT_3D ( 'NONE', #1489, #1468, #690 ) ;
#3350 = DIRECTION ( 'NONE',  ( 0.0000000000000000000, 1.224646799147353200E-016, 1.000000000000000000 ) ) ;
#3351 = ORIENTED_EDGE ( 'NONE', *, *, #1384, .F. ) ;
#3352 = CARTESIAN_POINT ( 'NONE',  ( 0.0000000000000000000, -0.3712800000000229300, 0.4020630381392157900 ) ) ;
#3353 = CARTESIAN_POINT ( 'NONE',  ( 24.00000000000000000, -1.250000000000000000, 0.0000000000000000000 ) ) ;
#3354 =( GEOMETRIC_REPRESENTATION_CONTEXT ( 3 ) GLOBAL_UNCERTAINTY_ASSIGNED_CONTEXT ( ( #1432 ) ) GLOBAL_UNIT_ASSIGNED_CONTEXT ( ( #261, #2094, #2877 ) ) REPRESENTATION_CONTEXT ( 'NONE', 'WORKASPACE' ) );
#3355 = CARTESIAN_POINT ( 'NONE',  ( 9.000000000000000000, 4.163799117101000600E-016, -3.399999999999999900 ) ) ;
#3356 = DIRECTION ( 'NONE',  ( 0.0000000000000000000, 0.6995643972268819100, 0.7145695586383381500 ) ) ;
#3357 =( GEOMETRIC_REPRESENTATION_CONTEXT ( 3 ) GLOBAL_UNCERTAINTY_ASSIGNED_CONTEXT ( ( #2150 ) ) GLOBAL_UNIT_ASSIGNED_CONTEXT ( ( #1290, #218, #2875 ) ) REPRESENTATION_CONTEXT ( 'NONE', 'WORKASPACE' ) );
#3358 = CARTESIAN_POINT ( 'NONE',  ( 0.0000000000000000000, 0.0000000000000000000, 0.0000000000000000000 ) ) ;
#3359 = AXIS2_PLACEMENT_3D ( 'NONE', #2048, #1007, #501 ) ;
#3360 = EDGE_LOOP ( 'NONE', ( #1877, #3226, #2858, #616 ) ) ;
#3361 = UNCERTAINTY_MEASURE_WITH_UNIT (LENGTH_MEASURE( 1.000000000000000100E-005 ), #1512, 'distance_accuracy_value', 'NONE');
#3362 = CARTESIAN_POINT ( 'NONE',  ( -0.005000000000000000100, 0.09507005106467179800, 1.158826263502345200 ) ) ;
#3363 =( NAMED_UNIT ( * ) PLANE_ANGLE_UNIT ( ) SI_UNIT ( $, .RADIAN. ) );
#3364 = VECTOR ( 'NONE', #1588, 1000.000000000000000 ) ;
#3365 =( NAMED_UNIT ( * ) SI_UNIT ( $, .STERADIAN. ) SOLID_ANGLE_UNIT ( ) );
#3366 = FILL_AREA_STYLE_COLOUR ( '', #2455 ) ;
#3367 =( GEOMETRIC_REPRESENTATION_CONTEXT ( 3 ) GLOBAL_UNCERTAINTY_ASSIGNED_CONTEXT ( ( #3404 ) ) GLOBAL_UNIT_ASSIGNED_CONTEXT ( ( #1673, #121, #2997 ) ) REPRESENTATION_CONTEXT ( 'NONE', 'WORKASPACE' ) );
#3368 = LINE ( 'NONE', #1295, #2995 ) ;
#3369 = DIRECTION ( 'NONE',  ( 0.0000000000000000000, 0.9620200793799048600, 0.2729786930694068600 ) ) ;
#3370 = VECTOR ( 'NONE', #2671, 1000.000000000000100 ) ;
#3371 = MECHANICAL_DESIGN_GEOMETRIC_PRESENTATION_REPRESENTATION (  '', ( #585 ), #3060 ) ;
#3372 = SURFACE_SIDE_STYLE ('',( #3094 ) ) ;
#3373 = PLANE ( 'NONE',  #1064 ) ;
#3374 = PRESENTATION_STYLE_ASSIGNMENT (( #941 ) ) ;
#3375 = EDGE_CURVE ( 'NONE', #2615, #168, #2880, .T. ) ;
#3376 = ORIENTED_EDGE ( 'NONE', *, *, #2016, .T. ) ;
#3377 = COLOUR_RGB ( '',0.0000000000000000000, 0.0000000000000000000, 0.0000000000000000000 ) ;
#3378 = SURFACE_STYLE_FILL_AREA ( #2445 ) ;
#3379 = ADVANCED_FACE ( 'NONE', ( #2319 ), #434, .F. ) ;
#3380 = EDGE_CURVE ( 'NONE', #2941, #3303, #72, .T. ) ;
#3381 = SURFACE_STYLE_FILL_AREA ( #2174 ) ;
#3382 = ORIENTED_EDGE ( 'NONE', *, *, #3061, .T. ) ;
#3383 =( LENGTH_UNIT ( ) NAMED_UNIT ( * ) SI_UNIT ( .MILLI., .METRE. ) );
#3384 = UNCERTAINTY_MEASURE_WITH_UNIT (LENGTH_MEASURE( 1.000000000000000100E-005 ), #2460, 'distance_accuracy_value', 'NONE');
#3385 = DIRECTION ( 'NONE',  ( 0.0000000000000000000, -0.004650693823678240200, 0.9999891854650020400 ) ) ;
#3386 = ORIENTED_EDGE ( 'NONE', *, *, #2606, .T. ) ;
#3387 = AXIS2_PLACEMENT_3D ( 'NONE', #2818, #1240, #710 ) ;
#3388 = VECTOR ( 'NONE', #2209, 1000.000000000000000 ) ;
#3389 = VERTEX_POINT ( 'NONE', #2901 ) ;
#3390 =( NAMED_UNIT ( * ) PLANE_ANGLE_UNIT ( ) SI_UNIT ( $, .RADIAN. ) );
#3391 = SURFACE_STYLE_USAGE ( .BOTH. , #2334 ) ;
#3392 = PRESENTATION_STYLE_ASSIGNMENT (( #3110 ) ) ;
#3393 = EDGE_LOOP ( 'NONE', ( #284, #1042, #1098, #1053 ) ) ;
#3394 = FACE_OUTER_BOUND ( 'NONE', #2849, .T. ) ;
#3395 = EDGE_CURVE ( 'NONE', #2214, #2989, #156, .T. ) ;
#3396 =( NAMED_UNIT ( * ) PLANE_ANGLE_UNIT ( ) SI_UNIT ( $, .RADIAN. ) );
#3397 = EDGE_CURVE ( 'NONE', #3095, #2450, #232, .T. ) ;
#3398 = PRESENTATION_STYLE_ASSIGNMENT (( #913 ) ) ;
#3399 =( NAMED_UNIT ( * ) PLANE_ANGLE_UNIT ( ) SI_UNIT ( $, .RADIAN. ) );
#3400 =( NAMED_UNIT ( * ) PLANE_ANGLE_UNIT ( ) SI_UNIT ( $, .RADIAN. ) );
#3401 = CARTESIAN_POINT ( 'NONE',  ( -0.005000000000000000100, -0.3712800000000231500, -1.698157310639708500 ) ) ;
#3402 = SURFACE_STYLE_USAGE ( .BOTH. , #2603 ) ;
#3403 = ORIENTED_EDGE ( 'NONE', *, *, #2730, .T. ) ;
#3404 = UNCERTAINTY_MEASURE_WITH_UNIT (LENGTH_MEASURE( 1.000000000000000100E-005 ), #1673, 'distance_accuracy_value', 'NONE');
#3405 = LINE ( 'NONE', #2346, #3325 ) ;
#3406 = DIRECTION ( 'NONE',  ( 0.0000000000000000000, 2.372545677633582300E-016, 1.000000000000000000 ) ) ;
#3407 =( NAMED_UNIT ( * ) SI_UNIT ( $, .STERADIAN. ) SOLID_ANGLE_UNIT ( ) );
#3408 = LINE ( 'NONE', #1455, #2786 ) ;
#3409 = PLANE ( 'NONE',  #679 ) ;
#3410 = DIRECTION ( 'NONE',  ( 0.0000000000000000000, 0.8843386665637617000, 0.4668459304955200900 ) ) ;
#3411 = PRESENTATION_STYLE_ASSIGNMENT (( #447 ) ) ;
#3412 = CARTESIAN_POINT ( 'NONE',  ( -0.005000000000000000100, -0.1577153477240015300, 0.02411196182895269200 ) ) ;
#3413 = ORIENTED_EDGE ( 'NONE', *, *, #558, .T. ) ;
ENDSEC;
END-ISO-10303-21;
