ISO-10303-21;
HEADER;
FILE_DESCRIPTION (( 'STEP AP214' ),
    '1' );
FILE_NAME ('CCR_SB_7.11X10.16_L7.11H10.16T4.07S5.08LL7F0.61.STEP',
    '2025-08-26T21:15:05',
    ( '' ),
    ( '' ),
    'SwSTEP 2.0',
    'SolidWorks 2021',
    '' );
FILE_SCHEMA (( 'AUTOMOTIVE_DESIGN' ));
ENDSEC;

DATA;
#1 =( LENGTH_UNIT ( ) NAMED_UNIT ( * ) SI_UNIT ( .MILLI., .METRE. ) );
#2 = VECTOR ( 'NONE', #3605, 1000.000000000000000 ) ;
#3 = LINE ( 'NONE', #6146, #2379 ) ;
#4 = VECTOR ( 'NONE', #3513, 1000.000000000000227 ) ;
#5 = CARTESIAN_POINT ( 'NONE',  ( 6.089661074966337573, -3.314044712266286385, 1.730000000000000870 ) ) ;
#6 = ORIENTED_EDGE ( 'NONE', *, *, #2804, .F. ) ;
#7 = MECHANICAL_DESIGN_GEOMETRIC_PRESENTATION_REPRESENTATION (  '', ( #3236 ), #6617 ) ;
#8 = UNCERTAINTY_MEASURE_WITH_UNIT (LENGTH_MEASURE( 1.000000000000000082E-05 ), #5645, 'distance_accuracy_value', 'NONE');
#9 = CARTESIAN_POINT ( 'NONE',  ( 6.110000000000000320, 1.000000000000000000, 0.000000000000000000 ) ) ;
#10 = CARTESIAN_POINT ( 'NONE',  ( 0.9809337258431775064, 0.9750048094842044266, 4.070000000000000284 ) ) ;
#11 = ORIENTED_EDGE ( 'NONE', *, *, #4602, .F. ) ;
#12 = PRESENTATION_LAYER_ASSIGNMENT (  '', '', ( #5176 ) ) ;
#13 = CARTESIAN_POINT ( 'NONE',  ( 0.9239826706298717163, 0.8479653445582265858, 0.01149905558601784297 ) ) ;
#14 = EDGE_CURVE ( 'NONE', #158, #743, #2995, .T. ) ;
#15 = DIRECTION ( 'NONE',  ( 1.548860246407863583E-16, -1.000000000000000000, 0.000000000000000000 ) ) ;
#16 = CARTESIAN_POINT ( 'NONE',  ( 1.083129567515950686, -3.134134918331347830, 2.339999999999999858 ) ) ;
#17 = DIRECTION ( 'NONE',  ( -0.4668459304955077105, -0.8843386665637682498, 0.000000000000000000 ) ) ;
#18 = CARTESIAN_POINT ( 'NONE',  ( 6.794236094576311835, 0.3874694270293760345, 0.3172744405461516704 ) ) ;
#19 = CARTESIAN_POINT ( 'NONE',  ( 0.3249851260234336570, 0.6147238750649308692, 3.808511404116254440 ) ) ;
#20 = ORIENTED_EDGE ( 'NONE', *, *, #1036, .F. ) ;
#21 = CARTESIAN_POINT ( 'NONE',  ( 5.482701448088168839, -3.411268291489120585, 1.730000000000000204 ) ) ;
#22 = AXIS2_PLACEMENT_3D ( 'NONE', #254, #759, #2815 ) ;
#23 = DIRECTION ( 'NONE',  ( 1.000000000000000000, -0.000000000000000000, 0.000000000000000000 ) ) ;
#24 = CARTESIAN_POINT ( 'NONE',  ( 6.279063094294917491, 0.6618738140541691184, 4.011652566276024956 ) ) ;
#25 = MECHANICAL_DESIGN_GEOMETRIC_PRESENTATION_REPRESENTATION (  '', ( #3891 ), #3361 ) ;
#26 = DIRECTION ( 'NONE',  ( 0.000000000000000000, 0.000000000000000000, 1.000000000000000000 ) ) ;
#27 = SURFACE_SIDE_STYLE ('',( #4141 ) ) ;
#28 = DIRECTION ( 'NONE',  ( 0.000000000000000000, 0.000000000000000000, -1.000000000000000000 ) ) ;
#29 = DIRECTION ( 'NONE',  ( 0.7059037656364500757, 0.7083077534943972298, 0.000000000000000000 ) ) ;
#30 = CARTESIAN_POINT ( 'NONE',  ( 6.611238981081786648, 0.2182864264974147539, 3.690565941811676076 ) ) ;
#31 = UNCERTAINTY_MEASURE_WITH_UNIT (LENGTH_MEASURE( 1.000000000000000082E-05 ), #3359, 'distance_accuracy_value', 'NONE');
#32 = CARTESIAN_POINT ( 'NONE',  ( 0.5129338288469079687, 0.2400194468670323045, 0.3533642507628106944 ) ) ;
#33 =( GEOMETRIC_REPRESENTATION_CONTEXT ( 3 ) GLOBAL_UNCERTAINTY_ASSIGNED_CONTEXT ( ( #6203 ) ) GLOBAL_UNIT_ASSIGNED_CONTEXT ( ( #6186, #2032, #2856 ) ) REPRESENTATION_CONTEXT ( 'NONE', 'WORKASPACE' ) );
#34 = CARTESIAN_POINT ( 'NONE',  ( 3.783037980676932754, 3.692512944455525137, 4.070000000000000284 ) ) ;
#35 = SURFACE_SIDE_STYLE ('',( #1596 ) ) ;
#36 = EDGE_LOOP ( 'NONE', ( #5771, #1893, #406, #3596 ) ) ;
#37 = DIRECTION ( 'NONE',  ( 0.000000000000000000, 0.000000000000000000, 1.000000000000000000 ) ) ;
#38 = CARTESIAN_POINT ( 'NONE',  ( 0.6624482998050953420, 0.6806670751873699077, 0.07185307501802783159 ) ) ;
#39 = CARTESIAN_POINT ( 'NONE',  ( 2.276993553002562898, 3.417388129336544456, 4.075000000000000178 ) ) ;
#40 = VERTEX_POINT ( 'NONE', #4553 ) ;
#41 = ADVANCED_FACE ( 'NONE', ( #2521 ), #4186, .T. ) ;
#42 = CARTESIAN_POINT ( 'NONE',  ( 6.139405596498549222, 0.9852972017502860114, 0.000000000000000000 ) ) ;
#43 = FILL_AREA_STYLE_COLOUR ( '', #889 ) ;
#44 = ORIENTED_EDGE ( 'NONE', *, *, #2931, .F. ) ;
#45 = DIRECTION ( 'NONE',  ( -0.9601763114327594995, 0.2793947940878291347, 0.000000000000000000 ) ) ;
#46 = CARTESIAN_POINT ( 'NONE',  ( 2.013002443880638648, -2.794514615189089390, 2.340000000000000302 ) ) ;
#47 = SURFACE_SIDE_STYLE ('',( #3614 ) ) ;
#48 = ADVANCED_FACE ( 'NONE', ( #1772 ), #2810, .F. ) ;
#49 = PRESENTATION_STYLE_ASSIGNMENT (( #5113 ) ) ;
#50 = CARTESIAN_POINT ( 'NONE',  ( 6.678588025460614475, 0.4617831186383315467, 0.2137682038733672296 ) ) ;
#51 = CARTESIAN_POINT ( 'NONE',  ( 0.6442773961056762477, 0.5567651530339207122, 3.958223082920190095 ) ) ;
#52 = ORIENTED_EDGE ( 'NONE', *, *, #2179, .T. ) ;
#53 = CARTESIAN_POINT ( 'NONE',  ( 0.1129106516143197070, 0.06208942934040844602, 0.9411112046959112520 ) ) ;
#54 = CARTESIAN_POINT ( 'NONE',  ( 7.109999999999999432, -8.673617379884035472E-16, 3.070000000000001172 ) ) ;
#55 = CARTESIAN_POINT ( 'NONE',  ( 4.610670731407198630, -2.479546513799929741, 1.729999999999999982 ) ) ;
#56 = FILL_AREA_STYLE ('',( #153 ) ) ;
#57 = CARTESIAN_POINT ( 'NONE',  ( 6.456428260572502964, 0.6898417470198257018, 3.997538923342635275 ) ) ;
#58 =( GEOMETRIC_REPRESENTATION_CONTEXT ( 3 ) GLOBAL_UNCERTAINTY_ASSIGNED_CONTEXT ( ( #551 ) ) GLOBAL_UNIT_ASSIGNED_CONTEXT ( ( #169, #3233, #2805 ) ) REPRESENTATION_CONTEXT ( 'NONE', 'WORKASPACE' ) );
#59 =( GEOMETRIC_REPRESENTATION_CONTEXT ( 3 ) GLOBAL_UNCERTAINTY_ASSIGNED_CONTEXT ( ( #4093 ) ) GLOBAL_UNIT_ASSIGNED_CONTEXT ( ( #3311, #3808, #1867 ) ) REPRESENTATION_CONTEXT ( 'NONE', 'WORKASPACE' ) );
#60 = CARTESIAN_POINT ( 'NONE',  ( 0.7125289222179402859, 0.8562673831477932707, 4.031427861822770353 ) ) ;
#61 = CARTESIAN_POINT ( 'NONE',  ( 0.06585031743453015340, 0.4670169471952484441, 3.428958352156730616 ) ) ;
#62 = SURFACE_STYLE_USAGE ( .BOTH. , #1400 ) ;
#63 = DIRECTION ( 'NONE',  ( 0.000000000000000000, 0.000000000000000000, 1.000000000000000000 ) ) ;
#64 = CYLINDRICAL_SURFACE ( 'NONE', #4199, 1.000000000000000000 ) ;
#65 = CARTESIAN_POINT ( 'NONE',  ( 6.704169614432476720, 0.07698056617512594180, 3.447373782180946922 ) ) ;
#67 = CARTESIAN_POINT ( 'NONE',  ( 0.2747600647016553710, 0.4493532304686002066, 0.3321441939682489020 ) ) ;
#66 = DIRECTION ( 'NONE',  ( 0.000000000000000000, -1.000000000000000000, 0.000000000000000000 ) ) ;
#68 = CARTESIAN_POINT ( 'NONE',  ( 6.884177207502568230, 0.3064619371306981366, 0.4197395273592225973 ) ) ;
#69 =( NAMED_UNIT ( * ) SI_UNIT ( $, .STERADIAN. ) SOLID_ANGLE_UNIT ( ) );
#70 = LINE ( 'NONE', #3667, #4117 ) ;
#71 = PLANE ( 'NONE',  #4709 ) ;
#72 = DIRECTION ( 'NONE',  ( 0.3829140317376591440, -0.9237839814038837360, 0.000000000000000000 ) ) ;
#73 = B_SPLINE_CURVE_WITH_KNOTS ( 'NONE', 3,
 ( #3741, #251, #2303, #2197 ),
 .UNSPECIFIED., .F., .F.,
 ( 4, 4 ),
 ( 0.2457002457002456508, 0.7542997542997543770 ),
 .UNSPECIFIED. ) ;
#74 = MECHANICAL_DESIGN_GEOMETRIC_PRESENTATION_REPRESENTATION (  '', ( #509 ), #3834 ) ;
#75 = CARTESIAN_POINT ( 'NONE',  ( 0.6212684433249979765, 0.5771558974931405572, 0.1079125067817122835 ) ) ;
#76 = CARTESIAN_POINT ( 'NONE',  ( 1.000000000000000000, 5.733170000000000321, 0.000000000000000000 ) ) ;
#77 = CARTESIAN_POINT ( 'NONE',  ( 1.784538395281410450, -2.840088667668843492, 1.730000000000000870 ) ) ;
#78 = STYLED_ITEM ( 'NONE', ( #5226 ), #4515 ) ;
#79 = VECTOR ( 'NONE', #5448, 1000.000000000000000 ) ;
#80 = CARTESIAN_POINT ( 'NONE',  ( 6.217975176601529874, 0.8795039601444407662, 0.008262719848025989675 ) ) ;
#81 = CARTESIAN_POINT ( 'NONE',  ( 1.000000000000000000, 1.000000000000000000, 4.070000000000000284 ) ) ;
#82 = ORIENTED_EDGE ( 'NONE', *, *, #6676, .T. ) ;
#83 = CARTESIAN_POINT ( 'NONE',  ( 1.000000000000000000, 5.733170000000000321, 3.070000000000000728 ) ) ;
#84 = CARTESIAN_POINT ( 'NONE',  ( 2.439916087112175447, -3.300831653889074957, 1.730000000000000426 ) ) ;
#85 = UNCERTAINTY_MEASURE_WITH_UNIT (LENGTH_MEASURE( 1.000000000000000082E-05 ), #2222, 'distance_accuracy_value', 'NONE');
#86 = EDGE_CURVE ( 'NONE', #3584, #457, #5912, .T. ) ;
#87 = CARTESIAN_POINT ( 'NONE',  ( 6.668904071613760642, 0.5498499911277942021, 0.1829262278547567344 ) ) ;
#88 = CARTESIAN_POINT ( 'NONE',  ( 0.5630529188611302915, 0.5383455526508401645, 3.935984612500996960 ) ) ;
#89 = VERTEX_POINT ( 'NONE', #4885 ) ;
#90 = CARTESIAN_POINT ( 'NONE',  ( 0.02175737627844239255, 0.2136016136231430884, 0.9411112046959110300 ) ) ;
#91 = CARTESIAN_POINT ( 'NONE',  ( 4.403965596038169394, -3.149735032738657736, 1.729999999999999760 ) ) ;
#92 = CARTESIAN_POINT ( 'NONE',  ( 6.392343249822152629, 0.6276301112136318805, 3.993573475820006990 ) ) ;
#93 = DIRECTION ( 'NONE',  ( -0.000000000000000000, 1.000000000000000000, -0.000000000000000000 ) ) ;
#94 = CARTESIAN_POINT ( 'NONE',  ( 0.6064352118175666551, 0.8032222850402928049, 3.989368758144350213 ) ) ;
#95 = EDGE_CURVE ( 'NONE', #2592, #1105, #4380, .T. ) ;
#96 = CARTESIAN_POINT ( 'NONE',  ( 0.2209509208284861359, 0.1301062988388695663, 3.450908200151794780 ) ) ;
#97 =( LENGTH_UNIT ( ) NAMED_UNIT ( * ) SI_UNIT ( .MILLI., .METRE. ) );
#98 = SURFACE_STYLE_FILL_AREA ( #4176 ) ;
#99 = LINE ( 'NONE', #1660, #3965 ) ;
#100 = CARTESIAN_POINT ( 'NONE',  ( 6.952663147994656789, 0.3219486238718192728, 3.579587983382598093 ) ) ;
#101 = EDGE_CURVE ( 'NONE', #5623, #4641, #4781, .T. ) ;
#102 = CARTESIAN_POINT ( 'NONE',  ( 7.110000000000000320, 0.5000000000000000000, 3.070000000000001172 ) ) ;
#103 = CARTESIAN_POINT ( 'NONE',  ( 7.109999999999999432, -8.673617379884035472E-16, -0.2035000000000005138 ) ) ;
#104 =( NAMED_UNIT ( * ) PLANE_ANGLE_UNIT ( ) SI_UNIT ( $, .RADIAN. ) );
#105 = DIRECTION ( 'NONE',  ( 0.000000000000000000, 0.000000000000000000, 1.000000000000000000 ) ) ;
#106 = SURFACE_STYLE_USAGE ( .BOTH. , #4635 ) ;
#107 = CARTESIAN_POINT ( 'NONE',  ( 0.7153013288223378785, 0.4994229958473958009, 0.1336583686816070204 ) ) ;
#108 = MECHANICAL_DESIGN_GEOMETRIC_PRESENTATION_REPRESENTATION (  '', ( #3870 ), #1624 ) ;
#109 = CARTESIAN_POINT ( 'NONE',  ( 7.103818507905780066, 0.4335372178173336755, 0.8696922316035211598 ) ) ;
#110 = CARTESIAN_POINT ( 'NONE',  ( 1.314093087799104609, -2.939923179177046375, 1.730000000000000648 ) ) ;
#111 = CARTESIAN_POINT ( 'NONE',  ( 6.110000000000000320, 1.000000000000000000, 0.000000000000000000 ) ) ;
#112 = CARTESIAN_POINT ( 'NONE',  ( 2.001648321400914643, -2.059139914636205937, 2.340000000000000302 ) ) ;
#113 = B_SPLINE_CURVE_WITH_KNOTS ( 'NONE', 3,
 ( #102, #6414, #2802, #4863 ),
 .UNSPECIFIED., .F., .F.,
 ( 4, 4 ),
 ( 0.2457002457002456508, 0.7542997542997613714 ),
 .UNSPECIFIED. ) ;
#114 = PRESENTATION_LAYER_ASSIGNMENT (  '', '', ( #4645 ) ) ;
#115 = CARTESIAN_POINT ( 'NONE',  ( 5.484164148423800178, -3.411199050375172792, 2.340000000000000302 ) ) ;
#116 = FILL_AREA_STYLE ('',( #4744 ) ) ;
#117 =( GEOMETRIC_REPRESENTATION_CONTEXT ( 3 ) GLOBAL_UNCERTAINTY_ASSIGNED_CONTEXT ( ( #4286 ) ) GLOBAL_UNIT_ASSIGNED_CONTEXT ( ( #6162, #6192, #2085 ) ) REPRESENTATION_CONTEXT ( 'NONE', 'WORKASPACE' ) );
#118 = CARTESIAN_POINT ( 'NONE',  ( 6.570299854490323277, 0.5137893109566424865, 0.1489313432707148888 ) ) ;
#119 = CARTESIAN_POINT ( 'NONE',  ( 0.4650632244396174508, 0.5200659521587596146, 3.893513832813731312 ) ) ;
#120 = ORIENTED_EDGE ( 'NONE', *, *, #5592, .T. ) ;
#121 = EDGE_CURVE ( 'NONE', #1383, #5472, #767, .T. ) ;
#122 = DIRECTION ( 'NONE',  ( 0.000000000000000000, 0.000000000000000000, -1.000000000000000000 ) ) ;
#123 = CARTESIAN_POINT ( 'NONE',  ( 6.344971802766565361, 0.5859491107448558944, 3.980985894548169313 ) ) ;
#124 = LINE ( 'NONE', #1753, #1289 ) ;
#125 = CARTESIAN_POINT ( 'NONE',  ( 0.5111597003988297416, 0.7556451090458619069, 3.943017818577013500 ) ) ;
#126 = CARTESIAN_POINT ( 'NONE',  ( 0.05436478743583859213, 0.4612356477935202759, 3.397422799576906627 ) ) ;
#127 = EDGE_CURVE ( 'NONE', #1211, #985, #694, .T. ) ;
#128 =( GEOMETRIC_REPRESENTATION_CONTEXT ( 3 ) GLOBAL_UNCERTAINTY_ASSIGNED_CONTEXT ( ( #3740 ) ) GLOBAL_UNIT_ASSIGNED_CONTEXT ( ( #2854, #3845, #3914 ) ) REPRESENTATION_CONTEXT ( 'NONE', 'WORKASPACE' ) );
#129 = ORIENTED_EDGE ( 'NONE', *, *, #6344, .T. ) ;
#130 = DIRECTION ( 'NONE',  ( -0.4443210308329497149, -0.8958676361826811707, 0.000000000000000000 ) ) ;
#131 = PRESENTATION_LAYER_ASSIGNMENT (  '', '', ( #240 ) ) ;
#132 = CARTESIAN_POINT ( 'NONE',  ( 6.912052030427002336, 0.3552950676790401774, 3.639734134475860472 ) ) ;
#133 = FACE_OUTER_BOUND ( 'NONE', #1493, .T. ) ;
#134 = CARTESIAN_POINT ( 'NONE',  ( 3.875659152710461353, 3.629039920970799304, 4.075000000000000178 ) ) ;
#135 = PRESENTATION_STYLE_ASSIGNMENT (( #4320 ) ) ;
#136 = VECTOR ( 'NONE', #6036, 1000.000000000000114 ) ;
#137 =( NAMED_UNIT ( * ) SI_UNIT ( $, .STERADIAN. ) SOLID_ANGLE_UNIT ( ) );
#138 = CARTESIAN_POINT ( 'NONE',  ( 3.592889109449001417, 3.692512944455525137, 4.070000000000000284 ) ) ;
#139 = CIRCLE ( 'NONE', #1013, 1.000000000000000000 ) ;
#140 = CARTESIAN_POINT ( 'NONE',  ( 2.276993553002562898, 3.417388129336544456, 4.070000000000000284 ) ) ;
#141 = CARTESIAN_POINT ( 'NONE',  ( 0.9142847893753994759, 0.9042924851559742683, 0.005154849465293552362 ) ) ;
#142 = MECHANICAL_DESIGN_GEOMETRIC_PRESENTATION_REPRESENTATION (  '', ( #1004 ), #3259 ) ;
#143 = CARTESIAN_POINT ( 'NONE',  ( 0.6025454292687965063, 0.6441312657649974627, 0.09545475832260257032 ) ) ;
#144 = CARTESIAN_POINT ( 'NONE',  ( 6.731086208711708707, 0.03322887311113679326, 0.7619913731654235356 ) ) ;
#145 = ORIENTED_EDGE ( 'NONE', *, *, #3911, .F. ) ;
#146 = DIRECTION ( 'NONE',  ( -0.9999999968487351953, 7.938847109618080253E-05, 0.000000000000000000 ) ) ;
#147 = CARTESIAN_POINT ( 'NONE',  ( 6.133205455721828514, 0.9791522016811217144, -4.289125136189128379E-18 ) ) ;
#148 = CARTESIAN_POINT ( 'NONE',  ( 3.022330468522248736, -2.799291741997140814, 1.730000000000000648 ) ) ;
#149 = CARTESIAN_POINT ( 'NONE',  ( 5.795906912200894823, -2.939923179177049484, 2.339999999999999858 ) ) ;
#150 = CARTESIAN_POINT ( 'NONE',  ( 6.643989995836562912, 0.4944166887691131551, 0.1837180147597436142 ) ) ;
#151 = CARTESIAN_POINT ( 'NONE',  ( 0.6441312657649511664, 0.6025454292687298929, 3.974545241677472696 ) ) ;
#152 = EDGE_LOOP ( 'NONE', ( #244, #4984, #1245, #3961, #4304 ) ) ;
#153 = FILL_AREA_STYLE_COLOUR ( '', #1957 ) ;
#154 = CARTESIAN_POINT ( 'NONE',  ( 6.249133559191198728, 0.9108817571781672173, 4.060302846508442087 ) ) ;
#155 = CARTESIAN_POINT ( 'NONE',  ( 6.232804976140121411, 0.7543900526677420615, 4.039586723070469176 ) ) ;
#156 = FACE_OUTER_BOUND ( 'NONE', #6126, .T. ) ;
#157 = CARTESIAN_POINT ( 'NONE',  ( 0.2058391113012009166, 0.1606076725515653836, 3.491105616199146056 ) ) ;
#158 = VERTEX_POINT ( 'NONE', #6439 ) ;
#159 = VERTEX_POINT ( 'NONE', #263 ) ;
#160 = PRESENTATION_STYLE_ASSIGNMENT (( #6410 ) ) ;
#161 = LINE ( 'NONE', #1212, #4614 ) ;
#162 = DIRECTION ( 'NONE',  ( -0.2762033010251988552, -0.9610992334315865415, -0.000000000000000000 ) ) ;
#163 = AXIS2_PLACEMENT_3D ( 'NONE', #3659, #6201, #4692 ) ;
#164 = CARTESIAN_POINT ( 'NONE',  ( 6.600726966176116761, 0.4529952662011040854, 3.884310514581392759 ) ) ;
#166 = CARTESIAN_POINT ( 'NONE',  ( 0.6345014746339637801, 0.2690029492822522128, 0.3167834883443327865 ) ) ;
#165 = CARTESIAN_POINT ( 'NONE',  ( 4.047065785670777238, 3.692512944455525137, 4.075000000000000178 ) ) ;
#167 =( GEOMETRIC_REPRESENTATION_CONTEXT ( 3 ) GLOBAL_UNCERTAINTY_ASSIGNED_CONTEXT ( ( #2542 ) ) GLOBAL_UNIT_ASSIGNED_CONTEXT ( ( #6584, #1534, #2950 ) ) REPRESENTATION_CONTEXT ( 'NONE', 'WORKASPACE' ) );
#168 = ADVANCED_FACE ( 'NONE', ( #3322 ), #3251, .F. ) ;
#169 =( LENGTH_UNIT ( ) NAMED_UNIT ( * ) SI_UNIT ( .MILLI., .METRE. ) );
#170 = DIRECTION ( 'NONE',  ( 0.000000000000000000, 0.000000000000000000, -1.000000000000000000 ) ) ;
#171 = FILL_AREA_STYLE ('',( #6454 ) ) ;
#172 = UNCERTAINTY_MEASURE_WITH_UNIT (LENGTH_MEASURE( 1.000000000000000082E-05 ), #1357, 'distance_accuracy_value', 'NONE');
#173 = VECTOR ( 'NONE', #4680, 1000.000000000000000 ) ;
#174 = LINE ( 'NONE', #3771, #1911 ) ;
#175 = CARTESIAN_POINT ( 'NONE',  ( 0.9492464348374022309, 0.9614804748166366766, 0.001087057908115685511 ) ) ;
#176 = CARTESIAN_POINT ( 'NONE',  ( 0.6806672696202700212, 0.6624481102735368943, 0.07185308412326633920 ) ) ;
#177 = UNCERTAINTY_MEASURE_WITH_UNIT (LENGTH_MEASURE( 1.000000000000000082E-05 ), #1926, 'distance_accuracy_value', 'NONE');
#178 = CARTESIAN_POINT ( 'NONE',  ( 7.017866736007849937, 0.1877068517803040515, 0.7379614432627995546 ) ) ;
#179 = CARTESIAN_POINT ( 'NONE',  ( 6.627154457718692271, 0.7415032069363624023, 0.1435116919810195402 ) ) ;
#180 = EDGE_CURVE ( 'NONE', #1508, #2956, #2864, .T. ) ;
#181 = DIRECTION ( 'NONE',  ( 0.000000000000000000, 0.000000000000000000, -1.000000000000000000 ) ) ;
#182 = CARTESIAN_POINT ( 'NONE',  ( 6.170468357486465827, 0.8790632873361018396, 0.007171692673520212169 ) ) ;
#183 = CARTESIAN_POINT ( 'NONE',  ( 4.119590172245735538, 3.692512944455525137, 4.075000000000000178 ) ) ;
#184 = CARTESIAN_POINT ( 'NONE',  ( 1.014999999999997016, -3.426829999999996268, 1.729999999999999982 ) ) ;
#185 = CARTESIAN_POINT ( 'NONE',  ( 4.211932094102493807, -2.966805191560651700, 2.339999999999999858 ) ) ;
#186 = CARTESIAN_POINT ( 'NONE',  ( 6.804638559444479817, 0.6526807202706883526, 0.2804249970715499418 ) ) ;
#187 = CARTESIAN_POINT ( 'NONE',  ( 0.6335023973825074650, 0.6125859550341439252, 3.975458244271125263 ) ) ;
#188 = EDGE_LOOP ( 'NONE', ( #835, #5253, #4386, #522 ) ) ;
#189 = AXIS2_PLACEMENT_3D ( 'NONE', #5403, #3263, #2216 ) ;
#190 = DIRECTION ( 'NONE',  ( 0.2765379750249958857, 0.9610029908221278117, 0.000000000000000000 ) ) ;
#191 = CARTESIAN_POINT ( 'NONE',  ( 6.262857923845191799, 0.8295597665077404370, 4.053327564835902841 ) ) ;
#192 =( NAMED_UNIT ( * ) PLANE_ANGLE_UNIT ( ) SI_UNIT ( $, .RADIAN. ) );
#193 = CARTESIAN_POINT ( 'NONE',  ( 7.061627974001196684, 0.5241860122566117663, 0.6912247786965151075 ) ) ;
#194 = CARTESIAN_POINT ( 'NONE',  ( 2.201007013095339637, -2.734408250270128793, 1.729999999999999316 ) ) ;
#195 = CARTESIAN_POINT ( 'NONE',  ( 0.07676848221595870825, 0.2586590995119744663, 3.365601286443256068 ) ) ;
#196 = ORIENTED_EDGE ( 'NONE', *, *, #3706, .T. ) ;
#197 = EDGE_LOOP ( 'NONE', ( #2624, #5082, #4605, #813 ) ) ;
#198 = LINE ( 'NONE', #6306, #3225 ) ;
#199 = CARTESIAN_POINT ( 'NONE',  ( 6.789204746291908954, 0.4837066864910097297, 3.785921969161040401 ) ) ;
#200 = SURFACE_SIDE_STYLE ('',( #2124 ) ) ;
#202 = CARTESIAN_POINT ( 'NONE',  ( 0.3797996314358171865, 0.5275105990853331539, 0.2281849615800183306 ) ) ;
#201 = CARTESIAN_POINT ( 'NONE',  ( 3.873989821527943800, 3.090525030000000228, 4.075000000000000178 ) ) ;
#203 = CARTESIAN_POINT ( 'NONE',  ( 0.5558559526893194214, 0.1117274117981232051, 3.529597377432043270 ) ) ;
#204 = SURFACE_STYLE_USAGE ( .BOTH. , #1221 ) ;
#205 = DIRECTION ( 'NONE',  ( 0.000000000000000000, 0.000000000000000000, 1.000000000000000000 ) ) ;
#206 = AXIS2_PLACEMENT_3D ( 'NONE', #4589, #6641, #26 ) ;
#207 = FACE_OUTER_BOUND ( 'NONE', #306, .T. ) ;
#208 = EDGE_CURVE ( 'NONE', #5472, #5849, #4415, .T. ) ;
#209 = CARTESIAN_POINT ( 'NONE',  ( 4.119590172245735538, 3.692512944455525137, 4.075000000000000178 ) ) ;
#210 = CARTESIAN_POINT ( 'NONE',  ( 0.8545621207295257538, 0.9172948365415055649, 0.01052780181583212737 ) ) ;
#211 = CARTESIAN_POINT ( 'NONE',  ( 0.2493183093683440932, 0.06500743582957908828, 0.7441901143837166277 ) ) ;
#212 = STYLED_ITEM ( 'NONE', ( #4316 ), #2858 ) ;
#213 = CARTESIAN_POINT ( 'NONE',  ( 7.065186739879937505, 0.1455260896543394689, 0.9411112046959116961 ) ) ;
#214 =( NAMED_UNIT ( * ) SI_UNIT ( $, .STERADIAN. ) SOLID_ANGLE_UNIT ( ) );
#215 = STYLED_ITEM ( 'NONE', ( #946 ), #2677 ) ;
#216 = CARTESIAN_POINT ( 'NONE',  ( 6.369572177098598686, 0.4808556410900259315, 0.1448936177166280093 ) ) ;
#217 = CARTESIAN_POINT ( 'NONE',  ( 6.704748066562741471, -3.386286351574845810, 2.340000000000000302 ) ) ;
#218 = FILL_AREA_STYLE_COLOUR ( '', #774 ) ;
#219 = CARTESIAN_POINT ( 'NONE',  ( 1.083129567515950686, -3.134134918331347830, 1.729999999999999538 ) ) ;
#220 = CARTESIAN_POINT ( 'NONE',  ( 3.884999999999998899, -1.976830000000000087, 2.340000000000000302 ) ) ;
#221 = CARTESIAN_POINT ( 'NONE',  ( 6.380439007148775765, 0.6629781323685912664, 0.06381301906121708556 ) ) ;
#222 = CARTESIAN_POINT ( 'NONE',  ( 0.7650281450203236799, 0.5859491528815016226, 3.980985914874788811 ) ) ;
#223 = ADVANCED_FACE ( 'NONE', ( #6365 ), #918, .F. ) ;
#224 = VERTEX_POINT ( 'NONE', #3069 ) ;
#225 = CARTESIAN_POINT ( 'NONE',  ( 4.257427140371730090, 3.577907501469753004, 4.075000000000000178 ) ) ;
#226 =( NAMED_UNIT ( * ) SI_UNIT ( $, .STERADIAN. ) SOLID_ANGLE_UNIT ( ) );
#227 = CARTESIAN_POINT ( 'NONE',  ( 6.255437879270409063, 0.9172948365414111960, 4.059472198184129077 ) ) ;
#228 = CARTESIAN_POINT ( 'NONE',  ( 6.411534651888894487, 0.3969306938646499638, 3.868254775784167432 ) ) ;
#229 = CARTESIAN_POINT ( 'NONE',  ( 6.704169659359847877, 0.07698057363541865872, 0.6226262020374222494 ) ) ;
#230 = COLOUR_RGB ( '',0.5647058823529411686, 0.3019607843137254721, 0.1294117647058823373 ) ;
#231 = STYLED_ITEM ( 'NONE', ( #3923 ), #3342 ) ;
#232 = CARTESIAN_POINT ( 'NONE',  ( 1.020338925033657640, -3.314044712266286830, 2.340000000000000302 ) ) ;
#233 = VECTOR ( 'NONE', #4229, 1000.000000000000000 ) ;
#234 = CARTESIAN_POINT ( 'NONE',  ( 0.1979479144246437394, 0.3552951776493897262, 3.639734113767548962 ) ) ;
#235 = ORIENTED_EDGE ( 'NONE', *, *, #1431, .T. ) ;
#236 = ORIENTED_EDGE ( 'NONE', *, *, #1998, .F. ) ;
#237 = DIRECTION ( 'NONE',  ( -0.9611638845408990717, 0.2759782365590612851, 0.000000000000000000 ) ) ;
#238 = CARTESIAN_POINT ( 'NONE',  ( 6.725647345456534865, 0.6032015358801867677, 3.856580383409175194 ) ) ;
#239 = CARTESIAN_POINT ( 'NONE',  ( 3.243934446641114189, 3.577927635947331986, 4.075000000000000178 ) ) ;
#240 = STYLED_ITEM ( 'NONE', ( #6655 ), #223 ) ;
#241 = CARTESIAN_POINT ( 'NONE',  ( 4.560052212777996772, -2.379693537067144149, 2.340000000000000746 ) ) ;
#242 = LINE ( 'NONE', #138, #3518 ) ;
#243 = DIRECTION ( 'NONE',  ( -0.2763173343569415019, -0.9610664548999064971, 0.000000000000000000 ) ) ;
#244 = ORIENTED_EDGE ( 'NONE', *, *, #4173, .F. ) ;
#245 = CARTESIAN_POINT ( 'NONE',  ( 5.052564829889170106, 3.576267184938944244, 4.075000000000000178 ) ) ;
#246 = FACE_OUTER_BOUND ( 'NONE', #6158, .T. ) ;
#247 = CARTESIAN_POINT ( 'NONE',  ( 1.000000000000000000, 1.000000000000000000, 0.000000000000000000 ) ) ;
#248 = COLOUR_RGB ( '',1.000000000000000000, 0.8431372549019607865, 0.1333333333333333315 ) ;
#249 = CARTESIAN_POINT ( 'NONE',  ( 0.1585165849746163758, 0.1100907085148619263, 0.7359768691201211688 ) ) ;
#250 = CARTESIAN_POINT ( 'NONE',  ( 6.681782667688715094, 0.000000000000000000, 1.000000000000000000 ) ) ;
#251 = CARTESIAN_POINT ( 'NONE',  ( 6.609999999999999432, 0.000000000000000000, 1.690000000000000391 ) ) ;
#252 = MECHANICAL_DESIGN_GEOMETRIC_PRESENTATION_REPRESENTATION (  '', ( #5992 ), #4013 ) ;
#253 = DIRECTION ( 'NONE',  ( -0.2762437428917157156, -0.9610876102172869473, 0.000000000000000000 ) ) ;
#254 = CARTESIAN_POINT ( 'NONE',  ( 2.615000000000001101, -1.976830000000000087, 2.035000000000000142 ) ) ;
#255 = CARTESIAN_POINT ( 'NONE',  ( 5.133671931336646566, -2.159801285602718224, 2.340000000000000302 ) ) ;
#256 = CARTESIAN_POINT ( 'NONE',  ( 1.980693336405206839, -2.152794706084732113, 1.729999999999999982 ) ) ;
#257 = CARTESIAN_POINT ( 'NONE',  ( 5.484757603108172397, -3.391110155043930430, 2.340000000000000302 ) ) ;
#258 = EDGE_CURVE ( 'NONE', #6372, #3261, #4629, .T. ) ;
#259 = CARTESIAN_POINT ( 'NONE',  ( 6.540401193870191143, 0.7847994051238023072, 0.09677582381698923708 ) ) ;
#260 = CARTESIAN_POINT ( 'NONE',  ( 0.5277501394934512868, 0.7317492935005031063, 3.952151951662067120 ) ) ;
#261 = ORIENTED_EDGE ( 'NONE', *, *, #492, .F. ) ;
#262 =( NAMED_UNIT ( * ) PLANE_ANGLE_UNIT ( ) SI_UNIT ( $, .RADIAN. ) );
#263 = CARTESIAN_POINT ( 'NONE',  ( 2.615000000000001101, -1.976830000000000087, 2.340000000000000302 ) ) ;
#264 = FACE_OUTER_BOUND ( 'NONE', #4650, .T. ) ;
#265 = CARTESIAN_POINT ( 'NONE',  ( 6.190734273427892731, 0.8993246709598105015, 4.064644145954583010 ) ) ;
#266 = CARTESIAN_POINT ( 'NONE',  ( 6.620142445129990172, 0.1067181445952705282, 0.5438954811509868481 ) ) ;
#267 = CARTESIAN_POINT ( 'NONE',  ( 1.083129567515950686, -3.134134918331347830, 2.339999999999999858 ) ) ;
#268 = CARTESIAN_POINT ( 'NONE',  ( 0.1409839227673496398, 0.5101689291957216543, 3.587477277472064241 ) ) ;
#269 = ORIENTED_EDGE ( 'NONE', *, *, #3668, .T. ) ;
#270 = EDGE_LOOP ( 'NONE', ( #196, #1437, #2433, #2537 ) ) ;
#271 =( NAMED_UNIT ( * ) SI_UNIT ( $, .STERADIAN. ) SOLID_ANGLE_UNIT ( ) );
#272 = FILL_AREA_STYLE ('',( #4358 ) ) ;
#273 = LINE ( 'NONE', #2875, #2178 ) ;
#274 = CARTESIAN_POINT ( 'NONE',  ( 6.718251983525817650, 0.5105947247202207162, 3.846895635535934943 ) ) ;
#276 = CARTESIAN_POINT ( 'NONE',  ( 0.4100099466161639672, 0.3764205929363194647, 0.2682847262390276599 ) ) ;
#275 = FILL_AREA_STYLE_COLOUR ( '', #2692 ) ;
#277 = DIRECTION ( 'NONE',  ( -1.000000000000000000, 0.000000000000000000, 0.000000000000000000 ) ) ;
#278 = LINE ( 'NONE', #1327, #79 ) ;
#279 = CARTESIAN_POINT ( 'NONE',  ( 5.485004768272708553, -10.42924190173453347, 1.730000000000000426 ) ) ;
#280 = CARTESIAN_POINT ( 'NONE',  ( 3.946437330525461640, 3.090525030000000228, 4.075000000000000178 ) ) ;
#281 = ORIENTED_EDGE ( 'NONE', *, *, #811, .F. ) ;
#282 = LINE ( 'NONE', #2736, #3726 ) ;
#283 = STYLED_ITEM ( 'NONE', ( #3168 ), #4084 ) ;
#284 = SURFACE_SIDE_STYLE ('',( #4528 ) ) ;
#285 = SURFACE_SIDE_STYLE ('',( #4906 ) ) ;
#286 = CARTESIAN_POINT ( 'NONE',  ( 0.03055524845402810344, 0.5152776308930635540, 0.7527874212582575941 ) ) ;
#287 = SURFACE_STYLE_FILL_AREA ( #6388 ) ;
#288 = COLOUR_RGB ( '',1.000000000000000000, 0.8431372549019607865, 0.1333333333333333315 ) ;
#289 = CARTESIAN_POINT ( 'NONE',  ( 6.110000000000000320, 1.000000000000000000, 0.000000000000000000 ) ) ;
#290 = CARTESIAN_POINT ( 'NONE',  ( 6.411534651888919356, 0.3969306938646552929, 0.2017452242158314923 ) ) ;
#291 = CARTESIAN_POINT ( 'NONE',  ( 5.484757603108172397, -3.391110155043930430, 2.340000000000000302 ) ) ;
#292 = CARTESIAN_POINT ( 'NONE',  ( 4.908992986904658018, -2.734408250270128793, 1.729999999999999760 ) ) ;
#293 = CARTESIAN_POINT ( 'NONE',  ( 6.610577004152377256, 0.7153013288226907074, 0.1336583686813196670 ) ) ;
#294 = CARTESIAN_POINT ( 'NONE',  ( 0.8006128496679877360, 0.6889665397113794443, 4.020486017781404797 ) ) ;
#295 = ORIENTED_EDGE ( 'NONE', *, *, #2768, .F. ) ;
#296 = ORIENTED_EDGE ( 'NONE', *, *, #5666, .T. ) ;
#297 = PRESENTATION_STYLE_ASSIGNMENT (( #2790 ) ) ;
#298 = DIRECTION ( 'NONE',  ( -1.000000000000000000, -0.000000000000000000, -0.000000000000000000 ) ) ;
#299 = COLOUR_RGB ( '',1.000000000000000000, 0.8431372549019607865, 0.1333333333333333315 ) ;
#300 = EDGE_CURVE ( 'NONE', #1055, #2562, #5102, .T. ) ;
#301 = CARTESIAN_POINT ( 'NONE',  ( 6.289094549552144642, 0.8559736421845854926, 4.052705462735189279 ) ) ;
#302 = STYLED_ITEM ( 'NONE', ( #4248 ), #5837 ) ;
#303 = CARTESIAN_POINT ( 'NONE',  ( 7.067163813380139104, 0.3851856362603253703, 0.7259177137523267209 ) ) ;
#304 = CARTESIAN_POINT ( 'NONE',  ( 2.438089316360104952, -2.561600740389324393, 2.339999999999999858 ) ) ;
#305 = CARTESIAN_POINT ( 'NONE',  ( 0.2873371669434850451, 0.4282139319360069862, 3.743991278492153185 ) ) ;
#306 = EDGE_LOOP ( 'NONE', ( #5639, #6, #4130, #4314 ) ) ;
#307 = VERTEX_POINT ( 'NONE', #3478 ) ;
#308 = DIRECTION ( 'NONE',  ( 0.05375259206908437198, 0.9985542843760946141, 0.000000000000000000 ) ) ;
#309 = CARTESIAN_POINT ( 'NONE',  ( 3.195461608508125995, 3.465957979040120929, 4.075000000000000178 ) ) ;
#310 = CARTESIAN_POINT ( 'NONE',  ( 6.488150417789919189, 0.3378657529400609927, 3.820065097156480682 ) ) ;
#311 = CARTESIAN_POINT ( 'NONE',  ( 0.3441953516551246040, 0.5008676630706967448, 0.2612317485973158493 ) ) ;
#312 = CARTESIAN_POINT ( 'NONE',  ( 6.609999999999999432, 0.000000000000000000, 1.000000000000000000 ) ) ;
#313 = CARTESIAN_POINT ( 'NONE',  ( 4.766310632698917082, -2.651590930006802349, 2.340000000000000302 ) ) ;
#314 = CARTESIAN_POINT ( 'NONE',  ( 6.645322455046649424, 0.3334609090747392979, 0.2785036130571702517 ) ) ;
#315 = CARTESIAN_POINT ( 'NONE',  ( 4.716302853248409477, 3.576280269647910348, 4.070000000000000284 ) ) ;
#316 = ORIENTED_EDGE ( 'NONE', *, *, #4259, .T. ) ;
#317 = CARTESIAN_POINT ( 'NONE',  ( 2.615000000000001101, -1.976830000000000087, 2.035000000000000142 ) ) ;
#318 = ADVANCED_FACE ( 'NONE', ( #2538 ), #4606, .F. ) ;
#319 = CARTESIAN_POINT ( 'NONE',  ( 6.790647056318819708, 0.6596796533773038318, 3.802663536167082192 ) ) ;
#320 = LINE ( 'NONE', #2809, #2055 ) ;
#321 = CARTESIAN_POINT ( 'NONE',  ( 0.1039184276463983869, 0.3173653735552091071, 0.5996695868053288914 ) ) ;
#322 = FILL_AREA_STYLE ('',( #3414 ) ) ;
#323 = CARTESIAN_POINT ( 'NONE',  ( 5.147902060921493828, -2.167984846651180408, 2.339999999999999414 ) ) ;
#324 = PRESENTATION_LAYER_ASSIGNMENT (  '', '', ( #5161 ) ) ;
#325 = CARTESIAN_POINT ( 'NONE',  ( 5.133671931336646566, -2.159801285602718224, 2.340000000000000302 ) ) ;
#326 = CARTESIAN_POINT ( 'NONE',  ( 6.497414220850768807, 0.6335025815096702040, 0.09454176752414857055 ) ) ;
#327 = CARTESIAN_POINT ( 'NONE',  ( 0.6889664426538718578, 0.8006129544230464745, 4.020485992820967525 ) ) ;
#328 = ORIENTED_EDGE ( 'NONE', *, *, #428, .T. ) ;
#329 = CARTESIAN_POINT ( 'NONE',  ( 0.8462562960608449592, 0.6925125960828771854, 0.04802706993448511985 ) ) ;
#330 = SURFACE_SIDE_STYLE ('',( #1877 ) ) ;
#331 = CARTESIAN_POINT ( 'NONE',  ( 6.131436623235137162, 0.9773845427187052293, 4.070000000000000284 ) ) ;
#332 = COLOUR_RGB ( '',0.5647058823529411686, 0.3019607843137254721, 0.1294117647058823373 ) ;
#333 = PRESENTATION_LAYER_ASSIGNMENT (  '', '', ( #1299 ) ) ;
#334 = CARTESIAN_POINT ( 'NONE',  ( 2.549947787222001772, -2.379693537067143261, 2.339999999999999858 ) ) ;
#335 = EDGE_CURVE ( 'NONE', #500, #599, #70, .T. ) ;
#336 = CARTESIAN_POINT ( 'NONE',  ( 0.4319407365031872614, 0.2520587036397623493, 3.712713674039529455 ) ) ;
#337 = ORIENTED_EDGE ( 'NONE', *, *, #1748, .T. ) ;
#338 = VERTEX_POINT ( 'NONE', #5268 ) ;
#339 = CARTESIAN_POINT ( 'NONE',  ( 3.569738375644026629, 3.262445043772758790, 4.075000000000000178 ) ) ;
#340 = FILL_AREA_STYLE_COLOUR ( '', #4282 ) ;
#341 = CARTESIAN_POINT ( 'NONE',  ( 2.185130917455967214, 3.692512944455525137, 4.075000000000000178 ) ) ;
#342 = CARTESIAN_POINT ( 'NONE',  ( 6.472609986237015001, 0.4368664252971612982, 3.895702078669840418 ) ) ;
#343 = UNCERTAINTY_MEASURE_WITH_UNIT (LENGTH_MEASURE( 1.000000000000000082E-05 ), #5922, 'distance_accuracy_value', 'NONE');
#344 = CARTESIAN_POINT ( 'NONE',  ( 1.014999999999998126, -10.42682999999999716, 2.339999999999999858 ) ) ;
#345 = CIRCLE ( 'NONE', #5180, 1.000000000000000000 ) ;
#346 = EDGE_CURVE ( 'NONE', #158, #1961, #2097, .T. ) ;
#347 = CARTESIAN_POINT ( 'NONE',  ( 4.533291439918471610, 3.577131408902221921, 4.075000000000000178 ) ) ;
#348 = PRESENTATION_STYLE_ASSIGNMENT (( #6548 ) ) ;
#349 = EDGE_LOOP ( 'NONE', ( #1236, #6027, #2410 ) ) ;
#350 = DIRECTION ( 'NONE',  ( 0.000000000000000000, -1.000000000000000000, 0.000000000000000000 ) ) ;
#351 = SURFACE_STYLE_USAGE ( .BOTH. , #284 ) ;
#352 = CARTESIAN_POINT ( 'NONE',  ( 7.051311601349421920, 0.5293441940110619193, 3.408987445811426209 ) ) ;
#353 = FACE_OUTER_BOUND ( 'NONE', #2759, .T. ) ;
#354 = EDGE_CURVE ( 'NONE', #5623, #5357, #2069, .T. ) ;
#355 = CARTESIAN_POINT ( 'NONE',  ( 4.671910683639892703, -2.561600740389322617, 1.729999999999999982 ) ) ;
#356 = COLOUR_RGB ( '',0.5647058823529411686, 0.3019607843137254721, 0.1294117647058823373 ) ;
#357 = CARTESIAN_POINT ( 'NONE',  ( 6.704995231727278515, -3.424418098265450627, 2.340000000000000302 ) ) ;
#358 = STYLED_ITEM ( 'NONE', ( #6159 ), #41 ) ;
#359 =( NAMED_UNIT ( * ) SI_UNIT ( $, .STERADIAN. ) SOLID_ANGLE_UNIT ( ) );
#360 = CARTESIAN_POINT ( 'NONE',  ( 6.696620701844502754, -3.216821133043449521, 1.730000000000000204 ) ) ;
#361 = COLOUR_RGB ( '',0.5647058823529411686, 0.3019607843137254721, 0.1294117647058823373 ) ;
#362 = CARTESIAN_POINT ( 'NONE',  ( 6.418814808502911085, 0.5180331282295432827, 0.1245423600776365408 ) ) ;
#363 = CARTESIAN_POINT ( 'NONE',  ( 0.9614804748166645432, 0.9492464348374336502, 4.068912942091864160 ) ) ;
#364 = ORIENTED_EDGE ( 'NONE', *, *, #6481, .F. ) ;
#365 = CARTESIAN_POINT ( 'NONE',  ( 0.7358819581631721451, 0.7991146776433105670, 0.03724358642740518976 ) ) ;
#366 = CYLINDRICAL_SURFACE ( 'NONE', #5525, 1.000000000000000000 ) ;
#367 = DIRECTION ( 'NONE',  ( -0.003953937269740664950, -0.9999921831594820176, 0.000000000000000000 ) ) ;
#368 = CARTESIAN_POINT ( 'NONE',  ( 1.190654425277224426, -3.016415516703255140, 2.340000000000000746 ) ) ;
#369 = CARTESIAN_POINT ( 'NONE',  ( 0.2036994171928351027, 0.6018497137819709408, 3.676029054105948379 ) ) ;
#370 = EDGE_LOOP ( 'NONE', ( #4920, #5948, #5640, #4584 ) ) ;
#371 = SURFACE_STYLE_FILL_AREA ( #905 ) ;
#372 = CARTESIAN_POINT ( 'NONE',  ( 6.488731556675077172, 0.5771558974933140851, 3.962087493218475309 ) ) ;
#373 = FACE_OUTER_BOUND ( 'NONE', #2833, .T. ) ;
#374 = CARTESIAN_POINT ( 'NONE',  ( 6.610000048699837372, -8.448075105616277198E-23, 3.128888795304087811 ) ) ;
#375 = SURFACE_STYLE_USAGE ( .BOTH. , #3905 ) ;
#376 = DIRECTION ( 'NONE',  ( -1.000000000000000000, 0.000000000000000000, 0.000000000000000000 ) ) ;
#377 = EDGE_LOOP ( 'NONE', ( #4175, #5887, #269, #2318 ) ) ;
#378 =( NAMED_UNIT ( * ) PLANE_ANGLE_UNIT ( ) SI_UNIT ( $, .RADIAN. ) );
#379 = CARTESIAN_POINT ( 'NONE',  ( 7.054445643451322745, 0.2817720967777642693, 3.321565795525619702 ) ) ;
#381 = CARTESIAN_POINT ( 'NONE',  ( 0.2692180428866667863, 0.1845941752593594221, 0.4792830391179995209 ) ) ;
#380 = CARTESIAN_POINT ( 'NONE',  ( 1.978110726822704946, -2.156396289217995754, 1.730000000000000426 ) ) ;
#382 = FILL_AREA_STYLE_COLOUR ( '', #386 ) ;
#383 = CARTESIAN_POINT ( 'NONE',  ( 4.224845895799768769, 3.465937844562223091, 4.075000000000000178 ) ) ;
#384 = CARTESIAN_POINT ( 'NONE',  ( 4.671910683639892703, -2.561600740389322617, 1.729999999999999982 ) ) ;
#385 = STYLED_ITEM ( 'NONE', ( #4226 ), #2484 ) ;
#386 = COLOUR_RGB ( '',0.5647058823529411686, 0.3019607843137254721, 0.1294117647058823373 ) ;
#387 = CARTESIAN_POINT ( 'NONE',  ( 5.682536999865071436, -2.277376178195544831, 1.729999999999999760 ) ) ;
#388 = COLOUR_RGB ( '',1.000000000000000000, 0.8431372549019607865, 0.1333333333333333315 ) ;
#389 = CARTESIAN_POINT ( 'NONE',  ( 6.317337143431506874, 0.7420192483222016744, 0.03635497671782687151 ) ) ;
#390 = CARTESIAN_POINT ( 'NONE',  ( 0.9676374083807149917, 0.9430001359669299976, 4.068694843232761649 ) ) ;
#391 = CARTESIAN_POINT ( 'NONE',  ( 0.7789366561107273768, 0.7091422771273578896, 0.04543622325299985498 ) ) ;
#392 = CARTESIAN_POINT ( 'NONE',  ( 0.000000000000000000, 1.000000000000000000, 1.000000000000000000 ) ) ;
#393 = CARTESIAN_POINT ( 'NONE',  ( 6.153398596556558076, 0.9541507950321984621, 4.068996997639484192 ) ) ;
#394 = CARTESIAN_POINT ( 'NONE',  ( 1.091406348873059207, -2.361692885623173588, 1.730000000000000426 ) ) ;
#395 = CARTESIAN_POINT ( 'NONE',  ( 0.4617829631378066457, 0.4314121106344731560, 3.856231815756548276 ) ) ;
#396 = VERTEX_POINT ( 'NONE', #3603 ) ;
#397 = ORIENTED_EDGE ( 'NONE', *, *, #586, .F. ) ;
#398 = FILL_AREA_STYLE ('',( #340 ) ) ;
#399 = PRESENTATION_LAYER_ASSIGNMENT (  '', '', ( #302 ) ) ;
#400 =( NAMED_UNIT ( * ) SI_UNIT ( $, .STERADIAN. ) SOLID_ANGLE_UNIT ( ) );
#401 = CARTESIAN_POINT ( 'NONE',  ( 6.532843953119758851, 0.6212682809044748344, 3.962087512070186168 ) ) ;
#402 = CARTESIAN_POINT ( 'NONE',  ( 0.5092730338240416543, 0.4529952662017642795, 0.1856894854182983834 ) ) ;
#403 = DIRECTION ( 'NONE',  ( 0.9280290862137229313, 0.3725077383643490836, -0.000000000000000000 ) ) ;
#404 = CARTESIAN_POINT ( 'NONE',  ( 0.1129101002875078225, 0.06208981117536134520, 3.069999999999998952 ) ) ;
#405 = LINE ( 'NONE', #4998, #3787 ) ;
#406 = ORIENTED_EDGE ( 'NONE', *, *, #4042, .F. ) ;
#407 = CARTESIAN_POINT ( 'NONE',  ( 0.3193529436810993993, 0.6596796533772599780, 0.2673364638329935872 ) ) ;
#408 = CARTESIAN_POINT ( 'NONE',  ( 6.470356891803279886, 0.8198228131889117032, 4.002818397204459089 ) ) ;
#409 = CARTESIAN_POINT ( 'NONE',  ( 6.831899236811886489, 0.1016839283447702053, 3.441321041781399082 ) ) ;
#411 = CARTESIAN_POINT ( 'NONE',  ( 0.1195240463960448862, 0.4328307505224165963, 0.5232557917324692776 ) ) ;
#410 = CARTESIAN_POINT ( 'NONE',  ( 1.784538395281410450, -2.840088667668843492, 1.730000000000000870 ) ) ;
#412 = VERTEX_POINT ( 'NONE', #6277 ) ;
#413 = SURFACE_STYLE_FILL_AREA ( #5879 ) ;
#414 = EDGE_CURVE ( 'NONE', #1531, #1136, #1597, .T. ) ;
#415 = CARTESIAN_POINT ( 'NONE',  ( 5.576474546506592134, -2.877802867496531469, 1.730000000000000426 ) ) ;
#416 = CARTESIAN_POINT ( 'NONE',  ( 6.609999999999999432, 0.000000000000000000, 3.070000000000000728 ) ) ;
#417 = FACE_OUTER_BOUND ( 'NONE', #5319, .T. ) ;
#418 = PLANE ( 'NONE',  #2852 ) ;
#419 = CARTESIAN_POINT ( 'NONE',  ( 6.286536701511812986, -2.525084792936851841, 1.730000000000000426 ) ) ;
#420 = CARTESIAN_POINT ( 'NONE',  ( 6.330165979868832338, 0.7544202808800968274, 0.03514887261384889300 ) ) ;
#421 = CARTESIAN_POINT ( 'NONE',  ( 0.7648703718149181263, 0.8659338707524435463, 4.042194743681041480 ) ) ;
#422 = EDGE_LOOP ( 'NONE', ( #5147, #3321, #3908, #2789 ) ) ;
#423 = CARTESIAN_POINT ( 'NONE',  ( 0.7364613741208984043, 0.7505632937923809589, 0.04258140768453037156 ) ) ;
#424 = SURFACE_STYLE_USAGE ( .BOTH. , #6630 ) ;
#425 = SURFACE_STYLE_FILL_AREA ( #4027 ) ;
#426 =( GEOMETRIC_REPRESENTATION_CONTEXT ( 3 ) GLOBAL_UNCERTAINTY_ASSIGNED_CONTEXT ( ( #505 ) ) GLOBAL_UNIT_ASSIGNED_CONTEXT ( ( #5194, #4180, #4049 ) ) REPRESENTATION_CONTEXT ( 'NONE', 'WORKASPACE' ) );
#427 = CARTESIAN_POINT ( 'NONE',  ( 6.857353438941826695, 0.6263353999105700787, 0.3353540919546869059 ) ) ;
#428 = EDGE_CURVE ( 'NONE', #6050, #3408, #3703, .T. ) ;
#429 = CARTESIAN_POINT ( 'NONE',  ( 6.822052866862581944, 0.5941403399047261447, 0.2965224040485400780 ) ) ;
#430 = CARTESIAN_POINT ( 'NONE',  ( 0.3334608732568334899, 0.4646775978280422992, 3.791496375326962376 ) ) ;
#431 = ORIENTED_EDGE ( 'NONE', *, *, #1611, .T. ) ;
#432 = FILL_AREA_STYLE ('',( #5051 ) ) ;
#433 = VECTOR ( 'NONE', #4565, 1000.000000000000000 ) ;
#434 = SURFACE_STYLE_USAGE ( .BOTH. , #2587 ) ;
#435 = CARTESIAN_POINT ( 'NONE',  ( 6.515268481352908481, 0.4682453349012390409, 3.909729069862839967 ) ) ;
#436 = DIRECTION ( 'NONE',  ( 0.9999999968487351953, -7.938847109618080253E-05, 0.000000000000000000 ) ) ;
#437 = CARTESIAN_POINT ( 'NONE',  ( 0.000000000000000000, 0.4999999513001561757, 3.128888795304069159 ) ) ;
#438 = ORIENTED_EDGE ( 'NONE', *, *, #2117, .T. ) ;
#439 = CARTESIAN_POINT ( 'NONE',  ( 0.6887026702434344561, 0.8444384322018698708, 0.04959830980005665996 ) ) ;
#440 = PLANE ( 'NONE',  #2051 ) ;
#441 = CARTESIAN_POINT ( 'NONE',  ( 7.044149683056716960, 0.4670169530438906258, 3.428958350796063037 ) ) ;
#443 = CARTESIAN_POINT ( 'NONE',  ( 0.3498474726968767157, 0.1468156950637667379, 0.4980749440759055791 ) ) ;
#442 = CARTESIAN_POINT ( 'NONE',  ( 2.736899785502750593, 3.692512944455525137, 4.075000000000000178 ) ) ;
#444 = UNCERTAINTY_MEASURE_WITH_UNIT (LENGTH_MEASURE( 1.000000000000000082E-05 ), #2670, 'distance_accuracy_value', 'NONE');
#445 = VECTOR ( 'NONE', #308, 1000.000000000000227 ) ;
#446 = VERTEX_POINT ( 'NONE', #2630 ) ;
#447 = VECTOR ( 'NONE', #5924, 1000.000000000000000 ) ;
#448 = ORIENTED_EDGE ( 'NONE', *, *, #5584, .F. ) ;
#449 = LINE ( 'NONE', #2004, #1682 ) ;
#450 = CARTESIAN_POINT ( 'NONE',  ( 2.862700937820964242, 3.205053595892337626, 4.075000000000000178 ) ) ;
#451 = STYLED_ITEM ( 'NONE', ( #6594 ), #3391 ) ;
#452 = DIRECTION ( 'NONE',  ( 0.000000000000000000, 1.000000000000000000, 0.000000000000000000 ) ) ;
#453 = UNCERTAINTY_MEASURE_WITH_UNIT (LENGTH_MEASURE( 1.000000000000000082E-05 ), #3077, 'distance_accuracy_value', 'NONE');
#454 = PRESENTATION_LAYER_ASSIGNMENT (  '', '', ( #3891 ) ) ;
#455 = CARTESIAN_POINT ( 'NONE',  ( 6.294582040732946027, 0.6756079439935747111, 0.05345549147025858289 ) ) ;
#456 = CARTESIAN_POINT ( 'NONE',  ( 0.8920248233983404385, 0.8795039601444677446, 4.061737280151898943 ) ) ;
#457 = VERTEX_POINT ( 'NONE', #5163 ) ;
#458 = CARTESIAN_POINT ( 'NONE',  ( 0.7650281972333825564, 0.5859491107448391300, 0.08901410545181308309 ) ) ;
#459 = CARTESIAN_POINT ( 'NONE',  ( 2.310000000000000941, -1.976830000000000087, 2.035000000000000142 ) ) ;
#460 = EDGE_CURVE ( 'NONE', #540, #6504, #4220, .T. ) ;
#461 = CARTESIAN_POINT ( 'NONE',  ( 0.8234632984881824491, -2.525084792936849620, 1.730000000000000204 ) ) ;
#462 = CARTESIAN_POINT ( 'NONE',  ( 6.611239007051774585, 0.2182864315536187649, 0.3794340527877989033 ) ) ;
#463 = CARTESIAN_POINT ( 'NONE',  ( 0.5941403519972040526, 0.2879471264494920524, 3.773477588865327359 ) ) ;
#464 = VERTEX_POINT ( 'NONE', #4699 ) ;
#465 = DIRECTION ( 'NONE',  ( -0.000000000000000000, -0.000000000000000000, -1.000000000000000000 ) ) ;
#466 = PRESENTATION_STYLE_ASSIGNMENT (( #3932 ) ) ;
#467 = VECTOR ( 'NONE', #3662, 1000.000000000000000 ) ;
#468 = PRESENTATION_STYLE_ASSIGNMENT (( #5122 ) ) ;
#469 = CARTESIAN_POINT ( 'NONE',  ( 6.553234846965952265, 0.6442773961060295207, 3.958223082920467650 ) ) ;
#470 = CARTESIAN_POINT ( 'NONE',  ( 0.4427934235412563369, 0.4725018863112291356, 0.2032864110800041979 ) ) ;
#471 = CARTESIAN_POINT ( 'NONE',  ( 0.7259640915870680944, 0.8631503478652380323, 0.03792831769446253914 ) ) ;
#472 = FILL_AREA_STYLE ('',( #3034 ) ) ;
#473 = CARTESIAN_POINT ( 'NONE',  ( 6.585813987743361686, 0.04837202599880672388, 3.378775221303494725 ) ) ;
#474 = SURFACE_SIDE_STYLE ('',( #1525 ) ) ;
#475 = ORIENTED_EDGE ( 'NONE', *, *, #4786, .T. ) ;
#476 = DIRECTION ( 'NONE',  ( 0.004650693823678850834, 0.9999891854650021505, -0.000000000000000000 ) ) ;
#477 = CARTESIAN_POINT ( 'NONE',  ( 4.766310632698917082, -2.651590930006802349, 1.730000000000000426 ) ) ;
#478 = CARTESIAN_POINT ( 'NONE',  ( 6.430231618692877404, -2.654087532358891277, 1.730000000000000204 ) ) ;
#479 = AXIS2_PLACEMENT_3D ( 'NONE', #4330, #2813, #146 ) ;
#480 = CARTESIAN_POINT ( 'NONE',  ( 6.094752834835457378, -3.388698253309387454, 1.730000000000000204 ) ) ;
#481 = CARTESIAN_POINT ( 'NONE',  ( 6.217185638696847150, 0.7856287272240011221, 0.02311984771403134339 ) ) ;
#482 = CARTESIAN_POINT ( 'NONE',  ( 0.9701889080736548765, 0.9403778168077373545, 4.068577835119494779 ) ) ;
#483 = ORIENTED_EDGE ( 'NONE', *, *, #6451, .F. ) ;
#484 = CARTESIAN_POINT ( 'NONE',  ( 0.8893571077376233314, 0.9292606000156024004, 0.006054253072789043781 ) ) ;
#485 = MECHANICAL_DESIGN_GEOMETRIC_PRESENTATION_REPRESENTATION (  '', ( #5566 ), #59 ) ;
#486 = DIRECTION ( 'NONE',  ( 0.000000000000000000, 0.000000000000000000, -1.000000000000000000 ) ) ;
#487 =( NAMED_UNIT ( * ) PLANE_ANGLE_UNIT ( ) SI_UNIT ( $, .RADIAN. ) );
#488 = VECTOR ( 'NONE', #4573, 1000.000000000000000 ) ;
#489 = CARTESIAN_POINT ( 'NONE',  ( 6.553210224385785487, 0.2205382824210707360, 0.3718515301098826997 ) ) ;
#490 = CARTESIAN_POINT ( 'NONE',  ( 0.6719267954725993697, 0.3438535902385476684, 3.824787482664446348 ) ) ;
#491 = ORIENTED_EDGE ( 'NONE', *, *, #2306, .T. ) ;
#492 = EDGE_CURVE ( 'NONE', #573, #1375, #1143, .T. ) ;
#493 = CARTESIAN_POINT ( 'NONE',  ( 0.2135992241425639093, 0.02175792303039573994, 1.000000000000000000 ) ) ;
#494 = FACE_OUTER_BOUND ( 'NONE', #1316, .T. ) ;
#495 = CARTESIAN_POINT ( 'NONE',  ( 4.522900715375092418, -2.262817522373829160, 1.730000000000000204 ) ) ;
#496 = CARTESIAN_POINT ( 'NONE',  ( 6.373538625878663488, 0.7505632937925585946, 4.027418592314888635 ) ) ;
#497 = SURFACE_SIDE_STYLE ('',( #2589 ) ) ;
#498 = CARTESIAN_POINT ( 'NONE',  ( 1.143494478793305150E-17, 0.4999999439244555144, 3.137807635510700077 ) ) ;
#499 = CARTESIAN_POINT ( 'NONE',  ( 0.000000000000000000, 0.5000000000000000000, 3.070000000000000728 ) ) ;
#500 = VERTEX_POINT ( 'NONE', #614 ) ;
#501 = CARTESIAN_POINT ( 'NONE',  ( 4.150388599917829602, 3.205075560774861998, 4.070000000000000284 ) ) ;
#502 =( NAMED_UNIT ( * ) PLANE_ANGLE_UNIT ( ) SI_UNIT ( $, .RADIAN. ) );
#503 = DIRECTION ( 'NONE',  ( 0.000000000000000000, 0.000000000000000000, -1.000000000000000000 ) ) ;
#504 = CARTESIAN_POINT ( 'NONE',  ( 6.794235971222021497, 0.3874692624851738820, 3.752725583173145196 ) ) ;
#505 = UNCERTAINTY_MEASURE_WITH_UNIT (LENGTH_MEASURE( 1.000000000000000082E-05 ), #5194, 'distance_accuracy_value', 'NONE');
#507 = CARTESIAN_POINT ( 'NONE',  ( 0.5293441940110472643, 0.05868839865057749045, 0.6610125541885747413 ) ) ;
#506 = FILL_AREA_STYLE ('',( #980 ) ) ;
#508 = STYLED_ITEM ( 'NONE', ( #4462 ), #4352 ) ;
#509 = STYLED_ITEM ( 'NONE', ( #6356 ), #5459 ) ;
#510 = ADVANCED_FACE ( 'NONE', ( #3235 ), #1564, .F. ) ;
#511 = CARTESIAN_POINT ( 'NONE',  ( 4.576642799268681117, 3.090525030000000228, 4.070000000000000284 ) ) ;
#512 = ORIENTED_EDGE ( 'NONE', *, *, #3921, .T. ) ;
#513 = AXIS2_PLACEMENT_3D ( 'NONE', #3898, #5052, #6601 ) ;
#514 = CARTESIAN_POINT ( 'NONE',  ( 4.494999999999999218, -1.976830000000000087, 1.730000000000000204 ) ) ;
#515 = DIRECTION ( 'NONE',  ( 0.2745159998572713200, 0.9615825319869130139, 0.000000000000000000 ) ) ;
#516 = CARTESIAN_POINT ( 'NONE',  ( 6.417487403917139233, 0.8462562960608163154, 0.04802706993449509104 ) ) ;
#517 = ORIENTED_EDGE ( 'NONE', *, *, #4602, .T. ) ;
#518 = CARTESIAN_POINT ( 'NONE',  ( 0.9750048094842030943, 0.9809337258431766182, -1.174112431857913820E-17 ) ) ;
#519 = CARTESIAN_POINT ( 'NONE',  ( 1.014999999999998126, -10.42682999999999716, 1.729999999999999760 ) ) ;
#520 = CARTESIAN_POINT ( 'NONE',  ( 6.845621696680296964, 0.4096565234767159391, 0.3508293982524559596 ) ) ;
#521 = CARTESIAN_POINT ( 'NONE',  ( 0.3839147601965837153, 0.4477740487515923240, 3.821636766496702364 ) ) ;
#522 = ORIENTED_EDGE ( 'NONE', *, *, #2227, .T. ) ;
#523 = CARTESIAN_POINT ( 'NONE',  ( 0.1455260989278736317, 0.04481325955113110715, 1.000000000000000000 ) ) ;
#524 = CARTESIAN_POINT ( 'NONE',  ( 5.576474546506592134, -2.877802867496531469, 1.730000000000000426 ) ) ;
#525 = CARTESIAN_POINT ( 'NONE',  ( 6.394109275496678180, 0.7717995977712767131, 4.025617314653064938 ) ) ;
#526 = VECTOR ( 'NONE', #5332, 1000.000000000000000 ) ;
#527 = DIRECTION ( 'NONE',  ( 1.000000000000000000, -0.000000000000000000, 0.000000000000000000 ) ) ;
#528 = COLOUR_RGB ( '',0.5647058823529411686, 0.3019607843137254721, 0.1294117647058823373 ) ;
#529 = EDGE_CURVE ( 'NONE', #6696, #4110, #6207, .T. ) ;
#530 = MECHANICAL_DESIGN_GEOMETRIC_PRESENTATION_REPRESENTATION (  '', ( #5505 ), #426 ) ;
#531 = CARTESIAN_POINT ( 'NONE',  ( 7.110000000000000320, 5.733170000000000321, 1.000000000000000000 ) ) ;
#532 = CARTESIAN_POINT ( 'NONE',  ( 4.533291439918471610, 3.577131408902221921, 4.070000000000000284 ) ) ;
#533 = CARTESIAN_POINT ( 'NONE',  ( 2.185130917455967214, 3.692512944455525137, 4.070000000000000284 ) ) ;
#534 =( NAMED_UNIT ( * ) SI_UNIT ( $, .STERADIAN. ) SOLID_ANGLE_UNIT ( ) );
#535 = CARTESIAN_POINT ( 'NONE',  ( 6.660646750829983809, 0.2747600587804022720, 3.737855803076541861 ) ) ;
#537 = CARTESIAN_POINT ( 'NONE',  ( 0.4282139319357812224, 0.2873371669432288056, 0.3260087215079656708 ) ) ;
#536 = PLANE ( 'NONE',  #5063 ) ;
#538 = PRESENTATION_LAYER_ASSIGNMENT (  '', '', ( #4092 ) ) ;
#539 = EDGE_CURVE ( 'NONE', #2376, #3090, #1257, .T. ) ;
#540 = VERTEX_POINT ( 'NONE', #821 ) ;
#541 = CARTESIAN_POINT ( 'NONE',  ( 2.591360463760762567, 3.090525030000000228, 4.070000000000000284 ) ) ;
#542 = STYLED_ITEM ( 'NONE', ( #1292 ), #5128 ) ;
#543 = PRESENTATION_STYLE_ASSIGNMENT (( #3201 ) ) ;
#544 = CARTESIAN_POINT ( 'NONE',  ( 0.6023663673928058016, 0.7458575555482249708, 0.08285073045350142829 ) ) ;
#545 = ADVANCED_FACE ( 'NONE', ( #3801 ), #752, .F. ) ;
#546 = VECTOR ( 'NONE', #5998, 1000.000000000000000 ) ;
#547 = MECHANICAL_DESIGN_GEOMETRIC_PRESENTATION_REPRESENTATION (  '', ( #4440 ), #3240 ) ;
#548 = LINE ( 'NONE', #2066, #5129 ) ;
#549 = ORIENTED_EDGE ( 'NONE', *, *, #2948, .F. ) ;
#550 = AXIS2_PLACEMENT_3D ( 'NONE', #3889, #1410, #5562 ) ;
#551 = UNCERTAINTY_MEASURE_WITH_UNIT (LENGTH_MEASURE( 1.000000000000000082E-05 ), #169, 'distance_accuracy_value', 'NONE');
#552 = CARTESIAN_POINT ( 'NONE',  ( 6.227387025397177922, 0.8888999988033036148, 0.008176467176468971143 ) ) ;
#553 = CARTESIAN_POINT ( 'NONE',  ( 0.9756046726503643240, 0.9803373799356553953, 4.070000000000000284 ) ) ;
#554 = ORIENTED_EDGE ( 'NONE', *, *, #6314, .T. ) ;
#555 = VECTOR ( 'NONE', #6507, 1000.000000000000227 ) ;
#556 = SURFACE_STYLE_USAGE ( .BOTH. , #3175 ) ;
#557 = CARTESIAN_POINT ( 'NONE',  ( 3.183337824418954742, -2.399057639724790914, 2.340000000000000302 ) ) ;
#558 =( NAMED_UNIT ( * ) PLANE_ANGLE_UNIT ( ) SI_UNIT ( $, .RADIAN. ) );
#559 = CARTESIAN_POINT ( 'NONE',  ( 6.608220755383255707, 0.5531421092731269029, 0.1505973393847038488 ) ) ;
#560 = CARTESIAN_POINT ( 'NONE',  ( 0.5055723749250216059, 0.4778117866434764549, 3.895415804510311997 ) ) ;
#561 = VERTEX_POINT ( 'NONE', #3273 ) ;
#562 = CARTESIAN_POINT ( 'NONE',  ( 0.3560760998820469703, 0.001512770436851206338, 0.9411112046959145827 ) ) ;
#563 = DIRECTION ( 'NONE',  ( 0.000000000000000000, 0.000000000000000000, -1.000000000000000000 ) ) ;
#564 = CARTESIAN_POINT ( 'NONE',  ( 6.026870432484038531, -3.134134918331350494, 1.729999999999999760 ) ) ;
#565 = AXIS2_PLACEMENT_3D ( 'NONE', #4018, #3481, #6113 ) ;
#566 = PRESENTATION_STYLE_ASSIGNMENT (( #4035 ) ) ;
#567 = CARTESIAN_POINT ( 'NONE',  ( 6.507454570731042942, 0.6441312657652707996, 3.974545241677854168 ) ) ;
#568 = B_SPLINE_CURVE_WITH_KNOTS ( 'NONE', 3,
 ( #1586, #498, #5090, #4523, #6099, #4075, #5647, #1008, #1521, #2560, #6605, #1991, #1458, #5575, #6708, #3594, #5675, #1039, #3087, #4040, #5152, #125, #3654, #699, #94, #6264, #2722, #3187, #60, #5326, #4785 ),
 .UNSPECIFIED., .F., .F.,
 ( 4, 2, 2, 2, 2, 2, 2, 1, 2, 2, 2, 2, 1, 1, 2, 2, 4 ),
 ( 0.000000000000000000, 0.1250000000000010825, 0.1875000000000016098, 0.2187500000000022760, 0.2500000000000029421, 0.3750000000000048295, 0.4375000000000059952, 0.4687500000000068834, 0.4843750000000073275, 0.5000000000000076605, 0.6250000000000096589, 0.6875000000000102141, 0.7187500000000105471, 0.7343750000000111022, 0.7421875000000112133, 0.7500000000000113243, 1.000000000000000000 ),
 .UNSPECIFIED. ) ;
#569 = AXIS2_PLACEMENT_3D ( 'NONE', #5685, #2157, #1112 ) ;
#570 = CARTESIAN_POINT ( 'NONE',  ( 0.7012872847230409157, 0.4024111036966433463, 0.1956547192523226952 ) ) ;
#571 = CARTESIAN_POINT ( 'NONE',  ( 1.639587906851881938, -3.478229556797518995, 1.730000000000000204 ) ) ;
#572 = CARTESIAN_POINT ( 'NONE',  ( 0.1940742861653461659, 0.1479262767260529077, 3.453946087685061173 ) ) ;
#573 = VERTEX_POINT ( 'NONE', #5930 ) ;
#574 =( NAMED_UNIT ( * ) PLANE_ANGLE_UNIT ( ) SI_UNIT ( $, .RADIAN. ) );
#575 = CARTESIAN_POINT ( 'NONE',  ( 3.592889109449001417, 3.692512944455525137, 4.070000000000000284 ) ) ;
#576 = CARTESIAN_POINT ( 'NONE',  ( 6.824699984300940159, 0.5413494471026661925, 3.766408959787312494 ) ) ;
#578 = CARTESIAN_POINT ( 'NONE',  ( 0.2400194515569695486, 0.5129338076222719200, 0.3533642465579658332 ) ) ;
#577 = LINE ( 'NONE', #948, #3983 ) ;
#579 = VECTOR ( 'NONE', #5299, 1000.000000000000000 ) ;
#580 = CARTESIAN_POINT ( 'NONE',  ( 6.915925713834015554, 0.1479262767268712808, 0.6160539123125765570 ) ) ;
#581 =( NAMED_UNIT ( * ) PLANE_ANGLE_UNIT ( ) SI_UNIT ( $, .RADIAN. ) );
#582 = DIRECTION ( 'NONE',  ( 0.000000000000000000, 0.000000000000000000, -1.000000000000000000 ) ) ;
#583 = PRESENTATION_STYLE_ASSIGNMENT (( #4767 ) ) ;
#584 = PLANE ( 'NONE',  #3023 ) ;
#585 = CARTESIAN_POINT ( 'NONE',  ( 0.5469368524327810066, 0.6559430131678001263, 0.1145424584604230606 ) ) ;
#586 = EDGE_CURVE ( 'NONE', #6446, #5472, #4867, .T. ) ;
#587 = FILL_AREA_STYLE_COLOUR ( '', #288 ) ;
#588 = ORIENTED_EDGE ( 'NONE', *, *, #5329, .T. ) ;
#589 = CARTESIAN_POINT ( 'NONE',  ( 1.046112895389681885, -3.211654731536665253, 1.730000000000000204 ) ) ;
#590 = CARTESIAN_POINT ( 'NONE',  ( 6.110000000000002096, 1.000000000000000000, 0.000000000000000000 ) ) ;
#591 =( LENGTH_UNIT ( ) NAMED_UNIT ( * ) SI_UNIT ( .MILLI., .METRE. ) );
#592 = ORIENTED_EDGE ( 'NONE', *, *, #1312, .T. ) ;
#593 = DIRECTION ( 'NONE',  ( -0.2793947940878291347, -0.9601763114327594995, 0.000000000000000000 ) ) ;
#594 = CARTESIAN_POINT ( 'NONE',  ( 2.201007013095339637, -2.734408250270128793, 2.339999999999999858 ) ) ;
#595 = EDGE_CURVE ( 'NONE', #3191, #4466, #5450, .T. ) ;
#596 = CARTESIAN_POINT ( 'NONE',  ( 4.494999999999999218, -1.976830000000000087, 1.730000000000000204 ) ) ;
#597 = CARTESIAN_POINT ( 'NONE',  ( 6.764300069518339065, 0.5788746771139990921, 0.2459017710868763862 ) ) ;
#598 = CARTESIAN_POINT ( 'NONE',  ( 0.5469367626415272410, 0.6559431148453207516, 3.955457518863881639 ) ) ;
#599 = VERTEX_POINT ( 'NONE', #2359 ) ;
#600 = EDGE_CURVE ( 'NONE', #5947, #5101, #717, .T. ) ;
#601 = CARTESIAN_POINT ( 'NONE',  ( 3.183337824418954742, -2.399057639724790914, 1.730000000000000204 ) ) ;
#602 = CARTESIAN_POINT ( 'NONE',  ( 3.884999999999998899, -1.976830000000000087, 2.340000000000000302 ) ) ;
#603 = CARTESIAN_POINT ( 'NONE',  ( 6.331063343888092554, 0.7091422771285023074, 4.024563776747199562 ) ) ;
#604 = LINE ( 'NONE', #4818, #5941 ) ;
#605 = CARTESIAN_POINT ( 'NONE',  ( 1.880952133921842018, -3.442656947334646222, 1.730000000000000426 ) ) ;
#606 = CARTESIAN_POINT ( 'NONE',  ( 0.2493191336597338492, 0.06500726743013744702, 3.325809901961065407 ) ) ;
#607 = PRESENTATION_STYLE_ASSIGNMENT (( #5191 ) ) ;
#608 = CARTESIAN_POINT ( 'NONE',  ( 6.518159558483760385, 0.1836808682103496237, 3.648840062930555739 ) ) ;
#609 = FILL_AREA_STYLE ('',( #2184 ) ) ;
#611 = CARTESIAN_POINT ( 'NONE',  ( 0.3207952537081988909, 0.4837066864908294850, 0.2840780308392106823 ) ) ;
#610 = CARTESIAN_POINT ( 'NONE',  ( 2.282951528264263619, 3.435802023743171230, 4.075000000000000178 ) ) ;
#612 = CARTESIAN_POINT ( 'NONE',  ( 0.7846783712132499033, 0.5693638848399029673, 3.975253684259004938 ) ) ;
#613 = DIRECTION ( 'NONE',  ( 0.000000000000000000, 0.000000000000000000, 1.000000000000000000 ) ) ;
#614 = CARTESIAN_POINT ( 'NONE',  ( 2.658522697480781627, 3.090525030000000228, 4.075000000000000178 ) ) ;
#615 = SURFACE_STYLE_USAGE ( .BOTH. , #3100 ) ;
#616 = PRESENTATION_LAYER_ASSIGNMENT (  '', '', ( #5690 ) ) ;
#617 = SURFACE_SIDE_STYLE ('',( #6241 ) ) ;
#618 = VECTOR ( 'NONE', #6380, 1000.000000000000227 ) ;
#619 = CARTESIAN_POINT ( 'NONE',  ( 0.6670000950771840520, 0.4169249560319059356, 0.1866933560091770805 ) ) ;
#620 = CARTESIAN_POINT ( 'NONE',  ( 6.753923906834884860, 0.001512769847610551154, 0.9999999999999991118 ) ) ;
#621 = CARTESIAN_POINT ( 'NONE',  ( 2.587099284624900353, -2.262817522373828272, 1.730000000000000204 ) ) ;
#622 = MECHANICAL_DESIGN_GEOMETRIC_PRESENTATION_REPRESENTATION (  '', ( #2893 ), #5254 ) ;
#623 = EDGE_CURVE ( 'NONE', #1543, #3080, #2258, .T. ) ;
#624 = CARTESIAN_POINT ( 'NONE',  ( 6.213156390851215072, 0.9217549452980026148, 0.005502348501721014348 ) ) ;
#625 = CARTESIAN_POINT ( 'NONE',  ( 1.020338925033657640, -3.314044712266286830, 2.340000000000000302 ) ) ;
#626 = UNCERTAINTY_MEASURE_WITH_UNIT (LENGTH_MEASURE( 1.000000000000000082E-05 ), #4766, 'distance_accuracy_value', 'NONE');
#627 = CARTESIAN_POINT ( 'NONE',  ( 5.229047866078156304, -3.442656947334646667, 2.339999999999999858 ) ) ;
#628 = FACE_BOUND ( 'NONE', #2247, .T. ) ;
#629 = CARTESIAN_POINT ( 'NONE',  ( 6.560150068066297635, 0.4410959759962777005, 0.1829262118905760348 ) ) ;
#630 = CARTESIAN_POINT ( 'NONE',  ( 0.5267957260235226480, 0.5758046737288629036, 3.934509464883840568 ) ) ;
#631 = ORIENTED_EDGE ( 'NONE', *, *, #3096, .T. ) ;
#632 = CARTESIAN_POINT ( 'NONE',  ( 0.1588748698787828539, 0.05963651521943101608, 0.8604441062305538956 ) ) ;
#633 = FILL_AREA_STYLE ('',( #5773 ) ) ;
#634 = CARTESIAN_POINT ( 'NONE',  ( 2.499329268592800357, -2.479546513799930185, 2.340000000000000302 ) ) ;
#635 = CARTESIAN_POINT ( 'NONE',  ( 6.378250706499450473, 0.5277501394934924761, 3.952151951662076446 ) ) ;
#636 = CARTESIAN_POINT ( 'NONE',  ( 2.587099284624900353, -2.262817522373828272, 1.730000000000000204 ) ) ;
#637 = CARTESIAN_POINT ( 'NONE',  ( 0.4456241721486987606, 0.02610364045689837070, 3.299938820282473539 ) ) ;
#638 = EDGE_LOOP ( 'NONE', ( #1603, #5328, #20, #4241 ) ) ;
#639 = SURFACE_SIDE_STYLE ('',( #5225 ) ) ;
#640 = CARTESIAN_POINT ( 'NONE',  ( 6.110000000000000320, 0.000000000000000000, 3.070000000000000728 ) ) ;
#641 =( LENGTH_UNIT ( ) NAMED_UNIT ( * ) SI_UNIT ( .MILLI., .METRE. ) );
#642 = CARTESIAN_POINT ( 'NONE',  ( 6.889461717578906352, 0.5567897756141066967, 3.698148469889889878 ) ) ;
#643 = DIRECTION ( 'NONE',  ( 1.000000000000000000, -0.000000000000000000, -0.000000000000000000 ) ) ;
#644 = CARTESIAN_POINT ( 'NONE',  ( 0.6596796533772611992, 0.3193529436810378930, 3.802663536166949410 ) ) ;
#645 = CARTESIAN_POINT ( 'NONE',  ( 5.085971851133491484, 3.692512944455525137, 4.075000000000000178 ) ) ;
#646 = LINE ( 'NONE', #1144, #2641 ) ;
#647 = CARTESIAN_POINT ( 'NONE',  ( 0.8771950238598419380, 0.7543900526678017915, 0.03041327692951283426 ) ) ;
#648 = VECTOR ( 'NONE', #5713, 1000.000000000000000 ) ;
#649 = CARTESIAN_POINT ( 'NONE',  ( 0.5098747719690450708, 0.7549373885291942310, 0.1278613943313159362 ) ) ;
#650 = CARTESIAN_POINT ( 'NONE',  ( 7.088242076969602401, 0.2135992241425635763, 1.000000000000000000 ) ) ;
#651 = ORIENTED_EDGE ( 'NONE', *, *, #4933, .F. ) ;
#652 = CARTESIAN_POINT ( 'NONE',  ( 6.755171480701710252, 0.6774230487214392138, 0.2337975904636871716 ) ) ;
#653 = CARTESIAN_POINT ( 'NONE',  ( 6.164475599028492958, 0.9651595055560062697, 0.001200366615946585206 ) ) ;
#654 = SURFACE_STYLE_FILL_AREA ( #2610 ) ;
#655 = CARTESIAN_POINT ( 'NONE',  ( 2.158550336208844733, -3.387925984182044381, 1.730000000000000204 ) ) ;
#656 = VECTOR ( 'NONE', #1583, 1000.000000000000000 ) ;
#657 = CARTESIAN_POINT ( 'NONE',  ( 5.482701448088168839, -3.411268291489120585, 2.340000000000000302 ) ) ;
#658 = VECTOR ( 'NONE', #1684, 1000.000000000000000 ) ;
#659 = CARTESIAN_POINT ( 'NONE',  ( 6.589820266927187475, 0.4039073314546579585, 0.2124273275818227558 ) ) ;
#660 = CARTESIAN_POINT ( 'NONE',  ( 0.4778116478618242846, 0.5055725312280708872, 3.895415785688218779 ) ) ;
#661 = VERTEX_POINT ( 'NONE', #1329 ) ;
#662 = FILL_AREA_STYLE ('',( #3785 ) ) ;
#663 =( NAMED_UNIT ( * ) SI_UNIT ( $, .STERADIAN. ) SOLID_ANGLE_UNIT ( ) );
#664 = CARTESIAN_POINT ( 'NONE',  ( 6.157071434789238573, 0.9578208952508993068, 4.068985426331312993 ) ) ;
#665 = CARTESIAN_POINT ( 'NONE',  ( 6.170468357486468491, 0.8790632873361019506, 4.062828307326478594 ) ) ;
#666 = DIRECTION ( 'NONE',  ( -0.000000000000000000, 1.000000000000000000, -0.000000000000000000 ) ) ;
#667 = CARTESIAN_POINT ( 'NONE',  ( 0.3789137912876183178, 0.03322887311079188860, 3.308008626834601618 ) ) ;
#668 = ORIENTED_EDGE ( 'NONE', *, *, #5195, .F. ) ;
#669 = PRESENTATION_LAYER_ASSIGNMENT (  '', '', ( #2712 ) ) ;
#670 = ORIENTED_EDGE ( 'NONE', *, *, #6344, .F. ) ;
#671 = CARTESIAN_POINT ( 'NONE',  ( 1.000000000000000000, 5.733170000000000321, 3.070000000000000728 ) ) ;
#672 = CARTESIAN_POINT ( 'NONE',  ( 6.657004628653367284, 0.5092729097600584565, 3.884310535515260288 ) ) ;
#673 = SURFACE_SIDE_STYLE ('',( #4246 ) ) ;
#674 = ADVANCED_FACE ( 'NONE', ( #1860 ), #787, .F. ) ;
#675 = SURFACE_STYLE_FILL_AREA ( #4182 ) ;
#676 = STYLED_ITEM ( 'NONE', ( #4797 ), #674 ) ;
#677 = SURFACE_STYLE_FILL_AREA ( #6455 ) ;
#678 = LINE ( 'NONE', #6381, #5248 ) ;
#679 = DIRECTION ( 'NONE',  ( -0.2762517575166393846, -0.9610853065513840221, 0.000000000000000000 ) ) ;
#680 = CARTESIAN_POINT ( 'NONE',  ( 0.9455244152089462562, 0.9651594983845497300, 0.001200365965338508244 ) ) ;
#681 = STYLED_ITEM ( 'NONE', ( #2568 ), #1246 ) ;
#682 = CARTESIAN_POINT ( 'NONE',  ( 0.6276302492501578678, 0.7176565989328956841, 0.07642649720810543168 ) ) ;
#683 = CARTESIAN_POINT ( 'NONE',  ( 6.681123484507675236, 2.176047632648609832E-11, 0.9368725934856351190 ) ) ;
#684 = CARTESIAN_POINT ( 'NONE',  ( 6.136822684835713915, 0.9827471387100351619, -6.958881825392767775E-19 ) ) ;
#685 = CARTESIAN_POINT ( 'NONE',  ( 6.279063094294914826, 0.6618738140541823300, 0.05834743372397099143 ) ) ;
#686 = LINE ( 'NONE', #1193, #5479 ) ;
#687 = CARTESIAN_POINT ( 'NONE',  ( 2.706034403961829149, -3.149735032738656848, 1.730000000000000204 ) ) ;
#688 = CARTESIAN_POINT ( 'NONE',  ( 3.885131464652040734, -2.028836699693395751, 2.340000000000000302 ) ) ;
#689 = CARTESIAN_POINT ( 'NONE',  ( 6.498435109852936264, 0.3974132837794874806, 0.2032812829948820177 ) ) ;
#690 = CARTESIAN_POINT ( 'NONE',  ( 0.4410959283861277114, 0.5498499911276998331, 3.887073772145101636 ) ) ;
#691 = ORIENTED_EDGE ( 'NONE', *, *, #3268, .T. ) ;
#692 = ORIENTED_EDGE ( 'NONE', *, *, #4875, .T. ) ;
#693 = DIRECTION ( 'NONE',  ( 0.000000000000000000, 0.000000000000000000, 1.000000000000000000 ) ) ;
#694 = LINE ( 'NONE', #4921, #5308 ) ;
#695 = FACE_OUTER_BOUND ( 'NONE', #422, .T. ) ;
#696 = CARTESIAN_POINT ( 'NONE',  ( 6.232804976140121411, 0.7543900526677420615, 4.039586723070469176 ) ) ;
#697 = CARTESIAN_POINT ( 'NONE',  ( 0.000000000000000000, 0.000000000000000000, 0.9999999999999995559 ) ) ;
#698 = CARTESIAN_POINT ( 'NONE',  ( 7.033019433824489575, 0.4058303855689281980, 0.6226262178232989664 ) ) ;
#699 = CARTESIAN_POINT ( 'NONE',  ( 0.5787597796772255831, 0.7893979498778426196, 3.977234376098330859 ) ) ;
#700 = EDGE_CURVE ( 'NONE', #5471, #4989, #4460, .T. ) ;
#701 = CARTESIAN_POINT ( 'NONE',  ( 0.09213326399088787866, 0.1877068517802852887, 3.332038556737119794 ) ) ;
#702 = EDGE_LOOP ( 'NONE', ( #4552, #1559, #2798, #4205 ) ) ;
#703 = VERTEX_POINT ( 'NONE', #849 ) ;
#704 =( NAMED_UNIT ( * ) PLANE_ANGLE_UNIT ( ) SI_UNIT ( $, .RADIAN. ) );
#705 = DIRECTION ( 'NONE',  ( -1.000000000000000000, 0.000000000000000000, 0.000000000000000000 ) ) ;
#706 = DIRECTION ( 'NONE',  ( 0.000000000000000000, -1.000000000000000000, 0.000000000000000000 ) ) ;
#707 = VECTOR ( 'NONE', #4217, 1000.000000000000227 ) ;
#708 = CARTESIAN_POINT ( 'NONE',  ( 6.570170568303916880, 0.4285922132857895028, 3.877640610837985502 ) ) ;
#709 =( LENGTH_UNIT ( ) NAMED_UNIT ( * ) SI_UNIT ( .MILLI., .METRE. ) );
#710 = FILL_AREA_STYLE ('',( #1251 ) ) ;
#711 = AXIS2_PLACEMENT_3D ( 'NONE', #2917, #2539, #2036 ) ;
#712 = CARTESIAN_POINT ( 'NONE',  ( 0.5596313421286288614, 0.1192690983096940799, 3.543896098959276930 ) ) ;
#713 = VECTOR ( 'NONE', #1362, 1000.000000000000114 ) ;
#714 = DIRECTION ( 'NONE',  ( 0.000000000000000000, 1.000000000000000000, 0.000000000000000000 ) ) ;
#715 = UNCERTAINTY_MEASURE_WITH_UNIT (LENGTH_MEASURE( 1.000000000000000082E-05 ), #1951, 'distance_accuracy_value', 'NONE');
#716 = VECTOR ( 'NONE', #3607, 1000.000000000000000 ) ;
#717 = LINE ( 'NONE', #5412, #1975 ) ;
#718 = CARTESIAN_POINT ( 'NONE',  ( 6.896400792012563841, 0.02175792598869789179, 3.128888795304093584 ) ) ;
#719 = CARTESIAN_POINT ( 'NONE',  ( 0.8471420761547171496, 0.8295597665077382166, 0.01667243516406328313 ) ) ;
#720 = CARTESIAN_POINT ( 'NONE',  ( 0.04837202599880548182, 0.5241860122566140978, 0.6912247786965084462 ) ) ;
#721 = UNCERTAINTY_MEASURE_WITH_UNIT (LENGTH_MEASURE( 1.000000000000000082E-05 ), #1253, 'distance_accuracy_value', 'NONE');
#722 = CARTESIAN_POINT ( 'NONE',  ( 6.997089905963596479, 0.06208980984412506426, 0.9411112046959118071 ) ) ;
#723 = EDGE_CURVE ( 'NONE', #396, #3408, #912, .T. ) ;
#724 = PLANE ( 'NONE',  #479 ) ;
#725 = SURFACE_STYLE_USAGE ( .BOTH. , #1742 ) ;
#726 = CARTESIAN_POINT ( 'NONE',  ( 6.475498525366031544, 0.2690029492822438306, 0.3167834883443418348 ) ) ;
#727 = AXIS2_PLACEMENT_3D ( 'NONE', #6276, #5754, #1666 ) ;
#728 = CARTESIAN_POINT ( 'NONE',  ( 6.643610060796818928, -3.012110412698151052, 2.340000000000000302 ) ) ;
#729 = SURFACE_SIDE_STYLE ('',( #5832 ) ) ;
#730 = CARTESIAN_POINT ( 'NONE',  ( 2.587099284624900353, -2.262817522373828272, 1.730000000000000204 ) ) ;
#731 = CARTESIAN_POINT ( 'NONE',  ( 3.891346612744803313, -2.193807365241617902, 1.730000000000000648 ) ) ;
#732 =( GEOMETRIC_REPRESENTATION_CONTEXT ( 3 ) GLOBAL_UNCERTAINTY_ASSIGNED_CONTEXT ( ( #721 ) ) GLOBAL_UNIT_ASSIGNED_CONTEXT ( ( #1253, #104, #4183 ) ) REPRESENTATION_CONTEXT ( 'NONE', 'WORKASPACE' ) );
#733 = CARTESIAN_POINT ( 'NONE',  ( 6.507454732149097865, 0.6441314385870907655, 0.09545477617714191731 ) ) ;
#734 = CARTESIAN_POINT ( 'NONE',  ( 0.6361625595765753038, 0.7083366757225906252, 3.995252187625021101 ) ) ;
#735 = ORIENTED_EDGE ( 'NONE', *, *, #354, .T. ) ;
#736 = DIRECTION ( 'NONE',  ( -0.000000000000000000, 1.000000000000000000, -0.000000000000000000 ) ) ;
#737 = CARTESIAN_POINT ( 'NONE',  ( 6.110000000000000320, 5.733170000000000321, 3.070000000000000728 ) ) ;
#738 = CARTESIAN_POINT ( 'NONE',  ( 6.285431831725798446, 0.8044197374992522187, 4.048014356910683453 ) ) ;
#739 = CARTESIAN_POINT ( 'NONE',  ( 4.193095656005081828, 3.354671063942033182, 4.075000000000000178 ) ) ;
#740 = CARTESIAN_POINT ( 'NONE',  ( 7.051311601349424585, 0.5293441940110452659, 0.6610125541885808476 ) ) ;
#741 = CARTESIAN_POINT ( 'NONE',  ( 1.990860744830845519, -2.126577405022865186, 1.730000000000000204 ) ) ;
#742 = CARTESIAN_POINT ( 'NONE',  ( 0.2400194468671998371, 0.5129338288470506324, 3.716635749237252817 ) ) ;
#743 = VERTEX_POINT ( 'NONE', #3971 ) ;
#744 = EDGE_LOOP ( 'NONE', ( #1023, #3300, #6110, #2246, #4313, #2545, #4423, #2897, #2396, #3451, #5421, #6371, #1987, #3979, #2239, #4969, #3638 ) ) ;
#745 = FILL_AREA_STYLE_COLOUR ( '', #356 ) ;
#746 = SURFACE_STYLE_FILL_AREA ( #4315 ) ;
#747 = DIRECTION ( 'NONE',  ( 0.000000000000000000, 1.000000000000000000, 0.000000000000000000 ) ) ;
#748 = CARTESIAN_POINT ( 'NONE',  ( 6.678587889362273877, 0.4617829631401406121, 3.856231815760348347 ) ) ;
#749 = PLANE ( 'NONE',  #3226 ) ;
#750 = CARTESIAN_POINT ( 'NONE',  ( 0.000000000000000000, 0.000000000000000000, 4.273500000000000298 ) ) ;
#751 = CARTESIAN_POINT ( 'NONE',  ( 3.946437330525461640, 3.090525030000000228, 4.070000000000000284 ) ) ;
#752 = PLANE ( 'NONE',  #5870 ) ;
#753 = EDGE_LOOP ( 'NONE', ( #870, #4893, #994, #1002 ) ) ;
#754 = FACE_OUTER_BOUND ( 'NONE', #5701, .T. ) ;
#755 = CARTESIAN_POINT ( 'NONE',  ( 1.000000000000000000, 6.733170000000000321, 1.000000000000000000 ) ) ;
#756 = EDGE_CURVE ( 'NONE', #573, #2883, #405, .T. ) ;
#757 = CARTESIAN_POINT ( 'NONE',  ( 7.050363484779839318, 0.1588748698770560686, 0.8604441062400209894 ) ) ;
#758 = FACE_OUTER_BOUND ( 'NONE', #3339, .T. ) ;
#759 = DIRECTION ( 'NONE',  ( 0.000000000000000000, -1.000000000000000000, 0.000000000000000000 ) ) ;
#760 = CARTESIAN_POINT ( 'NONE',  ( 5.147902060921493828, -2.167984846651180408, 1.730000000000000204 ) ) ;
#761 = CARTESIAN_POINT ( 'NONE',  ( 1.962097939078506714, -2.167984846651181297, 1.730000000000000426 ) ) ;
#762 = CARTESIAN_POINT ( 'NONE',  ( 4.522900715375092418, -2.262817522373829160, 2.340000000000000302 ) ) ;
#763 = AXIS2_PLACEMENT_3D ( 'NONE', #2353, #4965, #1923 ) ;
#764 = CARTESIAN_POINT ( 'NONE',  ( 6.476497602617065752, 0.6125859550345436055, 0.09454175572883061207 ) ) ;
#765 = CARTESIAN_POINT ( 'NONE',  ( 0.6873834400410560042, 0.7041649149676155739, 4.008563215743452091 ) ) ;
#766 = ORIENTED_EDGE ( 'NONE', *, *, #4206, .F. ) ;
#767 = LINE ( 'NONE', #2240, #1540 ) ;
#768 = LINE ( 'NONE', #1275, #1848 ) ;
#769 =( GEOMETRIC_REPRESENTATION_CONTEXT ( 3 ) GLOBAL_UNCERTAINTY_ASSIGNED_CONTEXT ( ( #4567 ) ) GLOBAL_UNIT_ASSIGNED_CONTEXT ( ( #3803, #2259, #6523 ) ) REPRESENTATION_CONTEXT ( 'NONE', 'WORKASPACE' ) );
#770 = CARTESIAN_POINT ( 'NONE',  ( 6.244066129247424435, 0.7648703718149707509, 4.042194743681061908 ) ) ;
#771 = CARTESIAN_POINT ( 'NONE',  ( 7.055635212564357772, 0.4612356477935507515, 0.6725772004228423029 ) ) ;
#772 = PRESENTATION_LAYER_ASSIGNMENT (  '', '', ( #784 ) ) ;
#773 = CARTESIAN_POINT ( 'NONE',  ( 0.6797683813071139225, -2.654087532358892165, 2.340000000000000302 ) ) ;
#774 = COLOUR_RGB ( '',0.5647058823529411686, 0.3019607843137254721, 0.1294117647058823373 ) ;
#775 = CARTESIAN_POINT ( 'NONE',  ( 0.3764205929360293634, 0.4100099466158628192, 3.801715273760784441 ) ) ;
#776 = ORIENTED_EDGE ( 'NONE', *, *, #4381, .T. ) ;
#777 = ORIENTED_EDGE ( 'NONE', *, *, #3628, .T. ) ;
#778 =( LENGTH_UNIT ( ) NAMED_UNIT ( * ) SI_UNIT ( .MILLI., .METRE. ) );
#779 = COLOUR_RGB ( '',0.5647058823529411686, 0.3019607843137254721, 0.1294117647058823373 ) ;
#780 = CARTESIAN_POINT ( 'NONE',  ( 6.751507107587681134, 0.5868380337008749503, 3.835283896480099486 ) ) ;
#781 = SURFACE_SIDE_STYLE ('',( #3432 ) ) ;
#782 = DIRECTION ( 'NONE',  ( -0.000000000000000000, -0.000000000000000000, -1.000000000000000000 ) ) ;
#783 =( BOUNDED_SURFACE ( )  B_SPLINE_SURFACE ( 3, 3, ( 
 ( #887, #2467, #4500, #5004, #1468, #2431, #4407, #950, #6493, #3876, #3383, #1527, #5834, #4336, #1871, #2425, #5334, #5943, #2469, #5114 ),
 ( #2679, #1714, #4439, #601, #2075, #148, #3679, #687, #84, #655, #4230, #1194, #6252, #5277, #5730, #4196, #2614, #3145, #6357, #3244 ),
 ( #4708, #1676, #3176, #557, #6287, #5213, #1642, #5833, #6322, #1605, #3714, #1575, #5766, #4678, #6216, #2139, #5315, #4644, #3210, #2710 ),
 ( #2201, #4262, #3613, #4777, #3644, #5798, #5247, #1090, #594, #46, #1707, #1157, #2109, #3745, #2643, #16, #1122, #625, #4133, #2676 ),
 ( #2164, #4741, #112, #3111, #5697, #1060, #4159, #5173, #2947, #3285, #1434, #3847, #1466, #6613, #886, #5552, #4499, #1266, #3779, #5942 ),
 ( #4844, #5384, #3316, #1398, #256, #6579, #380, #5874, #761, #1930, #2785, #2305, #4374, #2819, #6106, #6073, #1966, #6430, #2430, #2977 ),
 ( #3976, #6466, #3507, #730, #6393, #2745, #5033, #2465, #3440, #1809, #410, #1778, #1231, #3474, #915, #219, #4879, #4530, #2269, #184 ) ),
 .UNSPECIFIED., .T., .F., .F. ) 
 B_SPLINE_SURFACE_WITH_KNOTS ( ( 4, 3, 4 ),
 ( 4, 1, 1, 1, 1, 1, 1, 1, 1, 1, 1, 1, 1, 1, 1, 1, 1, 4 ),
 ( 0.000000000000000000, 0.5000000000000000000, 1.000000000000000000 ),
 ( 0.000000000000000000, 0.06218578512488843330, 0.1166294419295891005, 0.1648481812090129561, 0.2084255885910391293, 0.2493461803357351347, 0.2884584599461604837, 0.3649277418574276566, 0.4434213933723337164, 0.5239092198959711677, 0.6426297435126099300, 0.7501596148163247602, 0.7859142909927842036, 0.8259429660877520840, 0.8688256463525744211, 0.9122600832691466488, 0.9544039555856032031, 1.000000000000000000 ),
 .UNSPECIFIED. ) 
 GEOMETRIC_REPRESENTATION_ITEM ( )  RATIONAL_B_SPLINE_SURFACE ( (
 ( 1.000000000000000000, 1.000000000000000000, 0.9999999999999997780, 1.000000000000000222, 1.000000000000000222, 0.9999999999999996669, 1.000000000000000000, 1.000000000000000222, 1.000000000000000000, 1.000000000000000222, 0.9999999999999997780, 1.000000000000000222, 0.9999999999999995559, 1.000000000000000000, 1.000000000000000000, 1.000000000000000222, 0.9999999999999997780, 1.000000000000000000, 1.000000000000000000, 1.000000000000000000),
 ( 0.3333333333333333703, 0.3333333333333333703, 0.3333333333333333148, 0.3333333333333334259, 0.3333333333333334814, 0.3333333333333332038, 0.3333333333333333703, 0.3333333333333334259, 0.3333333333333333148, 0.3333333333333334259, 0.3333333333333333703, 0.3333333333333334259, 0.3333333333333332593, 0.3333333333333334259, 0.3333333333333333703, 0.3333333333333333703, 0.3333333333333333148, 0.3333333333333334259, 0.3333333333333333703, 0.3333333333333333703),
 ( 0.3333333333333333703, 0.3333333333333333703, 0.3333333333333333148, 0.3333333333333334259, 0.3333333333333334814, 0.3333333333333332038, 0.3333333333333333703, 0.3333333333333334259, 0.3333333333333333148, 0.3333333333333334259, 0.3333333333333333703, 0.3333333333333334259, 0.3333333333333332593, 0.3333333333333334259, 0.3333333333333333703, 0.3333333333333333703, 0.3333333333333333148, 0.3333333333333334259, 0.3333333333333333703, 0.3333333333333333703),
 ( 1.000000000000000000, 1.000000000000000000, 0.9999999999999997780, 1.000000000000000222, 1.000000000000000222, 0.9999999999999996669, 1.000000000000000000, 1.000000000000000222, 1.000000000000000000, 1.000000000000000222, 0.9999999999999997780, 1.000000000000000222, 0.9999999999999995559, 1.000000000000000000, 1.000000000000000000, 1.000000000000000222, 0.9999999999999997780, 1.000000000000000000, 1.000000000000000000, 1.000000000000000000),
 ( 0.3333333333333333703, 0.3333333333333333703, 0.3333333333333333148, 0.3333333333333334259, 0.3333333333333334814, 0.3333333333333332038, 0.3333333333333333703, 0.3333333333333334259, 0.3333333333333333148, 0.3333333333333334259, 0.3333333333333333703, 0.3333333333333334259, 0.3333333333333332593, 0.3333333333333334259, 0.3333333333333333703, 0.3333333333333333703, 0.3333333333333333148, 0.3333333333333334259, 0.3333333333333333703, 0.3333333333333333703),
 ( 0.3333333333333333703, 0.3333333333333333703, 0.3333333333333333148, 0.3333333333333334259, 0.3333333333333334814, 0.3333333333333332038, 0.3333333333333333703, 0.3333333333333334259, 0.3333333333333333148, 0.3333333333333334259, 0.3333333333333333703, 0.3333333333333334259, 0.3333333333333332593, 0.3333333333333334259, 0.3333333333333333703, 0.3333333333333333703, 0.3333333333333333148, 0.3333333333333334259, 0.3333333333333333703, 0.3333333333333333703),
 ( 1.000000000000000000, 1.000000000000000000, 0.9999999999999997780, 1.000000000000000222, 1.000000000000000222, 0.9999999999999996669, 1.000000000000000000, 1.000000000000000222, 1.000000000000000000, 1.000000000000000222, 0.9999999999999997780, 1.000000000000000222, 0.9999999999999995559, 1.000000000000000000, 1.000000000000000000, 1.000000000000000222, 0.9999999999999997780, 1.000000000000000000, 1.000000000000000000, 1.000000000000000000) ) ) 
 REPRESENTATION_ITEM ( '' )  SURFACE ( )  );
#784 = STYLED_ITEM ( 'NONE', ( #1761 ), #6597 ) ;
#785 = VECTOR ( 'NONE', #3633, 1000.000000000000000 ) ;
#786 = DIRECTION ( 'NONE',  ( -2.193819746736956408E-16, 1.000000000000000000, -0.000000000000000000 ) ) ;
#787 = PLANE ( 'NONE',  #1546 ) ;
#788 = ORIENTED_EDGE ( 'NONE', *, *, #4465, .F. ) ;
#789 = CARTESIAN_POINT ( 'NONE',  ( 2.183307831602216087, 3.090525030000000228, 4.070000000000000284 ) ) ;
#790 = DIRECTION ( 'NONE',  ( 1.000000000000000000, 0.000000000000000000, 0.000000000000000000 ) ) ;
#791 = CARTESIAN_POINT ( 'NONE',  ( 0.9809337332737944060, 0.9750047994632216053, -1.174112606224734183E-17 ) ) ;
#792 = CARTESIAN_POINT ( 'NONE',  ( 0.2058394704736291603, 0.1606074053350609043, 0.5788944203968949820 ) ) ;
#793 = PRESENTATION_LAYER_ASSIGNMENT (  '', '', ( #996 ) ) ;
#794 = FILL_AREA_STYLE ('',( #5937 ) ) ;
#795 = PRESENTATION_LAYER_ASSIGNMENT (  '', '', ( #681 ) ) ;
#796 = PLANE ( 'NONE',  #3068 ) ;
#797 = CARTESIAN_POINT ( 'NONE',  ( 6.518159558483771931, 0.1836808682103737433, 0.4211599370694040778 ) ) ;
#798 = CARTESIAN_POINT ( 'NONE',  ( 5.977971168923231104, -3.069200569082300323, 2.340000000000000746 ) ) ;
#799 = FILL_AREA_STYLE_COLOUR ( '', #1662 ) ;
#800 = VECTOR ( 'NONE', #3044, 1000.000000000000227 ) ;
#801 = CARTESIAN_POINT ( 'NONE',  ( 6.643610060796818928, -3.012110412698151052, 1.730000000000000426 ) ) ;
#802 = CARTESIAN_POINT ( 'NONE',  ( 6.433491387963931274, 0.5735946364776552953, 0.1010921941139883290 ) ) ;
#803 = CARTESIAN_POINT ( 'NONE',  ( 0.7606838377818174735, 0.7734571919623201008, 4.035168615257121338 ) ) ;
#804 = ORIENTED_EDGE ( 'NONE', *, *, #2859, .F. ) ;
#805 = EDGE_CURVE ( 'NONE', #6372, #882, #5985, .T. ) ;
#806 = DIRECTION ( 'NONE',  ( 0.000000000000000000, 0.000000000000000000, -1.000000000000000000 ) ) ;
#807 =( LENGTH_UNIT ( ) NAMED_UNIT ( * ) SI_UNIT ( .MILLI., .METRE. ) );
#808 = CARTESIAN_POINT ( 'NONE',  ( 6.195715210624647362, 0.9042924851557708754, 4.064845150534702078 ) ) ;
#809 = CARTESIAN_POINT ( 'NONE',  ( 6.966973983488108146, 0.2320028487600932776, 0.5821751678838252841 ) ) ;
#810 = CARTESIAN_POINT ( 'NONE',  ( 2.158550336208844733, -3.387925984182044381, 2.340000000000000746 ) ) ;
#811 = EDGE_CURVE ( 'NONE', #6582, #661, #4494, .T. ) ;
#812 = CARTESIAN_POINT ( 'NONE',  ( 0.6018497137819709408, 0.2036994171928351027, 3.676029054105948379 ) ) ;
#813 = ORIENTED_EDGE ( 'NONE', *, *, #4546, .T. ) ;
#814 = EDGE_LOOP ( 'NONE', ( #5217, #2834, #3588, #2639 ) ) ;
#815 = SURFACE_SIDE_STYLE ('',( #746 ) ) ;
#816 = CARTESIAN_POINT ( 'NONE',  ( 6.632268971618699993, 0.4175541546630047174, 3.854104003551811708 ) ) ;
#817 = PLANE ( 'NONE',  #763 ) ;
#818 = FILL_AREA_STYLE_COLOUR ( '', #2043 ) ;
#819 = DIRECTION ( 'NONE',  ( -1.000000000000000000, 0.000000000000000000, 0.000000000000000000 ) ) ;
#820 = CARTESIAN_POINT ( 'NONE',  ( 6.682170908176352064, 0.3612736497138598901, 0.2706069507337351410 ) ) ;
#821 = CARTESIAN_POINT ( 'NONE',  ( 4.483185878743278785, 3.465937844562223091, 4.075000000000000178 ) ) ;
#822 = ORIENTED_EDGE ( 'NONE', *, *, #1611, .F. ) ;
#823 = SURFACE_SIDE_STYLE ('',( #4288 ) ) ;
#824 = STYLED_ITEM ( 'NONE', ( #2631 ), #4052 ) ;
#825 = LINE ( 'NONE', #3912, #3232 ) ;
#826 = CARTESIAN_POINT ( 'NONE',  ( 0.3083795190317008550, 0.09103404166355162641, 0.6352281897925036169 ) ) ;
#827 =( GEOMETRIC_REPRESENTATION_CONTEXT ( 3 ) GLOBAL_UNCERTAINTY_ASSIGNED_CONTEXT ( ( #453 ) ) GLOBAL_UNIT_ASSIGNED_CONTEXT ( ( #3077, #1061, #2110 ) ) REPRESENTATION_CONTEXT ( 'NONE', 'WORKASPACE' ) );
#828 = FACE_OUTER_BOUND ( 'NONE', #4517, .T. ) ;
#829 = CARTESIAN_POINT ( 'NONE',  ( 6.110000000000001208, 1.000000000000000000, 0.000000000000000000 ) ) ;
#830 = CARTESIAN_POINT ( 'NONE',  ( 6.094752834835457378, -3.388698253309387454, 2.340000000000000302 ) ) ;
#831 = EDGE_CURVE ( 'NONE', #1508, #2583, #5510, .T. ) ;
#832 = CARTESIAN_POINT ( 'NONE',  ( 6.704995231727278515, -3.424418098265450627, 1.730000000000000426 ) ) ;
#833 = CARTESIAN_POINT ( 'NONE',  ( 6.591966928014545424, 0.6911852610774930072, 0.1245423849487869855 ) ) ;
#834 = CARTESIAN_POINT ( 'NONE',  ( 0.6535715591065048846, 0.6898419354437964612, 3.997538907653281015 ) ) ;
#835 = ORIENTED_EDGE ( 'NONE', *, *, #5433, .T. ) ;
#836 = CARTESIAN_POINT ( 'NONE',  ( 0.7926630198348949552, 0.7420190893240137253, 0.03635499561029893745 ) ) ;
#837 = COLOUR_RGB ( '',1.000000000000000000, 0.8431372549019607865, 0.1333333333333333315 ) ;
#838 = CARTESIAN_POINT ( 'NONE',  ( 2.455873737737415574, 3.417388129336547564, 4.070000000000000284 ) ) ;
#839 = COLOUR_RGB ( '',0.5647058823529411686, 0.3019607843137254721, 0.1294117647058823373 ) ;
#840 = ADVANCED_FACE ( 'NONE', ( #3469 ), #6647, .F. ) ;
#841 = LINE ( 'NONE', #3525, #1960 ) ;
#842 = CARTESIAN_POINT ( 'NONE',  ( 3.119202238038796260, -2.606592368049553521, 2.339999999999999858 ) ) ;
#843 = CARTESIAN_POINT ( 'NONE',  ( 0.3498474336736277501, 0.1468157038864246478, 3.571925066070793964 ) ) ;
#844 = ORIENTED_EDGE ( 'NONE', *, *, #811, .T. ) ;
#845 = SURFACE_SIDE_STYLE ('',( #5570 ) ) ;
#846 = CARTESIAN_POINT ( 'NONE',  ( 6.494912918595308504, 0.4942779975127219450, 3.925863144436808838 ) ) ;
#847 = CARTESIAN_POINT ( 'NONE',  ( 1.014999999999998126, -10.42682999999999716, 1.729999999999999760 ) ) ;
#848 = CARTESIAN_POINT ( 'NONE',  ( 7.110000000000000320, 5.733170000000000321, 3.070000000000000728 ) ) ;
#849 = CARTESIAN_POINT ( 'NONE',  ( 3.307048709871231118, 3.090525030000000228, 4.070000000000000284 ) ) ;
#850 = EDGE_LOOP ( 'NONE', ( #5842, #895 ) ) ;
#851 = FILL_AREA_STYLE ('',( #5483 ) ) ;
#852 = PLANE ( 'NONE',  #2640 ) ;
#853 = DIRECTION ( 'NONE',  ( 0.2793947940878291347, 0.9601763114327594995, 0.000000000000000000 ) ) ;
#854 = CARTESIAN_POINT ( 'NONE',  ( 0.3851856362607078976, 0.04283618661993536525, 0.7259177137516941158 ) ) ;
#855 = CARTESIAN_POINT ( 'NONE',  ( 4.495131464652040165, -2.028836699693395751, 2.340000000000000302 ) ) ;
#856 = MECHANICAL_DESIGN_GEOMETRIC_PRESENTATION_REPRESENTATION (  '', ( #6051 ), #4843 ) ;
#857 = SURFACE_SIDE_STYLE ('',( #3416 ) ) ;
#858 = CARTESIAN_POINT ( 'NONE',  ( 5.108351678599091450, -2.059139914636204605, 1.730000000000000648 ) ) ;
#859 = CARTESIAN_POINT ( 'NONE',  ( 6.564268017627474805, 0.7093558452875993181, 0.1097874875949443330 ) ) ;
#860 = CARTESIAN_POINT ( 'NONE',  ( 0.8309369057050949303, 0.6618738140541901016, 4.011652566276034726 ) ) ;
#861 = EDGE_LOOP ( 'NONE', ( #1823, #3262, #804, #6363 ) ) ;
#862 = CARTESIAN_POINT ( 'NONE',  ( 0.6756079439943986076, 0.8154179592677893718, 0.05345549146990439399 ) ) ;
#863 = SURFACE_STYLE_FILL_AREA ( #5496 ) ;
#864 = COLOUR_RGB ( '',0.5647058823529411686, 0.3019607843137254721, 0.1294117647058823373 ) ;
#865 = PRESENTATION_STYLE_ASSIGNMENT (( #2414 ) ) ;
#866 = CARTESIAN_POINT ( 'NONE',  ( 1.981344330640335993, -2.153446827274942521, 2.340000000000000746 ) ) ;
#867 = CARTESIAN_POINT ( 'NONE',  ( 0.3157639054235764076, 0.3874694270295971910, 3.752725559454186399 ) ) ;
#868 = ORIENTED_EDGE ( 'NONE', *, *, #2495, .T. ) ;
#869 = COLOUR_RGB ( '',1.000000000000000000, 0.8431372549019607865, 0.1333333333333333315 ) ;
#870 = ORIENTED_EDGE ( 'NONE', *, *, #4750, .T. ) ;
#871 = DIRECTION ( 'NONE',  ( -0.2746459304916857302, -0.9615454294334491170, 0.000000000000000000 ) ) ;
#872 = SURFACE_STYLE_FILL_AREA ( #398 ) ;
#873 = CARTESIAN_POINT ( 'NONE',  ( 6.646389358283915527, 0.6552312562272982754, 3.913200360210501660 ) ) ;
#874 = PRODUCT_DEFINITION_FORMATION_WITH_SPECIFIED_SOURCE ( 'ANY', '', #5767, .NOT_KNOWN. ) ;
#876 = CARTESIAN_POINT ( 'NONE',  ( 0.6526807202706890187, 0.3053614405555165612, 0.2804249970715553264 ) ) ;
#875 = CARTESIAN_POINT ( 'NONE',  ( 0.4050047682727128118, -3.424418098265453736, 2.340000000000000302 ) ) ;
#877 = COLOUR_RGB ( '',1.000000000000000000, 0.8431372549019607865, 0.1333333333333333315 ) ;
#878 =( GEOMETRIC_REPRESENTATION_CONTEXT ( 3 ) GLOBAL_UNCERTAINTY_ASSIGNED_CONTEXT ( ( #984 ) ) GLOBAL_UNIT_ASSIGNED_CONTEXT ( ( #3284, #3315, #5873 ) ) REPRESENTATION_CONTEXT ( 'NONE', 'WORKASPACE' ) );
#879 = CARTESIAN_POINT ( 'NONE',  ( 6.475498525366017333, 0.2690029492822279544, 3.753216511655642407 ) ) ;
#880 = FILL_AREA_STYLE_COLOUR ( '', #1767 ) ;
#881 = VECTOR ( 'NONE', #3458, 1000.000000000000114 ) ;
#882 = VERTEX_POINT ( 'NONE', #3092 ) ;
#883 = CARTESIAN_POINT ( 'NONE',  ( 0.6523398703052492031, 0.8261827922286486547, 0.06235092542425279410 ) ) ;
#884 = CARTESIAN_POINT ( 'NONE',  ( 6.747259067434613122, 0.009795738633619937782, 3.200196930799746653 ) ) ;
#885 = ADVANCED_FACE ( 'NONE', ( #4078 ), #5155, .T. ) ;
#886 = CARTESIAN_POINT ( 'NONE',  ( 0.6797683813071139225, -2.654087532358892165, 2.340000000000000302 ) ) ;
#887 = CARTESIAN_POINT ( 'NONE',  ( 2.615000000000001101, -1.976830000000000087, 1.730000000000000204 ) ) ;
#888 = DIRECTION ( 'NONE',  ( -0.2762033010251988552, -0.9610992334315865415, -0.000000000000000000 ) ) ;
#889 = COLOUR_RGB ( '',0.5647058823529411686, 0.3019607843137254721, 0.1294117647058823373 ) ;
#890 = CARTESIAN_POINT ( 'NONE',  ( 0.000000000000000000, 0.000000000000000000, 3.069999999999999840 ) ) ;
#891 = CARTESIAN_POINT ( 'NONE',  ( 4.560052212777996772, -2.379693537067144149, 1.730000000000000648 ) ) ;
#892 = COLOUR_RGB ( '',0.5647058823529411686, 0.3019607843137254721, 0.1294117647058823373 ) ;
#893 = CARTESIAN_POINT ( 'NONE',  ( 6.192705163458288808, 0.8545621207295757138, 0.01052780181582290038 ) ) ;
#894 = CARTESIAN_POINT ( 'NONE',  ( 0.9529285444949927575, 0.9578209132189754449, 4.068985425871831652 ) ) ;
#895 = ORIENTED_EDGE ( 'NONE', *, *, #4961, .T. ) ;
#896 = CARTESIAN_POINT ( 'NONE',  ( 0.8553135469071364572, 0.7748241446384541709, 0.02564482273746685262 ) ) ;
#897 = CARTESIAN_POINT ( 'NONE',  ( 1.014999999999997016, -3.426829999999996268, 1.729999999999999760 ) ) ;
#898 = CARTESIAN_POINT ( 'NONE',  ( 6.136822677203903176, 0.9827471341257163484, 4.070000000000000284 ) ) ;
#899 = VECTOR ( 'NONE', #4913, 1000.000000000000227 ) ;
#900 = CARTESIAN_POINT ( 'NONE',  ( 6.110000000000000320, 5.733170000000000321, 4.070000000000000284 ) ) ;
#901 = CARTESIAN_POINT ( 'NONE',  ( 0.4880843625800480590, 0.4292258669011314587, 3.864628708408348601 ) ) ;
#902 = VERTEX_POINT ( 'NONE', #2058 ) ;
#903 = ORIENTED_EDGE ( 'NONE', *, *, #460, .F. ) ;
#904 = FACE_OUTER_BOUND ( 'NONE', #2797, .T. ) ;
#905 = FILL_AREA_STYLE ('',( #1421 ) ) ;
#906 = CARTESIAN_POINT ( 'NONE',  ( 6.466050353390464522, 0.3770861311769061475, 3.852813668800502356 ) ) ;
#908 = CARTESIAN_POINT ( 'NONE',  ( 0.6032015513507149596, 0.3843526433173501955, 0.2134196255337559855 ) ) ;
#907 = SURFACE_STYLE_USAGE ( .BOTH. , #4392 ) ;
#909 = EDGE_CURVE ( 'NONE', #1363, #2512, #6200, .T. ) ;
#910 = CARTESIAN_POINT ( 'NONE',  ( 0.5000000000000000000, 0.000000000000000000, 1.000000000000013989 ) ) ;
#911 = CARTESIAN_POINT ( 'NONE',  ( 4.499849145671947603, -2.126473639938910587, 2.340000000000001190 ) ) ;
#912 = LINE ( 'NONE', #1393, #1654 ) ;
#913 = FILL_AREA_STYLE_COLOUR ( '', #1793 ) ;
#914 = CARTESIAN_POINT ( 'NONE',  ( 6.598472568716038822, 0.02305484356102321247, 3.285862160687931244 ) ) ;
#916 = CARTESIAN_POINT ( 'NONE',  ( 0.3668500903126692969, 0.2927634641626382650, 0.3416068170362961953 ) ) ;
#915 = CARTESIAN_POINT ( 'NONE',  ( 1.132028831076766107, -3.069200569082297658, 1.730000000000000204 ) ) ;
#917 = ORIENTED_EDGE ( 'NONE', *, *, #4961, .F. ) ;
#918 = PLANE ( 'NONE',  #6423 ) ;
#919 = CARTESIAN_POINT ( 'NONE',  ( 4.499849145671947603, -2.126473639938910587, 1.730000000000000870 ) ) ;
#920 = CARTESIAN_POINT ( 'NONE',  ( 6.018593651126932897, -2.361692885623173588, 1.729999999999999538 ) ) ;
#921 = COLOUR_RGB ( '',0.5647058823529411686, 0.3019607843137254721, 0.1294117647058823373 ) ;
#922 = EDGE_CURVE ( 'NONE', #4823, #6566, #6610, .T. ) ;
#923 =( GEOMETRIC_REPRESENTATION_CONTEXT ( 3 ) GLOBAL_UNCERTAINTY_ASSIGNED_CONTEXT ( ( #3530 ) ) GLOBAL_UNIT_ASSIGNED_CONTEXT ( ( #1565, #1668, #3070 ) ) REPRESENTATION_CONTEXT ( 'NONE', 'WORKASPACE' ) );
#924 = CARTESIAN_POINT ( 'NONE',  ( 5.325461604718587871, -2.840088667668843492, 1.729999999999999316 ) ) ;
#925 = CARTESIAN_POINT ( 'NONE',  ( 6.509696290588521173, 0.8001518560905901412, 0.08272247668800641884 ) ) ;
#926 = CARTESIAN_POINT ( 'NONE',  ( 0.9014124691304659098, 0.8702067359526186596, 4.061184598097918652 ) ) ;
#927 = ORIENTED_EDGE ( 'NONE', *, *, #1347, .F. ) ;
#928 = CARTESIAN_POINT ( 'NONE',  ( 0.6550091188360489536, 0.7381136820085062444, 0.06521151255681983949 ) ) ;
#929 = CARTESIAN_POINT ( 'NONE',  ( 6.110000000000000320, 1.000000000000000000, 4.070000000000000284 ) ) ;
#930 = LINE ( 'NONE', #6631, #881 ) ;
#931 = CARTESIAN_POINT ( 'NONE',  ( 6.911379784514865676, 0.5993374783325383648, 0.4009164558214126650 ) ) ;
#932 = CARTESIAN_POINT ( 'NONE',  ( 6.742135967696390786, 0.3316137044877934259, 0.3146756119146859598 ) ) ;
#933 = CARTESIAN_POINT ( 'NONE',  ( 0.3441953478205475037, 0.5008676710811387212, 3.808768249011772689 ) ) ;
#934 = ORIENTED_EDGE ( 'NONE', *, *, #623, .T. ) ;
#935 = VERTEX_POINT ( 'NONE', #2090 ) ;
#936 = FILL_AREA_STYLE_COLOUR ( '', #5633 ) ;
#937 = CARTESIAN_POINT ( 'NONE',  ( 6.641754627509731890, 0.5947314748581177257, 3.909729083315932829 ) ) ;
#938 = CARTESIAN_POINT ( 'NONE',  ( 0.3770861305659815033, 0.6439496521130401163, 0.2171863316558595713 ) ) ;
#939 = COLOUR_RGB ( '',0.5647058823529411686, 0.3019607843137254721, 0.1294117647058823373 ) ;
#940 = PRESENTATION_STYLE_ASSIGNMENT (( #6486 ) ) ;
#941 = AXIS2_PLACEMENT_3D ( 'NONE', #2356, #786, #4967 ) ;
#942 = CARTESIAN_POINT ( 'NONE',  ( 0.2136016297785340301, 0.02175737332016276088, 3.070000000000002505 ) ) ;
#943 = ORIENTED_EDGE ( 'NONE', *, *, #1196, .T. ) ;
#944 = CARTESIAN_POINT ( 'NONE',  ( 0.5693638848408096864, 0.7846783712135205757, 0.09474631574063983874 ) ) ;
#945 = CARTESIAN_POINT ( 'NONE',  ( 1.000000000000000000, 0.000000000000000000, 1.000000000000000000 ) ) ;
#946 = PRESENTATION_STYLE_ASSIGNMENT (( #4659 ) ) ;
#947 = CARTESIAN_POINT ( 'NONE',  ( 6.828227868109810750, 0.05555434941457270542, 3.321565788638644268 ) ) ;
#949 = CARTESIAN_POINT ( 'NONE',  ( 0.1979479695737660638, 0.3552950676799577767, 0.4302658655222936779 ) ) ;
#948 = CARTESIAN_POINT ( 'NONE',  ( 6.110000000000000320, 0.5000000000000000000, 0.000000000000000000 ) ) ;
#950 = CARTESIAN_POINT ( 'NONE',  ( 2.343689367301083237, -2.651590930006798796, 1.730000000000000204 ) ) ;
#951 = ORIENTED_EDGE ( 'NONE', *, *, #2696, .F. ) ;
#952 = CARTESIAN_POINT ( 'NONE',  ( 4.451399030808618207, 3.354671063942033182, 4.070000000000000284 ) ) ;
#953 = DIRECTION ( 'NONE',  ( 0.000000000000000000, 1.000000000000000000, 0.000000000000000000 ) ) ;
#954 = EDGE_CURVE ( 'NONE', #4110, #2993, #4144, .T. ) ;
#955 = CARTESIAN_POINT ( 'NONE',  ( 2.736899785502750593, 3.692512944455525137, 4.070000000000000284 ) ) ;
#956 = DIRECTION ( 'NONE',  ( -0.2763139702539121334, -0.9610674221107071702, 0.000000000000000000 ) ) ;
#957 = CARTESIAN_POINT ( 'NONE',  ( 6.254026357815433812, 0.8209054504476336334, 0.01729453726484092221 ) ) ;
#958 = CARTESIAN_POINT ( 'NONE',  ( 0.7948544247808259078, 0.8830819888746292978, 4.048857548921150240 ) ) ;
#959 = ORIENTED_EDGE ( 'NONE', *, *, #4121, .T. ) ;
#960 = AXIS2_PLACEMENT_3D ( 'NONE', #2116, #5776, #6368 ) ;
#961 = CARTESIAN_POINT ( 'NONE',  ( 0.6791653910793989946, 0.7125865094062067140, 0.06192565091208001443 ) ) ;
#962 = CARTESIAN_POINT ( 'NONE',  ( 2.905331116815264014, 3.354671063943200249, 4.070000000000000284 ) ) ;
#963 = CARTESIAN_POINT ( 'NONE',  ( 6.821902462170938541, 0.6440507032203925952, 0.2976679273215738220 ) ) ;
#964 = CARTESIAN_POINT ( 'NONE',  ( 6.528580088679608373, 0.2646633064955365988, 0.3208233806049490822 ) ) ;
#965 = CARTESIAN_POINT ( 'NONE',  ( 0.4477739301276618122, 0.3839148583085439936, 3.821636786169054112 ) ) ;
#966 = VERTEX_POINT ( 'NONE', #1963 ) ;
#967 = UNCERTAINTY_MEASURE_WITH_UNIT (LENGTH_MEASURE( 1.000000000000000082E-05 ), #3735, 'distance_accuracy_value', 'NONE');
#968 = ORIENTED_EDGE ( 'NONE', *, *, #2179, .F. ) ;
#969 = SURFACE_SIDE_STYLE ('',( #872 ) ) ;
#970 = DIRECTION ( 'NONE',  ( -0.000000000000000000, -0.000000000000000000, -1.000000000000000000 ) ) ;
#971 = CARTESIAN_POINT ( 'NONE',  ( 6.604427468771583598, 0.4778116478621272090, 3.895415785688692178 ) ) ;
#973 = CARTESIAN_POINT ( 'NONE',  ( 0.4039073314561274497, 0.5201797330738212599, 0.2124273275795165450 ) ) ;
#972 = PLANE ( 'NONE',  #206 ) ;
#974 = COLOUR_RGB ( '',0.5647058823529411686, 0.3019607843137254721, 0.1294117647058823373 ) ;
#975 = FILL_AREA_STYLE_COLOUR ( '', #528 ) ;
#976 = CARTESIAN_POINT ( 'NONE',  ( 0.2136016136231500273, 0.02175737627844948757, 3.128888795304080261 ) ) ;
#977 = CARTESIAN_POINT ( 'NONE',  ( 0.6711039339554727423, 0.8355970961562523280, 0.05550856994460116878 ) ) ;
#978 = DIRECTION ( 'NONE',  ( 0.000000000000000000, 0.000000000000000000, 1.000000000000000000 ) ) ;
#979 = CARTESIAN_POINT ( 'NONE',  ( 7.086945156438978266, 0.5115274312839589443, 3.285862160687924138 ) ) ;
#981 = CARTESIAN_POINT ( 'NONE',  ( 0.2443860499013896237, 0.2013304662513745458, 0.4758169382732465591 ) ) ;
#980 = FILL_AREA_STYLE_COLOUR ( '', #6595 ) ;
#982 = FACE_OUTER_BOUND ( 'NONE', #753, .T. ) ;
#983 = PRESENTATION_LAYER_ASSIGNMENT (  '', '', ( #5965 ) ) ;
#984 = UNCERTAINTY_MEASURE_WITH_UNIT (LENGTH_MEASURE( 1.000000000000000082E-05 ), #3284, 'distance_accuracy_value', 'NONE');
#985 = VERTEX_POINT ( 'NONE', #4010 ) ;
#986 = CARTESIAN_POINT ( 'NONE',  ( 1.020338925033657640, -3.314044712266286830, 1.729999999999999760 ) ) ;
#987 = CARTESIAN_POINT ( 'NONE',  ( 4.499849145671947603, -2.126473639938910587, 1.730000000000001092 ) ) ;
#988 = SURFACE_SIDE_STYLE ('',( #5628 ) ) ;
#989 = EDGE_CURVE ( 'NONE', #935, #4191, #5207, .T. ) ;
#990 =( BOUNDED_SURFACE ( )  B_SPLINE_SURFACE ( 3, 1, ( 
 ( #6184, #519 ),
 ( #5144, #1604 ),
 ( #2580, #5212 ),
 ( #6286, #3643 ) ),
 .UNSPECIFIED., .F., .F., .T. ) 
 B_SPLINE_SURFACE_WITH_KNOTS ( ( 4, 4 ),
 ( 2, 2 ),
 ( 0.000000000000000000, 1.000000000000000000 ),
 ( 0.000000000000000000, 1.000000000000000000 ),
 .UNSPECIFIED. ) 
 GEOMETRIC_REPRESENTATION_ITEM ( )  RATIONAL_B_SPLINE_SURFACE ( (
 ( 1.000000000000000000, 1.000000000000000000),
 ( 0.3333333333333333703, 0.3333333333333333703),
 ( 0.3333333333333333703, 0.3333333333333333703),
 ( 1.000000000000000000, 1.000000000000000000) ) ) 
 REPRESENTATION_ITEM ( '' )  SURFACE ( )  );
#991 = UNCERTAINTY_MEASURE_WITH_UNIT (LENGTH_MEASURE( 1.000000000000000082E-05 ), #5378, 'distance_accuracy_value', 'NONE');
#992 = CARTESIAN_POINT ( 'NONE',  ( 6.359436706208702716, 0.7364613741197147956, 0.04258140768494222267 ) ) ;
#993 = CARTESIAN_POINT ( 'NONE',  ( 0.8608663976153270170, 0.9108817893587974890, 4.060302841080190461 ) ) ;
#994 = ORIENTED_EDGE ( 'NONE', *, *, #346, .F. ) ;
#995 = CARTESIAN_POINT ( 'NONE',  ( 0.9566014034432174240, 0.9541507950321159726, 0.001003002360506396237 ) ) ;
#996 = STYLED_ITEM ( 'NONE', ( #348 ), #840 ) ;
#997 = LINE ( 'NONE', #2516, #173 ) ;
#998 = EDGE_CURVE ( 'NONE', #3584, #3191, #5094, .T. ) ;
#999 = CARTESIAN_POINT ( 'NONE',  ( 6.840997050717750660, 0.6345014746339576739, 0.3167834883443348959 ) ) ;
#1000 = CARTESIAN_POINT ( 'NONE',  ( 0.6345014746339768807, 0.2690029492822366142, 3.753216511655651733 ) ) ;
#1001 = EDGE_LOOP ( 'NONE', ( #2451, #1478, #5189, #4119 ) ) ;
#1002 = ORIENTED_EDGE ( 'NONE', *, *, #14, .T. ) ;
#1003 =( LENGTH_UNIT ( ) NAMED_UNIT ( * ) SI_UNIT ( .MILLI., .METRE. ) );
#1004 = STYLED_ITEM ( 'NONE', ( #5818 ), #1080 ) ;
#1005 = SURFACE_STYLE_FILL_AREA ( #1454 ) ;
#1006 = CARTESIAN_POINT ( 'NONE',  ( 6.310885173096993483, 0.7358818134246161158, 4.032756392640699517 ) ) ;
#1007 = EDGE_CURVE ( 'NONE', #1933, #4859, #5855, .T. ) ;
#1008 = CARTESIAN_POINT ( 'NONE',  ( 0.07065721311029811436, 0.5353362404217092418, 3.439629717601654146 ) ) ;
#1009 = ORIENTED_EDGE ( 'NONE', *, *, #3877, .F. ) ;
#1010 = DIRECTION ( 'NONE',  ( 0.7083077534943972298, -0.7059037656364500757, 0.000000000000000000 ) ) ;
#1011 = FILL_AREA_STYLE ('',( #1561 ) ) ;
#1012 = CARTESIAN_POINT ( 'NONE',  ( 6.966973792248950303, 0.2320025595191248791, 3.487824871295675422 ) ) ;
#1013 = AXIS2_PLACEMENT_3D ( 'NONE', #6484, #4390, #3401 ) ;
#1014 = CARTESIAN_POINT ( 'NONE',  ( 0.2182864315534185362, 0.4987609929480360527, 0.3794340527881471248 ) ) ;
#1015 = FACE_OUTER_BOUND ( 'NONE', #4618, .T. ) ;
#1016 = ORIENTED_EDGE ( 'NONE', *, *, #2349, .T. ) ;
#1017 = DIRECTION ( 'NONE',  ( -0.9999891854650021505, 0.004650693823678850834, 0.000000000000000000 ) ) ;
#1018 = CARTESIAN_POINT ( 'NONE',  ( 6.704995231727278515, -3.424418098265450627, 1.730000000000000426 ) ) ;
#1019 = SURFACE_STYLE_USAGE ( .BOTH. , #988 ) ;
#1020 = UNCERTAINTY_MEASURE_WITH_UNIT (LENGTH_MEASURE( 1.000000000000000082E-05 ), #1151, 'distance_accuracy_value', 'NONE');
#1021 = CARTESIAN_POINT ( 'NONE',  ( 6.400857722873047884, 0.7789366561103272524, 0.04543622325305512327 ) ) ;
#1022 = CARTESIAN_POINT ( 'NONE',  ( 0.9292606000155840817, 0.8893571077375979073, 4.063945746927222658 ) ) ;
#1023 = ORIENTED_EDGE ( 'NONE', *, *, #86, .T. ) ;
#1024 =( GEOMETRIC_REPRESENTATION_CONTEXT ( 3 ) GLOBAL_UNCERTAINTY_ASSIGNED_CONTEXT ( ( #4126 ) ) GLOBAL_UNIT_ASSIGNED_CONTEXT ( ( #4257, #2332, #6494 ) ) REPRESENTATION_CONTEXT ( 'NONE', 'WORKASPACE' ) );
#1025 = CARTESIAN_POINT ( 'NONE',  ( 0.9343150946457826622, 0.8843082578121176374, 0.006572094219221800114 ) ) ;
#1026 = VECTOR ( 'NONE', #3946, 1000.000000000000000 ) ;
#1027 = EDGE_CURVE ( 'NONE', #4848, #1055, #3230, .T. ) ;
#1028 = DIRECTION ( 'NONE',  ( 0.000000000000000000, -0.000000000000000000, -1.000000000000000000 ) ) ;
#1029 = LINE ( 'NONE', #4134, #2602 ) ;
#1030 =( GEOMETRIC_REPRESENTATION_CONTEXT ( 3 ) GLOBAL_UNCERTAINTY_ASSIGNED_CONTEXT ( ( #3012 ) ) GLOBAL_UNIT_ASSIGNED_CONTEXT ( ( #5593, #4637, #6658 ) ) REPRESENTATION_CONTEXT ( 'NONE', 'WORKASPACE' ) );
#1031 = CARTESIAN_POINT ( 'NONE',  ( 6.599405275281362115, 0.3917480164699434497, 0.2231043644678241678 ) ) ;
#1032 = CARTESIAN_POINT ( 'NONE',  ( 0.2463604577287741570, 0.6231802303408435773, 3.728217278468493490 ) ) ;
#1033 = ORIENTED_EDGE ( 'NONE', *, *, #1297, .T. ) ;
#1034 = CARTESIAN_POINT ( 'NONE',  ( 0.05963579131161929336, 0.1588764848683154041, 0.8604440968849643712 ) ) ;
#1035 = CARTESIAN_POINT ( 'NONE',  ( 5.484164148423800178, -3.411199050375172792, 1.730000000000000426 ) ) ;
#1036 = EDGE_CURVE ( 'NONE', #4024, #4343, #5784, .T. ) ;
#1037 = PRESENTATION_STYLE_ASSIGNMENT (( #434 ) ) ;
#1038 = CARTESIAN_POINT ( 'NONE',  ( 6.429332730379792693, 0.6624481102733859039, 3.998146915876386931 ) ) ;
#1039 = CARTESIAN_POINT ( 'NONE',  ( 0.3077789602784080647, 0.6538904593795709097, 3.791721406068540023 ) ) ;
#1040 = CARTESIAN_POINT ( 'NONE',  ( 0.001512770436858854950, 0.3560760998820540202, 3.128888795304075821 ) ) ;
#1041 = AXIS2_PLACEMENT_3D ( 'NONE', #2325, #5895, #2807 ) ;
#1042 = EDGE_LOOP ( 'NONE', ( #296, #3851, #3002, #3098 ) ) ;
#1043 = CARTESIAN_POINT ( 'NONE',  ( 2.920000000000001261, -1.976830000000000087, 2.035000000000000142 ) ) ;
#1044 = PLANE ( 'NONE',  #163 ) ;
#1045 = CARTESIAN_POINT ( 'NONE',  ( 6.620142449177157218, 0.1067181458147625078, 3.526104521665779590 ) ) ;
#1046 = UNCERTAINTY_MEASURE_WITH_UNIT (LENGTH_MEASURE( 1.000000000000000082E-05 ), #1469, 'distance_accuracy_value', 'NONE');
#1047 = CARTESIAN_POINT ( 'NONE',  ( 0.3157640287779449051, 0.3874692624854199074, 0.3172744168265685394 ) ) ;
#1048 = MECHANICAL_DESIGN_GEOMETRIC_PRESENTATION_REPRESENTATION (  '', ( #508 ), #2015 ) ;
#1049 = CYLINDRICAL_SURFACE ( 'NONE', #727, 1.000000000000000000 ) ;
#1050 = VECTOR ( 'NONE', #4861, 1000.000000000000000 ) ;
#1051 = CARTESIAN_POINT ( 'NONE',  ( 3.721015387041697320, 3.090525030000000228, 4.075000000000000178 ) ) ;
#1052 = DIRECTION ( 'NONE',  ( 0.000000000000000000, 1.000000000000000000, 0.000000000000000000 ) ) ;
#1053 = CARTESIAN_POINT ( 'NONE',  ( 0.4636106417161315330, 0.6552312562275779406, 0.1567996397890316640 ) ) ;
#1054 = CARTESIAN_POINT ( 'NONE',  ( 3.591374980971351327, 3.090525030000000228, 4.070000000000000284 ) ) ;
#1055 = VERTEX_POINT ( 'NONE', #2695 ) ;
#1056 = CARTESIAN_POINT ( 'NONE',  ( 6.110000000000000320, 1.000000000000000000, 0.000000000000000000 ) ) ;
#1057 = FILL_AREA_STYLE ('',( #1569 ) ) ;
#1058 = EDGE_LOOP ( 'NONE', ( #6230, #6206, #5971, #3608 ) ) ;
#1059 = CARTESIAN_POINT ( 'NONE',  ( 6.110000000000001208, 1.000000000000000000, 0.000000000000000000 ) ) ;
#1060 = CARTESIAN_POINT ( 'NONE',  ( 1.976328068663353532, -2.159801285602718668, 2.340000000000000746 ) ) ;
#1061 =( NAMED_UNIT ( * ) PLANE_ANGLE_UNIT ( ) SI_UNIT ( $, .RADIAN. ) );
#1062 = CIRCLE ( 'NONE', #4957, 0.3050000000000001599 ) ;
#1063 = CARTESIAN_POINT ( 'NONE',  ( 6.604427625074808184, 0.4778117866436341066, 0.1745841954894864767 ) ) ;
#1064 = CARTESIAN_POINT ( 'NONE',  ( 0.6025452678505711646, 0.6441314385868112113, 3.974545223822891771 ) ) ;
#1065 = ORIENTED_EDGE ( 'NONE', *, *, #4623, .T. ) ;
#1066 = CARTESIAN_POINT ( 'NONE',  ( 0.4282172921977682178, 0.000000000000000000, 1.000000000000000000 ) ) ;
#1067 = PLANE ( 'NONE',  #4354 ) ;
#1068 = CARTESIAN_POINT ( 'NONE',  ( 4.499849145671947603, -2.126473639938910587, 1.730000000000001092 ) ) ;
#1069 = CARTESIAN_POINT ( 'NONE',  ( 6.400644154712352929, 0.5457319823725137464, 3.960212512405222540 ) ) ;
#1070 = CARTESIAN_POINT ( 'NONE',  ( 1.000000000000000000, 1.000000000000000000, 0.000000000000000000 ) ) ;
#1071 = CARTESIAN_POINT ( 'NONE',  ( 0.2491438877304294752, 0.01521955676786768998, 3.069999999999999840 ) ) ;
#1072 = ORIENTED_EDGE ( 'NONE', *, *, #4585, .F. ) ;
#1073 = FILL_AREA_STYLE_COLOUR ( '', #2988 ) ;
#1074 = CARTESIAN_POINT ( 'NONE',  ( 7.110000000000000320, 0.5000000000000000000, 3.070000000000001172 ) ) ;
#1075 = CARTESIAN_POINT ( 'NONE',  ( 6.863639542271233296, 0.6231802303408385812, 3.728217278468489049 ) ) ;
#1076 = PRESENTATION_LAYER_ASSIGNMENT (  '', '', ( #3870 ) ) ;
#1077 = CARTESIAN_POINT ( 'NONE',  ( 3.195461608508125995, 3.465957979040120929, 4.075000000000000178 ) ) ;
#1078 = CARTESIAN_POINT ( 'NONE',  ( 6.754704932320486854, 0.1979479695731752864, 0.4302658655233624341 ) ) ;
#1079 = PRESENTATION_LAYER_ASSIGNMENT (  '', '', ( #1412 ) ) ;
#1080 = ADVANCED_FACE ( 'NONE', ( #133 ), #3764, .F. ) ;
#1081 = VECTOR ( 'NONE', #3010, 1000.000000000000114 ) ;
#1082 = CARTESIAN_POINT ( 'NONE',  ( 0.5267958534488328404, 0.5758045304601677739, 0.1354905148312023910 ) ) ;
#1083 = STYLED_ITEM ( 'NONE', ( #468 ), #2979 ) ;
#1084 = DIRECTION ( 'NONE',  ( -0.9610674221107071702, 0.2763139702539121334, 0.000000000000000000 ) ) ;
#1085 = CARTESIAN_POINT ( 'NONE',  ( 1.688124656640977328, -2.237520388003038097, 1.730000000000000426 ) ) ;
#1086 = PRESENTATION_LAYER_ASSIGNMENT (  '', '', ( #3236 ) ) ;
#1087 = CARTESIAN_POINT ( 'NONE',  ( 6.129066274156768301, 0.9750048094841780033, -9.441554532143127280E-18 ) ) ;
#1088 = EDGE_LOOP ( 'NONE', ( #6436, #6174, #3997, #2418 ) ) ;
#1089 = DIRECTION ( 'NONE',  ( 0.9999891854650020395, -0.004650693823678849967, 0.000000000000000000 ) ) ;
#1090 = CARTESIAN_POINT ( 'NONE',  ( 2.343689367301083237, -2.651590930006798796, 2.340000000000000302 ) ) ;
#1091 = DIRECTION ( 'NONE',  ( 0.000000000000000000, -1.000000000000000000, 0.000000000000000000 ) ) ;
#1092 = CARTESIAN_POINT ( 'NONE',  ( 6.637498113689810353, 0.4427934235399160756, 0.2032864110821602510 ) ) ;
#1093 = CARTESIAN_POINT ( 'NONE',  ( 0.5137891656532177498, 0.5397003063702767722, 3.921068639209267737 ) ) ;
#1094 = EDGE_LOOP ( 'NONE', ( #1919, #5168, #2862, #4849, #3575, #3728, #5022, #3618, #3007, #2658, #3358, #6661, #1824, #3557, #1162, #397, #3249 ) ) ;
#1095 = CARTESIAN_POINT ( 'NONE',  ( 3.276479083073879472, 3.692512944455525137, 4.075000000000000178 ) ) ;
#1096 = CARTESIAN_POINT ( 'NONE',  ( 4.951449663791152922, -3.387925984182047490, 1.729999999999999760 ) ) ;
#1097 = VECTOR ( 'NONE', #2727, 1000.000000000000000 ) ;
#1098 = LINE ( 'NONE', #4268, #658 ) ;
#1099 = CARTESIAN_POINT ( 'NONE',  ( 6.509696290588523837, 0.8001518560905998001, 3.987277523311992589 ) ) ;
#1100 = VECTOR ( 'NONE', #2604, 1000.000000000000000 ) ;
#1101 = CARTESIAN_POINT ( 'NONE',  ( 3.163674760572764644, 3.354671063943200249, 4.075000000000000178 ) ) ;
#1102 = CARTESIAN_POINT ( 'NONE',  ( 1.046112895389681885, -3.211654731536665253, 1.730000000000000204 ) ) ;
#1103 = COLOUR_RGB ( '',1.000000000000000000, 0.8431372549019607865, 0.1333333333333333315 ) ;
#1104 = CARTESIAN_POINT ( 'NONE',  ( 0.3173653735554641253, 0.1039184276465272144, 3.470330413195652053 ) ) ;
#1105 = VERTEX_POINT ( 'NONE', #1623 ) ;
#1106 = FACE_OUTER_BOUND ( 'NONE', #6599, .T. ) ;
#1107 = FILL_AREA_STYLE_COLOUR ( '', #5364 ) ;
#1108 =( LENGTH_UNIT ( ) NAMED_UNIT ( * ) SI_UNIT ( .MILLI., .METRE. ) );
#1109 = CARTESIAN_POINT ( 'NONE',  ( 6.760152527298701308, 0.1468156950655359061, 3.571925055909430657 ) ) ;
#1110 = ADVANCED_FACE ( 'NONE', ( #3163 ), #4681, .F. ) ;
#1111 =( NAMED_UNIT ( * ) SI_UNIT ( $, .STERADIAN. ) SOLID_ANGLE_UNIT ( ) );
#1112 = DIRECTION ( 'NONE',  ( 0.000000000000000000, 0.000000000000000000, -1.000000000000000000 ) ) ;
#1113 = B_SPLINE_SURFACE_WITH_KNOTS ( 'NONE', 3, 3, ( 
 ( #3139, #250, #620, #5901, #5346, #1671, #3709, #5827, #5869, #650, #1226, #6318, #5793, #1740 ),
 ( #2302, #683, #3204, #1635, #3776, #1150, #722, #2778, #213, #3673, #4736, #2264, #4294, #5760 ),
 ( #4329, #6424, #3307, #1187, #3241, #5310, #1116, #1263, #757, #5273, #3171, #5240, #109, #2160 ),
 ( #4225, #4773, #144, #2195, #4255, #2741, #4802, #6351, #178, #2229, #6387, #1295, #3345, #6461 ),
 ( #1805, #5935, #3843, #3789, #3822, #5325, #5915, #4181, #6272, #6443, #3855, #303, #5362, #1206 ),
 ( #1786, #1718, #1277, #3324, #5395, #2345, #580, #2830, #2282, #2867, #4855, #3362, #771, #193 ),
 ( #2629, #4310, #229, #4351, #1754, #4888, #4925, #3257, #809, #1819, #4819, #698, #5953, #740 ),
 ( #2755, #266, #6237, #2312, #4383, #2242, #2128, #6477, #2793, #1310, #6403, #5436, #1595, #5883 ),
 ( #1241, #3295, #3631, #5714, #1078, #3133, #5196, #4695, #68, #3755, #5846, #6592, #4940, #4135 ),
 ( #1548, #1985, #462, #5567, #6123, #2581, #6219, #2550, #2013, #520, #6156, #3491, #2518, #1483 ),
 ( #2080, #489, #2485, #4616, #4431, #4582, #932, #4648, #18, #1579, #6187, #6519, #2991, #1859 ),
 ( #3616, #964, #3586, #4067, #314, #820, #2357, #4029, #5145, #3906, #6004, #1450, #5115, #3020 ),
 ( #1512, #2881, #5667, #5603, #5048, #3561, #5637, #4550, #5080, #2047, #6667, #6699, #429, #999 ),
 ( #3050, #6633, #3527, #4101, #1031, #3078, #2112, #50, #4163, #3213, #5769, #597, #2169, #186 ),
 ( #3682, #2237, #4682, #5839, #659, #5733, #1092, #3180, #5283, #4713, #2713, #3646, #3148, #5804 ),
 ( #6396, #4745, #2646, #4302, #1160, #5215, #4779, #150, #2203, #1749, #6255, #4264, #1679, #5699 ),
 ( #6361, #3748, #689, #5251, #629, #1126, #1063, #1710, #2747, #87, #1199, #3247, #1608, #5317 ),
 ( #3113, #2142, #4811, #4203, #5177, #2681, #118, #6292, #559, #1647, #4232, #2615, #6327, #3718 ),
 ( #3388, #1271, #1233, #6533, #2338, #5355, #2860, #2895, #1781, #5986, #4413, #6017, #4917, #5461 ),
 ( #4341, #3287, #362, #5387, #4442, #4883, #3355, #3815, #2308, #5490, #2408, #833, #293, #3419 ),
 ( #6434, #5430, #4376, #802, #4982, #4951, #764, #326, #733, #6502, #5909, #859, #1842, #3318 ),
 ( #6469, #2923, #4472, #2374, #3885, #6558, #1345, #2822, #1874, #1813, #3918, #3783, #1373, #259 ),
 ( #2787, #5876, #3849, #4846, #221, #2273, #5945, #1304, #6588, #5527, #5042, #4508, #3555, #925 ),
 ( #5630, #455, #3484, #4539, #1939, #2543, #992, #3986, #4639, #4575, #1021, #3046, #4022, #1906 ),
 ( #6083, #6150, #2985, #2510, #389, #420, #4610, #2478, #3013, #6048, #1506, #6117, #6694, #516 ),
 ( #6659, #2040, #5107, #6625, #2954, #5070, #5012, #1444, #1978, #1476, #5558, #3449, #3519, #1405 ),
 ( #481, #4094, #3582, #5595, #957, #2007, #5140, #6180, #5662, #4059, #1541, #3073, #2440, #2575 ),
 ( #3951, #893, #6320, #5693, #3207, #80, #3676, #552, #4260, #3640, #3106, #1673, #2136, #3609 ),
 ( #3712, #4156, #4128, #2707, #5244, #1568, #5763, #5795, #4675, #2162, #624, #2198, #1119, #1154 ),
 ( #2609, #6211, #3242, #1601, #5275, #4775, #1704, #4193, #6284, #1638, #5312, #653, #3742, #5726 ),
 ( #1191, #6354, #5208, #1087, #5830, #3174, #2674, #3142, #147, #2742, #4227, #684, #2637, #42 ),
 ( #4738, #1056, #9, #2070, #6248, #5169, #2105, #111, #590, #4705, #3879, #2781, #289, #3348 ) ),
 .UNSPECIFIED., .F., .F., .F.,
 ( 4, 2, 2, 2, 2, 2, 2, 2, 2, 2, 2, 2, 2, 2, 2, 4 ),
 ( 4, 2, 2, 2, 2, 2, 4 ),
 ( 0.000000000000000000, 0.1138677236683488664, 0.1708015855025233065, 0.2277354473366977328, 0.3550188418927878731, 0.4186605391708329571, 0.4823022364488780411, 0.5155165454046266582, 0.5487308543603752753, 0.6151594722718725095, 0.6815880901833697436, 0.7480167080948669778, 0.8110125310711502333, 0.8740083540474334889, 0.9370041770237167444, 1.000000000000000000 ),
 ( 0.000000000000000000, 0.2500000000000000000, 0.3750000000000000000, 0.5000000000000000000, 0.6250000000000000000, 0.7500000000000000000, 1.000000000000000000 ),
 .UNSPECIFIED. ) ;
#1114 = CARTESIAN_POINT ( 'NONE',  ( 2.736899785502750593, 3.692512944455525137, 4.075000000000000178 ) ) ;
#1115 = CARTESIAN_POINT ( 'NONE',  ( 0.6552313004594065848, 0.4636106071158661024, 0.1567996587184752044 ) ) ;
#1116 = CARTESIAN_POINT ( 'NONE',  ( 6.982536166351370532, 0.07731099353109883998, 0.8596635841996893568 ) ) ;
#1117 = CARTESIAN_POINT ( 'NONE',  ( 1.533525453493402413, -2.877802867496529249, 1.729999999999999760 ) ) ;
#1118 = B_SPLINE_CURVE_WITH_KNOTS ( 'NONE', 3,
 ( #2412, #6440, #5494, #1817 ),
 .UNSPECIFIED., .F., .F.,
 ( 4, 4 ),
 ( 0.2457002457002454565, 0.7542997542997509353 ),
 .UNSPECIFIED. ) ;
#1119 = CARTESIAN_POINT ( 'NONE',  ( 6.225691742187822619, 0.9343150946456851846, 0.006572094219225047516 ) ) ;
#1120 = ADVANCED_BREP_SHAPE_REPRESENTATION ( 'CCR_SB_7.11X10.16_L7.11H10.16T4.07S5.08LL7F0.61', ( #4712, #4728, #2526, #2492, #2595 ), #3768 ) ;
#1121 = FILL_AREA_STYLE ('',( #5172 ) ) ;
#1122 = CARTESIAN_POINT ( 'NONE',  ( 1.046112895389681885, -3.211654731536665253, 2.339999999999999858 ) ) ;
#1123 = CARTESIAN_POINT ( 'NONE',  ( 4.499849145671947603, -2.126473639938910587, 1.730000000000001092 ) ) ;
#1124 = DIRECTION ( 'NONE',  ( 0.000000000000000000, 0.000000000000000000, 1.000000000000000000 ) ) ;
#1125 = COLOUR_RGB ( '',0.5647058823529411686, 0.3019607843137254721, 0.1294117647058823373 ) ;
#1126 = CARTESIAN_POINT ( 'NONE',  ( 6.589934173502753012, 0.4650633316840557807, 0.1764861462629941369 ) ) ;
#1127 = CARTESIAN_POINT ( 'NONE',  ( 0.7093557627560665990, 0.5457320502784948069, 3.960212539546839050 ) ) ;
#1128 = MECHANICAL_DESIGN_GEOMETRIC_PRESENTATION_REPRESENTATION (  '', ( #2750 ), #167 ) ;
#1129 = CARTESIAN_POINT ( 'NONE',  ( 0.006181491905564676093, 0.4335372491273313811, 0.8696922331188137179 ) ) ;
#1130 = CARTESIAN_POINT ( 'NONE',  ( 5.119139255169147695, -2.126577405022867850, 2.340000000000000746 ) ) ;
#1131 = LINE ( 'NONE', #1239, #1425 ) ;
#1132 = CARTESIAN_POINT ( 'NONE',  ( 6.367980751677492890, 0.7926628565687794392, 4.033645023282343089 ) ) ;
#1133 =( NAMED_UNIT ( * ) SI_UNIT ( $, .STERADIAN. ) SOLID_ANGLE_UNIT ( ) );
#1134 = CARTESIAN_POINT ( 'NONE',  ( 3.224868535347960474, -2.028836699693395751, 2.340000000000000302 ) ) ;
#1135 = CARTESIAN_POINT ( 'NONE',  ( 0.03476627663869364532, 0.2247088810544385917, 3.207117691255897629 ) ) ;
#1136 = VERTEX_POINT ( 'NONE', #5250 ) ;
#1137 = PRESENTATION_STYLE_ASSIGNMENT (( #3228 ) ) ;
#1138 = CARTESIAN_POINT ( 'NONE',  ( 6.963184296111922578, 0.3498474336747542379, 3.571925066067107579 ) ) ;
#1140 = CARTESIAN_POINT ( 'NONE',  ( 0.3316137044877601192, 0.3678640323032523196, 0.3146756119145476815 ) ) ;
#1139 = DIRECTION ( 'NONE',  ( -0.003953937269740664950, -0.9999921831594820176, 0.000000000000000000 ) ) ;
#1141 = PLANE ( 'NONE',  #4719 ) ;
#1142 = FILL_AREA_STYLE ('',( #3632 ) ) ;
#1143 = LINE ( 'NONE', #4185, #2720 ) ;
#1144 = CARTESIAN_POINT ( 'NONE',  ( 2.831750585887909288, 3.692512944455525137, 4.075000000000000178 ) ) ;
#1145 = AXIS2_PLACEMENT_3D ( 'NONE', #1621, #1010, #29 ) ;
#1146 = DIRECTION ( 'NONE',  ( -0.000000000000000000, -0.000000000000000000, -1.000000000000000000 ) ) ;
#1147 = CARTESIAN_POINT ( 'NONE',  ( 0.9767945551404348947, 0.9791521920378392085, -1.156410907542317161E-17 ) ) ;
#1148 = COLOUR_RGB ( '',0.5647058823529411686, 0.3019607843137254721, 0.1294117647058823373 ) ;
#1149 = CARTESIAN_POINT ( 'NONE',  ( 0.5877186401252670889, 0.6099247827647685805, 0.1068136001608282343 ) ) ;
#1150 = CARTESIAN_POINT ( 'NONE',  ( 6.964471665759198515, 0.04481223488739319999, 0.9411112046959105859 ) ) ;
#1151 =( LENGTH_UNIT ( ) NAMED_UNIT ( * ) SI_UNIT ( .MILLI., .METRE. ) );
#1152 = ADVANCED_FACE ( 'NONE', ( #2111, #2549, #628 ), #2000, .F. ) ;
#1153 = EDGE_CURVE ( 'NONE', #3428, #3090, #6467, .T. ) ;
#1154 = CARTESIAN_POINT ( 'NONE',  ( 6.230936712663792676, 0.9395316425133163341, 0.007171692673519333532 ) ) ;
#1155 = CARTESIAN_POINT ( 'NONE',  ( 0.9403778168077373545, 0.9701889080736548765, 4.068577835119494779 ) ) ;
#1156 = FACE_OUTER_BOUND ( 'NONE', #5134, .T. ) ;
#1157 = CARTESIAN_POINT ( 'NONE',  ( 1.533525453493402413, -2.877802867496529249, 2.339999999999999858 ) ) ;
#1158 = UNCERTAINTY_MEASURE_WITH_UNIT (LENGTH_MEASURE( 1.000000000000000082E-05 ), #2079, 'distance_accuracy_value', 'NONE');
#1159 = CARTESIAN_POINT ( 'NONE',  ( 4.499849145671947603, -2.126473639938910587, 2.340000000000001190 ) ) ;
#1160 = CARTESIAN_POINT ( 'NONE',  ( 6.570170623674498778, 0.4285922570768230799, 0.1923593740359276494 ) ) ;
#1161 = CARTESIAN_POINT ( 'NONE',  ( 0.5771558974931018104, 0.6212684433249864302, 3.962087493218559242 ) ) ;
#1162 = ORIENTED_EDGE ( 'NONE', *, *, #208, .F. ) ;
#1163 = ADVANCED_FACE ( 'NONE', ( #982 ), #1067, .F. ) ;
#1164 =( NAMED_UNIT ( * ) PLANE_ANGLE_UNIT ( ) SI_UNIT ( $, .RADIAN. ) );
#1165 = CARTESIAN_POINT ( 'NONE',  ( 6.164475584790925389, 0.9651594983845255271, 4.068799634034619750 ) ) ;
#1166 = DIRECTION ( 'NONE',  ( 0.2762517575166393846, 0.9610853065513840221, 0.000000000000000000 ) ) ;
#1167 = CARTESIAN_POINT ( 'NONE',  ( 1.624995231727281331, -3.429241901734537912, 1.730000000000000204 ) ) ;
#1168 = CARTESIAN_POINT ( 'NONE',  ( 0.4612356553635211243, 0.05436478705480548429, 3.397422798406041888 ) ) ;
#1169 = VERTEX_POINT ( 'NONE', #5119 ) ;
#1170 = ORIENTED_EDGE ( 'NONE', *, *, #3959, .T. ) ;
#1171 =( LENGTH_UNIT ( ) NAMED_UNIT ( * ) SI_UNIT ( .MILLI., .METRE. ) );
#1172 =( NAMED_UNIT ( * ) PLANE_ANGLE_UNIT ( ) SI_UNIT ( $, .RADIAN. ) );
#1173 = VECTOR ( 'NONE', #3653, 1000.000000000000000 ) ;
#1174 = LINE ( 'NONE', #5782, #5497 ) ;
#1175 = CARTESIAN_POINT ( 'NONE',  ( 6.678059240977526123, 0.2520586971141501875, 3.712713670252335785 ) ) ;
#1176 = DIRECTION ( 'NONE',  ( 0.000000000000000000, 0.000000000000000000, -1.000000000000000000 ) ) ;
#1177 = CARTESIAN_POINT ( 'NONE',  ( 0.8769972830682269960, 0.7535623268636635341, 4.039659420099654064 ) ) ;
#1178 =( LENGTH_UNIT ( ) NAMED_UNIT ( * ) SI_UNIT ( .MILLI., .METRE. ) );
#1179 = DIRECTION ( 'NONE',  ( 0.000000000000000000, 0.000000000000000000, 1.000000000000000000 ) ) ;
#1180 = DIRECTION ( 'NONE',  ( 0.000000000000000000, 0.000000000000000000, -1.000000000000000000 ) ) ;
#1181 = SURFACE_SIDE_STYLE ('',( #5202 ) ) ;
#1182 = PRESENTATION_LAYER_ASSIGNMENT (  '', '', ( #5062 ) ) ;
#1183 = CARTESIAN_POINT ( 'NONE',  ( 0.8830819888746380686, 0.7948544247808763119, 0.02114245107886729425 ) ) ;
#1184 = MECHANICAL_DESIGN_GEOMETRIC_PRESENTATION_REPRESENTATION (  '', ( #4092 ), #5397 ) ;
#1185 = CARTESIAN_POINT ( 'NONE',  ( 0.7093558452875722287, 0.5457319823724882113, 0.1097874875948745971 ) ) ;
#1186 = UNCERTAINTY_MEASURE_WITH_UNIT (LENGTH_MEASURE( 1.000000000000000082E-05 ), #1440, 'distance_accuracy_value', 'NONE');
#1187 = CARTESIAN_POINT ( 'NONE',  ( 6.850802410230422801, 0.02700076718183451810, 0.8645399961783892806 ) ) ;
#1188 = ORIENTED_EDGE ( 'NONE', *, *, #5291, .T. ) ;
#1189 = CARTESIAN_POINT ( 'NONE',  ( 5.052564829889170106, 3.576267184938944244, 4.070000000000000284 ) ) ;
#1190 = COLOUR_RGB ( '',0.8980392156862745390, 0.9215686274509803377, 0.9294117647058823817 ) ;
#1191 = CARTESIAN_POINT ( 'NONE',  ( 6.124702798249600733, 0.9705944035013945870, -1.275264350307777220E-17 ) ) ;
#1192 = FACE_OUTER_BOUND ( 'NONE', #197, .T. ) ;
#1193 = CARTESIAN_POINT ( 'NONE',  ( 3.430890386570552231, 3.090525030000000228, 4.070000000000000284 ) ) ;
#1194 = CARTESIAN_POINT ( 'NONE',  ( 1.639587906851881938, -3.478229556797518995, 1.730000000000000204 ) ) ;
#1195 = VECTOR ( 'NONE', #15, 1000.000000000000000 ) ;
#1196 = EDGE_CURVE ( 'NONE', #1330, #6437, #5835, .T. ) ;
#1197 = CARTESIAN_POINT ( 'NONE',  ( 6.063887104610309109, -3.211654731536661700, 1.729999999999999982 ) ) ;
#1198 = STYLED_ITEM ( 'NONE', ( #5434 ), #3308 ) ;
#1199 = CARTESIAN_POINT ( 'NONE',  ( 6.680122944245060701, 0.5651406091660297060, 0.1874643356489157642 ) ) ;
#1200 = CARTESIAN_POINT ( 'NONE',  ( 0.3974132699055916706, 0.6115649086882205543, 3.866718706599889810 ) ) ;
#1201 = ORIENTED_EDGE ( 'NONE', *, *, #5789, .F. ) ;
#1202 = CARTESIAN_POINT ( 'NONE',  ( 3.430890386570552231, 3.090525030000000228, 4.075000000000000178 ) ) ;
#1203 = CARTESIAN_POINT ( 'NONE',  ( 1.015247165164533394, -3.388698253309390118, 2.339999999999999858 ) ) ;
#1204 = CARTESIAN_POINT ( 'NONE',  ( 6.217185638696852479, 0.7856287272239951269, 4.046880152285966759 ) ) ;
#1205 = CARTESIAN_POINT ( 'NONE',  ( 2.862700937820964242, 3.205053595892337626, 4.075000000000000178 ) ) ;
#1206 = CARTESIAN_POINT ( 'NONE',  ( 7.079444751545971748, 0.5152776308930616667, 0.7527874212582613689 ) ) ;
#1207 = CARTESIAN_POINT ( 'NONE',  ( 2.614868535347959710, -2.028836699693395751, 1.730000000000000204 ) ) ;
#1208 = CARTESIAN_POINT ( 'NONE',  ( 0.4670169530439801098, 0.06585031694317736162, 3.428958350796466270 ) ) ;
#1209 = VERTEX_POINT ( 'NONE', #6702 ) ;
#1210 = VECTOR ( 'NONE', #2708, 1000.000000000000227 ) ;
#1211 = VERTEX_POINT ( 'NONE', #4167 ) ;
#1212 = CARTESIAN_POINT ( 'NONE',  ( 3.196409759331552358, 3.205053595892337626, 4.075000000000000178 ) ) ;
#1213 = CLOSED_SHELL ( 'NONE', ( #3206, #223, #6210, #1110, #3826, #2437, #3008, #6399, #4198, #1741, #510, #3550, #545, #4052, #6108, #318, #4632, #5495, #4084 ) ) ;
#1214 =( NAMED_UNIT ( * ) PLANE_ANGLE_UNIT ( ) SI_UNIT ( $, .RADIAN. ) );
#1215 = CARTESIAN_POINT ( 'NONE',  ( 6.554217081411074730, 0.3088573174473663863, 3.790057932572111099 ) ) ;
#1216 = DIRECTION ( 'NONE',  ( 0.000000000000000000, 1.000000000000000000, 0.000000000000000000 ) ) ;
#1217 = ADVANCED_FACE ( 'NONE', ( #494 ), #3509, .T. ) ;
#1218 = DIRECTION ( 'NONE',  ( 0.9611542233438681304, -0.2760118818968590459, 0.000000000000000000 ) ) ;
#1219 = CARTESIAN_POINT ( 'NONE',  ( 0.9585828819599732098, 0.9171657639220164304, 4.069999999999999396 ) ) ;
#1220 = STYLED_ITEM ( 'NONE', ( #4249 ), #510 ) ;
#1221 = SURFACE_SIDE_STYLE ('',( #3234 ) ) ;
#1222 = CARTESIAN_POINT ( 'NONE',  ( 5.485004768272710329, -3.429241901734534359, 1.730000000000000426 ) ) ;
#1223 = CARTESIAN_POINT ( 'NONE',  ( 7.109999999978239948, 0.4288765154929845558, 3.133127406512079105 ) ) ;
#1224 = CARTESIAN_POINT ( 'NONE',  ( 0.8559737484098809412, 0.8209053404190492786, 0.01729454756366945525 ) ) ;
#1225 = CARTESIAN_POINT ( 'NONE',  ( 0.06500726743001612740, 0.2493191336596543850, 0.7441900980389909437 ) ) ;
#1226 = CARTESIAN_POINT ( 'NONE',  ( 7.094780449781074694, 0.2491439262645794295, 1.000000000000000000 ) ) ;
#1227 = SURFACE_SIDE_STYLE ('',( #287 ) ) ;
#1228 = SURFACE_STYLE_USAGE ( .BOTH. , #1339 ) ;
#1229 = CARTESIAN_POINT ( 'NONE',  ( 6.217185638696847150, 0.7856287272240011221, 0.02311984771403134339 ) ) ;
#1230 = PRESENTATION_STYLE_ASSIGNMENT (( #5797 ) ) ;
#1231 = CARTESIAN_POINT ( 'NONE',  ( 1.314093087799104609, -2.939923179177046375, 1.730000000000000648 ) ) ;
#1232 = CARTESIAN_POINT ( 'NONE',  ( 5.485004768272709441, -3.429241901734534359, 1.730000000000000426 ) ) ;
#1233 = CARTESIAN_POINT ( 'NONE',  ( 6.454768743772825168, 0.4636106417157015436, 0.1567996397892916227 ) ) ;
#1234 = CARTESIAN_POINT ( 'NONE',  ( 0.6618738140541901016, 0.8309369057050949303, 4.011652566276034726 ) ) ;
#1235 = VERTEX_POINT ( 'NONE', #34 ) ;
#1236 = ORIENTED_EDGE ( 'NONE', *, *, #2190, .F. ) ;
#1237 = PRESENTATION_STYLE_ASSIGNMENT (( #4980 ) ) ;
#1238 = CARTESIAN_POINT ( 'NONE',  ( 4.047065785670777238, 3.692512944455525137, 4.075000000000000178 ) ) ;
#1239 = CARTESIAN_POINT ( 'NONE',  ( 0.000000000000000000, 0.5000000000000000000, 1.000000000000000000 ) ) ;
#1240 = CARTESIAN_POINT ( 'NONE',  ( 6.226918011125238017, 0.7948544247808622121, 4.048857548921085403 ) ) ;
#1241 = CARTESIAN_POINT ( 'NONE',  ( 6.546123130623494824, 0.1277537150284846490, 0.5059692936056068291 ) ) ;
#1242 = VECTOR ( 'NONE', #4311, 1000.000000000000000 ) ;
#1243 = CARTESIAN_POINT ( 'NONE',  ( 1.867454551552433895, -2.201103246196135288, 2.340000000000000746 ) ) ;
#1244 = CARTESIAN_POINT ( 'NONE',  ( 0.4575493917449549031, 0.1563872591098753040, 3.607986283365071323 ) ) ;
#1245 = ORIENTED_EDGE ( 'NONE', *, *, #5460, .T. ) ;
#1246 = ADVANCED_FACE ( 'NONE', ( #4603 ), #418, .F. ) ;
#1247 = VERTEX_POINT ( 'NONE', #1976 ) ;
#1248 =( NAMED_UNIT ( * ) SI_UNIT ( $, .STERADIAN. ) SOLID_ANGLE_UNIT ( ) );
#1249 = MECHANICAL_DESIGN_GEOMETRIC_PRESENTATION_REPRESENTATION (  '', ( #2426 ), #2972 ) ;
#1250 = CARTESIAN_POINT ( 'NONE',  ( 6.730200368562222479, 0.5275105990853513616, 3.841815038419946315 ) ) ;
#1251 = FILL_AREA_STYLE_COLOUR ( '', #6395 ) ;
#1252 = CARTESIAN_POINT ( 'NONE',  ( 0.8194120372080225811, 0.6388234874716965939, 4.002507796877602608 ) ) ;
#1253 =( LENGTH_UNIT ( ) NAMED_UNIT ( * ) SI_UNIT ( .MILLI., .METRE. ) );
#1254 = EDGE_CURVE ( 'NONE', #6504, #3584, #4020, .T. ) ;
#1255 = CARTESIAN_POINT ( 'NONE',  ( 6.110000000000000320, 5.733170000000000321, 1.000000000000000000 ) ) ;
#1256 = UNCERTAINTY_MEASURE_WITH_UNIT (LENGTH_MEASURE( 1.000000000000000082E-05 ), #641, 'distance_accuracy_value', 'NONE');
#1257 = LINE ( 'NONE', #280, #3255 ) ;
#1258 = VERTEX_POINT ( 'NONE', #3314 ) ;
#1259 = DIRECTION ( 'NONE',  ( -0.000000000000000000, -0.000000000000000000, -1.000000000000000000 ) ) ;
#1260 = CARTESIAN_POINT ( 'NONE',  ( 6.681123522183580299, 2.176048373842716236E-11, 3.133127406795959136 ) ) ;
#1261 = FILL_AREA_STYLE_COLOUR ( '', #2829 ) ;
#1262 = CARTESIAN_POINT ( 'NONE',  ( 0.4612356477934179133, 0.05436478743602957131, 0.6725772004226190370 ) ) ;
#1263 = CARTESIAN_POINT ( 'NONE',  ( 7.032689355517005581, 0.1274643379592308445, 0.8596635931225695693 ) ) ;
#1264 = CARTESIAN_POINT ( 'NONE',  ( 2.538791175249414334, 3.692512944455525137, 4.075000000000000178 ) ) ;
#1265 = CARTESIAN_POINT ( 'NONE',  ( 5.131889273177292488, -2.156396289217993978, 1.730000000000000204 ) ) ;
#1266 = CARTESIAN_POINT ( 'NONE',  ( 0.4133792981554905710, -3.216821133043453074, 2.339999999999999858 ) ) ;
#1267 = B_SPLINE_CURVE_WITH_KNOTS ( 'NONE', 3,
 ( #5614, #1430, #3470, #6071, #471, #439, #977, #883, #3502, #4044, #2397, #944, #2973, #2530, #1894, #5058, #6038, #3540, #5031, #407, #1395, #4595, #3033, #4527, #6609, #1962, #6576, #4008, #6679, #1928, #6102 ),
 .UNSPECIFIED., .F., .F.,
 ( 4, 2, 2, 1, 1, 2, 2, 2, 2, 1, 2, 2, 2, 2, 2, 2, 4 ),
 ( 0.000000000000000000, 0.1250000000000003608, 0.1875000000000003886, 0.2187500000000005829, 0.2343750000000005551, 0.2421875000000005551, 0.2500000000000005551, 0.3750000000000003886, 0.4375000000000003331, 0.4687500000000002776, 0.4843750000000002220, 0.5000000000000001110, 0.6250000000000000000, 0.6875000000000000000, 0.7187500000000000000, 0.7499999999999998890, 1.000000000000000000 ),
 .UNSPECIFIED. ) ;
#1268 =( GEOMETRIC_REPRESENTATION_CONTEXT ( 3 ) GLOBAL_UNCERTAINTY_ASSIGNED_CONTEXT ( ( #4070 ) ) GLOBAL_UNIT_ASSIGNED_CONTEXT ( ( #3871, #6522, #5898 ) ) REPRESENTATION_CONTEXT ( 'NONE', 'WORKASPACE' ) );
#1269 = CARTESIAN_POINT ( 'NONE',  ( 5.552154447933728143, -3.507746240469660215, 1.730000000000000426 ) ) ;
#1270 = COLOUR_RGB ( '',0.5647058823529411686, 0.3019607843137254721, 0.1294117647058823373 ) ;
#1271 = CARTESIAN_POINT ( 'NONE',  ( 6.427051657980098476, 0.4440189224713893545, 0.1680801091353165411 ) ) ;
#1272 = CARTESIAN_POINT ( 'NONE',  ( 0.7847994051237985325, 0.5695988061297728722, 3.973224176182995393 ) ) ;
#1273 =( NAMED_UNIT ( * ) SI_UNIT ( $, .STERADIAN. ) SOLID_ANGLE_UNIT ( ) );
#1274 = DIRECTION ( 'NONE',  ( -0.000000000000000000, -0.000000000000000000, -1.000000000000000000 ) ) ;
#1275 = CARTESIAN_POINT ( 'NONE',  ( 3.195461608508125995, 3.465957979040120929, 4.075000000000000178 ) ) ;
#1276 = CARTESIAN_POINT ( 'NONE',  ( 6.225691724312837572, 0.9343150861334025281, 4.063427907822400265 ) ) ;
#1277 = CARTESIAN_POINT ( 'NONE',  ( 6.711163446898277485, 0.06471230505041958292, 0.6562962758543693376 ) ) ;
#1278 = CARTESIAN_POINT ( 'NONE',  ( 2.343689367301083237, -2.651590930006798796, 2.340000000000000302 ) ) ;
#1279 = CARTESIAN_POINT ( 'NONE',  ( 0.4646775449533556146, 0.3334609090745135340, 3.791496386942609487 ) ) ;
#1280 = EDGE_LOOP ( 'NONE', ( #1065, #1927, #1072, #4664 ) ) ;
#1281 = ORIENTED_EDGE ( 'NONE', *, *, #1372, .T. ) ;
#1282 = SURFACE_STYLE_USAGE ( .BOTH. , #4485 ) ;
#1283 = CARTESIAN_POINT ( 'NONE',  ( 6.110000000000000320, 5.733170000000000321, 1.000000000000000000 ) ) ;
#1284 = CARTESIAN_POINT ( 'NONE',  ( 6.776539090925300712, 0.4646775449537999814, 3.791496386943030483 ) ) ;
#1285 = ADVANCED_FACE ( 'NONE', ( #5427 ), #4345, .F. ) ;
#1286 = CARTESIAN_POINT ( 'NONE',  ( 3.591374980971351327, 3.090525030000000228, 4.075000000000000178 ) ) ;
#1287 = CARTESIAN_POINT ( 'NONE',  ( 6.110000000000000320, 5.733170000000000321, 3.070000000000000728 ) ) ;
#1288 = DIRECTION ( 'NONE',  ( -1.000000000000000000, 0.000000000000000000, 0.000000000000000000 ) ) ;
#1289 = VECTOR ( 'NONE', #2653, 1000.000000000000000 ) ;
#1290 = CARTESIAN_POINT ( 'NONE',  ( 4.257427140371730090, 3.577907501469753004, 4.070000000000000284 ) ) ;
#1291 = EDGE_LOOP ( 'NONE', ( #6510, #2275, #3215, #5440 ) ) ;
#1292 = PRESENTATION_STYLE_ASSIGNMENT (( #2299 ) ) ;
#1293 = CARTESIAN_POINT ( 'NONE',  ( 1.000000000000000000, 1.000000000000000000, 0.000000000000000000 ) ) ;
#1294 = CARTESIAN_POINT ( 'NONE',  ( 0.1146815852997805085, 0.2877656906467292997, 0.5925627302104429228 ) ) ;
#1295 = CARTESIAN_POINT ( 'NONE',  ( 7.076771131929254999, 0.3789138323228404825, 0.7619913825300771437 ) ) ;
#1296 = CARTESIAN_POINT ( 'NONE',  ( 6.483415501078091836, 0.8132924681237483355, 0.07232552727611081533 ) ) ;
#1297 = EDGE_CURVE ( 'NONE', #1258, #6266, #6438, .T. ) ;
#1298 = SURFACE_STYLE_FILL_AREA ( #2265 ) ;
#1299 = STYLED_ITEM ( 'NONE', ( #1323 ), #1664 ) ;
#1300 = CARTESIAN_POINT ( 'NONE',  ( 5.795906912200894823, -2.939923179177049484, 2.339999999999999858 ) ) ;
#1301 = FILL_AREA_STYLE_COLOUR ( '', #6538 ) ;
#1302 = ADVANCED_FACE ( 'NONE', ( #353 ), #783, .T. ) ;
#1303 = CARTESIAN_POINT ( 'NONE',  ( 4.951449663791152922, -3.387925984182047490, 2.340000000000000302 ) ) ;
#1304 = CARTESIAN_POINT ( 'NONE',  ( 6.422616559957810445, 0.7041649149687982945, 0.06143678425625112571 ) ) ;
#1305 = CARTESIAN_POINT ( 'NONE',  ( 0.6003037094114522798, 0.8001518560905909183, 3.987277523311984151 ) ) ;
#1306 = ORIENTED_EDGE ( 'NONE', *, *, #3212, .T. ) ;
#1307 = SURFACE_SIDE_STYLE ('',( #3819 ) ) ;
#1308 =( GEOMETRIC_REPRESENTATION_CONTEXT ( 3 ) GLOBAL_UNCERTAINTY_ASSIGNED_CONTEXT ( ( #2535 ) ) GLOBAL_UNIT_ASSIGNED_CONTEXT ( ( #1003, #2083, #4652 ) ) REPRESENTATION_CONTEXT ( 'NONE', 'WORKASPACE' ) );
#1309 = CARTESIAN_POINT ( 'NONE',  ( 6.175684905354165366, 0.8843082578120060600, 4.063427905780750748 ) ) ;
#1310 = CARTESIAN_POINT ( 'NONE',  ( 6.952663210331156307, 0.3219487542868730845, 0.4904120420264770908 ) ) ;
#1311 = AXIS2_PLACEMENT_3D ( 'NONE', #5744, #3161, #4242 ) ;
#1312 = EDGE_CURVE ( 'NONE', #3859, #5920, #4012, .T. ) ;
#1313 = AXIS2_PLACEMENT_3D ( 'NONE', #6053, #1910, #2378 ) ;
#1314 = CARTESIAN_POINT ( 'NONE',  ( 1.610967482264476391, -3.449398524634610386, 2.339999999999998970 ) ) ;
#1315 = CARTESIAN_POINT ( 'NONE',  ( 0.1845941752589356777, 0.2692180428860720398, 3.590716960879404063 ) ) ;
#1316 = EDGE_LOOP ( 'NONE', ( #2138, #3837, #11, #670 ) ) ;
#1317 = VERTEX_POINT ( 'NONE', #5581 ) ;
#1318 = FILL_AREA_STYLE ('',( #4388 ) ) ;
#1319 = SURFACE_STYLE_USAGE ( .BOTH. , #3761 ) ;
#1320 = DIRECTION ( 'NONE',  ( 0.000000000000000000, 0.000000000000000000, -1.000000000000000000 ) ) ;
#1321 = PRESENTATION_LAYER_ASSIGNMENT (  '', '', ( #2821 ) ) ;
#1322 = CARTESIAN_POINT ( 'NONE',  ( 6.679190834042759484, 0.3985968160837297658, 3.823847351456136412 ) ) ;
#1324 = CARTESIAN_POINT ( 'NONE',  ( 0.2690029492822522128, 0.6345014746339637801, 0.3167834883443327865 ) ) ;
#1323 = PRESENTATION_STYLE_ASSIGNMENT (( #2421 ) ) ;
#1325 = VECTOR ( 'NONE', #953, 1000.000000000000000 ) ;
#1326 = VECTOR ( 'NONE', #4267, 1000.000000000000000 ) ;
#1327 = CARTESIAN_POINT ( 'NONE',  ( 4.433761228971684787, 3.205075560774861998, 4.070000000000000284 ) ) ;
#1328 = CYLINDRICAL_SURFACE ( 'NONE', #4396, 0.3050000000000001599 ) ;
#1329 = CARTESIAN_POINT ( 'NONE',  ( 2.282951528264263619, 3.435802023743171230, 4.070000000000000284 ) ) ;
#1330 = VERTEX_POINT ( 'NONE', #5515 ) ;
#1331 = CARTESIAN_POINT ( 'NONE',  ( 6.110000000000000320, 1.000000000000000000, 4.070000000000000284 ) ) ;
#1332 = ADVANCED_FACE ( 'NONE', ( #4809 ), #5352, .F. ) ;
#1333 = CARTESIAN_POINT ( 'NONE',  ( 7.047910190154118126, 0.1129100940357482263, 3.128888795304092696 ) ) ;
#1334 = CARTESIAN_POINT ( 'NONE',  ( 1.000000000000000000, 1.000000000000000000, 0.000000000000000000 ) ) ;
#1335 = CARTESIAN_POINT ( 'NONE',  ( 0.4504071542353105251, 0.03451329047416703405, 0.7370520173964674182 ) ) ;
#1336 =( GEOMETRIC_REPRESENTATION_CONTEXT ( 3 ) GLOBAL_UNCERTAINTY_ASSIGNED_CONTEXT ( ( #85 ) ) GLOBAL_UNIT_ASSIGNED_CONTEXT ( ( #2222, #1733, #5862 ) ) REPRESENTATION_CONTEXT ( 'NONE', 'WORKASPACE' ) );
#1337 = AXIS2_PLACEMENT_3D ( 'NONE', #6062, #1320, #5506 ) ;
#1338 = COLOUR_RGB ( '',0.5647058823529411686, 0.3019607843137254721, 0.1294117647058823373 ) ;
#1339 = SURFACE_SIDE_STYLE ('',( #1298 ) ) ;
#1340 = CARTESIAN_POINT ( 'NONE',  ( 3.721015387041697320, 3.090525030000000228, 4.070000000000000284 ) ) ;
#1341 = ADVANCED_FACE ( 'NONE', ( #4115 ), #536, .F. ) ;
#1342 = CARTESIAN_POINT ( 'NONE',  ( 4.522900715375092418, -2.262817522373829160, 2.340000000000000302 ) ) ;
#1343 =( LENGTH_UNIT ( ) NAMED_UNIT ( * ) SI_UNIT ( .MILLI., .METRE. ) );
#1344 = CARTESIAN_POINT ( 'NONE',  ( 5.977971168923231104, -3.069200569082300323, 1.730000000000000648 ) ) ;
#1345 = CARTESIAN_POINT ( 'NONE',  ( 6.429332924812959149, 0.6624482998047962479, 0.07185307501813015252 ) ) ;
#1346 = CARTESIAN_POINT ( 'NONE',  ( 0.8187232623940006171, 0.7174809185732108352, 4.029329731465839615 ) ) ;
#1347 = EDGE_CURVE ( 'NONE', #5613, #3930, #4599, .T. ) ;
#1348 = CARTESIAN_POINT ( 'NONE',  ( 0.7420192483224997693, 0.7926628565687521277, 0.03635497671778058909 ) ) ;
#1349 = DIRECTION ( 'NONE',  ( -1.000000000000000000, 0.000000000000000000, 0.000000000000000000 ) ) ;
#1350 = CARTESIAN_POINT ( 'NONE',  ( 6.126011463769859056, 0.9719218393148398860, 4.070000000000000284 ) ) ;
#1351 = SURFACE_SIDE_STYLE ('',( #5563 ) ) ;
#1352 = CARTESIAN_POINT ( 'NONE',  ( 0.8234632984881824491, -2.525084792936849620, 2.340000000000000302 ) ) ;
#1353 = CARTESIAN_POINT ( 'NONE',  ( 0.3809745356854142839, 0.1866103516003897733, 3.632433663231958931 ) ) ;
#1354 = VERTEX_POINT ( 'NONE', #5682 ) ;
#1355 = ORIENTED_EDGE ( 'NONE', *, *, #5329, .F. ) ;
#1356 = SURFACE_STYLE_FILL_AREA ( #6511 ) ;
#1357 =( LENGTH_UNIT ( ) NAMED_UNIT ( * ) SI_UNIT ( .MILLI., .METRE. ) );
#1358 = CARTESIAN_POINT ( 'NONE',  ( 6.394698671177698301, 0.4994229958473221376, 3.936341631318232448 ) ) ;
#1359 = UNCERTAINTY_MEASURE_WITH_UNIT (LENGTH_MEASURE( 1.000000000000000082E-05 ), #6567, 'distance_accuracy_value', 'NONE');
#1360 = CARTESIAN_POINT ( 'NONE',  ( 2.455873737737415574, 3.417388129336547564, 4.075000000000000178 ) ) ;
#1361 = CARTESIAN_POINT ( 'NONE',  ( 6.508150286218018721, 0.2036994171928248609, 3.676029054105939053 ) ) ;
#1362 = DIRECTION ( 'NONE',  ( 0.2746459304916856192, 0.9615454294334491170, 0.000000000000000000 ) ) ;
#1363 = VERTEX_POINT ( 'NONE', #442 ) ;
#1364 = FACE_OUTER_BOUND ( 'NONE', #814, .T. ) ;
#1365 = VECTOR ( 'NONE', #3442, 1000.000000000000000 ) ;
#1366 =( NAMED_UNIT ( * ) PLANE_ANGLE_UNIT ( ) SI_UNIT ( $, .RADIAN. ) );
#1367 = CARTESIAN_POINT ( 'NONE',  ( 6.681782707801942500, 0.000000000000000000, 3.070000000000000728 ) ) ;
#1368 = MECHANICAL_DESIGN_GEOMETRIC_PRESENTATION_REPRESENTATION (  '', ( #2756 ), #827 ) ;
#1369 =( LENGTH_UNIT ( ) NAMED_UNIT ( * ) SI_UNIT ( .MILLI., .METRE. ) );
#1370 = CARTESIAN_POINT ( 'NONE',  ( 4.494999999999999218, -1.976830000000000087, 2.340000000000000302 ) ) ;
#1371 = CARTESIAN_POINT ( 'NONE',  ( 5.682536999865071436, -2.277376178195544831, 2.340000000000000302 ) ) ;
#1372 = EDGE_CURVE ( 'NONE', #6250, #703, #5159, .T. ) ;
#1373 = CARTESIAN_POINT ( 'NONE',  ( 6.524050889255120111, 0.7650281972334578295, 0.08901410545173157884 ) ) ;
#1374 = CARTESIAN_POINT ( 'NONE',  ( 0.7364611781171412908, 0.7505634922538616527, 4.027418585004885365 ) ) ;
#1375 = VERTEX_POINT ( 'NONE', #3131 ) ;
#1376 = CARTESIAN_POINT ( 'NONE',  ( 0.7896224697176061902, 0.8398082094529516484, 0.02338216360201188226 ) ) ;
#1377 = DIRECTION ( 'NONE',  ( -0.9999960426590096541, 0.002813301676020831584, 0.000000000000000000 ) ) ;
#1378 = PLANE ( 'NONE',  #6078 ) ;
#1379 = CARTESIAN_POINT ( 'NONE',  ( 3.460931026228863949, 3.626459047104284572, 4.070000000000000284 ) ) ;
#1380 = CARTESIAN_POINT ( 'NONE',  ( 1.980693336405206839, -2.152794706084732113, 2.339999999999999858 ) ) ;
#1381 = EDGE_CURVE ( 'NONE', #2009, #5368, #577, .T. ) ;
#1382 = CARTESIAN_POINT ( 'NONE',  ( 0.4493532304688163115, 0.2747600647018950126, 3.737855806031862738 ) ) ;
#1383 = VERTEX_POINT ( 'NONE', #6137 ) ;
#1384 = ORIENTED_EDGE ( 'NONE', *, *, #95, .T. ) ;
#1385 = CARTESIAN_POINT ( 'NONE',  ( 1.014999999999997016, -3.426829999999996268, 2.339999999999999858 ) ) ;
#1386 = DIRECTION ( 'NONE',  ( 0.000000000000000000, 1.000000000000000000, 0.000000000000000000 ) ) ;
#1387 = CARTESIAN_POINT ( 'NONE',  ( 3.460931026228863949, 3.626459047104284572, 4.075000000000000178 ) ) ;
#1388 = CARTESIAN_POINT ( 'NONE',  ( 6.610576980152041315, 0.7153012983169643180, 3.936341646176628295 ) ) ;
#1390 = CARTESIAN_POINT ( 'NONE',  ( 0.6439496466092344829, 0.3770861311767828572, 0.2171863311996759527 ) ) ;
#1389 = CARTESIAN_POINT ( 'NONE',  ( 0.4050047682727139220, -10.42441809826545374, 2.340000000000000302 ) ) ;
#1391 = CARTESIAN_POINT ( 'NONE',  ( 4.748126309322987737, 3.090525030000000228, 4.075000000000000178 ) ) ;
#1392 = PLANE ( 'NONE',  #6573 ) ;
#1393 = CARTESIAN_POINT ( 'NONE',  ( 2.905331116815264014, 3.354671063943200249, 4.075000000000000178 ) ) ;
#1394 = ORIENTED_EDGE ( 'NONE', *, *, #5799, .F. ) ;
#1395 = CARTESIAN_POINT ( 'NONE',  ( 0.2622366520800297751, 0.6311094967417449908, 0.3213346312483343903 ) ) ;
#1396 = CARTESIAN_POINT ( 'NONE',  ( 6.706053374422169533, 0.7020415664001654621, 3.873519033593198380 ) ) ;
#1397 = CARTESIAN_POINT ( 'NONE',  ( 6.724814363739108458, 0.04283618662032915442, 3.344082286245392055 ) ) ;
#1398 = CARTESIAN_POINT ( 'NONE',  ( 1.990860744830845519, -2.126577405022865186, 1.730000000000000204 ) ) ;
#1399 = PLANE ( 'NONE',  #2974 ) ;
#1400 = SURFACE_SIDE_STYLE ('',( #6080 ) ) ;
#1401 = CARTESIAN_POINT ( 'NONE',  ( 0.5000000000000000000, 0.000000000000000000, 3.070000000000002061 ) ) ;
#1402 = COLOUR_RGB ( '',1.000000000000000000, 0.8431372549019607865, 0.1333333333333333315 ) ;
#1403 = AXIS2_PLACEMENT_3D ( 'NONE', #5258, #3156, #1166 ) ;
#1404 = CARTESIAN_POINT ( 'NONE',  ( 6.286536701511812986, -2.525084792936851841, 2.340000000000000302 ) ) ;
#1405 = CARTESIAN_POINT ( 'NONE',  ( 6.355609947332193421, 0.8771950238597779892, 0.03041327692952539366 ) ) ;
#1406 = CARTESIAN_POINT ( 'NONE',  ( 0.8928143613030855574, 0.7856287272240427555, 4.046880152285977417 ) ) ;
#1407 = ORIENTED_EDGE ( 'NONE', *, *, #3750, .T. ) ;
#1408 = CARTESIAN_POINT ( 'NONE',  ( 0.8245681682741479168, 0.8044197374992966276, 0.02198564308924262981 ) ) ;
#1409 = EDGE_CURVE ( 'NONE', #159, #4444, #5838, .T. ) ;
#1410 = DIRECTION ( 'NONE',  ( -0.003953937269740664950, -0.9999921831594820176, 0.000000000000000000 ) ) ;
#1411 = PRESENTATION_LAYER_ASSIGNMENT (  '', '', ( #212 ) ) ;
#1412 = STYLED_ITEM ( 'NONE', ( #1765 ), #1504 ) ;
#1413 = LINE ( 'NONE', #5468, #2497 ) ;
#1414 = CARTESIAN_POINT ( 'NONE',  ( 0.000000000000000000, 0.5000000000000000000, 1.000000000000000000 ) ) ;
#1415 = CARTESIAN_POINT ( 'NONE',  ( 0.3438535902385476684, 0.6719267954725993697, 3.824787482664446348 ) ) ;
#1416 = EDGE_LOOP ( 'NONE', ( #4275, #5723, #5171, #5295 ) ) ;
#1417 = MECHANICAL_DESIGN_GEOMETRIC_PRESENTATION_REPRESENTATION (  '', ( #542 ), #769 ) ;
#1418 = EDGE_LOOP ( 'NONE', ( #2773, #2552, #5492, #3920 ) ) ;
#1419 =( NAMED_UNIT ( * ) SI_UNIT ( $, .STERADIAN. ) SOLID_ANGLE_UNIT ( ) );
#1420 = CARTESIAN_POINT ( 'NONE',  ( 2.356537550416343052, 3.692512944455525137, 4.075000000000000178 ) ) ;
#1421 = FILL_AREA_STYLE_COLOUR ( '', #974 ) ;
#1422 = CARTESIAN_POINT ( 'NONE',  ( 6.431515759963581935, 0.3569684789848793782, 3.835957489376079277 ) ) ;
#1424 = CARTESIAN_POINT ( 'NONE',  ( 0.4175542560712810491, 0.4777309067459845071, 0.2158959757964161175 ) ) ;
#1423 = FILL_AREA_STYLE_COLOUR ( '', #1627 ) ;
#1425 = VECTOR ( 'NONE', #5809, 1000.000000000000000 ) ;
#1426 = CARTESIAN_POINT ( 'NONE',  ( 2.831750585887909288, 3.692512944455525137, 4.070000000000000284 ) ) ;
#1427 = LINE ( 'NONE', #2911, #1577 ) ;
#1428 = CARTESIAN_POINT ( 'NONE',  ( -0.003303359999999502111, -0.007270690000000471637, 4.075000000000000178 ) ) ;
#1429 = ORIENTED_EDGE ( 'NONE', *, *, #2406, .T. ) ;
#1430 = CARTESIAN_POINT ( 'NONE',  ( 0.9171657639248234073, 0.9585828819613765317, -1.129377263005740154E-17 ) ) ;
#1431 = EDGE_CURVE ( 'NONE', #3462, #2607, #2500, .T. ) ;
#1432 = DIRECTION ( 'NONE',  ( 0.003953937269740718727, -0.9999921831594820176, -0.000000000000000000 ) ) ;
#1433 = CARTESIAN_POINT ( 'NONE',  ( 7.083896359543278010, 0.4456241721487279595, 3.299938820282702245 ) ) ;
#1435 = CARTESIAN_POINT ( 'NONE',  ( 0.4328307979709336006, 0.1195240395787159488, 0.5232558056922360645 ) ) ;
#1434 = CARTESIAN_POINT ( 'NONE',  ( 1.688124656640977328, -2.237520388003038097, 2.340000000000000302 ) ) ;
#1436 = CLOSED_SHELL ( 'NONE', ( #2636, #5459, #4515, #2149, #3391, #5038, #2147, #168, #4429, #3344, #5892, #674, #2899 ) ) ;
#1437 = ORIENTED_EDGE ( 'NONE', *, *, #756, .F. ) ;
#1438 = CARTESIAN_POINT ( 'NONE',  ( 1.014999999999997016, -3.426829999999996268, 1.729999999999999760 ) ) ;
#1439 =( BOUNDED_SURFACE ( )  B_SPLINE_SURFACE ( 3, 1, ( 
 ( #6513, #344 ),
 ( #875, #1389 ),
 ( #3901, #4994 ),
 ( #5476, #847 ) ),
 .UNSPECIFIED., .F., .F., .F. ) 
 B_SPLINE_SURFACE_WITH_KNOTS ( ( 4, 4 ),
 ( 2, 2 ),
 ( 0.000000000000000000, 1.000000000000000000 ),
 ( 0.000000000000000000, 1.000000000000000000 ),
 .UNSPECIFIED. ) 
 GEOMETRIC_REPRESENTATION_ITEM ( )  RATIONAL_B_SPLINE_SURFACE ( (
 ( 1.000000000000000000, 1.000000000000000000),
 ( 0.3333333333333333703, 0.3333333333333333703),
 ( 0.3333333333333333703, 0.3333333333333333703),
 ( 1.000000000000000000, 1.000000000000000000) ) ) 
 REPRESENTATION_ITEM ( '' )  SURFACE ( )  );
#1440 =( LENGTH_UNIT ( ) NAMED_UNIT ( * ) SI_UNIT ( .MILLI., .METRE. ) );
#1441 = STYLED_ITEM ( 'NONE', ( #4228 ), #6185 ) ;
#1442 = CARTESIAN_POINT ( 'NONE',  ( 2.538791175249414334, 3.692512944455525137, 4.075000000000000178 ) ) ;
#1443 = CARTESIAN_POINT ( 'NONE',  ( 6.018593651126932897, -2.361692885623173588, 1.729999999999999538 ) ) ;
#1444 = CARTESIAN_POINT ( 'NONE',  ( 6.300604193571446743, 0.8195230657754718484, 0.02177153549245389869 ) ) ;
#1445 = CARTESIAN_POINT ( 'NONE',  ( 0.8545620968903274717, 0.9172948512261814846, 4.059472194710975756 ) ) ;
#1446 = ORIENTED_EDGE ( 'NONE', *, *, #2808, .T. ) ;
#1447 = CARTESIAN_POINT ( 'NONE',  ( 0.7091424288588110691, 0.7789364968037582049, 0.04543619942833510700 ) ) ;
#1448 = CARTESIAN_POINT ( 'NONE',  ( 6.110000000000000320, 1.000000000000000000, 4.070000000000000284 ) ) ;
#1449 = CARTESIAN_POINT ( 'NONE',  ( 0.5552916527674268687, -2.818871312028087939, 1.730000000000000204 ) ) ;
#1450 = CARTESIAN_POINT ( 'NONE',  ( 6.824699988322173283, 0.5413494596249402990, 0.3035910432198942743 ) ) ;
#1451 = CARTESIAN_POINT ( 'NONE',  ( 0.4175541546591618469, 0.4777310283774966471, 3.854104003545502977 ) ) ;
#1452 = ORIENTED_EDGE ( 'NONE', *, *, #4585, .T. ) ;
#1453 = ORIENTED_EDGE ( 'NONE', *, *, #6314, .F. ) ;
#1454 = FILL_AREA_STYLE ('',( #5642 ) ) ;
#1455 = CARTESIAN_POINT ( 'NONE',  ( 6.526950230009516574, 0.6656343730918297119, 3.971270022485253737 ) ) ;
#1457 = CARTESIAN_POINT ( 'NONE',  ( 0.6218495822105106763, 0.3378657529416483341, 0.2499349028417715557 ) ) ;
#1456 = DIRECTION ( 'NONE',  ( 0.2746918797667246004, 0.9615323037684294638, 0.000000000000000000 ) ) ;
#1458 = CARTESIAN_POINT ( 'NONE',  ( 0.2192752664016785202, 0.6096608664582339188, 3.695806897905430155 ) ) ;
#1459 = EDGE_CURVE ( 'NONE', #5529, #4758, #6650, .T. ) ;
#1460 = CARTESIAN_POINT ( 'NONE',  ( 0.02175792303039575035, 0.2135992241425639093, 3.070000000000000728 ) ) ;
#1461 = ORIENTED_EDGE ( 'NONE', *, *, #2780, .F. ) ;
#1462 = DIRECTION ( 'NONE',  ( -0.000000000000000000, -0.000000000000000000, -1.000000000000000000 ) ) ;
#1463 = CARTESIAN_POINT ( 'NONE',  ( 2.615000000000000657, 0.000000000000000000, 2.035000000000000142 ) ) ;
#1464 =( LENGTH_UNIT ( ) NAMED_UNIT ( * ) SI_UNIT ( .MILLI., .METRE. ) );
#1465 = CARTESIAN_POINT ( 'NONE',  ( 6.951125130123542384, 0.05963651521595578209, 3.209555893741450561 ) ) ;
#1467 = CARTESIAN_POINT ( 'NONE',  ( 0.4319407590215000869, 0.2520586971132061649, 0.3572863297493257817 ) ) ;
#1466 = CARTESIAN_POINT ( 'NONE',  ( 1.091406348873059207, -2.361692885623173588, 2.340000000000000746 ) ) ;
#1468 = CARTESIAN_POINT ( 'NONE',  ( 2.549947787222001772, -2.379693537067143261, 1.729999999999999538 ) ) ;
#1469 =( LENGTH_UNIT ( ) NAMED_UNIT ( * ) SI_UNIT ( .MILLI., .METRE. ) );
#1470 = ORIENTED_EDGE ( 'NONE', *, *, #4098, .T. ) ;
#1471 = CARTESIAN_POINT ( 'NONE',  ( 4.576642799268681117, 3.090525030000000228, 4.075000000000000178 ) ) ;
#1472 = DIRECTION ( 'NONE',  ( 0.2793947940814895947, 0.9601763114346041350, 0.000000000000000000 ) ) ;
#1473 = CARTESIAN_POINT ( 'NONE',  ( 6.704748066562741471, -3.386286351574845810, 1.730000000000000426 ) ) ;
#1474 = VECTOR ( 'NONE', #5661, 1000.000000000000000 ) ;
#1475 = CARTESIAN_POINT ( 'NONE',  ( 5.147902060921493828, -2.167984846651180408, 1.730000000000000204 ) ) ;
#1476 = CARTESIAN_POINT ( 'NONE',  ( 6.315466990809906811, 0.8347107993256032143, 0.02279096450134948312 ) ) ;
#1477 = CARTESIAN_POINT ( 'NONE',  ( 0.9239826706298741588, 0.8479653445582202576, 4.058500944413977685 ) ) ;
#1478 = ORIENTED_EDGE ( 'NONE', *, *, #4381, .F. ) ;
#1479 = CARTESIAN_POINT ( 'NONE',  ( 0.7734571919622174052, 0.7606838377817068952, 0.03483138474288165892 ) ) ;
#1480 = CARTESIAN_POINT ( 'NONE',  ( 6.110000000000002096, 1.000000000000000000, 4.070000000000000284 ) ) ;
#1481 =( LENGTH_UNIT ( ) NAMED_UNIT ( * ) SI_UNIT ( .MILLI., .METRE. ) );
#1482 = CARTESIAN_POINT ( 'NONE',  ( 7.110000000000000320, 0.5000000000000000000, 0.9999999999999711342 ) ) ;
#1483 = CARTESIAN_POINT ( 'NONE',  ( 6.926319131789624883, 0.5918404415162157317, 0.4211599370694002475 ) ) ;
#1484 = CARTESIAN_POINT ( 'NONE',  ( 0.4039072931247503773, 0.5201797832652631515, 3.857572658775838992 ) ) ;
#1485 = PRESENTATION_LAYER_ASSIGNMENT (  '', '', ( #2445 ) ) ;
#1486 = ORIENTED_EDGE ( 'NONE', *, *, #2220, .T. ) ;
#1487 = MECHANICAL_DESIGN_GEOMETRIC_PRESENTATION_REPRESENTATION (  '', ( #3947 ), #4609 ) ;
#1488 = CARTESIAN_POINT ( 'NONE',  ( 6.630992607106163561, 0.5806576394145430697, 3.913732894639459392 ) ) ;
#1489 = CARTESIAN_POINT ( 'NONE',  ( 0.9171444230194060188, 0.8342888460429527253, 4.009289283670406296E-17 ) ) ;
#1490 = B_SPLINE_CURVE_WITH_KNOTS ( 'NONE', 3,
 ( #3056, #3085, #1989, #4107, #2558, #4140, #5124, #4688, #6164, #2087, #1556, #5185, #2527, #6225, #1519, #4622, #4037, #6706, #5707, #570, #2054, #6195, #2621, #4002, #5673, #5151, #6129, #1585, #5573, #1489, #1070 ),
 .UNSPECIFIED., .F., .F.,
 ( 4, 2, 2, 2, 2, 2, 2, 1, 2, 2, 2, 2, 1, 1, 2, 2, 4 ),
 ( 0.000000000000000000, 0.1249999999999997780, 0.1874999999999995559, 0.2187499999999993339, 0.2499999999999991118, 0.3749999999999982792, 0.4374999999999977796, 0.4687499999999975020, 0.4843749999999973910, 0.4999999999999972244, 0.6249999999999966693, 0.6874999999999964473, 0.7187499999999963363, 0.7343749999999962252, 0.7421874999999963363, 0.7499999999999964473, 1.000000000000000000 ),
 .UNSPECIFIED. ) ;
#1491 = CIRCLE ( 'NONE', #189, 1.000000000000000000 ) ;
#1492 = CARTESIAN_POINT ( 'NONE',  ( 0.01521955366897580209, 0.2491439062491887790, 3.128888795304078485 ) ) ;
#1493 = EDGE_LOOP ( 'NONE', ( #1281, #4541, #1760, #3940 ) ) ;
#1494 = CARTESIAN_POINT ( 'NONE',  ( 1.000000000000000000, 0.000000000000000000, 3.070000000000000728 ) ) ;
#1495 = SURFACE_STYLE_FILL_AREA ( #1011 ) ;
#1496 = FACE_OUTER_BOUND ( 'NONE', #370, .T. ) ;
#1497 = CARTESIAN_POINT ( 'NONE',  ( 7.043204024714689204, 0.2903632451363748479, 3.360476883020526717 ) ) ;
#1498 = CARTESIAN_POINT ( 'NONE',  ( 0.2013307347607754261, 0.2443856888023135387, 0.4758169020429888207 ) ) ;
#1499 = EDGE_CURVE ( 'NONE', #4474, #1169, #5654, .T. ) ;
#1500 = ORIENTED_EDGE ( 'NONE', *, *, #831, .T. ) ;
#1501 = CARTESIAN_POINT ( 'NONE',  ( 1.533525453493402413, -2.877802867496529249, 1.729999999999999760 ) ) ;
#1502 = CARTESIAN_POINT ( 'NONE',  ( 6.026870432484038531, -3.134134918331350494, 1.729999999999999760 ) ) ;
#1503 = CARTESIAN_POINT ( 'NONE',  ( 6.704995231727278515, -3.424418098265450627, 2.340000000000000302 ) ) ;
#1504 = ADVANCED_FACE ( 'NONE', ( #5335 ), #749, .F. ) ;
#1505 = FILL_AREA_STYLE ('',( #587 ) ) ;
#1506 = CARTESIAN_POINT ( 'NONE',  ( 6.374118186575222111, 0.7991148269031371765, 0.03724360735921718180 ) ) ;
#1507 = CARTESIAN_POINT ( 'NONE',  ( 0.9217549104059744591, 0.8968436534866895959, 4.064497654935419035 ) ) ;
#1508 = VERTEX_POINT ( 'NONE', #165 ) ;
#1509 = CARTESIAN_POINT ( 'NONE',  ( 0.9108817893587479730, 0.8608663976152890474, 0.009697158919761045964 ) ) ;
#1510 = EDGE_CURVE ( 'NONE', #4474, #661, #5301, .T. ) ;
#1511 = CARTESIAN_POINT ( 'NONE',  ( 7.051666205594572467, 0.5291907817051662022, 0.6630001470040167710 ) ) ;
#1512 = CARTESIAN_POINT ( 'NONE',  ( 6.475498525366031544, 0.2690029492822438306, 0.3167834883443418348 ) ) ;
#1513 = CARTESIAN_POINT ( 'NONE',  ( 0.4944165328772281431, 0.4660101419316574067, 3.886282004402930479 ) ) ;
#1514 = ORIENTED_EDGE ( 'NONE', *, *, #3959, .F. ) ;
#1515 = CARTESIAN_POINT ( 'NONE',  ( 6.094752834835457378, -3.388698253309387454, 1.730000000000000204 ) ) ;
#1516 = CIRCLE ( 'NONE', #2586, 0.3050000000000001599 ) ;
#1517 = SURFACE_SIDE_STYLE ('',( #3025 ) ) ;
#1518 = CARTESIAN_POINT ( 'NONE',  ( 6.349315976721184640, 0.7734570047685317418, 4.035168621780586662 ) ) ;
#1520 = CARTESIAN_POINT ( 'NONE',  ( 0.3584928924123091387, 0.5868380337001491975, 0.2347161035215894198 ) ) ;
#1519 = CARTESIAN_POINT ( 'NONE',  ( 0.6349700294529697642, 0.2699287684737928794, 0.3162463528378653410 ) ) ;
#1521 = CARTESIAN_POINT ( 'NONE',  ( 0.07792418075908805197, 0.5389608688601115194, 3.457333794271860494 ) ) ;
#1522 = ORIENTED_EDGE ( 'NONE', *, *, #6525, .F. ) ;
#1523 = PRESENTATION_STYLE_ASSIGNMENT (( #3694 ) ) ;
#1524 = CARTESIAN_POINT ( 'NONE',  ( 7.079444751545972636, 0.5152776308930776539, 3.317212578741742579 ) ) ;
#1526 = CARTESIAN_POINT ( 'NONE',  ( 0.4575494301577662237, 0.1563872532405297389, 0.4620137262677518897 ) ) ;
#1525 = SURFACE_STYLE_FILL_AREA ( #506 ) ;
#1527 = CARTESIAN_POINT ( 'NONE',  ( 1.533525453493402413, -2.877802867496529249, 1.729999999999999760 ) ) ;
#1528 = UNCERTAINTY_MEASURE_WITH_UNIT (LENGTH_MEASURE( 1.000000000000000082E-05 ), #1920, 'distance_accuracy_value', 'NONE');
#1529 = FILL_AREA_STYLE_COLOUR ( '', #5758 ) ;
#1530 = LINE ( 'NONE', #3574, #5034 ) ;
#1531 = VERTEX_POINT ( 'NONE', #4216 ) ;
#1532 = SURFACE_SIDE_STYLE ('',( #4087 ) ) ;
#1533 = EDGE_CURVE ( 'NONE', #5728, #5886, #1516, .T. ) ;
#1534 =( NAMED_UNIT ( * ) PLANE_ANGLE_UNIT ( ) SI_UNIT ( $, .RADIAN. ) );
#1535 = DIRECTION ( 'NONE',  ( -0.000000000000000000, -1.000000000000000000, -0.000000000000000000 ) ) ;
#1536 = FACE_OUTER_BOUND ( 'NONE', #3108, .T. ) ;
#1537 = ADVANCED_FACE ( 'NONE', ( #6377 ), #5856, .F. ) ;
#1538 = AXIS2_PLACEMENT_3D ( 'NONE', #4640, #4129, #1674 ) ;
#1539 = UNCERTAINTY_MEASURE_WITH_UNIT (LENGTH_MEASURE( 1.000000000000000082E-05 ), #1, 'distance_accuracy_value', 'NONE');
#1540 = VECTOR ( 'NONE', #2751, 1000.000000000000000 ) ;
#1541 = CARTESIAN_POINT ( 'NONE',  ( 6.293399872807277085, 0.8604076816054642141, 0.01775048422997784273 ) ) ;
#1542 = CARTESIAN_POINT ( 'NONE',  ( 0.8893570762880488312, 0.9292606200485213908, 4.063945743650694276 ) ) ;
#1543 = VERTEX_POINT ( 'NONE', #2185 ) ;
#1544 = CARTESIAN_POINT ( 'NONE',  ( 0.9731773227960428541, 0.9827471341257627557, -1.204457965852354007E-17 ) ) ;
#1545 = PRESENTATION_STYLE_ASSIGNMENT (( #556 ) ) ;
#1546 = AXIS2_PLACEMENT_3D ( 'NONE', #1428, #5548, #376 ) ;
#1547 = DIRECTION ( 'NONE',  ( -0.8843386665637682498, 0.4668459304955077105, 0.000000000000000000 ) ) ;
#1548 = CARTESIAN_POINT ( 'NONE',  ( 6.518159558483771931, 0.1836808682103737433, 0.4211599370694040778 ) ) ;
#1549 = CARTESIAN_POINT ( 'NONE',  ( 0.4285922132863732581, 0.5398294316961129713, 3.877640610838354984 ) ) ;
#1550 = ORIENTED_EDGE ( 'NONE', *, *, #5164, .F. ) ;
#1551 = CARTESIAN_POINT ( 'NONE',  ( 0.02610364045683677414, 0.4456241721486515206, 0.7700611797176661888 ) ) ;
#1552 = CARTESIAN_POINT ( 'NONE',  ( 6.094999999999994422, -3.426829999999992715, 1.730000000000000204 ) ) ;
#1553 = EDGE_CURVE ( 'NONE', #4110, #1508, #2766, .T. ) ;
#1554 = CARTESIAN_POINT ( 'NONE',  ( 3.592889109449001417, 3.692512944455525137, 4.075000000000000178 ) ) ;
#1555 = CARTESIAN_POINT ( 'NONE',  ( 6.478667409324224913, 0.7640709638702537498, 3.999330786400414173 ) ) ;
#1556 = CARTESIAN_POINT ( 'NONE',  ( 0.5707462164866263787, 0.1414578906437783390, 0.4829428907742865928 ) ) ;
#1557 =( LENGTH_UNIT ( ) NAMED_UNIT ( * ) SI_UNIT ( .MILLI., .METRE. ) );
#1558 = CARTESIAN_POINT ( 'NONE',  ( 0.000000000000000000, 0.4282172921980539892, 3.070000000000000728 ) ) ;
#1559 = ORIENTED_EDGE ( 'NONE', *, *, #6046, .F. ) ;
#1560 = CARTESIAN_POINT ( 'NONE',  ( 2.282951528264263619, 3.435802023743171230, 4.075000000000000178 ) ) ;
#1561 = FILL_AREA_STYLE_COLOUR ( '', #5311 ) ;
#1562 = CARTESIAN_POINT ( 'NONE',  ( 6.857941296359708616, 0.4319407365038271940, 3.712713674040693856 ) ) ;
#1563 = EDGE_LOOP ( 'NONE', ( #1689, #6061, #1801, #438 ) ) ;
#1564 = PLANE ( 'NONE',  #4668 ) ;
#1565 =( LENGTH_UNIT ( ) NAMED_UNIT ( * ) SI_UNIT ( .MILLI., .METRE. ) );
#1566 = LINE ( 'NONE', #2574, #4597 ) ;
#1567 = UNCERTAINTY_MEASURE_WITH_UNIT (LENGTH_MEASURE( 1.000000000000000082E-05 ), #6572, 'distance_accuracy_value', 'NONE');
#1568 = CARTESIAN_POINT ( 'NONE',  ( 6.195715257201637627, 0.9042925359842741706, 0.005154847357700486146 ) ) ;
#1569 = FILL_AREA_STYLE_COLOUR ( '', #1645 ) ;
#1570 = ORIENTED_EDGE ( 'NONE', *, *, #831, .F. ) ;
#1571 = VECTOR ( 'NONE', #4831, 1000.000000000000114 ) ;
#1572 = CARTESIAN_POINT ( 'NONE',  ( 0.9614804878484974893, 0.9492464158640191441, 0.001087058624145273347 ) ) ;
#1573 = COLOUR_RGB ( '',0.5647058823529411686, 0.3019607843137254721, 0.1294117647058823373 ) ;
#1574 = LINE ( 'NONE', #459, #2270 ) ;
#1575 = CARTESIAN_POINT ( 'NONE',  ( 1.639587906851881938, -3.478229556797518995, 2.340000000000000746 ) ) ;
#1576 = SURFACE_STYLE_FILL_AREA ( #3112 ) ;
#1577 = VECTOR ( 'NONE', #3866, 1000.000000000000000 ) ;
#1578 = VECTOR ( 'NONE', #515, 1000.000000000000227 ) ;
#1579 = CARTESIAN_POINT ( 'NONE',  ( 6.822662833056388543, 0.4282139319358044260, 0.3260087215081951539 ) ) ;
#1580 = CARTESIAN_POINT ( 'NONE',  ( 0.5877184729031645904, 0.6099249601698476519, 3.963186386474024214 ) ) ;
#1581 = ORIENTED_EDGE ( 'NONE', *, *, #121, .F. ) ;
#1582 =( NAMED_UNIT ( * ) SI_UNIT ( $, .STERADIAN. ) SOLID_ANGLE_UNIT ( ) );
#1583 = DIRECTION ( 'NONE',  ( -1.000000000000000000, 0.000000000000000000, 0.000000000000000000 ) ) ;
#1584 = CARTESIAN_POINT ( 'NONE',  ( 6.397413295115150333, 0.6791652022801047961, 4.008074334538891392 ) ) ;
#1585 = CARTESIAN_POINT ( 'NONE',  ( 0.8161533021734492799, 0.6323066505644727719, 0.07004923771886695238 ) ) ;
#1586 = CARTESIAN_POINT ( 'NONE',  ( 0.000000000000000000, 0.5000000000000000000, 3.070000000000000728 ) ) ;
#1587 = CARTESIAN_POINT ( 'NONE',  ( 0.5000000000000000000, 0.000000000000000000, 3.070000000000000728 ) ) ;
#1588 = COLOUR_RGB ( '',0.5647058823529411686, 0.3019607843137254721, 0.1294117647058823373 ) ;
#1589 = ORIENTED_EDGE ( 'NONE', *, *, #3132, .F. ) ;
#1590 = LINE ( 'NONE', #4111, #5917 ) ;
#1591 = CARTESIAN_POINT ( 'NONE',  ( 6.822234181531777075, 0.1146815232552208380, 3.477437243065212069 ) ) ;
#1592 = SURFACE_STYLE_USAGE ( .BOTH. , #474 ) ;
#1593 = AXIS2_PLACEMENT_3D ( 'NONE', #640, #3193, #63 ) ;
#1594 = AXIS2_PLACEMENT_3D ( 'NONE', #6547, #2296, #819 ) ;
#1595 = CARTESIAN_POINT ( 'NONE',  ( 7.003281854186504951, 0.4898575508201779005, 0.5438954783267914150 ) ) ;
#1596 = SURFACE_STYLE_FILL_AREA ( #3166 ) ;
#1597 = LINE ( 'NONE', #541, #785 ) ;
#1598 = CARTESIAN_POINT ( 'NONE',  ( 6.094999999999994422, -3.426829999999992715, 2.340000000000000302 ) ) ;
#1599 = CARTESIAN_POINT ( 'NONE',  ( 3.875659152710461353, 3.629039920970799304, 4.075000000000000178 ) ) ;
#1600 = CARTESIAN_POINT ( 'NONE',  ( 0.4368664499260461742, 0.6373899819204753570, 0.1742979060467043928 ) ) ;
#1601 = CARTESIAN_POINT ( 'NONE',  ( 6.148519525183338885, 0.9492464348373087502, 0.001087057908124231627 ) ) ;
#1602 = CARTESIAN_POINT ( 'NONE',  ( 1.000000000000000000, 1.000000000000000000, 4.070000000000000284 ) ) ;
#1603 = ORIENTED_EDGE ( 'NONE', *, *, #6525, .T. ) ;
#1604 = CARTESIAN_POINT ( 'NONE',  ( 1.624995231727282441, -10.42924190173453702, 1.729999999999999760 ) ) ;
#1605 = CARTESIAN_POINT ( 'NONE',  ( 2.158550336208844733, -3.387925984182044381, 2.340000000000000746 ) ) ;
#1606 = SURFACE_STYLE_USAGE ( .BOTH. , #3680 ) ;
#1607 = B_SPLINE_CURVE_WITH_KNOTS ( 'NONE', 3,
 ( #3835, #3938, #911, #2970, #241, #3435, #4364, #313, #5928, #4493, #1890, #4397, #6453, #2941, #5480, #1798, #6003, #6035, #4899, #2394 ),
 .UNSPECIFIED., .F., .F.,
 ( 4, 1, 1, 1, 1, 1, 1, 1, 1, 1, 1, 1, 1, 1, 1, 1, 1, 4 ),
 ( 0.000000000000000000, 0.06218578512488857207, 0.1166294419295892670, 0.1648481812090131782, 0.2084255885910400452, 0.2493461803357356066, 0.2884584599461608723, 0.3649277418574288223, 0.4434213933723352707, 0.5239092198959717228, 0.6426297435126112623, 0.7501596148163258704, 0.7859142909927852028, 0.8259429660877530832, 0.8688256463525747542, 0.9122600832691474260, 0.9544039555856038692, 1.000000000000000000 ),
 .UNSPECIFIED. ) ;
#1608 = CARTESIAN_POINT ( 'NONE',  ( 6.732913868823247938, 0.6439496466093125315, 0.2171863311997091484 ) ) ;
#1609 = CARTESIAN_POINT ( 'NONE',  ( 0.6984653481110895124, 0.3969306938646311456, 3.868254775784154553 ) ) ;
#1610 = ORIENTED_EDGE ( 'NONE', *, *, #6348, .T. ) ;
#1611 = EDGE_CURVE ( 'NONE', #1330, #2341, #113, .T. ) ;
#1612 = LINE ( 'NONE', #4718, #656 ) ;
#1613 = DIRECTION ( 'NONE',  ( 1.000000000000000000, 0.000000000000000000, 0.000000000000000000 ) ) ;
#1614 = CARTESIAN_POINT ( 'NONE',  ( 6.448126185945832312, 0.8309369057050818297, 4.011652566276023180 ) ) ;
#1615 = DIRECTION ( 'NONE',  ( 0.000000000000000000, 0.000000000000000000, -1.000000000000000000 ) ) ;
#1616 = CARTESIAN_POINT ( 'NONE',  ( 4.494999999999999218, -1.976830000000000087, 1.730000000000000204 ) ) ;
#1617 = CARTESIAN_POINT ( 'NONE',  ( 0.2817720967774872132, 0.05555435654791659322, 3.321565795525401654 ) ) ;
#1618 = MECHANICAL_DESIGN_GEOMETRIC_PRESENTATION_REPRESENTATION (  '', ( #1299 ), #2811 ) ;
#1619 = ORIENTED_EDGE ( 'NONE', *, *, #4041, .T. ) ;
#1620 = FILL_AREA_STYLE ('',( #2154 ) ) ;
#1621 = CARTESIAN_POINT ( 'NONE',  ( 2.282951528264263619, 3.435802023743171230, 4.075000000000000178 ) ) ;
#1622 = CARTESIAN_POINT ( 'NONE',  ( 6.865613950094815898, 0.2013304662529444289, 3.594183061713394078 ) ) ;
#1623 = CARTESIAN_POINT ( 'NONE',  ( 3.430890386570552231, 3.090525030000000228, 4.075000000000000178 ) ) ;
#1624 =( GEOMETRIC_REPRESENTATION_CONTEXT ( 3 ) GLOBAL_UNCERTAINTY_ASSIGNED_CONTEXT ( ( #172 ) ) GLOBAL_UNIT_ASSIGNED_CONTEXT ( ( #1357, #5025, #400 ) ) REPRESENTATION_CONTEXT ( 'NONE', 'WORKASPACE' ) );
#1626 = CARTESIAN_POINT ( 'NONE',  ( 0.2853000156991764569, 0.5413494471025557253, 0.3035910402129028962 ) ) ;
#1625 = DIRECTION ( 'NONE',  ( -1.000000000000000000, 0.000000000000000000, 0.000000000000000000 ) ) ;
#1627 = COLOUR_RGB ( '',1.000000000000000000, 0.8431372549019607865, 0.1333333333333333315 ) ;
#1628 = CARTESIAN_POINT ( 'NONE',  ( 0.8223410737148382221, 0.6446722446601717005, 4.004745654131846244 ) ) ;
#1629 = CYLINDRICAL_SURFACE ( 'NONE', #1594, 1.000000000000000000 ) ;
#1630 = EDGE_CURVE ( 'NONE', #1375, #966, #4318, .T. ) ;
#1631 =( LENGTH_UNIT ( ) NAMED_UNIT ( * ) SI_UNIT ( .MILLI., .METRE. ) );
#1632 = CARTESIAN_POINT ( 'NONE',  ( 3.276479083073879472, 3.692512944455525137, 4.075000000000000178 ) ) ;
#1633 = VECTOR ( 'NONE', #4477, 1000.000000000000000 ) ;
#1634 = CARTESIAN_POINT ( 'NONE',  ( 0.4169249616547249793, 0.6670000910924605009, 0.1866933515428683688 ) ) ;
#1635 = CARTESIAN_POINT ( 'NONE',  ( 6.860856132284959941, 0.01521956021786943086, 0.9411112046959119182 ) ) ;
#1636 = LINE ( 'NONE', #2635, #1787 ) ;
#1637 =( GEOMETRIC_REPRESENTATION_CONTEXT ( 3 ) GLOBAL_UNCERTAINTY_ASSIGNED_CONTEXT ( ( #3544 ) ) GLOBAL_UNIT_ASSIGNED_CONTEXT ( ( #4986, #1912, #2108 ) ) REPRESENTATION_CONTEXT ( 'NONE', 'WORKASPACE' ) );
#1638 = CARTESIAN_POINT ( 'NONE',  ( 6.159523645089054256, 0.9602604554214905219, 0.001056602259973149363 ) ) ;
#1639 = CARTESIAN_POINT ( 'NONE',  ( 0.9731773151642385544, 0.9827471387100826794, 4.070000000000000284 ) ) ;
#1640 = AXIS2_PLACEMENT_3D ( 'NONE', #4548, #2448, #3018 ) ;
#1641 = DIRECTION ( 'NONE',  ( -0.000000000000000000, -0.000000000000000000, -1.000000000000000000 ) ) ;
#1642 = CARTESIAN_POINT ( 'NONE',  ( 2.898067905897503849, -2.966805191560653032, 2.340000000000000302 ) ) ;
#1643 = UNCERTAINTY_MEASURE_WITH_UNIT (LENGTH_MEASURE( 1.000000000000000082E-05 ), #4453, 'distance_accuracy_value', 'NONE');
#1644 = CARTESIAN_POINT ( 'NONE',  ( 4.766310632698917082, -2.651590930006802349, 1.730000000000000426 ) ) ;
#1645 = COLOUR_RGB ( '',0.5647058823529411686, 0.3019607843137254721, 0.1294117647058823373 ) ;
#1646 = VECTOR ( 'NONE', #2826, 1000.000000000000114 ) ;
#1647 = CARTESIAN_POINT ( 'NONE',  ( 6.630992670758888430, 0.5806577154119392237, 0.1562671240573973996 ) ) ;
#1648 = CARTESIAN_POINT ( 'NONE',  ( 0.5806576394148517117, 0.4790073928941185333, 3.913732894640032711 ) ) ;
#1649 = ORIENTED_EDGE ( 'NONE', *, *, #2364, .T. ) ;
#1650 = CARTESIAN_POINT ( 'NONE',  ( 0.005380749248660113108, 0.5026903577973377280, 0.8782887918487742862 ) ) ;
#1651 = CARTESIAN_POINT ( 'NONE',  ( 4.211932094102493807, -2.966805191560651700, 1.730000000000000204 ) ) ;
#1652 = LINE ( 'NONE', #4236, #4543 ) ;
#1653 = CARTESIAN_POINT ( 'NONE',  ( 6.374118041836815962, 0.7991146776433449839, 4.032756413572720966 ) ) ;
#1654 = VECTOR ( 'NONE', #4525, 1000.000000000000000 ) ;
#1655 = CARTESIAN_POINT ( 'NONE',  ( 6.263743703939152141, 0.6925125960828293348, 4.021972930065499163 ) ) ;
#1656 = CARTESIAN_POINT ( 'NONE',  ( 3.183337824418954742, -2.399057639724790914, 1.730000000000000204 ) ) ;
#1657 = CARTESIAN_POINT ( 'NONE',  ( 0.1301061833521497679, 0.2209510520020942226, 3.450908163351828151 ) ) ;
#1658 = PLANE ( 'NONE',  #3658 ) ;
#1659 = FILL_AREA_STYLE ('',( #1073 ) ) ;
#1660 = CARTESIAN_POINT ( 'NONE',  ( 2.183307831602216087, 3.090525030000000228, 4.075000000000000178 ) ) ;
#1661 = CARTESIAN_POINT ( 'NONE',  ( 6.754704822353178706, 0.1979479144221004960, 3.639734113763179568 ) ) ;
#1662 = COLOUR_RGB ( '',0.5647058823529411686, 0.3019607843137254721, 0.1294117647058823373 ) ;
#1663 = EDGE_CURVE ( 'NONE', #3494, #446, #4897, .T. ) ;
#1664 = ADVANCED_FACE ( 'NONE', ( #3832 ), #817, .F. ) ;
#1665 = CARTESIAN_POINT ( 'NONE',  ( 0.5715514029675030638, 0.1430801583267610477, 3.586474704270081304 ) ) ;
#1666 = DIRECTION ( 'NONE',  ( 0.000000000000000000, 0.000000000000000000, 1.000000000000000000 ) ) ;
#1667 = FILL_AREA_STYLE_COLOUR ( '', #361 ) ;
#1668 =( NAMED_UNIT ( * ) PLANE_ANGLE_UNIT ( ) SI_UNIT ( $, .RADIAN. ) );
#1669 = CARTESIAN_POINT ( 'NONE',  ( 1.014999999999998126, -10.42682999999999716, 2.034999999999999698 ) ) ;
#1670 = CARTESIAN_POINT ( 'NONE',  ( 0.6829483547794233944, 0.4440189110897628799, 0.1680801174257003650 ) ) ;
#1671 = CARTESIAN_POINT ( 'NONE',  ( 6.964471656486126427, 0.04481223431971709248, 0.9999999999999991118 ) ) ;
#1672 = CARTESIAN_POINT ( 'NONE',  ( 6.598840299606568038, 0.7556451090431159923, 0.1269821814259659842 ) ) ;
#1673 = CARTESIAN_POINT ( 'NONE',  ( 6.249133602384703501, 0.9108817893586140801, 0.009697158919793544274 ) ) ;
#1674 = DIRECTION ( 'NONE',  ( 0.000000000000000000, 0.000000000000000000, 1.000000000000000000 ) ) ;
#1675 = SURFACE_STYLE_USAGE ( .BOTH. , #1744 ) ;
#1676 = CARTESIAN_POINT ( 'NONE',  ( 3.224868535347960474, -2.028836699693395751, 2.340000000000000302 ) ) ;
#1677 = CARTESIAN_POINT ( 'NONE',  ( 5.096997556119359452, -2.794514615189092055, 1.730000000000000426 ) ) ;
#1678 = SURFACE_STYLE_FILL_AREA ( #116 ) ;
#1679 = CARTESIAN_POINT ( 'NONE',  ( 6.746083728386329526, 0.6364747256171339185, 0.2277916301571824287 ) ) ;
#1680 = CARTESIAN_POINT ( 'NONE',  ( 0.5047620244161519221, 0.6018216721185326579, 3.929448738964357091 ) ) ;
#1681 = ORIENTED_EDGE ( 'NONE', *, *, #2909, .F. ) ;
#1682 = VECTOR ( 'NONE', #4977, 1000.000000000000000 ) ;
#1683 = CARTESIAN_POINT ( 'NONE',  ( 0.009795741201697813136, 0.3627408952950909038, 0.8698030663540544660 ) ) ;
#1684 = DIRECTION ( 'NONE',  ( 1.548860246407863583E-16, -1.000000000000000000, 0.000000000000000000 ) ) ;
#1685 = CARTESIAN_POINT ( 'NONE',  ( 6.236699196495286479, 0.8982810949471716766, 4.061417811811628198 ) ) ;
#1686 = VECTOR ( 'NONE', #5137, 1000.000000000000000 ) ;
#1687 = CARTESIAN_POINT ( 'NONE',  ( 2.898067905897503849, -2.966805191560653032, 1.730000000000000426 ) ) ;
#1688 = CARTESIAN_POINT ( 'NONE',  ( 0.1045363540867928348, 0.1986026311443579995, 3.373117686090627565 ) ) ;
#1689 = ORIENTED_EDGE ( 'NONE', *, *, #3580, .T. ) ;
#1690 = PLANE ( 'NONE',  #4005 ) ;
#1691 =( LENGTH_UNIT ( ) NAMED_UNIT ( * ) SI_UNIT ( .MILLI., .METRE. ) );
#1692 = LINE ( 'NONE', #1763, #3105 ) ;
#1693 = CARTESIAN_POINT ( 'NONE',  ( 6.803538062870529757, 0.2258227924958980393, 3.650260472638615195 ) ) ;
#1694 = DIRECTION ( 'NONE',  ( 0.000000000000000000, 0.000000000000000000, -1.000000000000000000 ) ) ;
#1695 = SURFACE_SIDE_STYLE ('',( #2668 ) ) ;
#1696 = SURFACE_STYLE_FILL_AREA ( #4221 ) ;
#1697 = VECTOR ( 'NONE', #1462, 1000.000000000000000 ) ;
#1698 = ADVANCED_FACE ( 'NONE', ( #4489 ), #1439, .T. ) ;
#1699 = DIRECTION ( 'NONE',  ( 1.000000000000000000, 0.000000000000000000, 0.000000000000000000 ) ) ;
#1700 = CARTESIAN_POINT ( 'NONE',  ( 0.8604076816055324928, 0.8166001271927009197, 0.01775048422998448325 ) ) ;
#1701 = VECTOR ( 'NONE', #5340, 1000.000000000000000 ) ;
#1702 = CARTESIAN_POINT ( 'NONE',  ( 0.5830497699903169906, 0.6656343730915397217, 0.09872997751521700449 ) ) ;
#1703 = PRESENTATION_LAYER_ASSIGNMENT (  '', '', ( #5587 ) ) ;
#1704 = CARTESIAN_POINT ( 'NONE',  ( 6.153398615745092393, 0.9541508155761732057, 0.001003002085490639324 ) ) ;
#1705 = CARTESIAN_POINT ( 'NONE',  ( 0.9773845427187343171, 0.9785633767648075354, 4.070000000000000284 ) ) ;
#1706 = DIRECTION ( 'NONE',  ( 0.000000000000000000, 1.000000000000000000, 0.000000000000000000 ) ) ;
#1707 = CARTESIAN_POINT ( 'NONE',  ( 1.784538395281410450, -2.840088667668843492, 2.340000000000000746 ) ) ;
#1708 = EDGE_CURVE ( 'NONE', #2592, #3400, #2841, .T. ) ;
#1709 = CARTESIAN_POINT ( 'NONE',  ( 4.670083912887823097, -3.300831653889073625, 1.730000000000000204 ) ) ;
#1710 = CARTESIAN_POINT ( 'NONE',  ( 6.632188352138023824, 0.5055725312282081108, 0.1745842143115978740 ) ) ;
#1711 = CARTESIAN_POINT ( 'NONE',  ( 0.4169249560318765702, 0.6670000950772940751, 3.883306643990853679 ) ) ;
#1712 = ORIENTED_EDGE ( 'NONE', *, *, #1748, .F. ) ;
#1713 = ADVANCED_FACE ( 'NONE', ( #373 ), #5963, .T. ) ;
#1714 = CARTESIAN_POINT ( 'NONE',  ( 3.224868535347960474, -2.028836699693395751, 1.730000000000000426 ) ) ;
#1715 = SURFACE_STYLE_USAGE ( .BOTH. , #4815 ) ;
#1716 = CARTESIAN_POINT ( 'NONE',  ( 6.169622183192196019, 0.9701889080735708326, 4.068577835119493002 ) ) ;
#1717 = PLANE ( 'NONE',  #1403 ) ;
#1718 = CARTESIAN_POINT ( 'NONE',  ( 6.648764344636026280, 0.05436478705530289196, 0.6725772015923959790 ) ) ;
#1719 = LINE ( 'NONE', #4239, #1242 ) ;
#1720 = CARTESIAN_POINT ( 'NONE',  ( 0.05963651521906561392, 0.1588748698784234747, 3.209555893768015533 ) ) ;
#1721 = ORIENTED_EDGE ( 'NONE', *, *, #2768, .T. ) ;
#1722 = ORIENTED_EDGE ( 'NONE', *, *, #2442, .T. ) ;
#1723 = CARTESIAN_POINT ( 'NONE',  ( 2.185130917455967214, 3.692512944455525137, 4.070000000000000284 ) ) ;
#1724 = PLANE ( 'NONE',  #513 ) ;
#1725 = CARTESIAN_POINT ( 'NONE',  ( 6.772134251584298603, 0.6218495929358675012, 3.820065092872543477 ) ) ;
#1726 = DIRECTION ( 'NONE',  ( -0.000000000000000000, -0.000000000000000000, -1.000000000000000000 ) ) ;
#1727 =( LENGTH_UNIT ( ) NAMED_UNIT ( * ) SI_UNIT ( .MILLI., .METRE. ) );
#1729 = CARTESIAN_POINT ( 'NONE',  ( 7.110000000000000320, 0.5000000000000000000, 1.288833333333332165 ) ) ;
#1728 = AXIS2_PLACEMENT_3D ( 'NONE', #3629, #4113, #5711 ) ;
#1730 = VECTOR ( 'NONE', #3812, 1000.000000000000114 ) ;
#1731 = CARTESIAN_POINT ( 'NONE',  ( 0.5000000000000000000, 0.000000000000000000, 4.273500000000000298 ) ) ;
#1732 = CARTESIAN_POINT ( 'NONE',  ( 6.094999999999994422, -3.426829999999992715, 1.730000000000000204 ) ) ;
#1733 =( NAMED_UNIT ( * ) PLANE_ANGLE_UNIT ( ) SI_UNIT ( $, .RADIAN. ) );
#1734 = DIRECTION ( 'NONE',  ( 0.000000000000000000, 0.000000000000000000, 1.000000000000000000 ) ) ;
#1735 = CARTESIAN_POINT ( 'NONE',  ( 6.860856093750816953, 0.01521955366892198402, 3.128888795304094028 ) ) ;
#1736 = CARTESIAN_POINT ( 'NONE',  ( 0.8479653445582265858, 0.9239826706298717163, 0.01149905558601784297 ) ) ;
#1737 = MECHANICAL_DESIGN_GEOMETRIC_PRESENTATION_REPRESENTATION (  '', ( #1412 ), #5720 ) ;
#1738 = CARTESIAN_POINT ( 'NONE',  ( 0.5859491528814783079, 0.7650281450203065825, 0.08901408512518327321 ) ) ;
#1739 = UNCERTAINTY_MEASURE_WITH_UNIT (LENGTH_MEASURE( 1.000000000000000082E-05 ), #4732, 'distance_accuracy_value', 'NONE');
#1740 = CARTESIAN_POINT ( 'NONE',  ( 7.110000000000000320, 0.5000000000000000000, 1.000000000000000000 ) ) ;
#1741 = ADVANCED_FACE ( 'NONE', ( #3373 ), #972, .F. ) ;
#1742 = SURFACE_SIDE_STYLE ('',( #6389 ) ) ;
#1743 = AXIS2_PLACEMENT_3D ( 'NONE', #4620, #5183, #2556 ) ;
#1744 = SURFACE_SIDE_STYLE ('',( #4808 ) ) ;
#1745 = FILL_AREA_STYLE ('',( #2234 ) ) ;
#1746 = AXIS2_PLACEMENT_3D ( 'NONE', #3744, #3811, #5314 ) ;
#1747 = CARTESIAN_POINT ( 'NONE',  ( 5.552154447933728143, -3.507746240469660215, 2.340000000000000302 ) ) ;
#1748 = EDGE_CURVE ( 'NONE', #3729, #5101, #4633, .T. ) ;
#1749 = CARTESIAN_POINT ( 'NONE',  ( 6.681407786713728925, 0.5398294316959274530, 0.1923593891620287155 ) ) ;
#1750 = CARTESIAN_POINT ( 'NONE',  ( 0.8771950238598457128, 0.7543900526677879137, 4.039586723070482499 ) ) ;
#1751 = CARTESIAN_POINT ( 'NONE',  ( 2.587099284624900353, -2.262817522373828272, 2.339999999999999414 ) ) ;
#1752 = CARTESIAN_POINT ( 'NONE',  ( 6.324371272775935360, 0.8928143613029982939, 4.046880152285962318 ) ) ;
#1753 = CARTESIAN_POINT ( 'NONE',  ( 2.905331116815264014, 3.354671063943200249, 4.075000000000000178 ) ) ;
#1754 = CARTESIAN_POINT ( 'NONE',  ( 6.822234309356523418, 0.1146815852974851641, 0.5925627302050225920 ) ) ;
#1755 = EDGE_CURVE ( 'NONE', #2067, #3075, #1490, .T. ) ;
#1756 = CARTESIAN_POINT ( 'NONE',  ( 1.083129567515950686, -3.134134918331347830, 1.729999999999999538 ) ) ;
#1757 = EDGE_CURVE ( 'NONE', #5414, #540, #1955, .T. ) ;
#1758 = CARTESIAN_POINT ( 'NONE',  ( 0.1225215129886258053, 0.1702285897108043733, 3.375509673664758736 ) ) ;
#1759 = ORIENTED_EDGE ( 'NONE', *, *, #1901, .F. ) ;
#1760 = ORIENTED_EDGE ( 'NONE', *, *, #335, .F. ) ;
#1761 = PRESENTATION_STYLE_ASSIGNMENT (( #4759 ) ) ;
#1762 = COLOUR_RGB ( '',0.5647058823529411686, 0.3019607843137254721, 0.1294117647058823373 ) ;
#1763 = CARTESIAN_POINT ( 'NONE',  ( 2.012129999999999974, 3.090525030000000228, 4.070000000000000284 ) ) ;
#1764 = CARTESIAN_POINT ( 'NONE',  ( 6.726085141697147662, 0.4477739301243001124, 3.821636786163621569 ) ) ;
#1765 = PRESENTATION_STYLE_ASSIGNMENT (( #5890 ) ) ;
#1766 = CARTESIAN_POINT ( 'NONE',  ( 0.7147118870088369214, 0.4292599215700571569, 3.891752224082974276 ) ) ;
#1767 = COLOUR_RGB ( '',0.5647058823529411686, 0.3019607843137254721, 0.1294117647058823373 ) ;
#1768 = FILL_AREA_STYLE_COLOUR ( '', #388 ) ;
#1769 = DIRECTION ( 'NONE',  ( 0.000000000000000000, 0.000000000000000000, -1.000000000000000000 ) ) ;
#1770 = CARTESIAN_POINT ( 'NONE',  ( 2.937081356610682370, 3.465957979040120929, 4.075000000000000178 ) ) ;
#1771 = CARTESIAN_POINT ( 'NONE',  ( 7.065187765110678697, 0.1455283342404255220, 3.128888795304090475 ) ) ;
#1772 = FACE_OUTER_BOUND ( 'NONE', #1876, .T. ) ;
#1773 = CARTESIAN_POINT ( 'NONE',  ( 0.1479262767265075718, 0.1940742861657270002, 0.6160539123136055117 ) ) ;
#1774 = CARTESIAN_POINT ( 'NONE',  ( 3.946437330525461640, 3.090525030000000228, 4.075000000000000178 ) ) ;
#1775 = PRESENTATION_STYLE_ASSIGNMENT (( #6427 ) ) ;
#1776 = CARTESIAN_POINT ( 'NONE',  ( 5.108351678599091450, -2.059139914636204605, 2.340000000000000302 ) ) ;
#1777 = CARTESIAN_POINT ( 'NONE',  ( 3.430890386570552231, 3.090525030000000228, 4.075000000000000178 ) ) ;
#1778 = CARTESIAN_POINT ( 'NONE',  ( 1.533525453493402413, -2.877802867496529249, 1.729999999999999760 ) ) ;
#1779 = CARTESIAN_POINT ( 'NONE',  ( 5.470412093148114607, -3.478229556797521216, 2.340000000000000302 ) ) ;
#1780 = B_SPLINE_CURVE_WITH_KNOTS ( 'NONE', 3,
 ( #2207, #5323, #5737, #1751, #5360, #634, #5880, #2686, #3687, #3217, #4169, #2791, #6261, #3184, #2752, #5287, #3651, #2718, #1203, #4720 ),
 .UNSPECIFIED., .F., .F.,
 ( 4, 1, 1, 1, 1, 1, 1, 1, 1, 1, 1, 1, 1, 1, 1, 1, 1, 4 ),
 ( 0.000000000000000000, 0.06218578512488843330, 0.1166294419295891005, 0.1648481812090129561, 0.2084255885910391293, 0.2493461803357351347, 0.2884584599461604837, 0.3649277418574276566, 0.4434213933723337164, 0.5239092198959711677, 0.6426297435126099300, 0.7501596148163247602, 0.7859142909927842036, 0.8259429660877520840, 0.8688256463525744211, 0.9122600832691466488, 0.9544039555856032031, 1.000000000000000000 ),
 .UNSPECIFIED. ) ;
#1781 = CARTESIAN_POINT ( 'NONE',  ( 6.583204273977155907, 0.5758046737280609895, 0.1354905351165321403 ) ) ;
#1782 = CARTESIAN_POINT ( 'NONE',  ( 0.8398082094528593888, 0.7896224697174992757, 4.046617836397986778 ) ) ;
#1783 = ORIENTED_EDGE ( 'NONE', *, *, #2931, .T. ) ;
#1784 = CARTESIAN_POINT ( 'NONE',  ( 6.208587477255158582, 0.8702066733642173091, 4.061184592505894031 ) ) ;
#1785 = CARTESIAN_POINT ( 'NONE',  ( 6.369572177098568488, 0.4808556410900199363, 3.925106382283369388 ) ) ;
#1786 = CARTESIAN_POINT ( 'NONE',  ( 6.585813987743375897, 0.04837202599880126297, 0.6912247786965197704 ) ) ;
#1787 = VECTOR ( 'NONE', #6122, 1000.000000000000000 ) ;
#1788 = CARTESIAN_POINT ( 'NONE',  ( 0.4052519334372490234, -3.386286351574848474, 2.340000000000000302 ) ) ;
#1789 = CARTESIAN_POINT ( 'NONE',  ( 0.5638768693765034978, 0.1277537150284638601, 3.564030706394341941 ) ) ;
#1790 = ORIENTED_EDGE ( 'NONE', *, *, #2277, .F. ) ;
#1791 = VERTEX_POINT ( 'NONE', #3497 ) ;
#1792 = DIRECTION ( 'NONE',  ( -0.05375259206908437198, -0.9985542843760946141, 0.000000000000000000 ) ) ;
#1793 = COLOUR_RGB ( '',0.8980392156862745390, 0.9215686274509803377, 0.9294117647058823817 ) ;
#1794 = CARTESIAN_POINT ( 'NONE',  ( 6.733579265013613480, 0.4100097802317925200, 3.801715293807773399 ) ) ;
#1795 = AXIS2_PLACEMENT_3D ( 'NONE', #6240, #3135, #5788 ) ;
#1796 = EDGE_CURVE ( 'NONE', #4758, #2049, #2999, .T. ) ;
#1797 = CARTESIAN_POINT ( 'NONE',  ( 6.457319279729291317, 0.3053614405555012401, 3.789575002928430969 ) ) ;
#1798 = CARTESIAN_POINT ( 'NONE',  ( 6.026870432484038531, -3.134134918331350494, 2.339999999999999858 ) ) ;
#1799 = SURFACE_SIDE_STYLE ('',( #2188 ) ) ;
#1800 = CARTESIAN_POINT ( 'NONE',  ( 4.150388599917829602, 3.205075560774861998, 4.075000000000000178 ) ) ;
#1801 = ORIENTED_EDGE ( 'NONE', *, *, #5592, .F. ) ;
#1802 = LINE ( 'NONE', #5304, #3839 ) ;
#1803 = EDGE_CURVE ( 'NONE', #1258, #3289, #3754, .T. ) ;
#1804 = CARTESIAN_POINT ( 'NONE',  ( 1.000000000000000000, 1.000000000000000000, 0.000000000000000000 ) ) ;
#1805 = CARTESIAN_POINT ( 'NONE',  ( 6.594722369106928106, 0.03055524845402596973, 0.7527874212582638114 ) ) ;
#1806 = LINE ( 'NONE', #4295, #2100 ) ;
#1807 = CARTESIAN_POINT ( 'NONE',  ( 1.000000000000000000, 5.733170000000000321, 3.070000000000000728 ) ) ;
#1808 = CARTESIAN_POINT ( 'NONE',  ( 4.908992986904658018, -2.734408250270128793, 2.339999999999999414 ) ) ;
#1809 = CARTESIAN_POINT ( 'NONE',  ( 2.013002443880638648, -2.794514615189089390, 1.730000000000000204 ) ) ;
#1810 = VECTOR ( 'NONE', #3340, 1000.000000000000000 ) ;
#1811 = CARTESIAN_POINT ( 'NONE',  ( 4.087669531477750695, -2.799291741997139482, 1.730000000000000426 ) ) ;
#1812 =( GEOMETRIC_REPRESENTATION_CONTEXT ( 3 ) GLOBAL_UNCERTAINTY_ASSIGNED_CONTEXT ( ( #3279 ) ) GLOBAL_UNIT_ASSIGNED_CONTEXT ( ( #1178, #3198, #137 ) ) REPRESENTATION_CONTEXT ( 'NONE', 'WORKASPACE' ) );
#1813 = CARTESIAN_POINT ( 'NONE',  ( 6.473837440423622525, 0.7083366757224349719, 0.07474781237487951313 ) ) ;
#1814 = CARTESIAN_POINT ( 'NONE',  ( 0.7734570047686483152, 0.7606840232789375822, 4.035168621780492515 ) ) ;
#1815 = VERTEX_POINT ( 'NONE', #6298 ) ;
#1816 = ORIENTED_EDGE ( 'NONE', *, *, #4786, .F. ) ;
#1817 = CARTESIAN_POINT ( 'NONE',  ( 0.5000000000000000000, 0.000000000000000000, 1.000000000000013989 ) ) ;
#1818 = CARTESIAN_POINT ( 'NONE',  ( 6.220642892262358892, 0.9292606000154485235, 4.063945746927241309 ) ) ;
#1819 = CARTESIAN_POINT ( 'NONE',  ( 6.995318476745447711, 0.2877658184690832233, 0.5925627569381946014 ) ) ;
#1820 = CARTESIAN_POINT ( 'NONE',  ( 2.004868535347958503, -2.028836699693395751, 2.340000000000000302 ) ) ;
#1821 = EDGE_CURVE ( 'NONE', #1209, #5414, #3788, .T. ) ;
#1822 = CARTESIAN_POINT ( 'NONE',  ( 0.2692177514345919231, 0.1845943674401160084, 3.590716999329313541 ) ) ;
#1823 = ORIENTED_EDGE ( 'NONE', *, *, #5164, .T. ) ;
#1824 = ORIENTED_EDGE ( 'NONE', *, *, #1796, .F. ) ;
#1825 = SURFACE_STYLE_FILL_AREA ( #1318 ) ;
#1826 = SURFACE_STYLE_FILL_AREA ( #5474 ) ;
#1827 = CARTESIAN_POINT ( 'NONE',  ( 6.515859660099656558, 0.2879471331310778925, 3.773477595940552654 ) ) ;
#1828 = CARTESIAN_POINT ( 'NONE',  ( 0.6231802303408319199, 0.2463604577287916153, 0.3417827215314861999 ) ) ;
#1829 = CARTESIAN_POINT ( 'NONE',  ( 6.438073204527391624, 0.3438535902385537191, 3.824787482664450788 ) ) ;
#1830 = CARTESIAN_POINT ( 'NONE',  ( 2.408195296242511940, 3.090525030000000228, 4.075000000000000178 ) ) ;
#1831 = FACE_OUTER_BOUND ( 'NONE', #3366, .T. ) ;
#1832 = PRESENTATION_LAYER_ASSIGNMENT (  '', '', ( #6051 ) ) ;
#1833 = ORIENTED_EDGE ( 'NONE', *, *, #414, .T. ) ;
#1834 = CARTESIAN_POINT ( 'NONE',  ( 6.471176512528411529, 0.8194120372079876091, 4.002507796877558199 ) ) ;
#1835 = LINE ( 'NONE', #209, #2591 ) ;
#1836 = CARTESIAN_POINT ( 'NONE',  ( 0.07698057363734238379, 0.4058303406429233373, 0.6226262020417594467 ) ) ;
#1837 = ADVANCED_FACE ( 'NONE', ( #5289 ), #1717, .F. ) ;
#1838 = CARTESIAN_POINT ( 'NONE',  ( 6.232804976140110753, 0.7543900526677507212, 0.03041327692952772513 ) ) ;
#1839 = VECTOR ( 'NONE', #4457, 1000.000000000000000 ) ;
#1840 = CARTESIAN_POINT ( 'NONE',  ( 4.403965596038169394, -3.149735032738657736, 2.340000000000000302 ) ) ;
#1841 = CARTESIAN_POINT ( 'NONE',  ( 6.704995231727278515, -3.424418098265450627, 2.340000000000000302 ) ) ;
#1842 = CARTESIAN_POINT ( 'NONE',  ( 6.582249860506505179, 0.7317492935004791255, 0.1178480483380162785 ) ) ;
#1843 = CARTESIAN_POINT ( 'NONE',  ( 0.7052279524191304994, 0.8321331976920294249, 4.026030790865232412 ) ) ;
#1844 = VERTEX_POINT ( 'NONE', #1205 ) ;
#1845 = CARTESIAN_POINT ( 'NONE',  ( 0.000000000000000000, 5.733170000000000321, 1.000000000000000000 ) ) ;
#1846 = VECTOR ( 'NONE', #1535, 1000.000000000000000 ) ;
#1847 = FACE_OUTER_BOUND ( 'NONE', #270, .T. ) ;
#1848 = VECTOR ( 'NONE', #1349, 1000.000000000000000 ) ;
#1849 = CARTESIAN_POINT ( 'NONE',  ( 2.005000000000000338, -1.976830000000000087, 2.340000000000000302 ) ) ;
#1850 = CARTESIAN_POINT ( 'NONE',  ( 0.1468156950634683655, 0.3498474726963091141, 3.571925055921874925 ) ) ;
#1851 = ORIENTED_EDGE ( 'NONE', *, *, #5069, .F. ) ;
#1852 =( NAMED_UNIT ( * ) SI_UNIT ( $, .STERADIAN. ) SOLID_ANGLE_UNIT ( ) );
#1853 = CARTESIAN_POINT ( 'NONE',  ( 2.937081356610682370, 3.465957979040120929, 4.075000000000000178 ) ) ;
#1854 = CARTESIAN_POINT ( 'NONE',  ( 6.662225951255689615, 0.3839147601892135553, 3.821636766484613812 ) ) ;
#1855 = CARTESIAN_POINT ( 'NONE',  ( 0.5941403399038763800, 0.2879471331370068166, 0.2965224040499248592 ) ) ;
#1856 = PRESENTATION_LAYER_ASSIGNMENT (  '', '', ( #4223 ) ) ;
#1857 = MECHANICAL_DESIGN_GEOMETRIC_PRESENTATION_REPRESENTATION (  '', ( #5644 ), #1968 ) ;
#1858 = CARTESIAN_POINT ( 'NONE',  ( 6.110000000000000320, 6.733170000000000321, 1.000000000000000000 ) ) ;
#1859 = CARTESIAN_POINT ( 'NONE',  ( 6.906300582807149091, 0.6018497137819530662, 0.3939709458940220399 ) ) ;
#1860 = FACE_OUTER_BOUND ( 'NONE', #2096, .T. ) ;
#1861 = ORIENTED_EDGE ( 'NONE', *, *, #2523, .F. ) ;
#1862 = PLANE ( 'NONE',  #2775 ) ;
#1863 = CARTESIAN_POINT ( 'NONE',  ( 6.600303270639623854, 0.7549278092235870430, 3.943891596507377972 ) ) ;
#1864 = CARTESIAN_POINT ( 'NONE',  ( 2.937081356610682370, 3.465957979040120929, 4.075000000000000178 ) ) ;
#1865 = AXIS2_PLACEMENT_3D ( 'NONE', #2531, #1995, #4112 ) ;
#1866 = STYLED_ITEM ( 'NONE', ( #5803 ), #1152 ) ;
#1867 =( NAMED_UNIT ( * ) SI_UNIT ( $, .STERADIAN. ) SOLID_ANGLE_UNIT ( ) );
#1868 = CARTESIAN_POINT ( 'NONE',  ( 6.486819769659163626, 0.2463604577287825947, 0.3417827215314951372 ) ) ;
#1869 = CARTESIAN_POINT ( 'NONE',  ( 6.018593651126932897, -2.361692885623173588, 2.339999999999998970 ) ) ;
#1870 = FILL_AREA_STYLE ('',( #799 ) ) ;
#1871 = CARTESIAN_POINT ( 'NONE',  ( 1.132028831076766107, -3.069200569082297658, 1.730000000000000204 ) ) ;
#1872 = EDGE_CURVE ( 'NONE', #4747, #4726, #2912, .T. ) ;
#1873 = CARTESIAN_POINT ( 'NONE',  ( 6.696620701844502754, -3.216821133043449521, 2.340000000000000302 ) ) ;
#1874 = CARTESIAN_POINT ( 'NONE',  ( 6.456428440893776433, 0.6898419354435564310, 0.07246109234666406329 ) ) ;
#1875 = CARTESIAN_POINT ( 'NONE',  ( 0.7420190893241035424, 0.7926630198349963186, 4.033645004389700972 ) ) ;
#1876 = EDGE_LOOP ( 'NONE', ( #3860, #236, #1514, #4452 ) ) ;
#1877 = SURFACE_STYLE_FILL_AREA ( #3955 ) ;
#1878 = LINE ( 'NONE', #838, #1633 ) ;
#1879 =( NAMED_UNIT ( * ) SI_UNIT ( $, .STERADIAN. ) SOLID_ANGLE_UNIT ( ) );
#1880 = CARTESIAN_POINT ( 'NONE',  ( 2.706034403961829149, -3.149735032738656848, 2.340000000000000746 ) ) ;
#1881 = CARTESIAN_POINT ( 'NONE',  ( 0.2833077772071737055, 0.2423603350534981327, 3.653486405779490021 ) ) ;
#1882 = ORIENTED_EDGE ( 'NONE', *, *, #3499, .F. ) ;
#1883 = SURFACE_SIDE_STYLE ('',( #1356 ) ) ;
#1884 = CARTESIAN_POINT ( 'NONE',  ( 4.047065785670777238, 3.692512944455525137, 4.070000000000000284 ) ) ;
#1885 = CARTESIAN_POINT ( 'NONE',  ( 6.571654447349109418, 0.5630529188608912605, 3.935984612500932123 ) ) ;
#1886 = EDGE_CURVE ( 'NONE', #5569, #2067, #3310, .T. ) ;
#1888 = CARTESIAN_POINT ( 'NONE',  ( 0.5788746771148257642, 0.3456999304821302132, 0.2459017710854399519 ) ) ;
#1887 = DIRECTION ( 'NONE',  ( -0.000000000000000000, -0.000000000000000000, -1.000000000000000000 ) ) ;
#1889 = PLANE ( 'NONE',  #5499 ) ;
#1890 = CARTESIAN_POINT ( 'NONE',  ( 5.325461604718587871, -2.840088667668843492, 2.339999999999999858 ) ) ;
#1891 = DIRECTION ( 'NONE',  ( -0.000000000000000000, -0.000000000000000000, -1.000000000000000000 ) ) ;
#1892 = PRESENTATION_LAYER_ASSIGNMENT (  '', '', ( #385 ) ) ;
#1893 = ORIENTED_EDGE ( 'NONE', *, *, #5089, .F. ) ;
#1894 = CARTESIAN_POINT ( 'NONE',  ( 0.4039466255768757175, 0.7020415663998300637, 0.1964809664075209683 ) ) ;
#1895 = CARTESIAN_POINT ( 'NONE',  ( 6.966919841674258151, 0.5715514029670255569, 3.586474704268364011 ) ) ;
#1896 = CARTESIAN_POINT ( 'NONE',  ( 7.103818508094205342, 0.4335372491272045381, 3.200307766880445826 ) ) ;
#1897 = CARTESIAN_POINT ( 'NONE',  ( 0.2423603350528812095, 0.2833077772065055733, 0.4165135942214770459 ) ) ;
#1898 = EDGE_LOOP ( 'NONE', ( #1833, #651, #5597, #2943 ) ) ;
#1899 = AXIS2_PLACEMENT_3D ( 'NONE', #3637, #1084, #956 ) ;
#1900 = CARTESIAN_POINT ( 'NONE',  ( 1.046112895389681885, -3.211654731536665253, 1.730000000000000204 ) ) ;
#1901 = EDGE_CURVE ( 'NONE', #5920, #1531, #604, .T. ) ;
#1902 = CARTESIAN_POINT ( 'NONE',  ( 3.307048709871231118, 3.090525030000000228, 4.075000000000000178 ) ) ;
#1903 = CARTESIAN_POINT ( 'NONE',  ( 6.089661074966337573, -3.314044712266286385, 2.340000000000000746 ) ) ;
#1904 = CARTESIAN_POINT ( 'NONE',  ( 5.919345574722770564, -3.016415516703254251, 2.339999999999999858 ) ) ;
#1905 = AXIS2_PLACEMENT_3D ( 'NONE', #1255, #4900, #1769 ) ;
#1906 = CARTESIAN_POINT ( 'NONE',  ( 6.448126185945810107, 0.8309369057050770557, 0.05834743372396869465 ) ) ;
#1907 = CARTESIAN_POINT ( 'NONE',  ( 0.8339089793699937525, 0.8427443370951204216, 4.053493740569301451 ) ) ;
#1908 = ORIENTED_EDGE ( 'NONE', *, *, #6011, .T. ) ;
#1909 = CARTESIAN_POINT ( 'NONE',  ( 0.8006129544229377837, 0.6889664426537785991, 0.04951400717901827814 ) ) ;
#1910 = DIRECTION ( 'NONE',  ( -0.000000000000000000, 1.000000000000000000, -0.000000000000000000 ) ) ;
#1911 = VECTOR ( 'NONE', #2223, 1000.000000000000114 ) ;
#1912 =( NAMED_UNIT ( * ) PLANE_ANGLE_UNIT ( ) SI_UNIT ( $, .RADIAN. ) );
#1913 = MECHANICAL_DESIGN_GEOMETRIC_PRESENTATION_REPRESENTATION (  '', ( #5037 ), #5367 ) ;
#1914 = CARTESIAN_POINT ( 'NONE',  ( 2.356537550416343052, 3.692512944455525137, 4.075000000000000178 ) ) ;
#1915 = CARTESIAN_POINT ( 'NONE',  ( 1.784538395281410450, -2.840088667668843492, 2.340000000000000746 ) ) ;
#1916 = EDGE_CURVE ( 'NONE', #1247, #89, #4754, .T. ) ;
#1917 = CARTESIAN_POINT ( 'NONE',  ( 0.4328307505219715079, 0.1195240463958991695, 3.546744208265965259 ) ) ;
#1918 = ORIENTED_EDGE ( 'NONE', *, *, #346, .T. ) ;
#1919 = ORIENTED_EDGE ( 'NONE', *, *, #595, .F. ) ;
#1920 =( LENGTH_UNIT ( ) NAMED_UNIT ( * ) SI_UNIT ( .MILLI., .METRE. ) );
#1921 = SURFACE_STYLE_USAGE ( .BOTH. , #6029 ) ;
#1922 = CARTESIAN_POINT ( 'NONE',  ( 6.369572177098568488, 0.4808556410900199363, 3.925106382283369388 ) ) ;
#1924 = CARTESIAN_POINT ( 'NONE',  ( 0.6590250355897321333, 0.3180500710238762241, 0.2684037605593632136 ) ) ;
#1923 = DIRECTION ( 'NONE',  ( 0.000000000000000000, 0.000000000000000000, 1.000000000000000000 ) ) ;
#1925 = LINE ( 'NONE', #1286, #3006 ) ;
#1926 =( LENGTH_UNIT ( ) NAMED_UNIT ( * ) SI_UNIT ( .MILLI., .METRE. ) );
#1927 = ORIENTED_EDGE ( 'NONE', *, *, #3424, .F. ) ;
#1928 = CARTESIAN_POINT ( 'NONE',  ( 6.013933925505533640E-17, 0.4999998878239322320, 0.8643545503375037464 ) ) ;
#1929 = CARTESIAN_POINT ( 'NONE',  ( 7.067163807421035671, 0.3851855937092418802, 3.344082297942438498 ) ) ;
#1931 = CARTESIAN_POINT ( 'NONE',  ( 0.5638768693764953932, 0.1277537150284851208, 0.5059692936056128243 ) ) ;
#1930 = CARTESIAN_POINT ( 'NONE',  ( 1.867454551552433895, -2.201103246196135288, 1.730000000000000204 ) ) ;
#1932 = MECHANICAL_DESIGN_GEOMETRIC_PRESENTATION_REPRESENTATION (  '', ( #5161 ), #4301 ) ;
#1933 = VERTEX_POINT ( 'NONE', #5739 ) ;
#1934 = CARTESIAN_POINT ( 'NONE',  ( 1.132028831076766107, -3.069200569082297658, 1.730000000000000204 ) ) ;
#1935 = CARTESIAN_POINT ( 'NONE',  ( 3.243934446641114189, 3.577927635947331986, 4.075000000000000178 ) ) ;
#1936 = LINE ( 'NONE', #1442, #6515 ) ;
#1937 =( NAMED_UNIT ( * ) SI_UNIT ( $, .STERADIAN. ) SOLID_ANGLE_UNIT ( ) );
#1938 = CARTESIAN_POINT ( 'NONE',  ( 5.096997556119359452, -2.794514615189092055, 1.730000000000000426 ) ) ;
#1939 = CARTESIAN_POINT ( 'NONE',  ( 6.338200402229584363, 0.7158907245019906496, 0.04438268534656903547 ) ) ;
#1940 = CARTESIAN_POINT ( 'NONE',  ( 0.8702066733644200358, 0.9014125227448698263, 4.061184592505798996 ) ) ;
#1941 = ORIENTED_EDGE ( 'NONE', *, *, #3132, .T. ) ;
#1942 = CARTESIAN_POINT ( 'NONE',  ( 0.7606840232788354417, 0.7734570047685372929, 0.03483137821951022561 ) ) ;
#1943 = CARTESIAN_POINT ( 'NONE',  ( 6.110000000000000320, 1.000000000000000000, 4.070000000000000284 ) ) ;
#1944 = EDGE_CURVE ( 'NONE', #4641, #4928, #1062, .T. ) ;
#1945 = PRESENTATION_LAYER_ASSIGNMENT (  '', '', ( #3650 ) ) ;
#1946 =( NAMED_UNIT ( * ) SI_UNIT ( $, .STERADIAN. ) SOLID_ANGLE_UNIT ( ) );
#1947 = CARTESIAN_POINT ( 'NONE',  ( 7.057388700999435827, 0.5263375340166996930, 0.6794436599882125449 ) ) ;
#1948 = CARTESIAN_POINT ( 'NONE',  ( 0.4828032548582053551, 0.3567140596909905703, 3.814097226569993282 ) ) ;
#1949 = ORIENTED_EDGE ( 'NONE', *, *, #2508, .F. ) ;
#1950 = ORIENTED_EDGE ( 'NONE', *, *, #3397, .F. ) ;
#1951 =( LENGTH_UNIT ( ) NAMED_UNIT ( * ) SI_UNIT ( .MILLI., .METRE. ) );
#1952 = CARTESIAN_POINT ( 'NONE',  ( 6.563063147567120836, 0.6559430131681700527, 3.955457541540119859 ) ) ;
#1953 = EDGE_CURVE ( 'NONE', #396, #1258, #124, .T. ) ;
#1954 = MECHANICAL_DESIGN_GEOMETRIC_PRESENTATION_REPRESENTATION (  '', ( #6616 ), #2817 ) ;
#1956 = CARTESIAN_POINT ( 'NONE',  ( 0.3569684789848789341, 0.6784842400363919612, 0.2340425106239219233 ) ) ;
#1955 = LINE ( 'NONE', #6097, #6166 ) ;
#1957 = COLOUR_RGB ( '',0.5647058823529411686, 0.3019607843137254721, 0.1294117647058823373 ) ;
#1958 = STYLED_ITEM ( 'NONE', ( #1230 ), #5416 ) ;
#1959 = FACE_OUTER_BOUND ( 'NONE', #4518, .T. ) ;
#1960 = VECTOR ( 'NONE', #3925, 1000.000000000000000 ) ;
#1961 = VERTEX_POINT ( 'NONE', #4171 ) ;
#1962 = CARTESIAN_POINT ( 'NONE',  ( 0.1117274117978777070, 0.5558559526891719837, 0.5404026225684374074 ) ) ;
#1963 = CARTESIAN_POINT ( 'NONE',  ( 3.243934446641114189, 3.577927635947331986, 4.070000000000000284 ) ) ;
#1964 = CARTESIAN_POINT ( 'NONE',  ( 0.5487011021579975001, 0.09742659766270175825, 3.500835460108084884 ) ) ;
#1965 = CARTESIAN_POINT ( 'NONE',  ( 6.664375846172159612, 0.02610364077270777364, 3.299938821709901049 ) ) ;
#1967 = CARTESIAN_POINT ( 'NONE',  ( 0.4096565234764726893, 0.2643783033195690191, 0.3508293982530045763 ) ) ;
#1966 = CARTESIAN_POINT ( 'NONE',  ( 0.4663899392031723989, -3.012110412698152384, 1.729999999999999760 ) ) ;
#1968 =( GEOMETRIC_REPRESENTATION_CONTEXT ( 3 ) GLOBAL_UNCERTAINTY_ASSIGNED_CONTEXT ( ( #4197 ) ) GLOBAL_UNIT_ASSIGNED_CONTEXT ( ( #6042, #2949, #3099 ) ) REPRESENTATION_CONTEXT ( 'NONE', 'WORKASPACE' ) );
#1969 = EDGE_LOOP ( 'NONE', ( #3328, #2027, #5632, #951 ) ) ;
#1970 = CARTESIAN_POINT ( 'NONE',  ( 2.438089316360104952, -2.561600740389324393, 1.729999999999999982 ) ) ;
#1971 = CARTESIAN_POINT ( 'NONE',  ( 2.831750585887909288, 3.692512944455525137, 4.075000000000000178 ) ) ;
#1972 = LINE ( 'NONE', #1935, #4 ) ;
#1973 = MECHANICAL_DESIGN_GEOMETRIC_PRESENTATION_REPRESENTATION (  '', ( #3141 ), #4663 ) ;
#1974 = LINE ( 'NONE', #5757, #3448 ) ;
#1975 = VECTOR ( 'NONE', #4399, 1000.000000000000000 ) ;
#1976 = CARTESIAN_POINT ( 'NONE',  ( 3.196409759331552358, 3.205053595892337626, 4.075000000000000178 ) ) ;
#1977 = CARTESIAN_POINT ( 'NONE',  ( 5.108351678599091450, -2.059139914636204605, 2.340000000000000302 ) ) ;
#1978 = CARTESIAN_POINT ( 'NONE',  ( 6.305580262500663835, 0.8245681682740984009, 0.02198564308931699740 ) ) ;
#1979 = CARTESIAN_POINT ( 'NONE',  ( 0.8479653445582202576, 0.9239826706298741588, 4.058500944413977685 ) ) ;
#1980 = ORIENTED_EDGE ( 'NONE', *, *, #805, .T. ) ;
#1981 = CARTESIAN_POINT ( 'NONE',  ( 0.7505634922536948972, 0.7364611781169605464, 0.04258141499510136041 ) ) ;
#1982 = FACE_OUTER_BOUND ( 'NONE', #850, .T. ) ;
#1983 = VECTOR ( 'NONE', #4975, 1000.000000000000114 ) ;
#1984 = CARTESIAN_POINT ( 'NONE',  ( 0.4663899392031723989, -3.012110412698152384, 1.729999999999999760 ) ) ;
#1985 = CARTESIAN_POINT ( 'NONE',  ( 6.565249526767690469, 0.1997121719268038498, 0.3985476106106443095 ) ) ;
#1986 = CARTESIAN_POINT ( 'NONE',  ( 0.4427932871971859696, 0.4725020417018975238, 3.866713569367044467 ) ) ;
#1987 = ORIENTED_EDGE ( 'NONE', *, *, #3699, .T. ) ;
#1988 = CARTESIAN_POINT ( 'NONE',  ( 6.712586716220601879, 0.6115648901469850074, 3.866718717005103834 ) ) ;
#1990 = CARTESIAN_POINT ( 'NONE',  ( 0.5868380450910561930, 0.3584928850713614001, 0.2347161099882506818 ) ) ;
#1989 = CARTESIAN_POINT ( 'NONE',  ( 0.5035115945656342129, 0.006921618483041756809, 0.8638175635009619491 ) ) ;
#1991 = CARTESIAN_POINT ( 'NONE',  ( 0.1986202154870949921, 0.5993374783331074651, 3.669083544181211298 ) ) ;
#1992 = SURFACE_STYLE_FILL_AREA ( #3058 ) ;
#1993 = ORIENTED_EDGE ( 'NONE', *, *, #756, .T. ) ;
#1994 = CARTESIAN_POINT ( 'NONE',  ( 2.185130917455967214, 3.692512944455525137, 4.075000000000000178 ) ) ;
#1995 = DIRECTION ( 'NONE',  ( -0.9619530280415482526, 0.2732148821746290812, 0.000000000000000000 ) ) ;
#1996 = FILL_AREA_STYLE ('',( #6169 ) ) ;
#1997 = CARTESIAN_POINT ( 'NONE',  ( 6.951483415023803403, 0.1100907085160095500, 3.334023130880229058 ) ) ;
#1998 = EDGE_CURVE ( 'NONE', #500, #6250, #5811, .T. ) ;
#1999 = DIRECTION ( 'NONE',  ( 0.000000000000000000, -1.000000000000000000, 0.000000000000000000 ) ) ;
#2000 = PLANE ( 'NONE',  #3374 ) ;
#2001 = UNCERTAINTY_MEASURE_WITH_UNIT (LENGTH_MEASURE( 1.000000000000000082E-05 ), #1691, 'distance_accuracy_value', 'NONE');
#2002 = EDGE_CURVE ( 'NONE', #2607, #6437, #4436, .T. ) ;
#2003 =( NAMED_UNIT ( * ) PLANE_ANGLE_UNIT ( ) SI_UNIT ( $, .RADIAN. ) );
#2004 = CARTESIAN_POINT ( 'NONE',  ( 1.000000000000000000, 6.733170000000000321, 4.070000000000000284 ) ) ;
#2005 = CARTESIAN_POINT ( 'NONE',  ( 4.887746094348463188, 3.576280269646407994, 4.070000000000000284 ) ) ;
#2006 =( GEOMETRIC_REPRESENTATION_CONTEXT ( 3 ) GLOBAL_UNCERTAINTY_ASSIGNED_CONTEXT ( ( #991 ) ) GLOBAL_UNIT_ASSIGNED_CONTEXT ( ( #5378, #2672, #3806 ) ) REPRESENTATION_CONTEXT ( 'NONE', 'WORKASPACE' ) );
#2007 = CARTESIAN_POINT ( 'NONE',  ( 6.262858044271066404, 0.8295598886979677067, 0.01667242863875701558 ) ) ;
#2008 = CARTESIAN_POINT ( 'NONE',  ( 0.8738776340622046446, 0.8036113426978136465, 4.050510955930873180 ) ) ;
#2009 = VERTEX_POINT ( 'NONE', #3335 ) ;
#2010 = CARTESIAN_POINT ( 'NONE',  ( 0.6889665397112729739, 0.8006128496678951434, 0.04951398221858242799 ) ) ;
#2011 = CARTESIAN_POINT ( 'NONE',  ( 2.591360463760762567, 3.090525030000000228, 4.075000000000000178 ) ) ;
#2012 = CARTESIAN_POINT ( 'NONE',  ( 7.000225307731546387, 0.5548572452972809765, 0.5400875569248597685 ) ) ;
#2013 = CARTESIAN_POINT ( 'NONE',  ( 6.817236535837180256, 0.3668500903129375268, 0.3416068170356976186 ) ) ;
#2014 = CARTESIAN_POINT ( 'NONE',  ( 0.3584928850709734327, 0.5868380450910029023, 3.835283890011530250 ) ) ;
#2015 =( GEOMETRIC_REPRESENTATION_CONTEXT ( 3 ) GLOBAL_UNCERTAINTY_ASSIGNED_CONTEXT ( ( #6669 ) ) GLOBAL_UNIT_ASSIGNED_CONTEXT ( ( #6646, #378, #5093 ) ) REPRESENTATION_CONTEXT ( 'NONE', 'WORKASPACE' ) );
#2016 = EDGE_LOOP ( 'NONE', ( #691, #3896, #1722, #3602 ) ) ;
#2017 = CARTESIAN_POINT ( 'NONE',  ( 4.087669531477750695, -2.799291741997139482, 2.340000000000000302 ) ) ;
#2018 = CIRCLE ( 'NONE', #1905, 1.000000000000000000 ) ;
#2019 = CARTESIAN_POINT ( 'NONE',  ( 2.012129999999999974, 3.090525030000000228, 4.070000000000000284 ) ) ;
#2020 = CARTESIAN_POINT ( 'NONE',  ( 6.522281359874734896, 0.6099247827650607912, 3.963186399839557783 ) ) ;
#2022 = CARTESIAN_POINT ( 'NONE',  ( 0.5498499911277333618, 0.4410959283861642377, 0.1829262278548128007 ) ) ;
#2021 = FILL_AREA_STYLE ('',( #3535 ) ) ;
#2023 = STYLED_ITEM ( 'NONE', ( #3331 ), #4547 ) ;
#2024 = EDGE_CURVE ( 'NONE', #1791, #6250, #4428, .T. ) ;
#2025 = CARTESIAN_POINT ( 'NONE',  ( 7.110000000000000320, 0.5000000000000000000, 0.9999999999999711342 ) ) ;
#2026 =( NAMED_UNIT ( * ) PLANE_ANGLE_UNIT ( ) SI_UNIT ( $, .RADIAN. ) );
#2027 = ORIENTED_EDGE ( 'NONE', *, *, #3081, .F. ) ;
#2028 = PRESENTATION_STYLE_ASSIGNMENT (( #2532 ) ) ;
#2029 = CARTESIAN_POINT ( 'NONE',  ( 7.017867002356547701, 0.1877075147050233095, 3.332038581024547863 ) ) ;
#2031 = CARTESIAN_POINT ( 'NONE',  ( 0.3809745675296541956, 0.1866103441018170384, 0.4375663436053421340 ) ) ;
#2030 = CARTESIAN_POINT ( 'NONE',  ( 3.199896684183510143, 3.090525030000000228, 4.070000000000000284 ) ) ;
#2032 =( NAMED_UNIT ( * ) PLANE_ANGLE_UNIT ( ) SI_UNIT ( $, .RADIAN. ) );
#2033 = EDGE_CURVE ( 'NONE', #3710, #224, #3468, .T. ) ;
#2034 = CARTESIAN_POINT ( 'NONE',  ( 4.533291439918471610, 3.577131408902221921, 4.075000000000000178 ) ) ;
#2035 = FILL_AREA_STYLE ('',( #6690 ) ) ;
#2036 = DIRECTION ( 'NONE',  ( -1.000000000000000000, 0.000000000000000000, 0.000000000000000000 ) ) ;
#2037 = CARTESIAN_POINT ( 'NONE',  ( 6.704995231727278515, -3.424418098265450627, 1.730000000000000426 ) ) ;
#2038 = PRODUCT_RELATED_PRODUCT_CATEGORY ( 'part', '', ( #5767 ) ) ;
#2039 = CARTESIAN_POINT ( 'NONE',  ( 6.094999999999994422, -3.426829999999992715, 1.730000000000000204 ) ) ;
#2040 = CARTESIAN_POINT ( 'NONE',  ( 6.244066167550776036, 0.7648704129305491373, 0.02780524605007371822 ) ) ;
#2041 = CARTESIAN_POINT ( 'NONE',  ( 0.9343150861335249857, 0.8843082756871055716, 4.063427907822385166 ) ) ;
#2042 = ORIENTED_EDGE ( 'NONE', *, *, #2391, .T. ) ;
#2043 = COLOUR_RGB ( '',1.000000000000000000, 0.8431372549019607865, 0.1333333333333333315 ) ;
#2044 = CARTESIAN_POINT ( 'NONE',  ( 0.8826130492320206633, 0.8888999260323665608, 0.008176465221377422418 ) ) ;
#2045 = CARTESIAN_POINT ( 'NONE',  ( 4.908992986904658018, -2.734408250270128793, 1.729999999999999760 ) ) ;
#2046 = COLOUR_RGB ( '',0.5647058823529411686, 0.3019607843137254721, 0.1294117647058823373 ) ;
#2047 = CARTESIAN_POINT ( 'NONE',  ( 6.753285973936695719, 0.4828033013126420414, 0.2559027847264903621 ) ) ;
#2048 = CARTESIAN_POINT ( 'NONE',  ( 0.5366926272980109269, 0.3921563526499012298, 3.852601516943223725 ) ) ;
#2049 = VERTEX_POINT ( 'NONE', #4937 ) ;
#2050 = CARTESIAN_POINT ( 'NONE',  ( 0.2491439062491858369, 0.01521955366898047370, 0.9411112046959120292 ) ) ;
#2051 = AXIS2_PLACEMENT_3D ( 'NONE', #5370, #2763, #1792 ) ;
#2052 = CARTESIAN_POINT ( 'NONE',  ( 6.063887104610309109, -3.211654731536661700, 1.729999999999999982 ) ) ;
#2053 = CARTESIAN_POINT ( 'NONE',  ( 6.465868561413011584, 0.6025452678508184112, 3.974545223823158224 ) ) ;
#2054 = CARTESIAN_POINT ( 'NONE',  ( 0.7415032069370215417, 0.4828455422827933607, 0.1435116919801225077 ) ) ;
#2055 = VECTOR ( 'NONE', #6457, 1000.000000000000114 ) ;
#2056 = CARTESIAN_POINT ( 'NONE',  ( 0.4288765154926212353, 2.176044689361976253E-11, 3.133127406511830859 ) ) ;
#2057 = CARTESIAN_POINT ( 'NONE',  ( 2.408195296242511940, 3.090525030000000228, 4.070000000000000284 ) ) ;
#2058 = CARTESIAN_POINT ( 'NONE',  ( 3.195461608508125995, 3.465957979040120929, 4.070000000000000284 ) ) ;
#2059 = CARTESIAN_POINT ( 'NONE',  ( 6.763672107305310099, 0.3088290188002080217, 3.731158832685632198 ) ) ;
#2060 = STYLED_ITEM ( 'NONE', ( #5600 ), #5242 ) ;
#2061 = SURFACE_STYLE_USAGE ( .BOTH. , #5267 ) ;
#2062 = EDGE_LOOP ( 'NONE', ( #6302, #2726, #6627, #1610 ) ) ;
#2063 = DIRECTION ( 'NONE',  ( -0.9620200793798947547, 0.2729786930694427793, 0.000000000000000000 ) ) ;
#2064 = DIRECTION ( 'NONE',  ( -0.000000000000000000, -0.000000000000000000, -1.000000000000000000 ) ) ;
#2065 = CARTESIAN_POINT ( 'NONE',  ( 6.094999999999994422, -3.426829999999992715, 2.340000000000000302 ) ) ;
#2066 = CARTESIAN_POINT ( 'NONE',  ( 6.110000000000000320, 0.000000000000000000, 4.070000000000000284 ) ) ;
#2067 = VERTEX_POINT ( 'NONE', #910 ) ;
#2068 = MECHANICAL_DESIGN_GEOMETRIC_PRESENTATION_REPRESENTATION (  '', ( #1441 ), #4881 ) ;
#2069 = CIRCLE ( 'NONE', #569, 0.3050000000000001599 ) ;
#2070 = CARTESIAN_POINT ( 'NONE',  ( 6.110000000000000320, 1.000000000000000000, 0.000000000000000000 ) ) ;
#2071 = SURFACE_SIDE_STYLE ('',( #654 ) ) ;
#2072 = ORIENTED_EDGE ( 'NONE', *, *, #1916, .F. ) ;
#2073 = CARTESIAN_POINT ( 'NONE',  ( 0.7948544604524767632, 0.8830819588836830158, 0.02114244346216123324 ) ) ;
#2074 = CARTESIAN_POINT ( 'NONE',  ( 4.533291439918471610, 3.577131408902221921, 4.070000000000000284 ) ) ;
#2075 = CARTESIAN_POINT ( 'NONE',  ( 3.119202238038796260, -2.606592368049553521, 1.729999999999999982 ) ) ;
#2076 = EDGE_CURVE ( 'NONE', #3067, #1317, #2141, .T. ) ;
#2077 = MECHANICAL_DESIGN_GEOMETRIC_PRESENTATION_REPRESENTATION (  '', ( #2175 ), #4349 ) ;
#2078 =( NAMED_UNIT ( * ) SI_UNIT ( $, .STERADIAN. ) SOLID_ANGLE_UNIT ( ) );
#2079 =( LENGTH_UNIT ( ) NAMED_UNIT ( * ) SI_UNIT ( .MILLI., .METRE. ) );
#2080 = CARTESIAN_POINT ( 'NONE',  ( 6.508150286218035596, 0.2036994171928475927, 0.3939709458940262032 ) ) ;
#2081 = CARTESIAN_POINT ( 'NONE',  ( 0.3921563439646987836, 0.5366926391926869488, 3.852601511654934807 ) ) ;
#2082 = ORIENTED_EDGE ( 'NONE', *, *, #2033, .T. ) ;
#2083 =( NAMED_UNIT ( * ) PLANE_ANGLE_UNIT ( ) SI_UNIT ( $, .RADIAN. ) );
#2084 = STYLED_ITEM ( 'NONE', ( #49 ), #1110 ) ;
#2085 =( NAMED_UNIT ( * ) SI_UNIT ( $, .STERADIAN. ) SOLID_ANGLE_UNIT ( ) );
#2086 = CARTESIAN_POINT ( 'NONE',  ( 6.380449802865324038, 0.7576129962659445827, 4.027044710525152560 ) ) ;
#2087 = CARTESIAN_POINT ( 'NONE',  ( 0.5548572452968835167, 0.1097746922680326587, 0.5400875569258147824 ) ) ;
#2088 = PLANE ( 'NONE',  #6218 ) ;
#2089 = FILL_AREA_STYLE_COLOUR ( '', #3621 ) ;
#2090 = CARTESIAN_POINT ( 'NONE',  ( 2.310000000000000497, 0.000000000000000000, 2.035000000000000142 ) ) ;
#2091 = LINE ( 'NONE', #2564, #3753 ) ;
#2092 = CARTESIAN_POINT ( 'NONE',  ( 6.652450569843952444, 0.1563872532388276004, 3.607986273729341331 ) ) ;
#2094 = CARTESIAN_POINT ( 'NONE',  ( 0.6018497137819609488, 0.2036994171928553921, 0.3939709458940207076 ) ) ;
#2093 = DIRECTION ( 'NONE',  ( 0.000000000000000000, 0.000000000000000000, -1.000000000000000000 ) ) ;
#2095 =( NAMED_UNIT ( * ) PLANE_ANGLE_UNIT ( ) SI_UNIT ( $, .RADIAN. ) );
#2096 = EDGE_LOOP ( 'NONE', ( #5021, #4813, #2617, #592, #3827, #3390, #959, #1429, #1016, #2310, #4533 ) ) ;
#2097 = LINE ( 'NONE', #1632, #5745 ) ;
#2098 = CARTESIAN_POINT ( 'NONE',  ( 5.085971851133491484, 3.692512944455525137, 4.075000000000000178 ) ) ;
#2099 = CARTESIAN_POINT ( 'NONE',  ( 0.6535717394275767367, 0.6898417470200364221, 0.07246107665694273559 ) ) ;
#2100 = VECTOR ( 'NONE', #2706, 1000.000000000000000 ) ;
#2101 = LINE ( 'NONE', #4155, #1578 ) ;
#2102 = VERTEX_POINT ( 'NONE', #312 ) ;
#2103 = ADVANCED_FACE ( 'NONE', ( #6517 ), #1889, .T. ) ;
#2104 = UNCERTAINTY_MEASURE_WITH_UNIT (LENGTH_MEASURE( 1.000000000000000082E-05 ), #1464, 'distance_accuracy_value', 'NONE');
#2105 = CARTESIAN_POINT ( 'NONE',  ( 6.110000000000000320, 1.000000000000000000, 0.000000000000000000 ) ) ;
#2106 = SURFACE_STYLE_USAGE ( .BOTH. , #5170 ) ;
#2107 = VERTEX_POINT ( 'NONE', #1391 ) ;
#2108 =( NAMED_UNIT ( * ) SI_UNIT ( $, .STERADIAN. ) SOLID_ANGLE_UNIT ( ) );
#2109 = CARTESIAN_POINT ( 'NONE',  ( 1.314093087799104609, -2.939923179177046375, 2.340000000000000302 ) ) ;
#2110 =( NAMED_UNIT ( * ) SI_UNIT ( $, .STERADIAN. ) SOLID_ANGLE_UNIT ( ) );
#2111 = FACE_BOUND ( 'NONE', #5549, .T. ) ;
#2112 = CARTESIAN_POINT ( 'NONE',  ( 6.648217036863165674, 0.4314121106325793931, 0.2137681842462857418 ) ) ;
#2113 = CARTESIAN_POINT ( 'NONE',  ( 0.5758045304601804304, 0.5267958534488598188, 3.934509485168529608 ) ) ;
#2114 = DIRECTION ( 'NONE',  ( 0.000000000000000000, 0.000000000000000000, -1.000000000000000000 ) ) ;
#2115 = CARTESIAN_POINT ( 'NONE',  ( 6.420158064556305000, 0.6535715591063181451, 3.997538907653045648 ) ) ;
#2116 = CARTESIAN_POINT ( 'NONE',  ( 6.094999999999994422, -3.426829999999992715, 2.035000000000000142 ) ) ;
#2117 = EDGE_CURVE ( 'NONE', #4137, #40, #1925, .T. ) ;
#2118 = CARTESIAN_POINT ( 'NONE',  ( 1.020338925033657640, -3.314044712266286830, 1.729999999999999760 ) ) ;
#2119 = CARTESIAN_POINT ( 'NONE',  ( 0.009795738635904568600, 0.3627409325681715258, 3.200196930822380104 ) ) ;
#2120 =( GEOMETRIC_REPRESENTATION_CONTEXT ( 3 ) GLOBAL_UNCERTAINTY_ASSIGNED_CONTEXT ( ( #4839 ) ) GLOBAL_UNIT_ASSIGNED_CONTEXT ( ( #1631, #2095, #4118 ) ) REPRESENTATION_CONTEXT ( 'NONE', 'WORKASPACE' ) );
#2121 =( NAMED_UNIT ( * ) SI_UNIT ( $, .STERADIAN. ) SOLID_ANGLE_UNIT ( ) );
#2122 =( LENGTH_UNIT ( ) NAMED_UNIT ( * ) SI_UNIT ( .MILLI., .METRE. ) );
#2123 = CARTESIAN_POINT ( 'NONE',  ( 6.580655805988929963, 0.05868839865057696309, 3.408987445811423544 ) ) ;
#2124 = SURFACE_STYLE_FILL_AREA ( #609 ) ;
#2126 = CARTESIAN_POINT ( 'NONE',  ( 0.5567897672760538930, 0.2205382879742329716, 0.3718515227968139936 ) ) ;
#2125 =( LENGTH_UNIT ( ) NAMED_UNIT ( * ) SI_UNIT ( .MILLI., .METRE. ) );
#2127 =( GEOMETRIC_REPRESENTATION_CONTEXT ( 3 ) GLOBAL_UNCERTAINTY_ASSIGNED_CONTEXT ( ( #3064 ) ) GLOBAL_UNIT_ASSIGNED_CONTEXT ( ( #2122, #4213, #5127 ) ) REPRESENTATION_CONTEXT ( 'NONE', 'WORKASPACE' ) );
#2128 = CARTESIAN_POINT ( 'NONE',  ( 6.865614311191200692, 0.2013307347653524593, 0.4758169020544410488 ) ) ;
#2129 = CARTESIAN_POINT ( 'NONE',  ( 6.609999999999999432, 0.000000000000000000, 4.273500000000000298 ) ) ;
#2130 = DIRECTION ( 'NONE',  ( 1.000000000000000000, 0.000000000000000000, 0.000000000000000000 ) ) ;
#2131 =( NAMED_UNIT ( * ) SI_UNIT ( $, .STERADIAN. ) SOLID_ANGLE_UNIT ( ) );
#2132 =( LENGTH_UNIT ( ) NAMED_UNIT ( * ) SI_UNIT ( .MILLI., .METRE. ) );
#2133 = CARTESIAN_POINT ( 'NONE',  ( 0.5806577154120341477, 0.4790073292412136419, 0.1562671240573318687 ) ) ;
#2134 = CARTESIAN_POINT ( 'NONE',  ( 0.5000000000000000000, 1.000000000000000000, 0.000000000000000000 ) ) ;
#2135 = CARTESIAN_POINT ( 'NONE',  ( 1.867454551552433895, -2.201103246196135288, 1.730000000000000204 ) ) ;
#2136 = CARTESIAN_POINT ( 'NONE',  ( 6.255437903109688058, 0.9172948512260089560, 0.01052780528902404027 ) ) ;
#2137 = CARTESIAN_POINT ( 'NONE',  ( 1.000000000000000000, 1.000000000000000000, 4.070000000000000284 ) ) ;
#2138 = ORIENTED_EDGE ( 'NONE', *, *, #2350, .T. ) ;
#2139 = CARTESIAN_POINT ( 'NONE',  ( 1.610967482264476391, -3.449398524634610386, 2.339999999999998970 ) ) ;
#2140 = CARTESIAN_POINT ( 'NONE',  ( 4.522900715375092418, -2.262817522373829160, 1.730000000000000204 ) ) ;
#2141 = CIRCLE ( 'NONE', #2249, 0.3050000000000001599 ) ;
#2142 = CARTESIAN_POINT ( 'NONE',  ( 6.442999908907687256, 0.4169249616545901427, 0.1866933515429991253 ) ) ;
#2143 = CARTESIAN_POINT ( 'NONE',  ( 0.4942779975127640224, 0.6150870814044882007, 3.925863144436537500 ) ) ;
#2144 = ORIENTED_EDGE ( 'NONE', *, *, #3750, .F. ) ;
#2145 = CARTESIAN_POINT ( 'NONE',  ( 0.2135992079871734672, 0.02175792598875081127, 0.9411112046959113631 ) ) ;
#2146 = CARTESIAN_POINT ( 'NONE',  ( 5.096997556119359452, -2.794514615189092055, 1.730000000000000426 ) ) ;
#2147 = ADVANCED_FACE ( 'NONE', ( #4363 ), #6066, .F. ) ;
#2148 =( NAMED_UNIT ( * ) PLANE_ANGLE_UNIT ( ) SI_UNIT ( $, .RADIAN. ) );
#2149 = ADVANCED_FACE ( 'NONE', ( #1959 ), #2088, .F. ) ;
#2150 = CARTESIAN_POINT ( 'NONE',  ( 6.405835085033005249, 0.6873834400406314549, 4.008563215743762065 ) ) ;
#2151 = DIRECTION ( 'NONE',  ( -0.000000000000000000, -0.000000000000000000, -1.000000000000000000 ) ) ;
#2152 = DIRECTION ( 'NONE',  ( -0.000000000000000000, -0.000000000000000000, -1.000000000000000000 ) ) ;
#2153 = CARTESIAN_POINT ( 'NONE',  ( 0.1039184188192899816, 0.3173654098909961530, 3.470330401497154771 ) ) ;
#2154 = FILL_AREA_STYLE_COLOUR ( '', #248 ) ;
#2155 = CARTESIAN_POINT ( 'NONE',  ( 6.953612740890525501, 0.4575493917443371750, 3.607986283363916247 ) ) ;
#2156 = CARTESIAN_POINT ( 'NONE',  ( 0.8631503478633136828, 0.7259640915833582842, 4.032071682304462890 ) ) ;
#2157 = DIRECTION ( 'NONE',  ( -0.000000000000000000, 1.000000000000000000, -0.000000000000000000 ) ) ;
#2158 = STYLED_ITEM ( 'NONE', ( #543 ), #4996 ) ;
#2159 = CARTESIAN_POINT ( 'NONE',  ( 0.5180331282290616679, 0.6911851914966623545, 0.1245423600779199530 ) ) ;
#2160 = CARTESIAN_POINT ( 'NONE',  ( 7.104619250751338377, 0.5026903577973392823, 0.8782887918487723988 ) ) ;
#2161 = CARTESIAN_POINT ( 'NONE',  ( 1.020338925033657640, -3.314044712266286830, 1.729999999999999760 ) ) ;
#2162 = CARTESIAN_POINT ( 'NONE',  ( 6.210675329039890613, 0.9192657265720863835, 0.005355854045399041467 ) ) ;
#2163 = CARTESIAN_POINT ( 'NONE',  ( 0.9852972017503377478, 0.9705944035014103521, 4.070000000000000284 ) ) ;
#2164 = CARTESIAN_POINT ( 'NONE',  ( 2.005000000000000338, -1.976830000000000087, 2.340000000000000302 ) ) ;
#2165 = UNCERTAINTY_MEASURE_WITH_UNIT (LENGTH_MEASURE( 1.000000000000000082E-05 ), #6680, 'distance_accuracy_value', 'NONE');
#2166 = CARTESIAN_POINT ( 'NONE',  ( 4.560052212777996772, -2.379693537067144149, 2.340000000000000746 ) ) ;
#2167 =( GEOMETRIC_REPRESENTATION_CONTEXT ( 3 ) GLOBAL_UNCERTAINTY_ASSIGNED_CONTEXT ( ( #5309 ) ) GLOBAL_UNIT_ASSIGNED_CONTEXT ( ( #4504, #5036, #2121 ) ) REPRESENTATION_CONTEXT ( 'NONE', 'WORKASPACE' ) );
#2168 = SURFACE_SIDE_STYLE ('',( #1678 ) ) ;
#2169 = CARTESIAN_POINT ( 'NONE',  ( 6.785014873976806804, 0.6147238750646071281, 0.2614885958843854996 ) ) ;
#2170 = CARTESIAN_POINT ( 'NONE',  ( 0.5947314748583690802, 0.4682453724904778736, 3.909729083316422216 ) ) ;
#2171 = ORIENTED_EDGE ( 'NONE', *, *, #5385, .T. ) ;
#2172 = CARTESIAN_POINT ( 'NONE',  ( 0.2591976237896833068, 0.02700076176312385043, 0.8645399981367352105 ) ) ;
#2173 = CARTESIAN_POINT ( 'NONE',  ( 6.094999999999992646, -10.42682999999999360, 1.730000000000000204 ) ) ;
#2174 = CARTESIAN_POINT ( 'NONE',  ( 6.345928927984779477, 0.6313324960746820036, 3.999330757995769314 ) ) ;
#2175 = STYLED_ITEM ( 'NONE', ( #2882 ), #545 ) ;
#2176 = SURFACE_STYLE_FILL_AREA ( #3256 ) ;
#2177 = CARTESIAN_POINT ( 'NONE',  ( 1.132028831076766107, -3.069200569082297658, 1.730000000000000204 ) ) ;
#2178 = VECTOR ( 'NONE', #2454, 1000.000000000000000 ) ;
#2179 = EDGE_CURVE ( 'NONE', #2102, #2341, #3088, .T. ) ;
#2180 = COLOUR_RGB ( '',1.000000000000000000, 0.8431372549019607865, 0.1333333333333333315 ) ;
#2181 = CARTESIAN_POINT ( 'NONE',  ( 0.05555434941339813804, 0.2817721318892953963, 3.321565788638394245 ) ) ;
#2182 = FACE_OUTER_BOUND ( 'NONE', #1418, .T. ) ;
#2183 = CARTESIAN_POINT ( 'NONE',  ( 7.003281855407891499, 0.4898575548657280176, 3.526104518855336156 ) ) ;
#2184 = FILL_AREA_STYLE_COLOUR ( '', #1338 ) ;
#2185 = CARTESIAN_POINT ( 'NONE',  ( 3.875659152710461353, 3.629039920970799304, 4.075000000000000178 ) ) ;
#2186 = CARTESIAN_POINT ( 'NONE',  ( 6.609999999999999432, 0.000000000000000000, 1.288833333333332165 ) ) ;
#2187 = CARTESIAN_POINT ( 'NONE',  ( 0.000000000000000000, 0.5000000000000000000, 4.273500000000000298 ) ) ;
#2188 = SURFACE_STYLE_FILL_AREA ( #171 ) ;
#2189 = FILL_AREA_STYLE ('',( #1667 ) ) ;
#2190 = EDGE_CURVE ( 'NONE', #1815, #3462, #568, .T. ) ;
#2191 = FILL_AREA_STYLE_COLOUR ( '', #2206 ) ;
#2192 = CARTESIAN_POINT ( 'NONE',  ( 2.591360463760762567, 3.090525030000000228, 4.075000000000000178 ) ) ;
#2193 = CARTESIAN_POINT ( 'NONE',  ( 0.8790632873361462485, 0.9395316425134212501, 0.007171692673513415522 ) ) ;
#2194 = CARTESIAN_POINT ( 'NONE',  ( 0.5531421092732783373, 0.5017792446168940490, 0.1505973393845912722 ) ) ;
#2195 = CARTESIAN_POINT ( 'NONE',  ( 6.828227903221731232, 0.05555435654821481994, 0.7484342044746020717 ) ) ;
#2196 = EDGE_CURVE ( 'NONE', #2340, #412, #1719, .T. ) ;
#2197 = CARTESIAN_POINT ( 'NONE',  ( 6.609999999999999432, 0.000000000000000000, 3.070000000000000728 ) ) ;
#2198 = CARTESIAN_POINT ( 'NONE',  ( 6.220642923711849903, 0.9292606200484518908, 0.006054256349318413652 ) ) ;
#2199 = CARTESIAN_POINT ( 'NONE',  ( 1.000000000000000000, 1.000000000000000000, 4.070000000000000284 ) ) ;
#2200 = PLANE ( 'NONE',  #3083 ) ;
#2201 = CARTESIAN_POINT ( 'NONE',  ( 2.615000000000001101, -1.976830000000000087, 2.340000000000000302 ) ) ;
#2202 = CARTESIAN_POINT ( 'NONE',  ( 5.573220173274846090, -3.518153472730923159, 1.729999999999999538 ) ) ;
#2203 = CARTESIAN_POINT ( 'NONE',  ( 6.657004733798630447, 0.5092730338235982313, 0.1856894854190901667 ) ) ;
#2204 = CARTESIAN_POINT ( 'NONE',  ( 0.6150870186997794420, 0.4942780518015975066, 3.925863161346497598 ) ) ;
#2205 = ORIENTED_EDGE ( 'NONE', *, *, #300, .T. ) ;
#2206 = COLOUR_RGB ( '',0.5647058823529411686, 0.3019607843137254721, 0.1294117647058823373 ) ;
#2207 = CARTESIAN_POINT ( 'NONE',  ( 2.615000000000001101, -1.976830000000000087, 2.340000000000000302 ) ) ;
#2208 = CARTESIAN_POINT ( 'NONE',  ( 6.227386950767940021, 0.8888999260322401064, 4.061823534778618239 ) ) ;
#2209 = CARTESIAN_POINT ( 'NONE',  ( 6.279063094294917491, 0.6618738140541691184, 4.011652566276024956 ) ) ;
#2210 = PRESENTATION_LAYER_ASSIGNMENT (  '', '', ( #4046 ) ) ;
#2211 = CARTESIAN_POINT ( 'NONE',  ( 1.784538395281410450, -2.840088667668843492, 1.730000000000000870 ) ) ;
#2212 = CARTESIAN_POINT ( 'NONE',  ( 0.1606074053352967435, 0.2058394704738472913, 3.491105579604286024 ) ) ;
#2213 = ORIENTED_EDGE ( 'NONE', *, *, #492, .T. ) ;
#2214 = VERTEX_POINT ( 'NONE', #3790 ) ;
#2215 = FILL_AREA_STYLE_COLOUR ( '', #230 ) ;
#2216 = DIRECTION ( 'NONE',  ( 0.000000000000000000, 0.000000000000000000, 1.000000000000000000 ) ) ;
#2217 = DIRECTION ( 'NONE',  ( 0.000000000000000000, 0.000000000000000000, -1.000000000000000000 ) ) ;
#2218 = CARTESIAN_POINT ( 'NONE',  ( 6.822052873551126773, 0.5941403519993809779, 3.773477588868998200 ) ) ;
#2219 = DIRECTION ( 'NONE',  ( -0.000000000000000000, -0.000000000000000000, -1.000000000000000000 ) ) ;
#2220 = EDGE_CURVE ( 'NONE', #5357, #4928, #5290, .T. ) ;
#2221 = CARTESIAN_POINT ( 'NONE',  ( 0.6617838083153663176, 0.3235569340316865050, 3.806531072286575057 ) ) ;
#2222 =( LENGTH_UNIT ( ) NAMED_UNIT ( * ) SI_UNIT ( .MILLI., .METRE. ) );
#2223 = DIRECTION ( 'NONE',  ( 0.9999999968487351953, -7.938847109618080253E-05, 0.000000000000000000 ) ) ;
#2224 = PRESENTATION_LAYER_ASSIGNMENT (  '', '', ( #508 ) ) ;
#2225 = CARTESIAN_POINT ( 'NONE',  ( 7.094780439781062320, 0.2491438677151697478, 3.128888795304090920 ) ) ;
#2226 = CARTESIAN_POINT ( 'NONE',  ( 0.9504763748411230173, 0.9602604405317185510, 0.001056601579976892578 ) ) ;
#2227 = EDGE_CURVE ( 'NONE', #1105, #6257, #6369, .T. ) ;
#2228 = CARTESIAN_POINT ( 'NONE',  ( 0.6765087337581249249, 0.5735945278975707051, 0.1010922190775555007 ) ) ;
#2229 = CARTESIAN_POINT ( 'NONE',  ( 7.044992564169340277, 0.2493183093683099538, 0.7441901143835597532 ) ) ;
#2230 = CARTESIAN_POINT ( 'NONE',  ( 6.531240220325897461, 0.7893979498763079583, 0.09276562390308951134 ) ) ;
#2231 = PRESENTATION_LAYER_ASSIGNMENT (  '', '', ( #2893 ) ) ;
#2232 = FACE_OUTER_BOUND ( 'NONE', #4061, .T. ) ;
#2233 = CARTESIAN_POINT ( 'NONE',  ( 4.716302853248409477, 3.576280269647910348, 4.075000000000000178 ) ) ;
#2234 = FILL_AREA_STYLE_COLOUR ( '', #2046 ) ;
#2235 = ADVANCED_FACE ( 'NONE', ( #156 ), #2584, .T. ) ;
#2236 = CARTESIAN_POINT ( 'NONE',  ( 5.470412093148114607, -3.478229556797521216, 1.729999999999999760 ) ) ;
#2237 = CARTESIAN_POINT ( 'NONE',  ( 6.488150407065320202, 0.3378657484147889467, 0.2499349071300890901 ) ) ;
#2238 = CARTESIAN_POINT ( 'NONE',  ( 0.7358818134247846476, 0.7991148269031586038, 4.032756392640697740 ) ) ;
#2239 = ORIENTED_EDGE ( 'NONE', *, *, #1757, .T. ) ;
#2240 = CARTESIAN_POINT ( 'NONE',  ( 4.576642799268681117, 3.090525030000000228, 4.075000000000000178 ) ) ;
#2241 = CARTESIAN_POINT ( 'NONE',  ( 6.230936712663787347, 0.9395316425133117821, 4.062828307326477706 ) ) ;
#2242 = CARTESIAN_POINT ( 'NONE',  ( 6.840782248557958134, 0.1845943674454348649, 0.4792830006799987386 ) ) ;
#2243 = COLOUR_RGB ( '',0.5647058823529411686, 0.3019607843137254721, 0.1294117647058823373 ) ;
#2244 = CARTESIAN_POINT ( 'NONE',  ( 3.022330468522248736, -2.799291741997140814, 1.730000000000000648 ) ) ;
#2245 = CARTESIAN_POINT ( 'NONE',  ( 0.09103404166317045909, 0.3083795190313871060, 3.434771810206391329 ) ) ;
#2246 = ORIENTED_EDGE ( 'NONE', *, *, #3915, .T. ) ;
#2247 = EDGE_LOOP ( 'NONE', ( #3357, #5117 ) ) ;
#2248 = DIRECTION ( 'NONE',  ( -0.2755265765474882445, -0.9612934544747618881, 0.000000000000000000 ) ) ;
#2249 = AXIS2_PLACEMENT_3D ( 'NONE', #4458, #3434, #6546 ) ;
#2250 = SURFACE_STYLE_USAGE ( .BOTH. , #2800 ) ;
#2251 = CARTESIAN_POINT ( 'NONE',  ( 6.753285940313502600, 0.4828032548569281546, 3.814097226568010424 ) ) ;
#2252 = DIRECTION ( 'NONE',  ( 0.2763139702539120779, 0.9610674221107071702, 0.000000000000000000 ) ) ;
#2254 = CARTESIAN_POINT ( 'NONE',  ( 7.110000000000000320, 0.5000000000000000000, -0.2035000000000005693 ) ) ;
#2253 = COLOUR_RGB ( '',0.5647058823529411686, 0.3019607843137254721, 0.1294117647058823373 ) ;
#2255 = SURFACE_STYLE_USAGE ( .BOTH. , #4284 ) ;
#2256 = CARTESIAN_POINT ( 'NONE',  ( 2.276993553002562898, 3.417388129336544456, 4.075000000000000178 ) ) ;
#2257 = UNCERTAINTY_MEASURE_WITH_UNIT (LENGTH_MEASURE( 1.000000000000000082E-05 ), #4416, 'distance_accuracy_value', 'NONE');
#2258 = LINE ( 'NONE', #3907, #3369 ) ;
#2259 =( NAMED_UNIT ( * ) PLANE_ANGLE_UNIT ( ) SI_UNIT ( $, .RADIAN. ) );
#2260 = CARTESIAN_POINT ( 'NONE',  ( 0.9827471387100790157, 0.9731773151642399977, -1.204458170989789909E-17 ) ) ;
#2261 =( GEOMETRIC_REPRESENTATION_CONTEXT ( 3 ) GLOBAL_UNCERTAINTY_ASSIGNED_CONTEXT ( ( #2599 ) ) GLOBAL_UNIT_ASSIGNED_CONTEXT ( ( #1727, #3196, #4793 ) ) REPRESENTATION_CONTEXT ( 'NONE', 'WORKASPACE' ) );
#2262 = CARTESIAN_POINT ( 'NONE',  ( 0.06471230504995717503, 0.3988365531012334486, 0.6562962758555340725 ) ) ;
#2263 = UNCERTAINTY_MEASURE_WITH_UNIT (LENGTH_MEASURE( 1.000000000000000082E-05 ), #4076, 'distance_accuracy_value', 'NONE');
#2264 = CARTESIAN_POINT ( 'NONE',  ( 7.108487229564451226, 0.3560760998818769396, 0.9411112046959155819 ) ) ;
#2265 = FILL_AREA_STYLE ('',( #5871 ) ) ;
#2266 = SURFACE_SIDE_STYLE ('',( #4840 ) ) ;
#2267 = CARTESIAN_POINT ( 'NONE',  ( 5.119139255169147695, -2.126577405022867850, 1.730000000000000204 ) ) ;
#2268 = VECTOR ( 'NONE', #23, 1000.000000000000000 ) ;
#2269 = CARTESIAN_POINT ( 'NONE',  ( 1.015247165164533394, -3.388698253309390118, 1.729999999999999982 ) ) ;
#2270 = VECTOR ( 'NONE', #5696, 1000.000000000000000 ) ;
#2271 = CARTESIAN_POINT ( 'NONE',  ( 5.484164148423800178, -3.411199050375172792, 1.730000000000000426 ) ) ;
#2272 = PRESENTATION_LAYER_ASSIGNMENT (  '', '', ( #451 ) ) ;
#2273 = CARTESIAN_POINT ( 'NONE',  ( 6.397413490592554375, 0.6791653910807312622, 0.06192565091159402124 ) ) ;
#2274 = CARTESIAN_POINT ( 'NONE',  ( 0.7041647151209360356, 0.6873836362603399364, 4.008563223742576120 ) ) ;
#2275 = ORIENTED_EDGE ( 'NONE', *, *, #5976, .T. ) ;
#2276 = EDGE_LOOP ( 'NONE', ( #2042, #3931, #3759, #5988 ) ) ;
#2277 = EDGE_CURVE ( 'NONE', #338, #6077, #1636, .T. ) ;
#2278 = FILL_AREA_STYLE ('',( #3393 ) ) ;
#2279 = CARTESIAN_POINT ( 'NONE',  ( 6.254686453092738851, 0.7748241446384565023, 4.044355177262539236 ) ) ;
#2280 = CARTESIAN_POINT ( 'NONE',  ( 6.309848143909394302, 0.6003037094114652694, 3.987277523311988148 ) ) ;
#2281 =( GEOMETRIC_REPRESENTATION_CONTEXT ( 3 ) GLOBAL_UNCERTAINTY_ASSIGNED_CONTEXT ( ( #3178 ) ) GLOBAL_UNIT_ASSIGNED_CONTEXT ( ( #4850, #1164, #3216 ) ) REPRESENTATION_CONTEXT ( 'NONE', 'WORKASPACE' ) );
#2282 = CARTESIAN_POINT ( 'NONE',  ( 6.979893816647426696, 0.2209510520027112013, 0.6190918366462442313 ) ) ;
#2283 = CARTESIAN_POINT ( 'NONE',  ( 1.980693336405206839, -2.152794706084732113, 1.729999999999999982 ) ) ;
#2284 = CARTESIAN_POINT ( 'NONE',  ( 0.5814199113203599723, 0.2646633064954400649, 3.749176619395023113 ) ) ;
#2285 = ORIENTED_EDGE ( 'NONE', *, *, #5279, .T. ) ;
#2286 = VECTOR ( 'NONE', #5154, 1000.000000000000000 ) ;
#2287 = EDGE_LOOP ( 'NONE', ( #4672, #1783, #927, #6398 ) ) ;
#2288 = LINE ( 'NONE', #6267, #1097 ) ;
#2289 = SPHERICAL_SURFACE ( 'NONE', #2336, 1.000000000000000000 ) ;
#2290 = AXIS2_PLACEMENT_3D ( 'NONE', #945, #5059, #5615 ) ;
#2291 = LINE ( 'NONE', #3264, #3219 ) ;
#2292 = CARTESIAN_POINT ( 'NONE',  ( 6.681407742922583992, 0.5398293763259814915, 3.877640625965813381 ) ) ;
#2293 = CARTESIAN_POINT ( 'NONE',  ( 3.196409759331552358, 3.205053595892337626, 4.075000000000000178 ) ) ;
#2294 = CARTESIAN_POINT ( 'NONE',  ( 0.000000000000000000, 0.000000000000000000, 0.000000000000000000 ) ) ;
#2295 = VECTOR ( 'NONE', #4045, 1000.000000000000000 ) ;
#2296 = DIRECTION ( 'NONE',  ( 0.000000000000000000, 0.000000000000000000, -1.000000000000000000 ) ) ;
#2297 = DIRECTION ( 'NONE',  ( -1.000000000000000000, 0.000000000000000000, 0.000000000000000000 ) ) ;
#2298 = SURFACE_SIDE_STYLE ('',( #677 ) ) ;
#2299 = SURFACE_STYLE_USAGE ( .BOTH. , #4435 ) ;
#2300 = CARTESIAN_POINT ( 'NONE',  ( 0.9839885362300769822, 0.9719218393148552071, -1.234803699855794352E-17 ) ) ;
#2301 = VECTOR ( 'NONE', #643, 1000.000000000000000 ) ;
#2302 = CARTESIAN_POINT ( 'NONE',  ( 6.610000048699837372, -8.448075100918586823E-23, 0.9411112046959210220 ) ) ;
#2303 = CARTESIAN_POINT ( 'NONE',  ( 6.609999999999999432, 0.000000000000000000, 2.380000000000000338 ) ) ;
#2304 = CARTESIAN_POINT ( 'NONE',  ( 5.484164148423800178, -3.411199050375172792, 2.340000000000000302 ) ) ;
#2305 = CARTESIAN_POINT ( 'NONE',  ( 1.427463000134923110, -2.277376178195539502, 1.730000000000000204 ) ) ;
#2306 = EDGE_CURVE ( 'NONE', #5569, #1815, #2904, .T. ) ;
#2307 = CARTESIAN_POINT ( 'NONE',  ( 4.610670731407198630, -2.479546513799929741, 2.339999999999999858 ) ) ;
#2308 = CARTESIAN_POINT ( 'NONE',  ( 6.532844102506162542, 0.6212684433258273131, 0.1079125067810413896 ) ) ;
#2309 = CARTESIAN_POINT ( 'NONE',  ( 0.5735945278975004280, 0.6765087337580971694, 3.968907780922505957 ) ) ;
#2310 = ORIENTED_EDGE ( 'NONE', *, *, #1499, .T. ) ;
#2311 = CARTESIAN_POINT ( 'NONE',  ( 6.320377530282455858, 0.8398082094528025454, 4.046617836397820689 ) ) ;
#2312 = CARTESIAN_POINT ( 'NONE',  ( 6.760152566318543776, 0.1468157038918003754, 0.4980749339388777508 ) ) ;
#2313 = VECTOR ( 'NONE', #5379, 1000.000000000000000 ) ;
#2314 = CARTESIAN_POINT ( 'NONE',  ( 2.439916087112175447, -3.300831653889074957, 2.339999999999999414 ) ) ;
#2315 = PRESENTATION_LAYER_ASSIGNMENT (  '', '', ( #2750 ) ) ;
#2316 = CARTESIAN_POINT ( 'NONE',  ( 0.1866103441023126974, 0.3809745675302149137, 3.632433656395453347 ) ) ;
#2317 = ORIENTED_EDGE ( 'NONE', *, *, #4546, .F. ) ;
#2318 = ORIENTED_EDGE ( 'NONE', *, *, #2696, .T. ) ;
#2319 =( LENGTH_UNIT ( ) NAMED_UNIT ( * ) SI_UNIT ( .MILLI., .METRE. ) );
#2320 = CARTESIAN_POINT ( 'NONE',  ( 6.609132328926071942, 0.3441953478117200094, 3.808768248997241646 ) ) ;
#2321 = CARTESIAN_POINT ( 'NONE',  ( 0.4646775978282861597, 0.3334608732571178180, 0.2785036246728647691 ) ) ;
#2322 =( GEOMETRIC_REPRESENTATION_CONTEXT ( 3 ) GLOBAL_UNCERTAINTY_ASSIGNED_CONTEXT ( ( #1539 ) ) GLOBAL_UNIT_ASSIGNED_CONTEXT ( ( #1, #3604, #2131 ) ) REPRESENTATION_CONTEXT ( 'NONE', 'WORKASPACE' ) );
#2323 = SURFACE_STYLE_USAGE ( .BOTH. , #6002 ) ;
#2324 = PRESENTATION_STYLE_ASSIGNMENT (( #375 ) ) ;
#2325 = CARTESIAN_POINT ( 'NONE',  ( 4.494999999999999218, -1.976830000000000087, 2.035000000000000142 ) ) ;
#2326 = SURFACE_STYLE_USAGE ( .BOTH. , #2298 ) ;
#2327 = ORIENTED_EDGE ( 'NONE', *, *, #428, .F. ) ;
#2328 =( NAMED_UNIT ( * ) PLANE_ANGLE_UNIT ( ) SI_UNIT ( $, .RADIAN. ) );
#2329 = CARTESIAN_POINT ( 'NONE',  ( 6.438896066037688826, 0.8355970961597160018, 4.014491430057817389 ) ) ;
#2330 = CARTESIAN_POINT ( 'NONE',  ( 7.094780443232132860, 0.2491438877304314459, 3.070000000000002505 ) ) ;
#2331 = PRESENTATION_STYLE_ASSIGNMENT (( #3804 ) ) ;
#2332 =( NAMED_UNIT ( * ) PLANE_ANGLE_UNIT ( ) SI_UNIT ( $, .RADIAN. ) );
#2333 = CARTESIAN_POINT ( 'NONE',  ( 4.451399030808618207, 3.354671063942033182, 4.070000000000000284 ) ) ;
#2334 = VECTOR ( 'NONE', #2771, 1000.000000000000000 ) ;
#2335 = CARTESIAN_POINT ( 'NONE',  ( 5.129306663594790372, -2.152794706084732557, 2.340000000000000746 ) ) ;
#2336 = AXIS2_PLACEMENT_3D ( 'NONE', #1283, #6339, #2728 ) ;
#2337 = CARTESIAN_POINT ( 'NONE',  ( 5.795906912200894823, -2.939923179177049484, 1.729999999999999760 ) ) ;
#2338 = CARTESIAN_POINT ( 'NONE',  ( 6.508178419621104105, 0.5047621030235022177, 0.1405512404089536427 ) ) ;
#2339 = CARTESIAN_POINT ( 'NONE',  ( 0.7576129962661445338, 0.7295501971345754733, 4.027044710525844451 ) ) ;
#2340 = VERTEX_POINT ( 'NONE', #900 ) ;
#2341 = VERTEX_POINT ( 'NONE', #1482 ) ;
#2342 = DIRECTION ( 'NONE',  ( -0.000000000000000000, -0.000000000000000000, -1.000000000000000000 ) ) ;
#2343 = CARTESIAN_POINT ( 'NONE',  ( 3.163674760572764644, 3.354671063943200249, 4.070000000000000284 ) ) ;
#2344 = CARTESIAN_POINT ( 'NONE',  ( 6.133205444859507693, 0.9791521920378039034, 4.070000000000000284 ) ) ;
#2345 = CARTESIAN_POINT ( 'NONE',  ( 6.889049079170834311, 0.1301062988397323483, 0.6190917998457596827 ) ) ;
#2346 = CARTESIAN_POINT ( 'NONE',  ( 2.001648321400914643, -2.059139914636205937, 2.340000000000000302 ) ) ;
#2347 = CARTESIAN_POINT ( 'NONE',  ( 0.5101689348463842588, 0.1409839199716661218, 3.587477272294573361 ) ) ;
#2348 = ORIENTED_EDGE ( 'NONE', *, *, #4837, .T. ) ;
#2349 = EDGE_CURVE ( 'NONE', #307, #4474, #2961, .T. ) ;
#2350 = EDGE_CURVE ( 'NONE', #2341, #5368, #4348, .T. ) ;
#2351 = ORIENTED_EDGE ( 'NONE', *, *, #4623, .F. ) ;
#2352 = CARTESIAN_POINT ( 'NONE',  ( 6.692445743925841128, 0.4777309067476153692, 3.854104024206137513 ) ) ;
#2354 = CARTESIAN_POINT ( 'NONE',  ( 0.4308091659640462812, 0.3985968160900298929, 0.2461526485337794945 ) ) ;
#2353 = CARTESIAN_POINT ( 'NONE',  ( 7.110000000000000320, 0.000000000000000000, 4.070000000000000284 ) ) ;
#2355 = CARTESIAN_POINT ( 'NONE',  ( 6.594722369106916560, 0.03055524845402983122, 3.317212578741748352 ) ) ;
#2356 = CARTESIAN_POINT ( 'NONE',  ( 2.615000000000001101, -1.976830000000000087, 2.035000000000000142 ) ) ;
#2357 = CARTESIAN_POINT ( 'NONE',  ( 6.699990219768788613, 0.3764207349863830099, 0.2682847061923146481 ) ) ;
#2358 =( GEOMETRIC_REPRESENTATION_CONTEXT ( 3 ) GLOBAL_UNCERTAINTY_ASSIGNED_CONTEXT ( ( #8 ) ) GLOBAL_UNIT_ASSIGNED_CONTEXT ( ( #5645, #5087, #3120 ) ) REPRESENTATION_CONTEXT ( 'NONE', 'WORKASPACE' ) );
#2359 = CARTESIAN_POINT ( 'NONE',  ( 3.307048709871231118, 3.090525030000000228, 4.075000000000000178 ) ) ;
#2360 = ORIENTED_EDGE ( 'NONE', *, *, #5636, .T. ) ;
#2361 = FILL_AREA_STYLE ('',( #3379 ) ) ;
#2362 = CARTESIAN_POINT ( 'NONE',  ( 6.847763347920549748, 0.6311094967415730173, 3.748665368751119775 ) ) ;
#2363 = CARTESIAN_POINT ( 'NONE',  ( 7.104619250751337489, 0.5026903577973400594, 3.191711208151224444 ) ) ;
#2364 = EDGE_CURVE ( 'NONE', #6077, #561, #1806, .T. ) ;
#2365 = CARTESIAN_POINT ( 'NONE',  ( 0.04283619257978384803, 0.3851855937095098881, 0.7259177020570293237 ) ) ;
#2366 =( BOUNDED_SURFACE ( )  B_SPLINE_SURFACE ( 2, 3, ( 
 ( #1731, #3165, #6311, #5753 ),
 ( #750, #4865, #2806, #5338 ),
 ( #2187, #5234, #4321, #5859 ) ),
 .UNSPECIFIED., .F., .F., .T. ) 
 B_SPLINE_SURFACE_WITH_KNOTS ( ( 3, 3 ),
 ( 4, 4 ),
 ( 0.000000000000000000, 1.000000000000000000 ),
 ( -0.0002035000000000000404, 0.004273500000000000389 ),
 .UNSPECIFIED. ) 
 GEOMETRIC_REPRESENTATION_ITEM ( )  RATIONAL_B_SPLINE_SURFACE ( (
 ( 1.000000000000000000, 1.000000000000000000, 1.000000000000000000, 1.000000000000000000),
 ( 1.857142857142858317, 1.857142857142858317, 1.857142857142858317, 1.857142857142858317),
 ( 1.000000000000000000, 1.000000000000000000, 1.000000000000000000, 1.000000000000000000) ) ) 
 REPRESENTATION_ITEM ( '' )  SURFACE ( )  );
#2367 = CARTESIAN_POINT ( 'NONE',  ( 6.546123130623494824, 0.1277537150284846490, 0.5059692936056068291 ) ) ;
#2368 =( GEOMETRIC_REPRESENTATION_CONTEXT ( 3 ) GLOBAL_UNCERTAINTY_ASSIGNED_CONTEXT ( ( #5861 ) ) GLOBAL_UNIT_ASSIGNED_CONTEXT ( ( #1108, #1214, #3194 ) ) REPRESENTATION_CONTEXT ( 'NONE', 'WORKASPACE' ) );
#2369 = VECTOR ( 'NONE', #6236, 1000.000000000000000 ) ;
#2370 = CARTESIAN_POINT ( 'NONE',  ( 4.560052212777996772, -2.379693537067144149, 2.340000000000000746 ) ) ;
#2371 =( NAMED_UNIT ( * ) PLANE_ANGLE_UNIT ( ) SI_UNIT ( $, .RADIAN. ) );
#2372 = CARTESIAN_POINT ( 'NONE',  ( 5.977971168923231104, -3.069200569082300323, 2.340000000000000746 ) ) ;
#2373 = MECHANICAL_DESIGN_GEOMETRIC_PRESENTATION_REPRESENTATION (  '', ( #5965 ), #3766 ) ;
#2374 = CARTESIAN_POINT ( 'NONE',  ( 6.392343401067493325, 0.6276302492497999319, 0.07642649720827970894 ) ) ;
#2375 = CARTESIAN_POINT ( 'NONE',  ( 0.7991146776434037147, 0.7358819581632554119, 4.032756413572595733 ) ) ;
#2376 = VERTEX_POINT ( 'NONE', #1774 ) ;
#2377 = CARTESIAN_POINT ( 'NONE',  ( 0.6925125960828771854, 0.8462562960608449592, 0.04802706993448511985 ) ) ;
#2378 = DIRECTION ( 'NONE',  ( 0.000000000000000000, 0.000000000000000000, -1.000000000000000000 ) ) ;
#2379 = VECTOR ( 'NONE', #5556, 1000.000000000000227 ) ;
#2380 = CARTESIAN_POINT ( 'NONE',  ( 6.110000000000000320, 1.000000000000000000, 4.070000000000000284 ) ) ;
#2381 = FILL_AREA_STYLE ('',( #4478 ) ) ;
#2382 = MECHANICAL_DESIGN_GEOMETRIC_PRESENTATION_REPRESENTATION (  '', ( #5176 ), #3770 ) ;
#2383 = CARTESIAN_POINT ( 'NONE',  ( 1.976328068663353532, -2.159801285602718668, 2.340000000000000746 ) ) ;
#2384 = CARTESIAN_POINT ( 'NONE',  ( 0.2182864264964108902, 0.4987610189171454156, 3.690565941809956119 ) ) ;
#2385 = ORIENTED_EDGE ( 'NONE', *, *, #5069, .T. ) ;
#2386 = CARTESIAN_POINT ( 'NONE',  ( 3.276479083073879472, 3.692512944455525137, 4.075000000000000178 ) ) ;
#2387 = SURFACE_STYLE_USAGE ( .BOTH. , #845 ) ;
#2388 = CARTESIAN_POINT ( 'NONE',  ( 6.473525274382958550, 0.3639162716131329467, 3.842208369842184279 ) ) ;
#2390 = CARTESIAN_POINT ( 'NONE',  ( 0.5651406091659785247, 0.4298770557548816651, 0.1874643356489599511 ) ) ;
#2389 = FILL_AREA_STYLE ('',( #275 ) ) ;
#2391 = EDGE_CURVE ( 'NONE', #2049, #464, #3807, .T. ) ;
#2392 = VECTOR ( 'NONE', #5262, 1000.000000000000000 ) ;
#2393 = STYLED_ITEM ( 'NONE', ( #297 ), #168 ) ;
#2394 = CARTESIAN_POINT ( 'NONE',  ( 6.094999999999994422, -3.426829999999992715, 2.340000000000000302 ) ) ;
#2395 = DIRECTION ( 'NONE',  ( -1.000000000000000000, 0.000000000000000000, 0.000000000000000000 ) ) ;
#2396 = ORIENTED_EDGE ( 'NONE', *, *, #3384, .T. ) ;
#2397 = CARTESIAN_POINT ( 'NONE',  ( 0.6388234874716435252, 0.8194120372079936043, 0.06749220312241846487 ) ) ;
#2398 = CARTESIAN_POINT ( 'NONE',  ( 6.265166016660328907, 0.9226550629809043835, 4.059852099148730353 ) ) ;
#2399 = CARTESIAN_POINT ( 'NONE',  ( 6.904160529528113877, 0.1606074053343890529, 3.491105579609075527 ) ) ;
#2400 = MECHANICAL_DESIGN_GEOMETRIC_PRESENTATION_REPRESENTATION (  '', ( #5648 ), #5203 ) ;
#2401 = PRESENTATION_STYLE_ASSIGNMENT (( #5135 ) ) ;
#2402 =( GEOMETRIC_REPRESENTATION_CONTEXT ( 3 ) GLOBAL_UNCERTAINTY_ASSIGNED_CONTEXT ( ( #3600 ) ) GLOBAL_UNIT_ASSIGNED_CONTEXT ( ( #3590, #3082, #5622 ) ) REPRESENTATION_CONTEXT ( 'NONE', 'WORKASPACE' ) );
#2403 = LINE ( 'NONE', #6553, #1026 ) ;
#2404 = CARTESIAN_POINT ( 'NONE',  ( 2.615000000000001101, -1.976830000000000087, 1.730000000000000204 ) ) ;
#2405 = CARTESIAN_POINT ( 'NONE',  ( 5.552154447933728143, -3.507746240469660215, 2.340000000000000302 ) ) ;
#2406 = EDGE_CURVE ( 'NONE', #1363, #307, #2853, .T. ) ;
#2407 = CARTESIAN_POINT ( 'NONE',  ( 6.704748066562741471, -3.386286351574845810, 1.730000000000000426 ) ) ;
#2408 = CARTESIAN_POINT ( 'NONE',  ( 6.563063237357825486, 0.6559431148460301841, 0.1145424811357243083 ) ) ;
#2409 = CARTESIAN_POINT ( 'NONE',  ( 0.9602604405317487490, 0.9504763748411566571, 4.068943398420000079 ) ) ;
#2410 = ORIENTED_EDGE ( 'NONE', *, *, #2514, .F. ) ;
#2411 = CARTESIAN_POINT ( 'NONE',  ( 0.8044198840428207209, 0.8245680218458136812, 0.02198563469445968116 ) ) ;
#2412 = CARTESIAN_POINT ( 'NONE',  ( 0.5000000000000000000, 0.000000000000000000, 3.070000000000002061 ) ) ;
#2413 = CARTESIAN_POINT ( 'NONE',  ( 6.138078155975778216, 0.9839885339587020052, 4.070000000000000284 ) ) ;
#2414 = SURFACE_STYLE_USAGE ( .BOTH. , #1351 ) ;
#2415 = CARTESIAN_POINT ( 'NONE',  ( 2.614868535347959710, -2.028836699693395751, 2.340000000000000302 ) ) ;
#2416 = CARTESIAN_POINT ( 'NONE',  ( 0.4898575548655314527, 0.1067181445923459648, 3.526104518854434211 ) ) ;
#2417 = ORIENTED_EDGE ( 'NONE', *, *, #5291, .F. ) ;
#2418 = ORIENTED_EDGE ( 'NONE', *, *, #3992, .T. ) ;
#2419 = CARTESIAN_POINT ( 'NONE',  ( 4.494999999999999218, 0.000000000000000000, 2.340000000000000302 ) ) ;
#2420 = CARTESIAN_POINT ( 'NONE',  ( 6.465722479337389750, 0.5567650423624277423, 3.958223059413299882 ) ) ;
#2422 = CARTESIAN_POINT ( 'NONE',  ( 0.4172039133933790334, 0.5555294660087908287, 0.1970578146962745081 ) ) ;
#2421 = SURFACE_STYLE_USAGE ( .BOTH. , #781 ) ;
#2423 = FILL_AREA_STYLE ('',( #818 ) ) ;
#2424 = CARTESIAN_POINT ( 'NONE',  ( 3.163674760572764644, 3.354671063943200249, 4.070000000000000284 ) ) ;
#2425 = CARTESIAN_POINT ( 'NONE',  ( 1.083129567515950686, -3.134134918331347830, 1.729999999999999538 ) ) ;
#2426 = STYLED_ITEM ( 'NONE', ( #5973 ), #2526 ) ;
#2427 = PRESENTATION_LAYER_ASSIGNMENT (  '', '', ( #4592 ) ) ;
#2428 = CARTESIAN_POINT ( 'NONE',  ( 6.094999999999992646, -10.42682999999999360, 2.035000000000000142 ) ) ;
#2429 = CARTESIAN_POINT ( 'NONE',  ( 6.987478192258509857, 0.1702281818909807953, 3.375509701078693414 ) ) ;
#2430 = CARTESIAN_POINT ( 'NONE',  ( 0.4052519334372490234, -3.386286351574848474, 1.730000000000000204 ) ) ;
#2431 = CARTESIAN_POINT ( 'NONE',  ( 2.499329268592800801, -2.479546513799930629, 1.730000000000000648 ) ) ;
#2432 = STYLED_ITEM ( 'NONE', ( #4764 ), #5918 ) ;
#2433 = ORIENTED_EDGE ( 'NONE', *, *, #5121, .F. ) ;
#2434 = CARTESIAN_POINT ( 'NONE',  ( 1.314093087799104609, -2.939923179177045931, 1.730000000000000870 ) ) ;
#2435 = FILL_AREA_STYLE ('',( #382 ) ) ;
#2436 = LINE ( 'NONE', #2981, #5641 ) ;
#2437 = ADVANCED_FACE ( 'NONE', ( #758 ), #724, .F. ) ;
#2438 = CARTESIAN_POINT ( 'NONE',  ( 4.610670731407198630, -2.479546513799929741, 1.729999999999999982 ) ) ;
#2439 = CARTESIAN_POINT ( 'NONE',  ( 4.610670731407198630, -2.479546513799929741, 1.729999999999999982 ) ) ;
#2440 = CARTESIAN_POINT ( 'NONE',  ( 6.315145575219072605, 0.8830819888746059831, 0.02114245107886363051 ) ) ;
#2441 = CARTESIAN_POINT ( 'NONE',  ( 0.9504763549109418452, 0.9602604554216125354, 4.068943397740015122 ) ) ;
#2442 = EDGE_CURVE ( 'NONE', #2102, #6437, #73, .T. ) ;
#2443 = CARTESIAN_POINT ( 'NONE',  ( 0.7458576566916560457, 0.6023662806684978444, 0.08285075932671373544 ) ) ;
#2444 = DIRECTION ( 'NONE',  ( -1.000000000000000000, 0.000000000000000000, 0.000000000000000000 ) ) ;
#2445 = STYLED_ITEM ( 'NONE', ( #1523 ), #4429 ) ;
#2446 = CARTESIAN_POINT ( 'NONE',  ( 6.139405596498540341, 0.9852972017502835689, 4.070000000000000284 ) ) ;
#2447 = PRESENTATION_LAYER_ASSIGNMENT (  '', '', ( #4505 ) ) ;
#2448 = DIRECTION ( 'NONE',  ( 0.000000000000000000, 1.000000000000000000, 0.000000000000000000 ) ) ;
#2449 = CARTESIAN_POINT ( 'NONE',  ( 0.6797683813071139225, -2.654087532358892165, 1.730000000000000426 ) ) ;
#2450 = CARTESIAN_POINT ( 'NONE',  ( 0.6590250355897473433, 0.3180500710238645667, 3.801596239440626857 ) ) ;
#2451 = ORIENTED_EDGE ( 'NONE', *, *, #922, .T. ) ;
#2452 = EDGE_LOOP ( 'NONE', ( #1500, #2480, #82, #4625, #6701, #1452, #4400, #5005, #1033, #4919, #5072, #2213, #3510, #1918, #1170, #3493, #6409, #1384, #2171, #120, #5997, #3144, #4015 ) ) ;
#2453 =( LENGTH_UNIT ( ) NAMED_UNIT ( * ) SI_UNIT ( .MILLI., .METRE. ) );
#2454 = DIRECTION ( 'NONE',  ( 1.000000000000000000, -0.000000000000000000, -0.000000000000000000 ) ) ;
#2455 = CARTESIAN_POINT ( 'NONE',  ( 6.438073204527391624, 0.3438535902385537191, 3.824787482664450788 ) ) ;
#2457 = CARTESIAN_POINT ( 'NONE',  ( 0.3917480164718972202, 0.5105947247196934713, 0.2231043644648428581 ) ) ;
#2456 =( LENGTH_UNIT ( ) NAMED_UNIT ( * ) SI_UNIT ( .MILLI., .METRE. ) );
#2458 =( LENGTH_UNIT ( ) NAMED_UNIT ( * ) SI_UNIT ( .MILLI., .METRE. ) );
#2459 = CARTESIAN_POINT ( 'NONE',  ( 0.4999999513001561757, 0.000000000000000000, 3.128888795304069159 ) ) ;
#2460 = DIRECTION ( 'NONE',  ( 0.000000000000000000, 0.000000000000000000, -1.000000000000000000 ) ) ;
#2461 = VERTEX_POINT ( 'NONE', #4369 ) ;
#2462 = SURFACE_SIDE_STYLE ('',( #4562 ) ) ;
#2463 = CARTESIAN_POINT ( 'NONE',  ( 6.680740078427672479, 0.7147118870096099696, 3.891752224084550793 ) ) ;
#2464 = CARTESIAN_POINT ( 'NONE',  ( 7.018965949426851481, 0.3083794822951814174, 3.434771821320905083 ) ) ;
#2466 = CARTESIAN_POINT ( 'NONE',  ( 0.1468157038867209385, 0.3498474336741793089, 0.4980749339269905929 ) ) ;
#2465 = CARTESIAN_POINT ( 'NONE',  ( 2.343689367301083237, -2.651590930006798796, 1.730000000000000204 ) ) ;
#2467 = CARTESIAN_POINT ( 'NONE',  ( 2.614868535347959710, -2.028836699693395751, 1.730000000000000204 ) ) ;
#2468 =( GEOMETRIC_REPRESENTATION_CONTEXT ( 3 ) GLOBAL_UNCERTAINTY_ASSIGNED_CONTEXT ( ( #3581 ) ) GLOBAL_UNIT_ASSIGNED_CONTEXT ( ( #2458, #2590, #4655 ) ) REPRESENTATION_CONTEXT ( 'NONE', 'WORKASPACE' ) );
#2469 = CARTESIAN_POINT ( 'NONE',  ( 1.015247165164533394, -3.388698253309390118, 1.729999999999999982 ) ) ;
#2470 = ORIENTED_EDGE ( 'NONE', *, *, #1499, .F. ) ;
#2471 = CARTESIAN_POINT ( 'NONE',  ( 2.587099284624900353, -2.262817522373828272, 1.730000000000000204 ) ) ;
#2472 = CARTESIAN_POINT ( 'NONE',  ( 5.795906912200894823, -2.939923179177049928, 1.729999999999999760 ) ) ;
#2473 = FILL_AREA_STYLE ('',( #4143 ) ) ;
#2474 = CARTESIAN_POINT ( 'NONE',  ( 4.522900715375092418, -2.262817522373829160, 1.730000000000000204 ) ) ;
#2475 = CARTESIAN_POINT ( 'NONE',  ( 2.862700937820964242, 3.205053595892337626, 4.075000000000000178 ) ) ;
#2476 = CARTESIAN_POINT ( 'NONE',  ( 5.421875343359019439, -2.237520388003038097, 2.339999999999999858 ) ) ;
#2477 = MECHANICAL_DESIGN_GEOMETRIC_PRESENTATION_REPRESENTATION (  '', ( #215 ), #6279 ) ;
#2478 = CARTESIAN_POINT ( 'NONE',  ( 6.349316162218367587, 0.7734571919621160419, 0.03483138474284495911 ) ) ;
#2479 = CARTESIAN_POINT ( 'NONE',  ( 0.8888999260324434992, 0.8826130492320954923, 4.061823534778548073 ) ) ;
#2480 = ORIENTED_EDGE ( 'NONE', *, *, #6551, .T. ) ;
#2481 = CARTESIAN_POINT ( 'NONE',  ( 4.193095656005081828, 3.354671063942033182, 4.070000000000000284 ) ) ;
#2482 = SURFACE_SIDE_STYLE ('',( #425 ) ) ;
#2483 = CARTESIAN_POINT ( 'NONE',  ( 6.840071231525655548, 0.6349700294532747424, 0.3162463528372844723 ) ) ;
#2484 = ADVANCED_FACE ( 'NONE', ( #6462 ), #3489, .T. ) ;
#2485 = CARTESIAN_POINT ( 'NONE',  ( 6.597066192377599059, 0.2400194515570076570, 0.3533642465579409642 ) ) ;
#2486 = CARTESIAN_POINT ( 'NONE',  ( 0.4314119745403208195, 0.4617831186400807031, 3.856231796129330647 ) ) ;
#2487 = VECTOR ( 'NONE', #6619, 1000.000000000000227 ) ;
#2488 = SURFACE_SIDE_STYLE ('',( #6543 ) ) ;
#2489 = APPLICATION_PROTOCOL_DEFINITION ( 'draft international standard', 'automotive_design', 1998, #5039 ) ;
#2490 = FILL_AREA_STYLE_COLOUR ( '', #3347 ) ;
#2491 = CARTESIAN_POINT ( 'NONE',  ( 6.534195326270995530, 0.5267957260233793182, 3.934509464883966690 ) ) ;
#2492 = MANIFOLD_SOLID_BREP ( 'Mirror3', #5867 ) ;
#2493 = PRESENTATION_STYLE_ASSIGNMENT (( #3027 ) ) ;
#2494 = MECHANICAL_DESIGN_GEOMETRIC_PRESENTATION_REPRESENTATION (  '', ( #1198 ), #5074 ) ;
#2495 = EDGE_CURVE ( 'NONE', #4461, #5210, #5858, .T. ) ;
#2496 = CARTESIAN_POINT ( 'NONE',  ( 2.736899785502750593, 3.692512944455525137, 4.075000000000000178 ) ) ;
#2497 = VECTOR ( 'NONE', #3395, 1000.000000000000000 ) ;
#2498 = SURFACE_STYLE_USAGE ( .BOTH. , #4145 ) ;
#2499 = CARTESIAN_POINT ( 'NONE',  ( 7.050364208688489676, 0.1588764848655868922, 3.209555903094178042 ) ) ;
#2501 = CARTESIAN_POINT ( 'NONE',  ( 0.2520587036400473435, 0.4319407365034799717, 0.3572863259600100871 ) ) ;
#2500 = LINE ( 'NONE', #3036, #433 ) ;
#2502 = PRESENTATION_STYLE_ASSIGNMENT (( #3352 ) ) ;
#2503 = CIRCLE ( 'NONE', #22, 0.3050000000000001599 ) ;
#2504 = VECTOR ( 'NONE', #465, 1000.000000000000000 ) ;
#2505 = ORIENTED_EDGE ( 'NONE', *, *, #4009, .T. ) ;
#2506 = CARTESIAN_POINT ( 'NONE',  ( 6.094752834835457378, -3.388698253309387454, 1.730000000000000204 ) ) ;
#2507 = CARTESIAN_POINT ( 'NONE',  ( 5.682536999865071436, -2.277376178195544831, 1.729999999999999760 ) ) ;
#2508 = EDGE_CURVE ( 'NONE', #1235, #985, #4864, .T. ) ;
#2509 =( GEOMETRIC_REPRESENTATION_CONTEXT ( 3 ) GLOBAL_UNCERTAINTY_ASSIGNED_CONTEXT ( ( #1046 ) ) GLOBAL_UNIT_ASSIGNED_CONTEXT ( ( #1469, #2003, #1937 ) ) REPRESENTATION_CONTEXT ( 'NONE', 'WORKASPACE' ) );
#2510 = CARTESIAN_POINT ( 'NONE',  ( 6.310885322356971194, 0.7358819581628526230, 0.03724358642746410097 ) ) ;
#2511 = CARTESIAN_POINT ( 'NONE',  ( 0.8036112754202240360, 0.8738776949560733698, 4.050510944598671337 ) ) ;
#2512 = VERTEX_POINT ( 'NONE', #4795 ) ;
#2513 = CARTESIAN_POINT ( 'NONE',  ( 0.6003037094114603844, 0.8001518560905823696, 0.08272247668801389897 ) ) ;
#2514 = EDGE_CURVE ( 'NONE', #3462, #5841, #2573, .T. ) ;
#2515 = CARTESIAN_POINT ( 'NONE',  ( 7.110000000000000320, 5.733170000000000321, 4.070000000000000284 ) ) ;
#2516 = CARTESIAN_POINT ( 'NONE',  ( 3.592889109449001417, 3.692512944455525137, 4.075000000000000178 ) ) ;
#2517 = CARTESIAN_POINT ( 'NONE',  ( 0.4052519334372490234, -3.386286351574848474, 1.730000000000000204 ) ) ;
#2518 = CARTESIAN_POINT ( 'NONE',  ( 6.910287823207813318, 0.5447504658647381870, 0.3985476037033462982 ) ) ;
#2519 = CARTESIAN_POINT ( 'NONE',  ( 0.4725018863108961797, 0.4427934235408325092, 3.866713588919624467 ) ) ;
#2520 = EDGE_LOOP ( 'NONE', ( #475, #5285, #4096, #2611 ) ) ;
#2521 = FACE_OUTER_BOUND ( 'NONE', #3692, .T. ) ;
#2522 = CARTESIAN_POINT ( 'NONE',  ( 3.891346612744803313, -2.193807365241617902, 1.730000000000000648 ) ) ;
#2523 = EDGE_CURVE ( 'NONE', #4501, #1383, #4497, .T. ) ;
#2524 = LINE ( 'NONE', #3566, #2818 ) ;
#2525 = CARTESIAN_POINT ( 'NONE',  ( 6.556857890727317617, 0.5017792446163836795, 3.919402660614676570 ) ) ;
#2526 = MANIFOLD_SOLID_BREP ( 'Scale2[3]', #1436 ) ;
#2528 = CARTESIAN_POINT ( 'NONE',  ( 0.4725020417022575137, 0.4427932871975864826, 0.2032864306325878612 ) ) ;
#2527 = CARTESIAN_POINT ( 'NONE',  ( 0.6096608664571636638, 0.2192752663988831452, 0.3741931020980141520 ) ) ;
#2529 = CARTESIAN_POINT ( 'NONE',  ( 0.06208943067169230001, 0.1129106578662555371, 3.069999999999998952 ) ) ;
#2530 = CARTESIAN_POINT ( 'NONE',  ( 0.4292599215712567529, 0.7147118870092462606, 0.1782477759161934516 ) ) ;
#2531 = CARTESIAN_POINT ( 'NONE',  ( 3.243934446641114189, 3.577927635947331986, 4.075000000000000178 ) ) ;
#2532 = SURFACE_STYLE_USAGE ( .BOTH. , #6135 ) ;
#2533 = CARTESIAN_POINT ( 'NONE',  ( 6.982535662040685764, 0.07731064447905526549, 3.210336406861015845 ) ) ;
#2534 = CARTESIAN_POINT ( 'NONE',  ( 0.1409839199714867652, 0.5101689348461390106, 0.4825227277057232422 ) ) ;
#2535 = UNCERTAINTY_MEASURE_WITH_UNIT (LENGTH_MEASURE( 1.000000000000000082E-05 ), #1003, 'distance_accuracy_value', 'NONE');
#2536 = DIRECTION ( 'NONE',  ( 0.000000000000000000, 0.000000000000000000, -1.000000000000000000 ) ) ;
#2537 = ORIENTED_EDGE ( 'NONE', *, *, #2909, .T. ) ;
#2538 = FACE_OUTER_BOUND ( 'NONE', #4707, .T. ) ;
#2539 = DIRECTION ( 'NONE',  ( 0.000000000000000000, 0.000000000000000000, -1.000000000000000000 ) ) ;
#2540 = CARTESIAN_POINT ( 'NONE',  ( 4.495131464652040165, -2.028836699693395751, 1.730000000000000204 ) ) ;
#2541 = AXIS2_PLACEMENT_3D ( 'NONE', #5731, #1091, #486 ) ;
#2542 = UNCERTAINTY_MEASURE_WITH_UNIT (LENGTH_MEASURE( 1.000000000000000082E-05 ), #6584, 'distance_accuracy_value', 'NONE');
#2543 = CARTESIAN_POINT ( 'NONE',  ( 6.352387003735191051, 0.7295501971331305180, 0.04295528947460185848 ) ) ;
#2544 = CARTESIAN_POINT ( 'NONE',  ( 0.8830819588836613665, 0.7948544604524361290, 4.048857556537858393 ) ) ;
#2545 = ORIENTED_EDGE ( 'NONE', *, *, #4179, .T. ) ;
#2546 = CARTESIAN_POINT ( 'NONE',  ( 0.9578209132189400288, 0.9529285444949587847, 0.001014574128144750962 ) ) ;
#2547 = PLANE ( 'NONE',  #4976 ) ;
#2548 = CARTESIAN_POINT ( 'NONE',  ( 4.560052212777996772, -2.379693537067144149, 1.730000000000000648 ) ) ;
#2549 = FACE_OUTER_BOUND ( 'NONE', #2016, .T. ) ;
#2550 = CARTESIAN_POINT ( 'NONE',  ( 6.801170981200453269, 0.3463278926941689151, 0.3388411673152987302 ) ) ;
#2551 = CARTESIAN_POINT ( 'NONE',  ( 0.5398293763257617783, 0.4285922570772020546, 3.877640625964902998 ) ) ;
#2552 = ORIENTED_EDGE ( 'NONE', *, *, #2227, .F. ) ;
#2553 = PRESENTATION_STYLE_ASSIGNMENT (( #4105 ) ) ;
#2554 = CARTESIAN_POINT ( 'NONE',  ( 4.671910683639892703, -2.561600740389322617, 1.729999999999999982 ) ) ;
#2555 = COLOUR_RGB ( '',1.000000000000000000, 0.8431372549019607865, 0.1333333333333333315 ) ;
#2556 = DIRECTION ( 'NONE',  ( -0.2762033010290822488, -0.9610992334304705453, 0.000000000000000000 ) ) ;
#2557 = CARTESIAN_POINT ( 'NONE',  ( 6.417487403917163213, 0.8462562960608187579, 4.021972930065494722 ) ) ;
#2558 = CARTESIAN_POINT ( 'NONE',  ( 0.5184362359606899950, 0.03676939253692200482, 0.7290873416414037633 ) ) ;
#2559 = MECHANICAL_DESIGN_GEOMETRIC_PRESENTATION_REPRESENTATION (  '', ( #2023 ), #6143 ) ;
#2560 = CARTESIAN_POINT ( 'NONE',  ( 0.1097746922693229044, 0.5548572452976636704, 3.529912443077129147 ) ) ;
#2561 = CARTESIAN_POINT ( 'NONE',  ( 2.176045609218363044E-11, 0.4288764778160696345, 3.133127406789400382 ) ) ;
#2562 = VERTEX_POINT ( 'NONE', #5484 ) ;
#2563 = LINE ( 'NONE', #2057, #4936 ) ;
#2564 = CARTESIAN_POINT ( 'NONE',  ( 1.000000000000000000, 5.733170000000000321, 0.000000000000000000 ) ) ;
#2565 = CARTESIAN_POINT ( 'NONE',  ( 6.982246284971536987, 0.5638768693765041640, 3.564030706394352155 ) ) ;
#2567 = CARTESIAN_POINT ( 'NONE',  ( 0.1277537150284851208, 0.5638768693764953932, 0.5059692936056128243 ) ) ;
#2566 = DIRECTION ( 'NONE',  ( 0.000000000000000000, 0.000000000000000000, -1.000000000000000000 ) ) ;
#2568 = PRESENTATION_STYLE_ASSIGNMENT (( #4014 ) ) ;
#2569 = DIRECTION ( 'NONE',  ( -0.000000000000000000, -1.000000000000000000, -0.000000000000000000 ) ) ;
#2570 = ORIENTED_EDGE ( 'NONE', *, *, #1755, .F. ) ;
#2571 = LINE ( 'NONE', #1114, #2870 ) ;
#2572 = CARTESIAN_POINT ( 'NONE',  ( 5.795906912200894823, -2.939923179177049484, 1.729999999999999760 ) ) ;
#2573 = B_SPLINE_CURVE_WITH_KNOTS ( 'NONE', 3,
 ( #3700, #1219, #5751, #1177, #2156, #3663, #4247, #3302, #1628, #6345, #1252, #612, #3197, #1766, #3164, #2769, #5266, #3270, #2221, #644, #6379, #5233, #6309, #1665, #712, #203, #1964, #3974, #4971, #5579, #3942 ),
 .UNSPECIFIED., .F., .F.,
 ( 4, 2, 2, 1, 1, 2, 2, 2, 2, 1, 2, 2, 2, 2, 2, 2, 4 ),
 ( 0.000000000000000000, 0.1249999999999950040, 0.1874999999999924227, 0.2187499999999913403, 0.2343749999999904798, 0.2421874999999903133, 0.2499999999999901745, 0.3749999999999912292, 0.4374999999999917843, 0.4687499999999923395, 0.4843749999999923950, 0.4999999999999924505, 0.6249999999999938938, 0.6874999999999948930, 0.7187499999999954481, 0.7499999999999960032, 1.000000000000000000 ),
 .UNSPECIFIED. ) ;
#2574 = CARTESIAN_POINT ( 'NONE',  ( 3.873989821527943800, 3.090525030000000228, 4.070000000000000284 ) ) ;
#2575 = CARTESIAN_POINT ( 'NONE',  ( 6.324371272775924702, 0.8928143613030004033, 0.02311984771402932418 ) ) ;
#2576 =( NAMED_UNIT ( * ) PLANE_ANGLE_UNIT ( ) SI_UNIT ( $, .RADIAN. ) );
#2577 = ORIENTED_EDGE ( 'NONE', *, *, #1755, .T. ) ;
#2578 = PRESENTATION_LAYER_ASSIGNMENT (  '', '', ( #2794 ) ) ;
#2579 = CARTESIAN_POINT ( 'NONE',  ( 0.9403778168077373545, 0.9701889080736537663, 0.001422164880504487097 ) ) ;
#2580 = CARTESIAN_POINT ( 'NONE',  ( 1.624995231727281331, -3.429241901734537912, 2.340000000000000302 ) ) ;
#2581 = CARTESIAN_POINT ( 'NONE',  ( 6.743150095778887021, 0.2927635992405745458, 0.3416067910328804969 ) ) ;
#2582 = CARTESIAN_POINT ( 'NONE',  ( 0.5788746665268944547, 0.3456999365907036381, 3.824098234489095471 ) ) ;
#2583 = VERTEX_POINT ( 'NONE', #3505 ) ;
#2584 =( BOUNDED_SURFACE ( )  B_SPLINE_SURFACE ( 3, 3, ( 
 ( #4724, #1207, #4820, #636, #2689, #4755, #6405, #3756, #194, #6300, #2211, #3258, #4172, #4270, #2177, #1756, #1102, #2118, #3121, #5847 ),
 ( #6334, #5741, #2757, #1656, #3157, #2244, #1687, #5223, #5884, #5187, #605, #571, #2622, #3725, #4689, #5812, #2654, #3690, #5777, #1167 ),
 ( #3222, #1134, #3363, #3927, #842, #4480, #2831, #1880, #2314, #810, #5916, #6478, #2930, #6564, #5954, #1314, #4958, #6508, #3823, #2869 ),
 ( #4926, #2415, #2901, #4889, #334, #4856, #304, #1278, #2795, #5437, #1915, #3958, #3857, #368, #6444, #267, #5500, #232, #6023, #4384 ),
 ( #1849, #1820, #2346, #3326, #1380, #2383, #5396, #866, #4419, #1243, #3893, #5994, #3296, #1352, #773, #5469, #3396, #4450, #1788, #6540 ),
 ( #3426, #4987, #5363, #741, #2283, #4353, #4737, #3172, #4066, #2135, #1085, #4549, #394, #461, #2449, #1449, #1984, #6632, #2517, #3526 ),
 ( #3639, #3675, #3140, #621, #4703, #4028, #2673, #5019, #6283, #5206, #77, #1117, #110, #5241, #5724, #5761, #589, #2161, #6155, #6058 ) ),
 .UNSPECIFIED., .T., .F., .F. ) 
 B_SPLINE_SURFACE_WITH_KNOTS ( ( 4, 3, 4 ),
 ( 4, 1, 1, 1, 1, 1, 1, 1, 1, 1, 1, 1, 1, 1, 1, 1, 1, 4 ),
 ( 0.000000000000000000, 0.5000000000000000000, 1.000000000000000000 ),
 ( 0.000000000000000000, 0.06218578512488843330, 0.1166294419295891005, 0.1648481812090129561, 0.2084255885910391293, 0.2493461803357351347, 0.2884584599461604837, 0.3649277418574276566, 0.4434213933723337164, 0.5239092198959711677, 0.6426297435126099300, 0.7501596148163247602, 0.7859142909927842036, 0.8259429660877520840, 0.8688256463525744211, 0.9122600832691466488, 0.9544039555856032031, 1.000000000000000000 ),
 .UNSPECIFIED. ) 
 GEOMETRIC_REPRESENTATION_ITEM ( )  RATIONAL_B_SPLINE_SURFACE ( (
 ( 1.000000000000000000, 1.000000000000000000, 0.9999999999999997780, 1.000000000000000222, 1.000000000000000222, 0.9999999999999996669, 1.000000000000000000, 1.000000000000000222, 1.000000000000000000, 1.000000000000000222, 0.9999999999999997780, 1.000000000000000222, 0.9999999999999995559, 1.000000000000000000, 1.000000000000000000, 1.000000000000000222, 0.9999999999999997780, 1.000000000000000000, 1.000000000000000000, 1.000000000000000000),
 ( 0.3333333333333333703, 0.3333333333333333703, 0.3333333333333333148, 0.3333333333333334259, 0.3333333333333334814, 0.3333333333333332038, 0.3333333333333333703, 0.3333333333333334259, 0.3333333333333333148, 0.3333333333333334259, 0.3333333333333333703, 0.3333333333333334259, 0.3333333333333332593, 0.3333333333333334259, 0.3333333333333333703, 0.3333333333333333703, 0.3333333333333333148, 0.3333333333333334259, 0.3333333333333333703, 0.3333333333333333703),
 ( 0.3333333333333333703, 0.3333333333333333703, 0.3333333333333333148, 0.3333333333333334259, 0.3333333333333334814, 0.3333333333333332038, 0.3333333333333333703, 0.3333333333333334259, 0.3333333333333333148, 0.3333333333333334259, 0.3333333333333333703, 0.3333333333333334259, 0.3333333333333332593, 0.3333333333333334259, 0.3333333333333333703, 0.3333333333333333703, 0.3333333333333333148, 0.3333333333333334259, 0.3333333333333333703, 0.3333333333333333703),
 ( 1.000000000000000000, 1.000000000000000000, 0.9999999999999997780, 1.000000000000000222, 1.000000000000000222, 0.9999999999999996669, 1.000000000000000000, 1.000000000000000222, 1.000000000000000000, 1.000000000000000222, 0.9999999999999997780, 1.000000000000000222, 0.9999999999999995559, 1.000000000000000000, 1.000000000000000000, 1.000000000000000222, 0.9999999999999997780, 1.000000000000000000, 1.000000000000000000, 1.000000000000000000),
 ( 0.3333333333333333703, 0.3333333333333333703, 0.3333333333333333148, 0.3333333333333334259, 0.3333333333333334814, 0.3333333333333332038, 0.3333333333333333703, 0.3333333333333334259, 0.3333333333333333148, 0.3333333333333334259, 0.3333333333333333703, 0.3333333333333334259, 0.3333333333333332593, 0.3333333333333334259, 0.3333333333333333703, 0.3333333333333333703, 0.3333333333333333148, 0.3333333333333334259, 0.3333333333333333703, 0.3333333333333333703),
 ( 0.3333333333333333703, 0.3333333333333333703, 0.3333333333333333148, 0.3333333333333334259, 0.3333333333333334814, 0.3333333333333332038, 0.3333333333333333703, 0.3333333333333334259, 0.3333333333333333148, 0.3333333333333334259, 0.3333333333333333703, 0.3333333333333334259, 0.3333333333333332593, 0.3333333333333334259, 0.3333333333333333703, 0.3333333333333333703, 0.3333333333333333148, 0.3333333333333334259, 0.3333333333333333703, 0.3333333333333333703),
 ( 1.000000000000000000, 1.000000000000000000, 0.9999999999999997780, 1.000000000000000222, 1.000000000000000222, 0.9999999999999996669, 1.000000000000000000, 1.000000000000000222, 1.000000000000000000, 1.000000000000000222, 0.9999999999999997780, 1.000000000000000222, 0.9999999999999995559, 1.000000000000000000, 1.000000000000000000, 1.000000000000000222, 0.9999999999999997780, 1.000000000000000000, 1.000000000000000000, 1.000000000000000000) ) ) 
 REPRESENTATION_ITEM ( '' )  SURFACE ( )  );
#2585 = CARTESIAN_POINT ( 'NONE',  ( 3.990797761961201395, -2.606592368049555741, 1.730000000000000648 ) ) ;
#2586 = AXIS2_PLACEMENT_3D ( 'NONE', #6308, #1139, #1694 ) ;
#2587 = SURFACE_SIDE_STYLE ('',( #6223 ) ) ;
#2588 = CARTESIAN_POINT ( 'NONE',  ( 6.336542808037822994, 0.7606838377816749208, 4.035168615257187064 ) ) ;
#2589 = SURFACE_STYLE_FILL_AREA ( #2021 ) ;
#2590 =( NAMED_UNIT ( * ) PLANE_ANGLE_UNIT ( ) SI_UNIT ( $, .RADIAN. ) );
#2591 = VECTOR ( 'NONE', #2886, 1000.000000000000000 ) ;
#2592 = VERTEX_POINT ( 'NONE', #6577 ) ;
#2593 = PRESENTATION_STYLE_ASSIGNMENT (( #62 ) ) ;
#2594 = SURFACE_SIDE_STYLE ('',( #98 ) ) ;
#2595 = AXIS2_PLACEMENT_3D ( 'NONE', #3117, #3053, #4033 ) ;
#2596 = DIRECTION ( 'NONE',  ( -1.000000000000000000, -0.000000000000000000, -0.000000000000000000 ) ) ;
#2597 = FACE_OUTER_BOUND ( 'NONE', #5850, .T. ) ;
#2598 = CARTESIAN_POINT ( 'NONE',  ( 6.801170795531041868, 0.3463276595991688356, 3.731158857875251034 ) ) ;
#2599 = UNCERTAINTY_MEASURE_WITH_UNIT (LENGTH_MEASURE( 1.000000000000000082E-05 ), #1727, 'distance_accuracy_value', 'NONE');
#2600 = COLOUR_RGB ( '',0.5647058823529411686, 0.3019607843137254721, 0.1294117647058823373 ) ;
#2601 = ADVANCED_FACE ( 'NONE', ( #2975 ), #852, .T. ) ;
#2602 = VECTOR ( 'NONE', #4710, 1000.000000000000227 ) ;
#2603 = ORIENTED_EDGE ( 'NONE', *, *, #4009, .F. ) ;
#2604 = DIRECTION ( 'NONE',  ( -1.000000000000000000, 0.000000000000000000, 0.000000000000000000 ) ) ;
#2605 = CARTESIAN_POINT ( 'NONE',  ( 0.4790073928940692949, 0.5806576394147774378, 0.1562671053601406290 ) ) ;
#2606 = CARTESIAN_POINT ( 'NONE',  ( 2.937081356610682370, 3.465957979040120929, 4.070000000000000284 ) ) ;
#2607 = VERTEX_POINT ( 'NONE', #1331 ) ;
#2608 = STYLED_ITEM ( 'NONE', ( #160 ), #6531 ) ;
#2609 = CARTESIAN_POINT ( 'NONE',  ( 6.139811091926254960, 0.9403778168077108202, 0.001422164880506413724 ) ) ;
#2610 = FILL_AREA_STYLE ('',( #43 ) ) ;
#2611 = ORIENTED_EDGE ( 'NONE', *, *, #1663, .T. ) ;
#2612 = EDGE_CURVE ( 'NONE', #2607, #1330, #4667, .T. ) ;
#2613 = LINE ( 'NONE', #2515, #5520 ) ;
#2614 = CARTESIAN_POINT ( 'NONE',  ( 1.625835851576190594, -3.411199050375175901, 1.729999999999999760 ) ) ;
#2615 = CARTESIAN_POINT ( 'NONE',  ( 6.673133574702378112, 0.6373900137635323260, 0.1742979213295240692 ) ) ;
#2616 = CARTESIAN_POINT ( 'NONE',  ( 0.5567650423622831912, 0.6442775206627229245, 3.958223059413489953 ) ) ;
#2617 = ORIENTED_EDGE ( 'NONE', *, *, #5806, .T. ) ;
#2618 = CARTESIAN_POINT ( 'NONE',  ( 3.926662175581037140, -2.399057639724790914, 1.730000000000000204 ) ) ;
#2619 = PRESENTATION_LAYER_ASSIGNMENT (  '', '', ( #2084 ) ) ;
#2620 = CARTESIAN_POINT ( 'NONE',  ( 6.447551700194980917, 0.6806670751871768399, 3.998146924981570649 ) ) ;
#2621 = CARTESIAN_POINT ( 'NONE',  ( 0.7779628542568274296, 0.5558561874354416288, 0.1038875565659106437 ) ) ;
#2622 = CARTESIAN_POINT ( 'NONE',  ( 1.536779826725151121, -3.518153472730918718, 1.730000000000000426 ) ) ;
#2623 = CARTESIAN_POINT ( 'NONE',  ( 0.5293441940110652499, 0.05868839865058039090, 3.408987445811432426 ) ) ;
#2624 = ORIENTED_EDGE ( 'NONE', *, *, #6260, .T. ) ;
#2625 = LINE ( 'NONE', #531, #1325 ) ;
#2626 = SURFACE_SIDE_STYLE ('',( #3126 ) ) ;
#2627 = CARTESIAN_POINT ( 'NONE',  ( 6.884177038700907580, 0.3064616884395018892, 3.650260505748925244 ) ) ;
#2628 = DIRECTION ( 'NONE',  ( 0.000000000000000000, -1.000000000000000000, -0.000000000000000000 ) ) ;
#2629 = CARTESIAN_POINT ( 'NONE',  ( 6.580655805988943285, 0.05868839865057289690, 0.6610125541885868428 ) ) ;
#2630 = CARTESIAN_POINT ( 'NONE',  ( 2.455873737737415574, 3.417388129336547564, 4.070000000000000284 ) ) ;
#2631 = PRESENTATION_STYLE_ASSIGNMENT (( #106 ) ) ;
#2632 = DIRECTION ( 'NONE',  ( -0.9237839814038837360, -0.3829140317376591440, 0.000000000000000000 ) ) ;
#2633 = CARTESIAN_POINT ( 'NONE',  ( 0.6018216721185351004, 0.5047620244161168390, 0.1405512610354020531 ) ) ;
#2634 = DIRECTION ( 'NONE',  ( 0.4668459304955076550, 0.8843386665637682498, 0.000000000000000000 ) ) ;
#2635 = CARTESIAN_POINT ( 'NONE',  ( 3.592889109449001417, 3.692512944455525137, 4.075000000000000178 ) ) ;
#2636 = ADVANCED_FACE ( 'NONE', ( #2597 ), #1044, .F. ) ;
#2637 = CARTESIAN_POINT ( 'NONE',  ( 6.138078160685100926, 0.9839885362300296867, 0.000000000000000000 ) ) ;
#2638 =( NAMED_UNIT ( * ) SI_UNIT ( $, .STERADIAN. ) SOLID_ANGLE_UNIT ( ) );
#2639 = ORIENTED_EDGE ( 'NONE', *, *, #3628, .F. ) ;
#2640 = AXIS2_PLACEMENT_3D ( 'NONE', #2428, #1432, #3471 ) ;
#2641 = VECTOR ( 'NONE', #2064, 1000.000000000000000 ) ;
#2642 = DIRECTION ( 'NONE',  ( 0.000000000000000000, 0.000000000000000000, 1.000000000000000000 ) ) ;
#2643 = CARTESIAN_POINT ( 'NONE',  ( 1.132028831076766107, -3.069200569082297658, 2.339999999999999858 ) ) ;
#2644 = CARTESIAN_POINT ( 'NONE',  ( 4.495131464652040165, -2.028836699693395751, 1.730000000000000204 ) ) ;
#2645 =( NAMED_UNIT ( * ) SI_UNIT ( $, .STERADIAN. ) SOLID_ANGLE_UNIT ( ) );
#2646 = CARTESIAN_POINT ( 'NONE',  ( 6.506798464120482350, 0.3843526545429152841, 0.2134196165925880129 ) ) ;
#2647 = CARTESIAN_POINT ( 'NONE',  ( 0.4682453349018246280, 0.5947315186478013826, 3.909729069863751683 ) ) ;
#2648 = ORIENTED_EDGE ( 'NONE', *, *, #1944, .T. ) ;
#2649 = CARTESIAN_POINT ( 'NONE',  ( 0.02175737332016356232, 0.2136016297785303664, 0.9999999999999995559 ) ) ;
#2650 = CARTESIAN_POINT ( 'NONE',  ( 3.891346612744803313, -2.193807365241617902, 2.340000000000000302 ) ) ;
#2651 = CARTESIAN_POINT ( 'NONE',  ( 0.000000000000000000, 0.000000000000000000, 4.070000000000000284 ) ) ;
#2652 = CARTESIAN_POINT ( 'NONE',  ( 6.359436507745551026, 0.7364611781175363081, 4.027418585004588714 ) ) ;
#2653 = DIRECTION ( 'NONE',  ( 1.000000000000000000, 0.000000000000000000, 0.000000000000000000 ) ) ;
#2654 = CARTESIAN_POINT ( 'NONE',  ( 1.625835851576190594, -3.411199050375175901, 1.729999999999999760 ) ) ;
#2655 = PRESENTATION_LAYER_ASSIGNMENT (  '', '', ( #78 ) ) ;
#2656 = CARTESIAN_POINT ( 'NONE',  ( 0.03055524845402874876, 0.5152776308930780980, 3.317212578741739915 ) ) ;
#2657 = VECTOR ( 'NONE', #5968, 1000.000000000000000 ) ;
#2658 = ORIENTED_EDGE ( 'NONE', *, *, #1153, .F. ) ;
#2659 = SURFACE_SIDE_STYLE ('',( #5851 ) ) ;
#2660 = DIRECTION ( 'NONE',  ( -0.000000000000000000, -0.000000000000000000, -1.000000000000000000 ) ) ;
#2661 = CARTESIAN_POINT ( 'NONE',  ( 6.597066171153143088, 0.2400194468667979086, 3.716635749237135578 ) ) ;
#2662 =( NAMED_UNIT ( * ) SI_UNIT ( $, .STERADIAN. ) SOLID_ANGLE_UNIT ( ) );
#2664 = CARTESIAN_POINT ( 'NONE',  ( 0.3334609090748010818, 0.4646775449535953117, 0.2785036130572179358 ) ) ;
#2663 = FILL_AREA_STYLE_COLOUR ( '', #864 ) ;
#2665 = MECHANICAL_DESIGN_GEOMETRIC_PRESENTATION_REPRESENTATION (  '', ( #5587 ), #6039 ) ;
#2666 = CIRCLE ( 'NONE', #4488, 1.000000000000000000 ) ;
#2667 = CARTESIAN_POINT ( 'NONE',  ( 4.748126309322987737, 3.090525030000000228, 4.070000000000000284 ) ) ;
#2668 = SURFACE_STYLE_FILL_AREA ( #2189 ) ;
#2669 = DIRECTION ( 'NONE',  ( -2.478176394252581634E-16, -1.000000000000000000, 0.000000000000000000 ) ) ;
#2670 =( LENGTH_UNIT ( ) NAMED_UNIT ( * ) SI_UNIT ( .MILLI., .METRE. ) );
#2671 = CARTESIAN_POINT ( 'NONE',  ( 0.5567651530339704502, 0.6442773961056668108, 0.1117769170800545914 ) ) ;
#2672 =( NAMED_UNIT ( * ) PLANE_ANGLE_UNIT ( ) SI_UNIT ( $, .RADIAN. ) );
#2673 = CARTESIAN_POINT ( 'NONE',  ( 2.438089316360104952, -2.561600740389324393, 1.729999999999999982 ) ) ;
#2674 = CARTESIAN_POINT ( 'NONE',  ( 6.131436633401354364, 0.9773845534944129998, -6.515873733861196482E-18 ) ) ;
#2675 = CARTESIAN_POINT ( 'NONE',  ( 0.9785633665985928875, 0.9773845534944461955, 4.070000000000000284 ) ) ;
#2676 = CARTESIAN_POINT ( 'NONE',  ( 1.014999999999997016, -3.426829999999996268, 2.339999999999999858 ) ) ;
#2677 = ADVANCED_FACE ( 'NONE', ( #3093 ), #64, .T. ) ;
#2678 = CARTESIAN_POINT ( 'NONE',  ( 5.573220173274846090, -3.518153472730923159, 2.339999999999998970 ) ) ;
#2679 = CARTESIAN_POINT ( 'NONE',  ( 3.225000000000001421, -1.976830000000000087, 1.730000000000000426 ) ) ;
#2680 = VECTOR ( 'NONE', #2754, 1000.000000000000000 ) ;
#2681 = CARTESIAN_POINT ( 'NONE',  ( 6.556858025259658440, 0.5017793621270512094, 0.1505973186537363229 ) ) ;
#2682 = CARTESIAN_POINT ( 'NONE',  ( 0.4298770557548448057, 0.5651406091659513242, 3.882535664350960314 ) ) ;
#2683 = ORIENTED_EDGE ( 'NONE', *, *, #4803, .F. ) ;
#2684 = CARTESIAN_POINT ( 'NONE',  ( 0.3560761323082096697, 0.001512768049288954917, 1.000000000000000000 ) ) ;
#2685 = SURFACE_STYLE_FILL_AREA ( #633 ) ;
#2686 = CARTESIAN_POINT ( 'NONE',  ( 2.343689367301083237, -2.651590930006798796, 2.340000000000000302 ) ) ;
#2687 = CARTESIAN_POINT ( 'NONE',  ( 6.473837285849973533, 0.7083365088925700492, 3.995252212247585533 ) ) ;
#2688 = DIRECTION ( 'NONE',  ( -0.000000000000000000, -0.000000000000000000, -1.000000000000000000 ) ) ;
#2689 = CARTESIAN_POINT ( 'NONE',  ( 2.549947787222001772, -2.379693537067143261, 1.729999999999999538 ) ) ;
#2690 = EDGE_CURVE ( 'NONE', #1317, #3067, #3334, .T. ) ;
#2691 = CARTESIAN_POINT ( 'NONE',  ( 0.5152776308930780980, 0.03055524845402874876, 3.317212578741739915 ) ) ;
#2692 = COLOUR_RGB ( '',1.000000000000000000, 0.8431372549019607865, 0.1333333333333333315 ) ;
#2693 = VERTEX_POINT ( 'NONE', #575 ) ;
#2694 = CARTESIAN_POINT ( 'NONE',  ( 6.788051245711187676, 0.1573367896673298350, 3.579587957965885803 ) ) ;
#2695 = CARTESIAN_POINT ( 'NONE',  ( 4.401256861493733297, 3.090525030000000228, 4.070000000000000284 ) ) ;
#2696 = EDGE_CURVE ( 'NONE', #3075, #3729, #2091, .T. ) ;
#2697 = SURFACE_SIDE_STYLE ('',( #675 ) ) ;
#2698 = FILL_AREA_STYLE_COLOUR ( '', #1148 ) ;
#2699 = CARTESIAN_POINT ( 'NONE',  ( 1.000000000000000000, 5.733170000000000321, 1.000000000000000000 ) ) ;
#2700 = SURFACE_SIDE_STYLE ('',( #5718 ) ) ;
#2701 =( GEOMETRIC_REPRESENTATION_CONTEXT ( 3 ) GLOBAL_UNCERTAINTY_ASSIGNED_CONTEXT ( ( #1528 ) ) GLOBAL_UNIT_ASSIGNED_CONTEXT ( ( #1920, #2996, #4554 ) ) REPRESENTATION_CONTEXT ( 'NONE', 'WORKASPACE' ) );
#2702 = SPHERICAL_SURFACE ( 'NONE', #3655, 1.000000000000000000 ) ;
#2703 = CARTESIAN_POINT ( 'NONE',  ( 0.8843082756871224470, 0.9343150861335342006, 0.006572092177619922974 ) ) ;
#2704 = CARTESIAN_POINT ( 'NONE',  ( 0.5735946364772511741, 0.6765086120356424981, 0.1010921941141842278 ) ) ;
#2705 = ORIENTED_EDGE ( 'NONE', *, *, #539, .F. ) ;
#2706 = DIRECTION ( 'NONE',  ( -0.000000000000000000, -0.000000000000000000, -1.000000000000000000 ) ) ;
#2707 = CARTESIAN_POINT ( 'NONE',  ( 6.188245089593838344, 0.8968436534867180177, 0.005502345064599410522 ) ) ;
#2708 = DIRECTION ( 'NONE',  ( 0.2762437428917157156, 0.9610876102172868363, 0.000000000000000000 ) ) ;
#2709 = FACE_OUTER_BOUND ( 'NONE', #638, .T. ) ;
#2710 = CARTESIAN_POINT ( 'NONE',  ( 1.624995231727281331, -3.429241901734537912, 2.340000000000000302 ) ) ;
#2711 = CARTESIAN_POINT ( 'NONE',  ( 5.499032517735517267, -3.449398524634613494, 2.340000000000000302 ) ) ;
#2712 = STYLED_ITEM ( 'NONE', ( #4194 ), #6210 ) ;
#2713 = CARTESIAN_POINT ( 'NONE',  ( 6.717843656035586086, 0.5366926391922707262, 0.2173984883458511541 ) ) ;
#2714 = CARTESIAN_POINT ( 'NONE',  ( 0.6018215803795050611, 0.5047621030242384066, 3.929448759591282592 ) ) ;
#2715 = ADVANCED_FACE ( 'NONE', ( #1496 ), #440, .F. ) ;
#2716 = ORIENTED_EDGE ( 'NONE', *, *, #2024, .F. ) ;
#2717 = CARTESIAN_POINT ( 'NONE',  ( 4.576642799268681117, 3.090525030000000228, 4.070000000000000284 ) ) ;
#2718 = CARTESIAN_POINT ( 'NONE',  ( 1.020338925033657640, -3.314044712266286830, 2.340000000000000302 ) ) ;
#2719 = CARTESIAN_POINT ( 'NONE',  ( 6.155849184423515474, 0.9566013842549518920, 4.068996997914497094 ) ) ;
#2720 = VECTOR ( 'NONE', #6313, 1000.000000000000000 ) ;
#2721 = FILL_AREA_STYLE_COLOUR ( '', #3856 ) ;
#2722 = CARTESIAN_POINT ( 'NONE',  ( 0.6265844989224149675, 0.8132924681240065734, 3.997674472724091377 ) ) ;
#2723 = CARTESIAN_POINT ( 'NONE',  ( 0.3083794822951709813, 0.09103405057295774205, 3.434771821321504159 ) ) ;
#2724 = ORIENTED_EDGE ( 'NONE', *, *, #3268, .F. ) ;
#2725 = EDGE_CURVE ( 'NONE', #4343, #4344, #99, .T. ) ;
#2726 = ORIENTED_EDGE ( 'NONE', *, *, #1708, .F. ) ;
#2727 = DIRECTION ( 'NONE',  ( -0.000000000000000000, -0.000000000000000000, -1.000000000000000000 ) ) ;
#2728 = DIRECTION ( 'NONE',  ( 1.000000000000000000, 0.000000000000000000, 0.000000000000000000 ) ) ;
#2729 = CARTESIAN_POINT ( 'NONE',  ( 1.014999999999997016, -3.426829999999996268, 2.034999999999999698 ) ) ;
#2730 = CARTESIAN_POINT ( 'NONE',  ( 6.643989858068207077, 0.4944165328771353285, 3.886282004403406098 ) ) ;
#2732 = CARTESIAN_POINT ( 'NONE',  ( 0.5918404415162221710, 0.1836808682103798496, 0.4211599370694017463 ) ) ;
#2731 = SURFACE_STYLE_USAGE ( .BOTH. , #673 ) ;
#2733 = EDGE_CURVE ( 'NONE', #4024, #3024, #2291, .T. ) ;
#2734 = CARTESIAN_POINT ( 'NONE',  ( 4.494999999999999218, -1.976830000000000087, 2.035000000000000142 ) ) ;
#2735 = UNCERTAINTY_MEASURE_WITH_UNIT (LENGTH_MEASURE( 1.000000000000000082E-05 ), #5571, 'distance_accuracy_value', 'NONE');
#2736 = CARTESIAN_POINT ( 'NONE',  ( 4.193095656005081828, 3.354671063942033182, 4.070000000000000284 ) ) ;
#2737 = DIRECTION ( 'NONE',  ( 0.2762437428917157156, 0.9610876102172868363, 0.000000000000000000 ) ) ;
#2738 = CARTESIAN_POINT ( 'NONE',  ( 0.7856287272240544128, 0.8928143613030822268, 0.02311984771401754193 ) ) ;
#2739 = CARTESIAN_POINT ( 'NONE',  ( 0.7317492935004695775, 0.5277501394935085743, 0.1178480483379425459 ) ) ;
#2740 = UNCERTAINTY_MEASURE_WITH_UNIT (LENGTH_MEASURE( 1.000000000000000082E-05 ), #1171, 'distance_accuracy_value', 'NONE');
#2741 = CARTESIAN_POINT ( 'NONE',  ( 6.922292485294596176, 0.09213299764202445563, 0.7379614189756856790 ) ) ;
#2742 = CARTESIAN_POINT ( 'NONE',  ( 6.134395327349587035, 0.9803373799356139839, -2.927436773451249372E-18 ) ) ;
#2743 = CARTESIAN_POINT ( 'NONE',  ( 6.457319279729307304, 0.3053614405555128419, 0.2804249970715589901 ) ) ;
#2744 = DIRECTION ( 'NONE',  ( 0.000000000000000000, 0.000000000000000000, 1.000000000000000000 ) ) ;
#2745 = CARTESIAN_POINT ( 'NONE',  ( 2.499329268592800801, -2.479546513799930629, 1.730000000000000648 ) ) ;
#2746 = CARTESIAN_POINT ( 'NONE',  ( 3.885131464652040734, -2.028836699693395751, 1.730000000000000426 ) ) ;
#2747 = CARTESIAN_POINT ( 'NONE',  ( 6.644936775560242204, 0.5200659521588832934, 0.1764861671860978032 ) ) ;
#2748 = CARTESIAN_POINT ( 'NONE',  ( 0.5397001455099759148, 0.5137893109569183769, 3.921068656729662649 ) ) ;
#2749 = ORIENTED_EDGE ( 'NONE', *, *, #2306, .F. ) ;
#2750 = STYLED_ITEM ( 'NONE', ( #5903 ), #3883 ) ;
#2751 = DIRECTION ( 'NONE',  ( -0.000000000000000000, -0.000000000000000000, -1.000000000000000000 ) ) ;
#2752 = CARTESIAN_POINT ( 'NONE',  ( 1.132028831076766107, -3.069200569082297658, 2.339999999999999858 ) ) ;
#2753 = CARTESIAN_POINT ( 'NONE',  ( 6.270191672121248949, 0.7896223498101515581, 4.046617821683566874 ) ) ;
#2754 = DIRECTION ( 'NONE',  ( 1.000000000000000000, 0.000000000000000000, 0.000000000000000000 ) ) ;
#2755 = CARTESIAN_POINT ( 'NONE',  ( 6.562013185839996154, 0.09597360459460128890, 0.5668320419765017215 ) ) ;
#2756 = STYLED_ITEM ( 'NONE', ( #6253 ), #3550 ) ;
#2757 = CARTESIAN_POINT ( 'NONE',  ( 3.218653387255204112, -2.193807365241618790, 1.730000000000000648 ) ) ;
#2758 = CARTESIAN_POINT ( 'NONE',  ( 0.03322886807151149979, 0.3789138323232300598, 3.308008617469822887 ) ) ;
#2759 = EDGE_LOOP ( 'NONE', ( #6590, #1941, #668, #5261, #1980 ) ) ;
#2760 = ORIENTED_EDGE ( 'NONE', *, *, #4915, .T. ) ;
#2761 = LINE ( 'NONE', #5888, #5197 ) ;
#2762 = SURFACE_STYLE_FILL_AREA ( #272 ) ;
#2763 = DIRECTION ( 'NONE',  ( -0.9985542843760947251, 0.05375259206908437892, 0.000000000000000000 ) ) ;
#2764 = CARTESIAN_POINT ( 'NONE',  ( 6.554470515486134019, 0.4172038983326767925, 3.872942177754183479 ) ) ;
#2765 = FILL_AREA_STYLE ('',( #5230 ) ) ;
#2767 = CARTESIAN_POINT ( 'NONE',  ( 0.5413494596249686097, 0.2853000116781229667, 0.3035910432200863429 ) ) ;
#2766 = LINE ( 'NONE', #201, #6067 ) ;
#2768 = EDGE_CURVE ( 'NONE', #4747, #3067, #4359, .T. ) ;
#2769 = CARTESIAN_POINT ( 'NONE',  ( 0.6841385656783054436, 0.3681975561546744213, 3.845278200117685952 ) ) ;
#2770 = FACE_OUTER_BOUND ( 'NONE', #1001, .T. ) ;
#2771 = DIRECTION ( 'NONE',  ( 1.000000000000000000, 0.000000000000000000, 0.000000000000000000 ) ) ;
#2772 = SURFACE_STYLE_FILL_AREA ( #5303 ) ;
#2773 = ORIENTED_EDGE ( 'NONE', *, *, #5110, .T. ) ;
#2774 = CARTESIAN_POINT ( 'NONE',  ( 4.119590172245735538, 3.692512944455525137, 4.075000000000000178 ) ) ;
#2775 = AXIS2_PLACEMENT_3D ( 'NONE', #2774, #5822, #2884 ) ;
#2776 = CARTESIAN_POINT ( 'NONE',  ( 0.8733008035046601059, 0.8982810949472841422, 0.008582188188348657126 ) ) ;
#2777 = CARTESIAN_POINT ( 'NONE',  ( 0.1045362405238210585, 0.1986029763797090564, 0.6968822845829854007 ) ) ;
#2778 = CARTESIAN_POINT ( 'NONE',  ( 7.047910570658409313, 0.1129106516144145339, 0.9411112046959118071 ) ) ;
#2779 = CARTESIAN_POINT ( 'NONE',  ( 6.491501952436974143, 0.8092505837393705326, 0.07562165534034456793 ) ) ;
#2780 = EDGE_CURVE ( 'NONE', #6645, #3261, #6056, .T. ) ;
#2781 = CARTESIAN_POINT ( 'NONE',  ( 6.110000000000000320, 1.000000000000000000, 0.000000000000000000 ) ) ;
#2782 = CARTESIAN_POINT ( 'NONE',  ( 6.186017329370024243, 0.8479653445581762927, 0.01149905558602758865 ) ) ;
#2783 = CARTESIAN_POINT ( 'NONE',  ( 5.105131464652040485, -2.028836699693395751, 1.730000000000000426 ) ) ;
#2784 = FILL_AREA_STYLE_COLOUR ( '', #839 ) ;
#2785 = CARTESIAN_POINT ( 'NONE',  ( 1.688124656640977328, -2.237520388003038097, 1.730000000000000426 ) ) ;
#2786 = CARTESIAN_POINT ( 'NONE',  ( 6.026870432484038531, -3.134134918331350494, 1.729999999999999760 ) ) ;
#2787 = CARTESIAN_POINT ( 'NONE',  ( 6.309848143909411178, 0.6003037094114763716, 0.08272247668800766784 ) ) ;
#2788 = CARTESIAN_POINT ( 'NONE',  ( 0.6806670751874269731, 0.6624482998051478555, 3.998146924981895722 ) ) ;
#2789 = ORIENTED_EDGE ( 'NONE', *, *, #998, .T. ) ;
#2790 = SURFACE_STYLE_USAGE ( .BOTH. , #1307 ) ;
#2791 = CARTESIAN_POINT ( 'NONE',  ( 1.533525453493402413, -2.877802867496529249, 2.339999999999999858 ) ) ;
#2792 = CARTESIAN_POINT ( 'NONE',  ( 6.306388657302137268, 0.8738776340621450256, 4.050510955930842094 ) ) ;
#2793 = CARTESIAN_POINT ( 'NONE',  ( 6.925405824735950233, 0.2692180428900602385, 0.4792830391271598600 ) ) ;
#2794 = STYLED_ITEM ( 'NONE', ( #940 ), #2147 ) ;
#2795 = CARTESIAN_POINT ( 'NONE',  ( 2.201007013095339637, -2.734408250270128793, 2.339999999999999858 ) ) ;
#2796 = CARTESIAN_POINT ( 'NONE',  ( 0.2205382879742871227, 0.5567897672762419647, 3.698148477203161644 ) ) ;
#2797 = EDGE_LOOP ( 'NONE', ( #6294, #4577, #6019, #2963 ) ) ;
#2798 = ORIENTED_EDGE ( 'NONE', *, *, #2002, .F. ) ;
#2799 = SURFACE_STYLE_USAGE ( .BOTH. , #815 ) ;
#2800 = SURFACE_SIDE_STYLE ('',( #5263 ) ) ;
#2801 = CARTESIAN_POINT ( 'NONE',  ( 6.717843647349855729, 0.5366926272983935098, 3.852601516944822002 ) ) ;
#2803 = CARTESIAN_POINT ( 'NONE',  ( 0.5557829185945232231, 0.3088573174555968026, 0.2799420674146445576 ) ) ;
#2802 = CARTESIAN_POINT ( 'NONE',  ( 7.110000000000000320, 0.5000000000000000000, 1.689999999999981295 ) ) ;
#2804 = EDGE_CURVE ( 'NONE', #412, #3462, #1174, .T. ) ;
#2805 =( NAMED_UNIT ( * ) SI_UNIT ( $, .STERADIAN. ) SOLID_ANGLE_UNIT ( ) );
#2806 = CARTESIAN_POINT ( 'NONE',  ( 0.000000000000000000, 0.000000000000000000, 1.288833333333332165 ) ) ;
#2807 = DIRECTION ( 'NONE',  ( 0.000000000000000000, 0.000000000000000000, 1.000000000000000000 ) ) ;
#2808 = EDGE_CURVE ( 'NONE', #540, #3710, #4278, .T. ) ;
#2809 = CARTESIAN_POINT ( 'NONE',  ( 3.460931026228863949, 3.626459047104284572, 4.070000000000000284 ) ) ;
#2810 = PLANE ( 'NONE',  #5982 ) ;
#2811 =( GEOMETRIC_REPRESENTATION_CONTEXT ( 3 ) GLOBAL_UNCERTAINTY_ASSIGNED_CONTEXT ( ( #5653 ) ) GLOBAL_UNIT_ASSIGNED_CONTEXT ( ( #3403, #4521, #6065 ) ) REPRESENTATION_CONTEXT ( 'NONE', 'WORKASPACE' ) );
#2812 = CARTESIAN_POINT ( 'NONE',  ( 0.1301062988393157094, 0.2209509208288587268, 0.6190917998468974393 ) ) ;
#2813 = DIRECTION ( 'NONE',  ( 7.938847109618081608E-05, 0.9999999968487353064, -0.000000000000000000 ) ) ;
#2814 = COLOUR_RGB ( '',0.5647058823529411686, 0.3019607843137254721, 0.1294117647058823373 ) ;
#2815 = DIRECTION ( 'NONE',  ( 0.000000000000000000, 0.000000000000000000, -1.000000000000000000 ) ) ;
#2816 = CARTESIAN_POINT ( 'NONE',  ( 5.242545448447562428, -2.201103246196137508, 1.729999999999999760 ) ) ;
#2817 =( GEOMETRIC_REPRESENTATION_CONTEXT ( 3 ) GLOBAL_UNCERTAINTY_ASSIGNED_CONTEXT ( ( #343 ) ) GLOBAL_UNIT_ASSIGNED_CONTEXT ( ( #5922, #6544, #1419 ) ) REPRESENTATION_CONTEXT ( 'NONE', 'WORKASPACE' ) );
#2818 = VECTOR ( 'NONE', #970, 1000.000000000000000 ) ;
#2819 = CARTESIAN_POINT ( 'NONE',  ( 0.8234632984881824491, -2.525084792936849620, 1.730000000000000204 ) ) ;
#2820 = CARTESIAN_POINT ( 'NONE',  ( 4.211932094102493807, -2.966805191560651700, 1.730000000000000204 ) ) ;
#2821 = STYLED_ITEM ( 'NONE', ( #3179 ), #3515 ) ;
#2822 = CARTESIAN_POINT ( 'NONE',  ( 6.447551889726723218, 0.6806672696200372075, 0.07185308412331493921 ) ) ;
#2823 = CARTESIAN_POINT ( 'NONE',  ( 0.5859491107448433489, 0.7650281972334210812, 3.980985894548149329 ) ) ;
#2824 = ORIENTED_EDGE ( 'NONE', *, *, #1153, .T. ) ;
#2825 = EDGE_CURVE ( 'NONE', #6566, #3024, #1692, .T. ) ;
#2826 = DIRECTION ( 'NONE',  ( 0.9999960426590095430, -0.002813301676020831150, 0.000000000000000000 ) ) ;
#2827 = CARTESIAN_POINT ( 'NONE',  ( 6.198206929095467999, 0.9067792375404238880, 4.064899660658496394 ) ) ;
#2828 = VECTOR ( 'NONE', #888, 1000.000000000000227 ) ;
#2829 = COLOUR_RGB ( '',0.5647058823529411686, 0.3019607843137254721, 0.1294117647058823373 ) ;
#2830 = CARTESIAN_POINT ( 'NONE',  ( 6.962073997858582608, 0.1940746580365033391, 0.6160539466552847898 ) ) ;
#2831 = CARTESIAN_POINT ( 'NONE',  ( 2.898067905897503849, -2.966805191560653032, 2.340000000000000302 ) ) ;
#2832 = CARTESIAN_POINT ( 'NONE',  ( 0.2643783033192607657, 0.4096565234761490037, 3.719170601746496718 ) ) ;
#2833 = EDGE_LOOP ( 'NONE', ( #1908, #2603, #631 ) ) ;
#2834 = ORIENTED_EDGE ( 'NONE', *, *, #4837, .F. ) ;
#2835 = APPLICATION_PROTOCOL_DEFINITION ( 'draft international standard', 'automotive_design', 1998, #3269 ) ;
#2836 =( NAMED_UNIT ( * ) SI_UNIT ( $, .STERADIAN. ) SOLID_ANGLE_UNIT ( ) );
#2837 = VECTOR ( 'NONE', #6233, 1000.000000000000000 ) ;
#2838 = DIRECTION ( 'NONE',  ( -0.000000000000000000, -0.000000000000000000, -1.000000000000000000 ) ) ;
#2839 = CARTESIAN_POINT ( 'NONE',  ( 6.680774133098913659, 0.4880843625797429697, 3.864628708409060476 ) ) ;
#2840 = UNCERTAINTY_MEASURE_WITH_UNIT (LENGTH_MEASURE( 1.000000000000000082E-05 ), #97, 'distance_accuracy_value', 'NONE');
#2841 = LINE ( 'NONE', #3966, #6606 ) ;
#2842 = FILL_AREA_STYLE_COLOUR ( '', #2243 ) ;
#2843 = MECHANICAL_DESIGN_GEOMETRIC_PRESENTATION_REPRESENTATION (  '', ( #2084 ), #5099 ) ;
#2844 = FACE_OUTER_BOUND ( 'NONE', #152, .T. ) ;
#2845 = CARTESIAN_POINT ( 'NONE',  ( 4.494999999999999218, -1.976830000000000087, 2.340000000000000302 ) ) ;
#2846 = SURFACE_STYLE_USAGE ( .BOTH. , #4901 ) ;
#2847 = ORIENTED_EDGE ( 'NONE', *, *, #3580, .F. ) ;
#2848 = DIRECTION ( 'NONE',  ( 1.000000000000000000, 0.000000000000000000, 0.000000000000000000 ) ) ;
#2849 = CARTESIAN_POINT ( 'NONE',  ( 6.356437673118470855, 0.8769972830771037842, 4.039659420104190879 ) ) ;
#2850 = FILL_AREA_STYLE ('',( #4290 ) ) ;
#2851 = CARTESIAN_POINT ( 'NONE',  ( 1.000000000000000000, 1.000000000000000000, 0.000000000000000000 ) ) ;
#2852 = AXIS2_PLACEMENT_3D ( 'NONE', #2475, #3552, #6620 ) ;
#2853 = LINE ( 'NONE', #1264, #2313 ) ;
#2854 =( LENGTH_UNIT ( ) NAMED_UNIT ( * ) SI_UNIT ( .MILLI., .METRE. ) );
#2855 = CARTESIAN_POINT ( 'NONE',  ( 5.485004768272709441, -3.429241901734534359, 2.340000000000000302 ) ) ;
#2856 =( NAMED_UNIT ( * ) SI_UNIT ( $, .STERADIAN. ) SOLID_ANGLE_UNIT ( ) );
#2857 = CARTESIAN_POINT ( 'NONE',  ( 6.430231618692877404, -2.654087532358891277, 2.339999999999999858 ) ) ;
#2858 = ADVANCED_FACE ( 'NONE', ( #6374 ), #5296, .T. ) ;
#2859 = EDGE_CURVE ( 'NONE', #5358, #3494, #198, .T. ) ;
#2860 = CARTESIAN_POINT ( 'NONE',  ( 6.546947081139556701, 0.5383455526500188215, 0.1340153874993284810 ) ) ;
#2861 = CARTESIAN_POINT ( 'NONE',  ( 0.7176565989329379835, 0.6276302492502093822, 3.993573502791826879 ) ) ;
#2862 = ORIENTED_EDGE ( 'NONE', *, *, #2033, .F. ) ;
#2863 = ORIENTED_EDGE ( 'NONE', *, *, #2983, .F. ) ;
#2864 = LINE ( 'NONE', #1238, #3246 ) ;
#2865 =( NAMED_UNIT ( * ) PLANE_ANGLE_UNIT ( ) SI_UNIT ( $, .RADIAN. ) );
#2866 = CARTESIAN_POINT ( 'NONE',  ( 6.213156346513291517, 0.9217549104058223586, 4.064497654935429694 ) ) ;
#2867 = CARTESIAN_POINT ( 'NONE',  ( 7.008316071654898671, 0.2781007631888000042, 0.6286789582147505051 ) ) ;
#2868 = ADVANCED_FACE ( 'NONE', ( #2182 ), #4791, .F. ) ;
#2869 = CARTESIAN_POINT ( 'NONE',  ( 1.624995231727281331, -3.429241901734537912, 2.340000000000000302 ) ) ;
#2870 = VECTOR ( 'NONE', #3200, 1000.000000000000114 ) ;
#2871 = CARTESIAN_POINT ( 'NONE',  ( 0.5129338076224195797, 0.2400194515571399401, 3.716635753442103063 ) ) ;
#2872 = ORIENTED_EDGE ( 'NONE', *, *, #5936, .T. ) ;
#2873 = ORIENTED_EDGE ( 'NONE', *, *, #1872, .F. ) ;
#2874 = PRESENTATION_STYLE_ASSIGNMENT (( #1319 ) ) ;
#2875 = CARTESIAN_POINT ( 'NONE',  ( 6.110000000000000320, 5.733170000000000321, 0.000000000000000000 ) ) ;
#2876 = CARTESIAN_POINT ( 'NONE',  ( 6.457319279729291317, 0.3053614405555012401, 3.789575002928430969 ) ) ;
#2877 = DIRECTION ( 'NONE',  ( 0.000000000000000000, 1.000000000000000000, 0.000000000000000000 ) ) ;
#2878 = MECHANICAL_DESIGN_GEOMETRIC_PRESENTATION_REPRESENTATION (  '', ( #6560 ), #1030 ) ;
#2879 = SURFACE_STYLE_FILL_AREA ( #2423 ) ;
#2880 = CARTESIAN_POINT ( 'NONE',  ( 4.451399030808618207, 3.354671063942033182, 4.075000000000000178 ) ) ;
#2881 = CARTESIAN_POINT ( 'NONE',  ( 6.515859648002054527, 0.2879471264512245554, 0.2965224111323792044 ) ) ;
#2882 = PRESENTATION_STYLE_ASSIGNMENT (( #2326 ) ) ;
#2883 = VERTEX_POINT ( 'NONE', #4963 ) ;
#2884 = DIRECTION ( 'NONE',  ( 0.2764273280489779605, 0.9610348236706632852, 0.000000000000000000 ) ) ;
#2885 = CARTESIAN_POINT ( 'NONE',  ( 6.110000000000000320, 1.000000000000000000, 4.070000000000000284 ) ) ;
#2886 = DIRECTION ( 'NONE',  ( -0.000000000000000000, -0.000000000000000000, -1.000000000000000000 ) ) ;
#2887 = CARTESIAN_POINT ( 'NONE',  ( 0.3988365978595017625, 0.06471229779402684623, 0.6562962908257672368 ) ) ;
#2888 = CIRCLE ( 'NONE', #3517, 0.3050000000000001599 ) ;
#2889 = PRESENTATION_STYLE_ASSIGNMENT (( #1228 ) ) ;
#2890 = PLANE ( 'NONE',  #5533 ) ;
#2891 = CIRCLE ( 'NONE', #5585, 0.3050000000000001599 ) ;
#2892 = CARTESIAN_POINT ( 'NONE',  ( 5.131889273177292488, -2.156396289217993978, 2.339999999999999858 ) ) ;
#2893 = STYLED_ITEM ( 'NONE', ( #5999 ), #4679 ) ;
#2894 = CARTESIAN_POINT ( 'NONE',  ( 6.026870432484038531, -3.134134918331350494, 1.729999999999999760 ) ) ;
#2895 = CARTESIAN_POINT ( 'NONE',  ( 6.571654599273185404, 0.5630530846243287924, 0.1340154037248575958 ) ) ;
#2896 = CARTESIAN_POINT ( 'NONE',  ( 0.6791652022807319611, 0.7125867048856291408, 4.008074334538735073 ) ) ;
#2897 = ORIENTED_EDGE ( 'NONE', *, *, #4042, .T. ) ;
#2898 = CARTESIAN_POINT ( 'NONE',  ( 0.8187233599235841375, 0.7174808252237657724, 0.04067029028312278693 ) ) ;
#2899 = ADVANCED_FACE ( 'NONE', ( #5960 ), #2905, .T. ) ;
#2900 = CARTESIAN_POINT ( 'NONE',  ( 6.134995190515740937, 0.9809337258431360951, 4.070000000000000284 ) ) ;
#2901 = CARTESIAN_POINT ( 'NONE',  ( 2.610150854328058490, -2.126473639938911475, 2.340000000000000746 ) ) ;
#2902 = CARTESIAN_POINT ( 'NONE',  ( 0.4282138615683330762, 0.2873372088851444683, 3.743991292146700900 ) ) ;
#2903 = ORIENTED_EDGE ( 'NONE', *, *, #3253, .F. ) ;
#2904 = B_SPLINE_CURVE_WITH_KNOTS ( 'NONE', 3,
 ( #1414, #3460, #2990, #5535 ),
 .UNSPECIFIED., .F., .F.,
 ( 4, 4 ),
 ( 0.2457002457002456508, 0.7542997542997543770 ),
 .UNSPECIFIED. ) ;
#2905 = PLANE ( 'NONE',  #1337 ) ;
#2906 = CARTESIAN_POINT ( 'NONE',  ( 6.668904024003707853, 0.5498499319336987989, 3.887073788109531414 ) ) ;
#2908 = CARTESIAN_POINT ( 'NONE',  ( 0.3974132837793685202, 0.6115648901469359355, 0.2032812829949858513 ) ) ;
#2907 = DIRECTION ( 'NONE',  ( -0.000000000000000000, -0.000000000000000000, -1.000000000000000000 ) ) ;
#2909 = EDGE_CURVE ( 'NONE', #4306, #1354, #5443, .T. ) ;
#2910 =( NAMED_UNIT ( * ) SI_UNIT ( $, .STERADIAN. ) SOLID_ANGLE_UNIT ( ) );
#2911 = CARTESIAN_POINT ( 'NONE',  ( 0.000000000000000000, 0.000000000000000000, 3.070000000000000728 ) ) ;
#2912 = CIRCLE ( 'NONE', #960, 0.3050000000000001599 ) ;
#2913 = ORIENTED_EDGE ( 'NONE', *, *, #6712, .T. ) ;
#2914 = EDGE_CURVE ( 'NONE', #3729, #2009, #273, .T. ) ;
#2915 = CARTESIAN_POINT ( 'NONE',  ( 6.421297329747566174, 0.8444384322063909210, 4.020401690202906941 ) ) ;
#2916 = CARTESIAN_POINT ( 'NONE',  ( 0.5152776308930635540, 0.03055524845402810344, 0.7527874212582575941 ) ) ;
#2917 = CARTESIAN_POINT ( 'NONE',  ( 6.110000000000000320, 5.733170000000000321, 3.070000000000000728 ) ) ;
#2918 =( NAMED_UNIT ( * ) PLANE_ANGLE_UNIT ( ) SI_UNIT ( $, .RADIAN. ) );
#2919 = VECTOR ( 'NONE', #4630, 1000.000000000000000 ) ;
#2920 = CARTESIAN_POINT ( 'NONE',  ( 6.430231618692877404, -2.654087532358891277, 2.339999999999999858 ) ) ;
#2921 = CARTESIAN_POINT ( 'NONE',  ( 5.119139255169147695, -2.126577405022867850, 1.730000000000000204 ) ) ;
#2922 = CIRCLE ( 'NONE', #6179, 0.3050000000000001599 ) ;
#2923 = CARTESIAN_POINT ( 'NONE',  ( 6.344971854979919890, 0.5859491528812743599, 0.08901408512530767370 ) ) ;
#2924 = CARTESIAN_POINT ( 'NONE',  ( 0.7458575555482526154, 0.6023663673928455475, 3.987149269546451880 ) ) ;
#2925 = VERTEX_POINT ( 'NONE', #341 ) ;
#2926 = CARTESIAN_POINT ( 'NONE',  ( 0.7991148269030601270, 0.7358818134247052667, 0.03724360735930081628 ) ) ;
#2927 = SURFACE_STYLE_USAGE ( .BOTH. , #330 ) ;
#2928 = PRESENTATION_LAYER_ASSIGNMENT (  '', '', ( #2060 ) ) ;
#2929 = CIRCLE ( 'NONE', #3569, 1.000000000000000000 ) ;
#2930 = CARTESIAN_POINT ( 'NONE',  ( 1.536779826725151121, -3.518153472730918718, 2.340000000000000746 ) ) ;
#2931 = EDGE_CURVE ( 'NONE', #5101, #3930, #139, .T. ) ;
#2932 = CARTESIAN_POINT ( 'NONE',  ( 0.2747600587809317929, 0.4493532491702654785, 3.737855803076771011 ) ) ;
#2933 = ORIENTED_EDGE ( 'NONE', *, *, #6554, .T. ) ;
#2934 =( NAMED_UNIT ( * ) PLANE_ANGLE_UNIT ( ) SI_UNIT ( $, .RADIAN. ) );
#2935 =( NAMED_UNIT ( * ) PLANE_ANGLE_UNIT ( ) SI_UNIT ( $, .RADIAN. ) );
#2936 = FILL_AREA_STYLE_COLOUR ( '', #332 ) ;
#2937 = CARTESIAN_POINT ( 'NONE',  ( 6.508178327881279479, 0.5047620244160766489, 3.929448738964588461 ) ) ;
#2938 = CARTESIAN_POINT ( 'NONE',  ( 6.598472568716038822, 0.02305484356102321247, 3.285862160687931244 ) ) ;
#2939 = EDGE_CURVE ( 'NONE', #2376, #4848, #3830, .T. ) ;
#2940 = AXIS2_PLACEMENT_3D ( 'NONE', #2233, #4331, #6464 ) ;
#2941 = CARTESIAN_POINT ( 'NONE',  ( 5.919345574722770564, -3.016415516703254251, 2.339999999999999858 ) ) ;
#2942 = FILL_AREA_STYLE ('',( #880 ) ) ;
#2943 = ORIENTED_EDGE ( 'NONE', *, *, #1901, .T. ) ;
#2944 = SURFACE_STYLE_FILL_AREA ( #851 ) ;
#2945 = CARTESIAN_POINT ( 'NONE',  ( 7.018671087904266415, 0.5456518368485968606, 3.487879529391328948 ) ) ;
#2946 = CARTESIAN_POINT ( 'NONE',  ( 6.731086167675942811, 0.03322886807266599296, 3.308008617470010737 ) ) ;
#2947 = CARTESIAN_POINT ( 'NONE',  ( 1.962097939078506714, -2.167984846651181297, 2.339999999999999414 ) ) ;
#2948 = EDGE_CURVE ( 'NONE', #6266, #902, #4455, .T. ) ;
#2949 =( NAMED_UNIT ( * ) PLANE_ANGLE_UNIT ( ) SI_UNIT ( $, .RADIAN. ) );
#2950 =( NAMED_UNIT ( * ) SI_UNIT ( $, .STERADIAN. ) SOLID_ANGLE_UNIT ( ) );
#2951 = CARTESIAN_POINT ( 'NONE',  ( 4.494999999999999218, -1.976830000000000087, 2.035000000000000142 ) ) ;
#2952 = CARTESIAN_POINT ( 'NONE',  ( 0.000000000000000000, 0.5000000000000000000, 3.070000000000000728 ) ) ;
#2953 = CARTESIAN_POINT ( 'NONE',  ( 5.105131464652040485, -2.028836699693395751, 1.730000000000000426 ) ) ;
#2954 = CARTESIAN_POINT ( 'NONE',  ( 6.275289330797222398, 0.7945331402484594463, 0.02279095111963390721 ) ) ;
#2955 = CARTESIAN_POINT ( 'NONE',  ( 0.9067792375405909766, 0.9117930709045409809, 4.064899660658515046 ) ) ;
#2956 = VERTEX_POINT ( 'NONE', #1884 ) ;
#2957 = CARTESIAN_POINT ( 'NONE',  ( 0.8659338707524619760, 0.7648703718149827413, 0.02780525631895100491 ) ) ;
#2958 = FACE_OUTER_BOUND ( 'NONE', #3227, .T. ) ;
#2959 = DIRECTION ( 'NONE',  ( 0.000000000000000000, 0.000000000000000000, -1.000000000000000000 ) ) ;
#2960 =( LENGTH_UNIT ( ) NAMED_UNIT ( * ) SI_UNIT ( .MILLI., .METRE. ) );
#2961 = LINE ( 'NONE', #4514, #5560 ) ;
#2962 = CARTESIAN_POINT ( 'NONE',  ( 0.2879471331369192755, 0.5941403399041386146, 3.773477595950197383 ) ) ;
#2963 = ORIENTED_EDGE ( 'NONE', *, *, #1872, .T. ) ;
#2964 = EDGE_LOOP ( 'NONE', ( #5814, #4929, #1619, #3546 ) ) ;
#2965 = FACE_OUTER_BOUND ( 'NONE', #1416, .T. ) ;
#2966 = CARTESIAN_POINT ( 'NONE',  ( 6.570299693630340165, 0.5137891656526738515, 3.921068639208373341 ) ) ;
#2968 = CARTESIAN_POINT ( 'NONE',  ( 0.6719267954725834935, 0.3438535902385572718, 0.2452125173355464982 ) ) ;
#2967 = PRESENTATION_STYLE_ASSIGNMENT (( #907 ) ) ;
#2969 = PRESENTATION_STYLE_ASSIGNMENT (( #2323 ) ) ;
#2970 = CARTESIAN_POINT ( 'NONE',  ( 4.522900715375092418, -2.262817522373829604, 2.340000000000000302 ) ) ;
#2971 = CARTESIAN_POINT ( 'NONE',  ( 2.615000000000001101, -1.976830000000000087, 2.035000000000000142 ) ) ;
#2972 =( GEOMETRIC_REPRESENTATION_CONTEXT ( 3 ) GLOBAL_UNCERTAINTY_ASSIGNED_CONTEXT ( ( #2104 ) ) GLOBAL_UNIT_ASSIGNED_CONTEXT ( ( #1464, #1366, #6490 ) ) REPRESENTATION_CONTEXT ( 'NONE', 'WORKASPACE' ) );
#2973 = CARTESIAN_POINT ( 'NONE',  ( 0.5096967293592419290, 0.7549278092232262205, 0.1261084034932598852 ) ) ;
#2974 = AXIS2_PLACEMENT_3D ( 'NONE', #5201, #5237, #37 ) ;
#2975 = FACE_OUTER_BOUND ( 'NONE', #5399, .T. ) ;
#2976 = CARTESIAN_POINT ( 'NONE',  ( 7.008316047599695509, 0.2781007934273535542, 3.441321066969179832 ) ) ;
#2978 = CARTESIAN_POINT ( 'NONE',  ( 0.3463278926938932467, 0.3088290187993444347, 0.3388411673159085202 ) ) ;
#2977 = CARTESIAN_POINT ( 'NONE',  ( 0.4050047682727125897, -3.424418098265453736, 1.730000000000000204 ) ) ;
#2979 = ADVANCED_FACE ( 'NONE', ( #3332 ), #3933, .F. ) ;
#2980 = CARTESIAN_POINT ( 'NONE',  ( 4.610670731407198630, -2.479546513799929741, 1.729999999999999982 ) ) ;
#2981 = CARTESIAN_POINT ( 'NONE',  ( 3.875659152710461353, 3.629039920970799304, 4.070000000000000284 ) ) ;
#2982 = CARTESIAN_POINT ( 'NONE',  ( 5.325461604718587871, -2.840088667668843492, 1.729999999999999316 ) ) ;
#2983 = EDGE_CURVE ( 'NONE', #2067, #2102, #4686, .T. ) ;
#2984 = CARTESIAN_POINT ( 'NONE',  ( 6.704748066562741471, -3.386286351574845810, 2.340000000000000302 ) ) ;
#2985 = CARTESIAN_POINT ( 'NONE',  ( 6.291276737606349201, 0.7174809185728311389, 0.04067026853423788557 ) ) ;
#2986 = CARTESIAN_POINT ( 'NONE',  ( 0.9108817571783065503, 0.8608664408087820519, 4.060302846508437646 ) ) ;
#2987 = EDGE_CURVE ( 'NONE', #2107, #5849, #2524, .T. ) ;
#2988 = COLOUR_RGB ( '',0.5647058823529411686, 0.3019607843137254721, 0.1294117647058823373 ) ;
#2989 = CARTESIAN_POINT ( 'NONE',  ( 6.149739544578192607, 0.9504763549110003540, 4.068943397740042656 ) ) ;
#2990 = CARTESIAN_POINT ( 'NONE',  ( 0.000000000000000000, 0.5000000000000000000, 2.380000000000000338 ) ) ;
#2991 = CARTESIAN_POINT ( 'NONE',  ( 6.889461712025623186, 0.5567897672761604744, 0.3718515227970116688 ) ) ;
#2992 = CARTESIAN_POINT ( 'NONE',  ( 0.5868380337000969060, 0.3584928924119218374, 3.835283896478187238 ) ) ;
#2993 = VERTEX_POINT ( 'NONE', #3623 ) ;
#2994 = UNCERTAINTY_MEASURE_WITH_UNIT (LENGTH_MEASURE( 1.000000000000000082E-05 ), #3657, 'distance_accuracy_value', 'NONE');
#2995 = LINE ( 'NONE', #2386, #2504 ) ;
#2996 =( NAMED_UNIT ( * ) PLANE_ANGLE_UNIT ( ) SI_UNIT ( $, .RADIAN. ) );
#2997 =( NAMED_UNIT ( * ) SI_UNIT ( $, .STERADIAN. ) SOLID_ANGLE_UNIT ( ) );
#2998 = CARTESIAN_POINT ( 'NONE',  ( 6.596210689043579656, 0.5397001455095099542, 3.921068656728867285 ) ) ;
#3000 = CARTESIAN_POINT ( 'NONE',  ( 0.5055725312281190709, 0.4778116478618559260, 0.1745842143116873302 ) ) ;
#2999 = LINE ( 'NONE', #5054, #3747 ) ;
#3001 =( NAMED_UNIT ( * ) SI_UNIT ( $, .STERADIAN. ) SOLID_ANGLE_UNIT ( ) );
#3002 = ORIENTED_EDGE ( 'NONE', *, *, #2939, .F. ) ;
#3003 = SURFACE_SIDE_STYLE ('',( #1495 ) ) ;
#3004 = CARTESIAN_POINT ( 'NONE',  ( 0.000000000000000000, 1.000000000000000000, 3.070000000000000728 ) ) ;
#3005 = CARTESIAN_POINT ( 'NONE',  ( 6.711163402140978285, 0.06471229779365696155, 3.413703709171412193 ) ) ;
#3006 = VECTOR ( 'NONE', #782, 1000.000000000000000 ) ;
#3007 = ORIENTED_EDGE ( 'NONE', *, *, #5666, .F. ) ;
#3008 = ADVANCED_FACE ( 'NONE', ( #5705 ), #5149, .F. ) ;
#3009 = CARTESIAN_POINT ( 'NONE',  ( 2.012129999999999974, 3.090525030000000228, 4.075000000000000178 ) ) ;
#3010 = DIRECTION ( 'NONE',  ( 0.7145695586383143949, 0.6995643972269061095, 0.000000000000000000 ) ) ;
#3011 = SURFACE_STYLE_FILL_AREA ( #5105 ) ;
#3012 = UNCERTAINTY_MEASURE_WITH_UNIT (LENGTH_MEASURE( 1.000000000000000082E-05 ), #5593, 'distance_accuracy_value', 'NONE');
#3013 = CARTESIAN_POINT ( 'NONE',  ( 6.355579898497516034, 0.7798342023644224685, 0.03514888430203686603 ) ) ;
#3014 = CARTESIAN_POINT ( 'NONE',  ( 0.7748241446383621334, 0.8553135469070886066, 4.044355177262528578 ) ) ;
#3015 = ORIENTED_EDGE ( 'NONE', *, *, #5339, .T. ) ;
#3016 = AXIS2_PLACEMENT_3D ( 'NONE', #1387, #3466, #4992 ) ;
#3017 = CARTESIAN_POINT ( 'NONE',  ( 0.7176567501778597924, 0.6276301112136937199, 0.07642652417979431401 ) ) ;
#3018 = DIRECTION ( 'NONE',  ( 0.000000000000000000, 0.000000000000000000, 1.000000000000000000 ) ) ;
#3019 = CARTESIAN_POINT ( 'NONE',  ( 6.809594286611456049, 0.6502036066705624284, 0.2854069059258813601 ) ) ;
#3020 = CARTESIAN_POINT ( 'NONE',  ( 6.863639542271211980, 0.6231802303408239263, 0.3417827215314892531 ) ) ;
#3021 = CARTESIAN_POINT ( 'NONE',  ( 0.3985968160902114144, 0.4308091659642624971, 3.823847351466747924 ) ) ;
#3022 = ORIENTED_EDGE ( 'NONE', *, *, #4915, .F. ) ;
#3023 = AXIS2_PLACEMENT_3D ( 'NONE', #4768, #2632, #72 ) ;
#3024 = VERTEX_POINT ( 'NONE', #2019 ) ;
#3025 = SURFACE_STYLE_FILL_AREA ( #4556 ) ;
#3026 = CARTESIAN_POINT ( 'NONE',  ( 6.544859390833661195, 0.4298770557551672700, 3.882535664351437710 ) ) ;
#3028 = CARTESIAN_POINT ( 'NONE',  ( 0.3639162694330522752, 0.6364747333671241236, 0.2277916320671146411 ) ) ;
#3027 = SURFACE_STYLE_USAGE ( .BOTH. , #497 ) ;
#3029 = AXIS2_PLACEMENT_3D ( 'NONE', #1554, #6127, #6095 ) ;
#3030 = CARTESIAN_POINT ( 'NONE',  ( 7.109999999999999432, -8.673617379884035472E-16, 0.9999999999999995559 ) ) ;
#3031 = CARTESIAN_POINT ( 'NONE',  ( 0.1588764848679588282, 0.05963579131126299504, 3.209555903113604725 ) ) ;
#3032 = EDGE_LOOP ( 'NONE', ( #1306, #4356, #5605, #4077 ) ) ;
#3033 = CARTESIAN_POINT ( 'NONE',  ( 0.1605370186868521343, 0.5802899668877623540, 0.4555621661387664889 ) ) ;
#3034 = FILL_AREA_STYLE_COLOUR ( '', #2253 ) ;
#3035 = CARTESIAN_POINT ( 'NONE',  ( 7.045287694950473245, 0.3988365531010208409, 3.413703724143683615 ) ) ;
#3037 = CARTESIAN_POINT ( 'NONE',  ( 0.4898575508200391226, 0.1067181458137644173, 0.5438954783258970194 ) ) ;
#3036 = CARTESIAN_POINT ( 'NONE',  ( 0.000000000000000000, 1.000000000000000000, 4.070000000000000284 ) ) ;
#3038 = VECTOR ( 'NONE', #1472, 1000.000000000000227 ) ;
#3039 = COLOUR_RGB ( '',0.5647058823529411686, 0.3019607843137254721, 0.1294117647058823373 ) ;
#3040 = ORIENTED_EDGE ( 'NONE', *, *, #1510, .F. ) ;
#3041 = CARTESIAN_POINT ( 'NONE',  ( 5.096997556119359452, -2.794514615189092055, 1.730000000000000426 ) ) ;
#3042 = CARTESIAN_POINT ( 'NONE',  ( 6.643610060796818928, -3.012110412698151052, 1.730000000000000426 ) ) ;
#3043 = AXIS2_PLACEMENT_3D ( 'NONE', #2971, #3436, #2460 ) ;
#3044 = DIRECTION ( 'NONE',  ( 0.2793947940814895947, 0.9601763114346041350, 0.000000000000000000 ) ) ;
#3045 = PRESENTATION_STYLE_ASSIGNMENT (( #1019 ) ) ;
#3046 = CARTESIAN_POINT ( 'NONE',  ( 6.421033557346317089, 0.8006129544228943740, 0.04951400717894622466 ) ) ;
#3047 = CARTESIAN_POINT ( 'NONE',  ( 0.8968436091486539086, 0.9217549452980396962, 4.064497651498296449 ) ) ;
#3048 = ORIENTED_EDGE ( 'NONE', *, *, #5789, .T. ) ;
#3049 = CARTESIAN_POINT ( 'NONE',  ( 0.8166002282387461175, 0.8604075853402768370, 0.01775047296743226949 ) ) ;
#3050 = CARTESIAN_POINT ( 'NONE',  ( 6.457319279729307304, 0.3053614405555128419, 0.2804249970715589901 ) ) ;
#3051 = CARTESIAN_POINT ( 'NONE',  ( 0.3088573174555772072, 0.5557829185947780193, 3.790057932585653155 ) ) ;
#3052 = CARTESIAN_POINT ( 'NONE',  ( 0.01521956021787268173, 0.2491438677150300540, 0.9411112046959124733 ) ) ;
#3053 = DIRECTION ( 'NONE',  ( 0.000000000000000000, 0.000000000000000000, 1.000000000000000000 ) ) ;
#3054 = SURFACE_SIDE_STYLE ('',( #1005 ) ) ;
#3055 = CARTESIAN_POINT ( 'NONE',  ( 6.291276640076463700, 0.7174808252236536399, 4.029329709716838792 ) ) ;
#3056 = CARTESIAN_POINT ( 'NONE',  ( 0.5000000000000000000, 0.000000000000000000, 1.000000000000013989 ) ) ;
#3057 = ADVANCED_FACE ( 'NONE', ( #3533 ), #6704, .F. ) ;
#3058 = FILL_AREA_STYLE ('',( #2089 ) ) ;
#3059 = PRESENTATION_STYLE_ASSIGNMENT (( #4596 ) ) ;
#3060 = CARTESIAN_POINT ( 'NONE',  ( 6.801620480968902704, 0.09103404166305158196, 3.434771810204054532 ) ) ;
#3061 = UNCERTAINTY_MEASURE_WITH_UNIT (LENGTH_MEASURE( 1.000000000000000082E-05 ), #1343, 'distance_accuracy_value', 'NONE');
#3063 = CARTESIAN_POINT ( 'NONE',  ( 0.2320028487616469237, 0.1430260165139642103, 0.5821751678879251157 ) ) ;
#3062 =( NAMED_UNIT ( * ) SI_UNIT ( $, .STERADIAN. ) SOLID_ANGLE_UNIT ( ) );
#3064 = UNCERTAINTY_MEASURE_WITH_UNIT (LENGTH_MEASURE( 1.000000000000000082E-05 ), #2122, 'distance_accuracy_value', 'NONE');
#3065 =( GEOMETRIC_REPRESENTATION_CONTEXT ( 3 ) GLOBAL_UNCERTAINTY_ASSIGNED_CONTEXT ( ( #4674 ) ) GLOBAL_UNIT_ASSIGNED_CONTEXT ( ( #5060, #5680, #534 ) ) REPRESENTATION_CONTEXT ( 'NONE', 'WORKASPACE' ) );
#3066 = FILL_AREA_STYLE_COLOUR ( '', #1588 ) ;
#3067 = VERTEX_POINT ( 'NONE', #2173 ) ;
#3068 = AXIS2_PLACEMENT_3D ( 'NONE', #3913, #5979, #253 ) ;
#3069 = CARTESIAN_POINT ( 'NONE',  ( 4.224845895799768769, 3.465937844562223091, 4.070000000000000284 ) ) ;
#3070 =( NAMED_UNIT ( * ) SI_UNIT ( $, .STERADIAN. ) SOLID_ANGLE_UNIT ( ) );
#3071 = CARTESIAN_POINT ( 'NONE',  ( 6.094999999999992646, -10.42682999999999360, 1.730000000000000204 ) ) ;
#3072 = LINE ( 'NONE', #4125, #1686 ) ;
#3073 = CARTESIAN_POINT ( 'NONE',  ( 6.306388724579659488, 0.8738776949560694840, 0.01948905540135735179 ) ) ;
#3074 = CARTESIAN_POINT ( 'NONE',  ( 0.9651594983845691589, 0.9455244152089685716, 4.068799634034645507 ) ) ;
#3075 = VERTEX_POINT ( 'NONE', #3291 ) ;
#3076 = CARTESIAN_POINT ( 'NONE',  ( 0.9719218440241697010, 0.9839885339587518542, -1.234803535745845476E-17 ) ) ;
#3077 =( LENGTH_UNIT ( ) NAMED_UNIT ( * ) SI_UNIT ( .MILLI., .METRE. ) );
#3078 = CARTESIAN_POINT ( 'NONE',  ( 6.632269093255105830, 0.4175542560692586114, 0.2158959757995415896 ) ) ;
#3079 = CARTESIAN_POINT ( 'NONE',  ( 0.6526807202707037847, 0.3053614405555037936, 3.789575002928433189 ) ) ;
#3080 = VERTEX_POINT ( 'NONE', #4782 ) ;
#3081 = EDGE_CURVE ( 'NONE', #3930, #5569, #1131, .T. ) ;
#3082 =( NAMED_UNIT ( * ) PLANE_ANGLE_UNIT ( ) SI_UNIT ( $, .RADIAN. ) );
#3083 = AXIS2_PLACEMENT_3D ( 'NONE', #4261, #1706, #2744 ) ;
#3084 = CARTESIAN_POINT ( 'NONE',  ( 6.540401193870188479, 0.7847994051238139646, 3.973224176183012712 ) ) ;
#3085 = CARTESIAN_POINT ( 'NONE',  ( 0.4999999439244445787, 1.129377263005729677E-17, 0.9321923644899762218 ) ) ;
#3086 = PRESENTATION_LAYER_ASSIGNMENT (  '', '', ( #2023 ) ) ;
#3087 = CARTESIAN_POINT ( 'NONE',  ( 0.3548285193015432992, 0.6774230487234433884, 3.836202409539388736 ) ) ;
#3088 =( BOUNDED_CURVE ( )  B_SPLINE_CURVE ( 2, ( #5610, #3030, #2025 ),
 .UNSPECIFIED., .F., .F. ) 
 B_SPLINE_CURVE_WITH_KNOTS ( ( 3, 3 ),
 ( 0.000000000000000000, 1.000000000000000000 ),
 .UNSPECIFIED. ) 
 CURVE ( )  GEOMETRIC_REPRESENTATION_ITEM ( )  RATIONAL_B_SPLINE_CURVE ( ( 1.000000000000000000, 1.857142857142858317, 1.000000000000000000 ) ) 
 REPRESENTATION_ITEM ( '' )  );
#3089 = FACE_OUTER_BOUND ( 'NONE', #349, .T. ) ;
#3090 = VERTEX_POINT ( 'NONE', #5256 ) ;
#3091 = PLANE ( 'NONE',  #4063 ) ;
#3092 = CARTESIAN_POINT ( 'NONE',  ( 2.920000000000001261, -1.976830000000000087, 2.035000000000000142 ) ) ;
#3093 = FACE_OUTER_BOUND ( 'NONE', #702, .T. ) ;
#3094 = CARTESIAN_POINT ( 'NONE',  ( 6.742135760642817388, 0.3316135357405399775, 3.755324365000473730 ) ) ;
#3095 = CARTESIAN_POINT ( 'NONE',  ( 0.3678642393571959213, 0.3316135357408252493, 0.3146756349993024560 ) ) ;
#3096 = EDGE_CURVE ( 'NONE', #4859, #2340, #2929, .T. ) ;
#3097 = CARTESIAN_POINT ( 'NONE',  ( 0.000000000000000000, 0.5000000000000000000, 1.000000000000000000 ) ) ;
#3098 = ORIENTED_EDGE ( 'NONE', *, *, #539, .T. ) ;
#3099 =( NAMED_UNIT ( * ) SI_UNIT ( $, .STERADIAN. ) SOLID_ANGLE_UNIT ( ) );
#3100 = SURFACE_SIDE_STYLE ('',( #1696 ) ) ;
#3101 = FILL_AREA_STYLE_COLOUR ( '', #2814 ) ;
#3102 = CARTESIAN_POINT ( 'NONE',  ( 0.5383455526508212907, 0.5630529188611103075, 0.1340153874987339011 ) ) ;
#3103 = CARTESIAN_POINT ( 'NONE',  ( 4.257427140371730090, 3.577907501469753004, 4.075000000000000178 ) ) ;
#3104 = ORIENTED_EDGE ( 'NONE', *, *, #5433, .F. ) ;
#3105 = VECTOR ( 'NONE', #162, 1000.000000000000227 ) ;
#3106 = CARTESIAN_POINT ( 'NONE',  ( 6.239793326635589388, 0.9014125227447091770, 0.008815407494164432395 ) ) ;
#3107 = SURFACE_STYLE_FILL_AREA ( #1057 ) ;
#3108 = EDGE_LOOP ( 'NONE', ( #5482, #5538, #3150, #5554 ) ) ;
#3109 = AXIS2_PLACEMENT_3D ( 'NONE', #4661, #2566, #1625 ) ;
#3110 = DIRECTION ( 'NONE',  ( 0.000000000000000000, -1.000000000000000000, 0.000000000000000000 ) ) ;
#3111 = CARTESIAN_POINT ( 'NONE',  ( 1.990860744830845519, -2.126577405022865186, 2.340000000000000302 ) ) ;
#3112 = FILL_AREA_STYLE ('',( #4065 ) ) ;
#3113 = CARTESIAN_POINT ( 'NONE',  ( 6.411534651888919356, 0.3969306938646552929, 0.2017452242158314923 ) ) ;
#3114 = CARTESIAN_POINT ( 'NONE',  ( 0.5651405857979283631, 0.4298770752679100249, 3.882535673255146591 ) ) ;
#3115 = ORIENTED_EDGE ( 'NONE', *, *, #2220, .F. ) ;
#3116 = CARTESIAN_POINT ( 'NONE',  ( 0.06208980984405759740, 0.1129100940355331900, 0.9411112046959112520 ) ) ;
#3117 = CARTESIAN_POINT ( 'NONE',  ( 0.000000000000000000, 0.000000000000000000, 0.000000000000000000 ) ) ;
#3118 = CARTESIAN_POINT ( 'NONE',  ( 3.885131464652040734, -2.028836699693395751, 1.730000000000000426 ) ) ;
#3119 = CARTESIAN_POINT ( 'NONE',  ( 6.421033460289183203, 0.8006128496671127692, 4.020486017780474874 ) ) ;
#3120 =( NAMED_UNIT ( * ) SI_UNIT ( $, .STERADIAN. ) SOLID_ANGLE_UNIT ( ) );
#3121 = CARTESIAN_POINT ( 'NONE',  ( 1.015247165164533394, -3.388698253309390118, 1.729999999999999982 ) ) ;
#3122 = STYLED_ITEM ( 'NONE', ( #466 ), #4728 ) ;
#3123 = CARTESIAN_POINT ( 'NONE',  ( 0.2781007934273485027, 0.1016839524000839601, 3.441321066970017384 ) ) ;
#3124 = ORIENTED_EDGE ( 'NONE', *, *, #1886, .T. ) ;
#3125 = LINE ( 'NONE', #1902, #2286 ) ;
#3126 = SURFACE_STYLE_FILL_AREA ( #1659 ) ;
#3127 =( GEOMETRIC_REPRESENTATION_CONTEXT ( 3 ) GLOBAL_UNCERTAINTY_ASSIGNED_CONTEXT ( ( #2840 ) ) GLOBAL_UNIT_ASSIGNED_CONTEXT ( ( #97, #704, #1248 ) ) REPRESENTATION_CONTEXT ( 'NONE', 'WORKASPACE' ) );
#3128 = DIRECTION ( 'NONE',  ( -0.000000000000000000, 1.000000000000000000, -0.000000000000000000 ) ) ;
#3129 = AXIS2_PLACEMENT_3D ( 'NONE', #1845, #3888, #5990 ) ;
#3130 = CARTESIAN_POINT ( 'NONE',  ( 6.845336693504524561, 0.5814199113204840952, 3.749176619395235388 ) ) ;
#3131 = CARTESIAN_POINT ( 'NONE',  ( 3.243934446641114189, 3.577927635947331986, 4.075000000000000178 ) ) ;
#3132 = EDGE_CURVE ( 'NONE', #159, #6645, #1780, .T. ) ;
#3133 = CARTESIAN_POINT ( 'NONE',  ( 6.803538311559648832, 0.2258229612996234259, 0.4197394942497972292 ) ) ;
#3134 = STYLED_ITEM ( 'NONE', ( #865 ), #3344 ) ;
#3135 = DIRECTION ( 'NONE',  ( 0.000000000000000000, 0.000000000000000000, 1.000000000000000000 ) ) ;
#3136 = FILL_AREA_STYLE ('',( #3101 ) ) ;
#3137 = CARTESIAN_POINT ( 'NONE',  ( 0.5017793621272835791, 0.5531419747405769138, 0.1505973186535382868 ) ) ;
#3138 = MECHANICAL_DESIGN_GEOMETRIC_PRESENTATION_REPRESENTATION (  '', ( #240 ), #4772 ) ;
#3139 = CARTESIAN_POINT ( 'NONE',  ( 6.609999999999999432, 0.000000000000000000, 1.000000000000000000 ) ) ;
#3140 = CARTESIAN_POINT ( 'NONE',  ( 2.610150854328058490, -2.126473639938911475, 1.730000000000000426 ) ) ;
#3141 = STYLED_ITEM ( 'NONE', ( #1775 ), #6319 ) ;
#3142 = CARTESIAN_POINT ( 'NONE',  ( 6.132615457281214155, 0.9785633767647708980, -5.022945332379559039E-18 ) ) ;
#3143 = LINE ( 'NONE', #5831, #1210 ) ;
#3144 = ORIENTED_EDGE ( 'NONE', *, *, #529, .T. ) ;
#3145 = CARTESIAN_POINT ( 'NONE',  ( 1.627298551911824820, -3.411268291489120141, 1.729999999999999760 ) ) ;
#3146 = PRESENTATION_LAYER_ASSIGNMENT (  '', '', ( #1866 ) ) ;
#3147 = PLANE ( 'NONE',  #3606 ) ;
#3148 = CARTESIAN_POINT ( 'NONE',  ( 6.772134247058623657, 0.6218495822105906123, 0.2499349028419300123 ) ) ;
#3149 = CARTESIAN_POINT ( 'NONE',  ( 0.4636106071158974107, 0.6552313004593997015, 3.913200341281364736 ) ) ;
#3150 = ORIENTED_EDGE ( 'NONE', *, *, #1553, .F. ) ;
#3151 = CARTESIAN_POINT ( 'NONE',  ( 0.000000000000000000, 0.4282173323112822283, 1.000000000000000000 ) ) ;
#3152 = CARTESIAN_POINT ( 'NONE',  ( 5.484757603108172397, -3.391110155043930430, 1.730000000000000426 ) ) ;
#3153 = VECTOR ( 'NONE', #1726, 1000.000000000000000 ) ;
#3154 = SURFACE_STYLE_FILL_AREA ( #56 ) ;
#3155 = CARTESIAN_POINT ( 'NONE',  ( 6.400857571141368219, 0.7789364968032221892, 4.024563800570715166 ) ) ;
#3156 = DIRECTION ( 'NONE',  ( 0.9610853065513841331, -0.2762517575166394401, 0.000000000000000000 ) ) ;
#3157 = CARTESIAN_POINT ( 'NONE',  ( 3.119202238038796260, -2.606592368049553521, 1.729999999999999982 ) ) ;
#3158 = B_SPLINE_SURFACE_WITH_KNOTS ( 'NONE', 3, 3, ( 
 ( #5342, #3840, #4905, #2330, #5932, #4404, #4972, #5899, #3411, #6009, #5417, #5376, #1367, #3873 ),
 ( #6419, #1223, #5974, #2225, #6382, #1771, #1333, #3380, #5453, #718, #1735, #4945, #1260, #3773 ),
 ( #2363, #1896, #6104, #6136, #5002, #2499, #5580, #2533, #1465, #6649, #6552, #884, #4464, #3572 ),
 ( #979, #1433, #6612, #379, #5551, #2029, #5652, #1997, #3506, #6682, #947, #2946, #1965, #914 ),
 ( #1524, #4048, #1929, #1497, #3943, #4011, #2429, #4080, #5617, #6041, #4498, #1397, #3472, #6578 ),
 ( #6072, #3975, #3035, #2464, #2976, #5061, #5032, #5095, #3542, #409, #3060, #3005, #6170, #473 ),
 ( #352, #441, #4529, #4564, #4598, #1012, #5514, #2399, #3439, #1591, #6270, #65, #3599, #2123 ),
 ( #3730, #2183, #3162, #1138, #100, #3630, #6202, #1622, #4660, #2694, #1109, #5783, #1045, #6711 ),
 ( #2565, #4762, #2155, #3195, #132, #2627, #4693, #5193, #1693, #1661, #4244, #2092, #4730, #5264 ),
 ( #4215, #4177, #6342, #1562, #6307, #4114, #2598, #2059, #3696, #5817, #1175, #30, #3661, #608 ),
 ( #5681, #642, #5131, #4146, #4627, #504, #5747, #3094, #5229, #5157, #535, #2661, #6235, #5712 ),
 ( #1075, #3130, #576, #199, #1284, #3301, #1794, #3763, #4360, #3229, #3333, #5854, #5444, #3863 ),
 ( #6450, #2218, #4317, #3831, #2251, #1764, #5925, #1322, #1854, #6412, #2320, #1215, #1827, #6512 ),
 ( #5405, #5371, #4391, #1250, #274, #2352, #748, #5961, #816, #4427, #6485, #4896, #3796, #2876 ),
 ( #4279, #1725, #780, #2801, #4828, #2839, #3900, #3371, #4862, #6001, #6375, #4932, #310, #3265 ),
 ( #5889, #5298, #238, #5333, #2292, #672, #2730, #4792, #164, #708, #2764, #6570, #2388, #2455 ),
 ( #5607, #4000, #1988, #3934, #2906, #6063, #5475, #971, #5053, #6128, #3026, #5541, #906, #1422 ),
 ( #4557, #5085, #4993, #937, #1488, #4456, #2998, #2966, #2525, #6545, #435, #342, #5507, #4964 ),
 ( #6673, #4588, #873, #5026, #3496, #3467, #1885, #3534, #2491, #2937, #846, #4036, #6603, #6030 ),
 ( #6640, #1388, #5572, #1952, #469, #401, #2020, #3431, #372, #2420, #4073, #4487, #1358, #1922 ),
 ( #3964, #4520, #3402, #6096, #1455, #567, #5775, #4687, #2053, #5706, #4653, #1069, #635, #5738 ),
 ( #3084, #5221, #4106, #4721, #2687, #57, #2620, #1038, #2115, #4753, #92, #4139, #123, #5123 ),
 ( #1099, #6193, #1555, #3624, #3652, #4621, #3591, #2150, #1584, #6262, #3688, #2174, #5184, #5150 ),
 ( #1614, #5672, #3119, #3155, #525, #2086, #496, #2652, #4170, #6163, #603, #3185, #4209, #24 ),
 ( #2557, #6224, #6297, #1653, #1132, #5257, #1518, #2588, #3567, #5643, #1006, #3055, #6705, #3292 ),
 ( #5845, #4382, #3854, #2311, #4347, #4923, #5393, #5881, #738, #4852, #2753, #2279, #770, #696 ),
 ( #1752, #3786, #2792, #5435, #301, #3821, #6332, #4816, #191, #6367, #4783, #4237, #1240, #1204 ),
 ( #4308, #227, #154, #5361, #1685, #6441, #2208, #6475, #4886, #3723, #1784, #3218, #5324, #5913 ),
 ( #2241, #1276, #1818, #2866, #3254, #3323, #4269, #2827, #808, #265, #5950, #6401, #1309, #3360 ),
 ( #1716, #5810, #1165, #3752, #5288, #664, #2719, #393, #4955, #2989, #6087, #4447, #5076, #5017 ),
 ( #2446, #2413, #898, #2900, #3457, #2344, #4512, #331, #4545, #5045, #4417, #5532, #1350, #3423 ),
 ( #3956, #3524, #1943, #3924, #1448, #5991, #6054, #2380, #4026, #1480, #6121, #929, #3394, #6537 ) ),
 .UNSPECIFIED., .F., .F., .F.,
 ( 4, 2, 2, 2, 2, 2, 2, 2, 2, 2, 2, 2, 2, 2, 2, 4 ),
 ( 4, 2, 2, 2, 2, 2, 4 ),
 ( 0.000000000000000000, 0.1138677236683470206, 0.1708015855025205310, 0.2277354473366940413, 0.3550188418927818224, 0.4186605391708256851, 0.4823022364488696034, 0.5155165454046185536, 0.5487308543603675037, 0.6151594722718654040, 0.6815880901833633043, 0.7480167080948612046, 0.8110125310711459035, 0.8740083540474306023, 0.9370041770237153012, 1.000000000000000000 ),
 ( 0.000000000000000000, 0.2500000000000000000, 0.3750000000000000000, 0.5000000000000000000, 0.6250000000000000000, 0.7500000000000000000, 1.000000000000000000 ),
 .UNSPECIFIED. ) ;
#3159 = CARTESIAN_POINT ( 'NONE',  ( 0.5115274312839585003, 0.02305484356102099550, 3.285862160687918365 ) ) ;
#3160 = ORIENTED_EDGE ( 'NONE', *, *, #6554, .F. ) ;
#3161 = DIRECTION ( 'NONE',  ( 0.000000000000000000, 0.000000000000000000, -1.000000000000000000 ) ) ;
#3162 = CARTESIAN_POINT ( 'NONE',  ( 6.990475953603734638, 0.4328307505225367224, 3.546744208265478537 ) ) ;
#3163 = FACE_OUTER_BOUND ( 'NONE', #5064, .T. ) ;
#3164 = CARTESIAN_POINT ( 'NONE',  ( 0.7020415663994570288, 0.4039466255758053514, 3.873519033591676930 ) ) ;
#3165 = CARTESIAN_POINT ( 'NONE',  ( 0.5000000000000000000, 0.000000000000000000, 2.781166666666668785 ) ) ;
#3166 = FILL_AREA_STYLE ('',( #3066 ) ) ;
#3167 = CARTESIAN_POINT ( 'NONE',  ( 4.483185878743278785, 3.465937844562223091, 4.075000000000000178 ) ) ;
#3168 = PRESENTATION_STYLE_ASSIGNMENT (( #615 ) ) ;
#3169 = LINE ( 'NONE', #1599, #2 ) ;
#3170 = CARTESIAN_POINT ( 'NONE',  ( 0.5137893109568609784, 0.5397001455098979772, 0.1489313432705340612 ) ) ;
#3171 = CARTESIAN_POINT ( 'NONE',  ( 7.082999238236553197, 0.2591976237881773448, 0.8645399981432162484 ) ) ;
#3172 = CARTESIAN_POINT ( 'NONE',  ( 1.981344330640335993, -2.153446827274942521, 1.730000000000000204 ) ) ;
#3173 = AXIS2_PLACEMENT_3D ( 'NONE', #1807, #3844, #181 ) ;
#3174 = CARTESIAN_POINT ( 'NONE',  ( 6.130847807962108043, 0.9767945551404056959, -7.274981939152403266E-18 ) ) ;
#3175 = SURFACE_SIDE_STYLE ('',( #6215 ) ) ;
#3176 = CARTESIAN_POINT ( 'NONE',  ( 3.218653387255204112, -2.193807365241618790, 2.340000000000000302 ) ) ;
#3177 = EDGE_CURVE ( 'NONE', #5920, #5358, #1652, .T. ) ;
#3178 = UNCERTAINTY_MEASURE_WITH_UNIT (LENGTH_MEASURE( 1.000000000000000082E-05 ), #4850, 'distance_accuracy_value', 'NONE');
#3179 = PRESENTATION_STYLE_ASSIGNMENT (( #1606 ) ) ;
#3180 = CARTESIAN_POINT ( 'NONE',  ( 6.667206712803400492, 0.4725020417011185359, 0.2032864306344654148 ) ) ;
#3181 = CARTESIAN_POINT ( 'NONE',  ( 0.3969306938646311456, 0.6984653481110895124, 3.868254775784154553 ) ) ;
#3182 = EDGE_CURVE ( 'NONE', #3261, #5728, #1098, .T. ) ;
#3183 = CARTESIAN_POINT ( 'NONE',  ( 0.07731099353294922094, 0.1274638336484062995, 0.8596635841881360429 ) ) ;
#3184 = CARTESIAN_POINT ( 'NONE',  ( 1.190654425277224426, -3.016415516703255140, 2.340000000000000746 ) ) ;
#3185 = CARTESIAN_POINT ( 'NONE',  ( 6.309387045575907571, 0.6889664426549634291, 4.020485992821388521 ) ) ;
#3186 = CARTESIAN_POINT ( 'NONE',  ( 0.000000000000000000, 0.5000000000000000000, 1.000000000000000000 ) ) ;
#3187 = CARTESIAN_POINT ( 'NONE',  ( 0.6323066505644625579, 0.8161533021734573845, 3.999950762281129890 ) ) ;
#3188 = AXIS2_PLACEMENT_3D ( 'NONE', #1494, #350, #4970 ) ;
#3189 = CARTESIAN_POINT ( 'NONE',  ( 0.1430260165141746809, 0.2320028487618827906, 3.487824832113230578 ) ) ;
#3190 = CIRCLE ( 'NONE', #5914, 1.000000000000000000 ) ;
#3191 = VERTEX_POINT ( 'NONE', #3722 ) ;
#3192 = DIRECTION ( 'NONE',  ( -0.2759782365590612851, -0.9611638845408990717, 0.000000000000000000 ) ) ;
#3193 = DIRECTION ( 'NONE',  ( 0.000000000000000000, 1.000000000000000000, 0.000000000000000000 ) ) ;
#3194 =( NAMED_UNIT ( * ) SI_UNIT ( $, .STERADIAN. ) SOLID_ANGLE_UNIT ( ) );
#3195 = CARTESIAN_POINT ( 'NONE',  ( 6.923389648400683605, 0.3809745356841235941, 3.632433663229640342 ) ) ;
#3196 =( NAMED_UNIT ( * ) PLANE_ANGLE_UNIT ( ) SI_UNIT ( $, .RADIAN. ) );
#3197 = CARTESIAN_POINT ( 'NONE',  ( 0.7549278092228148829, 0.5096967293579658387, 3.943891596506026609 ) ) ;
#3198 =( NAMED_UNIT ( * ) PLANE_ANGLE_UNIT ( ) SI_UNIT ( $, .RADIAN. ) );
#3199 = LINE ( 'NONE', #645, #4824 ) ;
#3200 = DIRECTION ( 'NONE',  ( 0.7145695586383143949, 0.6995643972269061095, 0.000000000000000000 ) ) ;
#3201 = SURFACE_STYLE_USAGE ( .BOTH. , #617 ) ;
#3202 = CARTESIAN_POINT ( 'NONE',  ( 0.8608664408087376430, 0.9108817571782638067, 0.009697153491516962570 ) ) ;
#3203 = CARTESIAN_POINT ( 'NONE',  ( 0.6442775206627129325, 0.5567650423623383693, 0.1117769405867578836 ) ) ;
#3204 = CARTESIAN_POINT ( 'NONE',  ( 6.753923939261020415, 0.001512772235280885821, 0.9411112046959144717 ) ) ;
#3205 = ORIENTED_EDGE ( 'NONE', *, *, #1533, .F. ) ;
#3206 = ADVANCED_FACE ( 'NONE', ( #695 ), #3252, .F. ) ;
#3207 = CARTESIAN_POINT ( 'NONE',  ( 6.211718905052483031, 0.8733008035047364892, 0.008582188188339662585 ) ) ;
#3208 = CARTESIAN_POINT ( 'NONE',  ( 0.9705944035014103521, 0.9852972017503377478, 4.070000000000000284 ) ) ;
#3209 = PLANE ( 'NONE',  #1746 ) ;
#3210 = CARTESIAN_POINT ( 'NONE',  ( 1.625242396891817709, -3.391110155043932206, 2.340000000000000302 ) ) ;
#3211 = CARTESIAN_POINT ( 'NONE',  ( 5.484757603108172397, -3.391110155043930430, 1.730000000000000426 ) ) ;
#3212 = EDGE_CURVE ( 'NONE', #2512, #6582, #3820, .T. ) ;
#3213 = CARTESIAN_POINT ( 'NONE',  ( 6.718252020308610462, 0.5105947737905257577, 0.2231043775542315144 ) ) ;
#3214 = CARTESIAN_POINT ( 'NONE',  ( 0.5180330719849776111, 0.6911852610769995131, 3.945457615050891764 ) ) ;
#3215 = ORIENTED_EDGE ( 'NONE', *, *, #4289, .T. ) ;
#3216 =( NAMED_UNIT ( * ) SI_UNIT ( $, .STERADIAN. ) SOLID_ANGLE_UNIT ( ) );
#3217 = CARTESIAN_POINT ( 'NONE',  ( 2.013002443880638648, -2.794514615189089390, 2.340000000000000302 ) ) ;
#3218 = CARTESIAN_POINT ( 'NONE',  ( 6.199118210641201721, 0.8608663976151597064, 4.060302841080271286 ) ) ;
#3219 = VECTOR ( 'NONE', #2660, 1000.000000000000000 ) ;
#3220 = CARTESIAN_POINT ( 'NONE',  ( 6.110000000000000320, 1.000000000000000000, 4.070000000000000284 ) ) ;
#3221 = PRODUCT_DEFINITION ( 'UNKNOWN', '', #874, #5962 ) ;
#3222 = CARTESIAN_POINT ( 'NONE',  ( 3.225000000000001421, -1.976830000000000087, 2.340000000000000302 ) ) ;
#3223 = CARTESIAN_POINT ( 'NONE',  ( 0.1100907085150012038, 0.1585165849746851818, 3.334023130879947949 ) ) ;
#3224 = EDGE_LOOP ( 'NONE', ( #3501, #3758, #491, #5897 ) ) ;
#3225 = VECTOR ( 'NONE', #3695, 1000.000000000000000 ) ;
#3226 = AXIS2_PLACEMENT_3D ( 'NONE', #2293, #5819, #1176 ) ;
#3227 = EDGE_LOOP ( 'NONE', ( #4378, #5050, #2470, #5606 ) ) ;
#3228 = SURFACE_STYLE_USAGE ( .BOTH. , #5780 ) ;
#3229 = CARTESIAN_POINT ( 'NONE',  ( 6.645322402171689014, 0.3334608732573775547, 3.791496375327219059 ) ) ;
#3230 = LINE ( 'NONE', #6376, #579 ) ;
#3231 = CARTESIAN_POINT ( 'NONE',  ( 0.2036994171928553921, 0.6018497137819609488, 0.3939709458940207076 ) ) ;
#3232 = VECTOR ( 'NONE', #790, 1000.000000000000000 ) ;
#3233 =( NAMED_UNIT ( * ) PLANE_ANGLE_UNIT ( ) SI_UNIT ( $, .RADIAN. ) );
#3234 = SURFACE_STYLE_FILL_AREA ( #3303 ) ;
#3235 = FACE_OUTER_BOUND ( 'NONE', #6092, .T. ) ;
#3236 = STYLED_ITEM ( 'NONE', ( #1545 ), #5380 ) ;
#3237 = PRESENTATION_STYLE_ASSIGNMENT (( #4666 ) ) ;
#3238 = CARTESIAN_POINT ( 'NONE',  ( 0.8920248929339397170, 0.8795038866768081220, 0.008262723214793765703 ) ) ;
#3239 = CARTESIAN_POINT ( 'NONE',  ( 0.7549373885291942310, 0.5098747719690450708, 0.1278613943313159362 ) ) ;
#3240 =( GEOMETRIC_REPRESENTATION_CONTEXT ( 3 ) GLOBAL_UNCERTAINTY_ASSIGNED_CONTEXT ( ( #715 ) ) GLOBAL_UNIT_ASSIGNED_CONTEXT ( ( #1951, #4751, #663 ) ) REPRESENTATION_CONTEXT ( 'NONE', 'WORKASPACE' ) );
#3241 = CARTESIAN_POINT ( 'NONE',  ( 6.885289342663890366, 0.03476587778831109754, 0.8628823028862594446 ) ) ;
#3242 = CARTESIAN_POINT ( 'NONE',  ( 6.144840501615409956, 0.9455244152088680964, 0.001200365965345107566 ) ) ;
#3243 = CARTESIAN_POINT ( 'NONE',  ( 6.355062611470792433, 0.5098747719690802649, 0.1278613943313011148 ) ) ;
#3244 = CARTESIAN_POINT ( 'NONE',  ( 1.624995231727281331, -3.429241901734537912, 1.730000000000000204 ) ) ;
#3245 = CARTESIAN_POINT ( 'NONE',  ( 5.482701448088168839, -3.411268291489120585, 1.730000000000000204 ) ) ;
#3246 = VECTOR ( 'NONE', #2342, 1000.000000000000000 ) ;
#3247 = CARTESIAN_POINT ( 'NONE',  ( 6.712586730094357357, 0.6115649086882531948, 0.2032812934000362004 ) ) ;
#3248 = CARTESIAN_POINT ( 'NONE',  ( 0.7549373885292062214, 0.5098747719690411850, 3.942138605668682239 ) ) ;
#3249 = ORIENTED_EDGE ( 'NONE', *, *, #5339, .F. ) ;
#3250 = DIRECTION ( 'NONE',  ( 0.000000000000000000, 1.000000000000000000, 0.000000000000000000 ) ) ;
#3251 = PLANE ( 'NONE',  #4333 ) ;
#3252 = PLANE ( 'NONE',  #5413 ) ;
#3253 = EDGE_CURVE ( 'NONE', #6266, #4306, #768, .T. ) ;
#3254 = CARTESIAN_POINT ( 'NONE',  ( 6.210675281651373503, 0.9192656871304974997, 4.064644149163314957 ) ) ;
#3255 = VECTOR ( 'NONE', #3338, 1000.000000000000000 ) ;
#3256 = FILL_AREA_STYLE ('',( #2721 ) ) ;
#3257 = CARTESIAN_POINT ( 'NONE',  ( 6.949392594667307854, 0.2058394704718662649, 0.5788944203923876985 ) ) ;
#3258 = CARTESIAN_POINT ( 'NONE',  ( 1.533525453493402413, -2.877802867496529249, 1.729999999999999760 ) ) ;
#3259 =( GEOMETRIC_REPRESENTATION_CONTEXT ( 3 ) GLOBAL_UNCERTAINTY_ASSIGNED_CONTEXT ( ( #3715 ) ) GLOBAL_UNIT_ASSIGNED_CONTEXT ( ( #709, #4178, #2662 ) ) REPRESENTATION_CONTEXT ( 'NONE', 'WORKASPACE' ) );
#3260 = CARTESIAN_POINT ( 'NONE',  ( 0.006181492094139585253, 0.4335372178174201618, 3.200307768396927433 ) ) ;
#3261 = VERTEX_POINT ( 'NONE', #897 ) ;
#3262 = ORIENTED_EDGE ( 'NONE', *, *, #1663, .F. ) ;
#3263 = DIRECTION ( 'NONE',  ( -0.000000000000000000, 1.000000000000000000, 0.000000000000000000 ) ) ;
#3264 = CARTESIAN_POINT ( 'NONE',  ( 2.012129999999999974, 3.090525030000000228, 4.075000000000000178 ) ) ;
#3265 = CARTESIAN_POINT ( 'NONE',  ( 6.450974964410245427, 0.3180500710238647333, 3.801596239440626857 ) ) ;
#3266 = DIRECTION ( 'NONE',  ( 0.000000000000000000, 0.000000000000000000, 1.000000000000000000 ) ) ;
#3267 = FILL_AREA_STYLE ('',( #2663 ) ) ;
#3268 = EDGE_CURVE ( 'NONE', #5841, #2067, #1118, .T. ) ;
#3269 = APPLICATION_CONTEXT ( 'automotive_design' ) ;
#3270 = CARTESIAN_POINT ( 'NONE',  ( 0.6672002351259574970, 0.3343768918251171507, 3.816323736594134708 ) ) ;
#3271 = LINE ( 'NONE', #2256, #618 ) ;
#3272 = UNCERTAINTY_MEASURE_WITH_UNIT (LENGTH_MEASURE( 1.000000000000000082E-05 ), #2319, 'distance_accuracy_value', 'NONE');
#3273 = CARTESIAN_POINT ( 'NONE',  ( 3.336523754250167784, 3.692512944455525137, 4.070000000000000284 ) ) ;
#3274 = ORIENTED_EDGE ( 'NONE', *, *, #2196, .F. ) ;
#3275 = DIRECTION ( 'NONE',  ( -0.2762517575166393846, -0.9610853065513840221, 0.000000000000000000 ) ) ;
#3276 = LINE ( 'NONE', #4326, #4974 ) ;
#3277 = CARTESIAN_POINT ( 'NONE',  ( 0.9541508155762723487, 0.9566013842548846124, 0.001003002085480877385 ) ) ;
#3278 = CARTESIAN_POINT ( 'NONE',  ( 0.1100910166243229960, 0.1585161532739048362, 0.7359768463482244671 ) ) ;
#3279 = UNCERTAINTY_MEASURE_WITH_UNIT (LENGTH_MEASURE( 1.000000000000000082E-05 ), #1178, 'distance_accuracy_value', 'NONE');
#3280 = CARTESIAN_POINT ( 'NONE',  ( 6.554143812565595084, 0.7779628542563867821, 0.1038875565664219014 ) ) ;
#3281 = CARTESIAN_POINT ( 'NONE',  ( 3.783037980676932754, 3.692512944455525137, 4.075000000000000178 ) ) ;
#3282 = LINE ( 'NONE', #1340, #5424 ) ;
#3283 = CARTESIAN_POINT ( 'NONE',  ( 6.094999999999994422, -3.426829999999992715, 2.340000000000000302 ) ) ;
#3284 =( LENGTH_UNIT ( ) NAMED_UNIT ( * ) SI_UNIT ( .MILLI., .METRE. ) );
#3285 = CARTESIAN_POINT ( 'NONE',  ( 1.867454551552433895, -2.201103246196135288, 2.340000000000000746 ) ) ;
#3286 = CARTESIAN_POINT ( 'NONE',  ( 5.576474546506592134, -2.877802867496531469, 1.730000000000000426 ) ) ;
#3287 = CARTESIAN_POINT ( 'NONE',  ( 6.394698701683035225, 0.4994230198481159344, 0.1336583538236074398 ) ) ;
#3288 = CARTESIAN_POINT ( 'NONE',  ( 0.8659338324489189720, 0.7648704129303193211, 4.042194753949874375 ) ) ;
#3289 = VERTEX_POINT ( 'NONE', #2343 ) ;
#3290 = ORIENTED_EDGE ( 'NONE', *, *, #3992, .F. ) ;
#3291 = CARTESIAN_POINT ( 'NONE',  ( 1.000000000000000000, 1.000000000000000000, 0.000000000000000000 ) ) ;
#3292 = CARTESIAN_POINT ( 'NONE',  ( 6.263743703939152141, 0.6925125960828293348, 4.021972930065499163 ) ) ;
#3293 =( LENGTH_UNIT ( ) NAMED_UNIT ( * ) SI_UNIT ( .MILLI., .METRE. ) );
#3294 = PRESENTATION_LAYER_ASSIGNMENT (  '', '', ( #2432 ) ) ;
#3295 = CARTESIAN_POINT ( 'NONE',  ( 6.599831065154075027, 0.1409839199712504543, 0.4825227277060952225 ) ) ;
#3296 = CARTESIAN_POINT ( 'NONE',  ( 1.091406348873059207, -2.361692885623173588, 2.340000000000000746 ) ) ;
#3297 = EDGE_CURVE ( 'NONE', #4928, #4641, #4108, .T. ) ;
#3298 = CARTESIAN_POINT ( 'NONE',  ( 0.3219486238705040471, 0.1573368520031946938, 3.579587983387534145 ) ) ;
#3299 = ORIENTED_EDGE ( 'NONE', *, *, #3212, .F. ) ;
#3300 = ORIENTED_EDGE ( 'NONE', *, *, #5584, .T. ) ;
#3301 = CARTESIAN_POINT ( 'NONE',  ( 6.748726350286151643, 0.4278290918241915985, 3.799393049266398315 ) ) ;
#3302 = CARTESIAN_POINT ( 'NONE',  ( 0.8261827922280832182, 0.6523398703041682900, 4.007649074575344805 ) ) ;
#3303 = FILL_AREA_STYLE ('',( #2698 ) ) ;
#3304 = CARTESIAN_POINT ( 'NONE',  ( 6.094999999999992646, -10.42682999999999360, 1.730000000000000204 ) ) ;
#3305 = ORIENTED_EDGE ( 'NONE', *, *, #805, .F. ) ;
#3306 = CARTESIAN_POINT ( 'NONE',  ( 0.5241860122566140978, 0.04837202599880548182, 0.6912247786965084462 ) ) ;
#3307 = CARTESIAN_POINT ( 'NONE',  ( 6.747259104705444877, 0.009795741200567174151, 0.8698030663635268889 ) ) ;
#3308 = ADVANCED_FACE ( 'NONE', ( #264 ), #6562, .T. ) ;
#3309 = CARTESIAN_POINT ( 'NONE',  ( 6.503564788184123202, 0.8032222850394643565, 0.08063124185636544317 ) ) ;
#3310 =( BOUNDED_CURVE ( )  B_SPLINE_CURVE ( 2, ( #3186, #697, #4722 ),
 .UNSPECIFIED., .F., .F. ) 
 B_SPLINE_CURVE_WITH_KNOTS ( ( 3, 3 ),
 ( 0.000000000000000000, 1.000000000000000000 ),
 .UNSPECIFIED. ) 
 CURVE ( )  GEOMETRIC_REPRESENTATION_ITEM ( )  RATIONAL_B_SPLINE_CURVE ( ( 1.000000000000000000, 1.857142857142858317, 1.000000000000000000 ) ) 
 REPRESENTATION_ITEM ( '' )  );
#3311 =( LENGTH_UNIT ( ) NAMED_UNIT ( * ) SI_UNIT ( .MILLI., .METRE. ) );
#3312 = CARTESIAN_POINT ( 'NONE',  ( 3.195461608508125995, 3.465957979040120929, 4.075000000000000178 ) ) ;
#3313 = CARTESIAN_POINT ( 'NONE',  ( 5.105131464652040485, -2.028836699693395751, 2.340000000000000302 ) ) ;
#3314 = CARTESIAN_POINT ( 'NONE',  ( 3.163674760572764644, 3.354671063943200249, 4.075000000000000178 ) ) ;
#3315 =( NAMED_UNIT ( * ) PLANE_ANGLE_UNIT ( ) SI_UNIT ( $, .RADIAN. ) );
#3316 = CARTESIAN_POINT ( 'NONE',  ( 2.001648321400914643, -2.059139914636205937, 1.730000000000000648 ) ) ;
#3317 = CARTESIAN_POINT ( 'NONE',  ( 4.494999999999999218, -1.976830000000000087, 2.340000000000000302 ) ) ;
#3318 = CARTESIAN_POINT ( 'NONE',  ( 6.600125228030916169, 0.7549373885292132158, 0.1278613943312975343 ) ) ;
#3319 = CARTESIAN_POINT ( 'NONE',  ( 0.7295609928497469587, 0.6629781323669721171, 4.006186980938242215 ) ) ;
#3320 = EDGE_LOOP ( 'NONE', ( #3794, #3305, #1453, #6026, #5669 ) ) ;
#3321 = ORIENTED_EDGE ( 'NONE', *, *, #6064, .F. ) ;
#3322 = FACE_OUTER_BOUND ( 'NONE', #3032, .T. ) ;
#3323 = CARTESIAN_POINT ( 'NONE',  ( 6.205707464015746133, 0.9142847427980125286, 4.064845152642316606 ) ) ;
#3324 = CARTESIAN_POINT ( 'NONE',  ( 6.801620517704091817, 0.09103405057384648946, 0.6352281786760897164 ) ) ;
#3325 = COLOUR_RGB ( '',0.5647058823529411686, 0.3019607843137254721, 0.1294117647058823373 ) ;
#3326 = CARTESIAN_POINT ( 'NONE',  ( 1.990860744830845519, -2.126577405022865186, 2.340000000000000302 ) ) ;
#3327 = CARTESIAN_POINT ( 'NONE',  ( 0.4278290918236780094, 0.3612736497136214142, 3.799393049265981315 ) ) ;
#3328 = ORIENTED_EDGE ( 'NONE', *, *, #4394, .T. ) ;
#3329 = EDGE_LOOP ( 'NONE', ( #6075, #3521, #483, #5677 ) ) ;
#3330 = CARTESIAN_POINT ( 'NONE',  ( 6.110000000000000320, 6.733170000000000321, 4.070000000000000284 ) ) ;
#3331 = PRESENTATION_STYLE_ASSIGNMENT (( #2799 ) ) ;
#3332 = FACE_OUTER_BOUND ( 'NONE', #4858, .T. ) ;
#3333 = CARTESIAN_POINT ( 'NONE',  ( 6.626293302372823213, 0.3207952492899843189, 3.785921966949304718 ) ) ;
#3335 = CARTESIAN_POINT ( 'NONE',  ( 6.110000000000000320, 5.733170000000000321, 0.000000000000000000 ) ) ;
#3334 = CIRCLE ( 'NONE', #1728, 0.3050000000000001599 ) ;
#3336 = DIRECTION ( 'NONE',  ( 0.000000000000000000, 1.000000000000000000, 0.000000000000000000 ) ) ;
#3337 = LINE ( 'NONE', #751, #2334 ) ;
#3338 = DIRECTION ( 'NONE',  ( -0.000000000000000000, -0.000000000000000000, -1.000000000000000000 ) ) ;
#3339 = EDGE_LOOP ( 'NONE', ( #5109, #766, #5689, #4357 ) ) ;
#3340 = DIRECTION ( 'NONE',  ( -0.000000000000000000, -0.000000000000000000, -1.000000000000000000 ) ) ;
#3341 = CARTESIAN_POINT ( 'NONE',  ( 1.000000000000000000, 1.000000000000000000, 0.000000000000000000 ) ) ;
#3342 = ADVANCED_FACE ( 'NONE', ( #6536 ), #366, .T. ) ;
#3343 = CARTESIAN_POINT ( 'NONE',  ( 0.1430262077522667929, 0.2320025595195888690, 0.5821751287087926219 ) ) ;
#3344 = ADVANCED_FACE ( 'NONE', ( #2958 ), #6563, .F. ) ;
#3345 = CARTESIAN_POINT ( 'NONE',  ( 7.083896359228090134, 0.4456241538270701019, 0.7700611782940782746 ) ) ;
#3346 = SURFACE_STYLE_FILL_AREA ( #794 ) ;
#3347 = COLOUR_RGB ( '',0.8980392156862745390, 0.9215686274509803377, 0.9294117647058823817 ) ;
#3348 = CARTESIAN_POINT ( 'NONE',  ( 6.110000000000000320, 1.000000000000000000, 0.000000000000000000 ) ) ;
#3349 = CARTESIAN_POINT ( 'NONE',  ( 6.585813987743375897, 0.04837202599880126297, 0.6912247786965197704 ) ) ;
#3350 = CARTESIAN_POINT ( 'NONE',  ( 4.951449663791152922, -3.387925984182047490, 2.340000000000000302 ) ) ;
#3351 = PRESENTATION_LAYER_ASSIGNMENT (  '', '', ( #1083 ) ) ;
#3352 = SURFACE_STYLE_USAGE ( .BOTH. , #4601 ) ;
#3353 = CARTESIAN_POINT ( 'NONE',  ( 5.525710719153577699, -3.484313605805705816, 1.730000000000000204 ) ) ;
#3354 = AXIS2_PLACEMENT_3D ( 'NONE', #1914, #3957, #5018 ) ;
#3355 = CARTESIAN_POINT ( 'NONE',  ( 6.500075217234513758, 0.5877186401260985349, 0.1068136001602046081 ) ) ;
#3356 = CARTESIAN_POINT ( 'NONE',  ( 0.7817747709567961500, 0.6158555884781873324, 3.994009358292112566 ) ) ;
#3357 = ORIENTED_EDGE ( 'NONE', *, *, #989, .F. ) ;
#3358 = ORIENTED_EDGE ( 'NONE', *, *, #5625, .F. ) ;
#3359 =( LENGTH_UNIT ( ) NAMED_UNIT ( * ) SI_UNIT ( .MILLI., .METRE. ) );
#3360 = CARTESIAN_POINT ( 'NONE',  ( 6.170468357486468491, 0.8790632873361019506, 4.062828307326478594 ) ) ;
#3361 =( GEOMETRIC_REPRESENTATION_CONTEXT ( 3 ) GLOBAL_UNCERTAINTY_ASSIGNED_CONTEXT ( ( #5278 ) ) GLOBAL_UNIT_ASSIGNED_CONTEXT ( ( #5900, #4346, #5949 ) ) REPRESENTATION_CONTEXT ( 'NONE', 'WORKASPACE' ) );
#3362 = CARTESIAN_POINT ( 'NONE',  ( 7.045287702206585401, 0.3988365978593880201, 0.6562962908258846984 ) ) ;
#3363 = CARTESIAN_POINT ( 'NONE',  ( 3.218653387255204112, -2.193807365241618790, 2.340000000000000302 ) ) ;
#3364 = CARTESIAN_POINT ( 'NONE',  ( 0.09597360459458094406, 0.5479868141600058307, 3.503167958023447603 ) ) ;
#3365 = ORIENTED_EDGE ( 'NONE', *, *, #2196, .T. ) ;
#3366 = EDGE_LOOP ( 'NONE', ( #735, #1486, #6119, #6600 ) ) ;
#3367 = CARTESIAN_POINT ( 'NONE',  ( 4.047065785670777238, 3.692512944455525137, 4.070000000000000284 ) ) ;
#3368 = FACE_OUTER_BOUND ( 'NONE', #5389, .T. ) ;
#3369 = VECTOR ( 'NONE', #4432, 1000.000000000000000 ) ;
#3370 = CARTESIAN_POINT ( 'NONE',  ( 3.946437330525461640, 3.090525030000000228, 4.075000000000000178 ) ) ;
#3371 = CARTESIAN_POINT ( 'NONE',  ( 6.637497958298482104, 0.4427932871961082761, 3.866713569366587500 ) ) ;
#3372 = UNCERTAINTY_MEASURE_WITH_UNIT (LENGTH_MEASURE( 1.000000000000000082E-05 ), #3828, 'distance_accuracy_value', 'NONE');
#3373 = FACE_OUTER_BOUND ( 'NONE', #1042, .T. ) ;
#3374 = AXIS2_PLACEMENT_3D ( 'NONE', #4411, #5488, #6499 ) ;
#3375 = CARTESIAN_POINT ( 'NONE',  ( 2.862700937820964242, 3.205053595892337626, 4.070000000000000284 ) ) ;
#3376 = DIRECTION ( 'NONE',  ( -2.193819746736956408E-16, 1.000000000000000000, -0.000000000000000000 ) ) ;
#3377 =( NAMED_UNIT ( * ) PLANE_ANGLE_UNIT ( ) SI_UNIT ( $, .RADIAN. ) );
#3378 = ORIENTED_EDGE ( 'NONE', *, *, #6482, .T. ) ;
#3379 = FILL_AREA_STYLE_COLOUR ( '', #939 ) ;
#3380 = CARTESIAN_POINT ( 'NONE',  ( 6.997089348384407437, 0.06208942934051097512, 3.128888795304093584 ) ) ;
#3381 = CARTESIAN_POINT ( 'NONE',  ( 0.9803373799356517315, 0.9756046726503661004, -1.166526206058707893E-17 ) ) ;
#3382 = CARTESIAN_POINT ( 'NONE',  ( 0.2781007631887089104, 0.1016839283452833642, 0.6286789582150953404 ) ) ;
#3383 = CARTESIAN_POINT ( 'NONE',  ( 1.784538395281410450, -2.840088667668843492, 1.730000000000000870 ) ) ;
#3384 = EDGE_CURVE ( 'NONE', #5401, #2376, #4956, .T. ) ;
#3385 = DIRECTION ( 'NONE',  ( 1.000000000000000000, 0.000000000000000000, 0.000000000000000000 ) ) ;
#3386 = CARTESIAN_POINT ( 'NONE',  ( 4.766310632698917082, -2.651590930006802349, 2.340000000000000302 ) ) ;
#3387 = CARTESIAN_POINT ( 'NONE',  ( 5.104999999999999538, -1.976830000000000087, 2.340000000000000302 ) ) ;
#3388 = CARTESIAN_POINT ( 'NONE',  ( 6.397802213994790321, 0.4243955686388937720, 0.1818306782461638349 ) ) ;
#3389 = CARTESIAN_POINT ( 'NONE',  ( 0.5457319823724241514, 0.7093558452875701192, 3.960212512405165253 ) ) ;
#3390 = ORIENTED_EDGE ( 'NONE', *, *, #2859, .T. ) ;
#3391 = ADVANCED_FACE ( 'NONE', ( #5601 ), #6539, .F. ) ;
#3392 = CARTESIAN_POINT ( 'NONE',  ( 0.7717997717203842756, 0.7158905574547959061, 0.04438270677517838075 ) ) ;
#3393 = FILL_AREA_STYLE_COLOUR ( '', #5732 ) ;
#3394 = CARTESIAN_POINT ( 'NONE',  ( 6.110000000000000320, 1.000000000000000000, 4.070000000000000284 ) ) ;
#3395 = DIRECTION ( 'NONE',  ( 1.000000000000000000, 0.000000000000000000, 0.000000000000000000 ) ) ;
#3396 = CARTESIAN_POINT ( 'NONE',  ( 0.4663899392031723989, -3.012110412698152384, 2.340000000000000302 ) ) ;
#3397 = EDGE_CURVE ( 'NONE', #3408, #3289, #1413, .T. ) ;
#3398 = CARTESIAN_POINT ( 'NONE',  ( 0.3088290187990113678, 0.3463278926935233759, 3.731158832683541871 ) ) ;
#3399 = ORIENTED_EDGE ( 'NONE', *, *, #6024, .T. ) ;
#3400 = VERTEX_POINT ( 'NONE', #1379 ) ;
#3401 = DIRECTION ( 'NONE',  ( -1.000000000000000000, 0.000000000000000000, 0.000000000000000000 ) ) ;
#3402 = CARTESIAN_POINT ( 'NONE',  ( 6.564267949721312334, 0.7093557627563358281, 3.960212539547186772 ) ) ;
#3403 =( LENGTH_UNIT ( ) NAMED_UNIT ( * ) SI_UNIT ( .MILLI., .METRE. ) );
#3404 = VECTOR ( 'NONE', #2634, 1000.000000000000000 ) ;
#3405 = CARTESIAN_POINT ( 'NONE',  ( 6.607309642202647382, 0.005380749248657092088, 3.191711208151209789 ) ) ;
#3406 = DIRECTION ( 'NONE',  ( -0.000000000000000000, -0.000000000000000000, -1.000000000000000000 ) ) ;
#3407 = CARTESIAN_POINT ( 'NONE',  ( 2.282951528264263619, 3.435802023743171230, 4.070000000000000284 ) ) ;
#3408 = VERTEX_POINT ( 'NONE', #962 ) ;
#3409 = CYLINDRICAL_SURFACE ( 'NONE', #1593, 1.000000000000000000 ) ;
#3410 = FILL_AREA_STYLE ('',( #913 ) ) ;
#3411 = CARTESIAN_POINT ( 'NONE',  ( 6.964473901072125273, 0.04481325955113133613, 3.070000000000000728 ) ) ;
#3412 = CARTESIAN_POINT ( 'NONE',  ( 0.1877068517802046865, 0.09213326399075955075, 0.7379614432629471032 ) ) ;
#3413 = ORIENTED_EDGE ( 'NONE', *, *, #4394, .F. ) ;
#3414 = FILL_AREA_STYLE_COLOUR ( '', #1573 ) ;
#3415 = CARTESIAN_POINT ( 'NONE',  ( 5.525710719153577699, -3.484313605805705816, 2.339999999999999858 ) ) ;
#3416 = SURFACE_STYLE_FILL_AREA ( #1870 ) ;
#3417 = EDGE_CURVE ( 'NONE', #599, #2592, #930, .T. ) ;
#3418 = CARTESIAN_POINT ( 'NONE',  ( 5.147902060921493828, -2.167984846651180408, 2.339999999999999414 ) ) ;
#3419 = CARTESIAN_POINT ( 'NONE',  ( 6.629144358909971224, 0.7404278229014117363, 0.1448936177166230410 ) ) ;
#3420 = CARTESIAN_POINT ( 'NONE',  ( 0.7091422771275037729, 0.7789366561108715947, 4.024563776746985511 ) ) ;
#3421 = EDGE_LOOP ( 'NONE', ( #4999, #588, #3205, #4789 ) ) ;
#3422 = CARTESIAN_POINT ( 'NONE',  ( 0.7945331402482438410, 0.8347106692024681696, 0.02279095111966016052 ) ) ;
#3423 = CARTESIAN_POINT ( 'NONE',  ( 6.124702798249597180, 0.9705944035013969184, 4.070000000000000284 ) ) ;
#3424 = EDGE_CURVE ( 'NONE', #1844, #6050, #841, .T. ) ;
#3425 = CARTESIAN_POINT ( 'NONE',  ( 2.356537550416343052, 3.692512944455525137, 4.070000000000000284 ) ) ;
#3426 = CARTESIAN_POINT ( 'NONE',  ( 2.005000000000000338, -1.976830000000000087, 1.730000000000000426 ) ) ;
#3427 = CARTESIAN_POINT ( 'NONE',  ( 0.3064616884414404496, 0.2258229613008693737, 3.650260505752337625 ) ) ;
#3428 = VERTEX_POINT ( 'NONE', #4513 ) ;
#3429 = CARTESIAN_POINT ( 'NONE',  ( 4.433761228971684787, 3.205075560774861998, 4.075000000000000178 ) ) ;
#3430 = SURFACE_STYLE_USAGE ( .BOTH. , #969 ) ;
#3431 = CARTESIAN_POINT ( 'NONE',  ( 6.500075039830184309, 0.5877184729034110600, 3.963186386474004230 ) ) ;
#3433 = CARTESIAN_POINT ( 'NONE',  ( 0.6784842400363919612, 0.3569684789848789341, 0.2340425106239219233 ) ) ;
#3432 = SURFACE_STYLE_FILL_AREA ( #2389 ) ;
#3434 = DIRECTION ( 'NONE',  ( -0.003953937269740718727, 0.9999921831594820176, 0.000000000000000000 ) ) ;
#3435 = CARTESIAN_POINT ( 'NONE',  ( 4.610670731407198630, -2.479546513799929741, 2.339999999999999858 ) ) ;
#3436 = DIRECTION ( 'NONE',  ( 0.000000000000000000, -1.000000000000000000, 0.000000000000000000 ) ) ;
#3437 = CARTESIAN_POINT ( 'NONE',  ( 1.000000000000000000, 5.733170000000000321, 3.070000000000000728 ) ) ;
#3438 = CARTESIAN_POINT ( 'NONE',  ( 6.998272588202434363, 0.5558559526890263225, 3.529597377430954364 ) ) ;
#3439 = CARTESIAN_POINT ( 'NONE',  ( 6.877997151240216489, 0.1430260165132347105, 3.487824832118392226 ) ) ;
#3440 = CARTESIAN_POINT ( 'NONE',  ( 2.201007013095339637, -2.734408250270128793, 1.729999999999999316 ) ) ;
#3441 = CARTESIAN_POINT ( 'NONE',  ( 2.013002443880638648, -2.794514615189089390, 1.730000000000000204 ) ) ;
#3442 = DIRECTION ( 'NONE',  ( -0.000000000000000000, -0.000000000000000000, -1.000000000000000000 ) ) ;
#3443 = LINE ( 'NONE', #5523, #2828 ) ;
#3444 = AXIS2_PLACEMENT_3D ( 'NONE', #671, #747, #4729 ) ;
#3445 = STYLED_ITEM ( 'NONE', ( #4361 ), #1537 ) ;
#3446 = LINE ( 'NONE', #955, #1081 ) ;
#3447 = CARTESIAN_POINT ( 'NONE',  ( 5.129306663594790372, -2.152794706084732557, 1.730000000000000648 ) ) ;
#3448 = VECTOR ( 'NONE', #679, 1000.000000000000227 ) ;
#3449 = CARTESIAN_POINT ( 'NONE',  ( 6.335175855361717012, 0.8553135469069099717, 0.02564482273758761019 ) ) ;
#3450 = CARTESIAN_POINT ( 'NONE',  ( 0.9541507950321501674, 0.9566014034432533952, 4.068996997639466429 ) ) ;
#3451 = ORIENTED_EDGE ( 'NONE', *, *, #2939, .T. ) ;
#3452 = MECHANICAL_DESIGN_GEOMETRIC_PRESENTATION_REPRESENTATION (  '', ( #784 ), #3127 ) ;
#3453 = PRESENTATION_LAYER_ASSIGNMENT (  '', '', ( #4440 ) ) ;
#3454 = CARTESIAN_POINT ( 'NONE',  ( 0.8347107993257363301, 0.7945330091901471325, 0.02279096450124736342 ) ) ;
#3455 =( NAMED_UNIT ( * ) SI_UNIT ( $, .STERADIAN. ) SOLID_ANGLE_UNIT ( ) );
#3456 = AXIS2_PLACEMENT_3D ( 'NONE', #6022, #367, #2959 ) ;
#3457 = CARTESIAN_POINT ( 'NONE',  ( 6.134395316864629244, 0.9803373716600921606, 4.070000000000000284 ) ) ;
#3458 = DIRECTION ( 'NONE',  ( 0.2759782365590612851, 0.9611638845408990717, 0.000000000000000000 ) ) ;
#3459 =( GEOMETRIC_REPRESENTATION_CONTEXT ( 3 ) GLOBAL_UNCERTAINTY_ASSIGNED_CONTEXT ( ( #6149 ) ) GLOBAL_UNIT_ASSIGNED_CONTEXT ( ( #4580, #558, #2078 ) ) REPRESENTATION_CONTEXT ( 'NONE', 'WORKASPACE' ) );
#3460 = CARTESIAN_POINT ( 'NONE',  ( 0.000000000000000000, 0.5000000000000000000, 1.690000000000000391 ) ) ;
#3461 = CARTESIAN_POINT ( 'NONE',  ( 0.6784842400364079484, 0.3569684789848701634, 3.835957489376069951 ) ) ;
#3462 = VERTEX_POINT ( 'NONE', #5077 ) ;
#3463 = ORIENTED_EDGE ( 'NONE', *, *, #2987, .F. ) ;
#3464 = CARTESIAN_POINT ( 'NONE',  ( 3.721015387041697320, 3.090525030000000228, 4.075000000000000178 ) ) ;
#3465 = CARTESIAN_POINT ( 'NONE',  ( 6.094999999999994422, -3.426829999999992715, 2.340000000000000302 ) ) ;
#3466 = DIRECTION ( 'NONE',  ( 0.9984327301130238030, -0.05596501978069815669, 0.000000000000000000 ) ) ;
#3467 = CARTESIAN_POINT ( 'NONE',  ( 6.583204146551120850, 0.5758045304599155312, 3.934509485168406595 ) ) ;
#3468 = LINE ( 'NONE', #5447, #5710 ) ;
#3469 = FACE_OUTER_BOUND ( 'NONE', #3329, .T. ) ;
#3470 = CARTESIAN_POINT ( 'NONE',  ( 0.8448339833256002240, 0.9226550629741304688, 0.01014790085347518946 ) ) ;
#3471 = DIRECTION ( 'NONE',  ( -0.000000000000000000, 0.000000000000000000, -1.000000000000000000 ) ) ;
#3472 = CARTESIAN_POINT ( 'NONE',  ( 6.659592845764183089, 0.03451329047440220704, 3.332947982604489656 ) ) ;
#3473 = EDGE_CURVE ( 'NONE', #661, #4823, #6089, .T. ) ;
#3475 = CARTESIAN_POINT ( 'NONE',  ( 0.2258229613002661618, 0.3064616884407839748, 0.4197394942486096237 ) ) ;
#3474 = CARTESIAN_POINT ( 'NONE',  ( 1.190654425277224426, -3.016415516703255140, 1.730000000000000204 ) ) ;
#3476 = VECTOR ( 'NONE', #5481, 1000.000000000000114 ) ;
#3477 = EDGE_LOOP ( 'NONE', ( #6221, #4941, #5743, #6408 ) ) ;
#3478 = CARTESIAN_POINT ( 'NONE',  ( 2.538791175249414334, 3.692512944455525137, 4.075000000000000178 ) ) ;
#3479 = PRESENTATION_LAYER_ASSIGNMENT (  '', '', ( #4673 ) ) ;
#3480 = DIRECTION ( 'NONE',  ( -1.000000000000000000, 0.000000000000000000, 0.000000000000000000 ) ) ;
#3481 = DIRECTION ( 'NONE',  ( 0.000000000000000000, -1.000000000000000000, 0.000000000000000000 ) ) ;
#3482 = DIRECTION ( 'NONE',  ( -0.000000000000000000, -0.000000000000000000, -1.000000000000000000 ) ) ;
#3483 = CARTESIAN_POINT ( 'NONE',  ( 6.089661074966337573, -3.314044712266286385, 2.340000000000000746 ) ) ;
#3484 = CARTESIAN_POINT ( 'NONE',  ( 6.309387150333188643, 0.6889665397100741551, 0.04951398221908059200 ) ) ;
#3485 = CARTESIAN_POINT ( 'NONE',  ( 0.9455244009714784958, 0.9651595055561064118, 4.068799633384045933 ) ) ;
#3486 = ORIENTED_EDGE ( 'NONE', *, *, #2350, .F. ) ;
#3487 = CARTESIAN_POINT ( 'NONE',  ( 0.7125867048858047781, 0.6791652022809256950, 0.06192566546127849236 ) ) ;
#3488 = LINE ( 'NONE', #5467, #4538 ) ;
#3489 =( BOUNDED_SURFACE ( )  B_SPLINE_SURFACE ( 2, 3, ( 
 ( #5893, #5785, #1729, #2254 ),
 ( #3767, #3731, #5372, #103 ),
 ( #2129, #5337, #2186, #5820 ) ),
 .UNSPECIFIED., .F., .F., .F. ) 
 B_SPLINE_SURFACE_WITH_KNOTS ( ( 3, 3 ),
 ( 4, 4 ),
 ( 0.000000000000000000, 1.000000000000000000 ),
 ( -0.0002035000000000000404, 0.004273500000000000389 ),
 .UNSPECIFIED. ) 
 GEOMETRIC_REPRESENTATION_ITEM ( )  RATIONAL_B_SPLINE_SURFACE ( (
 ( 1.000000000000000000, 1.000000000000000000, 1.000000000000000000, 1.000000000000000000),
 ( 1.857142857142858317, 1.857142857142858317, 1.857142857142858317, 1.857142857142858317),
 ( 1.000000000000000000, 1.000000000000000000, 1.000000000000000000, 1.000000000000000000) ) ) 
 REPRESENTATION_ITEM ( '' )  SURFACE ( )  );
#3490 = CARTESIAN_POINT ( 'NONE',  ( 6.968542109355412961, 0.5707462164872227905, 0.4829428907729462206 ) ) ;
#3491 = CARTESIAN_POINT ( 'NONE',  ( 6.891713573503335688, 0.4987610189175009645, 0.3794340581893434483 ) ) ;
#3492 = CARTESIAN_POINT ( 'NONE',  ( 0.3456999304821226082, 0.5788746771147046388, 3.824098228914388997 ) ) ;
#3493 = ORIENTED_EDGE ( 'NONE', *, *, #335, .T. ) ;
#3494 = VERTEX_POINT ( 'NONE', #4646 ) ;
#3495 = CARTESIAN_POINT ( 'NONE',  ( 2.905331116815264014, 3.354671063943200249, 4.075000000000000178 ) ) ;
#3496 = CARTESIAN_POINT ( 'NONE',  ( 6.605237896975795664, 0.6018215803792098528, 3.929448759591056994 ) ) ;
#3498 = CARTESIAN_POINT ( 'NONE',  ( 0.4298770752679408891, 0.5651405857979595604, 0.1874643267447702877 ) ) ;
#3497 = CARTESIAN_POINT ( 'NONE',  ( 2.831750585887909288, 3.692512944455525137, 4.070000000000000284 ) ) ;
#3499 = EDGE_CURVE ( 'NONE', #4344, #4960, #1029, .T. ) ;
#3500 = SURFACE_STYLE_USAGE ( .BOTH. , #27 ) ;
#3501 = ORIENTED_EDGE ( 'NONE', *, *, #1347, .T. ) ;
#3502 = CARTESIAN_POINT ( 'NONE',  ( 0.6446722446608044166, 0.8223410737151652938, 0.06525434586791385716 ) ) ;
#3503 = DIRECTION ( 'NONE',  ( -0.000000000000000000, -1.000000000000000000, -0.000000000000000000 ) ) ;
#3504 = AXIS2_PLACEMENT_3D ( 'NONE', #3981, #6112, #4088 ) ;
#3505 = CARTESIAN_POINT ( 'NONE',  ( 3.783037980676932754, 3.692512944455525137, 4.075000000000000178 ) ) ;
#3506 = CARTESIAN_POINT ( 'NONE',  ( 6.922293148218369829, 0.09213326399196158922, 3.332038556737400459 ) ) ;
#3508 = CARTESIAN_POINT ( 'NONE',  ( 0.4987610189173557473, 0.2182864264966178358, 0.3794340581897033271 ) ) ;
#3507 = CARTESIAN_POINT ( 'NONE',  ( 2.610150854328058490, -2.126473639938911475, 1.730000000000000426 ) ) ;
#3509 = CYLINDRICAL_SURFACE ( 'NONE', #6432, 1.000000000000000000 ) ;
#3510 = ORIENTED_EDGE ( 'NONE', *, *, #6451, .T. ) ;
#3511 = CARTESIAN_POINT ( 'NONE',  ( 4.533291439918471610, 3.577131408902221921, 4.075000000000000178 ) ) ;
#3512 = LINE ( 'NONE', #1971, #4039 ) ;
#3513 = DIRECTION ( 'NONE',  ( 0.2732148821746290257, 0.9619530280415481416, 0.000000000000000000 ) ) ;
#3514 = CARTESIAN_POINT ( 'NONE',  ( 5.096997556119359452, -2.794514615189092055, 1.730000000000000426 ) ) ;
#3515 = ADVANCED_FACE ( 'NONE', ( #6154 ), #3147, .F. ) ;
#3516 = FILL_AREA_STYLE_COLOUR ( '', #3936 ) ;
#3517 = AXIS2_PLACEMENT_3D ( 'NONE', #4942, #5863, #1180 ) ;
#3518 = VECTOR ( 'NONE', #2297, 1000.000000000000000 ) ;
#3519 = CARTESIAN_POINT ( 'NONE',  ( 6.345129628185170567, 0.8659338707522539202, 0.02780525631904682757 ) ) ;
#3520 = CARTESIAN_POINT ( 'NONE',  ( 0.8559736421845817178, 0.8209054504477502068, 4.052705462735249675 ) ) ;
#3521 = ORIENTED_EDGE ( 'NONE', *, *, #14, .F. ) ;
#3522 = CARTESIAN_POINT ( 'NONE',  ( 0.8001518560905823696, 0.6003037094114603844, 0.08272247668801389897 ) ) ;
#3523 = COLOUR_RGB ( '',0.5647058823529411686, 0.3019607843137254721, 0.1294117647058823373 ) ;
#3524 = CARTESIAN_POINT ( 'NONE',  ( 6.110000000000000320, 1.000000000000000000, 4.070000000000000284 ) ) ;
#3525 = CARTESIAN_POINT ( 'NONE',  ( 2.862700937820964242, 3.205053595892337626, 4.075000000000000178 ) ) ;
#3526 = CARTESIAN_POINT ( 'NONE',  ( 0.4050047682727125897, -3.424418098265453736, 1.730000000000000204 ) ) ;
#3527 = CARTESIAN_POINT ( 'NONE',  ( 6.531125333473752015, 0.3456999365892813869, 0.2459017655128525326 ) ) ;
#3528 = CARTESIAN_POINT ( 'NONE',  ( 0.4292257647409940535, 0.4880844845198681892, 3.864628687631893822 ) ) ;
#3529 = EDGE_LOOP ( 'NONE', ( #2760, #2072, #4433, #1649 ) ) ;
#3530 = UNCERTAINTY_MEASURE_WITH_UNIT (LENGTH_MEASURE( 1.000000000000000082E-05 ), #1565, 'distance_accuracy_value', 'NONE');
#3531 = ORIENTED_EDGE ( 'NONE', *, *, #1630, .F. ) ;
#3532 = DIRECTION ( 'NONE',  ( -0.000000000000000000, -0.000000000000000000, -1.000000000000000000 ) ) ;
#3533 = FACE_OUTER_BOUND ( 'NONE', #3224, .T. ) ;
#3534 = CARTESIAN_POINT ( 'NONE',  ( 6.546946915374739717, 0.5383454007273277275, 3.935984596275565295 ) ) ;
#3536 = CARTESIAN_POINT ( 'NONE',  ( 0.3921563526503569763, 0.5366926272981855650, 0.2173984830564651416 ) ) ;
#3535 = FILL_AREA_STYLE_COLOUR ( '', #3325 ) ;
#3537 = DIRECTION ( 'NONE',  ( -0.7145695586383143949, -0.6995643972269062205, 0.000000000000000000 ) ) ;
#3538 = CARTESIAN_POINT ( 'NONE',  ( 0.5026903577973421688, 0.005380749248662039519, 3.191711208151236878 ) ) ;
#3539 = ORIENTED_EDGE ( 'NONE', *, *, #1821, .F. ) ;
#3540 = CARTESIAN_POINT ( 'NONE',  ( 0.3343768918254528266, 0.6672002351260690745, 0.2536762634055649279 ) ) ;
#3541 = SURFACE_STYLE_FILL_AREA ( #1996 ) ;
#3542 = CARTESIAN_POINT ( 'NONE',  ( 6.889048947998011485, 0.1301061833520588129, 3.450908163349694302 ) ) ;
#3543 = CARTESIAN_POINT ( 'NONE',  ( 0.000000000000000000, 5.733170000000000321, 4.070000000000000284 ) ) ;
#3544 = UNCERTAINTY_MEASURE_WITH_UNIT (LENGTH_MEASURE( 1.000000000000000082E-05 ), #4986, 'distance_accuracy_value', 'NONE');
#3545 = VECTOR ( 'NONE', #2151, 1000.000000000000000 ) ;
#3546 = ORIENTED_EDGE ( 'NONE', *, *, #1007, .T. ) ;
#3547 = CARTESIAN_POINT ( 'NONE',  ( 1.190654425277224426, -3.016415516703255140, 1.730000000000000204 ) ) ;
#3548 = CARTESIAN_POINT ( 'NONE',  ( 4.224845895799768769, 3.465937844562223091, 4.075000000000000178 ) ) ;
#3549 = EDGE_CURVE ( 'NONE', #338, #2693, #997, .T. ) ;
#3550 = ADVANCED_FACE ( 'NONE', ( #4161 ), #3645, .F. ) ;
#3551 = CARTESIAN_POINT ( 'NONE',  ( 4.908992986904658018, -2.734408250270128793, 1.729999999999999760 ) ) ;
#3552 = DIRECTION ( 'NONE',  ( -0.9617234872620598063, 0.2740217765954062745, 0.000000000000000000 ) ) ;
#3553 = PLANE ( 'NONE',  #1899 ) ;
#3554 = PRESENTATION_LAYER_ASSIGNMENT (  '', '', ( #215 ) ) ;
#3555 = CARTESIAN_POINT ( 'NONE',  ( 6.494144458426581501, 0.7817748277817799796, 0.07599066211209277999 ) ) ;
#3556 = CARTESIAN_POINT ( 'NONE',  ( 0.9117930217410185056, 0.9067792887579692040, 4.064899661893441873 ) ) ;
#3557 = ORIENTED_EDGE ( 'NONE', *, *, #6147, .F. ) ;
#3558 = CARTESIAN_POINT ( 'NONE',  ( 0.9292606200485357126, 0.8893570762880780300, 0.006054256349317549760 ) ) ;
#3559 = CARTESIAN_POINT ( 'NONE',  ( 7.110000000000000320, 5.733170000000000321, 1.000000000000000000 ) ) ;
#3560 = ADVANCED_FACE ( 'NONE', ( #5214 ), #3570, .F. ) ;
#3561 = CARTESIAN_POINT ( 'NONE',  ( 6.662226069870455625, 0.3839148583122472536, 0.2483632138254787403 ) ) ;
#3562 = CARTESIAN_POINT ( 'NONE',  ( 0.3180500710238645667, 0.6590250355897473433, 3.801596239440626857 ) ) ;
#3563 = EDGE_LOOP ( 'NONE', ( #2385, #3531, #261, #1993 ) ) ;
#3564 = ORIENTED_EDGE ( 'NONE', *, *, #180, .T. ) ;
#3565 = PRODUCT_CONTEXT ( 'NONE', #3269, 'mechanical' ) ;
#3566 = CARTESIAN_POINT ( 'NONE',  ( 4.748126309322987737, 3.090525030000000228, 4.075000000000000178 ) ) ;
#3567 = CARTESIAN_POINT ( 'NONE',  ( 6.330165797635572744, 0.7544201015024666335, 4.034851115697961177 ) ) ;
#3568 = CARTESIAN_POINT ( 'NONE',  ( 0.4660101419319007676, 0.4944165328774184354, 0.1837179955968123446 ) ) ;
#3569 = AXIS2_PLACEMENT_3D ( 'NONE', #737, #6366, #2114 ) ;
#3570 =( BOUNDED_SURFACE ( )  B_SPLINE_SURFACE ( 3, 3, ( 
 ( #596, #2644, #1123, #2140, #2548, #4200, #6289, #1644, #2045, #1677, #3813, #3286, #3848, #5875, #4375, #2786, #1197, #4743, #3716, #5316 ),
 ( #5354, #2746, #731, #5944, #4263, #1811, #2820, #5836, #1709, #4880, #6394, #2236, #2202, #1269, #3353, #4845, #2271, #3245, #3211, #1232 ),
 ( #220, #688, #4337, #5908, #3746, #4810, #185, #4300, #6433, #1303, #627, #1779, #2678, #1747, #3781, #2711, #115, #657, #257, #6359 ),
 ( #3317, #5386, #1159, #762, #2166, #2307, #6468, #4231, #6325, #5801, #5280, #4778, #149, #1904, #2372, #3917, #6557, #3483, #4021, #4441 ),
 ( #3387, #3985, #1977, #3949, #6047, #325, #5489, #6587, #3418, #6016, #2476, #1371, #6532, #1404, #2857, #6116, #4916, #1873, #2984, #1841 ),
 ( #3884, #2953, #858, #2921, #3447, #6622, #6082, #4981, #1475, #4412, #5557, #387, #1443, #419, #5428, #5011, #801, #360, #2407, #832 ),
 ( #5458, #5041, #4471, #5526, #891, #2439, #5984, #4507, #292, #1938, #924, #4537, #2337, #6500, #1344, #2894, #4950, #5, #480, #2039 ) ),
 .UNSPECIFIED., .T., .F., .F. ) 
 B_SPLINE_SURFACE_WITH_KNOTS ( ( 4, 3, 4 ),
 ( 4, 1, 1, 1, 1, 1, 1, 1, 1, 1, 1, 1, 1, 1, 1, 1, 1, 4 ),
 ( 0.000000000000000000, 0.5000000000000000000, 1.000000000000000000 ),
 ( 0.000000000000000000, 0.06218578512488857207, 0.1166294419295892670, 0.1648481812090131782, 0.2084255885910400452, 0.2493461803357356066, 0.2884584599461608723, 0.3649277418574288223, 0.4434213933723352707, 0.5239092198959717228, 0.6426297435126112623, 0.7501596148163258704, 0.7859142909927852028, 0.8259429660877530832, 0.8688256463525747542, 0.9122600832691474260, 0.9544039555856038692, 1.000000000000000000 ),
 .UNSPECIFIED. ) 
 GEOMETRIC_REPRESENTATION_ITEM ( )  RATIONAL_B_SPLINE_SURFACE ( (
 ( 1.000000000000000000, 1.000000000000000000, 0.9999999999999996669, 1.000000000000000444, 0.9999999999999996669, 1.000000000000000000, 1.000000000000000222, 0.9999999999999997780, 1.000000000000000222, 0.9999999999999997780, 1.000000000000000222, 1.000000000000000000, 0.9999999999999997780, 1.000000000000000000, 0.9999999999999997780, 1.000000000000000222, 1.000000000000000222, 0.9999999999999997780, 1.000000000000000000, 1.000000000000000000),
 ( 0.3333333333333333703, 0.3333333333333333703, 0.3333333333333333148, 0.3333333333333334814, 0.3333333333333332593, 0.3333333333333333703, 0.3333333333333334259, 0.3333333333333333148, 0.3333333333333334259, 0.3333333333333334259, 0.3333333333333334259, 0.3333333333333334259, 0.3333333333333333703, 0.3333333333333333703, 0.3333333333333334259, 0.3333333333333333703, 0.3333333333333334259, 0.3333333333333333703, 0.3333333333333333703, 0.3333333333333333703),
 ( 0.3333333333333333703, 0.3333333333333333703, 0.3333333333333333148, 0.3333333333333334814, 0.3333333333333332593, 0.3333333333333333703, 0.3333333333333334259, 0.3333333333333333148, 0.3333333333333334259, 0.3333333333333334259, 0.3333333333333334259, 0.3333333333333334259, 0.3333333333333333703, 0.3333333333333333703, 0.3333333333333334259, 0.3333333333333333703, 0.3333333333333334259, 0.3333333333333333703, 0.3333333333333333703, 0.3333333333333333703),
 ( 1.000000000000000000, 1.000000000000000000, 0.9999999999999996669, 1.000000000000000444, 0.9999999999999996669, 1.000000000000000000, 1.000000000000000222, 0.9999999999999997780, 1.000000000000000222, 0.9999999999999997780, 1.000000000000000222, 1.000000000000000000, 0.9999999999999997780, 1.000000000000000000, 0.9999999999999997780, 1.000000000000000222, 1.000000000000000222, 0.9999999999999997780, 1.000000000000000000, 1.000000000000000000),
 ( 0.3333333333333333703, 0.3333333333333333703, 0.3333333333333333148, 0.3333333333333334814, 0.3333333333333332593, 0.3333333333333333703, 0.3333333333333334259, 0.3333333333333333148, 0.3333333333333334259, 0.3333333333333334259, 0.3333333333333334259, 0.3333333333333334259, 0.3333333333333333703, 0.3333333333333333703, 0.3333333333333334259, 0.3333333333333333703, 0.3333333333333334259, 0.3333333333333333703, 0.3333333333333333703, 0.3333333333333333703),
 ( 0.3333333333333333703, 0.3333333333333333703, 0.3333333333333333148, 0.3333333333333334814, 0.3333333333333332593, 0.3333333333333333703, 0.3333333333333334259, 0.3333333333333333148, 0.3333333333333334259, 0.3333333333333334259, 0.3333333333333334259, 0.3333333333333334259, 0.3333333333333333703, 0.3333333333333333703, 0.3333333333333334259, 0.3333333333333333703, 0.3333333333333334259, 0.3333333333333333703, 0.3333333333333333703, 0.3333333333333333703),
 ( 1.000000000000000000, 1.000000000000000000, 0.9999999999999996669, 1.000000000000000444, 0.9999999999999996669, 1.000000000000000000, 1.000000000000000222, 0.9999999999999997780, 1.000000000000000222, 0.9999999999999997780, 1.000000000000000222, 1.000000000000000000, 0.9999999999999997780, 1.000000000000000000, 0.9999999999999997780, 1.000000000000000222, 1.000000000000000222, 0.9999999999999997780, 1.000000000000000000, 1.000000000000000000) ) ) 
 REPRESENTATION_ITEM ( '' )  SURFACE ( )  );
#3571 =( NAMED_UNIT ( * ) PLANE_ANGLE_UNIT ( ) SI_UNIT ( $, .RADIAN. ) );
#3572 = CARTESIAN_POINT ( 'NONE',  ( 6.607309642202647382, 0.005380749248657092088, 3.191711208151209789 ) ) ;
#3573 =( NAMED_UNIT ( * ) PLANE_ANGLE_UNIT ( ) SI_UNIT ( $, .RADIAN. ) );
#3574 = CARTESIAN_POINT ( 'NONE',  ( 3.591374980971351327, 3.090525030000000228, 4.075000000000000178 ) ) ;
#3575 = ORIENTED_EDGE ( 'NONE', *, *, #4160, .F. ) ;
#3576 = SURFACE_STYLE_USAGE ( .BOTH. , #5006 ) ;
#3577 = LINE ( 'NONE', #952, #3817 ) ;
#3578 = CARTESIAN_POINT ( 'NONE',  ( 4.560052212777996772, -2.379693537067144149, 1.730000000000000648 ) ) ;
#3579 = COLOUR_RGB ( '',0.5647058823529411686, 0.3019607843137254721, 0.1294117647058823373 ) ;
#3580 = EDGE_CURVE ( 'NONE', #40, #3080, #6281, .T. ) ;
#3581 = UNCERTAINTY_MEASURE_WITH_UNIT (LENGTH_MEASURE( 1.000000000000000082E-05 ), #2458, 'distance_accuracy_value', 'NONE');
#3582 = CARTESIAN_POINT ( 'NONE',  ( 6.236122365937827539, 0.8036113426976846386, 0.01948904406920244289 ) ) ;
#3583 = CARTESIAN_POINT ( 'NONE',  ( 0.8733007360577166311, 0.8982811549047519106, 4.061417806626300475 ) ) ;
#3584 = VERTEX_POINT ( 'NONE', #3103 ) ;
#3585 = CARTESIAN_POINT ( 'NONE',  ( 0.8968436534867234577, 0.9217549104060025478, 0.005502345064600239720 ) ) ;
#3586 = CARTESIAN_POINT ( 'NONE',  ( 6.568650552897555173, 0.2853000156991306047, 0.3035910402129314845 ) ) ;
#3587 = CARTESIAN_POINT ( 'NONE',  ( 0.4172038983333170026, 0.5555294845139209237, 3.872942177754681747 ) ) ;
#3588 = ORIENTED_EDGE ( 'NONE', *, *, #6011, .F. ) ;
#3589 = CARTESIAN_POINT ( 'NONE',  ( 2.176045334106930509E-11, 0.4288765154925610612, 0.9368725934883574968 ) ) ;
#3590 =( LENGTH_UNIT ( ) NAMED_UNIT ( * ) SI_UNIT ( .MILLI., .METRE. ) );
#3591 = CARTESIAN_POINT ( 'NONE',  ( 6.422616363739941825, 0.7041647151209270428, 4.008563223743173864 ) ) ;
#3592 = CARTESIAN_POINT ( 'NONE',  ( 1.000000000000000000, 5.733170000000000321, 1.000000000000000000 ) ) ;
#3593 = EDGE_CURVE ( 'NONE', #2993, #2956, #1566, .T. ) ;
#3594 = CARTESIAN_POINT ( 'NONE',  ( 0.2880975378297653822, 0.6440507032205812221, 3.772332072679136061 ) ) ;
#3595 = CARTESIAN_POINT ( 'NONE',  ( 0.04481326011882470761, 0.1455260896541946403, 3.128888795304079373 ) ) ;
#3596 = ORIENTED_EDGE ( 'NONE', *, *, #5546, .T. ) ;
#3597 = LINE ( 'NONE', #1043, #5583 ) ;
#3598 = PRESENTATION_STYLE_ASSIGNMENT (( #2498 ) ) ;
#3599 = CARTESIAN_POINT ( 'NONE',  ( 6.642983052806034294, 0.06585031743404150262, 3.428958352160005774 ) ) ;
#3600 = UNCERTAINTY_MEASURE_WITH_UNIT (LENGTH_MEASURE( 1.000000000000000082E-05 ), #3590, 'distance_accuracy_value', 'NONE');
#3601 = CARTESIAN_POINT ( 'NONE',  ( 2.615000000000000657, 0.000000000000000000, 2.035000000000000142 ) ) ;
#3602 = ORIENTED_EDGE ( 'NONE', *, *, #6046, .T. ) ;
#3603 = CARTESIAN_POINT ( 'NONE',  ( 2.905331116815264014, 3.354671063943200249, 4.075000000000000178 ) ) ;
#3604 =( NAMED_UNIT ( * ) PLANE_ANGLE_UNIT ( ) SI_UNIT ( $, .RADIAN. ) );
#3605 = DIRECTION ( 'NONE',  ( -0.2760118818968590459, -0.9611542233438681304, 0.000000000000000000 ) ) ;
#3606 = AXIS2_PLACEMENT_3D ( 'NONE', #5698, #1547, #17 ) ;
#3607 = DIRECTION ( 'NONE',  ( -0.000000000000000000, -0.000000000000000000, -1.000000000000000000 ) ) ;
#3608 = ORIENTED_EDGE ( 'NONE', *, *, #2987, .T. ) ;
#3609 = CARTESIAN_POINT ( 'NONE',  ( 6.262034655441722109, 0.9239826706297697978, 0.01149905558602628240 ) ) ;
#3610 = CARTESIAN_POINT ( 'NONE',  ( 1.000000000000000000, 1.000000000000000000, 4.070000000000000284 ) ) ;
#3611 = EDGE_LOOP ( 'NONE', ( #5014, #2317, #5779, #934 ) ) ;
#3612 = LINE ( 'NONE', #2074, #5415 ) ;
#3613 = CARTESIAN_POINT ( 'NONE',  ( 2.610150854328058490, -2.126473639938911475, 2.340000000000000746 ) ) ;
#3614 = SURFACE_STYLE_FILL_AREA ( #6664 ) ;
#3615 = AXIS2_PLACEMENT_3D ( 'NONE', #6205, #105, #4219 ) ;
#3616 = CARTESIAN_POINT ( 'NONE',  ( 6.486819769659163626, 0.2463604577287825947, 0.3417827215314951372 ) ) ;
#3617 = CARTESIAN_POINT ( 'NONE',  ( 0.6670000910925050208, 0.4169249616547340831, 3.883306648457191645 ) ) ;
#3618 = ORIENTED_EDGE ( 'NONE', *, *, #300, .F. ) ;
#3619 = CARTESIAN_POINT ( 'NONE',  ( 0.06208981117539291023, 0.1129101002874615817, 1.000000000000000888 ) ) ;
#3620 = CARTESIAN_POINT ( 'NONE',  ( 6.089661074966337573, -3.314044712266286385, 1.730000000000000870 ) ) ;
#3621 = COLOUR_RGB ( '',1.000000000000000000, 0.8431372549019607865, 0.1333333333333333315 ) ;
#3622 = EDGE_CURVE ( 'NONE', #3859, #4960, #6209, .T. ) ;
#3623 = CARTESIAN_POINT ( 'NONE',  ( 3.873989821527943800, 3.090525030000000228, 4.070000000000000284 ) ) ;
#3624 = CARTESIAN_POINT ( 'NONE',  ( 6.454990881163775285, 0.7381136820090712369, 4.004788487444178813 ) ) ;
#3625 = DIRECTION ( 'NONE',  ( 0.000000000000000000, 0.000000000000000000, -1.000000000000000000 ) ) ;
#3626 = SURFACE_SIDE_STYLE ('',( #1992 ) ) ;
#3627 = CARTESIAN_POINT ( 'NONE',  ( 4.716302853248409477, 3.576280269647910348, 4.075000000000000178 ) ) ;
#3628 = EDGE_CURVE ( 'NONE', #2607, #2340, #548, .T. ) ;
#3629 = CARTESIAN_POINT ( 'NONE',  ( 6.094999999999992646, -10.42682999999999360, 2.035000000000000142 ) ) ;
#3630 = CARTESIAN_POINT ( 'NONE',  ( 6.925405632556769220, 0.2692177514362469881, 3.590716999321897696 ) ) ;
#3631 = CARTESIAN_POINT ( 'NONE',  ( 6.652450608255803033, 0.1563872591091375608, 0.4620137166361487080 ) ) ;
#3632 = FILL_AREA_STYLE_COLOUR ( '', #6476 ) ;
#3633 = DIRECTION ( 'NONE',  ( 1.000000000000000000, 0.000000000000000000, 0.000000000000000000 ) ) ;
#3634 = FACE_OUTER_BOUND ( 'NONE', #3563, .T. ) ;
#3635 = CARTESIAN_POINT ( 'NONE',  ( 0.5457320502785437677, 0.7093557627560792556, 0.1097874604532035059 ) ) ;
#3636 = AXIS2_PLACEMENT_3D ( 'NONE', #2496, #6675, #3537 ) ;
#3637 = CARTESIAN_POINT ( 'NONE',  ( 3.873989821527943800, 3.090525030000000228, 4.075000000000000178 ) ) ;
#3638 = ORIENTED_EDGE ( 'NONE', *, *, #1254, .T. ) ;
#3639 = CARTESIAN_POINT ( 'NONE',  ( 2.615000000000001101, -1.976830000000000087, 1.730000000000000204 ) ) ;
#3640 = CARTESIAN_POINT ( 'NONE',  ( 6.236699263942274918, 0.8982811549046058053, 0.008582193373657601501 ) ) ;
#3641 = CARTESIAN_POINT ( 'NONE',  ( 1.000000000000000000, 1.000000000000000000, 4.070000000000000284 ) ) ;
#3642 = ORIENTED_EDGE ( 'NONE', *, *, #2808, .F. ) ;
#3643 = CARTESIAN_POINT ( 'NONE',  ( 1.014999999999998126, -10.42682999999999716, 2.339999999999999858 ) ) ;
#3644 = CARTESIAN_POINT ( 'NONE',  ( 2.549947787222001772, -2.379693537067143261, 2.339999999999999858 ) ) ;
#3645 = PLANE ( 'NONE',  #2541 ) ;
#3646 = CARTESIAN_POINT ( 'NONE',  ( 6.751507114929100162, 0.5868380450908472490, 0.2347161099887361269 ) ) ;
#3647 = CARTESIAN_POINT ( 'NONE',  ( 0.5830496422248907518, 0.6656345147111872862, 3.971269998046216276 ) ) ;
#3648 = ORIENTED_EDGE ( 'NONE', *, *, #5636, .F. ) ;
#3649 = CARTESIAN_POINT ( 'NONE',  ( 4.560052212777996772, -2.379693537067144149, 1.730000000000000648 ) ) ;
#3650 = STYLED_ITEM ( 'NONE', ( #2967 ), #1713 ) ;
#3651 = CARTESIAN_POINT ( 'NONE',  ( 1.046112895389681885, -3.211654731536665253, 2.339999999999999414 ) ) ;
#3652 = CARTESIAN_POINT ( 'NONE',  ( 6.447021867632813041, 0.7295609928503070662, 4.006186980939166808 ) ) ;
#3653 = DIRECTION ( 'NONE',  ( -0.000000000000000000, -0.000000000000000000, -1.000000000000000000 ) ) ;
#3654 = CARTESIAN_POINT ( 'NONE',  ( 0.5558561874384232437, 0.7779628542583878481, 3.966112443435559243 ) ) ;
#3655 = AXIS2_PLACEMENT_3D ( 'NONE', #3670, #1052, #1699 ) ;
#3656 = CARTESIAN_POINT ( 'NONE',  ( 0.2586596061386400858, 0.07676839084736240826, 3.365601306388191549 ) ) ;
#3657 =( LENGTH_UNIT ( ) NAMED_UNIT ( * ) SI_UNIT ( .MILLI., .METRE. ) );
#3658 = AXIS2_PLACEMENT_3D ( 'NONE', #6028, #5958, #871 ) ;
#3659 = CARTESIAN_POINT ( 'NONE',  ( 2.012129999999999974, 3.090525030000000228, 4.075000000000000178 ) ) ;
#3660 = PRESENTATION_LAYER_ASSIGNMENT (  '', '', ( #231 ) ) ;
#3661 = CARTESIAN_POINT ( 'NONE',  ( 6.565249534134737885, 0.1997121767927031444, 3.671452396297345100 ) ) ;
#3662 = DIRECTION ( 'NONE',  ( 1.000000000000000000, 0.000000000000000000, 0.000000000000000000 ) ) ;
#3663 = CARTESIAN_POINT ( 'NONE',  ( 0.8444384322004737653, 0.6887026702407652579, 4.020401690199064682 ) ) ;
#3664 = COLOUR_RGB ( '',0.5647058823529411686, 0.3019607843137254721, 0.1294117647058823373 ) ;
#3665 = FILL_AREA_STYLE ('',( #1768 ) ) ;
#3666 = SURFACE_STYLE_FILL_AREA ( #1142 ) ;
#3667 = CARTESIAN_POINT ( 'NONE',  ( 2.658522697480781627, 3.090525030000000228, 4.075000000000000178 ) ) ;
#3668 = EDGE_CURVE ( 'NONE', #5368, #3075, #5688, .T. ) ;
#3669 = PLANE ( 'NONE',  #1795 ) ;
#3670 = CARTESIAN_POINT ( 'NONE',  ( 1.000000000000000000, 5.733170000000000321, 1.000000000000000000 ) ) ;
#3671 = CARTESIAN_POINT ( 'NONE',  ( 0.5947315186477265536, 0.4682453349017874911, 0.1602709301364131089 ) ) ;
#3672 = COLOUR_RGB ( '',0.5647058823529411686, 0.3019607843137254721, 0.1294117647058823373 ) ;
#3673 = CARTESIAN_POINT ( 'NONE',  ( 7.088242074010266514, 0.2135992079872934546, 0.9411112046959125843 ) ) ;
#3674 = EDGE_CURVE ( 'NONE', #1815, #5613, #4091, .T. ) ;
#3675 = CARTESIAN_POINT ( 'NONE',  ( 2.614868535347959710, -2.028836699693395751, 1.730000000000000204 ) ) ;
#3676 = CARTESIAN_POINT ( 'NONE',  ( 6.221100073967445354, 0.8826130492320485299, 0.008176465221379903073 ) ) ;
#3677 = CARTESIAN_POINT ( 'NONE',  ( 0.9767945442781217347, 0.9791522016811601281, 4.070000000000000284 ) ) ;
#3678 = DIRECTION ( 'NONE',  ( -0.000000000000000000, -0.000000000000000000, 1.000000000000000000 ) ) ;
#3679 = CARTESIAN_POINT ( 'NONE',  ( 2.898067905897503849, -2.966805191560653032, 1.730000000000000426 ) ) ;
#3680 = SURFACE_SIDE_STYLE ('',( #1576 ) ) ;
#3681 = DIRECTION ( 'NONE',  ( 0.000000000000000000, 1.000000000000000000, 0.000000000000000000 ) ) ;
#3682 = CARTESIAN_POINT ( 'NONE',  ( 6.450974964410263190, 0.3180500710238749473, 0.2684037605593649345 ) ) ;
#3683 = CARTESIAN_POINT ( 'NONE',  ( 0.4994229958473276887, 0.7153013288224099320, 3.936341631318464707 ) ) ;
#3684 = CARTESIAN_POINT ( 'NONE',  ( 0.02700076718344739807, 0.2591975897702352705, 0.8645399961666477839 ) ) ;
#3685 = CARTESIAN_POINT ( 'NONE',  ( 6.609999999999999432, 0.000000000000000000, 3.070000000000000728 ) ) ;
#3686 = MECHANICAL_DESIGN_GEOMETRIC_PRESENTATION_REPRESENTATION (  '', ( #4570 ), #5762 ) ;
#3687 = CARTESIAN_POINT ( 'NONE',  ( 2.201007013095339637, -2.734408250270128793, 2.339999999999999858 ) ) ;
#3688 = CARTESIAN_POINT ( 'NONE',  ( 6.371886155532488161, 0.6550089689226752387, 4.004788460691940166 ) ) ;
#3689 = PRESENTATION_STYLE_ASSIGNMENT (( #4784 ) ) ;
#3690 = CARTESIAN_POINT ( 'NONE',  ( 1.627298551911824820, -3.411268291489120141, 1.729999999999999760 ) ) ;
#3691 = CARTESIAN_POINT ( 'NONE',  ( 0.04283618662023209317, 0.3851856362608906958, 3.344082286248892366 ) ) ;
#3692 = EDGE_LOOP ( 'NONE', ( #2570, #6133, #3413 ) ) ;
#3693 = SURFACE_STYLE_FILL_AREA ( #6338 ) ;
#3694 = SURFACE_STYLE_USAGE ( .BOTH. , #2594 ) ;
#3695 = DIRECTION ( 'NONE',  ( -0.3829140317376590885, 0.9237839814038836250, 0.000000000000000000 ) ) ;
#3696 = CARTESIAN_POINT ( 'NONE',  ( 6.743149909686458443, 0.2927634641635513679, 3.728393182965327401 ) ) ;
#3697 = CARTESIAN_POINT ( 'NONE',  ( 0.000000000000000000, 6.733170000000000321, 3.070000000000000728 ) ) ;
#3698 = CARTESIAN_POINT ( 'NONE',  ( 0.2873372088848925587, 0.4282138615680939897, 0.3260087078534190663 ) ) ;
#3699 = EDGE_CURVE ( 'NONE', #2214, #1209, #2101, .T. ) ;
#3700 = CARTESIAN_POINT ( 'NONE',  ( 1.000000000000000000, 1.000000000000000000, 4.070000000000000284 ) ) ;
#3701 = PRESENTATION_STYLE_ASSIGNMENT (( #204 ) ) ;
#3702 = CARTESIAN_POINT ( 'NONE',  ( 4.887746094348463188, 3.576280269646407994, 4.075000000000000178 ) ) ;
#3703 = LINE ( 'NONE', #5717, #4558 ) ;
#3704 = CARTESIAN_POINT ( 'NONE',  ( 4.748126309322987737, 3.090525030000000228, 4.075000000000000178 ) ) ;
#3705 = CARTESIAN_POINT ( 'NONE',  ( 0.9705944035014091309, 0.9852972017503370816, -1.275264350307150907E-17 ) ) ;
#3706 = EDGE_CURVE ( 'NONE', #1354, #2883, #4702, .T. ) ;
#3707 = CARTESIAN_POINT ( 'NONE',  ( 0.6150870814044915313, 0.4942779975127293279, 0.1441368555632371595 ) ) ;
#3708 = PRESENTATION_LAYER_ASSIGNMENT (  '', '', ( #4912 ) ) ;
#3709 = CARTESIAN_POINT ( 'NONE',  ( 6.997089899712491068, 0.06208981117536188643, 1.000000000000000444 ) ) ;
#3710 = VERTEX_POINT ( 'NONE', #4056 ) ;
#3711 = CARTESIAN_POINT ( 'NONE',  ( 6.275711153948822840, 0.9171444230231130534, 3.388131789017200740E-17 ) ) ;
#3712 = CARTESIAN_POINT ( 'NONE',  ( 6.170468357486465827, 0.8790632873361018396, 0.007171692673520212169 ) ) ;
#3713 = CARTESIAN_POINT ( 'NONE',  ( 0.9839885339587531865, 0.9719218440241702561, 4.070000000000000284 ) ) ;
#3714 = CARTESIAN_POINT ( 'NONE',  ( 1.880952133921842018, -3.442656947334646222, 2.340000000000000302 ) ) ;
#3715 = UNCERTAINTY_MEASURE_WITH_UNIT (LENGTH_MEASURE( 1.000000000000000082E-05 ), #709, 'distance_accuracy_value', 'NONE');
#3716 = CARTESIAN_POINT ( 'NONE',  ( 6.094752834835457378, -3.388698253309387454, 1.730000000000000204 ) ) ;
#3717 = SURFACE_STYLE_FILL_AREA ( #2765 ) ;
#3718 = CARTESIAN_POINT ( 'NONE',  ( 6.713069306135336589, 0.6984653481110864037, 0.2017452242158227493 ) ) ;
#3719 = CARTESIAN_POINT ( 'NONE',  ( 0.4440189110897573843, 0.6829483547794722442, 3.901919882574181653 ) ) ;
#3720 = ORIENTED_EDGE ( 'NONE', *, *, #3699, .F. ) ;
#3721 = CARTESIAN_POINT ( 'NONE',  ( 0.01521955676786765355, 0.2491438877304297528, 1.000000000000000444 ) ) ;
#3722 = CARTESIAN_POINT ( 'NONE',  ( 4.257427140371730090, 3.577907501469753004, 4.070000000000000284 ) ) ;
#3723 = CARTESIAN_POINT ( 'NONE',  ( 6.211718845095283825, 0.8733007360575072431, 4.061417806626395510 ) ) ;
#3724 = CARTESIAN_POINT ( 'NONE',  ( 4.494999999999999218, 0.000000000000000000, 2.035000000000000142 ) ) ;
#3725 = CARTESIAN_POINT ( 'NONE',  ( 1.557845552066266848, -3.507746240469659771, 1.730000000000000204 ) ) ;
#3726 = VECTOR ( 'NONE', #2848, 1000.000000000000000 ) ;
#3727 = CARTESIAN_POINT ( 'NONE',  ( 0.2903632451366747746, 0.06679597528504710446, 3.360476883022812000 ) ) ;
#3728 = ORIENTED_EDGE ( 'NONE', *, *, #2495, .F. ) ;
#3729 = VERTEX_POINT ( 'NONE', #76 ) ;
#3730 = CARTESIAN_POINT ( 'NONE',  ( 7.014026395405413616, 0.5479868141600086062, 3.503167958023464035 ) ) ;
#3731 = CARTESIAN_POINT ( 'NONE',  ( 7.109999999999999432, -8.673617379884035472E-16, 2.781166666666668341 ) ) ;
#3732 = FACE_OUTER_BOUND ( 'NONE', #2287, .T. ) ;
#3733 = LINE ( 'NONE', #5302, #6569 ) ;
#3734 =( NAMED_UNIT ( * ) PLANE_ANGLE_UNIT ( ) SI_UNIT ( $, .RADIAN. ) );
#3735 =( LENGTH_UNIT ( ) NAMED_UNIT ( * ) SI_UNIT ( .MILLI., .METRE. ) );
#3736 = CARTESIAN_POINT ( 'NONE',  ( 4.494999999999999218, 0.000000000000000000, 1.730000000000000204 ) ) ;
#3737 =( BOUNDED_SURFACE ( )  B_SPLINE_SURFACE ( 3, 1, ( 
 ( #1732, #3304 ),
 ( #1222, #279 ),
 ( #3799, #4322 ),
 ( #6417, #3769 ) ),
 .UNSPECIFIED., .F., .F., .F. ) 
 B_SPLINE_SURFACE_WITH_KNOTS ( ( 4, 4 ),
 ( 2, 2 ),
 ( 0.000000000000000000, 1.000000000000000000 ),
 ( 0.000000000000000000, 1.000000000000000000 ),
 .UNSPECIFIED. ) 
 GEOMETRIC_REPRESENTATION_ITEM ( )  RATIONAL_B_SPLINE_SURFACE ( (
 ( 1.000000000000000000, 1.000000000000000000),
 ( 0.3333333333333333703, 0.3333333333333333703),
 ( 0.3333333333333333703, 0.3333333333333333703),
 ( 1.000000000000000000, 1.000000000000000000) ) ) 
 REPRESENTATION_ITEM ( '' )  SURFACE ( )  );
#3738 = CARTESIAN_POINT ( 'NONE',  ( 0.8888999988033182698, 0.8826129746026757372, 0.008176467176457667685 ) ) ;
#3739 = CARTESIAN_POINT ( 'NONE',  ( 0.7404278229013928625, 0.4808556410899928468, 0.1448936177166426365 ) ) ;
#3740 = UNCERTAINTY_MEASURE_WITH_UNIT (LENGTH_MEASURE( 1.000000000000000082E-05 ), #2854, 'distance_accuracy_value', 'NONE');
#3741 = CARTESIAN_POINT ( 'NONE',  ( 6.609999999999999432, 0.000000000000000000, 1.000000000000000000 ) ) ;
#3742 = CARTESIAN_POINT ( 'NONE',  ( 6.166999872626043100, 0.9676374112635141023, 0.001305157142809501786 ) ) ;
#3743 = CARTESIAN_POINT ( 'NONE',  ( 1.000000000000000000, 1.000000000000000000, 4.070000000000000284 ) ) ;
#3744 = CARTESIAN_POINT ( 'NONE',  ( 4.047065785670777238, 3.692512944455525137, 4.075000000000000178 ) ) ;
#3745 = CARTESIAN_POINT ( 'NONE',  ( 1.190654425277224426, -3.016415516703255140, 2.340000000000000746 ) ) ;
#3746 = CARTESIAN_POINT ( 'NONE',  ( 3.990797761961201395, -2.606592368049555741, 2.340000000000000746 ) ) ;
#3747 = VECTOR ( 'NONE', #436, 1000.000000000000114 ) ;
#3748 = CARTESIAN_POINT ( 'NONE',  ( 6.466050347886870497, 0.3770861305660623830, 0.2171863316557898493 ) ) ;
#3749 = CARTESIAN_POINT ( 'NONE',  ( 0.6552312562275641739, 0.4636106417161739435, 3.913200360210806750 ) ) ;
#3750 = EDGE_CURVE ( 'NONE', #6654, #2562, #3072, .T. ) ;
#3751 = PRESENTATION_STYLE_ASSIGNMENT (( #1715 ) ) ;
#3752 = CARTESIAN_POINT ( 'NONE',  ( 6.160753565162428558, 0.9614804748166557724, 4.068912942091845508 ) ) ;
#3753 = VECTOR ( 'NONE', #3128, 1000.000000000000000 ) ;
#3754 = LINE ( 'NONE', #1101, #4189 ) ;
#3755 = CARTESIAN_POINT ( 'NONE',  ( 6.912052085576187999, 0.3552951776482510260, 0.4302658862344411750 ) ) ;
#3756 = CARTESIAN_POINT ( 'NONE',  ( 2.343689367301083237, -2.651590930006798796, 1.730000000000000204 ) ) ;
#3757 = CARTESIAN_POINT ( 'NONE',  ( 0.1877075147043108239, 0.09213299764181527574, 3.332038581024284074 ) ) ;
#3758 = ORIENTED_EDGE ( 'NONE', *, *, #3081, .T. ) ;
#3759 = ORIENTED_EDGE ( 'NONE', *, *, #700, .F. ) ;
#3760 = FILL_AREA_STYLE ('',( #745 ) ) ;
#3761 = SURFACE_SIDE_STYLE ('',( #2762 ) ) ;
#3762 = DIRECTION ( 'NONE',  ( -0.000000000000000000, -0.000000000000000000, -1.000000000000000000 ) ) ;
#3763 = CARTESIAN_POINT ( 'NONE',  ( 6.699990053383872990, 0.3764205929365964653, 3.801715273761138825 ) ) ;
#3764 = PLANE ( 'NONE',  #6316 ) ;
#3765 = CARTESIAN_POINT ( 'NONE',  ( 0.4278292223228006841, 0.3612735450804078208, 0.2706069712670041150 ) ) ;
#3766 =( GEOMETRIC_REPRESENTATION_CONTEXT ( 3 ) GLOBAL_UNCERTAINTY_ASSIGNED_CONTEXT ( ( #444 ) ) GLOBAL_UNIT_ASSIGNED_CONTEXT ( ( #2670, #4123, #4222 ) ) REPRESENTATION_CONTEXT ( 'NONE', 'WORKASPACE' ) );
#3767 = CARTESIAN_POINT ( 'NONE',  ( 7.109999999999999432, -8.673617379884035472E-16, 4.273500000000000298 ) ) ;
#3768 =( GEOMETRIC_REPRESENTATION_CONTEXT ( 3 ) GLOBAL_UNCERTAINTY_ASSIGNED_CONTEXT ( ( #3372 ) ) GLOBAL_UNIT_ASSIGNED_CONTEXT ( ( #3828, #5402, #271 ) ) REPRESENTATION_CONTEXT ( 'NONE', 'WORKASPACE' ) );
#3769 = CARTESIAN_POINT ( 'NONE',  ( 6.094999999999992646, -10.42682999999999360, 2.340000000000000302 ) ) ;
#3770 =( GEOMETRIC_REPRESENTATION_CONTEXT ( 3 ) GLOBAL_UNCERTAINTY_ASSIGNED_CONTEXT ( ( #4834 ) ) GLOBAL_UNIT_ASSIGNED_CONTEXT ( ( #5220, #2148, #3455 ) ) REPRESENTATION_CONTEXT ( 'NONE', 'WORKASPACE' ) );
#3771 = CARTESIAN_POINT ( 'NONE',  ( 4.887746094348463188, 3.576280269646407994, 4.075000000000000178 ) ) ;
#3772 = MECHANICAL_DESIGN_GEOMETRIC_PRESENTATION_REPRESENTATION (  '', ( #1958 ), #878 ) ;
#3773 = CARTESIAN_POINT ( 'NONE',  ( 6.610000048699837372, -8.448075105616277198E-23, 3.128888795304087811 ) ) ;
#3774 = CARTESIAN_POINT ( 'NONE',  ( 0.8738776949561030127, 0.8036112754202945352, 0.01948905540136541825 ) ) ;
#3775 = CARTESIAN_POINT ( 'NONE',  ( 0.09213299764170164441, 0.1877075147042031600, 0.7379614189757780496 ) ) ;
#3776 = CARTESIAN_POINT ( 'NONE',  ( 6.896398386376679568, 0.02175737627845806751, 0.9411112046959114741 ) ) ;
#3777 = DIRECTION ( 'NONE',  ( 0.4443210308329497149, 0.8958676361826812817, 0.000000000000000000 ) ) ;
#3778 = CARTESIAN_POINT ( 'NONE',  ( 6.598472568716048592, 0.02305484356102228266, 0.7841378393120750356 ) ) ;
#3779 = CARTESIAN_POINT ( 'NONE',  ( 0.4052519334372490234, -3.386286351574848474, 2.340000000000000302 ) ) ;
#3780 = ADVANCED_FACE ( 'NONE', ( #1536 ), #3553, .F. ) ;
#3781 = CARTESIAN_POINT ( 'NONE',  ( 5.525710719153577699, -3.484313605805705816, 2.339999999999999858 ) ) ;
#3782 = MECHANICAL_DESIGN_GEOMETRIC_PRESENTATION_REPRESENTATION (  '', ( #2393 ), #2281 ) ;
#3783 = CARTESIAN_POINT ( 'NONE',  ( 6.507633719331511024, 0.7458576566916926831, 0.08285075932662587517 ) ) ;
#3784 = CARTESIAN_POINT ( 'NONE',  ( 0.6276301112137382399, 0.7176567501779068659, 3.993573475820135332 ) ) ;
#3785 = FILL_AREA_STYLE_COLOUR ( '', #3672 ) ;
#3786 = CARTESIAN_POINT ( 'NONE',  ( 6.315145539547536657, 0.8830819588835766565, 4.048857556537842406 ) ) ;
#3787 = VECTOR ( 'NONE', #1891, 1000.000000000000000 ) ;
#3788 = LINE ( 'NONE', #739, #2680 ) ;
#3789 = CARTESIAN_POINT ( 'NONE',  ( 6.819636754863763528, 0.06679597528397537842, 0.7095231169822227013 ) ) ;
#3790 = CARTESIAN_POINT ( 'NONE',  ( 4.150388599917829602, 3.205075560774861998, 4.075000000000000178 ) ) ;
#3791 = AXIS2_PLACEMENT_3D ( 'NONE', #1463, #3503, #978 ) ;
#3792 = CARTESIAN_POINT ( 'NONE',  ( 0.06500743582970458512, 0.2493183093684137042, 3.325809885616343831 ) ) ;
#3793 = ORIENTED_EDGE ( 'NONE', *, *, #2825, .F. ) ;
#3794 = ORIENTED_EDGE ( 'NONE', *, *, #4503, .F. ) ;
#3795 =( NAMED_UNIT ( * ) SI_UNIT ( $, .STERADIAN. ) SOLID_ANGLE_UNIT ( ) );
#3796 = CARTESIAN_POINT ( 'NONE',  ( 6.495276124933079487, 0.3249851260264747799, 3.808511404121280197 ) ) ;
#3797 = ADVANCED_FACE ( 'NONE', ( #5722 ), #1113, .T. ) ;
#3798 =( NAMED_UNIT ( * ) SI_UNIT ( $, .STERADIAN. ) SOLID_ANGLE_UNIT ( ) );
#3799 = CARTESIAN_POINT ( 'NONE',  ( 5.485004768272710329, -3.429241901734534359, 2.340000000000000302 ) ) ;
#3800 = UNCERTAINTY_MEASURE_WITH_UNIT (LENGTH_MEASURE( 1.000000000000000082E-05 ), #807, 'distance_accuracy_value', 'NONE');
#3801 = FACE_OUTER_BOUND ( 'NONE', #5931, .T. ) ;
#3802 = CARTESIAN_POINT ( 'NONE',  ( 2.183307831602216087, 3.090525030000000228, 4.075000000000000178 ) ) ;
#3803 =( LENGTH_UNIT ( ) NAMED_UNIT ( * ) SI_UNIT ( .MILLI., .METRE. ) );
#3804 = SURFACE_STYLE_USAGE ( .BOTH. , #285 ) ;
#3805 = CARTESIAN_POINT ( 'NONE',  ( 0.2209510520025132485, 0.1301061833525618827, 0.6190918366468748379 ) ) ;
#3806 =( NAMED_UNIT ( * ) SI_UNIT ( $, .STERADIAN. ) SOLID_ANGLE_UNIT ( ) );
#3807 = LINE ( 'NONE', #1189, #5228 ) ;
#3808 =( NAMED_UNIT ( * ) PLANE_ANGLE_UNIT ( ) SI_UNIT ( $, .RADIAN. ) );
#3809 = CARTESIAN_POINT ( 'NONE',  ( 6.508150286218035596, 0.2036994171928475927, 0.3939709458940262032 ) ) ;
#3810 = CARTESIAN_POINT ( 'NONE',  ( 5.242545448447562428, -2.201103246196137508, 2.340000000000000302 ) ) ;
#3811 = DIRECTION ( 'NONE',  ( 0.000000000000000000, -1.000000000000000000, 0.000000000000000000 ) ) ;
#3812 = DIRECTION ( 'NONE',  ( 0.3725077383643490836, -0.9280290862137229313, 0.000000000000000000 ) ) ;
#3813 = CARTESIAN_POINT ( 'NONE',  ( 5.325461604718587871, -2.840088667668843492, 1.729999999999999316 ) ) ;
#3814 = MECHANICAL_DESIGN_GEOMETRIC_PRESENTATION_REPRESENTATION (  '', ( #385 ), #1024 ) ;
#3815 = CARTESIAN_POINT ( 'NONE',  ( 6.522281527096090770, 0.6099249601707091850, 0.1068136135255898789 ) ) ;
#3816 = CARTESIAN_POINT ( 'NONE',  ( 0.7083365088928460507, 0.6361627141501615679, 3.995252212247946133 ) ) ;
#3817 = VECTOR ( 'NONE', #6079, 1000.000000000000000 ) ;
#3818 = ORIENTED_EDGE ( 'NONE', *, *, #6516, .F. ) ;
#3819 = SURFACE_STYLE_FILL_AREA ( #662 ) ;
#3820 = LINE ( 'NONE', #6473, #5297 ) ;
#3821 = CARTESIAN_POINT ( 'NONE',  ( 6.280440111301805572, 0.8471419557289610047, 4.053327571361253767 ) ) ;
#3822 = CARTESIAN_POINT ( 'NONE',  ( 6.851340393861699241, 0.07676839084624971499, 0.7043986936169479574 ) ) ;
#3823 = CARTESIAN_POINT ( 'NONE',  ( 1.625242396891817709, -3.391110155043932206, 2.340000000000000302 ) ) ;
#3824 = CARTESIAN_POINT ( 'NONE',  ( 0.3552950676805609054, 0.1979479695743152079, 3.639734134478572525 ) ) ;
#3825 = ORIENTED_EDGE ( 'NONE', *, *, #6024, .F. ) ;
#3826 = ADVANCED_FACE ( 'NONE', ( #6426 ), #796, .F. ) ;
#3827 = ORIENTED_EDGE ( 'NONE', *, *, #3177, .T. ) ;
#3828 =( LENGTH_UNIT ( ) NAMED_UNIT ( * ) SI_UNIT ( .MILLI., .METRE. ) );
#3829 = CARTESIAN_POINT ( 'NONE',  ( 2.276993553002562898, 3.417388129336544456, 4.075000000000000178 ) ) ;
#3830 = LINE ( 'NONE', #3370, #6291 ) ;
#3831 = CARTESIAN_POINT ( 'NONE',  ( 6.765804648348648698, 0.5008676630706634381, 3.808768251402738780 ) ) ;
#3832 = FACE_OUTER_BOUND ( 'NONE', #6182, .T. ) ;
#3833 = SURFACE_STYLE_FILL_AREA ( #6452 ) ;
#3834 =( GEOMETRIC_REPRESENTATION_CONTEXT ( 3 ) GLOBAL_UNCERTAINTY_ASSIGNED_CONTEXT ( ( #5868 ) ) GLOBAL_UNIT_ASSIGNED_CONTEXT ( ( #4334, #6429, #4740 ) ) REPRESENTATION_CONTEXT ( 'NONE', 'WORKASPACE' ) );
#3835 = CARTESIAN_POINT ( 'NONE',  ( 4.494999999999999218, -1.976830000000000087, 2.340000000000000302 ) ) ;
#3836 = SURFACE_STYLE_USAGE ( .BOTH. , #1799 ) ;
#3837 = ORIENTED_EDGE ( 'NONE', *, *, #1381, .F. ) ;
#3838 = DIRECTION ( 'NONE',  ( -0.000000000000000000, -0.000000000000000000, -1.000000000000000000 ) ) ;
#3839 = VECTOR ( 'NONE', #3838, 1000.000000000000000 ) ;
#3840 = CARTESIAN_POINT ( 'NONE',  ( 7.110000000000000320, 0.4282173323112829499, 3.070000000000000728 ) ) ;
#3841 = CARTESIAN_POINT ( 'NONE',  ( 1.000000000000000000, 1.000000000000000000, 0.000000000000000000 ) ) ;
#3842 = CARTESIAN_POINT ( 'NONE',  ( 0.06679597528467083600, 0.2903632451363898359, 0.7095231169780215064 ) ) ;
#3843 = CARTESIAN_POINT ( 'NONE',  ( 6.724814406290746227, 0.04283619257925313367, 0.7259177020605578345 ) ) ;
#3844 = DIRECTION ( 'NONE',  ( 1.000000000000000000, 0.000000000000000000, 0.000000000000000000 ) ) ;
#3845 =( NAMED_UNIT ( * ) PLANE_ANGLE_UNIT ( ) SI_UNIT ( $, .RADIAN. ) );
#3846 = CARTESIAN_POINT ( 'NONE',  ( 5.104999999999999538, -1.976830000000000087, 2.340000000000000302 ) ) ;
#3847 = CARTESIAN_POINT ( 'NONE',  ( 1.427463000134923110, -2.277376178195539502, 2.340000000000000746 ) ) ;
#3848 = CARTESIAN_POINT ( 'NONE',  ( 5.795906912200894823, -2.939923179177049484, 1.729999999999999760 ) ) ;
#3849 = CARTESIAN_POINT ( 'NONE',  ( 6.345929036129429157, 0.6313325906765676621, 0.07066921360005343211 ) ) ;
#3850 = CARTESIAN_POINT ( 'NONE',  ( 0.6313324960758424087, 0.7640710720163248482, 3.999330757996217400 ) ) ;
#3851 = ORIENTED_EDGE ( 'NONE', *, *, #1027, .F. ) ;
#3852 = VERTEX_POINT ( 'NONE', #2333 ) ;
#3853 = CARTESIAN_POINT ( 'NONE',  ( 4.494999999999999218, -1.976830000000000087, 2.340000000000000302 ) ) ;
#3854 = CARTESIAN_POINT ( 'NONE',  ( 6.335175776585740159, 0.8553134707854374019, 4.044355192271991584 ) ) ;
#3855 = CARTESIAN_POINT ( 'NONE',  ( 7.043204032605473230, 0.2903632809375184531, 0.7095231256325620350 ) ) ;
#3856 = COLOUR_RGB ( '',0.5647058823529411686, 0.3019607843137254721, 0.1294117647058823373 ) ;
#3857 = CARTESIAN_POINT ( 'NONE',  ( 1.314093087799104609, -2.939923179177046375, 2.340000000000000302 ) ) ;
#3858 = CARTESIAN_POINT ( 'NONE',  ( 0.2443856888018033080, 0.2013307347602673048, 3.594183097954355866 ) ) ;
#3859 = VERTEX_POINT ( 'NONE', #4408 ) ;
#3860 = ORIENTED_EDGE ( 'NONE', *, *, #2024, .T. ) ;
#3861 = FACE_OUTER_BOUND ( 'NONE', #1088, .T. ) ;
#3862 = SURFACE_SIDE_STYLE ('',( #1826 ) ) ;
#3863 = CARTESIAN_POINT ( 'NONE',  ( 6.486819769659148527, 0.2463604577287640540, 3.728217278468483276 ) ) ;
#3864 = ADVANCED_FACE ( 'NONE', ( #828 ), #6012, .F. ) ;
#3865 = CARTESIAN_POINT ( 'NONE',  ( 6.486819769659148527, 0.2463604577287640540, 3.728217278468483276 ) ) ;
#3866 = DIRECTION ( 'NONE',  ( -1.000000000000000000, 0.000000000000000000, -0.000000000000000000 ) ) ;
#3867 = LINE ( 'NONE', #4866, #2657 ) ;
#3868 = DIRECTION ( 'NONE',  ( 1.000000000000000000, 0.000000000000000000, 0.000000000000000000 ) ) ;
#3869 = ORIENTED_EDGE ( 'NONE', *, *, #5153, .F. ) ;
#3870 = STYLED_ITEM ( 'NONE', ( #4426 ), #2899 ) ;
#3871 =( LENGTH_UNIT ( ) NAMED_UNIT ( * ) SI_UNIT ( .MILLI., .METRE. ) );
#3872 = DIRECTION ( 'NONE',  ( -0.2763173343569415019, -0.9610664548999064971, 0.000000000000000000 ) ) ;
#3873 = CARTESIAN_POINT ( 'NONE',  ( 6.609999999999999432, 0.000000000000000000, 3.070000000000000728 ) ) ;
#3874 = FILL_AREA_STYLE ('',( #1261 ) ) ;
#3875 = CARTESIAN_POINT ( 'NONE',  ( 0.05436478705497789499, 0.4612356553636117185, 0.6725772015935415071 ) ) ;
#3876 = CARTESIAN_POINT ( 'NONE',  ( 2.013002443880638648, -2.794514615189089390, 1.730000000000000204 ) ) ;
#3877 = EDGE_CURVE ( 'NONE', #1933, #412, #4258, .T. ) ;
#3878 = PRESENTATION_LAYER_ASSIGNMENT (  '', '', ( #3122 ) ) ;
#3879 = CARTESIAN_POINT ( 'NONE',  ( 6.110000000000000320, 1.000000000000000000, 0.000000000000000000 ) ) ;
#3880 = CARTESIAN_POINT ( 'NONE',  ( 6.139811091926254960, 0.9403778168077108202, 0.001422164880506413724 ) ) ;
#3881 = CARTESIAN_POINT ( 'NONE',  ( 4.670083912887823097, -3.300831653889073625, 2.339999999999999414 ) ) ;
#3882 = MECHANICAL_DESIGN_GEOMETRIC_PRESENTATION_REPRESENTATION (  '', ( #231 ), #5978 ) ;
#3883 = ADVANCED_FACE ( 'NONE', ( #2232 ), #5381, .T. ) ;
#3884 = CARTESIAN_POINT ( 'NONE',  ( 5.104999999999999538, -1.976830000000000087, 1.730000000000000426 ) ) ;
#3885 = CARTESIAN_POINT ( 'NONE',  ( 6.401663491107587589, 0.6361627141497528948, 0.07474778775214464821 ) ) ;
#3886 = CARTESIAN_POINT ( 'NONE',  ( 0.7295500079497737600, 0.7576131897920322933, 4.027044697353755254 ) ) ;
#3887 = ORIENTED_EDGE ( 'NONE', *, *, #2442, .F. ) ;
#3888 = DIRECTION ( 'NONE',  ( 1.000000000000000000, 0.000000000000000000, 0.000000000000000000 ) ) ;
#3889 = CARTESIAN_POINT ( 'NONE',  ( 1.014999999999998126, -10.42682999999999716, 2.034999999999999698 ) ) ;
#3890 = AXIS2_PLACEMENT_3D ( 'NONE', #2951, #5008, #3982 ) ;
#3891 = STYLED_ITEM ( 'NONE', ( #2331 ), #48 ) ;
#3892 = SURFACE_STYLE_USAGE ( .BOTH. , #2482 ) ;
#3893 = CARTESIAN_POINT ( 'NONE',  ( 1.688124656640977328, -2.237520388003038097, 2.340000000000000302 ) ) ;
#3894 = CARTESIAN_POINT ( 'NONE',  ( 0.1563872532408569771, 0.4575494301581718992, 3.607986273732789240 ) ) ;
#3895 = ORIENTED_EDGE ( 'NONE', *, *, #4402, .F. ) ;
#3896 = ORIENTED_EDGE ( 'NONE', *, *, #2983, .T. ) ;
#3897 = DIRECTION ( 'NONE',  ( 0.000000000000000000, 0.000000000000000000, -1.000000000000000000 ) ) ;
#3898 = CARTESIAN_POINT ( 'NONE',  ( 4.224845895799768769, 3.465937844562223091, 4.075000000000000178 ) ) ;
#3899 = VECTOR ( 'NONE', #2395, 1000.000000000000000 ) ;
#3900 = CARTESIAN_POINT ( 'NONE',  ( 6.667206576459325795, 0.4725018863103218614, 3.866713588919944655 ) ) ;
#3902 = CARTESIAN_POINT ( 'NONE',  ( 0.3053614405555165612, 0.6526807202706890187, 0.2804249970715553264 ) ) ;
#3901 = CARTESIAN_POINT ( 'NONE',  ( 0.4050047682727128118, -3.424418098265453736, 1.729999999999999760 ) ) ;
#3903 =( NAMED_UNIT ( * ) PLANE_ANGLE_UNIT ( ) SI_UNIT ( $, .RADIAN. ) );
#3904 = AXIS2_PLACEMENT_3D ( 'NONE', #4202, #3681, #1124 ) ;
#3905 = SURFACE_SIDE_STYLE ('',( #6518 ) ) ;
#3906 = CARTESIAN_POINT ( 'NONE',  ( 6.776539126743259089, 0.4646775978282359776, 0.2785036246726559361 ) ) ;
#3907 = CARTESIAN_POINT ( 'NONE',  ( 3.875659152710461353, 3.629039920970799304, 4.075000000000000178 ) ) ;
#3908 = ORIENTED_EDGE ( 'NONE', *, *, #86, .F. ) ;
#3909 = DIRECTION ( 'NONE',  ( 0.000000000000000000, 0.000000000000000000, -1.000000000000000000 ) ) ;
#3910 = CARTESIAN_POINT ( 'NONE',  ( 6.741802443843900150, 0.6841385656788204761, 3.845278200118853906 ) ) ;
#3911 = EDGE_CURVE ( 'NONE', #5330, #5947, #5347, .T. ) ;
#3912 = CARTESIAN_POINT ( 'NONE',  ( 2.969662601183352013, 3.577927635947331986, 4.070000000000000284 ) ) ;
#3913 = CARTESIAN_POINT ( 'NONE',  ( 4.748126309322987737, 3.090525030000000228, 4.075000000000000178 ) ) ;
#3914 =( NAMED_UNIT ( * ) SI_UNIT ( $, .STERADIAN. ) SOLID_ANGLE_UNIT ( ) );
#3915 = EDGE_CURVE ( 'NONE', #1383, #2107, #6145, .T. ) ;
#3916 = CARTESIAN_POINT ( 'NONE',  ( 6.554708347232567789, -2.818871312028088827, 2.340000000000000302 ) ) ;
#3917 = CARTESIAN_POINT ( 'NONE',  ( 6.026870432484038531, -3.134134918331350494, 2.339999999999999858 ) ) ;
#3918 = CARTESIAN_POINT ( 'NONE',  ( 6.482369888786414514, 0.7176567501777944003, 0.07642652417974579726 ) ) ;
#3919 = CARTESIAN_POINT ( 'NONE',  ( 0.7926628565688519368, 0.7420192483225902524, 4.033645023282216968 ) ) ;
#3920 = ORIENTED_EDGE ( 'NONE', *, *, #1708, .T. ) ;
#3921 = EDGE_CURVE ( 'NONE', #3852, #3710, #3577, .T. ) ;
#3922 = CARTESIAN_POINT ( 'NONE',  ( 0.7158907245033613309, 0.7717995977716636258, 0.04438268534604192933 ) ) ;
#3923 = PRESENTATION_STYLE_ASSIGNMENT (( #5392 ) ) ;
#3924 = CARTESIAN_POINT ( 'NONE',  ( 6.110000000000000320, 1.000000000000000000, 4.070000000000000284 ) ) ;
#3925 = DIRECTION ( 'NONE',  ( -0.000000000000000000, -0.000000000000000000, -1.000000000000000000 ) ) ;
#3926 = MECHANICAL_DESIGN_GEOMETRIC_PRESENTATION_REPRESENTATION (  '', ( #5345 ), #58 ) ;
#3927 = CARTESIAN_POINT ( 'NONE',  ( 3.183337824418954742, -2.399057639724790914, 2.340000000000000302 ) ) ;
#3928 = CIRCLE ( 'NONE', #711, 1.000000000000000000 ) ;
#3929 = CARTESIAN_POINT ( 'NONE',  ( 0.5567897756142412558, 0.2205382824211447046, 3.698148469890107926 ) ) ;
#3930 = VERTEX_POINT ( 'NONE', #5066 ) ;
#3931 = ORIENTED_EDGE ( 'NONE', *, *, #5546, .F. ) ;
#3932 = SURFACE_STYLE_USAGE ( .BOTH. , #1883 ) ;
#3933 = PLANE ( 'NONE',  #3029 ) ;
#3934 = CARTESIAN_POINT ( 'NONE',  ( 6.680122924731942469, 0.5651405857980787983, 3.882535673255421482 ) ) ;
#3935 = CARTESIAN_POINT ( 'NONE',  ( 0.4880844845201843252, 0.4292257647414227106, 0.2053713123677452235 ) ) ;
#3936 = COLOUR_RGB ( '',0.5647058823529411686, 0.3019607843137254721, 0.1294117647058823373 ) ;
#3937 = DIRECTION ( 'NONE',  ( -1.000000000000000000, 0.000000000000000000, -0.000000000000000000 ) ) ;
#3938 = CARTESIAN_POINT ( 'NONE',  ( 4.495131464652040165, -2.028836699693395751, 2.340000000000000302 ) ) ;
#3939 = CARTESIAN_POINT ( 'NONE',  ( 5.052564829889170106, 3.576267184938944244, 4.075000000000000178 ) ) ;
#3940 = ORIENTED_EDGE ( 'NONE', *, *, #1998, .T. ) ;
#3941 = LINE ( 'NONE', #1994, #1697 ) ;
#3942 = CARTESIAN_POINT ( 'NONE',  ( 0.5000000000000000000, 0.000000000000000000, 3.070000000000002061 ) ) ;
#3943 = CARTESIAN_POINT ( 'NONE',  ( 7.033231609152142738, 0.2586596061383719669, 3.365601306385508362 ) ) ;
#3944 = CIRCLE ( 'NONE', #4821, 1.000000000000000000 ) ;
#3945 =( LENGTH_UNIT ( ) NAMED_UNIT ( * ) SI_UNIT ( .MILLI., .METRE. ) );
#3946 = DIRECTION ( 'NONE',  ( -1.000000000000000000, 0.000000000000000000, 0.000000000000000000 ) ) ;
#3947 = STYLED_ITEM ( 'NONE', ( #4697 ), #5495 ) ;
#3948 = CARTESIAN_POINT ( 'NONE',  ( 5.104999999999999538, -1.976830000000000087, 1.730000000000000426 ) ) ;
#3949 = CARTESIAN_POINT ( 'NONE',  ( 5.119139255169147695, -2.126577405022867850, 2.340000000000000746 ) ) ;
#3950 = EDGE_CURVE ( 'NONE', #5357, #4747, #3989, .T. ) ;
#3951 = CARTESIAN_POINT ( 'NONE',  ( 6.186017329370024243, 0.8479653445581762927, 0.01149905558602758865 ) ) ;
#3952 = CARTESIAN_POINT ( 'NONE',  ( 0.8093958064283424125, 0.8195230657753529435, 4.048228464507603874 ) ) ;
#3953 = ORIENTED_EDGE ( 'NONE', *, *, #101, .T. ) ;
#3954 = CARTESIAN_POINT ( 'NONE',  ( 0.7544202808803311955, 0.7798340201313656017, 0.03514887261383312089 ) ) ;
#3955 = FILL_AREA_STYLE ('',( #4476 ) ) ;
#3956 = CARTESIAN_POINT ( 'NONE',  ( 6.110000000000000320, 1.000000000000000000, 4.070000000000000284 ) ) ;
#3957 = DIRECTION ( 'NONE',  ( -0.9612861490927315788, 0.2755520632520589430, 0.000000000000000000 ) ) ;
#3958 = CARTESIAN_POINT ( 'NONE',  ( 1.533525453493402413, -2.877802867496529249, 2.339999999999999858 ) ) ;
#3959 = EDGE_CURVE ( 'NONE', #1961, #500, #3512, .T. ) ;
#3960 = CARTESIAN_POINT ( 'NONE',  ( 0.3678640323035390902, 0.3316137044880208551, 3.755324388085588883 ) ) ;
#3961 = ORIENTED_EDGE ( 'NONE', *, *, #5320, .F. ) ;
#3962 = ORIENTED_EDGE ( 'NONE', *, *, #3911, .T. ) ;
#3963 = PRESENTATION_STYLE_ASSIGNMENT (( #1282 ) ) ;
#3964 = CARTESIAN_POINT ( 'NONE',  ( 6.600125228030906399, 0.7549373885292272046, 3.942138605668708440 ) ) ;
#3965 = VECTOR ( 'NONE', #3762, 1000.000000000000000 ) ;
#3967 = CARTESIAN_POINT ( 'NONE',  ( 0.4529953713467179677, 0.5092729097602082255, 0.1856894644851323772 ) ) ;
#3966 = CARTESIAN_POINT ( 'NONE',  ( 3.460931026228863949, 3.626459047104284572, 4.075000000000000178 ) ) ;
#3968 = PRESENTATION_LAYER_ASSIGNMENT (  '', '', ( #6269 ) ) ;
#3969 = DIRECTION ( 'NONE',  ( 0.000000000000000000, 0.000000000000000000, -1.000000000000000000 ) ) ;
#3970 = DIRECTION ( 'NONE',  ( -0.000000000000000000, -0.000000000000000000, -1.000000000000000000 ) ) ;
#3971 = CARTESIAN_POINT ( 'NONE',  ( 3.276479083073879472, 3.692512944455525137, 4.070000000000000284 ) ) ;
#3972 = ORIENTED_EDGE ( 'NONE', *, *, #6105, .T. ) ;
#3973 = FILL_AREA_STYLE ('',( #5511 ) ) ;
#3974 = CARTESIAN_POINT ( 'NONE',  ( 0.5456518368485963055, 0.09132891209569739266, 3.487879529391252120 ) ) ;
#3975 = CARTESIAN_POINT ( 'NONE',  ( 7.055635212945080781, 0.4612356553635904022, 3.397422798406297240 ) ) ;
#3977 = CARTESIAN_POINT ( 'NONE',  ( 0.2643783488261408632, 0.4096564426733949049, 0.3508293829504461336 ) ) ;
#3976 = CARTESIAN_POINT ( 'NONE',  ( 2.615000000000001101, -1.976830000000000087, 1.730000000000000204 ) ) ;
#3978 = MECHANICAL_DESIGN_GEOMETRIC_PRESENTATION_REPRESENTATION (  '', ( #3445 ), #2261 ) ;
#3979 = ORIENTED_EDGE ( 'NONE', *, *, #1821, .T. ) ;
#3980 = CARTESIAN_POINT ( 'NONE',  ( 4.401256861493733297, 3.090525030000000228, 4.070000000000000284 ) ) ;
#3981 = CARTESIAN_POINT ( 'NONE',  ( 6.110000000000000320, 5.733170000000000321, 4.070000000000000284 ) ) ;
#3982 = DIRECTION ( 'NONE',  ( 0.000000000000000000, 0.000000000000000000, -1.000000000000000000 ) ) ;
#3983 = VECTOR ( 'NONE', #2628, 1000.000000000000000 ) ;
#3984 = CARTESIAN_POINT ( 'NONE',  ( 4.401256861493733297, 3.090525030000000228, 4.075000000000000178 ) ) ;
#3985 = CARTESIAN_POINT ( 'NONE',  ( 5.105131464652040485, -2.028836699693395751, 2.340000000000000302 ) ) ;
#3986 = CARTESIAN_POINT ( 'NONE',  ( 6.373538821883922623, 0.7505634922527378849, 0.04258141499539761649 ) ) ;
#3987 = CARTESIAN_POINT ( 'NONE',  ( 0.8790632873361423627, 0.9395316425134229155, 4.062828307326483035 ) ) ;
#3988 =( GEOMETRIC_REPRESENTATION_CONTEXT ( 3 ) GLOBAL_UNCERTAINTY_ASSIGNED_CONTEXT ( ( #2735 ) ) GLOBAL_UNIT_ASSIGNED_CONTEXT ( ( #5571, #4072, #2997 ) ) REPRESENTATION_CONTEXT ( 'NONE', 'WORKASPACE' ) );
#3989 = B_SPLINE_CURVE_WITH_KNOTS ( 'NONE', 3,
 ( #5007, #5555, #919, #5522, #4467, #2980, #355, #477, #6656, #3041, #4607, #415, #2472, #5035, #6176, #1502, #6692, #6618, #2506, #5103 ),
 .UNSPECIFIED., .F., .F.,
 ( 4, 1, 1, 1, 1, 1, 1, 1, 1, 1, 1, 1, 1, 1, 1, 1, 1, 4 ),
 ( 0.000000000000000000, 0.06218578512488857207, 0.1166294419295892670, 0.1648481812090131782, 0.2084255885910400452, 0.2493461803357356066, 0.2884584599461608723, 0.3649277418574288223, 0.4434213933723352707, 0.5239092198959717228, 0.6426297435126112623, 0.7501596148163258704, 0.7859142909927852028, 0.8259429660877530832, 0.8688256463525747542, 0.9122600832691474260, 0.9544039555856038692, 1.000000000000000000 ),
 .UNSPECIFIED. ) ;
#3990 = CARTESIAN_POINT ( 'NONE',  ( 0.8309369057050889351, 0.6618738140542052006, 0.05834743372396212352 ) ) ;
#3991 = VECTOR ( 'NONE', #1641, 1000.000000000000000 ) ;
#3992 = EDGE_CURVE ( 'NONE', #6504, #224, #5589, .T. ) ;
#3993 = FILL_AREA_STYLE_COLOUR ( '', #2600 ) ;
#3994 = CARTESIAN_POINT ( 'NONE',  ( 7.039342786889629444, 0.5353362404216922554, 0.6303702823981658376 ) ) ;
#3995 = CARTESIAN_POINT ( 'NONE',  ( 0.2853000116779169648, 0.5413494596248306090, 3.766408956779792039 ) ) ;
#3996 = ORIENTED_EDGE ( 'NONE', *, *, #3915, .F. ) ;
#3997 = ORIENTED_EDGE ( 'NONE', *, *, #1254, .F. ) ;
#3998 =( BOUNDED_CURVE ( )  B_SPLINE_CURVE ( 2, ( #1401, #890, #2952 ),
 .UNSPECIFIED., .F., .F. ) 
 B_SPLINE_CURVE_WITH_KNOTS ( ( 3, 3 ),
 ( 0.000000000000000000, 1.000000000000000000 ),
 .UNSPECIFIED. ) 
 CURVE ( )  GEOMETRIC_REPRESENTATION_ITEM ( )  RATIONAL_B_SPLINE_CURVE ( ( 1.000000000000000000, 1.857142857142858317, 1.000000000000000000 ) ) 
 REPRESENTATION_ITEM ( '' )  );
#3999 = CARTESIAN_POINT ( 'NONE',  ( 6.609999999999999432, 0.000000000000000000, 1.000000000000000000 ) ) ;
#4000 = CARTESIAN_POINT ( 'NONE',  ( 6.732913869434026921, 0.6439496521130524398, 3.852813668344166498 ) ) ;
#4001 =( GEOMETRIC_REPRESENTATION_CONTEXT ( 3 ) GLOBAL_UNCERTAINTY_ASSIGNED_CONTEXT ( ( #1643 ) ) GLOBAL_UNIT_ASSIGNED_CONTEXT ( ( #4453, #2934, #1582 ) ) REPRESENTATION_CONTEXT ( 'NONE', 'WORKASPACE' ) );
#4003 = CARTESIAN_POINT ( 'NONE',  ( 0.5555294845140303917, 0.4172038983335698559, 0.1970578222451045691 ) ) ;
#4002 = CARTESIAN_POINT ( 'NONE',  ( 0.7893979498766456881, 0.5787597796749103241, 0.09276562390272259651 ) ) ;
#4004 = FILL_AREA_STYLE ('',( #975 ) ) ;
#4005 = AXIS2_PLACEMENT_3D ( 'NONE', #4276, #237, #3192 ) ;
#4006 = VECTOR ( 'NONE', #243, 1000.000000000000114 ) ;
#4007 = CARTESIAN_POINT ( 'NONE',  ( 0.04481325955113110021, 0.1455260989278736872, 3.070000000000000728 ) ) ;
#4008 = CARTESIAN_POINT ( 'NONE',  ( 0.09132891209572263636, 0.5456518368485842041, 0.5821204706086926528 ) ) ;
#4009 = EDGE_CURVE ( 'NONE', #4859, #6037, #3928, .T. ) ;
#4010 = CARTESIAN_POINT ( 'NONE',  ( 3.569738375644026629, 3.262445043772758790, 4.070000000000000284 ) ) ;
#4011 = CARTESIAN_POINT ( 'NONE',  ( 7.005463759475099472, 0.1986029763798750625, 3.373117715414591267 ) ) ;
#4012 = LINE ( 'NONE', #4299, #1730 ) ;
#4013 =( GEOMETRIC_REPRESENTATION_CONTEXT ( 3 ) GLOBAL_UNCERTAINTY_ASSIGNED_CONTEXT ( ( #3061 ) ) GLOBAL_UNIT_ASSIGNED_CONTEXT ( ( #1343, #2371, #359 ) ) REPRESENTATION_CONTEXT ( 'NONE', 'WORKASPACE' ) );
#4014 = SURFACE_STYLE_USAGE ( .BOTH. , #6713 ) ;
#4015 = ORIENTED_EDGE ( 'NONE', *, *, #1553, .T. ) ;
#4016 = CARTESIAN_POINT ( 'NONE',  ( 1.784538395281410450, -2.840088667668843492, 1.730000000000000870 ) ) ;
#4017 = DIRECTION ( 'NONE',  ( -0.2765379750249958857, -0.9610029908221278117, 0.000000000000000000 ) ) ;
#4018 = CARTESIAN_POINT ( 'NONE',  ( 4.566480380096844094, 3.692512944455525137, 4.075000000000000178 ) ) ;
#4019 = CARTESIAN_POINT ( 'NONE',  ( 6.554708347232567789, -2.818871312028088827, 1.730000000000000870 ) ) ;
#4020 = LINE ( 'NONE', #6115, #800 ) ;
#4021 = CARTESIAN_POINT ( 'NONE',  ( 6.094752834835457378, -3.388698253309387454, 2.340000000000000302 ) ) ;
#4022 = CARTESIAN_POINT ( 'NONE',  ( 6.434392104983578164, 0.8154180134860924412, 0.05345550911966709395 ) ) ;
#4023 = CARTESIAN_POINT ( 'NONE',  ( 0.9042924851559368538, 0.9142847893753640598, 4.064845150534731388 ) ) ;
#4024 = VERTEX_POINT ( 'NONE', #3009 ) ;
#4025 = CARTESIAN_POINT ( 'NONE',  ( 0.8154180134859877471, 0.6756078950163724173, 0.05345550911976935937 ) ) ;
#4026 = CARTESIAN_POINT ( 'NONE',  ( 6.110000000000002096, 1.000000000000000000, 4.070000000000000284 ) ) ;
#4027 = FILL_AREA_STYLE ('',( #5534 ) ) ;
#4028 = CARTESIAN_POINT ( 'NONE',  ( 2.499329268592800801, -2.479546513799930629, 1.730000000000000648 ) ) ;
#4029 = CARTESIAN_POINT ( 'NONE',  ( 6.733579407064036459, 0.4100099466160935791, 0.2682847262388601828 ) ) ;
#4030 = CARTESIAN_POINT ( 'NONE',  ( 0.6364747333671256779, 0.3639162694329115544, 3.842208367932793855 ) ) ;
#4031 = EDGE_LOOP ( 'NONE', ( #4495, #6352, #5162, #3818, #2847, #3104, #4053, #4902, #6337, #2716, #5577, #2683, #1851, #5878, #1394, #6093, #1950, #2327, #2351, #3022, #1201, #6085, #1949 ) ) ;
#4032 = ORIENTED_EDGE ( 'NONE', *, *, #5829, .T. ) ;
#4033 = DIRECTION ( 'NONE',  ( 1.000000000000000000, 0.000000000000000000, 0.000000000000000000 ) ) ;
#4034 =( NAMED_UNIT ( * ) SI_UNIT ( $, .STERADIAN. ) SOLID_ANGLE_UNIT ( ) );
#4035 = SURFACE_STYLE_USAGE ( .BOTH. , #3054 ) ;
#4036 = CARTESIAN_POINT ( 'NONE',  ( 6.454768699540389676, 0.4636106071159364350, 3.913200341281688921 ) ) ;
#4038 = CARTESIAN_POINT ( 'NONE',  ( 0.3843526545434385322, 0.6032015358797905291, 0.2134196165917333077 ) ) ;
#4037 = CARTESIAN_POINT ( 'NONE',  ( 0.6502036066704659500, 0.3004057133883561437, 0.2854069059260618269 ) ) ;
#4039 = VECTOR ( 'NONE', #4017, 1000.000000000000114 ) ;
#4040 = CARTESIAN_POINT ( 'NONE',  ( 0.4024111037006543601, 0.7012872847253792674, 3.874345280750657761 ) ) ;
#4041 = EDGE_CURVE ( 'NONE', #5101, #1933, #449, .T. ) ;
#4042 = EDGE_CURVE ( 'NONE', #4989, #5401, #2403, .T. ) ;
#4043 = EDGE_LOOP ( 'NONE', ( #512, #3642, #5695, #3399 ) ) ;
#4044 = CARTESIAN_POINT ( 'NONE',  ( 0.6396431081956379661, 0.8198228131883482650, 0.06718160279596104012 ) ) ;
#4045 = DIRECTION ( 'NONE',  ( -0.000000000000000000, -0.000000000000000000, -1.000000000000000000 ) ) ;
#4046 = STYLED_ITEM ( 'NONE', ( #3045 ), #3797 ) ;
#4047 =( NAMED_UNIT ( * ) PLANE_ANGLE_UNIT ( ) SI_UNIT ( $, .RADIAN. ) );
#4048 = CARTESIAN_POINT ( 'NONE',  ( 7.075486709847025324, 0.4504071682117861686, 3.332947981348049815 ) ) ;
#4050 = CARTESIAN_POINT ( 'NONE',  ( 0.5479868141599966158, 0.09597360459459786108, 0.5668320419765111584 ) ) ;
#4049 =( NAMED_UNIT ( * ) SI_UNIT ( $, .STERADIAN. ) SOLID_ANGLE_UNIT ( ) );
#4051 = CARTESIAN_POINT ( 'NONE',  ( 4.119590172245735538, 3.692512944455525137, 4.070000000000000284 ) ) ;
#4052 = ADVANCED_FACE ( 'NONE', ( #6043 ), #1399, .F. ) ;
#4053 = ORIENTED_EDGE ( 'NONE', *, *, #5110, .F. ) ;
#4054 = CARTESIAN_POINT ( 'NONE',  ( 2.343689367301083237, -2.651590930006798796, 1.730000000000000204 ) ) ;
#4055 = CARTESIAN_POINT ( 'NONE',  ( 2.356537550416343052, 3.692512944455525137, 4.070000000000000284 ) ) ;
#4056 = CARTESIAN_POINT ( 'NONE',  ( 4.483185878743278785, 3.465937844562223091, 4.070000000000000284 ) ) ;
#4057 =( GEOMETRIC_REPRESENTATION_CONTEXT ( 3 ) GLOBAL_UNCERTAINTY_ASSIGNED_CONTEXT ( ( #2994 ) ) GLOBAL_UNIT_ASSIGNED_CONTEXT ( ( #3657, #574, #6304 ) ) REPRESENTATION_CONTEXT ( 'NONE', 'WORKASPACE' ) );
#4058 = PRESENTATION_LAYER_ASSIGNMENT (  '', '', ( #509 ) ) ;
#4059 = CARTESIAN_POINT ( 'NONE',  ( 6.289094659580937829, 0.8559737484097960092, 0.01729454756366482007 ) ) ;
#4060 = CARTESIAN_POINT ( 'NONE',  ( 0.8044197374991777227, 0.8245681682740345630, 4.048014356910757172 ) ) ;
#4061 = EDGE_LOOP ( 'NONE', ( #6125, #3962, #5502, #2505 ) ) ;
#4062 = CARTESIAN_POINT ( 'NONE',  ( 0.9014125227448045452, 0.8702066733643591956, 0.008815407494136723657 ) ) ;
#4063 = AXIS2_PLACEMENT_3D ( 'NONE', #3829, #5959, #2248 ) ;
#4064 = CARTESIAN_POINT ( 'NONE',  ( 4.150388599917829602, 3.205075560774861998, 4.075000000000000178 ) ) ;
#4065 = FILL_AREA_STYLE_COLOUR ( '', #3664 ) ;
#4066 = CARTESIAN_POINT ( 'NONE',  ( 1.962097939078506714, -2.167984846651181297, 1.730000000000000426 ) ) ;
#4067 = CARTESIAN_POINT ( 'NONE',  ( 6.626293313509384220, 0.3207952537081420474, 0.2840780308391849251 ) ) ;
#4068 = CARTESIAN_POINT ( 'NONE',  ( 0.5555294660086794734, 0.4172039133931300658, 3.872942185303509088 ) ) ;
#4069 = ORIENTED_EDGE ( 'NONE', *, *, #4338, .T. ) ;
#4070 = UNCERTAINTY_MEASURE_WITH_UNIT (LENGTH_MEASURE( 1.000000000000000082E-05 ), #3871, 'distance_accuracy_value', 'NONE');
#4071 = CARTESIAN_POINT ( 'NONE',  ( 5.573220173274846090, -3.518153472730923159, 1.729999999999999538 ) ) ;
#4072 =( NAMED_UNIT ( * ) PLANE_ANGLE_UNIT ( ) SI_UNIT ( $, .RADIAN. ) );
#4073 = CARTESIAN_POINT ( 'NONE',  ( 6.454056885154811241, 0.5469367626416380412, 3.955457518863651600 ) ) ;
#4074 = CARTESIAN_POINT ( 'NONE',  ( 0.4617831186402179267, 0.4314119745404073614, 0.2137682038703861143 ) ) ;
#4075 = CARTESIAN_POINT ( 'NONE',  ( 0.05261129900044023838, 0.5263375340167191219, 3.390556340011420478 ) ) ;
#4076 =( LENGTH_UNIT ( ) NAMED_UNIT ( * ) SI_UNIT ( .MILLI., .METRE. ) );
#4077 = ORIENTED_EDGE ( 'NONE', *, *, #909, .T. ) ;
#4078 = FACE_OUTER_BOUND ( 'NONE', #1969, .T. ) ;
#4079 =( NAMED_UNIT ( * ) SI_UNIT ( $, .STERADIAN. ) SOLID_ANGLE_UNIT ( ) );
#4080 = CARTESIAN_POINT ( 'NONE',  ( 6.939771410288765985, 0.1225215129884598964, 3.375509673660560761 ) ) ;
#4081 = UNCERTAINTY_MEASURE_WITH_UNIT (LENGTH_MEASURE( 1.000000000000000082E-05 ), #4281, 'distance_accuracy_value', 'NONE');
#4083 = CARTESIAN_POINT ( 'NONE',  ( 0.1067181445923985894, 0.4898575548658162804, 0.5438954811446561344 ) ) ;
#4082 = DIRECTION ( 'NONE',  ( -0.000000000000000000, -0.000000000000000000, -1.000000000000000000 ) ) ;
#4084 = ADVANCED_FACE ( 'NONE', ( #4250 ), #3669, .F. ) ;
#4085 = UNCERTAINTY_MEASURE_WITH_UNIT (LENGTH_MEASURE( 1.000000000000000082E-05 ), #2453, 'distance_accuracy_value', 'NONE');
#4086 = DIRECTION ( 'NONE',  ( 0.9999891854650020395, -0.004650693823678849967, 0.000000000000000000 ) ) ;
#4087 = SURFACE_STYLE_FILL_AREA ( #2035 ) ;
#4088 = DIRECTION ( 'NONE',  ( -1.000000000000000000, 0.000000000000000000, 0.000000000000000000 ) ) ;
#4089 = CARTESIAN_POINT ( 'NONE',  ( 7.110000000000000320, 0.000000000000000000, 3.070000000000000728 ) ) ;
#4090 = EDGE_CURVE ( 'NONE', #1961, #1791, #646, .T. ) ;
#4091 = LINE ( 'NONE', #5205, #488 ) ;
#4092 = STYLED_ITEM ( 'NONE', ( #5404 ), #2868 ) ;
#4093 = UNCERTAINTY_MEASURE_WITH_UNIT (LENGTH_MEASURE( 1.000000000000000082E-05 ), #3311, 'distance_accuracy_value', 'NONE');
#4094 = CARTESIAN_POINT ( 'NONE',  ( 6.226918041116345393, 0.7948544604523271051, 0.02114244346219239928 ) ) ;
#4095 = CARTESIAN_POINT ( 'NONE',  ( 0.7543900526677879137, 0.8771950238598457128, 4.039586723070482499 ) ) ;
#4096 = ORIENTED_EDGE ( 'NONE', *, *, #4121, .F. ) ;
#4097 = CARTESIAN_POINT ( 'NONE',  ( 0.9676374112635898195, 0.9430001273739020418, 0.001305157142804868123 ) ) ;
#4098 = EDGE_CURVE ( 'NONE', #4726, #1317, #5756, .T. ) ;
#4099 = CARTESIAN_POINT ( 'NONE',  ( 2.937081356610682370, 3.465957979040120929, 4.075000000000000178 ) ) ;
#4100 = MECHANICAL_DESIGN_GEOMETRIC_PRESENTATION_REPRESENTATION (  '', ( #3122 ), #1308 ) ;
#4101 = CARTESIAN_POINT ( 'NONE',  ( 6.582489400915676470, 0.3797996314339491253, 0.2281849615828508981 ) ) ;
#4102 = CARTESIAN_POINT ( 'NONE',  ( 0.4660100041636200952, 0.4944166887694013135, 3.886281985240876313 ) ) ;
#4103 = EDGE_LOOP ( 'NONE', ( #5957, #3825, #3539, #4069 ) ) ;
#4104 = CARTESIAN_POINT ( 'NONE',  ( 0.5026903577973377280, 0.005380749248660113108, 0.8782887918487742862 ) ) ;
#4105 = SURFACE_STYLE_USAGE ( .BOTH. , #4749 ) ;
#4106 = CARTESIAN_POINT ( 'NONE',  ( 6.507633632607258356, 0.7458575555480274621, 3.987149269546149011 ) ) ;
#4107 = CARTESIAN_POINT ( 'NONE',  ( 0.5140466306025359700, 0.02797684700591825807, 0.7626003959455008863 ) ) ;
#4108 = CIRCLE ( 'NONE', #1313, 0.3050000000000001599 ) ;
#4109 = CARTESIAN_POINT ( 'NONE',  ( 0.4335372491272628803, 0.006181491905440739641, 3.200307766880905458 ) ) ;
#4110 = VERTEX_POINT ( 'NONE', #4122 ) ;
#4111 = CARTESIAN_POINT ( 'NONE',  ( 2.185130917455967214, 3.692512944455525137, 4.075000000000000178 ) ) ;
#4112 = DIRECTION ( 'NONE',  ( -0.2732148821746290257, -0.9619530280415481416, 0.000000000000000000 ) ) ;
#4113 = DIRECTION ( 'NONE',  ( -0.003953937269740718727, 0.9999921831594820176, 0.000000000000000000 ) ) ;
#4114 = CARTESIAN_POINT ( 'NONE',  ( 6.817236400759184356, 0.3668499042215108696, 3.728393208967696992 ) ) ;
#4115 = FACE_OUTER_BOUND ( 'NONE', #6549, .T. ) ;
#4116 =( GEOMETRIC_REPRESENTATION_CONTEXT ( 3 ) GLOBAL_UNCERTAINTY_ASSIGNED_CONTEXT ( ( #2740 ) ) GLOBAL_UNIT_ASSIGNED_CONTEXT ( ( #1171, #4860, #3795 ) ) REPRESENTATION_CONTEXT ( 'NONE', 'WORKASPACE' ) );
#4117 = VECTOR ( 'NONE', #2130, 1000.000000000000000 ) ;
#4118 =( NAMED_UNIT ( * ) SI_UNIT ( $, .STERADIAN. ) SOLID_ANGLE_UNIT ( ) );
#4119 = ORIENTED_EDGE ( 'NONE', *, *, #4723, .T. ) ;
#4120 = DIRECTION ( 'NONE',  ( -0.2729786930694427793, -0.9620200793798947547, 0.000000000000000000 ) ) ;
#4121 = EDGE_CURVE ( 'NONE', #3494, #1363, #2571, .T. ) ;
#4122 = CARTESIAN_POINT ( 'NONE',  ( 3.873989821527943800, 3.090525030000000228, 4.075000000000000178 ) ) ;
#4123 =( NAMED_UNIT ( * ) PLANE_ANGLE_UNIT ( ) SI_UNIT ( $, .RADIAN. ) );
#4124 = MECHANICAL_DESIGN_GEOMETRIC_PRESENTATION_REPRESENTATION (  '', ( #1220 ), #5429 ) ;
#4125 = CARTESIAN_POINT ( 'NONE',  ( 4.433761228971684787, 3.205075560774861998, 4.075000000000000178 ) ) ;
#4126 = UNCERTAINTY_MEASURE_WITH_UNIT (LENGTH_MEASURE( 1.000000000000000082E-05 ), #4257, 'distance_accuracy_value', 'NONE');
#4127 = ADVANCED_FACE ( 'NONE', ( #3634 ), #71, .F. ) ;
#4128 = CARTESIAN_POINT ( 'NONE',  ( 6.180739399984240379, 0.8893571077376175582, 0.006054253072790921619 ) ) ;
#4129 = DIRECTION ( 'NONE',  ( 0.000000000000000000, 1.000000000000000000, 0.000000000000000000 ) ) ;
#4130 = ORIENTED_EDGE ( 'NONE', *, *, #5279, .F. ) ;
#4131 = CARTESIAN_POINT ( 'NONE',  ( 0.9117930709045782844, 0.9067792375406280581, 0.005100339341506446127 ) ) ;
#4132 = CARTESIAN_POINT ( 'NONE',  ( 4.494999999999999218, -1.976830000000000087, 1.730000000000000204 ) ) ;
#4133 = CARTESIAN_POINT ( 'NONE',  ( 1.015247165164533394, -3.388698253309390118, 2.339999999999999858 ) ) ;
#4134 = CARTESIAN_POINT ( 'NONE',  ( 2.276993553002562898, 3.417388129336544456, 4.070000000000000284 ) ) ;
#4135 = CARTESIAN_POINT ( 'NONE',  ( 6.982246284971513894, 0.5638768693764928397, 0.5059692936056038315 ) ) ;
#4136 = CARTESIAN_POINT ( 'NONE',  ( 0.6911851914966913313, 0.5180331282290101536, 3.945457639922238968 ) ) ;
#4137 = VERTEX_POINT ( 'NONE', #4903 ) ;
#4138 = CARTESIAN_POINT ( 'NONE',  ( 6.094999999999994422, -3.426829999999992715, 1.730000000000000204 ) ) ;
#4139 = CARTESIAN_POINT ( 'NONE',  ( 6.364142343308317074, 0.6023662806684932924, 3.987149240673201422 ) ) ;
#4140 = CARTESIAN_POINT ( 'NONE',  ( 0.5263375340166995819, 0.05261129900022586126, 0.6794436599892091921 ) ) ;
#4141 = SURFACE_STYLE_FILL_AREA ( #4004 ) ;
#4142 = CARTESIAN_POINT ( 'NONE',  ( 4.451399030808618207, 3.354671063942033182, 4.075000000000000178 ) ) ;
#4143 = FILL_AREA_STYLE_COLOUR ( '', #5306 ) ;
#4144 = LINE ( 'NONE', #6134, #2837 ) ;
#4145 = SURFACE_SIDE_STYLE ('',( #3541 ) ) ;
#4146 = CARTESIAN_POINT ( 'NONE',  ( 6.835239935298275782, 0.4493532304684083600, 3.737855806031450179 ) ) ;
#4148 = CARTESIAN_POINT ( 'NONE',  ( 0.2463604577287916153, 0.6231802303408319199, 0.3417827215314861999 ) ) ;
#4147 = PRESENTATION_STYLE_ASSIGNMENT (( #1592 ) ) ;
#4149 = VECTOR ( 'NONE', #3872, 1000.000000000000114 ) ;
#4150 = ORIENTED_EDGE ( 'NONE', *, *, #2804, .T. ) ;
#4151 = MECHANICAL_DESIGN_GEOMETRIC_PRESENTATION_REPRESENTATION (  '', ( #283 ), #923 ) ;
#4152 = FACE_OUTER_BOUND ( 'NONE', #6489, .T. ) ;
#4153 = CARTESIAN_POINT ( 'NONE',  ( 0.6898419354437479445, 0.6535715591064467089, 0.07246109234664317722 ) ) ;
#4154 = VECTOR ( 'NONE', #3406, 1000.000000000000000 ) ;
#4155 = CARTESIAN_POINT ( 'NONE',  ( 4.150388599917829602, 3.205075560774861998, 4.075000000000000178 ) ) ;
#4156 = CARTESIAN_POINT ( 'NONE',  ( 6.175684913866322567, 0.8843082756871055716, 0.006572092177624148761 ) ) ;
#4157 = CARTESIAN_POINT ( 'NONE',  ( 1.000000000000000000, 1.000000000000000000, 4.070000000000000284 ) ) ;
#4158 = ORIENTED_EDGE ( 'NONE', *, *, #2690, .F. ) ;
#4159 = CARTESIAN_POINT ( 'NONE',  ( 1.978110726822704946, -2.156396289217995754, 2.340000000000000302 ) ) ;
#4160 = EDGE_CURVE ( 'NONE', #5210, #3852, #282, .T. ) ;
#4161 = FACE_OUTER_BOUND ( 'NONE', #6329, .T. ) ;
#4162 = PRESENTATION_LAYER_ASSIGNMENT (  '', '', ( #5686 ) ) ;
#4163 = CARTESIAN_POINT ( 'NONE',  ( 6.692445845341734589, 0.4777310283758574583, 0.2158959964570685564 ) ) ;
#4164 = CARTESIAN_POINT ( 'NONE',  ( 0.5383454007275058073, 0.5630530846251486921, 3.935984596275505343 ) ) ;
#4165 = EDGE_LOOP ( 'NONE', ( #2872, #549, #5179, #6472 ) ) ;
#4166 = CARTESIAN_POINT ( 'NONE',  ( 0.001512772235279242605, 0.3560760607389670263, 0.9411112046959150268 ) ) ;
#4167 = CARTESIAN_POINT ( 'NONE',  ( 3.569738375644026629, 3.262445043772758790, 4.075000000000000178 ) ) ;
#4168 = CARTESIAN_POINT ( 'NONE',  ( 5.325461604718587871, -2.840088667668843492, 1.729999999999999316 ) ) ;
#4169 = CARTESIAN_POINT ( 'NONE',  ( 1.784538395281410450, -2.840088667668843492, 2.340000000000000746 ) ) ;
#4170 = CARTESIAN_POINT ( 'NONE',  ( 6.352386810207229395, 0.7295500079503612900, 4.027044697353603375 ) ) ;
#4171 = CARTESIAN_POINT ( 'NONE',  ( 2.831750585887909288, 3.692512944455525137, 4.075000000000000178 ) ) ;
#4172 = CARTESIAN_POINT ( 'NONE',  ( 1.314093087799104609, -2.939923179177046375, 1.730000000000000648 ) ) ;
#4173 = EDGE_CURVE ( 'NONE', #882, #159, #6358, .T. ) ;
#4174 = CARTESIAN_POINT ( 'NONE',  ( 0.4504071682118584996, 0.03451329015309612114, 3.332947981348310496 ) ) ;
#4175 = ORIENTED_EDGE ( 'NONE', *, *, #2914, .T. ) ;
#4176 = FILL_AREA_STYLE ('',( #1107 ) ) ;
#4177 = CARTESIAN_POINT ( 'NONE',  ( 6.910287828073426120, 0.5447504732321580834, 3.671452389389159521 ) ) ;
#4178 =( NAMED_UNIT ( * ) PLANE_ANGLE_UNIT ( ) SI_UNIT ( $, .RADIAN. ) );
#4179 = EDGE_CURVE ( 'NONE', #5529, #5471, #174, .T. ) ;
#4180 =( NAMED_UNIT ( * ) PLANE_ANGLE_UNIT ( ) SI_UNIT ( $, .RADIAN. ) );
#4181 = CARTESIAN_POINT ( 'NONE',  ( 6.987478487011001604, 0.1702285897097840228, 0.6944903263395190152 ) ) ;
#4182 = FILL_AREA_STYLE ('',( #4283 ) ) ;
#4183 =( NAMED_UNIT ( * ) SI_UNIT ( $, .STERADIAN. ) SOLID_ANGLE_UNIT ( ) );
#4184 = PRESENTATION_STYLE_ASSIGNMENT (( #2061 ) ) ;
#4185 = CARTESIAN_POINT ( 'NONE',  ( 2.969662601183352013, 3.577927635947331986, 4.075000000000000178 ) ) ;
#4186 = B_SPLINE_SURFACE_WITH_KNOTS ( 'NONE', 3, 3, ( 
 ( #4586, #3151, #4234, #3721, #2649, #5118, #3619, #5703, #523, #493, #4651, #2684, #1066, #5218 ),
 ( #4717, #3589, #4166, #3052, #90, #6258, #3116, #53, #5181, #2145, #2050, #562, #4207, #6295 ),
 ( #1650, #1129, #1683, #3684, #5772, #1034, #3183, #5255, #632, #4748, #2172, #5808, #6330, #4104 ),
 ( #6190, #1551, #5670, #4907, #1225, #3775, #3278, #249, #3412, #211, #4838, #4368, #5934, #4328 ),
 ( #286, #4973, #2365, #3842, #5866, #2777, #6010, #5454, #6524, #5485, #5344, #854, #1335, #2916 ),
 ( #720, #3875, #2262, #6422, #4406, #2812, #1773, #5977, #3805, #3382, #826, #2887, #1262, #3306 ),
 ( #6459, #4946, #1836, #321, #1294, #3343, #5419, #792, #3063, #4531, #4566, #6107, #6651, #507 ),
 ( #5132, #4083, #411, #2466, #6138, #5098, #1498, #981, #381, #5619, #443, #1435, #3037, #4050 ),
 ( #2567, #2534, #6172, #4631, #949, #3475, #1897, #4600, #6580, #6684, #2031, #1526, #5516, #1931 ),
 ( #6614, #5655, #1014, #2501, #3977, #5553, #6074, #2978, #916, #1967, #1467, #3508, #5582, #2732 ),
 ( #3231, #6204, #578, #67, #3698, #1047, #1140, #3095, #5160, #537, #4662, #32, #2126, #2094 ),
 ( #4148, #6271, #1626, #611, #2664, #6378, #4935, #276, #3765, #2321, #5964, #2767, #4393, #1828 ),
 ( #1324, #4794, #4362, #311, #5446, #5477, #6415, #2354, #5891, #6514, #4830, #2803, #1855, #166 ),
 ( #3902, #5857, #5336, #202, #2457, #1424, #4522, #4074, #4559, #4490, #6642, #1888, #6604, #876 ),
 ( #5027, #6165, #1520, #3536, #973, #6098, #470, #2528, #3935, #5608, #6571, #1990, #1457, #1924 ),
 ( #4995, #3028, #4038, #2422, #4590, #3967, #3568, #5543, #402, #5646, #4003, #908, #6130, #2968 ),
 ( #1956, #938, #2908, #3498, #4966, #5088, #5574, #3000, #6674, #2022, #2390, #6031, #1390, #3433 ),
 ( #5055, #1634, #1600, #4224, #2605, #3137, #3170, #5204, #2194, #2133, #3671, #5239, #619, #6317 ),
 ( #6384, #5271, #1053, #6280, #5759, #1082, #3102, #5721, #5307, #2633, #3707, #1115, #1670, #6243 ),
 ( #5687, #5792, #2159, #585, #2671, #4734, #1149, #4669, #75, #3203, #4701, #4188, #107, #3739 ),
 ( #649, #4771, #3635, #2704, #1702, #143, #6349, #4253, #4292, #5825, #2228, #1185, #2739, #3239 ),
 ( #5166, #1738, #544, #682, #4800, #2099, #38, #176, #4153, #6535, #3017, #2443, #458, #4544 ),
 ( #2513, #4954, #6120, #928, #6628, #961, #4578, #5075, #3487, #5598, #5044, #6662, #6086, #3522 ),
 ( #5016, #862, #2010, #1447, #3922, #5561, #423, #1981, #5989, #3392, #391, #1909, #4025, #3990 ),
 ( #2377, #5493, #4510, #365, #1348, #3954, #1942, #1479, #5465, #836, #2926, #2898, #6561, #329 ),
 ( #4985, #6591, #4445, #1376, #3422, #2411, #4475, #6052, #1408, #3454, #5530, #896, #2957, #647 ),
 ( #2738, #2073, #5343, #3049, #4291, #5824, #4799, #5865, #719, #1224, #1700, #3774, #1183, #4836 ),
 ( #1736, #210, #3202, #5665, #2776, #6347, #2044, #3738, #3238, #5305, #4062, #1509, #5270, #13 ),
 ( #2193, #2703, #484, #3585, #4769, #5143, #6153, #4131, #141, #6214, #4252, #3558, #1025, #5634 ),
 ( #2579, #4642, #680, #175, #2226, #6383, #3277, #995, #2546, #4613, #1572, #6697, #4097, #6183 ),
 ( #3705, #3076, #1544, #518, #5791, #1147, #6458, #5933, #5975, #3381, #791, #2260, #2300, #4367 ),
 ( #1804, #4405, #2851, #4327, #4872, #6492, #247, #3841, #5377, #1293, #1334, #6420, #3341, #5418 ) ),
 .UNSPECIFIED., .F., .F., .F.,
 ( 4, 2, 2, 2, 2, 2, 2, 2, 2, 2, 2, 2, 2, 2, 2, 4 ),
 ( 4, 2, 2, 2, 2, 2, 4 ),
 ( 0.000000000000000000, 0.1138677236683495186, 0.1708015855025242780, 0.2277354473366990373, 0.3550188418927886502, 0.4186605391708334567, 0.4823022364488783187, 0.5155165454046271023, 0.5487308543603758304, 0.6151594722718732866, 0.6815880901833707428, 0.7480167080948681990, 0.8110125310711511215, 0.8740083540474341550, 0.9370041770237170775, 1.000000000000000000 ),
 ( 0.000000000000000000, 0.2500000000000000000, 0.3750000000000000000, 0.5000000000000000000, 0.6250000000000000000, 0.7500000000000000000, 1.000000000000000000 ),
 .UNSPECIFIED. ) ;
#4187 = DIRECTION ( 'NONE',  ( -0.003953937269740664950, -0.9999921831594820176, 0.000000000000000000 ) ) ;
#4188 = CARTESIAN_POINT ( 'NONE',  ( 0.6911852610769597671, 0.5180330719850434473, 0.1245423849492653945 ) ) ;
#4189 = VECTOR ( 'NONE', #4309, 1000.000000000000000 ) ;
#4190 = DIRECTION ( 'NONE',  ( -1.000000000000000000, -0.000000000000000000, -0.000000000000000000 ) ) ;
#4191 = VERTEX_POINT ( 'NONE', #5375 ) ;
#4192 = CARTESIAN_POINT ( 'NONE',  ( 7.103078381516745310, 0.5035115945656343239, 0.8638175634994005314 ) ) ;
#4193 = CARTESIAN_POINT ( 'NONE',  ( 6.155849204967857702, 0.9566014034431203905, 0.001003002360516081198 ) ) ;
#4194 = PRESENTATION_STYLE_ASSIGNMENT (( #2106 ) ) ;
#4195 = LINE ( 'NONE', #4064, #3991 ) ;
#4196 = CARTESIAN_POINT ( 'NONE',  ( 1.610967482264476391, -3.449398524634610386, 1.730000000000000204 ) ) ;
#4197 = UNCERTAINTY_MEASURE_WITH_UNIT (LENGTH_MEASURE( 1.000000000000000082E-05 ), #6042, 'distance_accuracy_value', 'NONE');
#4198 = ADVANCED_FACE ( 'NONE', ( #754 ), #1862, .F. ) ;
#4199 = AXIS2_PLACEMENT_3D ( 'NONE', #3004, #5130, #503 ) ;
#4200 = CARTESIAN_POINT ( 'NONE',  ( 4.610670731407198630, -2.479546513799929741, 1.729999999999999982 ) ) ;
#4201 = PRESENTATION_LAYER_ASSIGNMENT (  '', '', ( #3445 ) ) ;
#4202 = CARTESIAN_POINT ( 'NONE',  ( 4.576642799268681117, 3.090525030000000228, 4.075000000000000178 ) ) ;
#4203 = CARTESIAN_POINT ( 'NONE',  ( 6.515268525141960865, 0.4682453724901908254, 0.1602709166839573485 ) ) ;
#4204 = CARTESIAN_POINT ( 'NONE',  ( 0.4243955686388635185, 0.7121977860052188802, 3.888169321753821794 ) ) ;
#4205 = ORIENTED_EDGE ( 'NONE', *, *, #1431, .F. ) ;
#4206 = EDGE_CURVE ( 'NONE', #5471, #2049, #4870, .T. ) ;
#4207 = CARTESIAN_POINT ( 'NONE',  ( 0.4288764778157311275, 2.176046253971618509E-11, 0.9368725932107742072 ) ) ;
#4208 = CARTESIAN_POINT ( 'NONE',  ( 3.885131464652040734, -2.028836699693395751, 2.340000000000000302 ) ) ;
#4209 = CARTESIAN_POINT ( 'NONE',  ( 6.294581986513164473, 0.6756078950172528241, 4.016544490880607832 ) ) ;
#4210 = CARTESIAN_POINT ( 'NONE',  ( 6.217185638696852479, 0.7856287272239951269, 4.046880152285966759 ) ) ;
#4211 = CARTESIAN_POINT ( 'NONE',  ( 0.1016839283448842668, 0.2781007631883545272, 3.441321041783718115 ) ) ;
#4212 = ORIENTED_EDGE ( 'NONE', *, *, #1007, .F. ) ;
#4213 =( NAMED_UNIT ( * ) PLANE_ANGLE_UNIT ( ) SI_UNIT ( $, .RADIAN. ) );
#4214 = PRESENTATION_LAYER_ASSIGNMENT (  '', '', ( #6290 ) ) ;
#4215 = CARTESIAN_POINT ( 'NONE',  ( 6.926319131789647976, 0.5918404415162283883, 3.648840062930563288 ) ) ;
#4216 = CARTESIAN_POINT ( 'NONE',  ( 2.408195296242511940, 3.090525030000000228, 4.070000000000000284 ) ) ;
#4217 = DIRECTION ( 'NONE',  ( 0.2745159998572713200, 0.9615825319869130139, 0.000000000000000000 ) ) ;
#4218 = PRESENTATION_LAYER_ASSIGNMENT (  '', '', ( #3134 ) ) ;
#4219 = DIRECTION ( 'NONE',  ( 1.000000000000000000, 0.000000000000000000, 0.000000000000000000 ) ) ;
#4220 = LINE ( 'NONE', #3167, #1100 ) ;
#4221 = FILL_AREA_STYLE ('',( #2191 ) ) ;
#4222 =( NAMED_UNIT ( * ) SI_UNIT ( $, .STERADIAN. ) SOLID_ANGLE_UNIT ( ) );
#4223 = STYLED_ITEM ( 'NONE', ( #2593 ), #6399 ) ;
#4224 = CARTESIAN_POINT ( 'NONE',  ( 0.4682453724904326320, 0.5947314748582985811, 0.1602709166837387178 ) ) ;
#4225 = CARTESIAN_POINT ( 'NONE',  ( 6.598472568716048592, 0.02305484356102228266, 0.7841378393120750356 ) ) ;
#4226 = PRESENTATION_STYLE_ASSIGNMENT (( #4908 ) ) ;
#4227 = CARTESIAN_POINT ( 'NONE',  ( 6.134995200536730309, 0.9809337332737551041, -2.299568606903805263E-18 ) ) ;
#4228 = PRESENTATION_STYLE_ASSIGNMENT (( #4776 ) ) ;
#4229 = DIRECTION ( 'NONE',  ( 1.000000000000000000, 0.000000000000000000, 0.000000000000000000 ) ) ;
#4230 = CARTESIAN_POINT ( 'NONE',  ( 1.880952133921842018, -3.442656947334646222, 1.730000000000000426 ) ) ;
#4231 = CARTESIAN_POINT ( 'NONE',  ( 4.766310632698917082, -2.651590930006802349, 2.340000000000000302 ) ) ;
#4232 = CARTESIAN_POINT ( 'NONE',  ( 6.641754665098291710, 0.5947315186476607174, 0.1602709301364557137 ) ) ;
#4233 = CARTESIAN_POINT ( 'NONE',  ( 0.5531419747406550735, 0.5017793621273390903, 3.919402681346652706 ) ) ;
#4234 = CARTESIAN_POINT ( 'NONE',  ( 0.001512769847610703593, 0.3560760931651162364, 1.000000000000000444 ) ) ;
#4235 = DIRECTION ( 'NONE',  ( 0.000000000000000000, -1.000000000000000000, 0.000000000000000000 ) ) ;
#4236 = CARTESIAN_POINT ( 'NONE',  ( 2.591360463760762567, 3.090525030000000228, 4.075000000000000178 ) ) ;
#4237 = CARTESIAN_POINT ( 'NONE',  ( 6.236122305043765301, 0.8036112754203028619, 4.050510944598579854 ) ) ;
#4238 = CARTESIAN_POINT ( 'NONE',  ( 6.124702798249597180, 0.9705944035013969184, 4.070000000000000284 ) ) ;
#4239 = CARTESIAN_POINT ( 'NONE',  ( 0.000000000000000000, 5.733170000000000321, 4.070000000000000284 ) ) ;
#4240 = CARTESIAN_POINT ( 'NONE',  ( 0.06471229779374756963, 0.3988365978593046424, 3.413703709173461220 ) ) ;
#4241 = ORIENTED_EDGE ( 'NONE', *, *, #2733, .T. ) ;
#4242 = DIRECTION ( 'NONE',  ( -1.000000000000000000, 0.000000000000000000, -0.000000000000000000 ) ) ;
#4243 = CARTESIAN_POINT ( 'NONE',  ( 4.483185878743278785, 3.465937844562223091, 4.075000000000000178 ) ) ;
#4244 = CARTESIAN_POINT ( 'NONE',  ( 6.729025432472324653, 0.1866103440998226060, 3.632433656391188759 ) ) ;
#4245 = SURFACE_STYLE_USAGE ( .BOTH. , #200 ) ;
#4246 = SURFACE_STYLE_FILL_AREA ( #710 ) ;
#4247 = CARTESIAN_POINT ( 'NONE',  ( 0.8355970961551860698, 0.6711039339534452530, 4.014491430054682120 ) ) ;
#4248 = PRESENTATION_STYLE_ASSIGNMENT (( #3836 ) ) ;
#4249 = PRESENTATION_STYLE_ASSIGNMENT (( #4733 ) ) ;
#4250 = FACE_OUTER_BOUND ( 'NONE', #1094, .T. ) ;
#4251 =( NAMED_UNIT ( * ) PLANE_ANGLE_UNIT ( ) SI_UNIT ( $, .RADIAN. ) );
#4252 = CARTESIAN_POINT ( 'NONE',  ( 0.9217549452980660085, 0.8968436091486896578, 0.005502348501723044842 ) ) ;
#4253 = CARTESIAN_POINT ( 'NONE',  ( 0.6335025815094063040, 0.6125857791489189852, 0.09454176752422228935 ) ) ;
#4254 = PRESENTATION_LAYER_ASSIGNMENT (  '', '', ( #4696 ) ) ;
#4255 = CARTESIAN_POINT ( 'NONE',  ( 6.860680866339381012, 0.06500726743041133904, 0.7441900980389286602 ) ) ;
#4256 = ORIENTED_EDGE ( 'NONE', *, *, #208, .T. ) ;
#4257 =( LENGTH_UNIT ( ) NAMED_UNIT ( * ) SI_UNIT ( .MILLI., .METRE. ) );
#4258 = CIRCLE ( 'NONE', #3173, 1.000000000000000000 ) ;
#4259 = EDGE_CURVE ( 'NONE', #4501, #6446, #1802, .T. ) ;
#4260 = CARTESIAN_POINT ( 'NONE',  ( 6.230496113323072294, 0.8920248929339025246, 0.008262723214809874345 ) ) ;
#4261 = CARTESIAN_POINT ( 'NONE',  ( 2.183307831602216087, 3.090525030000000228, 4.075000000000000178 ) ) ;
#4262 = CARTESIAN_POINT ( 'NONE',  ( 2.614868535347959710, -2.028836699693395751, 2.340000000000000302 ) ) ;
#4263 = CARTESIAN_POINT ( 'NONE',  ( 3.990797761961201395, -2.606592368049555741, 1.730000000000000648 ) ) ;
#4264 = CARTESIAN_POINT ( 'NONE',  ( 6.725647356682865841, 0.6032015513506232551, 0.2134196255339887993 ) ) ;
#4265 = CARTESIAN_POINT ( 'NONE',  ( 0.6829483420201233335, 0.4440189224716499794, 3.901919890864714802 ) ) ;
#4266 = ORIENTED_EDGE ( 'NONE', *, *, #1409, .T. ) ;
#4267 = DIRECTION ( 'NONE',  ( 1.000000000000000000, 0.000000000000000000, 0.000000000000000000 ) ) ;
#4268 = CARTESIAN_POINT ( 'NONE',  ( 1.014999999999997016, -3.426829999999996268, 1.729999999999999760 ) ) ;
#4269 = CARTESIAN_POINT ( 'NONE',  ( 6.203220711242035890, 0.9117930217408520832, 4.064899661893435656 ) ) ;
#4270 = CARTESIAN_POINT ( 'NONE',  ( 1.190654425277224426, -3.016415516703255140, 1.730000000000000204 ) ) ;
#4271 = STYLED_ITEM ( 'NONE', ( #4324 ), #4198 ) ;
#4272 = CARTESIAN_POINT ( 'NONE',  ( 0.1146815232561712999, 0.2877658184704572908, 3.477437243059665395 ) ) ;
#4273 = ORIENTED_EDGE ( 'NONE', *, *, #5089, .T. ) ;
#4274 = PRESENTATION_LAYER_ASSIGNMENT (  '', '', ( #3947 ) ) ;
#4275 = ORIENTED_EDGE ( 'NONE', *, *, #3397, .T. ) ;
#4276 = CARTESIAN_POINT ( 'NONE',  ( 3.307048709871231118, 3.090525030000000228, 4.075000000000000178 ) ) ;
#4277 = CARTESIAN_POINT ( 'NONE',  ( 3.196409759331552358, 3.205053595892337626, 4.070000000000000284 ) ) ;
#4278 = LINE ( 'NONE', #4243, #6385 ) ;
#4279 = CARTESIAN_POINT ( 'NONE',  ( 6.791949928976123374, 0.6590250355897474543, 3.801596239440636626 ) ) ;
#4280 = CARTESIAN_POINT ( 'NONE',  ( 3.199896684183510143, 3.090525030000000228, 4.075000000000000178 ) ) ;
#4281 =( LENGTH_UNIT ( ) NAMED_UNIT ( * ) SI_UNIT ( .MILLI., .METRE. ) );
#4282 = COLOUR_RGB ( '',0.5647058823529411686, 0.3019607843137254721, 0.1294117647058823373 ) ;
#4283 = FILL_AREA_STYLE_COLOUR ( '', #6460 ) ;
#4284 = SURFACE_SIDE_STYLE ('',( #4832 ) ) ;
#4285 =( NAMED_UNIT ( * ) PLANE_ANGLE_UNIT ( ) SI_UNIT ( $, .RADIAN. ) );
#4286 = UNCERTAINTY_MEASURE_WITH_UNIT (LENGTH_MEASURE( 1.000000000000000082E-05 ), #6162, 'distance_accuracy_value', 'NONE');
#4287 = DIRECTION ( 'NONE',  ( -0.9615825319869131249, 0.2745159998572712090, 0.000000000000000000 ) ) ;
#4288 = SURFACE_STYLE_FILL_AREA ( #2361 ) ;
#4289 = EDGE_CURVE ( 'NONE', #4726, #4747, #2888, .T. ) ;
#4290 = FILL_AREA_STYLE_COLOUR ( '', #869 ) ;
#4291 = CARTESIAN_POINT ( 'NONE',  ( 0.8209054504478325853, 0.8559736421846514398, 0.01729453726481313888 ) ) ;
#4292 = CARTESIAN_POINT ( 'NONE',  ( 0.6441314385868650572, 0.6025452678506340032, 0.09545477617718740870 ) ) ;
#4293 = UNCERTAINTY_MEASURE_WITH_UNIT (LENGTH_MEASURE( 1.000000000000000082E-05 ), #5821, 'distance_accuracy_value', 'NONE');
#4294 = CARTESIAN_POINT ( 'NONE',  ( 7.109999999978239948, 0.4288764778164866898, 0.9368725932103519893 ) ) ;
#4295 = CARTESIAN_POINT ( 'NONE',  ( 3.336523754250167784, 3.692512944455525137, 4.075000000000000178 ) ) ;
#4296 = FILL_AREA_STYLE_COLOUR ( '', #5232 ) ;
#4297 = CARTESIAN_POINT ( 'NONE',  ( 6.609999999999999432, 0.000000000000000000, 1.000000000000000000 ) ) ;
#4298 = FILL_AREA_STYLE ('',( #2784 ) ) ;
#4299 = CARTESIAN_POINT ( 'NONE',  ( 2.408195296242511940, 3.090525030000000228, 4.075000000000000178 ) ) ;
#4300 = CARTESIAN_POINT ( 'NONE',  ( 4.403965596038169394, -3.149735032738657736, 2.340000000000000302 ) ) ;
#4301 =( GEOMETRIC_REPRESENTATION_CONTEXT ( 3 ) GLOBAL_UNCERTAINTY_ASSIGNED_CONTEXT ( ( #6246 ) ) GLOBAL_UNIT_ASSIGNED_CONTEXT ( ( #3293, #192, #1133 ) ) REPRESENTATION_CONTEXT ( 'NONE', 'WORKASPACE' ) );
#4302 = CARTESIAN_POINT ( 'NONE',  ( 6.554470533991583636, 0.4172039133927540333, 0.1970578146973178679 ) ) ;
#4303 = CARTESIAN_POINT ( 'NONE',  ( 0.6925125960828614202, 0.8462562960608505103, 4.021972930065509821 ) ) ;
#4304 = ORIENTED_EDGE ( 'NONE', *, *, #1409, .F. ) ;
#4305 = EDGE_CURVE ( 'NONE', #6077, #1247, #678, .T. ) ;
#4306 = VERTEX_POINT ( 'NONE', #1770 ) ;
#4307 = FILL_AREA_STYLE_COLOUR ( '', #3039 ) ;
#4308 = CARTESIAN_POINT ( 'NONE',  ( 6.262034655441722109, 0.9239826706297656900, 4.058500944413968803 ) ) ;
#4309 = DIRECTION ( 'NONE',  ( -0.000000000000000000, -0.000000000000000000, -1.000000000000000000 ) ) ;
#4310 = CARTESIAN_POINT ( 'NONE',  ( 6.642983046958025106, 0.06585031694187010176, 0.6410416492011073997 ) ) ;
#4311 = DIRECTION ( 'NONE',  ( -1.000000000000000000, 0.000000000000000000, 0.000000000000000000 ) ) ;
#4312 = CARTESIAN_POINT ( 'NONE',  ( 0.07731064448202934480, 0.1274643379606442695, 3.210336406886283633 ) ) ;
#4313 = ORIENTED_EDGE ( 'NONE', *, *, #4924, .T. ) ;
#4314 = ORIENTED_EDGE ( 'NONE', *, *, #3674, .F. ) ;
#4315 = FILL_AREA_STYLE ('',( #4826 ) ) ;
#4316 = PRESENTATION_STYLE_ASSIGNMENT (( #2250 ) ) ;
#4317 = CARTESIAN_POINT ( 'NONE',  ( 6.801142678682076337, 0.5557829095222366345, 3.790057935699848279 ) ) ;
#4318 = LINE ( 'NONE', #239, #4532 ) ;
#4319 = VECTOR ( 'NONE', #3532, 1000.000000000000000 ) ;
#4320 = SURFACE_STYLE_USAGE ( .BOTH. , #2697 ) ;
#4321 = CARTESIAN_POINT ( 'NONE',  ( 0.000000000000000000, 0.5000000000000000000, 1.288833333333332165 ) ) ;
#4322 = CARTESIAN_POINT ( 'NONE',  ( 5.485004768272708553, -10.42924190173453347, 2.340000000000000302 ) ) ;
#4323 = AXIS2_PLACEMENT_3D ( 'NONE', #2651, #1613, #122 ) ;
#4324 = PRESENTATION_STYLE_ASSIGNMENT (( #4401 ) ) ;
#4325 = MECHANICAL_DESIGN_GEOMETRIC_PRESENTATION_REPRESENTATION (  '', ( #2060 ), #1637 ) ;
#4326 = CARTESIAN_POINT ( 'NONE',  ( 3.569738375644026629, 3.262445043772758790, 4.070000000000000284 ) ) ;
#4327 = CARTESIAN_POINT ( 'NONE',  ( 1.000000000000000000, 1.000000000000000000, 0.000000000000000000 ) ) ;
#4328 = CARTESIAN_POINT ( 'NONE',  ( 0.5115274312839462878, 0.02305484356102275798, 0.7841378393120731483 ) ) ;
#4329 = CARTESIAN_POINT ( 'NONE',  ( 6.607309642202659816, 0.005380749248660159079, 0.8782887918487751744 ) ) ;
#4330 = CARTESIAN_POINT ( 'NONE',  ( 4.887746094348463188, 3.576280269646407994, 4.075000000000000178 ) ) ;
#4331 = DIRECTION ( 'NONE',  ( 0.9610664548999066081, -0.2763173343569415574, 0.000000000000000000 ) ) ;
#4332 = CARTESIAN_POINT ( 'NONE',  ( 5.129306663594790372, -2.152794706084732557, 1.730000000000000648 ) ) ;
#4333 = AXIS2_PLACEMENT_3D ( 'NONE', #5286, #5322, #806 ) ;
#4334 =( LENGTH_UNIT ( ) NAMED_UNIT ( * ) SI_UNIT ( .MILLI., .METRE. ) );
#4335 = SURFACE_SIDE_STYLE ('',( #5003 ) ) ;
#4336 = CARTESIAN_POINT ( 'NONE',  ( 1.190654425277224426, -3.016415516703255140, 1.730000000000000204 ) ) ;
#4337 = CARTESIAN_POINT ( 'NONE',  ( 3.891346612744803313, -2.193807365241617902, 2.340000000000000302 ) ) ;
#4338 = EDGE_CURVE ( 'NONE', #1209, #5210, #5341, .T. ) ;
#4339 = MECHANICAL_DESIGN_GEOMETRIC_PRESENTATION_REPRESENTATION (  '', ( #2608 ), #4116 ) ;
#4340 = PRESENTATION_LAYER_ASSIGNMENT (  '', '', ( #358 ) ) ;
#4341 = CARTESIAN_POINT ( 'NONE',  ( 6.369572177098598686, 0.4808556410900259315, 0.1448936177166280093 ) ) ;
#4342 = CARTESIAN_POINT ( 'NONE',  ( 0.6158555415733965033, 0.7817748277818400426, 3.994009337888022149 ) ) ;
#4343 = VERTEX_POINT ( 'NONE', #3802 ) ;
#4344 = VERTEX_POINT ( 'NONE', #789 ) ;
#4345 = PLANE ( 'NONE',  #4891 ) ;
#4346 =( NAMED_UNIT ( * ) PLANE_ANGLE_UNIT ( ) SI_UNIT ( $, .RADIAN. ) );
#4347 = CARTESIAN_POINT ( 'NONE',  ( 6.315466859751804662, 0.8347106692023293917, 4.047209048880177740 ) ) ;
#4348 = B_SPLINE_CURVE_WITH_KNOTS ( 'NONE', 3,
 ( #6665, #6596, #4192, #4581, #5565, #1947, #1511, #3994, #6090, #2012, #3490, #931, #5047, #427, #2483, #963, #3019, #5078, #652, #6353, #179, #1672, #3280, #2230, #3309, #2779, #1296, #6425, #4804, #3711, #5274 ),
 .UNSPECIFIED., .F., .F.,
 ( 4, 2, 2, 2, 2, 2, 2, 1, 2, 2, 2, 2, 1, 1, 2, 2, 4 ),
 ( 0.000000000000000000, 0.1249999999999998890, 0.1874999999999997224, 0.2187499999999994171, 0.2499999999999991118, 0.3749999999999998890, 0.4375000000000002776, 0.4687500000000004441, 0.4843750000000004996, 0.5000000000000005551, 0.6249999999999996669, 0.6874999999999986677, 0.7187499999999974465, 0.7343749999999974465, 0.7421874999999968914, 0.7499999999999963363, 1.000000000000000000 ),
 .UNSPECIFIED. ) ;
#4349 =( GEOMETRIC_REPRESENTATION_CONTEXT ( 3 ) GLOBAL_UNCERTAINTY_ASSIGNED_CONTEXT ( ( #6324 ) ) GLOBAL_UNIT_ASSIGNED_CONTEXT ( ( #5896, #3377, #6520 ) ) REPRESENTATION_CONTEXT ( 'NONE', 'WORKASPACE' ) );
#4350 = CARTESIAN_POINT ( 'NONE',  ( 6.355062611470766676, 0.5098747719690728264, 3.942138605668698670 ) ) ;
#4351 = CARTESIAN_POINT ( 'NONE',  ( 6.792634626448042390, 0.1039184276441238314, 0.5996695868000164742 ) ) ;
#4352 = ADVANCED_FACE ( 'NONE', ( #207 ), #4496, .T. ) ;
#4353 = CARTESIAN_POINT ( 'NONE',  ( 1.976328068663353532, -2.159801285602718668, 1.730000000000000648 ) ) ;
#4354 = AXIS2_PLACEMENT_3D ( 'NONE', #1095, #4235, #563 ) ;
#4355 = CARTESIAN_POINT ( 'NONE',  ( 0.5413494471024152821, 0.2853000156989710101, 3.766408959786978983 ) ) ;
#4356 = ORIENTED_EDGE ( 'NONE', *, *, #4909, .F. ) ;
#4357 = ORIENTED_EDGE ( 'NONE', *, *, #1459, .T. ) ;
#4358 = FILL_AREA_STYLE_COLOUR ( '', #3523 ) ;
#4359 = LINE ( 'NONE', #4827, #526 ) ;
#4360 = CARTESIAN_POINT ( 'NONE',  ( 6.682170777677213458, 0.3612735450806838222, 3.799393028733136557 ) ) ;
#4362 = CARTESIAN_POINT ( 'NONE',  ( 0.3088573213198149703, 0.5557829095201765046, 0.2799420643035554490 ) ) ;
#4361 = PRESENTATION_STYLE_ASSIGNMENT (( #2731 ) ) ;
#4363 = FACE_OUTER_BOUND ( 'NONE', #2520, .T. ) ;
#4364 = CARTESIAN_POINT ( 'NONE',  ( 4.671910683639892703, -2.561600740389322617, 2.339999999999999858 ) ) ;
#4365 = LINE ( 'NONE', #4833, #1701 ) ;
#4366 =( NAMED_UNIT ( * ) SI_UNIT ( $, .STERADIAN. ) SOLID_ANGLE_UNIT ( ) );
#4367 = CARTESIAN_POINT ( 'NONE',  ( 0.9852972017503370816, 0.9705944035014091309, -1.275264350307150907E-17 ) ) ;
#4368 = CARTESIAN_POINT ( 'NONE',  ( 0.3789138323231935890, 0.03322886807140350979, 0.7619913825302123689 ) ) ;
#4369 = CARTESIAN_POINT ( 'NONE',  ( 3.721015387041697320, 3.090525030000000228, 4.070000000000000284 ) ) ;
#4370 =( NAMED_UNIT ( * ) SI_UNIT ( $, .STERADIAN. ) SOLID_ANGLE_UNIT ( ) );
#4371 = FACE_OUTER_BOUND ( 'NONE', #4031, .T. ) ;
#4372 = CARTESIAN_POINT ( 'NONE',  ( 5.576474546506592134, -2.877802867496531469, 2.339999999999999414 ) ) ;
#4373 = VECTOR ( 'NONE', #2152, 1000.000000000000000 ) ;
#4374 = CARTESIAN_POINT ( 'NONE',  ( 1.091406348873059207, -2.361692885623173588, 1.730000000000000426 ) ) ;
#4375 = CARTESIAN_POINT ( 'NONE',  ( 5.977971168923231104, -3.069200569082300323, 1.730000000000000648 ) ) ;
#4376 = CARTESIAN_POINT ( 'NONE',  ( 6.400644237243553469, 0.5457320502789071437, 0.1097874604530089393 ) ) ;
#4377 = CARTESIAN_POINT ( 'NONE',  ( 0.7158905574549550010, 0.7717997717205370423, 4.025617293224805771 ) ) ;
#4378 = ORIENTED_EDGE ( 'NONE', *, *, #3473, .T. ) ;
#4379 = COLOUR_RGB ( '',0.5647058823529411686, 0.3019607843137254721, 0.1294117647058823373 ) ;
#4380 = LINE ( 'NONE', #5359, #4449 ) ;
#4381 = EDGE_CURVE ( 'NONE', #2925, #6566, #3941, .T. ) ;
#4382 = CARTESIAN_POINT ( 'NONE',  ( 6.345129587069700428, 0.8659338324488135008, 4.042194753949760688 ) ) ;
#4383 = CARTESIAN_POINT ( 'NONE',  ( 6.788051376121632785, 0.1573368520086587119, 0.4904120166222168953 ) ) ;
#4384 = CARTESIAN_POINT ( 'NONE',  ( 1.014999999999997016, -3.426829999999996268, 2.339999999999999858 ) ) ;
#4385 = CARTESIAN_POINT ( 'NONE',  ( 0.4987609929478318271, 0.2182864315532178079, 3.690565947211519759 ) ) ;
#4386 = ORIENTED_EDGE ( 'NONE', *, *, #5385, .F. ) ;
#4387 = ORIENTED_EDGE ( 'NONE', *, *, #5799, .T. ) ;
#4388 = FILL_AREA_STYLE_COLOUR ( '', #5410 ) ;
#4389 = CARTESIAN_POINT ( 'NONE',  ( 3.721015387041697320, 3.090525030000000228, 4.075000000000000178 ) ) ;
#4390 = DIRECTION ( 'NONE',  ( -0.000000000000000000, -0.000000000000000000, 1.000000000000000000 ) ) ;
#4391 = CARTESIAN_POINT ( 'NONE',  ( 6.764300063408313690, 0.5788746665259465463, 3.824098234487485648 ) ) ;
#4393 = CARTESIAN_POINT ( 'NONE',  ( 0.5814199004531900306, 0.2646633129803884765, 0.3208233731610641848 ) ) ;
#4392 = SURFACE_SIDE_STYLE ('',( #4934 ) ) ;
#4394 = EDGE_CURVE ( 'NONE', #3075, #5569, #1267, .T. ) ;
#4395 = MECHANICAL_DESIGN_GEOMETRIC_PRESENTATION_REPRESENTATION (  '', ( #5690 ), #4057 ) ;
#4396 = AXIS2_PLACEMENT_3D ( 'NONE', #5449, #3376, #1288 ) ;
#4397 = CARTESIAN_POINT ( 'NONE',  ( 5.576474546506592134, -2.877802867496531469, 2.339999999999999414 ) ) ;
#4398 = CARTESIAN_POINT ( 'NONE',  ( 1.014999999999998126, -10.42682999999999716, 1.729999999999999760 ) ) ;
#4399 = DIRECTION ( 'NONE',  ( -1.000000000000000000, 0.000000000000000000, 0.000000000000000000 ) ) ;
#4400 = ORIENTED_EDGE ( 'NONE', *, *, #4890, .T. ) ;
#4401 = SURFACE_STYLE_USAGE ( .BOTH. , #823 ) ;
#4402 = EDGE_CURVE ( 'NONE', #5613, #1933, #3944, .T. ) ;
#4403 = CARTESIAN_POINT ( 'NONE',  ( 6.192834236065703379, 0.9585828819658926969, 4.070000000000002061 ) ) ;
#4404 = CARTESIAN_POINT ( 'NONE',  ( 7.065187765680279952, 0.1455283435138715886, 3.069999999999998952 ) ) ;
#4405 = CARTESIAN_POINT ( 'NONE',  ( 1.000000000000000000, 1.000000000000000000, 0.000000000000000000 ) ) ;
#4406 = CARTESIAN_POINT ( 'NONE',  ( 0.1016839524004978512, 0.2781007934276857330, 0.6286789330287880784 ) ) ;
#4407 = CARTESIAN_POINT ( 'NONE',  ( 2.438089316360104952, -2.561600740389324393, 1.729999999999999982 ) ) ;
#4408 = CARTESIAN_POINT ( 'NONE',  ( 2.276993553002562898, 3.417388129336544456, 4.075000000000000178 ) ) ;
#4409 = CARTESIAN_POINT ( 'NONE',  ( 6.325200594876199567, 0.5695988061298054017, 0.09677582381699094405 ) ) ;
#4410 = CARTESIAN_POINT ( 'NONE',  ( 4.671910683639892703, -2.561600740389322617, 2.339999999999999858 ) ) ;
#4411 = CARTESIAN_POINT ( 'NONE',  ( 0.000000000000000000, 0.000000000000000000, 4.070000000000000284 ) ) ;
#4412 = CARTESIAN_POINT ( 'NONE',  ( 5.242545448447562428, -2.201103246196137508, 1.729999999999999760 ) ) ;
#4413 = CARTESIAN_POINT ( 'NONE',  ( 6.615722002487815168, 0.6150870814038092993, 0.1441368555638228854 ) ) ;
#4414 = CARTESIAN_POINT ( 'NONE',  ( 0.7174808252238078499, 0.8187233599236655168, 4.029329709716871655 ) ) ;
#4415 = LINE ( 'NONE', #2717, #1326 ) ;
#4416 =( LENGTH_UNIT ( ) NAMED_UNIT ( * ) SI_UNIT ( .MILLI., .METRE. ) );
#4417 = CARTESIAN_POINT ( 'NONE',  ( 6.129066266726145074, 0.9750047994631981796, 4.070000000000000284 ) ) ;
#4418 = AXIS2_PLACEMENT_3D ( 'NONE', #3592, #527, #3625 ) ;
#4419 = CARTESIAN_POINT ( 'NONE',  ( 1.962097939078506714, -2.167984846651181297, 2.339999999999999414 ) ) ;
#4420 = ADVANCED_FACE ( 'NONE', ( #1364 ), #3409, .T. ) ;
#4421 = CARTESIAN_POINT ( 'NONE',  ( 0.2258227924984002322, 0.3064619371319428631, 3.650260472642942400 ) ) ;
#4422 = ORIENTED_EDGE ( 'NONE', *, *, #2733, .F. ) ;
#4423 = ORIENTED_EDGE ( 'NONE', *, *, #700, .T. ) ;
#4424 = LINE ( 'NONE', #3367, #546 ) ;
#4425 = FILL_AREA_STYLE_COLOUR ( '', #1190 ) ;
#4426 = PRESENTATION_STYLE_ASSIGNMENT (( #1921 ) ) ;
#4427 = CARTESIAN_POINT ( 'NONE',  ( 6.599405226204248187, 0.3917479796966306660, 3.846895622455327679 ) ) ;
#4428 = LINE ( 'NONE', #1426, #6707 ) ;
#4429 = ADVANCED_FACE ( 'NONE', ( #4658 ), #5650, .F. ) ;
#4430 = CYLINDRICAL_SURFACE ( 'NONE', #941, 0.3050000000000001599 ) ;
#4431 = CARTESIAN_POINT ( 'NONE',  ( 6.681786138431641930, 0.2873372088849394657, 0.3260087078534772975 ) ) ;
#4432 = DIRECTION ( 'NONE',  ( -0.000000000000000000, -0.000000000000000000, -1.000000000000000000 ) ) ;
#4433 = ORIENTED_EDGE ( 'NONE', *, *, #4305, .F. ) ;
#4434 = CARTESIAN_POINT ( 'NONE',  ( 6.465327755337074045, 0.8223410737162576423, 4.004745654132896959 ) ) ;
#4435 = SURFACE_SIDE_STYLE ('',( #4871 ) ) ;
#4436 = B_SPLINE_CURVE_WITH_KNOTS ( 'NONE', 3,
 ( #3220, #4238, #6333, #665, #5222, #4210, #155, #1655, #2209, #2280, #6442, #4350, #1785, #4854, #228, #5408, #1829, #4492, #1797, #879, #3865, #1361, #4997, #5544, #5966, #6033, #4898, #2355, #2938, #3405, #374, #5508 ),
 .UNSPECIFIED., .F., .F.,
 ( 4, 2, 2, 2, 2, 2, 2, 2, 2, 2, 2, 2, 2, 2, 2, 4 ),
 ( 0.000000000000000000, 0.06299582297628469885, 0.1259916459525693977, 0.1889874689288540965, 0.2519832919051387954, 0.3184119098166366957, 0.3848405277281345960, 0.4512691456396324963, 0.4844834545953814464, 0.5176977635511303966, 0.5813394608291743149, 0.6449811581072182332, 0.7722645526633059587, 0.8291984144974794413, 0.8861322763316530349, 1.000000000000000000 ),
 .UNSPECIFIED. ) ;
#4437 =( GEOMETRIC_REPRESENTATION_CONTEXT ( 3 ) GLOBAL_UNCERTAINTY_ASSIGNED_CONTEXT ( ( #5657 ) ) GLOBAL_UNIT_ASSIGNED_CONTEXT ( ( #2132, #4251, #6278 ) ) REPRESENTATION_CONTEXT ( 'NONE', 'WORKASPACE' ) );
#4438 = CARTESIAN_POINT ( 'NONE',  ( 5.325461604718587871, -2.840088667668843492, 2.339999999999999858 ) ) ;
#4439 = CARTESIAN_POINT ( 'NONE',  ( 3.218653387255204112, -2.193807365241618790, 1.730000000000000648 ) ) ;
#4440 = STYLED_ITEM ( 'NONE', ( #566 ), #3057 ) ;
#4441 = CARTESIAN_POINT ( 'NONE',  ( 6.094999999999994422, -3.426829999999992715, 2.340000000000000302 ) ) ;
#4442 = CARTESIAN_POINT ( 'NONE',  ( 6.465722603893687470, 0.5567651530347093036, 0.1117769170795480382 ) ) ;
#4443 = CARTESIAN_POINT ( 'NONE',  ( 0.7544201015026198442, 0.7798342023645770116, 4.034851115697912327 ) ) ;
#4444 = VERTEX_POINT ( 'NONE', #6232 ) ;
#4445 = CARTESIAN_POINT ( 'NONE',  ( 0.7748242234143445373, 0.8553134707855966079, 0.02564480772785046603 ) ) ;
#4446 = SURFACE_SIDE_STYLE ('',( #5466 ) ) ;
#4447 = CARTESIAN_POINT ( 'NONE',  ( 6.144840494443718271, 0.9455244009715242370, 4.068799633384080572 ) ) ;
#4448 = MECHANICAL_DESIGN_GEOMETRIC_PRESENTATION_REPRESENTATION (  '', ( #2712 ), #128 ) ;
#4449 = VECTOR ( 'NONE', #4814, 1000.000000000000114 ) ;
#4450 = CARTESIAN_POINT ( 'NONE',  ( 0.4133792981554905710, -3.216821133043453074, 2.339999999999999858 ) ) ;
#4451 = CARTESIAN_POINT ( 'NONE',  ( 0.1836808682103585333, 0.5918404415162314969, 3.648840062930562400 ) ) ;
#4452 = ORIENTED_EDGE ( 'NONE', *, *, #4090, .T. ) ;
#4453 =( LENGTH_UNIT ( ) NAMED_UNIT ( * ) SI_UNIT ( .MILLI., .METRE. ) );
#4454 = LINE ( 'NONE', #3330, #5175 ) ;
#4455 = LINE ( 'NONE', #309, #447 ) ;
#4456 = CARTESIAN_POINT ( 'NONE',  ( 6.608220637873086112, 0.5531419747402395171, 3.919402681345923067 ) ) ;
#4457 = DIRECTION ( 'NONE',  ( -0.000000000000000000, -0.000000000000000000, -1.000000000000000000 ) ) ;
#4458 = CARTESIAN_POINT ( 'NONE',  ( 6.094999999999992646, -10.42682999999999360, 2.035000000000000142 ) ) ;
#4459 = FACE_OUTER_BOUND ( 'NONE', #4043, .T. ) ;
#4460 = LINE ( 'NONE', #3939, #136 ) ;
#4461 = VERTEX_POINT ( 'NONE', #501 ) ;
#4462 = PRESENTATION_STYLE_ASSIGNMENT (( #5000 ) ) ;
#4463 = CARTESIAN_POINT ( 'NONE',  ( 6.759122585450045406, 0.6754626853663535657, 3.830934488775000979 ) ) ;
#4464 = CARTESIAN_POINT ( 'NONE',  ( 6.676462782184152012, 0.006181492092614059020, 3.200307768388482632 ) ) ;
#4465 = EDGE_CURVE ( 'NONE', #4960, #1531, #2563, .T. ) ;
#4466 = VERTEX_POINT ( 'NONE', #532 ) ;
#4467 = CARTESIAN_POINT ( 'NONE',  ( 4.560052212777996772, -2.379693537067144149, 1.730000000000000426 ) ) ;
#4468 = CARTESIAN_POINT ( 'NONE',  ( 4.716302853248409477, 3.576280269647910348, 4.070000000000000284 ) ) ;
#4469 = CARTESIAN_POINT ( 'NONE',  ( 6.063887104610309109, -3.211654731536661700, 2.340000000000000302 ) ) ;
#4470 = EDGE_CURVE ( 'NONE', #1169, #2925, #1590, .T. ) ;
#4471 = CARTESIAN_POINT ( 'NONE',  ( 4.499849145671947603, -2.126473639938910587, 1.730000000000001092 ) ) ;
#4472 = CARTESIAN_POINT ( 'NONE',  ( 6.364142444452113523, 0.6023663673924962714, 0.08285073045367387368 ) ) ;
#4473 = CARTESIAN_POINT ( 'NONE',  ( 0.8604075853402129992, 0.8166002282386675137, 4.052249527032626197 ) ) ;
#4474 = VERTEX_POINT ( 'NONE', #1560 ) ;
#4475 = CARTESIAN_POINT ( 'NONE',  ( 0.8093959573067601720, 0.8195229147396425606, 0.02177153075161089579 ) ) ;
#4476 = FILL_AREA_STYLE_COLOUR ( '', #4647 ) ;
#4477 = DIRECTION ( 'NONE',  ( -0.3829140317376590885, 0.9237839814038836250, 0.000000000000000000 ) ) ;
#4478 = FILL_AREA_STYLE_COLOUR ( '', #779 ) ;
#4479 = COLOUR_RGB ( '',1.000000000000000000, 0.8431372549019607865, 0.1333333333333333315 ) ;
#4480 = CARTESIAN_POINT ( 'NONE',  ( 3.022330468522248736, -2.799291741997140814, 2.340000000000000746 ) ) ;
#4481 = PRESENTATION_LAYER_ASSIGNMENT (  '', '', ( #283 ) ) ;
#4482 = CARTESIAN_POINT ( 'NONE',  ( 0.3463276595981128470, 0.3088292044679648574, 3.731158857873389412 ) ) ;
#4483 = ORIENTED_EDGE ( 'NONE', *, *, #4338, .F. ) ;
#4484 = ORIENTED_EDGE ( 'NONE', *, *, #3668, .F. ) ;
#4485 = SURFACE_SIDE_STYLE ('',( #1825 ) ) ;
#4486 =( NAMED_UNIT ( * ) PLANE_ANGLE_UNIT ( ) SI_UNIT ( $, .RADIAN. ) );
#4487 = CARTESIAN_POINT ( 'NONE',  ( 6.418814738923151353, 0.5180330719850058108, 3.945457615050605327 ) ) ;
#4488 = AXIS2_PLACEMENT_3D ( 'NONE', #1287, #3336, #5409 ) ;
#4490 = CARTESIAN_POINT ( 'NONE',  ( 0.5105947737920428775, 0.3917479796922297974, 0.2231043775517469741 ) ) ;
#4489 = FACE_OUTER_BOUND ( 'NONE', #6070, .T. ) ;
#4491 = VECTOR ( 'NONE', #4190, 1000.000000000000000 ) ;
#4492 = CARTESIAN_POINT ( 'NONE',  ( 6.450974964410245427, 0.3180500710238647333, 3.801596239440626857 ) ) ;
#4493 = CARTESIAN_POINT ( 'NONE',  ( 5.096997556119359452, -2.794514615189092055, 2.340000000000000302 ) ) ;
#4494 = LINE ( 'NONE', #3407, #3476 ) ;
#4495 = ORIENTED_EDGE ( 'NONE', *, *, #6712, .F. ) ;
#4496 = CYLINDRICAL_SURFACE ( 'NONE', #3188, 1.000000000000000000 ) ;
#4497 = LINE ( 'NONE', #6103, #4149 ) ;
#4498 = CARTESIAN_POINT ( 'NONE',  ( 6.819636719061786145, 0.06679596739407217543, 3.360476874365701416 ) ) ;
#4499 = CARTESIAN_POINT ( 'NONE',  ( 0.4663899392031723989, -3.012110412698152384, 2.340000000000000302 ) ) ;
#4500 = CARTESIAN_POINT ( 'NONE',  ( 2.610150854328058490, -2.126473639938911475, 1.730000000000000426 ) ) ;
#4501 = VERTEX_POINT ( 'NONE', #3627 ) ;
#4502 =( NAMED_UNIT ( * ) SI_UNIT ( $, .STERADIAN. ) SOLID_ANGLE_UNIT ( ) );
#4503 = EDGE_CURVE ( 'NONE', #882, #4191, #3597, .T. ) ;
#4504 =( LENGTH_UNIT ( ) NAMED_UNIT ( * ) SI_UNIT ( .MILLI., .METRE. ) );
#4505 = STYLED_ITEM ( 'NONE', ( #6132 ), #6131 ) ;
#4506 = CARTESIAN_POINT ( 'NONE',  ( 4.766310632698917082, -2.651590930006802349, 1.730000000000000426 ) ) ;
#4507 = CARTESIAN_POINT ( 'NONE',  ( 4.766310632698917082, -2.651590930006802349, 1.730000000000000426 ) ) ;
#4508 = CARTESIAN_POINT ( 'NONE',  ( 6.478667503923937865, 0.7640710720164710645, 0.07066924200387232624 ) ) ;
#4509 = CARTESIAN_POINT ( 'NONE',  ( 0.8195229147395269864, 0.8093959573066381585, 4.048228469248389416 ) ) ;
#4510 = CARTESIAN_POINT ( 'NONE',  ( 0.7174809185731562122, 0.8187232623939348919, 0.04067026853415840054 ) ) ;
#4511 = DIRECTION ( 'NONE',  ( 0.000000000000000000, 0.000000000000000000, 1.000000000000000000 ) ) ;
#4512 = CARTESIAN_POINT ( 'NONE',  ( 6.132615446505499612, 0.9785633665985599139, 4.070000000000000284 ) ) ;
#4513 = CARTESIAN_POINT ( 'NONE',  ( 4.119590172245735538, 3.692512944455525137, 4.070000000000000284 ) ) ;
#4514 = CARTESIAN_POINT ( 'NONE',  ( 2.282951528264263619, 3.435802023743171230, 4.075000000000000178 ) ) ;
#4515 = ADVANCED_FACE ( 'NONE', ( #5709 ), #3091, .F. ) ;
#4516 = CARTESIAN_POINT ( 'NONE',  ( 0.5201797330736055436, 0.4039073314556657635, 3.857572672420148230 ) ) ;
#4517 = EDGE_LOOP ( 'NONE', ( #6060, #6142, #5432, #2933 ) ) ;
#4518 = EDGE_LOOP ( 'NONE', ( #4684, #1759, #5684, #5321 ) ) ;
#4519 =( NAMED_UNIT ( * ) SI_UNIT ( $, .STERADIAN. ) SOLID_ANGLE_UNIT ( ) );
#4520 = CARTESIAN_POINT ( 'NONE',  ( 6.582249829652193185, 0.7317492540279654234, 3.952151969243349772 ) ) ;
#4522 = CARTESIAN_POINT ( 'NONE',  ( 0.4314121106345848444, 0.4617829631379149480, 0.2137681842431647938 ) ) ;
#4521 =( NAMED_UNIT ( * ) PLANE_ANGLE_UNIT ( ) SI_UNIT ( $, .RADIAN. ) );
#4523 = CARTESIAN_POINT ( 'NONE',  ( 0.02797684700615726827, 0.5140466306025575083, 3.307399604055477838 ) ) ;
#4524 = CARTESIAN_POINT ( 'NONE',  ( 0.3560760607389717447, 0.001512772235267306189, 3.128888795304074044 ) ) ;
#4525 = DIRECTION ( 'NONE',  ( -0.000000000000000000, -0.000000000000000000, -1.000000000000000000 ) ) ;
#4526 = ORIENTED_EDGE ( 'NONE', *, *, #2825, .T. ) ;
#4527 = CARTESIAN_POINT ( 'NONE',  ( 0.1430801583263058840, 0.5715514029672715823, 0.4835252957306857557 ) ) ;
#4528 = SURFACE_STYLE_FILL_AREA ( #3410 ) ;
#4529 = CARTESIAN_POINT ( 'NONE',  ( 7.033019426362761450, 0.4058303406428838689, 3.447373797959152331 ) ) ;
#4531 = CARTESIAN_POINT ( 'NONE',  ( 0.2877658184701991084, 0.1146815232560135511, 0.5925627569413920437 ) ) ;
#4530 = CARTESIAN_POINT ( 'NONE',  ( 1.020338925033657640, -3.314044712266286830, 1.729999999999999760 ) ) ;
#4532 = VECTOR ( 'NONE', #1887, 1000.000000000000000 ) ;
#4533 = ORIENTED_EDGE ( 'NONE', *, *, #4470, .T. ) ;
#4534 = CARTESIAN_POINT ( 'NONE',  ( 2.549947787222001772, -2.379693537067143261, 1.729999999999999538 ) ) ;
#4535 = LINE ( 'NONE', #5369, #2392 ) ;
#4536 = CARTESIAN_POINT ( 'NONE',  ( 6.094999999999992646, -10.42682999999999360, 2.340000000000000302 ) ) ;
#4537 = CARTESIAN_POINT ( 'NONE',  ( 5.576474546506592134, -2.877802867496531469, 1.730000000000000426 ) ) ;
#4538 = VECTOR ( 'NONE', #6506, 1000.000000000000000 ) ;
#4539 = CARTESIAN_POINT ( 'NONE',  ( 6.331063503197492004, 0.7091424288574347257, 0.04543619942887659746 ) ) ;
#4540 = CARTESIAN_POINT ( 'NONE',  ( 0.8826129746027537859, 0.8888999988033924327, 4.061823532823467531 ) ) ;
#4541 = ORIENTED_EDGE ( 'NONE', *, *, #6348, .F. ) ;
#4542 = PRESENTATION_LAYER_ASSIGNMENT (  '', '', ( #6616 ) ) ;
#4543 = VECTOR ( 'NONE', #6331, 1000.000000000000000 ) ;
#4544 = CARTESIAN_POINT ( 'NONE',  ( 0.7847994051237888735, 0.5695988061297789784, 0.09677582381700160219 ) ) ;
#4545 = CARTESIAN_POINT ( 'NONE',  ( 6.130847798318786346, 0.9767945442780946452, 4.070000000000000284 ) ) ;
#4546 = EDGE_CURVE ( 'NONE', #6696, #2461, #5442, .T. ) ;
#4547 = ADVANCED_FACE ( 'NONE', ( #3368 ), #2289, .T. ) ;
#4548 = CARTESIAN_POINT ( 'NONE',  ( 2.591360463760762567, 3.090525030000000228, 4.075000000000000178 ) ) ;
#4549 = CARTESIAN_POINT ( 'NONE',  ( 1.427463000134923110, -2.277376178195539502, 1.730000000000000204 ) ) ;
#4550 = CARTESIAN_POINT ( 'NONE',  ( 6.711403183907962422, 0.4308091659676123730, 0.2461526485280642884 ) ) ;
#4551 = CARTESIAN_POINT ( 'NONE',  ( 0.2646633129802176132, 0.5814199004532096815, 3.749176626838814474 ) ) ;
#4552 = ORIENTED_EDGE ( 'NONE', *, *, #2514, .T. ) ;
#4553 = CARTESIAN_POINT ( 'NONE',  ( 3.591374980971351327, 3.090525030000000228, 4.070000000000000284 ) ) ;
#4554 =( NAMED_UNIT ( * ) SI_UNIT ( $, .STERADIAN. ) SOLID_ANGLE_UNIT ( ) );
#4555 =( GEOMETRIC_REPRESENTATION_CONTEXT ( 3 ) GLOBAL_UNCERTAINTY_ASSIGNED_CONTEXT ( ( #2263 ) ) GLOBAL_UNIT_ASSIGNED_CONTEXT ( ( #4076, #4656, #5611 ) ) REPRESENTATION_CONTEXT ( 'NONE', 'WORKASPACE' ) );
#4556 = FILL_AREA_STYLE ('',( #936 ) ) ;
#4557 = CARTESIAN_POINT ( 'NONE',  ( 6.713069306135333036, 0.6984653481111009476, 3.868254775784180755 ) ) ;
#4558 = VECTOR ( 'NONE', #5200, 1000.000000000000227 ) ;
#4559 = CARTESIAN_POINT ( 'NONE',  ( 0.4777310283776400324, 0.4175541546592372311, 0.2158959964542193910 ) ) ;
#4560 = MECHANICAL_DESIGN_GEOMETRIC_PRESENTATION_REPRESENTATION (  '', ( #676 ), #1336 ) ;
#4561 = CARTESIAN_POINT ( 'NONE',  ( 0.3627408952948749099, 0.009795741201468996170, 3.200196933645096387 ) ) ;
#4562 = SURFACE_STYLE_FILL_AREA ( #3973 ) ;
#4563 = SURFACE_SIDE_STYLE ('',( #6234 ) ) ;
#4564 = CARTESIAN_POINT ( 'NONE',  ( 7.006081572354215581, 0.3173653735549603616, 3.470330413197304065 ) ) ;
#4566 = CARTESIAN_POINT ( 'NONE',  ( 0.3173654098907333632, 0.1039184188191595165, 0.5996695985038289489 ) ) ;
#4565 = DIRECTION ( 'NONE',  ( 1.000000000000000000, -0.000000000000000000, 0.000000000000000000 ) ) ;
#4567 = UNCERTAINTY_MEASURE_WITH_UNIT (LENGTH_MEASURE( 1.000000000000000082E-05 ), #3803, 'distance_accuracy_value', 'NONE');
#4568 = ORIENTED_EDGE ( 'NONE', *, *, #6227, .F. ) ;
#4569 =( NAMED_UNIT ( * ) PLANE_ANGLE_UNIT ( ) SI_UNIT ( $, .RADIAN. ) );
#4570 = STYLED_ITEM ( 'NONE', ( #1237 ), #1285 ) ;
#4571 = DIRECTION ( 'NONE',  ( -0.000000000000000000, -0.000000000000000000, 1.000000000000000000 ) ) ;
#4572 = CARTESIAN_POINT ( 'NONE',  ( 5.421875343359019439, -2.237520388003038097, 1.730000000000000204 ) ) ;
#4573 = DIRECTION ( 'NONE',  ( -0.000000000000000000, 1.000000000000000000, -0.000000000000000000 ) ) ;
#4574 = UNCERTAINTY_MEASURE_WITH_UNIT (LENGTH_MEASURE( 1.000000000000000082E-05 ), #2960, 'distance_accuracy_value', 'NONE');
#4575 = CARTESIAN_POINT ( 'NONE',  ( 6.394109442545733657, 0.7717997717198437080, 0.04438270677529009695 ) ) ;
#4576 = CARTESIAN_POINT ( 'NONE',  ( 0.9192656871306547073, 0.8993247183486124952, 4.064644149163307851 ) ) ;
#4577 = ORIENTED_EDGE ( 'NONE', *, *, #6482, .F. ) ;
#4578 = CARTESIAN_POINT ( 'NONE',  ( 0.6873836362605341144, 0.7041647151211187783, 0.06143677625743837467 ) ) ;
#4579 =( LENGTH_UNIT ( ) NAMED_UNIT ( * ) SI_UNIT ( .MILLI., .METRE. ) );
#4580 =( LENGTH_UNIT ( ) NAMED_UNIT ( * ) SI_UNIT ( .MILLI., .METRE. ) );
#4581 = CARTESIAN_POINT ( 'NONE',  ( 7.082023152993707882, 0.5140466306025359700, 0.7626003959439719981 ) ) ;
#4582 = CARTESIAN_POINT ( 'NONE',  ( 6.722530737514251342, 0.3157640287779841515, 0.3172744168266797837 ) ) ;
#4583 = CARTESIAN_POINT ( 'NONE',  ( 0.5008676630709719690, 0.3441953516551792269, 3.808768251403120697 ) ) ;
#4584 = ORIENTED_EDGE ( 'NONE', *, *, #127, .T. ) ;
#4585 = EDGE_CURVE ( 'NONE', #1247, #1844, #161, .T. ) ;
#4586 = CARTESIAN_POINT ( 'NONE',  ( 0.000000000000000000, 0.5000000000000000000, 1.000000000000000000 ) ) ;
#4587 = CARTESIAN_POINT ( 'NONE',  ( 5.485004768272709441, -3.429241901734534359, 1.730000000000000426 ) ) ;
#4588 = CARTESIAN_POINT ( 'NONE',  ( 6.665981077528416954, 0.6829483420199420340, 3.901919890864480323 ) ) ;
#4590 = CARTESIAN_POINT ( 'NONE',  ( 0.4285922570774571283, 0.5398293763258942279, 0.1923593740348635284 ) ) ;
#4589 = CARTESIAN_POINT ( 'NONE',  ( 3.946437330525461640, 3.090525030000000228, 4.075000000000000178 ) ) ;
#4591 = MECHANICAL_DESIGN_GEOMETRIC_PRESENTATION_REPRESENTATION (  '', ( #4912 ), #6341 ) ;
#4592 = STYLED_ITEM ( 'NONE', ( #2889 ), #3864 ) ;
#4593 =( NAMED_UNIT ( * ) PLANE_ANGLE_UNIT ( ) SI_UNIT ( $, .RADIAN. ) );
#4594 = CARTESIAN_POINT ( 'NONE',  ( 0.1455283342402211855, 0.04481223488733601656, 3.128888795304081150 ) ) ;
#4595 = CARTESIAN_POINT ( 'NONE',  ( 0.2177031131437096589, 0.6088812287330777062, 0.3735383582743168618 ) ) ;
#4596 = SURFACE_STYLE_USAGE ( .BOTH. , #3003 ) ;
#4597 = VECTOR ( 'NONE', #5167, 1000.000000000000000 ) ;
#4598 = CARTESIAN_POINT ( 'NONE',  ( 6.995318414701036325, 0.2877656906464086117, 3.477437269792819308 ) ) ;
#4600 = CARTESIAN_POINT ( 'NONE',  ( 0.2833080864946987965, 0.2423601002491789780, 0.4165136258547300629 ) ) ;
#4599 = LINE ( 'NONE', #3543, #2369 ) ;
#4601 = SURFACE_SIDE_STYLE ('',( #6139 ) ) ;
#4602 = EDGE_CURVE ( 'NONE', #5330, #2009, #1491, .T. ) ;
#4603 = FACE_OUTER_BOUND ( 'NONE', #6652, .T. ) ;
#4604 = DIRECTION ( 'NONE',  ( -0.000000000000000000, -0.000000000000000000, -1.000000000000000000 ) ) ;
#4605 = ORIENTED_EDGE ( 'NONE', *, *, #529, .F. ) ;
#4606 = PLANE ( 'NONE',  #6194 ) ;
#4607 = CARTESIAN_POINT ( 'NONE',  ( 5.325461604718587871, -2.840088667668843492, 1.729999999999999316 ) ) ;
#4608 = CARTESIAN_POINT ( 'NONE',  ( 5.919345574722770564, -3.016415516703254251, 1.730000000000000204 ) ) ;
#4609 =( GEOMETRIC_REPRESENTATION_CONTEXT ( 3 ) GLOBAL_UNCERTAINTY_ASSIGNED_CONTEXT ( ( #1739 ) ) GLOBAL_UNIT_ASSIGNED_CONTEXT ( ( #4732, #581, #69 ) ) REPRESENTATION_CONTEXT ( 'NONE', 'WORKASPACE' ) );
#4610 = CARTESIAN_POINT ( 'NONE',  ( 6.336542995231623010, 0.7606840232786434841, 0.03483137821950815782 ) ) ;
#4611 = CARTESIAN_POINT ( 'NONE',  ( 0.7896223498100489735, 0.8398083278785636319, 4.046617821683591742 ) ) ;
#4612 = ORIENTED_EDGE ( 'NONE', *, *, #6064, .T. ) ;
#4613 = CARTESIAN_POINT ( 'NONE',  ( 0.9602604554215801169, 0.9504763549109106480, 0.001056602259964188649 ) ) ;
#4614 = VECTOR ( 'NONE', #705, 1000.000000000000000 ) ;
#4615 =( NAMED_UNIT ( * ) PLANE_ANGLE_UNIT ( ) SI_UNIT ( $, .RADIAN. ) );
#4616 = CARTESIAN_POINT ( 'NONE',  ( 6.660646769531171962, 0.2747600647017042208, 0.3321441939682809319 ) ) ;
#4617 = CARTESIAN_POINT ( 'NONE',  ( 0.5275105990851927107, 0.3797996314357742764, 3.841815038419741146 ) ) ;
#4618 = EDGE_LOOP ( 'NONE', ( #3115, #3378, #3953, #6505 ) ) ;
#4619 = CARTESIAN_POINT ( 'NONE',  ( 5.977971168923231104, -3.069200569082300323, 1.730000000000000648 ) ) ;
#4620 = CARTESIAN_POINT ( 'NONE',  ( 5.052564829889170106, 3.576267184938944244, 4.075000000000000178 ) ) ;
#4621 = CARTESIAN_POINT ( 'NONE',  ( 6.430834608920893203, 0.7125865094062348026, 4.008074349088662558 ) ) ;
#4622 = CARTESIAN_POINT ( 'NONE',  ( 0.6440507032202087423, 0.2880975378287208288, 0.2976679273219187127 ) ) ;
#4623 = EDGE_CURVE ( 'NONE', #89, #6050, #4895, .T. ) ;
#4624 = SURFACE_STYLE_USAGE ( .BOTH. , #3626 ) ;
#4625 = ORIENTED_EDGE ( 'NONE', *, *, #2277, .T. ) ;
#4626 = SURFACE_STYLE_FILL_AREA ( #472 ) ;
#4627 = CARTESIAN_POINT ( 'NONE',  ( 6.822662791115047476, 0.4282138615678814930, 3.743991292146279015 ) ) ;
#4628 = UNCERTAINTY_MEASURE_WITH_UNIT (LENGTH_MEASURE( 1.000000000000000082E-05 ), #2456, 'distance_accuracy_value', 'NONE');
#4629 = B_SPLINE_CURVE_WITH_KNOTS ( 'NONE', 3,
 ( #5588, #5521, #6583, #2471, #4534, #5065, #1970, #4054, #6144, #3441, #4016, #1501, #2434, #3547, #1934, #5624, #1900, #986, #6175, #1438 ),
 .UNSPECIFIED., .F., .F.,
 ( 4, 1, 1, 1, 1, 1, 1, 1, 1, 1, 1, 1, 1, 1, 1, 1, 1, 4 ),
 ( 0.000000000000000000, 0.06218578512488843330, 0.1166294419295891005, 0.1648481812090129561, 0.2084255885910391293, 0.2493461803357351347, 0.2884584599461604837, 0.3649277418574276566, 0.4434213933723337164, 0.5239092198959711677, 0.6426297435126099300, 0.7501596148163247602, 0.7859142909927842036, 0.8259429660877520840, 0.8688256463525744211, 0.9122600832691466488, 0.9544039555856032031, 1.000000000000000000 ),
 .UNSPECIFIED. ) ;
#4631 = CARTESIAN_POINT ( 'NONE',  ( 0.1866103515998812357, 0.3809745356848531772, 0.4375663367688450989 ) ) ;
#4630 = DIRECTION ( 'NONE',  ( 0.2755520632520589430, 0.9612861490927315788, 0.000000000000000000 ) ) ;
#4632 = ADVANCED_FACE ( 'NONE', ( #3861 ), #1724, .F. ) ;
#4633 = CIRCLE ( 'NONE', #4418, 1.000000000000000000 ) ;
#4634 = EDGE_LOOP ( 'NONE', ( #2577, #4484, #4568, #2863 ) ) ;
#4635 = SURFACE_SIDE_STYLE ('',( #4665 ) ) ;
#4636 = CARTESIAN_POINT ( 'NONE',  ( 6.026870432484038531, -3.134134918331350494, 1.729999999999999760 ) ) ;
#4637 =( NAMED_UNIT ( * ) PLANE_ANGLE_UNIT ( ) SI_UNIT ( $, .RADIAN. ) );
#4638 = VECTOR ( 'NONE', #4082, 1000.000000000000000 ) ;
#4639 = CARTESIAN_POINT ( 'NONE',  ( 6.380449992051171471, 0.7576131897910490798, 0.04295530264646135049 ) ) ;
#4640 = CARTESIAN_POINT ( 'NONE',  ( 3.721015387041697320, 3.090525030000000228, 4.075000000000000178 ) ) ;
#4641 = VERTEX_POINT ( 'NONE', #2419 ) ;
#4642 = CARTESIAN_POINT ( 'NONE',  ( 0.9430001359669168970, 0.9676374083807036675, 0.001305156767228977856 ) ) ;
#4643 = LINE ( 'NONE', #5111, #1195 ) ;
#4644 = CARTESIAN_POINT ( 'NONE',  ( 1.627298551911824820, -3.411268291489120141, 2.339999999999999858 ) ) ;
#4645 = STYLED_ITEM ( 'NONE', ( #6568 ), #4712 ) ;
#4646 = CARTESIAN_POINT ( 'NONE',  ( 2.455873737737415574, 3.417388129336547564, 4.075000000000000178 ) ) ;
#4647 = COLOUR_RGB ( '',1.000000000000000000, 0.8431372549019607865, 0.1333333333333333315 ) ;
#4648 = CARTESIAN_POINT ( 'NONE',  ( 6.778386464258786326, 0.3678642393572200131, 0.3146756349994848101 ) ) ;
#4649 = CARTESIAN_POINT ( 'NONE',  ( 0.3639162716136409292, 0.6364747256171341405, 3.842208369842786908 ) ) ;
#4650 = EDGE_LOOP ( 'NONE', ( #337, #4657, #3648, #6542 ) ) ;
#4651 = CARTESIAN_POINT ( 'NONE',  ( 0.2491439262645789854, 0.01521955021892391555, 1.000000000000000000 ) ) ;
#4652 =( NAMED_UNIT ( * ) SI_UNIT ( $, .STERADIAN. ) SOLID_ANGLE_UNIT ( ) );
#4653 = CARTESIAN_POINT ( 'NONE',  ( 6.433491266241772699, 0.5735945278976681827, 3.968907780922664053 ) ) ;
#4654 = DIRECTION ( 'NONE',  ( 1.000000000000000000, 0.000000000000000000, 0.000000000000000000 ) ) ;
#4655 =( NAMED_UNIT ( * ) SI_UNIT ( $, .STERADIAN. ) SOLID_ANGLE_UNIT ( ) );
#4656 =( NAMED_UNIT ( * ) PLANE_ANGLE_UNIT ( ) SI_UNIT ( $, .RADIAN. ) );
#4657 = ORIENTED_EDGE ( 'NONE', *, *, #600, .F. ) ;
#4658 = FACE_OUTER_BOUND ( 'NONE', #4677, .T. ) ;
#4659 = SURFACE_STYLE_USAGE ( .BOTH. , #4563 ) ;
#4660 = CARTESIAN_POINT ( 'NONE',  ( 6.840781957109244971, 0.1845941752610341935, 3.590716960867866181 ) ) ;
#4662 = CARTESIAN_POINT ( 'NONE',  ( 0.4493532491700540921, 0.2747600587806942607, 0.3321441969233357439 ) ) ;
#4661 = CARTESIAN_POINT ( 'NONE',  ( -0.003303359999999502111, -0.007270690000000471637, 4.074999999999998401 ) ) ;
#4663 =( GEOMETRIC_REPRESENTATION_CONTEXT ( 3 ) GLOBAL_UNCERTAINTY_ASSIGNED_CONTEXT ( ( #1186 ) ) GLOBAL_UNIT_ASSIGNED_CONTEXT ( ( #1440, #2918, #5190 ) ) REPRESENTATION_CONTEXT ( 'NONE', 'WORKASPACE' ) );
#4664 = ORIENTED_EDGE ( 'NONE', *, *, #1916, .T. ) ;
#4665 = SURFACE_STYLE_FILL_AREA ( #2435 ) ;
#4666 = SURFACE_STYLE_USAGE ( .BOTH. , #1181 ) ;
#4667 = B_SPLINE_CURVE_WITH_KNOTS ( 'NONE', 3,
 ( #2885, #4403, #2398, #2849, #4904, #2915, #2329, #5452, #4434, #408, #1834, #5550, #1863, #2463, #1396, #3910, #4463, #4944, #6611, #319, #2362, #6008, #6550, #1895, #6040, #3438, #5513, #2945, #5001, #6648, #1074 ),
 .UNSPECIFIED., .F., .F.,
 ( 4, 2, 2, 1, 1, 2, 2, 2, 2, 1, 2, 2, 2, 2, 2, 2, 4 ),
 ( 0.000000000000000000, 0.1250000000000064670, 0.1875000000000097700, 0.2187500000000124623, 0.2343750000000126010, 0.2421875000000127121, 0.2500000000000128231, 0.3750000000000108247, 0.4375000000000108247, 0.4687500000000113798, 0.4843750000000119904, 0.5000000000000126565, 0.6250000000000115463, 0.6875000000000113243, 0.7187500000000108802, 0.7500000000000103251, 1.000000000000000000 ),
 .UNSPECIFIED. ) ;
#4668 = AXIS2_PLACEMENT_3D ( 'NONE', #6715, #2063, #4120 ) ;
#4669 = CARTESIAN_POINT ( 'NONE',  ( 0.6099249601698699674, 0.5877184729031930122, 0.1068136135262544861 ) ) ;
#4670 = B_SPLINE_CURVE_WITH_KNOTS ( 'NONE', 3,
 ( #4297, #6390, #5939, #3778, #6496, #3349, #6527, #5423, #2367, #797, #3809, #1868, #726, #2743, #5313, #4910, #5382, #290, #6013, #216, #3243, #4409, #4876, #685, #5872, #1838, #1229, #2782, #182, #3880, #4806, #829 ),
 .UNSPECIFIED., .F., .F.,
 ( 4, 2, 2, 2, 2, 2, 2, 2, 2, 2, 2, 2, 2, 2, 2, 4 ),
 ( 0.000000000000000000, 0.1138677236683488664, 0.1708015855025233065, 0.2277354473366977328, 0.3550188418927878731, 0.4186605391708329571, 0.4823022364488780411, 0.5155165454046266582, 0.5487308543603752753, 0.6151594722718725095, 0.6815880901833697436, 0.7480167080948669778, 0.8110125310711502333, 0.8740083540474334889, 0.9370041770237167444, 1.000000000000000000 ),
 .UNSPECIFIED. ) ;
#4671 = DIRECTION ( 'NONE',  ( 0.2793947940878291347, 0.9601763114327594995, 0.000000000000000000 ) ) ;
#4672 = ORIENTED_EDGE ( 'NONE', *, *, #4041, .F. ) ;
#4673 = STYLED_ITEM ( 'NONE', ( #2553 ), #1217 ) ;
#4674 = UNCERTAINTY_MEASURE_WITH_UNIT (LENGTH_MEASURE( 1.000000000000000082E-05 ), #5060, 'distance_accuracy_value', 'NONE');
#4675 = CARTESIAN_POINT ( 'NONE',  ( 6.205707514843903816, 0.9142847893753567323, 0.005154849465289811430 ) ) ;
#4676 = PLANE ( 'NONE',  #1538 ) ;
#4677 = EDGE_LOOP ( 'NONE', ( #844, #3040, #6189, #5537 ) ) ;
#4678 = CARTESIAN_POINT ( 'NONE',  ( 1.557845552066266848, -3.507746240469659771, 2.340000000000000302 ) ) ;
#4679 = ADVANCED_FACE ( 'NONE', ( #2965 ), #5024, .F. ) ;
#4680 = DIRECTION ( 'NONE',  ( -0.000000000000000000, -0.000000000000000000, -1.000000000000000000 ) ) ;
#4681 = PLANE ( 'NONE',  #3904 ) ;
#4682 = CARTESIAN_POINT ( 'NONE',  ( 6.523161966300580872, 0.3584928924110861170, 0.2347161035234539839 ) ) ;
#4683 = CARTESIAN_POINT ( 'NONE',  ( 0.7404278229014060742, 0.4808556410899885170, 3.925106382283355622 ) ) ;
#4684 = ORIENTED_EDGE ( 'NONE', *, *, #4465, .T. ) ;
#4685 = CARTESIAN_POINT ( 'NONE',  ( 5.229047866078156304, -3.442656947334646667, 1.730000000000000204 ) ) ;
#4686 = LINE ( 'NONE', #3999, #2268 ) ;
#4687 = CARTESIAN_POINT ( 'NONE',  ( 6.476497418490460234, 0.6125857791491318149, 3.975458232476158482 ) ) ;
#4688 = CARTESIAN_POINT ( 'NONE',  ( 0.5353362404216920334, 0.07065721311018476058, 0.6303702823986254700 ) ) ;
#4689 = CARTESIAN_POINT ( 'NONE',  ( 1.584289280846417070, -3.484313605805702263, 1.730000000000000426 ) ) ;
#4690 = CARTESIAN_POINT ( 'NONE',  ( 0.07698056617587775707, 0.4058303855694397333, 3.447373782176123669 ) ) ;
#4691 = CARTESIAN_POINT ( 'NONE',  ( 4.224845895799768769, 3.465937844562223091, 4.070000000000000284 ) ) ;
#4692 = DIRECTION ( 'NONE',  ( 0.2762033010251989107, 0.9610992334315866525, 0.000000000000000000 ) ) ;
#4693 = CARTESIAN_POINT ( 'NONE',  ( 6.867639664948498535, 0.2833077772050470733, 3.653486405775765888 ) ) ;
#4694 = PRESENTATION_STYLE_ASSIGNMENT (( #5907 ) ) ;
#4695 = CARTESIAN_POINT ( 'NONE',  ( 6.867639899751195820, 0.2833080864940500376, 0.4165136258559642979 ) ) ;
#4696 = STYLED_ITEM ( 'NONE', ( #3598 ), #2636 ) ;
#4697 = PRESENTATION_STYLE_ASSIGNMENT (( #5683 ) ) ;
#4698 = AXIS2_PLACEMENT_3D ( 'NONE', #3281, #6526, #3777 ) ;
#4699 = CARTESIAN_POINT ( 'NONE',  ( 5.085971851133491484, 3.692512944455525137, 4.070000000000000284 ) ) ;
#4700 = FILL_AREA_STYLE_COLOUR ( '', #6663 ) ;
#4701 = CARTESIAN_POINT ( 'NONE',  ( 0.6559431148453003235, 0.5469367626415886363, 0.1145424811363457557 ) ) ;
#4702 = LINE ( 'NONE', #2606, #5787 ) ;
#4703 = CARTESIAN_POINT ( 'NONE',  ( 2.549947787222001772, -2.379693537067143261, 1.729999999999999538 ) ) ;
#4704 = EDGE_CURVE ( 'NONE', #703, #3400, #4930, .T. ) ;
#4705 = CARTESIAN_POINT ( 'NONE',  ( 6.110000000000002096, 1.000000000000000000, 0.000000000000000000 ) ) ;
#4706 = FACE_OUTER_BOUND ( 'NONE', #6213, .T. ) ;
#4707 = EDGE_LOOP ( 'NONE', ( #2082, #3290, #903, #1446 ) ) ;
#4708 = CARTESIAN_POINT ( 'NONE',  ( 3.225000000000001421, -1.976830000000000087, 2.340000000000000302 ) ) ;
#4709 = AXIS2_PLACEMENT_3D ( 'NONE', #5451, #6456, #1734 ) ;
#4710 = DIRECTION ( 'NONE',  ( 0.2755265765474881889, 0.9612934544747617771, 0.000000000000000000 ) ) ;
#4711 = MECHANICAL_DESIGN_GEOMETRIC_PRESENTATION_REPRESENTATION (  '', ( #4938 ), #2120 ) ;
#4712 = MANIFOLD_SOLID_BREP ( 'Scale2[1]', #1213 ) ;
#4713 = CARTESIAN_POINT ( 'NONE',  ( 6.706092706875610432, 0.5201797832647514497, 0.2124273412251357351 ) ) ;
#4714 = CARTESIAN_POINT ( 'NONE',  ( 0.3569684789848701634, 0.6784842400364079484, 3.835957489376069951 ) ) ;
#4715 = ORIENTED_EDGE ( 'NONE', *, *, #3424, .T. ) ;
#4716 = MECHANICAL_DESIGN_GEOMETRIC_PRESENTATION_REPRESENTATION (  '', ( #6343 ), #5800 ) ;
#4717 = CARTESIAN_POINT ( 'NONE',  ( 0.000000000000000000, 0.4999999513001466278, 0.9411112046959204669 ) ) ;
#4718 = CARTESIAN_POINT ( 'NONE',  ( 3.276479083073879472, 3.692512944455525137, 4.070000000000000284 ) ) ;
#4719 = AXIS2_PLACEMENT_3D ( 'NONE', #6275, #5894, #170 ) ;
#4720 = CARTESIAN_POINT ( 'NONE',  ( 1.014999999999997016, -3.426829999999996268, 2.339999999999999858 ) ) ;
#4721 = CARTESIAN_POINT ( 'NONE',  ( 6.482369750749927384, 0.7176565989326653128, 3.993573502791469387 ) ) ;
#4722 = CARTESIAN_POINT ( 'NONE',  ( 0.5000000000000000000, 0.000000000000000000, 1.000000000000013989 ) ) ;
#4723 = EDGE_CURVE ( 'NONE', #1169, #4823, #6637, .T. ) ;
#4724 = CARTESIAN_POINT ( 'NONE',  ( 2.615000000000001101, -1.976830000000000087, 1.730000000000000204 ) ) ;
#4725 = CARTESIAN_POINT ( 'NONE',  ( 0.04837202599880844472, 0.5241860122566316393, 3.378775221303497389 ) ) ;
#4726 = VERTEX_POINT ( 'NONE', #3465 ) ;
#4727 = DIRECTION ( 'NONE',  ( 0.3725077383643490836, -0.9280290862137229313, 0.000000000000000000 ) ) ;
#4728 = MANIFOLD_SOLID_BREP ( 'Scale2[2]', #5426 ) ;
#4729 = DIRECTION ( 'NONE',  ( 1.000000000000000000, 0.000000000000000000, 0.000000000000000000 ) ) ;
#4730 = CARTESIAN_POINT ( 'NONE',  ( 6.599831070805676880, 0.1409839227660268368, 3.587477277469831360 ) ) ;
#4731 = CARTESIAN_POINT ( 'NONE',  ( 1.014999999999998126, -10.42682999999999716, 2.339999999999999858 ) ) ;
#4732 =( LENGTH_UNIT ( ) NAMED_UNIT ( * ) SI_UNIT ( .MILLI., .METRE. ) );
#4733 = SURFACE_STYLE_USAGE ( .BOTH. , #1695 ) ;
#4734 = CARTESIAN_POINT ( 'NONE',  ( 0.5771560468802137134, 0.6212682809041513154, 0.1079124879302571921 ) ) ;
#4735 = STYLED_ITEM ( 'NONE', ( #2493 ), #1741 ) ;
#4736 = CARTESIAN_POINT ( 'NONE',  ( 7.094780446330364754, 0.2491439062492652456, 0.9411112046959133615 ) ) ;
#4737 = CARTESIAN_POINT ( 'NONE',  ( 1.978110726822704946, -2.156396289217995754, 1.730000000000000426 ) ) ;
#4738 = CARTESIAN_POINT ( 'NONE',  ( 6.110000000000000320, 1.000000000000000000, 0.000000000000000000 ) ) ;
#4739 = CARTESIAN_POINT ( 'NONE',  ( 1.000000000000000000, 1.000000000000000000, 4.070000000000000284 ) ) ;
#4740 =( NAMED_UNIT ( * ) SI_UNIT ( $, .STERADIAN. ) SOLID_ANGLE_UNIT ( ) );
#4741 = CARTESIAN_POINT ( 'NONE',  ( 2.004868535347958503, -2.028836699693395751, 2.340000000000000302 ) ) ;
#4742 = UNCERTAINTY_MEASURE_WITH_UNIT (LENGTH_MEASURE( 1.000000000000000082E-05 ), #5578, 'distance_accuracy_value', 'NONE');
#4743 = CARTESIAN_POINT ( 'NONE',  ( 6.089661074966337573, -3.314044712266286385, 1.730000000000000870 ) ) ;
#4744 = FILL_AREA_STYLE_COLOUR ( '', #2180 ) ;
#4745 = CARTESIAN_POINT ( 'NONE',  ( 6.473525266633032516, 0.3639162694327042757, 0.2277916320676744433 ) ) ;
#4746 = CARTESIAN_POINT ( 'NONE',  ( 0.5200658264970654532, 0.4650633316838910236, 3.893513853736797703 ) ) ;
#4747 = VERTEX_POINT ( 'NONE', #4138 ) ;
#4748 = CARTESIAN_POINT ( 'NONE',  ( 0.2247088810547649140, 0.03476627663902939758, 0.8628823087427941463 ) ) ;
#4749 = SURFACE_SIDE_STYLE ('',( #2685 ) ) ;
#4750 = EDGE_CURVE ( 'NONE', #743, #1791, #1612, .T. ) ;
#4751 =( NAMED_UNIT ( * ) PLANE_ANGLE_UNIT ( ) SI_UNIT ( $, .RADIAN. ) );
#4752 = ADVANCED_FACE ( 'NONE', ( #904 ), #5620, .F. ) ;
#4753 = CARTESIAN_POINT ( 'NONE',  ( 6.401663324277483191, 0.6361625595764410779, 3.995252187624856788 ) ) ;
#4754 = LINE ( 'NONE', #6402, #3545 ) ;
#4755 = CARTESIAN_POINT ( 'NONE',  ( 2.499329268592800801, -2.479546513799930629, 1.730000000000000648 ) ) ;
#4756 = VECTOR ( 'NONE', #853, 1000.000000000000114 ) ;
#4757 = CARTESIAN_POINT ( 'NONE',  ( 0.3988365531010349962, 0.06471230504966787866, 3.413703724143688056 ) ) ;
#4758 = VERTEX_POINT ( 'NONE', #2005 ) ;
#4759 = SURFACE_STYLE_USAGE ( .BOTH. , #2659 ) ;
#4760 =( NAMED_UNIT ( * ) PLANE_ANGLE_UNIT ( ) SI_UNIT ( $, .RADIAN. ) );
#4761 = MECHANICAL_DESIGN_GEOMETRIC_PRESENTATION_REPRESENTATION (  '', ( #1083 ), #3988 ) ;
#4762 = CARTESIAN_POINT ( 'NONE',  ( 6.969016080028366034, 0.5101689348461917461, 3.587477272294176345 ) ) ;
#4763 = CARTESIAN_POINT ( 'NONE',  ( 4.257427140371730090, 3.577907501469753004, 4.075000000000000178 ) ) ;
#4764 = PRESENTATION_STYLE_ASSIGNMENT (( #2255 ) ) ;
#4765 = FACE_OUTER_BOUND ( 'NONE', #6483, .T. ) ;
#4766 =( LENGTH_UNIT ( ) NAMED_UNIT ( * ) SI_UNIT ( .MILLI., .METRE. ) );
#4767 = SURFACE_STYLE_USAGE ( .BOTH. , #2700 ) ;
#4768 = CARTESIAN_POINT ( 'NONE',  ( 2.455873737737415574, 3.417388129336547564, 4.075000000000000178 ) ) ;
#4769 = CARTESIAN_POINT ( 'NONE',  ( 0.8993247183486481333, 0.9192656871306852384, 0.005355850836713567029 ) ) ;
#4770 = COLOUR_RGB ( '',0.5647058823529411686, 0.3019607843137254721, 0.1294117647058823373 ) ;
#4771 = CARTESIAN_POINT ( 'NONE',  ( 0.5277501703476937811, 0.7317492540277813484, 0.1178480307569147734 ) ) ;
#4772 =( GEOMETRIC_REPRESENTATION_CONTEXT ( 3 ) GLOBAL_UNCERTAINTY_ASSIGNED_CONTEXT ( ( #5768 ) ) GLOBAL_UNIT_ASSIGNED_CONTEXT ( ( #3945, #4569, #4502 ) ) REPRESENTATION_CONTEXT ( 'NONE', 'WORKASPACE' ) );
#4773 = CARTESIAN_POINT ( 'NONE',  ( 6.664375827851038103, 0.02610364045716022721, 0.7700611797159770955 ) ) ;
#4774 = PRESENTATION_STYLE_ASSIGNMENT (( #5902 ) ) ;
#4775 = CARTESIAN_POINT ( 'NONE',  ( 6.152179104749134986, 0.9529285652104586557, 0.001014573668669117639 ) ) ;
#4776 = SURFACE_STYLE_USAGE ( .BOTH. , #2071 ) ;
#4777 = CARTESIAN_POINT ( 'NONE',  ( 2.587099284624900353, -2.262817522373828272, 2.339999999999999414 ) ) ;
#4778 = CARTESIAN_POINT ( 'NONE',  ( 5.576474546506592134, -2.877802867496531469, 2.339999999999999414 ) ) ;
#4779 = CARTESIAN_POINT ( 'NONE',  ( 6.615583467123000716, 0.4660101419313154580, 0.1837179955978128498 ) ) ;
#4780 = CARTESIAN_POINT ( 'NONE',  ( 0.6099247827647568121, 0.5877186401252306736, 3.963186399839449425 ) ) ;
#4781 = LINE ( 'NONE', #3853, #6624 ) ;
#4782 = CARTESIAN_POINT ( 'NONE',  ( 3.875659152710461353, 3.629039920970799304, 4.070000000000000284 ) ) ;
#4783 = CARTESIAN_POINT ( 'NONE',  ( 6.249592318394345369, 0.8166001271927160188, 4.052249515769966060 ) ) ;
#4784 = SURFACE_STYLE_USAGE ( .BOTH. , #5882 ) ;
#4785 = CARTESIAN_POINT ( 'NONE',  ( 1.000000000000000000, 1.000000000000000000, 4.070000000000000284 ) ) ;
#4786 = EDGE_CURVE ( 'NONE', #446, #2512, #3446, .T. ) ;
#4787 = CARTESIAN_POINT ( 'NONE',  ( 0.005380749248662039519, 0.5026903577973421688, 3.191711208151236878 ) ) ;
#4788 = ORIENTED_EDGE ( 'NONE', *, *, #3384, .F. ) ;
#4789 = ORIENTED_EDGE ( 'NONE', *, *, #3182, .F. ) ;
#4790 = FACE_OUTER_BOUND ( 'NONE', #2062, .T. ) ;
#4791 = PLANE ( 'NONE',  #3016 ) ;
#4792 = CARTESIAN_POINT ( 'NONE',  ( 6.615583311230531116, 0.4660100041633059575, 3.886281985241000214 ) ) ;
#4794 = CARTESIAN_POINT ( 'NONE',  ( 0.2879471264495387373, 0.5941403519970270830, 0.2965224111348388480 ) ) ;
#4793 =( NAMED_UNIT ( * ) SI_UNIT ( $, .STERADIAN. ) SOLID_ANGLE_UNIT ( ) );
#4795 = CARTESIAN_POINT ( 'NONE',  ( 2.736899785502750593, 3.692512944455525137, 4.070000000000000284 ) ) ;
#4796 = DIRECTION ( 'NONE',  ( -0.000000000000000000, 1.000000000000000000, -0.000000000000000000 ) ) ;
#4797 = PRESENTATION_STYLE_ASSIGNMENT (( #2846 ) ) ;
#4798 = DIRECTION ( 'NONE',  ( 0.000000000000000000, -1.000000000000000000, 0.000000000000000000 ) ) ;
#4799 = CARTESIAN_POINT ( 'NONE',  ( 0.8339091047393809575, 0.8427442124289801217, 0.01650625571528014160 ) ) ;
#4800 = CARTESIAN_POINT ( 'NONE',  ( 0.6361627141501078331, 0.7083365088927991993, 0.07474778775198154257 ) ) ;
#4801 = PRESENTATION_LAYER_ASSIGNMENT (  '', '', ( #5345 ) ) ;
#4802 = CARTESIAN_POINT ( 'NONE',  ( 6.951483846724761939, 0.1100910166245855082, 0.7359768463481165535 ) ) ;
#4803 = EDGE_CURVE ( 'NONE', #966, #743, #3, .T. ) ;
#4804 = CARTESIAN_POINT ( 'NONE',  ( 6.397471077774623538, 0.8562673831513748501, 0.03857213817431467268 ) ) ;
#4805 = PRESENTATION_STYLE_ASSIGNMENT (( #5938 ) ) ;
#4806 = CARTESIAN_POINT ( 'NONE',  ( 6.124702798249600733, 0.9705944035013945870, -1.275264350307777220E-17 ) ) ;
#4807 = PRESENTATION_LAYER_ASSIGNMENT (  '', '', ( #6560 ) ) ;
#4808 = SURFACE_STYLE_FILL_AREA ( #4298 ) ;
#4809 = FACE_OUTER_BOUND ( 'NONE', #2452, .T. ) ;
#4810 = CARTESIAN_POINT ( 'NONE',  ( 4.087669531477750695, -2.799291741997139482, 2.340000000000000302 ) ) ;
#4811 = CARTESIAN_POINT ( 'NONE',  ( 6.472610018079747896, 0.4368664499258409495, 0.1742979060468962671 ) ) ;
#4812 = CARTESIAN_POINT ( 'NONE',  ( 0.7317492540277821256, 0.5277501703476615846, 3.952151969243109519 ) ) ;
#4813 = ORIENTED_EDGE ( 'NONE', *, *, #1036, .T. ) ;
#4814 = DIRECTION ( 'NONE',  ( -0.05596501978069814282, -0.9984327301130236920, 0.000000000000000000 ) ) ;
#4815 = SURFACE_SIDE_STYLE ('',( #3154 ) ) ;
#4816 = CARTESIAN_POINT ( 'NONE',  ( 6.267255662904716473, 0.8339089793700715791, 4.053493740569199311 ) ) ;
#4817 = PRESENTATION_LAYER_ASSIGNMENT (  '', '', ( #4938 ) ) ;
#4818 = CARTESIAN_POINT ( 'NONE',  ( 2.408195296242511940, 3.090525030000000228, 4.075000000000000178 ) ) ;
#4819 = CARTESIAN_POINT ( 'NONE',  ( 7.006081581181989648, 0.3173654098898462395, 0.5996695985011263330 ) ) ;
#4820 = CARTESIAN_POINT ( 'NONE',  ( 2.610150854328058490, -2.126473639938911475, 1.730000000000000426 ) ) ;
#4821 = AXIS2_PLACEMENT_3D ( 'NONE', #3437, #3909, #6007 ) ;
#4822 = CARTESIAN_POINT ( 'NONE',  ( 0.1479260021409075643, 0.1940746580358077567, 3.453946053342610512 ) ) ;
#4823 = VERTEX_POINT ( 'NONE', #4055 ) ;
#4824 = VECTOR ( 'NONE', #4604, 1000.000000000000000 ) ;
#4825 = CARTESIAN_POINT ( 'NONE',  ( 2.538791175249414334, 3.692512944455525137, 4.070000000000000284 ) ) ;
#4826 = FILL_AREA_STYLE_COLOUR ( '', #5807 ) ;
#4827 = CARTESIAN_POINT ( 'NONE',  ( 6.094999999999994422, -3.426829999999992715, 1.730000000000000204 ) ) ;
#4828 = CARTESIAN_POINT ( 'NONE',  ( 6.706092668544176405, 0.5201797330737786274, 3.857572672421498261 ) ) ;
#4830 = CARTESIAN_POINT ( 'NONE',  ( 0.5008676710808555033, 0.3441953478204957118, 0.2612317509886619149 ) ) ;
#4829 = SURFACE_SIDE_STYLE ('',( #5748 ) ) ;
#4831 = DIRECTION ( 'NONE',  ( -0.4443210308329497149, -0.8958676361826811707, 0.000000000000000000 ) ) ;
#4832 = SURFACE_STYLE_FILL_AREA ( #3665 ) ;
#4833 = CARTESIAN_POINT ( 'NONE',  ( 3.195461608508125995, 3.465957979040120929, 4.070000000000000284 ) ) ;
#4834 = UNCERTAINTY_MEASURE_WITH_UNIT (LENGTH_MEASURE( 1.000000000000000082E-05 ), #5220, 'distance_accuracy_value', 'NONE');
#4835 = CARTESIAN_POINT ( 'NONE',  ( 4.193095656005081828, 3.354671063942033182, 4.075000000000000178 ) ) ;
#4836 = CARTESIAN_POINT ( 'NONE',  ( 0.8928143613030822268, 0.7856287272240544128, 0.02311984771401754193 ) ) ;
#4837 = EDGE_CURVE ( 'NONE', #6037, #1330, #5040, .T. ) ;
#4838 = CARTESIAN_POINT ( 'NONE',  ( 0.2817721318892312810, 0.05555434941327622167, 0.7484342113616602177 ) ) ;
#4839 = UNCERTAINTY_MEASURE_WITH_UNIT (LENGTH_MEASURE( 1.000000000000000082E-05 ), #1631, 'distance_accuracy_value', 'NONE');
#4840 = SURFACE_STYLE_FILL_AREA ( #5349 ) ;
#4841 = CARTESIAN_POINT ( 'NONE',  ( 5.108351678599091450, -2.059139914636204605, 1.730000000000000648 ) ) ;
#4842 = ADVANCED_FACE ( 'NONE', ( #417 ), #5353, .F. ) ;
#4843 =( GEOMETRIC_REPRESENTATION_CONTEXT ( 3 ) GLOBAL_UNCERTAINTY_ASSIGNED_CONTEXT ( ( #1567 ) ) GLOBAL_UNIT_ASSIGNED_CONTEXT ( ( #6572, #3903, #2910 ) ) REPRESENTATION_CONTEXT ( 'NONE', 'WORKASPACE' ) );
#4844 = CARTESIAN_POINT ( 'NONE',  ( 2.005000000000000338, -1.976830000000000087, 1.730000000000000426 ) ) ;
#4845 = CARTESIAN_POINT ( 'NONE',  ( 5.499032517735517267, -3.449398524634613494, 1.730000000000000870 ) ) ;
#4846 = CARTESIAN_POINT ( 'NONE',  ( 6.371886317990168358, 0.6550091188374892459, 0.06521151255625122489 ) ) ;
#4847 = CARTESIAN_POINT ( 'NONE',  ( 0.7640709638693378158, 0.6313325906751809935, 3.999330786399431403 ) ) ;
#4848 = VERTEX_POINT ( 'NONE', #3984 ) ;
#4849 = ORIENTED_EDGE ( 'NONE', *, *, #3921, .F. ) ;
#4850 =( LENGTH_UNIT ( ) NAMED_UNIT ( * ) SI_UNIT ( .MILLI., .METRE. ) );
#4851 =( NAMED_UNIT ( * ) PLANE_ANGLE_UNIT ( ) SI_UNIT ( $, .RADIAN. ) );
#4852 = CARTESIAN_POINT ( 'NONE',  ( 6.275289200674174950, 0.7945330091901280367, 4.047209035498712026 ) ) ;
#4853 =( GEOMETRIC_REPRESENTATION_CONTEXT ( 3 ) GLOBAL_UNCERTAINTY_ASSIGNED_CONTEXT ( ( #1256 ) ) GLOBAL_UNIT_ASSIGNED_CONTEXT ( ( #641, #4760, #5227 ) ) REPRESENTATION_CONTEXT ( 'NONE', 'WORKASPACE' ) );
#4854 = CARTESIAN_POINT ( 'NONE',  ( 6.397802213994760123, 0.4243955686388884985, 3.888169321753833785 ) ) ;
#4855 = CARTESIAN_POINT ( 'NONE',  ( 7.018965958336739419, 0.3083795190317402124, 0.6352281897922975595 ) ) ;
#4856 = CARTESIAN_POINT ( 'NONE',  ( 2.499329268592800801, -2.479546513799930629, 2.340000000000000302 ) ) ;
#4857 = CARTESIAN_POINT ( 'NONE',  ( 0.6231802303408435773, 0.2463604577287741570, 3.728217278468493490 ) ) ;
#4858 = EDGE_LOOP ( 'NONE', ( #3048, #6336, #1790, #6635 ) ) ;
#4859 = VERTEX_POINT ( 'NONE', #6045 ) ;
#4860 =( NAMED_UNIT ( * ) PLANE_ANGLE_UNIT ( ) SI_UNIT ( $, .RADIAN. ) );
#4861 = DIRECTION ( 'NONE',  ( -0.000000000000000000, -0.000000000000000000, -1.000000000000000000 ) ) ;
#4862 = CARTESIAN_POINT ( 'NONE',  ( 6.621915515480616854, 0.4292257647396813813, 3.864628687631049164 ) ) ;
#4863 = CARTESIAN_POINT ( 'NONE',  ( 7.110000000000000320, 0.5000000000000000000, 0.9999999999999711342 ) ) ;
#4864 = LINE ( 'NONE', #6273, #1571 ) ;
#4865 = CARTESIAN_POINT ( 'NONE',  ( 0.000000000000000000, 0.000000000000000000, 2.781166666666668341 ) ) ;
#4866 = CARTESIAN_POINT ( 'NONE',  ( 4.433761228971684787, 3.205075560774861998, 4.075000000000000178 ) ) ;
#4867 = LINE ( 'NONE', #315, #4006 ) ;
#4868 = COLOUR_RGB ( '',0.5647058823529411686, 0.3019607843137254721, 0.1294117647058823373 ) ;
#4869 = ORIENTED_EDGE ( 'NONE', *, *, #414, .F. ) ;
#4870 = LINE ( 'NONE', #245, #6032 ) ;
#4871 = SURFACE_STYLE_FILL_AREA ( #2850 ) ;
#4872 = CARTESIAN_POINT ( 'NONE',  ( 1.000000000000000000, 1.000000000000000000, 0.000000000000000000 ) ) ;
#4873 =( GEOMETRIC_REPRESENTATION_CONTEXT ( 3 ) GLOBAL_UNCERTAINTY_ASSIGNED_CONTEXT ( ( #5106 ) ) GLOBAL_UNIT_ASSIGNED_CONTEXT ( ( #1481, #5993, #1879 ) ) REPRESENTATION_CONTEXT ( 'NONE', 'WORKASPACE' ) );
#4874 = FILL_AREA_STYLE_COLOUR ( '', #1125 ) ;
#4875 = EDGE_CURVE ( 'NONE', #5841, #1815, #3998, .T. ) ;
#4876 = CARTESIAN_POINT ( 'NONE',  ( 6.309848143909411178, 0.6003037094114763716, 0.08272247668800766784 ) ) ;
#4877 = CARTESIAN_POINT ( 'NONE',  ( 5.573220173274846090, -3.518153472730923159, 2.339999999999998970 ) ) ;
#4878 = VECTOR ( 'NONE', #6111, 1000.000000000000000 ) ;
#4879 = CARTESIAN_POINT ( 'NONE',  ( 1.046112895389681885, -3.211654731536665253, 1.730000000000000204 ) ) ;
#4880 = CARTESIAN_POINT ( 'NONE',  ( 4.951449663791152922, -3.387925984182047490, 1.729999999999999760 ) ) ;
#4881 =( GEOMETRIC_REPRESENTATION_CONTEXT ( 3 ) GLOBAL_UNCERTAINTY_ASSIGNED_CONTEXT ( ( #6350 ) ) GLOBAL_UNIT_ASSIGNED_CONTEXT ( ( #591, #2576, #2638 ) ) REPRESENTATION_CONTEXT ( 'NONE', 'WORKASPACE' ) );
#4882 =( GEOMETRIC_REPRESENTATION_CONTEXT ( 3 ) GLOBAL_UNCERTAINTY_ASSIGNED_CONTEXT ( ( #4742 ) ) GLOBAL_UNIT_ASSIGNED_CONTEXT ( ( #5578, #3571, #5651 ) ) REPRESENTATION_CONTEXT ( 'NONE', 'WORKASPACE' ) );
#4883 = CARTESIAN_POINT ( 'NONE',  ( 6.488731719095146566, 0.5771560468810245093, 0.1079124879296664286 ) ) ;
#4884 = CARTESIAN_POINT ( 'NONE',  ( 0.7798340201314746256, 0.7544202808804312266, 4.034851127386164471 ) ) ;
#4885 = CARTESIAN_POINT ( 'NONE',  ( 3.196409759331552358, 3.205053595892337626, 4.070000000000000284 ) ) ;
#4886 = CARTESIAN_POINT ( 'NONE',  ( 6.217975107066028073, 0.8795038866766693442, 4.061737276785224005 ) ) ;
#4887 = MECHANICAL_DESIGN_GEOMETRIC_PRESENTATION_REPRESENTATION (  '', ( #4673 ), #2402 ) ;
#4888 = CARTESIAN_POINT ( 'NONE',  ( 6.877997440483468949, 0.1430262077500678297, 0.5821751287034711009 ) ) ;
#4889 = CARTESIAN_POINT ( 'NONE',  ( 2.587099284624900353, -2.262817522373828272, 2.339999999999999414 ) ) ;
#4890 = EDGE_CURVE ( 'NONE', #1844, #396, #6586, .T. ) ;
#4891 = AXIS2_PLACEMENT_3D ( 'NONE', #1202, #3250, #693 ) ;
#4892 = CARTESIAN_POINT ( 'NONE',  ( 0.1195240395785643200, 0.4328307979704730801, 3.546744194306197695 ) ) ;
#4893 = ORIENTED_EDGE ( 'NONE', *, *, #4090, .F. ) ;
#4894 = ORIENTED_EDGE ( 'NONE', *, *, #5749, .F. ) ;
#4895 = LINE ( 'NONE', #4277, #4943 ) ;
#4896 = CARTESIAN_POINT ( 'NONE',  ( 6.531125322882235018, 0.3456999304864020739, 3.824098228921452236 ) ) ;
#4897 = LINE ( 'NONE', #1360, #1839 ) ;
#4898 = CARTESIAN_POINT ( 'NONE',  ( 6.585813987743361686, 0.04837202599880672388, 3.378775221303494725 ) ) ;
#4899 = CARTESIAN_POINT ( 'NONE',  ( 6.094752834835457378, -3.388698253309387454, 2.340000000000000302 ) ) ;
#4900 = DIRECTION ( 'NONE',  ( 1.000000000000000000, -0.000000000000000000, 0.000000000000000000 ) ) ;
#4901 = SURFACE_SIDE_STYLE ('',( #2772 ) ) ;
#4902 = ORIENTED_EDGE ( 'NONE', *, *, #4704, .F. ) ;
#4903 = CARTESIAN_POINT ( 'NONE',  ( 3.591374980971351327, 3.090525030000000228, 4.075000000000000178 ) ) ;
#4904 = CARTESIAN_POINT ( 'NONE',  ( 6.384035908400418791, 0.8631503478714509514, 4.032071682309167571 ) ) ;
#4905 = CARTESIAN_POINT ( 'NONE',  ( 7.108487230152389813, 0.3560760931651171246, 3.070000000000002505 ) ) ;
#4906 = SURFACE_STYLE_FILL_AREA ( #3874 ) ;
#4907 = CARTESIAN_POINT ( 'NONE',  ( 0.05555435654779636301, 0.2817720967774250407, 0.7484342044746499223 ) ) ;
#4908 = SURFACE_STYLE_USAGE ( .BOTH. , #5422 ) ;
#4909 = EDGE_CURVE ( 'NONE', #307, #6582, #1936, .T. ) ;
#4910 = CARTESIAN_POINT ( 'NONE',  ( 6.438073204527411164, 0.3438535902385618237, 0.2452125173355444443 ) ) ;
#4911 = CARTESIAN_POINT ( 'NONE',  ( 4.610670731407198630, -2.479546513799929741, 2.339999999999999858 ) ) ;
#4912 = STYLED_ITEM ( 'NONE', ( #4774 ), #2437 ) ;
#4913 = DIRECTION ( 'NONE',  ( -0.2764273280489778495, -0.9610348236706631742, 0.000000000000000000 ) ) ;
#4914 = MECHANICAL_DESIGN_GEOMETRIC_PRESENTATION_REPRESENTATION (  '', ( #4592 ), #6015 ) ;
#4915 = EDGE_CURVE ( 'NONE', #561, #89, #1974, .T. ) ;
#4916 = CARTESIAN_POINT ( 'NONE',  ( 6.643610060796818928, -3.012110412698151052, 2.340000000000000302 ) ) ;
#4917 = CARTESIAN_POINT ( 'NONE',  ( 6.665981088910461594, 0.6829483547792046805, 0.1680801174259932140 ) ) ;
#4918 = CARTESIAN_POINT ( 'NONE',  ( 0.7125865094060311877, 0.6791653910792051496, 4.008074349087934252 ) ) ;
#4919 = ORIENTED_EDGE ( 'NONE', *, *, #3253, .T. ) ;
#4920 = ORIENTED_EDGE ( 'NONE', *, *, #5079, .T. ) ;
#4921 = CARTESIAN_POINT ( 'NONE',  ( 3.569738375644026629, 3.262445043772758790, 4.075000000000000178 ) ) ;
#4922 = CARTESIAN_POINT ( 'NONE',  ( 4.257427140371730090, 3.577907501469753004, 4.075000000000000178 ) ) ;
#4923 = CARTESIAN_POINT ( 'NONE',  ( 6.305580115957198473, 0.8245680218457019928, 4.048014365305398599 ) ) ;
#4924 = EDGE_CURVE ( 'NONE', #2107, #5529, #5238, .T. ) ;
#4925 = CARTESIAN_POINT ( 'NONE',  ( 6.904160888701929899, 0.1606076725492891211, 0.5788943837969134920 ) ) ;
#4926 = CARTESIAN_POINT ( 'NONE',  ( 2.615000000000001101, -1.976830000000000087, 2.340000000000000302 ) ) ;
#4927 = CARTESIAN_POINT ( 'NONE',  ( 0.3874692624856944101, 0.3157640287782074173, 3.752725583173563084 ) ) ;
#4928 = VERTEX_POINT ( 'NONE', #3736 ) ;
#4929 = ORIENTED_EDGE ( 'NONE', *, *, #600, .T. ) ;
#4930 = LINE ( 'NONE', #5473, #5407 ) ;
#4931 = DIRECTION ( 'NONE',  ( 1.000000000000000000, 0.000000000000000000, 0.000000000000000000 ) ) ;
#4932 = CARTESIAN_POINT ( 'NONE',  ( 6.523161954909700633, 0.3584928850692317703, 3.835283890009547392 ) ) ;
#4933 = EDGE_CURVE ( 'NONE', #5358, #1136, #5790, .T. ) ;
#4935 = CARTESIAN_POINT ( 'NONE',  ( 0.3764207349864549523, 0.4100097802315297302, 0.2682847061924348298 ) ) ;
#4934 = SURFACE_STYLE_FILL_AREA ( #5542 ) ;
#4936 = VECTOR ( 'NONE', #4727, 1000.000000000000114 ) ;
#4937 = CARTESIAN_POINT ( 'NONE',  ( 5.052564829889170106, 3.576267184938944244, 4.070000000000000284 ) ) ;
#4938 = STYLED_ITEM ( 'NONE', ( #4184 ), #5512 ) ;
#4939 = CARTESIAN_POINT ( 'NONE',  ( 3.336523754250167784, 3.692512944455525137, 4.075000000000000178 ) ) ;
#4940 = CARTESIAN_POINT ( 'NONE',  ( 6.969016077232870643, 0.5101689291952942185, 0.4825227225286625732 ) ) ;
#4941 = ORIENTED_EDGE ( 'NONE', *, *, #3622, .F. ) ;
#4942 = CARTESIAN_POINT ( 'NONE',  ( 6.094999999999994422, -3.426829999999992715, 2.035000000000000142 ) ) ;
#4943 = VECTOR ( 'NONE', #6373, 1000.000000000000000 ) ;
#4944 = CARTESIAN_POINT ( 'NONE',  ( 6.775623108174244180, 0.6672002351261945297, 3.816323736594708027 ) ) ;
#4945 = CARTESIAN_POINT ( 'NONE',  ( 6.753923900117929868, 0.001512770436964542761, 3.128888795304092696 ) ) ;
#4946 = CARTESIAN_POINT ( 'NONE',  ( 0.06585031694315864048, 0.4670169530438342265, 0.6410416492039298086 ) ) ;
#4947 =( NAMED_UNIT ( * ) PLANE_ANGLE_UNIT ( ) SI_UNIT ( $, .RADIAN. ) );
#4948 = FILL_AREA_STYLE_COLOUR ( '', #4770 ) ;
#4949 = CARTESIAN_POINT ( 'NONE',  ( 5.128655669359663882, -2.153446827274946518, 2.340000000000000302 ) ) ;
#4950 = CARTESIAN_POINT ( 'NONE',  ( 6.063887104610309109, -3.211654731536661700, 1.729999999999999982 ) ) ;
#4951 = CARTESIAN_POINT ( 'NONE',  ( 6.465868734234600623, 0.6025454292691597713, 0.09545475832245350900 ) ) ;
#4952 = CARTESIAN_POINT ( 'NONE',  ( 0.7789364968038966497, 0.7091424288589607272, 4.024563800571649530 ) ) ;
#4953 = ORIENTED_EDGE ( 'NONE', *, *, #586, .T. ) ;
#4954 = CARTESIAN_POINT ( 'NONE',  ( 0.6158555884782697110, 0.7817747709568392267, 0.07599064170789175676 ) ) ;
#4955 = CARTESIAN_POINT ( 'NONE',  ( 6.152179086780831696, 0.9529285444950462702, 4.068985425871850303 ) ) ;
#4956 = LINE ( 'NONE', #6057, #555 ) ;
#4957 = AXIS2_PLACEMENT_3D ( 'NONE', #3724, #93, #1615 ) ;
#4958 = CARTESIAN_POINT ( 'NONE',  ( 1.625835851576190594, -3.411199050375175901, 2.340000000000000302 ) ) ;
#4959 = CARTESIAN_POINT ( 'NONE',  ( 0.1573367896652113629, 0.3219487542838218586, 3.579587957978290547 ) ) ;
#4960 = VERTEX_POINT ( 'NONE', #140 ) ;
#4961 = EDGE_CURVE ( 'NONE', #5886, #5728, #2922, .T. ) ;
#4962 = ORIENTED_EDGE ( 'NONE', *, *, #2002, .T. ) ;
#4963 = CARTESIAN_POINT ( 'NONE',  ( 2.969662601183352013, 3.577927635947331986, 4.070000000000000284 ) ) ;
#4964 = CARTESIAN_POINT ( 'NONE',  ( 6.411534651888894487, 0.3969306938646499638, 3.868254775784167432 ) ) ;
#4966 = CARTESIAN_POINT ( 'NONE',  ( 0.4410959759961430304, 0.5498499319335503621, 0.1829262118906953838 ) ) ;
#4965 = DIRECTION ( 'NONE',  ( -1.000000000000000000, 0.000000000000000000, 0.000000000000000000 ) ) ;
#4967 = DIRECTION ( 'NONE',  ( -1.000000000000000000, 0.000000000000000000, 0.000000000000000000 ) ) ;
#4968 = CARTESIAN_POINT ( 'NONE',  ( 4.047065785670777238, 3.692512944455525137, 4.075000000000000178 ) ) ;
#4969 = ORIENTED_EDGE ( 'NONE', *, *, #460, .T. ) ;
#4970 = DIRECTION ( 'NONE',  ( 0.000000000000000000, 0.000000000000000000, -1.000000000000000000 ) ) ;
#4971 = CARTESIAN_POINT ( 'NONE',  ( 0.5140466025398279237, 0.02801725078463625923, 3.343609481166216923 ) ) ;
#4972 = CARTESIAN_POINT ( 'NONE',  ( 7.047910188824641153, 0.1129101002875099319, 3.070000000000000728 ) ) ;
#4973 = CARTESIAN_POINT ( 'NONE',  ( 0.03451329015292049079, 0.4504071682117405384, 0.7370520186521072326 ) ) ;
#4974 = VECTOR ( 'NONE', #6491, 1000.000000000000227 ) ;
#4975 = DIRECTION ( 'NONE',  ( 0.2746459304916856192, 0.9615454294334491170, 0.000000000000000000 ) ) ;
#4976 = AXIS2_PLACEMENT_3D ( 'NONE', #6698, #3110, #1028 ) ;
#4977 = DIRECTION ( 'NONE',  ( -0.000000000000000000, -0.000000000000000000, 1.000000000000000000 ) ) ;
#4978 = LINE ( 'NONE', #4691, #3038 ) ;
#4979 = CARTESIAN_POINT ( 'NONE',  ( 6.696620701844502754, -3.216821133043449521, 2.340000000000000302 ) ) ;
#4980 = SURFACE_STYLE_USAGE ( .BOTH. , #857 ) ;
#4981 = CARTESIAN_POINT ( 'NONE',  ( 5.128655669359663882, -2.153446827274946518, 1.729999999999999760 ) ) ;
#4982 = CARTESIAN_POINT ( 'NONE',  ( 6.444365626908033384, 0.5830497699907155607, 0.09872997751503240216 ) ) ;
#4983 = CARTESIAN_POINT ( 'NONE',  ( 0.8001518560905909183, 0.6003037094114522798, 3.987277523311984151 ) ) ;
#4984 = ORIENTED_EDGE ( 'NONE', *, *, #4503, .T. ) ;
#4985 = CARTESIAN_POINT ( 'NONE',  ( 0.7543900526678017915, 0.8771950238598419380, 0.03041327692951283426 ) ) ;
#4986 =( LENGTH_UNIT ( ) NAMED_UNIT ( * ) SI_UNIT ( .MILLI., .METRE. ) );
#4987 = CARTESIAN_POINT ( 'NONE',  ( 2.004868535347958503, -2.028836699693395751, 1.730000000000000426 ) ) ;
#4988 = CARTESIAN_POINT ( 'NONE',  ( 0.2013304662509163845, 0.2443860499008096987, 3.594183061724103734 ) ) ;
#4989 = VERTEX_POINT ( 'NONE', #2098 ) ;
#4990 = DIRECTION ( 'NONE',  ( 0.000000000000000000, 0.000000000000000000, 1.000000000000000000 ) ) ;
#4991 = VECTOR ( 'NONE', #3868, 1000.000000000000000 ) ;
#4992 = DIRECTION ( 'NONE',  ( 0.05596501978069814975, 0.9984327301130236920, 0.000000000000000000 ) ) ;
#4993 = CARTESIAN_POINT ( 'NONE',  ( 6.673133550073947262, 0.6373899819204431605, 3.895702093953171019 ) ) ;
#4995 = CARTESIAN_POINT ( 'NONE',  ( 0.3438535902385572718, 0.6719267954725834935, 0.2452125173355464982 ) ) ;
#4994 = CARTESIAN_POINT ( 'NONE',  ( 0.4050047682727139220, -10.42441809826545374, 1.729999999999999760 ) ) ;
#4996 = ADVANCED_FACE ( 'NONE', ( #4152 ), #2702, .T. ) ;
#4997 = CARTESIAN_POINT ( 'NONE',  ( 6.518159558483760385, 0.1836808682103496237, 3.648840062930555739 ) ) ;
#4998 = CARTESIAN_POINT ( 'NONE',  ( 2.969662601183352013, 3.577927635947331986, 4.075000000000000178 ) ) ;
#4999 = ORIENTED_EDGE ( 'NONE', *, *, #5195, .T. ) ;
#5000 = SURFACE_STYLE_USAGE ( .BOTH. , #2462 ) ;
#5001 = CARTESIAN_POINT ( 'NONE',  ( 7.081982749215606887, 0.5140466025398280348, 3.343609481165667141 ) ) ;
#5002 = CARTESIAN_POINT ( 'NONE',  ( 7.075234122209787202, 0.2247106573343617131, 3.207117697109901133 ) ) ;
#5003 = SURFACE_STYLE_FILL_AREA ( #1745 ) ;
#5004 = CARTESIAN_POINT ( 'NONE',  ( 2.587099284624900353, -2.262817522373828272, 1.730000000000000204 ) ) ;
#5005 = ORIENTED_EDGE ( 'NONE', *, *, #1953, .T. ) ;
#5006 = SURFACE_SIDE_STYLE ('',( #413 ) ) ;
#5007 = CARTESIAN_POINT ( 'NONE',  ( 4.494999999999999218, -1.976830000000000087, 1.730000000000000204 ) ) ;
#5008 = DIRECTION ( 'NONE',  ( -0.000000000000000000, 1.000000000000000000, -0.000000000000000000 ) ) ;
#5009 = CARTESIAN_POINT ( 'NONE',  ( 6.063887104610309109, -3.211654731536661700, 1.729999999999999982 ) ) ;
#5010 = EDGE_CURVE ( 'NONE', #1543, #6696, #3169, .T. ) ;
#5011 = CARTESIAN_POINT ( 'NONE',  ( 6.554708347232567789, -2.818871312028088827, 1.730000000000000870 ) ) ;
#5012 = CARTESIAN_POINT ( 'NONE',  ( 6.290477085260167911, 0.8093959573068573166, 0.02177153075163308638 ) ) ;
#5013 = CARTESIAN_POINT ( 'NONE',  ( 0.8166001271926172089, 0.8604076816054753163, 4.052249515770073529 ) ) ;
#5014 = ORIENTED_EDGE ( 'NONE', *, *, #6516, .T. ) ;
#5015 = VECTOR ( 'NONE', #666, 1000.000000000000000 ) ;
#5016 = CARTESIAN_POINT ( 'NONE',  ( 0.6618738140542052006, 0.8309369057050889351, 0.05834743372396212352 ) ) ;
#5017 = CARTESIAN_POINT ( 'NONE',  ( 6.139811091926252296, 0.9403778168077131516, 4.068577835119493891 ) ) ;
#5018 = DIRECTION ( 'NONE',  ( -0.2755520632520589430, -0.9612861490927315788, 0.000000000000000000 ) ) ;
#5019 = CARTESIAN_POINT ( 'NONE',  ( 2.343689367301083237, -2.651590930006798796, 1.730000000000000204 ) ) ;
#5020 = CARTESIAN_POINT ( 'NONE',  ( 0.5105947247195570249, 0.3917480164718371016, 3.846895635534897551 ) ) ;
#5021 = ORIENTED_EDGE ( 'NONE', *, *, #6481, .T. ) ;
#5022 = ORIENTED_EDGE ( 'NONE', *, *, #6105, .F. ) ;
#5023 =( NAMED_UNIT ( * ) SI_UNIT ( $, .STERADIAN. ) SOLID_ANGLE_UNIT ( ) );
#5024 = PLANE ( 'NONE',  #6689 ) ;
#5025 =( NAMED_UNIT ( * ) PLANE_ANGLE_UNIT ( ) SI_UNIT ( $, .RADIAN. ) );
#5026 = CARTESIAN_POINT ( 'NONE',  ( 6.615721948198459046, 0.6150870186994796818, 3.925863161346234254 ) ) ;
#5027 = CARTESIAN_POINT ( 'NONE',  ( 0.3180500710238762241, 0.6590250355897321333, 0.2684037605593632136 ) ) ;
#5028 = CARTESIAN_POINT ( 'NONE',  ( 0.1455283435138731429, 0.04481223431971715493, 3.070000000000002505 ) ) ;
#5029 = SURFACE_SIDE_STYLE ('',( #6069 ) ) ;
#5030 = EDGE_LOOP ( 'NONE', ( #3015, #5996, #448, #4612 ) ) ;
#5031 = CARTESIAN_POINT ( 'NONE',  ( 0.3235569340318610876, 0.6617838083154152784, 0.2634689277132643004 ) ) ;
#5032 = CARTESIAN_POINT ( 'NONE',  ( 6.962073723273818793, 0.1940742861653097506, 3.453946087683505084 ) ) ;
#5033 = CARTESIAN_POINT ( 'NONE',  ( 2.438089316360104952, -2.561600740389324393, 1.729999999999999982 ) ) ;
#5034 = VECTOR ( 'NONE', #5659, 1000.000000000000000 ) ;
#5035 = CARTESIAN_POINT ( 'NONE',  ( 5.919345574722770564, -3.016415516703254251, 1.730000000000000204 ) ) ;
#5036 =( NAMED_UNIT ( * ) PLANE_ANGLE_UNIT ( ) SI_UNIT ( $, .RADIAN. ) );
#5037 = STYLED_ITEM ( 'NONE', ( #2324 ), #6108 ) ;
#5038 = ADVANCED_FACE ( 'NONE', ( #5823 ), #584, .F. ) ;
#5039 = APPLICATION_CONTEXT ( 'automotive_design' ) ;
#5040 = LINE ( 'NONE', #4089, #1846 ) ;
#5041 = CARTESIAN_POINT ( 'NONE',  ( 4.495131464652040165, -2.028836699693395751, 1.730000000000000204 ) ) ;
#5042 = CARTESIAN_POINT ( 'NONE',  ( 6.454991031075663521, 0.7381138444691697220, 0.06521153930778991747 ) ) ;
#5043 = CARTESIAN_POINT ( 'NONE',  ( 0.9172948365415303229, 0.8545621207295492905, 4.059472198184138847 ) ) ;
#5044 = CARTESIAN_POINT ( 'NONE',  ( 0.7381138444687335154, 0.6550089689239212420, 0.06521153930784100161 ) ) ;
#5045 = CARTESIAN_POINT ( 'NONE',  ( 6.129662620064289413, 0.9756046726503411204, 4.070000000000000284 ) ) ;
#5046 =( NAMED_UNIT ( * ) PLANE_ANGLE_UNIT ( ) SI_UNIT ( $, .RADIAN. ) );
#5047 = CARTESIAN_POINT ( 'NONE',  ( 6.890724733600213092, 0.6096608664577106707, 0.3741931020969012089 ) ) ;
#5048 = CARTESIAN_POINT ( 'NONE',  ( 6.627196745140016887, 0.3567140596946336562, 0.2559027734247713015 ) ) ;
#5049 = CARTESIAN_POINT ( 'NONE',  ( 0.3797996246063514714, 0.5275106094688806202, 3.841815033934319779 ) ) ;
#5050 = ORIENTED_EDGE ( 'NONE', *, *, #4723, .F. ) ;
#5051 = FILL_AREA_STYLE_COLOUR ( '', #5086 ) ;
#5052 = DIRECTION ( 'NONE',  ( -0.9601763114346042460, 0.2793947940814895947, 0.000000000000000000 ) ) ;
#5053 = CARTESIAN_POINT ( 'NONE',  ( 6.589934047840873887, 0.4650632244399350301, 3.893513832814216702 ) ) ;
#5055 = CARTESIAN_POINT ( 'NONE',  ( 0.3969306938646374738, 0.6984653481110736362, 0.2017452242158403741 ) ) ;
#5054 = CARTESIAN_POINT ( 'NONE',  ( 4.887746094348463188, 3.576280269646407994, 4.070000000000000284 ) ) ;
#5056 = MECHANICAL_DESIGN_GEOMETRIC_PRESENTATION_REPRESENTATION (  '', ( #6269 ), #2468 ) ;
#5057 = CARTESIAN_POINT ( 'NONE',  ( 0.02175792598874434422, 0.2135992079871773253, 3.128888795304078485 ) ) ;
#5058 = CARTESIAN_POINT ( 'NONE',  ( 0.3681975561554280962, 0.6841385656785710090, 0.2247217998816987139 ) ) ;
#5059 = DIRECTION ( 'NONE',  ( -0.000000000000000000, 1.000000000000000000, 0.000000000000000000 ) ) ;
#5060 =( LENGTH_UNIT ( ) NAMED_UNIT ( * ) SI_UNIT ( .MILLI., .METRE. ) );
#5061 = CARTESIAN_POINT ( 'NONE',  ( 6.979893701160937880, 0.2209509208284679005, 3.450908200150480276 ) ) ;
#5062 = STYLED_ITEM ( 'NONE', ( #2028 ), #2715 ) ;
#5063 = AXIS2_PLACEMENT_3D ( 'NONE', #1077, #1999, #2093 ) ;
#5064 = EDGE_LOOP ( 'NONE', ( #4256, #3463, #3996, #5366 ) ) ;
#5065 = CARTESIAN_POINT ( 'NONE',  ( 2.499329268592800357, -2.479546513799930185, 1.730000000000000426 ) ) ;
#5066 = CARTESIAN_POINT ( 'NONE',  ( 0.000000000000000000, 5.733170000000000321, 1.000000000000000000 ) ) ;
#5067 = CARTESIAN_POINT ( 'NONE',  ( 6.704995231727276739, -10.42441809826545018, 2.340000000000000302 ) ) ;
#5068 = COLOUR_RGB ( '',1.000000000000000000, 0.8431372549019607865, 0.1333333333333333315 ) ;
#5069 = EDGE_CURVE ( 'NONE', #2883, #966, #825, .T. ) ;
#5070 = CARTESIAN_POINT ( 'NONE',  ( 6.285431978153948052, 0.8044198840429652719, 0.02198563469446389654 ) ) ;
#5071 = CARTESIAN_POINT ( 'NONE',  ( 0.8982810949473516438, 0.8733008035047290507, 4.061417811811582901 ) ) ;
#5072 = ORIENTED_EDGE ( 'NONE', *, *, #5121, .T. ) ;
#5073 = MECHANICAL_DESIGN_GEOMETRIC_PRESENTATION_REPRESENTATION (  '', ( #6290 ), #5518 ) ;
#5074 =( GEOMETRIC_REPRESENTATION_CONTEXT ( 3 ) GLOBAL_UNCERTAINTY_ASSIGNED_CONTEXT ( ( #2257 ) ) GLOBAL_UNIT_ASSIGNED_CONTEXT ( ( #4416, #4851, #226 ) ) REPRESENTATION_CONTEXT ( 'NONE', 'WORKASPACE' ) );
#5075 = CARTESIAN_POINT ( 'NONE',  ( 0.7041649149678018693, 0.6873834400412466294, 0.06143678425656377146 ) ) ;
#5076 = CARTESIAN_POINT ( 'NONE',  ( 6.142362588736251183, 0.9430001273739353485, 4.068694842857212279 ) ) ;
#5077 = CARTESIAN_POINT ( 'NONE',  ( 1.000000000000000000, 1.000000000000000000, 4.070000000000000284 ) ) ;
#5078 = CARTESIAN_POINT ( 'NONE',  ( 6.802221039721176865, 0.6538904593797990605, 0.2782785939310680745 ) ) ;
#5079 = EDGE_CURVE ( 'NONE', #985, #2693, #3276, .T. ) ;
#5080 = CARTESIAN_POINT ( 'NONE',  ( 6.726085239801657956, 0.4477740487547269277, 0.2483632334983501833 ) ) ;
#5081 = CARTESIAN_POINT ( 'NONE',  ( 0.2690029492822366142, 0.6345014746339768807, 3.753216511655651733 ) ) ;
#5082 = ORIENTED_EDGE ( 'NONE', *, *, #954, .F. ) ;
#5083 = CARTESIAN_POINT ( 'NONE',  ( 5.795906912200894823, -2.939923179177049484, 1.729999999999999760 ) ) ;
#5084 = MECHANICAL_DESIGN_GEOMETRIC_PRESENTATION_REPRESENTATION (  '', ( #4223 ), #2167 ) ;
#5085 = CARTESIAN_POINT ( 'NONE',  ( 6.693075038345194017, 0.6670000910925008020, 3.883306648457123700 ) ) ;
#5086 = COLOUR_RGB ( '',1.000000000000000000, 0.8431372549019607865, 0.1333333333333333315 ) ;
#5088 = CARTESIAN_POINT ( 'NONE',  ( 0.4650633316839343778, 0.5200658264970960953, 0.1764861462631056865 ) ) ;
#5087 =( NAMED_UNIT ( * ) PLANE_ANGLE_UNIT ( ) SI_UNIT ( $, .RADIAN. ) );
#5089 = EDGE_CURVE ( 'NONE', #5401, #3428, #1835, .T. ) ;
#5090 = CARTESIAN_POINT ( 'NONE',  ( 0.006921618483179808705, 0.5035115945656516434, 3.206182436500043309 ) ) ;
#5091 = PRESENTATION_LAYER_ASSIGNMENT (  '', '', ( #676 ) ) ;
#5092 = DIRECTION ( 'NONE',  ( -0.2746918797667246004, -0.9615323037684294638, 0.000000000000000000 ) ) ;
#5093 =( NAMED_UNIT ( * ) SI_UNIT ( $, .STERADIAN. ) SOLID_ANGLE_UNIT ( ) );
#5094 = LINE ( 'NONE', #4763, #3153 ) ;
#5095 = CARTESIAN_POINT ( 'NONE',  ( 6.915925341964213935, 0.1479260021408349002, 3.453946053340645861 ) ) ;
#5096 = VECTOR ( 'NONE', #2838, 1000.000000000000000 ) ;
#5098 = CARTESIAN_POINT ( 'NONE',  ( 0.1845943674405746693, 0.2692177514351276613, 0.4792830006680832700 ) ) ;
#5097 = CARTESIAN_POINT ( 'NONE',  ( 4.887746094348463188, 3.576280269646407994, 4.075000000000000178 ) ) ;
#5099 =( GEOMETRIC_REPRESENTATION_CONTEXT ( 3 ) GLOBAL_UNCERTAINTY_ASSIGNED_CONTEXT ( ( #1158 ) ) GLOBAL_UNIT_ASSIGNED_CONTEXT ( ( #2079, #487, #2645 ) ) REPRESENTATION_CONTEXT ( 'NONE', 'WORKASPACE' ) );
#5100 = UNCERTAINTY_MEASURE_WITH_UNIT (LENGTH_MEASURE( 1.000000000000000082E-05 ), #778, 'distance_accuracy_value', 'NONE');
#5101 = VERTEX_POINT ( 'NONE', #755 ) ;
#5102 = LINE ( 'NONE', #3980, #4878 ) ;
#5103 = CARTESIAN_POINT ( 'NONE',  ( 6.094999999999994422, -3.426829999999992715, 1.730000000000000204 ) ) ;
#5104 = CARTESIAN_POINT ( 'NONE',  ( 6.094752834835457378, -3.388698253309387454, 1.730000000000000204 ) ) ;
#5105 = FILL_AREA_STYLE ('',( #3516 ) ) ;
#5106 = UNCERTAINTY_MEASURE_WITH_UNIT (LENGTH_MEASURE( 1.000000000000000082E-05 ), #1481, 'distance_accuracy_value', 'NONE');
#5107 = CARTESIAN_POINT ( 'NONE',  ( 6.254686529214062318, 0.7748242234145954477, 0.02564480772779219320 ) ) ;
#5108 = CARTESIAN_POINT ( 'NONE',  ( 0.8843082578120966541, 0.9343150946457778883, 4.063427905780782723 ) ) ;
#5109 = ORIENTED_EDGE ( 'NONE', *, *, #1796, .T. ) ;
#5110 = EDGE_CURVE ( 'NONE', #3400, #6257, #320, .T. ) ;
#5111 = CARTESIAN_POINT ( 'NONE',  ( 1.014999999999997016, -3.426829999999996268, 2.339999999999999858 ) ) ;
#5112 = SURFACE_STYLE_USAGE ( .BOTH. , #47 ) ;
#5113 = SURFACE_STYLE_USAGE ( .BOTH. , #6254 ) ;
#5114 = CARTESIAN_POINT ( 'NONE',  ( 1.014999999999997016, -3.426829999999996268, 1.729999999999999982 ) ) ;
#5115 = CARTESIAN_POINT ( 'NONE',  ( 6.845336687019845101, 0.5814199004532625281, 0.3208233731609742012 ) ) ;
#5116 = CARTESIAN_POINT ( 'NONE',  ( 0.3917479796921770618, 0.5105947737918968832, 3.846895622447997987 ) ) ;
#5117 = ORIENTED_EDGE ( 'NONE', *, *, #5460, .F. ) ;
#5118 = CARTESIAN_POINT ( 'NONE',  ( 0.04481223431971868842, 0.1455283435138696735, 0.9999999999999995559 ) ) ;
#5119 = CARTESIAN_POINT ( 'NONE',  ( 2.356537550416343052, 3.692512944455525137, 4.075000000000000178 ) ) ;
#5120 = CARTESIAN_POINT ( 'NONE',  ( 4.495131464652040165, -2.028836699693395751, 1.730000000000000204 ) ) ;
#5121 = EDGE_CURVE ( 'NONE', #4306, #573, #5864, .T. ) ;
#5122 = SURFACE_STYLE_USAGE ( .BOTH. , #1517 ) ;
#5123 = CARTESIAN_POINT ( 'NONE',  ( 6.325200594876180915, 0.5695988061297954097, 3.973224176183006495 ) ) ;
#5124 = CARTESIAN_POINT ( 'NONE',  ( 0.5291907817051662022, 0.05833379440512519165, 0.6630001470048521028 ) ) ;
#5125 = PRESENTATION_LAYER_ASSIGNMENT (  '', '', ( #6343 ) ) ;
#5126 = DIRECTION ( 'NONE',  ( -0.3725077383643490836, 0.9280290862137229313, 0.000000000000000000 ) ) ;
#5127 =( NAMED_UNIT ( * ) SI_UNIT ( $, .STERADIAN. ) SOLID_ANGLE_UNIT ( ) );
#5128 = ADVANCED_FACE ( 'NONE', ( #246 ), #3158, .T. ) ;
#5129 = VECTOR ( 'NONE', #452, 1000.000000000000000 ) ;
#5130 = DIRECTION ( 'NONE',  ( 1.000000000000000000, -0.000000000000000000, 0.000000000000000000 ) ) ;
#5131 = CARTESIAN_POINT ( 'NONE',  ( 6.869980548442961243, 0.5129338076221612308, 3.716635753441771328 ) ) ;
#5132 = CARTESIAN_POINT ( 'NONE',  ( 0.09597360459459786108, 0.5479868141599966158, 0.5668320419765111584 ) ) ;
#5133 = CYLINDRICAL_SURFACE ( 'NONE', #6242, 0.3050000000000001599 ) ;
#5134 = EDGE_LOOP ( 'NONE', ( #2913, #3160, #1570, #3564 ) ) ;
#5135 = SURFACE_STYLE_USAGE ( .BOTH. , #1532 ) ;
#5136 = CARTESIAN_POINT ( 'NONE',  ( 6.696620701844502754, -3.216821133043449521, 1.730000000000000204 ) ) ;
#5137 = DIRECTION ( 'NONE',  ( -0.000000000000000000, -0.000000000000000000, -1.000000000000000000 ) ) ;
#5138 = MECHANICAL_DESIGN_GEOMETRIC_PRESENTATION_REPRESENTATION (  '', ( #4271 ), #1268 ) ;
#5139 = UNCERTAINTY_MEASURE_WITH_UNIT (LENGTH_MEASURE( 1.000000000000000082E-05 ), #6681, 'distance_accuracy_value', 'NONE');
#5140 = CARTESIAN_POINT ( 'NONE',  ( 6.267255787571073711, 0.8339091047392122036, 0.01650625571529532737 ) ) ;
#5141 = PLANE ( 'NONE',  #2940 ) ;
#5142 = ORIENTED_EDGE ( 'NONE', *, *, #2690, .T. ) ;
#5143 = CARTESIAN_POINT ( 'NONE',  ( 0.9042925359842900468, 0.9142847427982112585, 0.005154847357703345838 ) ) ;
#5144 = CARTESIAN_POINT ( 'NONE',  ( 1.624995231727281331, -3.429241901734537912, 1.729999999999999760 ) ) ;
#5145 = CARTESIAN_POINT ( 'NONE',  ( 6.748726454919961704, 0.4278292223227365132, 0.2706069712668176530 ) ) ;
#5146 = CARTESIAN_POINT ( 'NONE',  ( 0.6147238863766958383, 0.3249851207020311716, 3.808511399002275422 ) ) ;
#5147 = ORIENTED_EDGE ( 'NONE', *, *, #595, .T. ) ;
#5148 = CARTESIAN_POINT ( 'NONE',  ( 4.494999999999999218, -1.976830000000000087, 1.730000000000000204 ) ) ;
#5149 = PLANE ( 'NONE',  #1743 ) ;
#5150 = CARTESIAN_POINT ( 'NONE',  ( 6.309848143909394302, 0.6003037094114652694, 3.987277523311988148 ) ) ;
#5151 = CARTESIAN_POINT ( 'NONE',  ( 0.8092505837394783352, 0.6184980475632806396, 0.07562165534023938818 ) ) ;
#5152 = CARTESIAN_POINT ( 'NONE',  ( 0.4828455422870642777, 0.7415032069393568959, 3.926488308022456852 ) ) ;
#5153 = EDGE_CURVE ( 'NONE', #4848, #6654, #3488, .T. ) ;
#5154 = DIRECTION ( 'NONE',  ( -0.000000000000000000, -0.000000000000000000, -1.000000000000000000 ) ) ;
#5155 = CYLINDRICAL_SURFACE ( 'NONE', #2290, 1.000000000000000000 ) ;
#5156 = FILL_AREA_STYLE_COLOUR ( '', #5394 ) ;
#5157 = CARTESIAN_POINT ( 'NONE',  ( 6.681786068064254458, 0.2873371669429302666, 3.743991278491888064 ) ) ;
#5158 = UNCERTAINTY_MEASURE_WITH_UNIT (LENGTH_MEASURE( 1.000000000000000082E-05 ), #2125, 'distance_accuracy_value', 'NONE');
#5160 = CARTESIAN_POINT ( 'NONE',  ( 0.3874694270293520537, 0.3157639054232943554, 0.3172744405459490546 ) ) ;
#5159 = LINE ( 'NONE', #2030, #648 ) ;
#5161 = STYLED_ITEM ( 'NONE', ( #3689 ), #1837 ) ;
#5162 = ORIENTED_EDGE ( 'NONE', *, *, #6260, .F. ) ;
#5163 = CARTESIAN_POINT ( 'NONE',  ( 4.533291439918471610, 3.577131408902221921, 4.075000000000000178 ) ) ;
#5164 = EDGE_CURVE ( 'NONE', #1136, #446, #1878, .T. ) ;
#5165 = FILL_AREA_STYLE ('',( #6315 ) ) ;
#5166 = CARTESIAN_POINT ( 'NONE',  ( 0.5695988061297789784, 0.7847994051237888735, 0.09677582381700160219 ) ) ;
#5167 = DIRECTION ( 'NONE',  ( 0.2763139702539120779, 0.9610674221107071702, 0.000000000000000000 ) ) ;
#5168 = ORIENTED_EDGE ( 'NONE', *, *, #6431, .F. ) ;
#5169 = CARTESIAN_POINT ( 'NONE',  ( 6.110000000000000320, 1.000000000000000000, 0.000000000000000000 ) ) ;
#5170 = SURFACE_SIDE_STYLE ('',( #3107 ) ) ;
#5171 = ORIENTED_EDGE ( 'NONE', *, *, #1953, .F. ) ;
#5172 = FILL_AREA_STYLE_COLOUR ( '', #6406 ) ;
#5173 = CARTESIAN_POINT ( 'NONE',  ( 1.981344330640335993, -2.153446827274942521, 2.340000000000000746 ) ) ;
#5174 = MECHANICAL_DESIGN_GEOMETRIC_PRESENTATION_REPRESENTATION (  '', ( #2158 ), #4437 ) ;
#5175 = VECTOR ( 'NONE', #3897, 1000.000000000000000 ) ;
#5176 = STYLED_ITEM ( 'NONE', ( #3751 ), #3206 ) ;
#5177 = CARTESIAN_POINT ( 'NONE',  ( 6.529342360585481231, 0.4790073928938253789, 0.1562671053603575388 ) ) ;
#5178 = CARTESIAN_POINT ( 'NONE',  ( 0.5498499319335188318, 0.4410959759961076698, 3.887073788109215666 ) ) ;
#5179 = ORIENTED_EDGE ( 'NONE', *, *, #1297, .F. ) ;
#5180 = AXIS2_PLACEMENT_3D ( 'NONE', #83, #5729, #2642 ) ;
#5181 = CARTESIAN_POINT ( 'NONE',  ( 0.1455260896541887283, 0.04481326011883177834, 0.9411112046959104749 ) ) ;
#5182 = CARTESIAN_POINT ( 'NONE',  ( 4.670083912887823097, -3.300831653889073625, 1.730000000000000204 ) ) ;
#5183 = DIRECTION ( 'NONE',  ( -0.9610992334304706564, 0.2762033010290823043, 0.000000000000000000 ) ) ;
#5184 = CARTESIAN_POINT ( 'NONE',  ( 6.328225172218974848, 0.6158555415724991100, 3.994009337887603817 ) ) ;
#5185 = CARTESIAN_POINT ( 'NONE',  ( 0.5993374783319413979, 0.1986202154841985590, 0.4009164558226638309 ) ) ;
#5186 = COLOUR_RGB ( '',0.5647058823529411686, 0.3019607843137254721, 0.1294117647058823373 ) ;
#5187 = CARTESIAN_POINT ( 'NONE',  ( 2.158550336208844733, -3.387925984182044381, 1.730000000000000204 ) ) ;
#5188 = CARTESIAN_POINT ( 'NONE',  ( 0.5241860122566316393, 0.04837202599880844472, 3.378775221303497389 ) ) ;
#5189 = ORIENTED_EDGE ( 'NONE', *, *, #4470, .F. ) ;
#5190 =( NAMED_UNIT ( * ) SI_UNIT ( $, .STERADIAN. ) SOLID_ANGLE_UNIT ( ) );
#5191 = SURFACE_STYLE_USAGE ( .BOTH. , #5781 ) ;
#5192 = MECHANICAL_DESIGN_GEOMETRIC_PRESENTATION_REPRESENTATION (  '', ( #358 ), #4001 ) ;
#5193 = CARTESIAN_POINT ( 'NONE',  ( 6.826691913507020537, 0.2423601002474175259, 3.653486374142060011 ) ) ;
#5194 =( LENGTH_UNIT ( ) NAMED_UNIT ( * ) SI_UNIT ( .MILLI., .METRE. ) );
#5195 = EDGE_CURVE ( 'NONE', #3261, #6645, #6288, .T. ) ;
#5196 = CARTESIAN_POINT ( 'NONE',  ( 6.826692222793907305, 0.2423603350522260946, 0.4165135942226991794 ) ) ;
#5197 = VECTOR ( 'NONE', #130, 1000.000000000000114 ) ;
#5198 = PRESENTATION_LAYER_ASSIGNMENT (  '', '', ( #5648 ) ) ;
#5199 = FACE_OUTER_BOUND ( 'NONE', #744, .T. ) ;
#5200 = DIRECTION ( 'NONE',  ( 0.2740217765954062190, 0.9617234872620596953, 0.000000000000000000 ) ) ;
#5201 = CARTESIAN_POINT ( 'NONE',  ( 4.193095656005081828, 3.354671063942033182, 4.075000000000000178 ) ) ;
#5202 = SURFACE_STYLE_FILL_AREA ( #3136 ) ;
#5203 =( GEOMETRIC_REPRESENTATION_CONTEXT ( 3 ) GLOBAL_UNCERTAINTY_ASSIGNED_CONTEXT ( ( #2165 ) ) GLOBAL_UNIT_ASSIGNED_CONTEXT ( ( #6680, #502, #6710 ) ) REPRESENTATION_CONTEXT ( 'NONE', 'WORKASPACE' ) );
#5204 = CARTESIAN_POINT ( 'NONE',  ( 0.5397003063702145997, 0.5137891656531479168, 0.1489313607909317771 ) ) ;
#5205 = CARTESIAN_POINT ( 'NONE',  ( 0.000000000000000000, 0.000000000000000000, 3.070000000000000728 ) ) ;
#5206 = CARTESIAN_POINT ( 'NONE',  ( 2.013002443880638648, -2.794514615189089390, 1.730000000000000204 ) ) ;
#5207 = CIRCLE ( 'NONE', #3791, 0.3050000000000001599 ) ;
#5208 = CARTESIAN_POINT ( 'NONE',  ( 6.127252865874179832, 0.9731773227960223149, -1.134869106571690984E-17 ) ) ;
#5209 = CARTESIAN_POINT ( 'NONE',  ( 0.9430001273739131440, 0.9676374112636030311, 4.068694842857185634 ) ) ;
#5210 = VERTEX_POINT ( 'NONE', #2481 ) ;
#5211 = ADVANCED_FACE ( 'NONE', ( #1982 ), #6593, .T. ) ;
#5212 = CARTESIAN_POINT ( 'NONE',  ( 1.624995231727282441, -10.42924190173453702, 2.340000000000000302 ) ) ;
#5213 = CARTESIAN_POINT ( 'NONE',  ( 3.022330468522248736, -2.799291741997140814, 2.340000000000000746 ) ) ;
#5214 = FACE_OUTER_BOUND ( 'NONE', #1291, .T. ) ;
#5215 = CARTESIAN_POINT ( 'NONE',  ( 6.600727090240205541, 0.4529953713461037368, 0.1856894644861750987 ) ) ;
#5216 = CARTESIAN_POINT ( 'NONE',  ( 0.4368664252976452445, 0.6373900137635956087, 3.895702078670574053 ) ) ;
#5217 = ORIENTED_EDGE ( 'NONE', *, *, #2612, .T. ) ;
#5218 = CARTESIAN_POINT ( 'NONE',  ( 0.5000000000000000000, 0.000000000000000000, 1.000000000000000000 ) ) ;
#5219 = CARTESIAN_POINT ( 'NONE',  ( 7.110000000000000320, 0.5000000000000000000, 3.070000000000001172 ) ) ;
#5220 =( LENGTH_UNIT ( ) NAMED_UNIT ( * ) SI_UNIT ( .MILLI., .METRE. ) );
#5221 = CARTESIAN_POINT ( 'NONE',  ( 6.524050847118551211, 0.7650281450201791289, 3.980985914874590303 ) ) ;
#5222 = CARTESIAN_POINT ( 'NONE',  ( 6.186017329370026019, 0.8479653445581748494, 4.058500944413971467 ) ) ;
#5223 = CARTESIAN_POINT ( 'NONE',  ( 2.706034403961829149, -3.149735032738656848, 1.730000000000000204 ) ) ;
#5224 = CARTESIAN_POINT ( 'NONE',  ( 0.2320025595198656199, 0.1430262077524476483, 3.487824871292355855 ) ) ;
#5225 = SURFACE_STYLE_FILL_AREA ( #3760 ) ;
#5226 = PRESENTATION_STYLE_ASSIGNMENT (( #6268 ) ) ;
#5227 =( NAMED_UNIT ( * ) SI_UNIT ( $, .STERADIAN. ) SOLID_ANGLE_UNIT ( ) );
#5228 = VECTOR ( 'NONE', #5828, 1000.000000000000114 ) ;
#5229 = CARTESIAN_POINT ( 'NONE',  ( 6.722530572970671692, 0.3157639054229992581, 3.752725559453854220 ) ) ;
#5230 = FILL_AREA_STYLE_COLOUR ( '', #6094 ) ;
#5231 = DIRECTION ( 'NONE',  ( 0.2760118818968590459, 0.9611542233438681304, 0.000000000000000000 ) ) ;
#5232 = COLOUR_RGB ( '',1.000000000000000000, 0.8431372549019607865, 0.1333333333333333315 ) ;
#5233 = CARTESIAN_POINT ( 'NONE',  ( 0.6088812287333311701, 0.2177031131443221412, 3.696461641726449088 ) ) ;
#5234 = CARTESIAN_POINT ( 'NONE',  ( 0.000000000000000000, 0.5000000000000000000, 2.781166666666668785 ) ) ;
#5235 = MECHANICAL_DESIGN_GEOMETRIC_PRESENTATION_REPRESENTATION (  '', ( #824 ), #2322 ) ;
#5236 = DIRECTION ( 'NONE',  ( 0.000000000000000000, -1.000000000000000000, 0.000000000000000000 ) ) ;
#5237 = DIRECTION ( 'NONE',  ( 0.000000000000000000, 1.000000000000000000, 0.000000000000000000 ) ) ;
#5238 = LINE ( 'NONE', #3704, #6400 ) ;
#5239 = CARTESIAN_POINT ( 'NONE',  ( 0.6373900137635305496, 0.4368664252976293683, 0.1742979213295403063 ) ) ;
#5240 = CARTESIAN_POINT ( 'NONE',  ( 7.100204261365346881, 0.3627409325671038798, 0.8698030691800535674 ) ) ;
#5241 = CARTESIAN_POINT ( 'NONE',  ( 1.190654425277224426, -3.016415516703255140, 1.730000000000000204 ) ) ;
#5242 = ADVANCED_FACE ( 'NONE', ( #1847 ), #1378, .F. ) ;
#5243 = ADVANCED_FACE ( 'NONE', ( #6251 ), #990, .T. ) ;
#5244 = CARTESIAN_POINT ( 'NONE',  ( 6.190734312869157208, 0.8993247183486403618, 0.005355850836711958073 ) ) ;
#5245 = CARTESIAN_POINT ( 'NONE',  ( 0.9827471341257643100, 0.9731773227960434092, 4.070000000000000284 ) ) ;
#5246 = LINE ( 'NONE', #1777, #233 ) ;
#5247 = CARTESIAN_POINT ( 'NONE',  ( 2.438089316360104952, -2.561600740389324393, 2.339999999999999858 ) ) ;
#5248 = VECTOR ( 'NONE', #3275, 1000.000000000000227 ) ;
#5249 = VECTOR ( 'NONE', #4086, 1000.000000000000114 ) ;
#5250 = CARTESIAN_POINT ( 'NONE',  ( 2.591360463760762567, 3.090525030000000228, 4.070000000000000284 ) ) ;
#5251 = CARTESIAN_POINT ( 'NONE',  ( 6.544859414201890324, 0.4298770752680778351, 0.1874643267446502448 ) ) ;
#5252 = CARTESIAN_POINT ( 'NONE',  ( 0.7153012983167442718, 0.4994230198477936922, 3.936341646176336528 ) ) ;
#5253 = ORIENTED_EDGE ( 'NONE', *, *, #2117, .F. ) ;
#5254 =( GEOMETRIC_REPRESENTATION_CONTEXT ( 3 ) GLOBAL_UNCERTAINTY_ASSIGNED_CONTEXT ( ( #4085 ) ) GLOBAL_UNIT_ASSIGNED_CONTEXT ( ( #2453, #2935, #4034 ) ) REPRESENTATION_CONTEXT ( 'NONE', 'WORKASPACE' ) );
#5255 = CARTESIAN_POINT ( 'NONE',  ( 0.1274643379610465865, 0.07731064448237673359, 0.8596635931122557084 ) ) ;
#5256 = CARTESIAN_POINT ( 'NONE',  ( 3.946437330525461640, 3.090525030000000228, 4.070000000000000284 ) ) ;
#5257 = CARTESIAN_POINT ( 'NONE',  ( 6.355579719119677229, 0.7798340201313728182, 4.034851127386274605 ) ) ;
#5258 = CARTESIAN_POINT ( 'NONE',  ( 3.336523754250167784, 3.692512944455525137, 4.075000000000000178 ) ) ;
#5259 = CARTESIAN_POINT ( 'NONE',  ( 3.430890386570552231, 3.090525030000000228, 4.075000000000000178 ) ) ;
#5260 = CARTESIAN_POINT ( 'NONE',  ( 0.1585161532740411161, 0.1100910166244165322, 3.334023153651841209 ) ) ;
#5261 = ORIENTED_EDGE ( 'NONE', *, *, #258, .F. ) ;
#5262 = DIRECTION ( 'NONE',  ( 1.000000000000000000, 0.000000000000000000, 0.000000000000000000 ) ) ;
#5263 = SURFACE_STYLE_FILL_AREA ( #5746 ) ;
#5264 = CARTESIAN_POINT ( 'NONE',  ( 6.546123130623485054, 0.1277537150284600020, 3.564030706394341941 ) ) ;
#5265 =( NAMED_UNIT ( * ) PLANE_ANGLE_UNIT ( ) SI_UNIT ( $, .RADIAN. ) );
#5266 = CARTESIAN_POINT ( 'NONE',  ( 0.6754626853659593255, 0.3508774145488829377, 3.830934488774074609 ) ) ;
#5267 = SURFACE_SIDE_STYLE ('',( #3666 ) ) ;
#5268 = CARTESIAN_POINT ( 'NONE',  ( 3.592889109449001417, 3.692512944455525137, 4.075000000000000178 ) ) ;
#5269 = PRODUCT_DEFINITION_SHAPE ( 'NONE', 'NONE',  #3221 ) ;
#5270 = CARTESIAN_POINT ( 'NONE',  ( 0.9172948512261495102, 0.8545620968903102632, 0.01052780528899599499 ) ) ;
#5271 = CARTESIAN_POINT ( 'NONE',  ( 0.4440189224716198368, 0.6829483420201314381, 0.1680801091351927512 ) ) ;
#5272 = MECHANICAL_DESIGN_GEOMETRIC_PRESENTATION_REPRESENTATION (  '', ( #4735 ), #2358 ) ;
#5273 = CARTESIAN_POINT ( 'NONE',  ( 7.075233723360377702, 0.2247088810531758518, 0.8628823087503446621 ) ) ;
#5274 = CARTESIAN_POINT ( 'NONE',  ( 6.110000000000001208, 1.000000000000000000, 0.000000000000000000 ) ) ;
#5275 = CARTESIAN_POINT ( 'NONE',  ( 6.149739559468257788, 0.9504763748410264279, 0.001056601579985914658 ) ) ;
#5276 = CARTESIAN_POINT ( 'NONE',  ( 1.000000000000000000, 1.000000000000000000, 4.070000000000000284 ) ) ;
#5277 = CARTESIAN_POINT ( 'NONE',  ( 1.557845552066266848, -3.507746240469659771, 1.730000000000000204 ) ) ;
#5278 = UNCERTAINTY_MEASURE_WITH_UNIT (LENGTH_MEASURE( 1.000000000000000082E-05 ), #5900, 'distance_accuracy_value', 'NONE');
#5279 = EDGE_CURVE ( 'NONE', #5613, #412, #345, .T. ) ;
#5280 = CARTESIAN_POINT ( 'NONE',  ( 5.325461604718587871, -2.840088667668843492, 2.339999999999999858 ) ) ;
#5281 = MECHANICAL_DESIGN_GEOMETRIC_PRESENTATION_REPRESENTATION (  '', ( #212 ), #2368 ) ;
#5282 =( GEOMETRIC_REPRESENTATION_CONTEXT ( 3 ) GLOBAL_UNCERTAINTY_ASSIGNED_CONTEXT ( ( #5158 ) ) GLOBAL_UNIT_ASSIGNED_CONTEXT ( ( #2125, #3573, #3062 ) ) REPRESENTATION_CONTEXT ( 'NONE', 'WORKASPACE' ) );
#5283 = CARTESIAN_POINT ( 'NONE',  ( 6.680774235259517191, 0.4880844845191749659, 0.2053713123694428100 ) ) ;
#5284 = CARTESIAN_POINT ( 'NONE',  ( 0.6765086120356106347, 0.5735946364771893347, 3.968907805885878659 ) ) ;
#5285 = ORIENTED_EDGE ( 'NONE', *, *, #909, .F. ) ;
#5286 = CARTESIAN_POINT ( 'NONE',  ( 2.538791175249414334, 3.692512944455525137, 4.075000000000000178 ) ) ;
#5287 = CARTESIAN_POINT ( 'NONE',  ( 1.083129567515950686, -3.134134918331347830, 2.339999999999999858 ) ) ;
#5288 = CARTESIAN_POINT ( 'NONE',  ( 6.159523625158694671, 0.9602604405317514136, 4.068943398419986757 ) ) ;
#5289 = FACE_OUTER_BOUND ( 'NONE', #3529, .T. ) ;
#5290 = LINE ( 'NONE', #1616, #5015 ) ;
#5291 = EDGE_CURVE ( 'NONE', #2214, #4461, #4195, .T. ) ;
#5292 = VECTOR ( 'NONE', #1146, 1000.000000000000000 ) ;
#5293 = CARTESIAN_POINT ( 'NONE',  ( 0.06679596739413316830, 0.2903632809382730717, 3.360476874370015743 ) ) ;
#5294 = EDGE_LOOP ( 'NONE', ( #968, #6581, #3486 ) ) ;
#5295 = ORIENTED_EDGE ( 'NONE', *, *, #723, .T. ) ;
#5296 = SPHERICAL_SURFACE ( 'NONE', #3444, 1.000000000000000000 ) ;
#5297 = VECTOR ( 'NONE', #298, 1000.000000000000000 ) ;
#5298 = CARTESIAN_POINT ( 'NONE',  ( 6.746083730566906134, 0.6364747333675021546, 3.842208367933607427 ) ) ;
#5299 = DIRECTION ( 'NONE',  ( -0.000000000000000000, -0.000000000000000000, -1.000000000000000000 ) ) ;
#5300 = EDGE_CURVE ( 'NONE', #5330, #6037, #2613, .T. ) ;
#5301 = LINE ( 'NONE', #610, #5621 ) ;
#5302 = CARTESIAN_POINT ( 'NONE',  ( 4.566480380096844094, 3.692512944455525137, 4.070000000000000284 ) ) ;
#5303 = FILL_AREA_STYLE ('',( #6488 ) ) ;
#5304 = CARTESIAN_POINT ( 'NONE',  ( 4.716302853248409477, 3.576280269647910348, 4.075000000000000178 ) ) ;
#5305 = CARTESIAN_POINT ( 'NONE',  ( 0.8982811549046830768, 0.8733007360576493516, 0.008582193373633284147 ) ) ;
#5306 = COLOUR_RGB ( '',0.5647058823529411686, 0.3019607843137254721, 0.1294117647058823373 ) ;
#5307 = CARTESIAN_POINT ( 'NONE',  ( 0.5758046737288607941, 0.5267957260234902295, 0.1354905351158978699 ) ) ;
#5308 = VECTOR ( 'NONE', #1274, 1000.000000000000000 ) ;
#5309 = UNCERTAINTY_MEASURE_WITH_UNIT (LENGTH_MEASURE( 1.000000000000000082E-05 ), #4504, 'distance_accuracy_value', 'NONE');
#5310 = CARTESIAN_POINT ( 'NONE',  ( 6.951123515131762964, 0.05963579130979875659, 0.8604440968969092607 ) ) ;
#5311 = COLOUR_RGB ( '',1.000000000000000000, 0.8431372549019607865, 0.1333333333333333315 ) ;
#5312 = CARTESIAN_POINT ( 'NONE',  ( 6.160753584135941097, 0.9614804878484111139, 0.001087058624153796043 ) ) ;
#5313 = CARTESIAN_POINT ( 'NONE',  ( 6.450974964410263190, 0.3180500710238749473, 0.2684037605593649345 ) ) ;
#5314 = DIRECTION ( 'NONE',  ( 0.000000000000000000, 0.000000000000000000, -1.000000000000000000 ) ) ;
#5315 = CARTESIAN_POINT ( 'NONE',  ( 1.625835851576190594, -3.411199050375175901, 2.340000000000000302 ) ) ;
#5316 = CARTESIAN_POINT ( 'NONE',  ( 6.094999999999994422, -3.426829999999992715, 1.730000000000000204 ) ) ;
#5317 = CARTESIAN_POINT ( 'NONE',  ( 6.753031521015104843, 0.6784842400363991777, 0.2340425106239084896 ) ) ;
#5318 = CARTESIAN_POINT ( 'NONE',  ( 0.5017792446169563325, 0.5531421092733448397, 3.919402660615602940 ) ) ;
#5319 = EDGE_LOOP ( 'NONE', ( #6447, #1470, #5142, #295 ) ) ;
#5320 = EDGE_CURVE ( 'NONE', #4444, #935, #1574, .T. ) ;
#5321 = ORIENTED_EDGE ( 'NONE', *, *, #3622, .T. ) ;
#5322 = DIRECTION ( 'NONE',  ( 0.000000000000000000, -1.000000000000000000, 0.000000000000000000 ) ) ;
#5323 = CARTESIAN_POINT ( 'NONE',  ( 2.614868535347959710, -2.028836699693395751, 2.340000000000000302 ) ) ;
#5324 = CARTESIAN_POINT ( 'NONE',  ( 6.192705148773776536, 0.8545620968902043479, 4.059472194711024606 ) ) ;
#5325 = CARTESIAN_POINT ( 'NONE',  ( 6.911397023619978874, 0.1045362405230900460, 0.6968822845870568106 ) ) ;
#5326 = CARTESIAN_POINT ( 'NONE',  ( 0.8342888460431939768, 0.9171444230195263669, 4.070000000000000284 ) ) ;
#5327 = CARTESIAN_POINT ( 'NONE',  ( 0.02305484356102099550, 0.5115274312839585003, 3.285862160687918365 ) ) ;
#5328 = ORIENTED_EDGE ( 'NONE', *, *, #2725, .F. ) ;
#5329 = EDGE_CURVE ( 'NONE', #6645, #5886, #4643, .T. ) ;
#5330 = VERTEX_POINT ( 'NONE', #3559 ) ;
#5331 =( NAMED_UNIT ( * ) PLANE_ANGLE_UNIT ( ) SI_UNIT ( $, .RADIAN. ) );
#5332 = DIRECTION ( 'NONE',  ( -2.478176394252581634E-16, -1.000000000000000000, 0.000000000000000000 ) ) ;
#5333 = CARTESIAN_POINT ( 'NONE',  ( 6.692796086606641381, 0.5555294660089814540, 3.872942185304511842 ) ) ;
#5334 = CARTESIAN_POINT ( 'NONE',  ( 1.046112895389681885, -3.211654731536665253, 1.730000000000000204 ) ) ;
#5336 = CARTESIAN_POINT ( 'NONE',  ( 0.3456999365907120203, 0.5788746665270134706, 0.2459017655107310629 ) ) ;
#5335 = FACE_OUTER_BOUND ( 'NONE', #1280, .T. ) ;
#5337 = CARTESIAN_POINT ( 'NONE',  ( 6.609999999999999432, 0.000000000000000000, 2.781166666666668785 ) ) ;
#5338 = CARTESIAN_POINT ( 'NONE',  ( 0.000000000000000000, 0.000000000000000000, -0.2035000000000005138 ) ) ;
#5339 = EDGE_CURVE ( 'NONE', #4466, #6446, #3612, .T. ) ;
#5340 = DIRECTION ( 'NONE',  ( -1.000000000000000000, 0.000000000000000000, 0.000000000000000000 ) ) ;
#5341 = LINE ( 'NONE', #4835, #1810 ) ;
#5342 = CARTESIAN_POINT ( 'NONE',  ( 7.110000000000000320, 0.5000000000000000000, 3.070000000000000728 ) ) ;
#5343 = CARTESIAN_POINT ( 'NONE',  ( 0.8036113426978740426, 0.8738776340622463890, 0.01948904406916744311 ) ) ;
#5344 = CARTESIAN_POINT ( 'NONE',  ( 0.2903632809379880220, 0.06679596739375194547, 0.7095231256308216494 ) ) ;
#5345 = STYLED_ITEM ( 'NONE', ( #135 ), #2492 ) ;
#5346 = CARTESIAN_POINT ( 'NONE',  ( 6.896398370221465512, 0.02175737332016261516, 0.9999999999999991118 ) ) ;
#5347 = CIRCLE ( 'NONE', #5674, 1.000000000000000000 ) ;
#5348 = FILL_AREA_STYLE ('',( #4296 ) ) ;
#5349 = FILL_AREA_STYLE ('',( #4948 ) ) ;
#5350 = CARTESIAN_POINT ( 'NONE',  ( 5.682536999865071436, -2.277376178195544831, 2.340000000000000302 ) ) ;
#5351 = VECTOR ( 'NONE', #3970, 1000.000000000000000 ) ;
#5352 = PLANE ( 'NONE',  #3109 ) ;
#5353 =( BOUNDED_SURFACE ( )  B_SPLINE_SURFACE ( 3, 1, ( 
 ( #2065, #4536 ),
 ( #1503, #5067 ),
 ( #1018, #5627 ),
 ( #5524, #3071 ) ),
 .UNSPECIFIED., .F., .F., .F. ) 
 B_SPLINE_SURFACE_WITH_KNOTS ( ( 4, 4 ),
 ( 2, 2 ),
 ( 0.000000000000000000, 1.000000000000000000 ),
 ( 0.000000000000000000, 1.000000000000000000 ),
 .UNSPECIFIED. ) 
 GEOMETRIC_REPRESENTATION_ITEM ( )  RATIONAL_B_SPLINE_SURFACE ( (
 ( 1.000000000000000000, 1.000000000000000000),
 ( 0.3333333333333333703, 0.3333333333333333703),
 ( 0.3333333333333333703, 0.3333333333333333703),
 ( 1.000000000000000000, 1.000000000000000000) ) ) 
 REPRESENTATION_ITEM ( '' )  SURFACE ( )  );
#5354 = CARTESIAN_POINT ( 'NONE',  ( 3.884999999999998899, -1.976830000000000087, 1.730000000000000426 ) ) ;
#5355 = CARTESIAN_POINT ( 'NONE',  ( 6.534195469540490464, 0.5267958534480546851, 0.1354905148317656349 ) ) ;
#5356 = CARTESIAN_POINT ( 'NONE',  ( 0.8553134707855343244, 0.7748242234142637130, 4.044355192272147015 ) ) ;
#5357 = VERTEX_POINT ( 'NONE', #4132 ) ;
#5358 = VERTEX_POINT ( 'NONE', #2011 ) ;
#5359 = CARTESIAN_POINT ( 'NONE',  ( 3.460931026228863949, 3.626459047104284572, 4.075000000000000178 ) ) ;
#5360 = CARTESIAN_POINT ( 'NONE',  ( 2.549947787222001772, -2.379693537067143261, 2.339999999999999858 ) ) ;
#5361 = CARTESIAN_POINT ( 'NONE',  ( 6.239793264047388988, 0.9014124691302966008, 4.061184598097951515 ) ) ;
#5362 = CARTESIAN_POINT ( 'NONE',  ( 7.075486709525480755, 0.4504071542355751467, 0.7370520173963620580 ) ) ;
#5363 = CARTESIAN_POINT ( 'NONE',  ( 2.001648321400914643, -2.059139914636205937, 1.730000000000000648 ) ) ;
#5364 = COLOUR_RGB ( '',0.5647058823529411686, 0.3019607843137254721, 0.1294117647058823373 ) ;
#5365 = CARTESIAN_POINT ( 'NONE',  ( 0.2423601002498257384, 0.2833080864953214650, 3.653486374146239335 ) ) ;
#5366 = ORIENTED_EDGE ( 'NONE', *, *, #121, .T. ) ;
#5367 =( GEOMETRIC_REPRESENTATION_CONTEXT ( 3 ) GLOBAL_UNCERTAINTY_ASSIGNED_CONTEXT ( ( #177 ) ) GLOBAL_UNIT_ASSIGNED_CONTEXT ( ( #1926, #2026, #6229 ) ) REPRESENTATION_CONTEXT ( 'NONE', 'WORKASPACE' ) );
#5368 = VERTEX_POINT ( 'NONE', #1059 ) ;
#5369 = CARTESIAN_POINT ( 'NONE',  ( 2.183307831602216087, 3.090525030000000228, 4.070000000000000284 ) ) ;
#5370 = CARTESIAN_POINT ( 'NONE',  ( 3.569738375644026629, 3.262445043772758790, 4.075000000000000178 ) ) ;
#5371 = CARTESIAN_POINT ( 'NONE',  ( 6.785014879297641244, 0.6147238863755544180, 3.808511399000363173 ) ) ;
#5372 = CARTESIAN_POINT ( 'NONE',  ( 7.109999999999999432, -8.673617379884035472E-16, 1.288833333333332165 ) ) ;
#5373 = CARTESIAN_POINT ( 'NONE',  ( 0.5000000000000000000, 0.000000000000000000, 3.070000000000002061 ) ) ;
#5374 = DIRECTION ( 'NONE',  ( -1.000000000000000000, 0.000000000000000000, 0.000000000000000000 ) ) ;
#5375 = CARTESIAN_POINT ( 'NONE',  ( 2.920000000000000817, 0.000000000000000000, 2.035000000000000142 ) ) ;
#5376 = CARTESIAN_POINT ( 'NONE',  ( 6.753923867691793426, 0.001512768049288922608, 3.070000000000001616 ) ) ;
#5377 = CARTESIAN_POINT ( 'NONE',  ( 1.000000000000000000, 1.000000000000000000, 0.000000000000000000 ) ) ;
#5378 =( LENGTH_UNIT ( ) NAMED_UNIT ( * ) SI_UNIT ( .MILLI., .METRE. ) );
#5379 = DIRECTION ( 'NONE',  ( -1.000000000000000000, -0.000000000000000000, -0.000000000000000000 ) ) ;
#5380 = ADVANCED_FACE ( 'NONE', ( #5765 ), #2547, .F. ) ;
#5381 = CYLINDRICAL_SURFACE ( 'NONE', #3504, 1.000000000000000000 ) ;
#5382 = CARTESIAN_POINT ( 'NONE',  ( 6.431515759963602363, 0.3569684789848865392, 0.2340425106239180930 ) ) ;
#5383 = CARTESIAN_POINT ( 'NONE',  ( 5.128655669359663882, -2.153446827274946518, 1.729999999999999760 ) ) ;
#5384 = CARTESIAN_POINT ( 'NONE',  ( 2.004868535347958503, -2.028836699693395751, 1.730000000000000426 ) ) ;
#5385 = EDGE_CURVE ( 'NONE', #1105, #4137, #5246, .T. ) ;
#5386 = CARTESIAN_POINT ( 'NONE',  ( 4.495131464652040165, -2.028836699693395751, 2.340000000000000302 ) ) ;
#5387 = CARTESIAN_POINT ( 'NONE',  ( 6.454056986831597342, 0.5469368524334677906, 0.1145424584599676748 ) ) ;
#5388 = CARTESIAN_POINT ( 'NONE',  ( 0.6629779667220726536, 0.7295611696361238296, 4.006186957013093242 ) ) ;
#5389 = EDGE_LOOP ( 'NONE', ( #2360, #145, #517 ) ) ;
#5390 = ORIENTED_EDGE ( 'NONE', *, *, #2076, .F. ) ;
#5391 = DIRECTION ( 'NONE',  ( 0.9610029908221279227, -0.2765379750249959412, 0.000000000000000000 ) ) ;
#5392 = SURFACE_STYLE_USAGE ( .BOTH. , #4446 ) ;
#5393 = CARTESIAN_POINT ( 'NONE',  ( 6.300604042693242590, 0.8195229147395477476, 4.048228469248263295 ) ) ;
#5394 = COLOUR_RGB ( '',1.000000000000000000, 0.8431372549019607865, 0.1333333333333333315 ) ;
#5395 = CARTESIAN_POINT ( 'NONE',  ( 6.831899206571921290, 0.1016839524009819223, 0.6286789330275163179 ) ) ;
#5396 = CARTESIAN_POINT ( 'NONE',  ( 1.978110726822704946, -2.156396289217995754, 2.340000000000000302 ) ) ;
#5397 =( GEOMETRIC_REPRESENTATION_CONTEXT ( 3 ) GLOBAL_UNCERTAINTY_ASSIGNED_CONTEXT ( ( #3272 ) ) GLOBAL_UNIT_ASSIGNED_CONTEXT ( ( #2319, #4486, #4519 ) ) REPRESENTATION_CONTEXT ( 'NONE', 'WORKASPACE' ) );
#5398 = CARTESIAN_POINT ( 'NONE',  ( 0.4100097802312535067, 0.3764207349861437568, 3.801715293807375051 ) ) ;
#5399 = EDGE_LOOP ( 'NONE', ( #5390, #4158 ) ) ;
#5400 = MECHANICAL_DESIGN_GEOMETRIC_PRESENTATION_REPRESENTATION (  '', ( #3650 ), #5725 ) ;
#5401 = VERTEX_POINT ( 'NONE', #183 ) ;
#5402 =( NAMED_UNIT ( * ) PLANE_ANGLE_UNIT ( ) SI_UNIT ( $, .RADIAN. ) );
#5403 = CARTESIAN_POINT ( 'NONE',  ( 6.110000000000000320, 5.733170000000000321, 1.000000000000000000 ) ) ;
#5404 = PRESENTATION_STYLE_ASSIGNMENT (( #6000 ) ) ;
#5405 = CARTESIAN_POINT ( 'NONE',  ( 6.804638559444488699, 0.6526807202707020084, 3.789575002928438963 ) ) ;
#5406 =( NAMED_UNIT ( * ) SI_UNIT ( $, .STERADIAN. ) SOLID_ANGLE_UNIT ( ) );
#5407 = VECTOR ( 'NONE', #5504, 1000.000000000000114 ) ;
#5408 = CARTESIAN_POINT ( 'NONE',  ( 6.431515759963581935, 0.3569684789848793782, 3.835957489376079277 ) ) ;
#5409 = DIRECTION ( 'NONE',  ( 0.000000000000000000, 0.000000000000000000, 1.000000000000000000 ) ) ;
#5410 = COLOUR_RGB ( '',0.8980392156862745390, 0.9215686274509803377, 0.9294117647058823817 ) ;
#5411 = CARTESIAN_POINT ( 'NONE',  ( 0.000000000000000000, 5.733170000000000321, 3.070000000000000728 ) ) ;
#5412 = CARTESIAN_POINT ( 'NONE',  ( 1.000000000000000000, 6.733170000000000321, 1.000000000000000000 ) ) ;
#5413 = AXIS2_PLACEMENT_3D ( 'NONE', #4922, #5531, #1377 ) ;
#5414 = VERTEX_POINT ( 'NONE', #6321 ) ;
#5415 = VECTOR ( 'NONE', #1089, 1000.000000000000114 ) ;
#5416 = ADVANCED_FACE ( 'NONE', ( #1156 ), #3209, .F. ) ;
#5417 = CARTESIAN_POINT ( 'NONE',  ( 6.860856073735424943, 0.01521955021892391034, 3.070000000000001616 ) ) ;
#5418 = CARTESIAN_POINT ( 'NONE',  ( 1.000000000000000000, 1.000000000000000000, 0.000000000000000000 ) ) ;
#5419 = CARTESIAN_POINT ( 'NONE',  ( 0.1606076725513708725, 0.2058391113009281626, 0.5788943838020287336 ) ) ;
#5420 = MECHANICAL_DESIGN_GEOMETRIC_PRESENTATION_REPRESENTATION (  '', ( #451 ), #4873 ) ;
#5421 = ORIENTED_EDGE ( 'NONE', *, *, #5153, .T. ) ;
#5422 = SURFACE_SIDE_STYLE ('',( #3346 ) ) ;
#5423 = CARTESIAN_POINT ( 'NONE',  ( 6.562013185839996154, 0.09597360459460128890, 0.5668320419765017215 ) ) ;
#5424 = VECTOR ( 'NONE', #3385, 1000.000000000000000 ) ;
#5425 = CARTESIAN_POINT ( 'NONE',  ( 5.919345574722770564, -3.016415516703254251, 2.339999999999999858 ) ) ;
#5426 = CLOSED_SHELL ( 'NONE', ( #5416, #3864, #2715, #2979, #1837, #1504, #1246, #4679, #6629, #1341, #5242, #4127, #840, #1163, #48, #1080, #6531, #2868, #1285, #3515, #1537, #6185, #3780, #1332, #6319 ) ) ;
#5427 = FACE_OUTER_BOUND ( 'NONE', #188, .T. ) ;
#5428 = CARTESIAN_POINT ( 'NONE',  ( 6.430231618692877404, -2.654087532358891277, 1.730000000000000204 ) ) ;
#5429 =( GEOMETRIC_REPRESENTATION_CONTEXT ( 3 ) GLOBAL_UNCERTAINTY_ASSIGNED_CONTEXT ( ( #626 ) ) GLOBAL_UNIT_ASSIGNED_CONTEXT ( ( #4766, #3734, #6346 ) ) REPRESENTATION_CONTEXT ( 'NONE', 'WORKASPACE' ) );
#5430 = CARTESIAN_POINT ( 'NONE',  ( 6.378250745971962843, 0.5277501703479549056, 0.1178480307567677937 ) ) ;
#5431 = CARTESIAN_POINT ( 'NONE',  ( 0.6550089689237369450, 0.7381138444686047295, 4.004788460692168428 ) ) ;
#5432 = ORIENTED_EDGE ( 'NONE', *, *, #6551, .F. ) ;
#5433 = EDGE_CURVE ( 'NONE', #6257, #40, #686, .T. ) ;
#5434 = PRESENTATION_STYLE_ASSIGNMENT (( #2927 ) ) ;
#5435 = CARTESIAN_POINT ( 'NONE',  ( 6.293399771761242434, 0.8604075853402002316, 4.052249527032572018 ) ) ;
#5436 = CARTESIAN_POINT ( 'NONE',  ( 6.990475960420609702, 0.4328307979715806941, 0.5232558056950736836 ) ) ;
#5437 = CARTESIAN_POINT ( 'NONE',  ( 2.013002443880638648, -2.794514615189089390, 2.340000000000000302 ) ) ;
#5438 = CARTESIAN_POINT ( 'NONE',  ( 0.2520586971129157861, 0.4319407590212024362, 3.712713670250206821 ) ) ;
#5439 = ORIENTED_EDGE ( 'NONE', *, *, #3297, .T. ) ;
#5440 = ORIENTED_EDGE ( 'NONE', *, *, #3950, .F. ) ;
#5441 =( NAMED_UNIT ( * ) PLANE_ANGLE_UNIT ( ) SI_UNIT ( $, .RADIAN. ) );
#5442 = LINE ( 'NONE', #4389, #1050 ) ;
#5443 = LINE ( 'NONE', #1853, #5096 ) ;
#5444 = CARTESIAN_POINT ( 'NONE',  ( 6.528580099546655191, 0.2646633129804500939, 3.749176626838843784 ) ) ;
#5446 = CARTESIAN_POINT ( 'NONE',  ( 0.3567140596909089689, 0.4828032548579308525, 0.2559027734304752943 ) ) ;
#5445 = CARTESIAN_POINT ( 'NONE',  ( 6.110000000000000320, 5.733170000000000321, 3.070000000000000728 ) ) ;
#5447 = CARTESIAN_POINT ( 'NONE',  ( 4.483185878743278785, 3.465937844562223091, 4.070000000000000284 ) ) ;
#5448 = DIRECTION ( 'NONE',  ( -1.000000000000000000, 0.000000000000000000, 0.000000000000000000 ) ) ;
#5449 = CARTESIAN_POINT ( 'NONE',  ( 2.615000000000001101, -1.976830000000000087, 2.035000000000000142 ) ) ;
#5450 = LINE ( 'NONE', #1290, #5752 ) ;
#5451 = CARTESIAN_POINT ( 'NONE',  ( 2.969662601183352013, 3.577927635947331986, 4.075000000000000178 ) ) ;
#5452 = CARTESIAN_POINT ( 'NONE',  ( 6.457660129691116246, 0.8261827922305082783, 4.007649074577108728 ) ) ;
#5453 = CARTESIAN_POINT ( 'NONE',  ( 6.964473910344886498, 0.04481326011884290139, 3.128888795304093584 ) ) ;
#5454 = CARTESIAN_POINT ( 'NONE',  ( 0.1702285897104527101, 0.1225215129881940257, 0.6944903263362466328 ) ) ;
#5455 = SURFACE_SIDE_STYLE ('',( #6495 ) ) ;
#5456 = CARTESIAN_POINT ( 'NONE',  ( 5.096997556119359452, -2.794514615189092055, 2.340000000000000302 ) ) ;
#5457 = PRESENTATION_LAYER_ASSIGNMENT (  '', '', ( #824 ) ) ;
#5458 = CARTESIAN_POINT ( 'NONE',  ( 4.494999999999999218, -1.976830000000000087, 1.730000000000000204 ) ) ;
#5459 = ADVANCED_FACE ( 'NONE', ( #2709 ), #2200, .F. ) ;
#5460 = EDGE_CURVE ( 'NONE', #4191, #935, #2891, .T. ) ;
#5461 = CARTESIAN_POINT ( 'NONE',  ( 6.685604431361101163, 0.7121977860052191023, 0.1818306782461563686 ) ) ;
#5462 = CARTESIAN_POINT ( 'NONE',  ( 0.7717995977718147271, 0.7158907245035209810, 4.025617314653943346 ) ) ;
#5463 = EDGE_LOOP ( 'NONE', ( #3793, #6152, #5503, #281, #3299, #1816, #1550, #4869, #788, #1882, #1522 ) ) ;
#5464 = PRESENTATION_LAYER_ASSIGNMENT (  '', '', ( #2756 ) ) ;
#5465 = CARTESIAN_POINT ( 'NONE',  ( 0.7798342023644734278, 0.7544201015025147061, 0.03514888430208937264 ) ) ;
#5466 = SURFACE_STYLE_FILL_AREA ( #2278 ) ;
#5467 = CARTESIAN_POINT ( 'NONE',  ( 4.401256861493733297, 3.090525030000000228, 4.075000000000000178 ) ) ;
#5468 = CARTESIAN_POINT ( 'NONE',  ( 2.905331116815264014, 3.354671063943200249, 4.070000000000000284 ) ) ;
#5469 = CARTESIAN_POINT ( 'NONE',  ( 0.5552916527674268687, -2.818871312028087939, 2.339999999999998970 ) ) ;
#5470 = CARTESIAN_POINT ( 'NONE',  ( 0.2927634641623085288, 0.3668500903123093626, 3.728393182963165131 ) ) ;
#5471 = VERTEX_POINT ( 'NONE', #5786 ) ;
#5472 = VERTEX_POINT ( 'NONE', #511 ) ;
#5473 = CARTESIAN_POINT ( 'NONE',  ( 3.307048709871231118, 3.090525030000000228, 4.070000000000000284 ) ) ;
#5474 = FILL_AREA_STYLE ('',( #2936 ) ) ;
#5475 = CARTESIAN_POINT ( 'NONE',  ( 6.632188213356232431, 0.5055723749252835075, 3.895415804510736102 ) ) ;
#5477 = CARTESIAN_POINT ( 'NONE',  ( 0.3839148583084073807, 0.4477739301274073491, 0.2483632138314584292 ) ) ;
#5476 = CARTESIAN_POINT ( 'NONE',  ( 1.014999999999997016, -3.426829999999996268, 1.729999999999999760 ) ) ;
#5478 = DIRECTION ( 'NONE',  ( -0.2765379750249958857, -0.9610029908221278117, 0.000000000000000000 ) ) ;
#5479 = VECTOR ( 'NONE', #6392, 1000.000000000000000 ) ;
#5480 = CARTESIAN_POINT ( 'NONE',  ( 5.977971168923231993, -3.069200569082300323, 2.340000000000000746 ) ) ;
#5481 = DIRECTION ( 'NONE',  ( -0.7059037656364499647, -0.7083077534943972298, -0.000000000000000000 ) ) ;
#5482 = ORIENTED_EDGE ( 'NONE', *, *, #3593, .T. ) ;
#5483 = FILL_AREA_STYLE_COLOUR ( '', #299 ) ;
#5484 = CARTESIAN_POINT ( 'NONE',  ( 4.433761228971684787, 3.205075560774861998, 4.070000000000000284 ) ) ;
#5485 = CARTESIAN_POINT ( 'NONE',  ( 0.2586590995116648251, 0.07676848221555772345, 0.7043987135576460501 ) ) ;
#5486 = PLANE ( 'NONE',  #565 ) ;
#5487 = CARTESIAN_POINT ( 'NONE',  ( 5.482701448088168839, -3.411268291489120585, 2.340000000000000302 ) ) ;
#5488 = DIRECTION ( 'NONE',  ( 0.000000000000000000, 1.000000000000000000, 0.000000000000000000 ) ) ;
#5489 = CARTESIAN_POINT ( 'NONE',  ( 5.131889273177292488, -2.156396289217993978, 2.339999999999999858 ) ) ;
#5490 = CARTESIAN_POINT ( 'NONE',  ( 6.553234957637029900, 0.6442775206634877572, 0.1117769405861086252 ) ) ;
#5491 = CARTESIAN_POINT ( 'NONE',  ( 0.7505632937925571513, 0.7364613741210697118, 4.027418592315456181 ) ) ;
#5492 = ORIENTED_EDGE ( 'NONE', *, *, #95, .F. ) ;
#5493 = CARTESIAN_POINT ( 'NONE',  ( 0.7052280000304353980, 0.8321331475969500069, 0.04396919390916634307 ) ) ;
#5494 = CARTESIAN_POINT ( 'NONE',  ( 0.5000000000000000000, 0.000000000000000000, 1.690000000000010161 ) ) ;
#5495 = ADVANCED_FACE ( 'NONE', ( #5199 ), #6238, .T. ) ;
#5496 = FILL_AREA_STYLE ('',( #3993 ) ) ;
#5497 = VECTOR ( 'NONE', #706, 1000.000000000000000 ) ;
#5498 = DIRECTION ( 'NONE',  ( 0.2755520632520589430, 0.9612861490927315788, 0.000000000000000000 ) ) ;
#5499 = AXIS2_PLACEMENT_3D ( 'NONE', #2294, #3969, #3937 ) ;
#5500 = CARTESIAN_POINT ( 'NONE',  ( 1.046112895389681885, -3.211654731536665253, 2.339999999999999858 ) ) ;
#5501 = CARTESIAN_POINT ( 'NONE',  ( 0.3316135357411141849, 0.3678642393574463321, 3.755324365000836995 ) ) ;
#5502 = ORIENTED_EDGE ( 'NONE', *, *, #6691, .F. ) ;
#5503 = ORIENTED_EDGE ( 'NONE', *, *, #3473, .F. ) ;
#5504 = DIRECTION ( 'NONE',  ( 0.2759782365590612851, 0.9611638845408990717, 0.000000000000000000 ) ) ;
#5505 = STYLED_ITEM ( 'NONE', ( #4694 ), #1332 ) ;
#5506 = DIRECTION ( 'NONE',  ( -1.000000000000000000, 0.000000000000000000, 0.000000000000000000 ) ) ;
#5507 = CARTESIAN_POINT ( 'NONE',  ( 6.442999904923111920, 0.4169249560315618774, 3.883306643990384277 ) ) ;
#5508 = CARTESIAN_POINT ( 'NONE',  ( 6.609999999999999432, 0.000000000000000000, 3.070000000000000728 ) ) ;
#5509 = FILL_AREA_STYLE ('',( #6068 ) ) ;
#5510 = LINE ( 'NONE', #4968, #3899 ) ;
#5511 = FILL_AREA_STYLE_COLOUR ( '', #837 ) ;
#5512 = ADVANCED_FACE ( 'NONE', ( #6312 ), #1049, .T. ) ;
#5513 = CARTESIAN_POINT ( 'NONE',  ( 7.012573402337582529, 0.5487011021578351855, 3.500835460107474262 ) ) ;
#5514 = CARTESIAN_POINT ( 'NONE',  ( 6.949392327450043538, 0.2058391113003927575, 3.491105616203014517 ) ) ;
#5516 = CARTESIAN_POINT ( 'NONE',  ( 0.5101689291953206418, 0.1409839227672084194, 0.4825227225281659704 ) ) ;
#5515 = CARTESIAN_POINT ( 'NONE',  ( 7.110000000000000320, 0.5000000000000000000, 3.070000000000001172 ) ) ;
#5517 = PRESENTATION_LAYER_ASSIGNMENT (  '', '', ( #2158 ) ) ;
#5518 =( GEOMETRIC_REPRESENTATION_CONTEXT ( 3 ) GLOBAL_UNCERTAINTY_ASSIGNED_CONTEXT ( ( #1359 ) ) GLOBAL_UNIT_ASSIGNED_CONTEXT ( ( #6567, #5441, #5023 ) ) REPRESENTATION_CONTEXT ( 'NONE', 'WORKASPACE' ) );
#5519 = PRESENTATION_LAYER_ASSIGNMENT (  '', '', ( #1198 ) ) ;
#5520 = VECTOR ( 'NONE', #3678, 1000.000000000000000 ) ;
#5521 = CARTESIAN_POINT ( 'NONE',  ( 2.614868535347959710, -2.028836699693395751, 1.730000000000000204 ) ) ;
#5522 = CARTESIAN_POINT ( 'NONE',  ( 4.522900715375092418, -2.262817522373829604, 1.729999999999999982 ) ) ;
#5523 = CARTESIAN_POINT ( 'NONE',  ( 2.012129999999999974, 3.090525030000000228, 4.075000000000000178 ) ) ;
#5524 = CARTESIAN_POINT ( 'NONE',  ( 6.094999999999994422, -3.426829999999992715, 1.730000000000000204 ) ) ;
#5525 = AXIS2_PLACEMENT_3D ( 'NONE', #392, #2444, #4511 ) ;
#5526 = CARTESIAN_POINT ( 'NONE',  ( 4.522900715375092418, -2.262817522373829160, 1.730000000000000204 ) ) ;
#5527 = CARTESIAN_POINT ( 'NONE',  ( 6.447022033277192143, 0.7295611696368469179, 0.06381304298680411102 ) ) ;
#5528 = CARTESIAN_POINT ( 'NONE',  ( 0.8471419557289247004, 0.8295598886980632969, 4.053327571361331927 ) ) ;
#5529 = VERTEX_POINT ( 'NONE', #3702 ) ;
#5530 = CARTESIAN_POINT ( 'NONE',  ( 0.8398083278786488970, 0.7896223498101613281, 0.02338217831640652597 ) ) ;
#5531 = DIRECTION ( 'NONE',  ( 0.002813301676020831584, 0.9999960426590096541, -0.000000000000000000 ) ) ;
#5532 = CARTESIAN_POINT ( 'NONE',  ( 6.127252861289858465, 0.9731773151642215680, 4.070000000000000284 ) ) ;
#5533 = AXIS2_PLACEMENT_3D ( 'NONE', #6231, #28, #6044 ) ;
#5534 = FILL_AREA_STYLE_COLOUR ( '', #5186 ) ;
#5535 = CARTESIAN_POINT ( 'NONE',  ( 0.000000000000000000, 0.5000000000000000000, 3.070000000000000728 ) ) ;
#5536 = CARTESIAN_POINT ( 'NONE',  ( 0.6439496521130370077, 0.3770861305659654050, 3.852813668344101661 ) ) ;
#5537 = ORIENTED_EDGE ( 'NONE', *, *, #4909, .T. ) ;
#5538 = ORIENTED_EDGE ( 'NONE', *, *, #180, .F. ) ;
#5539 = FILL_AREA_STYLE ('',( #2490 ) ) ;
#5540 = MECHANICAL_DESIGN_GEOMETRIC_PRESENTATION_REPRESENTATION (  '', ( #996 ), #4882 ) ;
#5541 = CARTESIAN_POINT ( 'NONE',  ( 6.498435091311446143, 0.3974132699058613993, 3.866718706600276612 ) ) ;
#5543 = CARTESIAN_POINT ( 'NONE',  ( 0.4944166887696138657, 0.4660100041638446933, 0.1837180147588700629 ) ) ;
#5542 = FILL_AREA_STYLE ('',( #1423 ) ) ;
#5544 = CARTESIAN_POINT ( 'NONE',  ( 6.546123130623485054, 0.1277537150284600020, 3.564030706394341941 ) ) ;
#5545 = PRESENTATION_LAYER_ASSIGNMENT (  '', '', ( #5992 ) ) ;
#5546 = EDGE_CURVE ( 'NONE', #4989, #464, #3199, .T. ) ;
#5547 = LINE ( 'NONE', #2424, #713 ) ;
#5548 = DIRECTION ( 'NONE',  ( 0.000000000000000000, 0.000000000000000000, -1.000000000000000000 ) ) ;
#5549 = EDGE_LOOP ( 'NONE', ( #2648, #5439 ) ) ;
#5550 = CARTESIAN_POINT ( 'NONE',  ( 6.540636115158386055, 0.7846783712137630484, 3.975253684259675513 ) ) ;
#5551 = CARTESIAN_POINT ( 'NONE',  ( 7.044992732568673866, 0.2493191336601707220, 3.325809901961300774 ) ) ;
#5553 = CARTESIAN_POINT ( 'NONE',  ( 0.2927635992402808363, 0.3668499042208763772, 0.3416067910334703028 ) ) ;
#5552 = CARTESIAN_POINT ( 'NONE',  ( 0.5552916527674268687, -2.818871312028087939, 2.339999999999998970 ) ) ;
#5554 = ORIENTED_EDGE ( 'NONE', *, *, #954, .T. ) ;
#5555 = CARTESIAN_POINT ( 'NONE',  ( 4.495131464652040165, -2.028836699693395751, 1.730000000000000204 ) ) ;
#5556 = DIRECTION ( 'NONE',  ( 0.2732148821746290257, 0.9619530280415481416, 0.000000000000000000 ) ) ;
#5557 = CARTESIAN_POINT ( 'NONE',  ( 5.421875343359019439, -2.237520388003038097, 1.730000000000000204 ) ) ;
#5558 = CARTESIAN_POINT ( 'NONE',  ( 6.320377650189935359, 0.8398083278784811423, 0.02338217831651883544 ) ) ;
#5559 = CARTESIAN_POINT ( 'NONE',  ( 0.9395316425134229155, 0.8790632873361423627, 4.062828307326483035 ) ) ;
#5560 = VECTOR ( 'NONE', #5602, 1000.000000000000114 ) ;
#5561 = CARTESIAN_POINT ( 'NONE',  ( 0.7295501971344050540, 0.7576129962659750028, 0.04295528947413960325 ) ) ;
#5562 = DIRECTION ( 'NONE',  ( 0.000000000000000000, -0.000000000000000000, -1.000000000000000000 ) ) ;
#5563 = SURFACE_STYLE_FILL_AREA ( #2381 ) ;
#5564 = MECHANICAL_DESIGN_GEOMETRIC_PRESENTATION_REPRESENTATION (  '', ( #4696 ), #3065 ) ;
#5565 = CARTESIAN_POINT ( 'NONE',  ( 7.073230607462678954, 0.5184362359606898840, 0.7290873416400148743 ) ) ;
#5566 = STYLED_ITEM ( 'NONE', ( #4805 ), #3826 ) ;
#5567 = CARTESIAN_POINT ( 'NONE',  ( 6.678059263496292530, 0.2520587036403200698, 0.3572863259595091545 ) ) ;
#5568 = CARTESIAN_POINT ( 'NONE',  ( 0.3378657529413446881, 0.6218495822106037130, 3.820065097158058975 ) ) ;
#5569 = VERTEX_POINT ( 'NONE', #3097 ) ;
#5570 = SURFACE_STYLE_FILL_AREA ( #5539 ) ;
#5571 =( LENGTH_UNIT ( ) NAMED_UNIT ( * ) SI_UNIT ( .MILLI., .METRE. ) );
#5572 = CARTESIAN_POINT ( 'NONE',  ( 6.591966871770805980, 0.6911851914970053024, 3.945457639922596016 ) ) ;
#5574 = CARTESIAN_POINT ( 'NONE',  ( 0.4778117866435235284, 0.5055723749250511379, 0.1745841954895909487 ) ) ;
#5573 = CARTESIAN_POINT ( 'NONE',  ( 0.8562673831476688147, 0.7125289222177177972, 0.03857213817731947741 ) ) ;
#5575 = CARTESIAN_POINT ( 'NONE',  ( 0.2526465610596240752, 0.6263353999109562142, 3.734645908046940743 ) ) ;
#5576 = CARTESIAN_POINT ( 'NONE',  ( 0.001512768049288968361, 0.3560761323082093366, 3.070000000000001616 ) ) ;
#5577 = ORIENTED_EDGE ( 'NONE', *, *, #4750, .F. ) ;
#5578 =( LENGTH_UNIT ( ) NAMED_UNIT ( * ) SI_UNIT ( .MILLI., .METRE. ) );
#5579 = CARTESIAN_POINT ( 'NONE',  ( 0.4999998878239538813, 2.861089066281240602E-17, 3.205645449662830160 ) ) ;
#5580 = CARTESIAN_POINT ( 'NONE',  ( 7.032689006467663262, 0.1274638336454698984, 3.210336415788703768 ) ) ;
#5582 = CARTESIAN_POINT ( 'NONE',  ( 0.5447504658645420106, 0.1997121767922143409, 0.3985476037035037278 ) ) ;
#5581 = CARTESIAN_POINT ( 'NONE',  ( 6.094999999999992646, -10.42682999999999360, 2.340000000000000302 ) ) ;
#5583 = VECTOR ( 'NONE', #5678, 1000.000000000000000 ) ;
#5584 = EDGE_CURVE ( 'NONE', #457, #4501, #6687, .T. ) ;
#5585 = AXIS2_PLACEMENT_3D ( 'NONE', #3601, #2569, #613 ) ;
#5586 = EDGE_LOOP ( 'NONE', ( #3887, #52, #822, #943 ) ) ;
#5587 = STYLED_ITEM ( 'NONE', ( #2874 ), #4632 ) ;
#5588 = CARTESIAN_POINT ( 'NONE',  ( 2.615000000000001101, -1.976830000000000087, 1.730000000000000204 ) ) ;
#5589 = LINE ( 'NONE', #3548, #1365 ) ;
#5590 = FACE_OUTER_BOUND ( 'NONE', #36, .T. ) ;
#5591 = CARTESIAN_POINT ( 'NONE',  ( 5.977971168923231104, -3.069200569082300323, 1.730000000000000648 ) ) ;
#5592 = EDGE_CURVE ( 'NONE', #4137, #1543, #1530, .T. ) ;
#5593 =( LENGTH_UNIT ( ) NAMED_UNIT ( * ) SI_UNIT ( .MILLI., .METRE. ) );
#5594 = UNCERTAINTY_MEASURE_WITH_UNIT (LENGTH_MEASURE( 1.000000000000000082E-05 ), #1369, 'distance_accuracy_value', 'NONE');
#5595 = CARTESIAN_POINT ( 'NONE',  ( 6.249592414659812967, 0.8166002282385433908, 0.01775047296746310940 ) ) ;
#5596 = CARTESIAN_POINT ( 'NONE',  ( 0.8427442124288987424, 0.8339091047392931388, 4.053493744284792477 ) ) ;
#5597 = ORIENTED_EDGE ( 'NONE', *, *, #3177, .F. ) ;
#5598 = CARTESIAN_POINT ( 'NONE',  ( 0.7295611696362703791, 0.6629779667222628348, 0.06381304298691709009 ) ) ;
#5599 = ADVANCED_FACE ( 'NONE', ( #1015 ), #5133, .T. ) ;
#5600 = PRESENTATION_STYLE_ASSIGNMENT (( #424 ) ) ;
#5601 = FACE_OUTER_BOUND ( 'NONE', #1898, .T. ) ;
#5602 = DIRECTION ( 'NONE',  ( -0.7059037656364499647, -0.7083077534943972298, -0.000000000000000000 ) ) ;
#5603 = CARTESIAN_POINT ( 'NONE',  ( 6.609132336927344475, 0.3441953516586926942, 0.2612317485918955740 ) ) ;
#5604 = CARTESIAN_POINT ( 'NONE',  ( 0.3207952492894670105, 0.4837066976269168150, 3.785921966949088002 ) ) ;
#5605 = ORIENTED_EDGE ( 'NONE', *, *, #2406, .F. ) ;
#5606 = ORIENTED_EDGE ( 'NONE', *, *, #1510, .T. ) ;
#5607 = CARTESIAN_POINT ( 'NONE',  ( 6.753031521015106620, 0.6784842400364132775, 3.835957489376089491 ) ) ;
#5608 = CARTESIAN_POINT ( 'NONE',  ( 0.5201797832654869724, 0.4039072931252066234, 0.2124273412238295022 ) ) ;
#5609 =( GEOMETRIC_REPRESENTATION_CONTEXT ( 3 ) GLOBAL_UNCERTAINTY_ASSIGNED_CONTEXT ( ( #5691 ) ) GLOBAL_UNIT_ASSIGNED_CONTEXT ( ( #1557, #4593, #3001 ) ) REPRESENTATION_CONTEXT ( 'NONE', 'WORKASPACE' ) );
#5610 = CARTESIAN_POINT ( 'NONE',  ( 6.609999999999999432, 0.000000000000000000, 1.000000000000000000 ) ) ;
#5611 =( NAMED_UNIT ( * ) SI_UNIT ( $, .STERADIAN. ) SOLID_ANGLE_UNIT ( ) );
#5612 = PRESENTATION_LAYER_ASSIGNMENT (  '', '', ( #6274 ) ) ;
#5613 = VERTEX_POINT ( 'NONE', #5411 ) ;
#5614 = CARTESIAN_POINT ( 'NONE',  ( 1.000000000000000000, 1.000000000000000000, 0.000000000000000000 ) ) ;
#5615 = DIRECTION ( 'NONE',  ( 0.000000000000000000, 0.000000000000000000, 1.000000000000000000 ) ) ;
#5616 = FILL_AREA_STYLE ('',( #5156 ) ) ;
#5617 = CARTESIAN_POINT ( 'NONE',  ( 6.911397368855362267, 0.1045363540866442453, 3.373117686086270606 ) ) ;
#5619 = CARTESIAN_POINT ( 'NONE',  ( 0.3219487542844102768, 0.1573367896655554765, 0.4904120420193287533 ) ) ;
#5618 = DIRECTION ( 'NONE',  ( 0.000000000000000000, 0.000000000000000000, -1.000000000000000000 ) ) ;
#5620 =( BOUNDED_SURFACE ( )  B_SPLINE_SURFACE ( 3, 3, ( 
 ( #5148, #5120, #1068, #495, #3649, #55, #2554, #5774, #5704, #2146, #4168, #524, #5083, #6222, #4619, #564, #2052, #3620, #1515, #1552 ),
 ( #6191, #3118, #2522, #2618, #2585, #5736, #1651, #91, #5182, #1096, #4685, #5671, #4071, #6259, #6161, #6703, #1035, #21, #3152, #4587 ),
 ( #602, #4208, #2650, #6296, #6671, #2017, #5940, #1840, #3881, #3350, #5981, #6555, #4877, #2405, #3415, #6465, #2304, #5487, #291, #2855 ),
 ( #1370, #855, #6014, #1342, #2370, #4911, #4410, #3386, #1808, #5456, #4438, #4372, #1300, #5425, #798, #6497, #4469, #1903, #830, #3283 ),
 ( #3846, #3313, #1776, #1130, #2335, #255, #2892, #4949, #323, #3810, #6529, #5350, #1869, #5905, #2920, #3916, #728, #4979, #217, #357 ),
 ( #3948, #2783, #4841, #2267, #4332, #6428, #1265, #5383, #760, #2816, #4572, #2507, #920, #6114, #478, #4019, #3042, #5136, #1473, #2037 ),
 ( #514, #2540, #987, #2474, #3578, #2438, #384, #4506, #3551, #3514, #2982, #6657, #2572, #4608, #5591, #4636, #5009, #6177, #5104, #6081 ) ),
 .UNSPECIFIED., .T., .F., .F. ) 
 B_SPLINE_SURFACE_WITH_KNOTS ( ( 4, 3, 4 ),
 ( 4, 1, 1, 1, 1, 1, 1, 1, 1, 1, 1, 1, 1, 1, 1, 1, 1, 4 ),
 ( 0.000000000000000000, 0.5000000000000000000, 1.000000000000000000 ),
 ( 0.000000000000000000, 0.06218578512488857207, 0.1166294419295892670, 0.1648481812090131782, 0.2084255885910400452, 0.2493461803357356066, 0.2884584599461608723, 0.3649277418574288223, 0.4434213933723352707, 0.5239092198959717228, 0.6426297435126112623, 0.7501596148163258704, 0.7859142909927852028, 0.8259429660877530832, 0.8688256463525747542, 0.9122600832691474260, 0.9544039555856038692, 1.000000000000000000 ),
 .UNSPECIFIED. ) 
 GEOMETRIC_REPRESENTATION_ITEM ( )  RATIONAL_B_SPLINE_SURFACE ( (
 ( 1.000000000000000000, 1.000000000000000000, 0.9999999999999996669, 1.000000000000000444, 0.9999999999999996669, 1.000000000000000000, 1.000000000000000222, 0.9999999999999997780, 1.000000000000000222, 0.9999999999999997780, 1.000000000000000222, 1.000000000000000000, 0.9999999999999997780, 1.000000000000000000, 0.9999999999999997780, 1.000000000000000222, 1.000000000000000222, 0.9999999999999997780, 1.000000000000000000, 1.000000000000000000),
 ( 0.3333333333333333703, 0.3333333333333333703, 0.3333333333333333148, 0.3333333333333334814, 0.3333333333333332593, 0.3333333333333333703, 0.3333333333333334259, 0.3333333333333333148, 0.3333333333333334259, 0.3333333333333334259, 0.3333333333333334259, 0.3333333333333334259, 0.3333333333333333703, 0.3333333333333333703, 0.3333333333333334259, 0.3333333333333333703, 0.3333333333333334259, 0.3333333333333333703, 0.3333333333333333703, 0.3333333333333333703),
 ( 0.3333333333333333703, 0.3333333333333333703, 0.3333333333333333148, 0.3333333333333334814, 0.3333333333333332593, 0.3333333333333333703, 0.3333333333333334259, 0.3333333333333333148, 0.3333333333333334259, 0.3333333333333334259, 0.3333333333333334259, 0.3333333333333334259, 0.3333333333333333703, 0.3333333333333333703, 0.3333333333333334259, 0.3333333333333333703, 0.3333333333333334259, 0.3333333333333333703, 0.3333333333333333703, 0.3333333333333333703),
 ( 1.000000000000000000, 1.000000000000000000, 0.9999999999999996669, 1.000000000000000444, 0.9999999999999996669, 1.000000000000000000, 1.000000000000000222, 0.9999999999999997780, 1.000000000000000222, 0.9999999999999997780, 1.000000000000000222, 1.000000000000000000, 0.9999999999999997780, 1.000000000000000000, 0.9999999999999997780, 1.000000000000000222, 1.000000000000000222, 0.9999999999999997780, 1.000000000000000000, 1.000000000000000000),
 ( 0.3333333333333333703, 0.3333333333333333703, 0.3333333333333333148, 0.3333333333333334814, 0.3333333333333332593, 0.3333333333333333703, 0.3333333333333334259, 0.3333333333333333148, 0.3333333333333334259, 0.3333333333333334259, 0.3333333333333334259, 0.3333333333333334259, 0.3333333333333333703, 0.3333333333333333703, 0.3333333333333334259, 0.3333333333333333703, 0.3333333333333334259, 0.3333333333333333703, 0.3333333333333333703, 0.3333333333333333703),
 ( 0.3333333333333333703, 0.3333333333333333703, 0.3333333333333333148, 0.3333333333333334814, 0.3333333333333332593, 0.3333333333333333703, 0.3333333333333334259, 0.3333333333333333148, 0.3333333333333334259, 0.3333333333333334259, 0.3333333333333334259, 0.3333333333333334259, 0.3333333333333333703, 0.3333333333333333703, 0.3333333333333334259, 0.3333333333333333703, 0.3333333333333334259, 0.3333333333333333703, 0.3333333333333333703, 0.3333333333333333703),
 ( 1.000000000000000000, 1.000000000000000000, 0.9999999999999996669, 1.000000000000000444, 0.9999999999999996669, 1.000000000000000000, 1.000000000000000222, 0.9999999999999997780, 1.000000000000000222, 0.9999999999999997780, 1.000000000000000222, 1.000000000000000000, 0.9999999999999997780, 1.000000000000000000, 0.9999999999999997780, 1.000000000000000222, 1.000000000000000222, 0.9999999999999997780, 1.000000000000000000, 1.000000000000000000) ) ) 
 REPRESENTATION_ITEM ( '' )  SURFACE ( )  );
#5621 = VECTOR ( 'NONE', #2219, 1000.000000000000000 ) ;
#5622 =( NAMED_UNIT ( * ) SI_UNIT ( $, .STERADIAN. ) SOLID_ANGLE_UNIT ( ) );
#5623 = VERTEX_POINT ( 'NONE', #2845 ) ;
#5624 = CARTESIAN_POINT ( 'NONE',  ( 1.083129567515950686, -3.134134918331347830, 1.729999999999999538 ) ) ;
#5625 = EDGE_CURVE ( 'NONE', #464, #3428, #3733, .T. ) ;
#5626 = CARTESIAN_POINT ( 'NONE',  ( 6.110000000000000320, 5.733170000000000321, 1.000000000000000000 ) ) ;
#5627 = CARTESIAN_POINT ( 'NONE',  ( 6.704995231727276739, -10.42441809826545018, 1.730000000000000426 ) ) ;
#5628 = SURFACE_STYLE_FILL_AREA ( #1505 ) ;
#5629 = ADVANCED_FACE ( 'NONE', ( #5929 ), #1328, .T. ) ;
#5630 = CARTESIAN_POINT ( 'NONE',  ( 6.279063094294914826, 0.6618738140541823300, 0.05834743372397099143 ) ) ;
#5631 = CARTESIAN_POINT ( 'NONE',  ( 0.8993246709599682642, 0.9192657265721135840, 4.064644145954621202 ) ) ;
#5632 = ORIENTED_EDGE ( 'NONE', *, *, #5829, .F. ) ;
#5633 = COLOUR_RGB ( '',0.5647058823529411686, 0.3019607843137254721, 0.1294117647058823373 ) ;
#5634 = CARTESIAN_POINT ( 'NONE',  ( 0.9395316425134212501, 0.8790632873361462485, 0.007171692673513415522 ) ) ;
#5635 =( NAMED_UNIT ( * ) SI_UNIT ( $, .STERADIAN. ) SOLID_ANGLE_UNIT ( ) );
#5636 = EDGE_CURVE ( 'NONE', #2009, #5947, #2018, .T. ) ;
#5637 = CARTESIAN_POINT ( 'NONE',  ( 6.679190986388227280, 0.3985969488939195560, 0.2461526293933107012 ) ) ;
#5638 = CARTESIAN_POINT ( 'NONE',  ( 0.3567140260617516767, 0.4828033013100305748, 3.814097215269214303 ) ) ;
#5639 = ORIENTED_EDGE ( 'NONE', *, *, #2190, .T. ) ;
#5640 = ORIENTED_EDGE ( 'NONE', *, *, #6676, .F. ) ;
#5641 = VECTOR ( 'NONE', #6585, 1000.000000000000000 ) ;
#5642 = FILL_AREA_STYLE_COLOUR ( '', #877 ) ;
#5643 = CARTESIAN_POINT ( 'NONE',  ( 6.317336980165157101, 0.7420190893239371199, 4.033645004389719624 ) ) ;
#5644 = STYLED_ITEM ( 'NONE', ( #2401 ), #318 ) ;
#5646 = CARTESIAN_POINT ( 'NONE',  ( 0.5398294316962500838, 0.4285922132866267220, 0.1923593891614155671 ) ) ;
#5645 =( LENGTH_UNIT ( ) NAMED_UNIT ( * ) SI_UNIT ( .MILLI., .METRE. ) );
#5647 = CARTESIAN_POINT ( 'NONE',  ( 0.05833379440531499122, 0.5291907817051848539, 3.406999852995672207 ) ) ;
#5648 = STYLED_ITEM ( 'NONE', ( #3059 ), #885 ) ;
#5649 = CARTESIAN_POINT ( 'NONE',  ( 0.01521955021892397106, 0.2491439262645785135, 3.070000000000001616 ) ) ;
#5650 = PLANE ( 'NONE',  #1145 ) ;
#5651 =( NAMED_UNIT ( * ) SI_UNIT ( $, .STERADIAN. ) SOLID_ANGLE_UNIT ( ) );
#5652 = CARTESIAN_POINT ( 'NONE',  ( 6.999908983373924976, 0.1585161532748692870, 3.334023153652113436 ) ) ;
#5653 = UNCERTAINTY_MEASURE_WITH_UNIT (LENGTH_MEASURE( 1.000000000000000082E-05 ), #3403, 'distance_accuracy_value', 'NONE');
#5655 = CARTESIAN_POINT ( 'NONE',  ( 0.1997121719266874151, 0.5447504732321805099, 0.3985476106108389316 ) ) ;
#5654 = LINE ( 'NONE', #6171, #2919 ) ;
#5656 = MECHANICAL_DESIGN_GEOMETRIC_PRESENTATION_REPRESENTATION (  '', ( #1866 ), #33 ) ;
#5657 = UNCERTAINTY_MEASURE_WITH_UNIT (LENGTH_MEASURE( 1.000000000000000082E-05 ), #2132, 'distance_accuracy_value', 'NONE');
#5658 = SURFACE_STYLE_FILL_AREA ( #6109 ) ;
#5659 = DIRECTION ( 'NONE',  ( 0.4668459304955076550, 0.8843386665637682498, 0.000000000000000000 ) ) ;
#5660 = ORIENTED_EDGE ( 'NONE', *, *, #723, .F. ) ;
#5661 = DIRECTION ( 'NONE',  ( 1.000000000000000000, 0.000000000000000000, 0.000000000000000000 ) ) ;
#5662 = CARTESIAN_POINT ( 'NONE',  ( 6.280440233492274871, 0.8471420761545969125, 0.01667243516406477499 ) ) ;
#5663 = CARTESIAN_POINT ( 'NONE',  ( 0.7945330091900312253, 0.8347107993256399627, 4.047209035498751106 ) ) ;
#5664 = ORIENTED_EDGE ( 'NONE', *, *, #1196, .F. ) ;
#5665 = CARTESIAN_POINT ( 'NONE',  ( 0.8702067359525547108, 0.9014124691304035153, 0.008815401902018890623 ) ) ;
#5666 = EDGE_CURVE ( 'NONE', #3090, #1055, #3337, .T. ) ;
#5667 = CARTESIAN_POINT ( 'NONE',  ( 6.554217090478336338, 0.3088573213225439540, 0.2799420642995005815 ) ) ;
#5668 = CARTESIAN_POINT ( 'NONE',  ( 0.5557829095204246395, 0.3088573213197962630, 3.790057935696744984 ) ) ;
#5669 = ORIENTED_EDGE ( 'NONE', *, *, #989, .T. ) ;
#5670 = CARTESIAN_POINT ( 'NONE',  ( 0.03322887311070404220, 0.3789137912875878977, 0.7619913731654307520 ) ) ;
#5671 = CARTESIAN_POINT ( 'NONE',  ( 5.470412093148114607, -3.478229556797521216, 1.729999999999999760 ) ) ;
#5672 = CARTESIAN_POINT ( 'NONE',  ( 6.434392056006058347, 0.8154179592671092491, 4.016544508529395152 ) ) ;
#5673 = CARTESIAN_POINT ( 'NONE',  ( 0.8032222850396459890, 0.6064352118163143235, 0.08063124185618017470 ) ) ;
#5674 = AXIS2_PLACEMENT_3D ( 'NONE', #5626, #4571, #3480 ) ;
#5675 = CARTESIAN_POINT ( 'NONE',  ( 0.3004057133889143638, 0.6502036066706710082, 3.784593094074480746 ) ) ;
#5676 = CARTESIAN_POINT ( 'NONE',  ( 0.06208942934043414075, 0.1129106516142809324, 3.128888795304077597 ) ) ;
#5677 = ORIENTED_EDGE ( 'NONE', *, *, #1630, .T. ) ;
#5678 = DIRECTION ( 'NONE',  ( -2.193819746736956408E-16, 1.000000000000000000, -0.000000000000000000 ) ) ;
#5679 = CARTESIAN_POINT ( 'NONE',  ( 2.736899785502750593, 3.692512944455525137, 4.075000000000000178 ) ) ;
#5680 =( NAMED_UNIT ( * ) PLANE_ANGLE_UNIT ( ) SI_UNIT ( $, .RADIAN. ) );
#5681 = CARTESIAN_POINT ( 'NONE',  ( 6.906300582807173960, 0.6018497137819666110, 3.676029054105946603 ) ) ;
#5682 = CARTESIAN_POINT ( 'NONE',  ( 2.937081356610682370, 3.465957979040120929, 4.070000000000000284 ) ) ;
#5683 = SURFACE_STYLE_USAGE ( .BOTH. , #35 ) ;
#5684 = ORIENTED_EDGE ( 'NONE', *, *, #1312, .F. ) ;
#5685 = CARTESIAN_POINT ( 'NONE',  ( 4.494999999999999218, -1.976830000000000087, 2.035000000000000142 ) ) ;
#5686 = STYLED_ITEM ( 'NONE', ( #3701 ), #5892 ) ;
#5687 = CARTESIAN_POINT ( 'NONE',  ( 0.4808556410899928468, 0.7404278229013928625, 0.1448936177166426365 ) ) ;
#5688 = LINE ( 'NONE', #2134, #4491 ) ;
#5689 = ORIENTED_EDGE ( 'NONE', *, *, #4179, .F. ) ;
#5690 = STYLED_ITEM ( 'NONE', ( #607 ), #4420 ) ;
#5691 = UNCERTAINTY_MEASURE_WITH_UNIT (LENGTH_MEASURE( 1.000000000000000082E-05 ), #1557, 'distance_accuracy_value', 'NONE');
#5692 = MECHANICAL_DESIGN_GEOMETRIC_PRESENTATION_REPRESENTATION (  '', ( #2432 ), #1812 ) ;
#5693 = CARTESIAN_POINT ( 'NONE',  ( 6.208587530869357884, 0.8702067359526401980, 0.008815401902007235016 ) ) ;
#5694 = CARTESIAN_POINT ( 'NONE',  ( 1.000000000000000000, 1.000000000000000000, 4.070000000000000284 ) ) ;
#5695 = ORIENTED_EDGE ( 'NONE', *, *, #1757, .F. ) ;
#5696 = DIRECTION ( 'NONE',  ( -2.193819746736956408E-16, 1.000000000000000000, -0.000000000000000000 ) ) ;
#5697 = CARTESIAN_POINT ( 'NONE',  ( 1.980693336405206839, -2.152794706084732113, 2.339999999999999858 ) ) ;
#5698 = CARTESIAN_POINT ( 'NONE',  ( 3.591374980971351327, 3.090525030000000228, 4.075000000000000178 ) ) ;
#5699 = CARTESIAN_POINT ( 'NONE',  ( 6.766146409761429226, 0.6719267954725887115, 0.2452125173355347298 ) ) ;
#5700 = CARTESIAN_POINT ( 'NONE',  ( 0.6125857791488609205, 0.6335025815093454638, 3.975458232475859166 ) ) ;
#5701 = EDGE_LOOP ( 'NONE', ( #2824, #2705, #4788, #4273 ) ) ;
#5702 = ADVANCED_FACE ( 'NONE', ( #6487 ), #3737, .F. ) ;
#5703 = CARTESIAN_POINT ( 'NONE',  ( 0.1129106578663018196, 0.06208943067166069335, 1.000000000000000888 ) ) ;
#5704 = CARTESIAN_POINT ( 'NONE',  ( 4.908992986904658018, -2.734408250270128793, 1.729999999999999760 ) ) ;
#5705 = FACE_OUTER_BOUND ( 'NONE', #2276, .T. ) ;
#5706 = CARTESIAN_POINT ( 'NONE',  ( 6.444365485288665596, 0.5830496422250863731, 3.971269998046411676 ) ) ;
#5707 = CARTESIAN_POINT ( 'NONE',  ( 0.6774230487218771968, 0.3548285192991282311, 0.2337975904628951940 ) ) ;
#5708 = CARTESIAN_POINT ( 'NONE',  ( 0.4282173323112824503, 0.000000000000000000, 3.070000000000000728 ) ) ;
#5709 = FACE_OUTER_BOUND ( 'NONE', #3477, .T. ) ;
#5710 = VECTOR ( 'NONE', #277, 1000.000000000000000 ) ;
#5711 = DIRECTION ( 'NONE',  ( 0.000000000000000000, 0.000000000000000000, -1.000000000000000000 ) ) ;
#5712 = CARTESIAN_POINT ( 'NONE',  ( 6.508150286218018721, 0.2036994171928248609, 3.676029054105939053 ) ) ;
#5713 = DIRECTION ( 'NONE',  ( 1.000000000000000000, 0.000000000000000000, 0.000000000000000000 ) ) ;
#5714 = CARTESIAN_POINT ( 'NONE',  ( 6.729025464315585126, 0.1866103515993299544, 0.4375663367698298112 ) ) ;
#5715 = AXIS2_PLACEMENT_3D ( 'NONE', #2729, #5816, #2217 ) ;
#5716 = ADVANCED_FACE ( 'NONE', ( #1831 ), #5860, .T. ) ;
#5717 = CARTESIAN_POINT ( 'NONE',  ( 2.862700937820964242, 3.205053595892337626, 4.070000000000000284 ) ) ;
#5718 = SURFACE_STYLE_FILL_AREA ( #6208 ) ;
#5719 = DIRECTION ( 'NONE',  ( 0.000000000000000000, 0.000000000000000000, -1.000000000000000000 ) ) ;
#5720 =( GEOMETRIC_REPRESENTATION_CONTEXT ( 3 ) GLOBAL_UNCERTAINTY_ASSIGNED_CONTEXT ( ( #4081 ) ) GLOBAL_UNIT_ASSIGNED_CONTEXT ( ( #4281, #5265, #3798 ) ) REPRESENTATION_CONTEXT ( 'NONE', 'WORKASPACE' ) );
#5721 = CARTESIAN_POINT ( 'NONE',  ( 0.5630530846251430299, 0.5383454007274757203, 0.1340154037242287099 ) ) ;
#5722 = FACE_OUTER_BOUND ( 'NONE', #5294, .T. ) ;
#5723 = ORIENTED_EDGE ( 'NONE', *, *, #1803, .F. ) ;
#5724 = CARTESIAN_POINT ( 'NONE',  ( 1.132028831076766107, -3.069200569082297658, 1.730000000000000204 ) ) ;
#5725 =( GEOMETRIC_REPRESENTATION_CONTEXT ( 3 ) GLOBAL_UNCERTAINTY_ASSIGNED_CONTEXT ( ( #4628 ) ) GLOBAL_UNIT_ASSIGNED_CONTEXT ( ( #2456, #5926, #5406 ) ) REPRESENTATION_CONTEXT ( 'NONE', 'WORKASPACE' ) );
#5726 = CARTESIAN_POINT ( 'NONE',  ( 6.169622183192206677, 0.9701889080735742743, 0.001422164880506190813 ) ) ;
#5727 = CARTESIAN_POINT ( 'NONE',  ( 1.000000000000000000, 1.000000000000000000, 4.070000000000000284 ) ) ;
#5728 = VERTEX_POINT ( 'NONE', #4398 ) ;
#5729 = DIRECTION ( 'NONE',  ( 0.000000000000000000, 1.000000000000000000, -0.000000000000000000 ) ) ;
#5730 = CARTESIAN_POINT ( 'NONE',  ( 1.584289280846417070, -3.484313605805702263, 1.730000000000000426 ) ) ;
#5731 = CARTESIAN_POINT ( 'NONE',  ( 4.433761228971684787, 3.205075560774861998, 4.075000000000000178 ) ) ;
#5732 = COLOUR_RGB ( '',1.000000000000000000, 0.8431372549019607865, 0.1333333333333333315 ) ;
#5733 = CARTESIAN_POINT ( 'NONE',  ( 6.621915637420701550, 0.4292258669001642324, 0.2053712915935375638 ) ) ;
#5734 = CARTESIAN_POINT ( 'NONE',  ( 0.7121977860052188802, 0.4243955686388635185, 3.888169321753821794 ) ) ;
#5735 = PRESENTATION_LAYER_ASSIGNMENT (  '', '', ( #1958 ) ) ;
#5736 = CARTESIAN_POINT ( 'NONE',  ( 4.087669531477750695, -2.799291741997139482, 1.730000000000000426 ) ) ;
#5737 = CARTESIAN_POINT ( 'NONE',  ( 2.610150854328058490, -2.126473639938911475, 2.340000000000000746 ) ) ;
#5738 = CARTESIAN_POINT ( 'NONE',  ( 6.355062611470766676, 0.5098747719690728264, 3.942138605668698670 ) ) ;
#5739 = CARTESIAN_POINT ( 'NONE',  ( 1.000000000000000000, 6.733170000000000321, 3.070000000000000728 ) ) ;
#5740 = VECTOR ( 'NONE', #5498, 1000.000000000000000 ) ;
#5741 = CARTESIAN_POINT ( 'NONE',  ( 3.224868535347960474, -2.028836699693395751, 1.730000000000000426 ) ) ;
#5742 = CARTESIAN_POINT ( 'NONE',  ( 0.02610364077194868293, 0.4456241538270420688, 3.299938821705698633 ) ) ;
#5743 = ORIENTED_EDGE ( 'NONE', *, *, #5806, .F. ) ;
#5744 = CARTESIAN_POINT ( 'NONE',  ( 0.000000000000000000, 0.000000000000000000, 4.070000000000000284 ) ) ;
#5745 = VECTOR ( 'NONE', #5755, 1000.000000000000000 ) ;
#5746 = FILL_AREA_STYLE ('',( #5853 ) ) ;
#5747 = CARTESIAN_POINT ( 'NONE',  ( 6.778386295512222937, 0.3678640323029926940, 3.755324388085181653 ) ) ;
#5748 = SURFACE_STYLE_FILL_AREA ( #3267 ) ;
#5749 = EDGE_CURVE ( 'NONE', #6654, #2214, #3867, .T. ) ;
#5750 = PRESENTATION_LAYER_ASSIGNMENT (  '', '', ( #1441 ) ) ;
#5751 = CARTESIAN_POINT ( 'NONE',  ( 0.9226550629720264851, 0.8448339833214320027, 4.059852099145871307 ) ) ;
#5752 = VECTOR ( 'NONE', #5969, 1000.000000000000114 ) ;
#5753 = CARTESIAN_POINT ( 'NONE',  ( 0.5000000000000000000, 0.000000000000000000, -0.2035000000000005693 ) ) ;
#5754 = DIRECTION ( 'NONE',  ( -1.000000000000000000, 0.000000000000000000, 0.000000000000000000 ) ) ;
#5755 = DIRECTION ( 'NONE',  ( -1.000000000000000000, 0.000000000000000000, 0.000000000000000000 ) ) ;
#5756 = LINE ( 'NONE', #1598, #6463 ) ;
#5757 = CARTESIAN_POINT ( 'NONE',  ( 3.336523754250167784, 3.692512944455525137, 4.070000000000000284 ) ) ;
#5758 = COLOUR_RGB ( '',0.5647058823529411686, 0.3019607843137254721, 0.1294117647058823373 ) ;
#5759 = CARTESIAN_POINT ( 'NONE',  ( 0.5047621030241992157, 0.6018215803795060603, 0.1405512404084726941 ) ) ;
#5760 = CARTESIAN_POINT ( 'NONE',  ( 7.110000000000000320, 0.4999999513001466278, 0.9411112046959220212 ) ) ;
#5761 = CARTESIAN_POINT ( 'NONE',  ( 1.083129567515950686, -3.134134918331347830, 1.729999999999999538 ) ) ;
#5762 =( GEOMETRIC_REPRESENTATION_CONTEXT ( 3 ) GLOBAL_UNCERTAINTY_ASSIGNED_CONTEXT ( ( #31 ) ) GLOBAL_UNIT_ASSIGNED_CONTEXT ( ( #3359, #262, #1273 ) ) REPRESENTATION_CONTEXT ( 'NONE', 'WORKASPACE' ) );
#5763 = CARTESIAN_POINT ( 'NONE',  ( 6.198206978258802735, 0.9067792887579857464, 0.005100338106576471874 ) ) ;
#5764 = CARTESIAN_POINT ( 'NONE',  ( 1.000000000000000000, 1.000000000000000000, 4.070000000000000284 ) ) ;
#5765 = FACE_OUTER_BOUND ( 'NONE', #2964, .T. ) ;
#5766 = CARTESIAN_POINT ( 'NONE',  ( 1.536779826725151121, -3.518153472730918718, 2.340000000000000746 ) ) ;
#5767 = PRODUCT ( 'CCR_SB_7.11X10.16_L7.11H10.16T4.07S5.08LL7F0.61', 'CCR_SB_7.11X10.16_L7.11H10.16T4.07S5.08LL7F0.61', '', ( #3565 ) ) ;
#5768 = UNCERTAINTY_MEASURE_WITH_UNIT (LENGTH_MEASURE( 1.000000000000000082E-05 ), #3945, 'distance_accuracy_value', 'NONE');
#5769 = CARTESIAN_POINT ( 'NONE',  ( 6.730200375394367107, 0.5275106094676685897, 0.2281849660676930625 ) ) ;
#5770 = CARTESIAN_POINT ( 'NONE',  ( 0.4808556410899885170, 0.7404278229014060742, 3.925106382283355622 ) ) ;
#5771 = ORIENTED_EDGE ( 'NONE', *, *, #5625, .T. ) ;
#5772 = CARTESIAN_POINT ( 'NONE',  ( 0.03476587779002410922, 0.2247106573366123017, 0.8628823028742206303 ) ) ;
#5773 = FILL_AREA_STYLE_COLOUR ( '', #1103 ) ;
#5774 = CARTESIAN_POINT ( 'NONE',  ( 4.766310632698917082, -2.651590930006802349, 1.730000000000000426 ) ) ;
#5775 = CARTESIAN_POINT ( 'NONE',  ( 6.497414044965639235, 0.6335023973828147748, 3.975458244271481867 ) ) ;
#5776 = DIRECTION ( 'NONE',  ( -0.003953937269740718727, 0.9999921831594820176, 0.000000000000000000 ) ) ;
#5777 = CARTESIAN_POINT ( 'NONE',  ( 1.625242396891817709, -3.391110155043932206, 1.730000000000000204 ) ) ;
#5778 = CARTESIAN_POINT ( 'NONE',  ( 0.2877656906469971965, 0.1146815852999285290, 3.477437269790609520 ) ) ;
#5779 = ORIENTED_EDGE ( 'NONE', *, *, #5010, .F. ) ;
#5780 = SURFACE_SIDE_STYLE ('',( #3693 ) ) ;
#5781 = SURFACE_SIDE_STYLE ('',( #2944 ) ) ;
#5782 = CARTESIAN_POINT ( 'NONE',  ( 1.000000000000000000, 0.000000000000000000, 4.070000000000000284 ) ) ;
#5783 = CARTESIAN_POINT ( 'NONE',  ( 6.677169202025237560, 0.1195240395802366351, 3.546744194295401886 ) ) ;
#5784 = LINE ( 'NONE', #6413, #467 ) ;
#5785 = CARTESIAN_POINT ( 'NONE',  ( 7.110000000000000320, 0.5000000000000000000, 2.781166666666668785 ) ) ;
#5786 = CARTESIAN_POINT ( 'NONE',  ( 5.052564829889170106, 3.576267184938944244, 4.075000000000000178 ) ) ;
#5787 = VECTOR ( 'NONE', #4671, 1000.000000000000114 ) ;
#5788 = DIRECTION ( 'NONE',  ( 1.000000000000000000, 0.000000000000000000, 0.000000000000000000 ) ) ;
#5789 = EDGE_CURVE ( 'NONE', #2693, #561, #242, .T. ) ;
#5790 = LINE ( 'NONE', #2192, #5292 ) ;
#5791 = CARTESIAN_POINT ( 'NONE',  ( 0.9756046831353146764, 0.9803373716601310184, -1.166526057334066094E-17 ) ) ;
#5792 = CARTESIAN_POINT ( 'NONE',  ( 0.4994230198478327165, 0.7153012983167130745, 0.1336583538237524904 ) ) ;
#5793 = CARTESIAN_POINT ( 'NONE',  ( 7.110000000000000320, 0.4282172921980528235, 1.000000000000000000 ) ) ;
#5794 =( NAMED_UNIT ( * ) PLANE_ANGLE_UNIT ( ) SI_UNIT ( $, .RADIAN. ) );
#5795 = CARTESIAN_POINT ( 'NONE',  ( 6.203220762459241477, 0.9117930709045427573, 0.005100339341502551672 ) ) ;
#5796 = CARTESIAN_POINT ( 'NONE',  ( 0.9750047994632197179, 0.9809337332737985138, 4.070000000000000284 ) ) ;
#5797 = SURFACE_STYLE_USAGE ( .BOTH. , #729 ) ;
#5798 = CARTESIAN_POINT ( 'NONE',  ( 2.499329268592800801, -2.479546513799930629, 2.340000000000000302 ) ) ;
#5799 = EDGE_CURVE ( 'NONE', #902, #1354, #4365, .T. ) ;
#5800 =( GEOMETRIC_REPRESENTATION_CONTEXT ( 3 ) GLOBAL_UNCERTAINTY_ASSIGNED_CONTEXT ( ( #967 ) ) GLOBAL_UNIT_ASSIGNED_CONTEXT ( ( #3735, #2328, #4366 ) ) REPRESENTATION_CONTEXT ( 'NONE', 'WORKASPACE' ) );
#5801 = CARTESIAN_POINT ( 'NONE',  ( 5.096997556119359452, -2.794514615189092055, 2.340000000000000302 ) ) ;
#5802 = MECHANICAL_DESIGN_GEOMETRIC_PRESENTATION_REPRESENTATION (  '', ( #5686 ), #732 ) ;
#5803 = PRESENTATION_STYLE_ASSIGNMENT (( #6326 ) ) ;
#5804 = CARTESIAN_POINT ( 'NONE',  ( 6.791949928976116269, 0.6590250355897332435, 0.2684037605593554421 ) ) ;
#5805 = CARTESIAN_POINT ( 'NONE',  ( 0.6559430131678144482, 0.5469368524327291592, 3.955457541539804112 ) ) ;
#5806 = EDGE_CURVE ( 'NONE', #4343, #3859, #3271, .T. ) ;
#5807 = COLOUR_RGB ( '',1.000000000000000000, 0.8431372549019607865, 0.1333333333333333315 ) ;
#5808 = CARTESIAN_POINT ( 'NONE',  ( 0.3627409325683776942, 0.009795738636110103842, 0.8698030691767711930 ) ) ;
#5809 = DIRECTION ( 'NONE',  ( 0.000000000000000000, -1.000000000000000000, 0.000000000000000000 ) ) ;
#5810 = CARTESIAN_POINT ( 'NONE',  ( 6.166999864032990608, 0.9676374083806476012, 4.068694843232740332 ) ) ;
#5811 = LINE ( 'NONE', #6263, #1173 ) ;
#5812 = CARTESIAN_POINT ( 'NONE',  ( 1.610967482264476391, -3.449398524634610386, 1.730000000000000204 ) ) ;
#5813 = CARTESIAN_POINT ( 'NONE',  ( 0.1702281818911813294, 0.1225218077408580658, 3.375509701082415326 ) ) ;
#5814 = ORIENTED_EDGE ( 'NONE', *, *, #6691, .T. ) ;
#5815 = PLANE ( 'NONE',  #1311 ) ;
#5816 = DIRECTION ( 'NONE',  ( -0.003953937269740664950, -0.9999921831594820176, 0.000000000000000000 ) ) ;
#5817 = CARTESIAN_POINT ( 'NONE',  ( 6.700343476522565567, 0.2643783033205225896, 3.719170601748678973 ) ) ;
#5818 = PRESENTATION_STYLE_ASSIGNMENT (( #4245 ) ) ;
#5819 = DIRECTION ( 'NONE',  ( 0.000000000000000000, -1.000000000000000000, 0.000000000000000000 ) ) ;
#5820 = CARTESIAN_POINT ( 'NONE',  ( 6.609999999999999432, 0.000000000000000000, -0.2035000000000005693 ) ) ;
#5821 =( LENGTH_UNIT ( ) NAMED_UNIT ( * ) SI_UNIT ( .MILLI., .METRE. ) );
#5822 = DIRECTION ( 'NONE',  ( 0.9610348236706632852, -0.2764273280489779605, 0.000000000000000000 ) ) ;
#5823 = FACE_OUTER_BOUND ( 'NONE', #861, .T. ) ;
#5824 = CARTESIAN_POINT ( 'NONE',  ( 0.8295598886981497833, 0.8471419557290033042, 0.01667242863873708708 ) ) ;
#5825 = CARTESIAN_POINT ( 'NONE',  ( 0.6656345147112239236, 0.5830496422249596966, 0.09873000195385396582 ) ) ;
#5826 = AXIS2_PLACEMENT_3D ( 'NONE', #5445, #2877, #4654 ) ;
#5827 = CARTESIAN_POINT ( 'NONE',  ( 7.047910569328305286, 0.1129106578662563976, 1.000000000000000444 ) ) ;
#5828 = DIRECTION ( 'NONE',  ( 0.2762033010290822488, 0.9610992334304705453, 0.000000000000000000 ) ) ;
#5829 = EDGE_CURVE ( 'NONE', #3729, #3930, #3190, .T. ) ;
#5830 = CARTESIAN_POINT ( 'NONE',  ( 6.129662628339814567, 0.9756046831352882531, -8.737822338293366354E-18 ) ) ;
#5831 = CARTESIAN_POINT ( 'NONE',  ( 4.748126309322987737, 3.090525030000000228, 4.070000000000000284 ) ) ;
#5832 = SURFACE_STYLE_FILL_AREA ( #5906 ) ;
#5833 = CARTESIAN_POINT ( 'NONE',  ( 2.706034403961829149, -3.149735032738656848, 2.340000000000000746 ) ) ;
#5834 = CARTESIAN_POINT ( 'NONE',  ( 1.314093087799104609, -2.939923179177046375, 1.730000000000000648 ) ) ;
#5835 =( BOUNDED_CURVE ( )  B_SPLINE_CURVE ( 2, ( #5219, #54, #3685 ),
 .UNSPECIFIED., .F., .F. ) 
 B_SPLINE_CURVE_WITH_KNOTS ( ( 3, 3 ),
 ( 0.000000000000000000, 1.000000000000000000 ),
 .UNSPECIFIED. ) 
 CURVE ( )  GEOMETRIC_REPRESENTATION_ITEM ( )  RATIONAL_B_SPLINE_CURVE ( ( 1.000000000000000000, 1.857142857142858761, 1.000000000000000000 ) ) 
 REPRESENTATION_ITEM ( '' )  );
#5836 = CARTESIAN_POINT ( 'NONE',  ( 4.403965596038169394, -3.149735032738657736, 1.729999999999999760 ) ) ;
#5837 = ADVANCED_FACE ( 'NONE', ( #4765 ), #2366, .T. ) ;
#5838 = CIRCLE ( 'NONE', #6602, 0.3050000000000001599 ) ;
#5839 = CARTESIAN_POINT ( 'NONE',  ( 6.573307372702780427, 0.3921563526489034168, 0.2173984830587305794 ) ) ;
#5840 = CARTESIAN_POINT ( 'NONE',  ( 0.6212682809041475407, 0.5771560468801713029, 3.962087512070010753 ) ) ;
#5841 = VERTEX_POINT ( 'NONE', #5373 ) ;
#5842 = ORIENTED_EDGE ( 'NONE', *, *, #1533, .T. ) ;
#5843 = CARTESIAN_POINT ( 'NONE',  ( 2.831750585887909288, 3.692512944455525137, 4.075000000000000178 ) ) ;
#5844 = PRESENTATION_LAYER_ASSIGNMENT (  '', '', ( #542 ) ) ;
#5845 = CARTESIAN_POINT ( 'NONE',  ( 6.355609947332214738, 0.8771950238597768790, 4.039586723070464735 ) ) ;
#5846 = CARTESIAN_POINT ( 'NONE',  ( 6.923389655898438022, 0.3809745675291557054, 0.4375663436064015088 ) ) ;
#5847 = CARTESIAN_POINT ( 'NONE',  ( 1.014999999999997016, -3.426829999999996268, 1.729999999999999982 ) ) ;
#5848 = CARTESIAN_POINT ( 'NONE',  ( 0.4058303406431363891, 0.07698057363740286319, 3.447373797958927177 ) ) ;
#5849 = VERTEX_POINT ( 'NONE', #2667 ) ;
#5850 = EDGE_LOOP ( 'NONE', ( #4526, #4422, #364, #776 ) ) ;
#5851 = SURFACE_STYLE_FILL_AREA ( #1620 ) ;
#5852 =( NAMED_UNIT ( * ) SI_UNIT ( $, .STERADIAN. ) SOLID_ANGLE_UNIT ( ) );
#5853 = FILL_AREA_STYLE_COLOUR ( '', #1402 ) ;
#5854 = CARTESIAN_POINT ( 'NONE',  ( 6.568650540374963320, 0.2853000116783045992, 3.766408956779895956 ) ) ;
#5855 = LINE ( 'NONE', #3697, #2301 ) ;
#5857 = CARTESIAN_POINT ( 'NONE',  ( 0.3249851207020264532, 0.6147238863767714445, 0.2614886009976208348 ) ) ;
#5856 = PLANE ( 'NONE',  #5952 ) ;
#5858 = LINE ( 'NONE', #6416, #707 ) ;
#5859 = CARTESIAN_POINT ( 'NONE',  ( 0.000000000000000000, 0.5000000000000000000, -0.2035000000000005693 ) ) ;
#5860 = CYLINDRICAL_SURFACE ( 'NONE', #1041, 0.3050000000000001599 ) ;
#5861 = UNCERTAINTY_MEASURE_WITH_UNIT (LENGTH_MEASURE( 1.000000000000000082E-05 ), #1108, 'distance_accuracy_value', 'NONE');
#5862 =( NAMED_UNIT ( * ) SI_UNIT ( $, .STERADIAN. ) SOLID_ANGLE_UNIT ( ) );
#5863 = DIRECTION ( 'NONE',  ( -0.003953937269740718727, 0.9999921831594820176, 0.000000000000000000 ) ) ;
#5864 = LINE ( 'NONE', #1864, #4756 ) ;
#5865 = CARTESIAN_POINT ( 'NONE',  ( 0.8427443370952050206, 0.8339089793700777964, 0.01650625943077211472 ) ) ;
#5866 = CARTESIAN_POINT ( 'NONE',  ( 0.07676839084697102689, 0.2586596061383168998, 0.7043986936127039078 ) ) ;
#5867 = CLOSED_SHELL ( 'NONE', ( #3560, #5716, #4842, #1302, #6055, #5243, #1152, #3057, #1664, #5380, #6597, #2103, #5837, #2484, #5918, #3883, #41, #885, #3342, #4996, #3797, #3308, #1217, #4547, #6131, #2677, #4352, #5128, #2858, #4420, #5512, #1713, #1698, #5629, #5211, #2235, #5702, #5599, #2601, #4752 ) ) ;
#5868 = UNCERTAINTY_MEASURE_WITH_UNIT (LENGTH_MEASURE( 1.000000000000000082E-05 ), #4334, 'distance_accuracy_value', 'NONE');
#5869 = CARTESIAN_POINT ( 'NONE',  ( 7.065186740448866409, 0.1455260989278734651, 1.000000000000000000 ) ) ;
#5870 = AXIS2_PLACEMENT_3D ( 'NONE', #1800, #4287, #6418 ) ;
#5871 = FILL_AREA_STYLE_COLOUR ( '', #4379 ) ;
#5872 = CARTESIAN_POINT ( 'NONE',  ( 6.263743703939144147, 0.6925125960828414362, 0.04802706993449756823 ) ) ;
#5873 =( NAMED_UNIT ( * ) SI_UNIT ( $, .STERADIAN. ) SOLID_ANGLE_UNIT ( ) );
#5874 = CARTESIAN_POINT ( 'NONE',  ( 1.981344330640335993, -2.153446827274942521, 1.730000000000000204 ) ) ;
#5875 = CARTESIAN_POINT ( 'NONE',  ( 5.919345574722770564, -3.016415516703254251, 1.730000000000000204 ) ) ;
#5876 = CARTESIAN_POINT ( 'NONE',  ( 6.328225229042382161, 0.6158555884791301338, 0.07599064170752131697 ) ) ;
#5877 = CARTESIAN_POINT ( 'NONE',  ( 0.6898417470200907120, 0.6535717394276308045, 3.997538923342978556 ) ) ;
#5878 = ORIENTED_EDGE ( 'NONE', *, *, #3706, .F. ) ;
#5879 = FILL_AREA_STYLE ('',( #4307 ) ) ;
#5880 = CARTESIAN_POINT ( 'NONE',  ( 2.438089316360104952, -2.561600740389324393, 2.339999999999999858 ) ) ;
#5881 = CARTESIAN_POINT ( 'NONE',  ( 6.290476934224494165, 0.8093958064283999221, 4.048228464507510616 ) ) ;
#5882 = SURFACE_SIDE_STYLE ('',( #2176 ) ) ;
#5883 = CARTESIAN_POINT ( 'NONE',  ( 7.014026395405396741, 0.5479868141599975040, 0.5668320419764980578 ) ) ;
#5884 = CARTESIAN_POINT ( 'NONE',  ( 2.439916087112175447, -3.300831653889074957, 1.730000000000000426 ) ) ;
#5885 = CARTESIAN_POINT ( 'NONE',  ( 0.03451329047432988989, 0.4504071542356392066, 3.332947982603899906 ) ) ;
#5886 = VERTEX_POINT ( 'NONE', #4731 ) ;
#5887 = ORIENTED_EDGE ( 'NONE', *, *, #1381, .T. ) ;
#5888 = CARTESIAN_POINT ( 'NONE',  ( 3.783037980676932754, 3.692512944455525137, 4.075000000000000178 ) ) ;
#5889 = CARTESIAN_POINT ( 'NONE',  ( 6.766146409761431890, 0.6719267954726029224, 3.824787482664461002 ) ) ;
#5891 = CARTESIAN_POINT ( 'NONE',  ( 0.4477740487513501288, 0.3839147601964355005, 0.2483632335038137573 ) ) ;
#5890 = SURFACE_STYLE_USAGE ( .BOTH. , #4829 ) ;
#5892 = ADVANCED_FACE ( 'NONE', ( #2770 ), #1141, .F. ) ;
#5893 = CARTESIAN_POINT ( 'NONE',  ( 7.110000000000000320, 0.5000000000000000000, 4.273500000000000298 ) ) ;
#5894 = DIRECTION ( 'NONE',  ( 0.000000000000000000, -1.000000000000000000, 0.000000000000000000 ) ) ;
#5895 = DIRECTION ( 'NONE',  ( -0.000000000000000000, 1.000000000000000000, -0.000000000000000000 ) ) ;
#5896 =( LENGTH_UNIT ( ) NAMED_UNIT ( * ) SI_UNIT ( .MILLI., .METRE. ) );
#5897 = ORIENTED_EDGE ( 'NONE', *, *, #3674, .T. ) ;
#5898 =( NAMED_UNIT ( * ) SI_UNIT ( $, .STERADIAN. ) SOLID_ANGLE_UNIT ( ) );
#5899 = CARTESIAN_POINT ( 'NONE',  ( 6.997089342133747891, 0.06208943067169387514, 3.070000000000000728 ) ) ;
#5900 =( LENGTH_UNIT ( ) NAMED_UNIT ( * ) SI_UNIT ( .MILLI., .METRE. ) );
#5901 = CARTESIAN_POINT ( 'NONE',  ( 6.860856112269571483, 0.01521955676786756854, 0.9999999999999991118 ) ) ;
#5902 = SURFACE_STYLE_USAGE ( .BOTH. , #1227 ) ;
#5903 = PRESENTATION_STYLE_ASSIGNMENT (( #725 ) ) ;
#5904 = CARTESIAN_POINT ( 'NONE',  ( 3.430890386570552231, 3.090525030000000228, 4.070000000000000284 ) ) ;
#5905 = CARTESIAN_POINT ( 'NONE',  ( 6.286536701511812986, -2.525084792936851841, 2.340000000000000302 ) ) ;
#5906 = FILL_AREA_STYLE ('',( #218 ) ) ;
#5907 = SURFACE_STYLE_USAGE ( .BOTH. , #4335 ) ;
#5908 = CARTESIAN_POINT ( 'NONE',  ( 3.926662175581037140, -2.399057639724790914, 2.340000000000000746 ) ) ;
#5909 = CARTESIAN_POINT ( 'NONE',  ( 6.536405472102286396, 0.6765087337582423865, 0.1010922190775834090 ) ) ;
#5910 = CARTESIAN_POINT ( 'NONE',  ( 0.6624481102735969573, 0.6806672696203185380, 3.998146915876658714 ) ) ;
#5911 = CARTESIAN_POINT ( 'NONE',  ( 3.163674760572764644, 3.354671063943200249, 4.075000000000000178 ) ) ;
#5912 = LINE ( 'NONE', #225, #1646 ) ;
#5913 = CARTESIAN_POINT ( 'NONE',  ( 6.186017329370026019, 0.8479653445581748494, 4.058500944413971467 ) ) ;
#5914 = AXIS2_PLACEMENT_3D ( 'NONE', #2699, #714, #1179 ) ;
#5915 = CARTESIAN_POINT ( 'NONE',  ( 6.939771818108719792, 0.1225218077397523114, 0.6944902989224410739 ) ) ;
#5916 = CARTESIAN_POINT ( 'NONE',  ( 1.880952133921842018, -3.442656947334646222, 2.340000000000000302 ) ) ;
#5917 = VECTOR ( 'NONE', #6199, 1000.000000000000000 ) ;
#5918 = ADVANCED_FACE ( 'NONE', ( #3732 ), #1629, .T. ) ;
#5919 = CARTESIAN_POINT ( 'NONE',  ( 0.4096564426730859854, 0.2643783488258303338, 3.719170617049059935 ) ) ;
#5920 = VERTEX_POINT ( 'NONE', #1830 ) ;
#5921 = ORIENTED_EDGE ( 'NONE', *, *, #1027, .T. ) ;
#5922 =( LENGTH_UNIT ( ) NAMED_UNIT ( * ) SI_UNIT ( .MILLI., .METRE. ) );
#5923 =( LENGTH_UNIT ( ) NAMED_UNIT ( * ) SI_UNIT ( .MILLI., .METRE. ) );
#5924 = DIRECTION ( 'NONE',  ( -0.000000000000000000, -0.000000000000000000, -1.000000000000000000 ) ) ;
#5925 = CARTESIAN_POINT ( 'NONE',  ( 6.711403051115939711, 0.4308090136054074648, 3.823847370593958850 ) ) ;
#5926 =( NAMED_UNIT ( * ) PLANE_ANGLE_UNIT ( ) SI_UNIT ( $, .RADIAN. ) );
#5927 = SURFACE_SIDE_STYLE ('',( #3833 ) ) ;
#5928 = CARTESIAN_POINT ( 'NONE',  ( 4.908992986904658018, -2.734408250270128793, 2.339999999999999414 ) ) ;
#5929 = FACE_OUTER_BOUND ( 'NONE', #3320, .T. ) ;
#5930 = CARTESIAN_POINT ( 'NONE',  ( 2.969662601183352013, 3.577927635947331986, 4.075000000000000178 ) ) ;
#5931 = EDGE_LOOP ( 'NONE', ( #868, #4483, #3720, #1188 ) ) ;
#5932 = CARTESIAN_POINT ( 'NONE',  ( 7.088242626679834402, 0.2136016297785319207, 3.069999999999998952 ) ) ;
#5933 = CARTESIAN_POINT ( 'NONE',  ( 0.9785633767648042047, 0.9773845427187352053, -1.153882173301901902E-17 ) ) ;
#5934 = CARTESIAN_POINT ( 'NONE',  ( 0.4456241538267723401, 0.02610364077189715470, 0.7700611782943946881 ) ) ;
#5935 = CARTESIAN_POINT ( 'NONE',  ( 6.659592831788597067, 0.03451329015258978311, 0.7370520186532677487 ) ) ;
#5936 = EDGE_CURVE ( 'NONE', #3289, #902, #5547, .T. ) ;
#5937 = FILL_AREA_STYLE_COLOUR ( '', #4479 ) ;
#5938 = SURFACE_STYLE_USAGE ( .BOTH. , #5455 ) ;
#5939 = CARTESIAN_POINT ( 'NONE',  ( 6.607309642202659816, 0.005380749248660159079, 0.8782887918487751744 ) ) ;
#5940 = CARTESIAN_POINT ( 'NONE',  ( 4.211932094102493807, -2.966805191560651700, 2.339999999999999858 ) ) ;
#5941 = VECTOR ( 'NONE', #2688, 1000.000000000000000 ) ;
#5942 = CARTESIAN_POINT ( 'NONE',  ( 0.4050047682727125897, -3.424418098265453736, 2.340000000000000302 ) ) ;
#5943 = CARTESIAN_POINT ( 'NONE',  ( 1.020338925033657640, -3.314044712266286830, 1.729999999999999760 ) ) ;
#5944 = CARTESIAN_POINT ( 'NONE',  ( 3.926662175581037140, -2.399057639724790914, 1.730000000000000204 ) ) ;
#5945 = CARTESIAN_POINT ( 'NONE',  ( 6.405835284877725577, 0.6873836362617694595, 0.06143677625700511014 ) ) ;
#5946 = CARTESIAN_POINT ( 'NONE',  ( 0.6023662806685220472, 0.7458576566916980122, 3.987149240673232953 ) ) ;
#5947 = VERTEX_POINT ( 'NONE', #1858 ) ;
#5948 = ORIENTED_EDGE ( 'NONE', *, *, #3549, .F. ) ;
#5949 =( NAMED_UNIT ( * ) SI_UNIT ( $, .STERADIAN. ) SOLID_ANGLE_UNIT ( ) );
#5950 = CARTESIAN_POINT ( 'NONE',  ( 6.188245054701962289, 0.8968436091485022521, 4.064497651498256481 ) ) ;
#5951 = MECHANICAL_DESIGN_GEOMETRIC_PRESENTATION_REPRESENTATION (  '', ( #5062 ), #4853 ) ;
#5952 = AXIS2_PLACEMENT_3D ( 'NONE', #134, #1218, #5231 ) ;
#5953 = CARTESIAN_POINT ( 'NONE',  ( 7.044149682565381987, 0.4670169471951156615, 0.6410416478432965359 ) ) ;
#5954 = CARTESIAN_POINT ( 'NONE',  ( 1.584289280846417070, -3.484313605805702263, 2.340000000000000302 ) ) ;
#5955 = CARTESIAN_POINT ( 'NONE',  ( 0.1997121767920536084, 0.5447504658645436759, 3.671452396296235765 ) ) ;
#5956 = ORIENTED_EDGE ( 'NONE', *, *, #3182, .T. ) ;
#5957 = ORIENTED_EDGE ( 'NONE', *, *, #4160, .T. ) ;
#5958 = DIRECTION ( 'NONE',  ( -0.9615454294334491170, 0.2746459304916857302, 0.000000000000000000 ) ) ;
#5959 = DIRECTION ( 'NONE',  ( -0.9612934544747618881, 0.2755265765474882445, 0.000000000000000000 ) ) ;
#5960 = FACE_OUTER_BOUND ( 'NONE', #5463, .T. ) ;
#5961 = CARTESIAN_POINT ( 'NONE',  ( 6.648216881356250774, 0.4314119745437009490, 3.856231796134867551 ) ) ;
#5962 = PRODUCT_DEFINITION_CONTEXT ( 'detailed design', #5039, 'design' ) ;
#5964 = CARTESIAN_POINT ( 'NONE',  ( 0.4837066976271346408, 0.3207952492897392371, 0.2840780330507490792 ) ) ;
#5963 = SPHERICAL_SURFACE ( 'NONE', #5826, 1.000000000000000000 ) ;
#5965 = STYLED_ITEM ( 'NONE', ( #3237 ), #5038 ) ;
#5966 = CARTESIAN_POINT ( 'NONE',  ( 6.562013185839982832, 0.09597360459458165183, 3.503167958023451600 ) ) ;
#5967 = LINE ( 'NONE', #347, #5351 ) ;
#5968 = DIRECTION ( 'NONE',  ( -1.000000000000000000, 0.000000000000000000, 0.000000000000000000 ) ) ;
#5969 = DIRECTION ( 'NONE',  ( 0.9999960426590095430, -0.002813301676020831150, 0.000000000000000000 ) ) ;
#5970 = MECHANICAL_DESIGN_GEOMETRIC_PRESENTATION_REPRESENTATION (  '', ( #6404 ), #117 ) ;
#5971 = ORIENTED_EDGE ( 'NONE', *, *, #4924, .F. ) ;
#5972 = DIRECTION ( 'NONE',  ( 0.000000000000000000, 0.000000000000000000, -1.000000000000000000 ) ) ;
#5973 = PRESENTATION_STYLE_ASSIGNMENT (( #351 ) ) ;
#5974 = CARTESIAN_POINT ( 'NONE',  ( 7.108487227766852712, 0.3560760607386992960, 3.128888795304087367 ) ) ;
#5975 = CARTESIAN_POINT ( 'NONE',  ( 0.9791522016811564644, 0.9767945442781230669, -1.156410989597291676E-17 ) ) ;
#5976 = EDGE_CURVE ( 'NONE', #5623, #4726, #1607, .T. ) ;
#5977 = CARTESIAN_POINT ( 'NONE',  ( 0.1940746580362534279, 0.1479260021413126291, 0.6160539466560627231 ) ) ;
#5978 =( GEOMETRIC_REPRESENTATION_CONTEXT ( 3 ) GLOBAL_UNCERTAINTY_ASSIGNED_CONTEXT ( ( #3800 ) ) GLOBAL_UNIT_ASSIGNED_CONTEXT ( ( #807, #2865, #6021 ) ) REPRESENTATION_CONTEXT ( 'NONE', 'WORKASPACE' ) );
#5979 = DIRECTION ( 'NONE',  ( -0.9610876102172869473, 0.2762437428917157156, 0.000000000000000000 ) ) ;
#5980 = CARTESIAN_POINT ( 'NONE',  ( 2.658522697480781627, 3.090525030000000228, 4.070000000000000284 ) ) ;
#5981 = CARTESIAN_POINT ( 'NONE',  ( 5.229047866078156304, -3.442656947334646667, 2.339999999999999858 ) ) ;
#5982 = AXIS2_PLACEMENT_3D ( 'NONE', #5843, #5391, #190 ) ;
#5983 = FILL_AREA_STYLE ('',( #1301 ) ) ;
#5984 = CARTESIAN_POINT ( 'NONE',  ( 4.671910683639892703, -2.561600740389322617, 1.729999999999999982 ) ) ;
#5985 = CIRCLE ( 'NONE', #3043, 0.3050000000000001599 ) ;
#5986 = CARTESIAN_POINT ( 'NONE',  ( 6.605237975584470789, 0.6018216721178013540, 0.1405512610360147852 ) ) ;
#5987 = CARTESIAN_POINT ( 'NONE',  ( 0.5098747719690411850, 0.7549373885292062214, 3.942138605668682239 ) ) ;
#5988 = ORIENTED_EDGE ( 'NONE', *, *, #4206, .T. ) ;
#5989 = CARTESIAN_POINT ( 'NONE',  ( 0.7576131897918680913, 0.7295500079495973456, 0.04295530264622914735 ) ) ;
#5990 = DIRECTION ( 'NONE',  ( 0.000000000000000000, 0.000000000000000000, -1.000000000000000000 ) ) ;
#5991 = CARTESIAN_POINT ( 'NONE',  ( 6.110000000000000320, 1.000000000000000000, 4.070000000000000284 ) ) ;
#5992 = STYLED_ITEM ( 'NONE', ( #2502 ), #1163 ) ;
#5993 =( NAMED_UNIT ( * ) PLANE_ANGLE_UNIT ( ) SI_UNIT ( $, .RADIAN. ) );
#5994 = CARTESIAN_POINT ( 'NONE',  ( 1.427463000134923110, -2.277376178195539502, 2.340000000000000746 ) ) ;
#5995 = CARTESIAN_POINT ( 'NONE',  ( 0.1067181458136804428, 0.4898575508199288220, 3.526104521673125269 ) ) ;
#5996 = ORIENTED_EDGE ( 'NONE', *, *, #4259, .F. ) ;
#5997 = ORIENTED_EDGE ( 'NONE', *, *, #5010, .T. ) ;
#5998 = DIRECTION ( 'NONE',  ( -1.000000000000000000, 0.000000000000000000, 0.000000000000000000 ) ) ;
#5999 = PRESENTATION_STYLE_ASSIGNMENT (( #3430 ) ) ;
#6000 = SURFACE_STYLE_USAGE ( .BOTH. , #3862 ) ;
#6001 = CARTESIAN_POINT ( 'NONE',  ( 6.589820216735374991, 0.4039072931230967556, 3.857572658774368168 ) ) ;
#6002 = SURFACE_SIDE_STYLE ('',( #2879 ) ) ;
#6003 = CARTESIAN_POINT ( 'NONE',  ( 6.063887104610309997, -3.211654731536661700, 2.340000000000000302 ) ) ;
#6004 = CARTESIAN_POINT ( 'NONE',  ( 6.789204750710633007, 0.4837066976270923413, 0.2840780330505366935 ) ) ;
#6005 = FILL_AREA_STYLE_COLOUR ( '', #892 ) ;
#6006 = ORIENTED_EDGE ( 'NONE', *, *, #2076, .T. ) ;
#6007 = DIRECTION ( 'NONE',  ( -1.000000000000000000, 0.000000000000000000, 0.000000000000000000 ) ) ;
#6008 = CARTESIAN_POINT ( 'NONE',  ( 6.892296886857044669, 0.6088812287328096984, 3.696461641724745562 ) ) ;
#6009 = CARTESIAN_POINT ( 'NONE',  ( 6.896400775857435939, 0.02175792303039584402, 3.070000000000000728 ) ) ;
#6010 = CARTESIAN_POINT ( 'NONE',  ( 0.1225218077404746364, 0.1702281818907623034, 0.6944902989185851583 ) ) ;
#6011 = EDGE_CURVE ( 'NONE', #2340, #6037, #2666, .T. ) ;
#6012 = PLANE ( 'NONE',  #4698 ) ;
#6013 = CARTESIAN_POINT ( 'NONE',  ( 6.397802213994790321, 0.4243955686388937720, 0.1818306782461638349 ) ) ;
#6014 = CARTESIAN_POINT ( 'NONE',  ( 4.499849145671947603, -2.126473639938910587, 2.340000000000001190 ) ) ;
#6015 =( GEOMETRIC_REPRESENTATION_CONTEXT ( 3 ) GLOBAL_UNCERTAINTY_ASSIGNED_CONTEXT ( ( #5594 ) ) GLOBAL_UNIT_ASSIGNED_CONTEXT ( ( #1369, #4947, #4370 ) ) REPRESENTATION_CONTEXT ( 'NONE', 'WORKASPACE' ) );
#6016 = CARTESIAN_POINT ( 'NONE',  ( 5.242545448447562428, -2.201103246196137508, 2.340000000000000302 ) ) ;
#6017 = CARTESIAN_POINT ( 'NONE',  ( 6.646389392884502811, 0.6552313004589274126, 0.1567996587189180724 ) ) ;
#6018 = CARTESIAN_POINT ( 'NONE',  ( 0.8154179592678411082, 0.6756079439944564502, 4.016544508530087931 ) ) ;
#6019 = ORIENTED_EDGE ( 'NONE', *, *, #3950, .T. ) ;
#6020 = MECHANICAL_DESIGN_GEOMETRIC_PRESENTATION_REPRESENTATION (  '', ( #4046 ), #2006 ) ;
#6021 =( NAMED_UNIT ( * ) SI_UNIT ( $, .STERADIAN. ) SOLID_ANGLE_UNIT ( ) );
#6022 = CARTESIAN_POINT ( 'NONE',  ( 1.014999999999997016, -3.426829999999996268, 2.034999999999999698 ) ) ;
#6023 = CARTESIAN_POINT ( 'NONE',  ( 1.015247165164533394, -3.388698253309390118, 2.339999999999999858 ) ) ;
#6024 = EDGE_CURVE ( 'NONE', #5414, #3852, #6574, .T. ) ;
#6025 = CARTESIAN_POINT ( 'NONE',  ( 0.5918404415162314969, 0.1836808682103585333, 3.648840062930562400 ) ) ;
#6026 = ORIENTED_EDGE ( 'NONE', *, *, #5320, .T. ) ;
#6027 = ORIENTED_EDGE ( 'NONE', *, *, #4875, .F. ) ;
#6028 = CARTESIAN_POINT ( 'NONE',  ( 3.163674760572764644, 3.354671063943200249, 4.075000000000000178 ) ) ;
#6029 = SURFACE_SIDE_STYLE ('',( #371 ) ) ;
#6030 = CARTESIAN_POINT ( 'NONE',  ( 6.397802213994760123, 0.4243955686388884985, 3.888169321753833785 ) ) ;
#6031 = CARTESIAN_POINT ( 'NONE',  ( 0.6115649086882345431, 0.3974132699056205364, 0.2032812934000523541 ) ) ;
#6032 = VECTOR ( 'NONE', #1259, 1000.000000000000000 ) ;
#6033 = CARTESIAN_POINT ( 'NONE',  ( 6.580655805988929963, 0.05868839865057696309, 3.408987445811423544 ) ) ;
#6034 =( GEOMETRIC_REPRESENTATION_CONTEXT ( 3 ) GLOBAL_UNCERTAINTY_ASSIGNED_CONTEXT ( ( #4293 ) ) GLOBAL_UNIT_ASSIGNED_CONTEXT ( ( #5821, #4285, #1111 ) ) REPRESENTATION_CONTEXT ( 'NONE', 'WORKASPACE' ) );
#6035 = CARTESIAN_POINT ( 'NONE',  ( 6.089661074966337573, -3.314044712266286385, 2.340000000000000746 ) ) ;
#6036 = DIRECTION ( 'NONE',  ( 0.2762033010290822488, 0.9610992334304705453, 0.000000000000000000 ) ) ;
#6037 = VERTEX_POINT ( 'NONE', #848 ) ;
#6038 = CARTESIAN_POINT ( 'NONE',  ( 0.3508774145494477081, 0.6754626853661575003, 0.2390655112254383985 ) ) ;
#6039 =( GEOMETRIC_REPRESENTATION_CONTEXT ( 3 ) GLOBAL_UNCERTAINTY_ASSIGNED_CONTEXT ( ( #2001 ) ) GLOBAL_UNIT_ASSIGNED_CONTEXT ( ( #1691, #1172, #1852 ) ) REPRESENTATION_CONTEXT ( 'NONE', 'WORKASPACE' ) );
#6040 = CARTESIAN_POINT ( 'NONE',  ( 6.990730901690990429, 0.5596313421282818057, 3.543896098957998841 ) ) ;
#6041 = CARTESIAN_POINT ( 'NONE',  ( 6.851340900487992158, 0.07676848221586264620, 3.365601286438841822 ) ) ;
#6042 =( LENGTH_UNIT ( ) NAMED_UNIT ( * ) SI_UNIT ( .MILLI., .METRE. ) );
#6043 = FACE_OUTER_BOUND ( 'NONE', #4103, .T. ) ;
#6044 = DIRECTION ( 'NONE',  ( -1.000000000000000000, 0.000000000000000000, 0.000000000000000000 ) ) ;
#6045 = CARTESIAN_POINT ( 'NONE',  ( 6.110000000000000320, 6.733170000000000321, 3.070000000000000728 ) ) ;
#6046 = EDGE_CURVE ( 'NONE', #6437, #5841, #1427, .T. ) ;
#6047 = CARTESIAN_POINT ( 'NONE',  ( 5.129306663594790372, -2.152794706084732557, 2.340000000000000746 ) ) ;
#6048 = CARTESIAN_POINT ( 'NONE',  ( 6.367980910675942852, 0.7926630198349329248, 0.03635499561022297738 ) ) ;
#6049 = CARTESIAN_POINT ( 'NONE',  ( 0.8245680218457018817, 0.8044198840427002617, 4.048014365305536266 ) ) ;
#6050 = VERTEX_POINT ( 'NONE', #3375 ) ;
#6051 = STYLED_ITEM ( 'NONE', ( #2969 ), #2103 ) ;
#6052 = CARTESIAN_POINT ( 'NONE',  ( 0.8195230657754722925, 0.8093958064284600962, 0.02177153549239702404 ) ) ;
#6053 = CARTESIAN_POINT ( 'NONE',  ( 4.494999999999999218, 0.000000000000000000, 2.035000000000000142 ) ) ;
#6054 = CARTESIAN_POINT ( 'NONE',  ( 6.110000000000000320, 1.000000000000000000, 4.070000000000000284 ) ) ;
#6055 = ADVANCED_FACE ( 'NONE', ( #2844 ), #4430, .T. ) ;
#6056 = CIRCLE ( 'NONE', #5715, 0.3050000000000001599 ) ;
#6057 = CARTESIAN_POINT ( 'NONE',  ( 4.119590172245735538, 3.692512944455525137, 4.075000000000000178 ) ) ;
#6058 = CARTESIAN_POINT ( 'NONE',  ( 1.014999999999997016, -3.426829999999996268, 1.729999999999999982 ) ) ;
#6059 = CARTESIAN_POINT ( 'NONE',  ( 0.3843526433171379209, 0.6032015513506752136, 3.856580374466092476 ) ) ;
#6060 = ORIENTED_EDGE ( 'NONE', *, *, #2508, .T. ) ;
#6061 = ORIENTED_EDGE ( 'NONE', *, *, #623, .F. ) ;
#6062 = CARTESIAN_POINT ( 'NONE',  ( -0.003303359999999502111, -0.007270690000000471637, 4.070000000000000284 ) ) ;
#6063 = CARTESIAN_POINT ( 'NONE',  ( 6.644936668315851946, 0.5200658264973015976, 3.893513853737189834 ) ) ;
#6064 = EDGE_CURVE ( 'NONE', #457, #4466, #5967, .T. ) ;
#6065 =( NAMED_UNIT ( * ) SI_UNIT ( $, .STERADIAN. ) SOLID_ANGLE_UNIT ( ) );
#6066 = PLANE ( 'NONE',  #3636 ) ;
#6067 = VECTOR ( 'NONE', #2252, 1000.000000000000000 ) ;
#6068 = FILL_AREA_STYLE_COLOUR ( '', #1270 ) ;
#6069 = SURFACE_STYLE_FILL_AREA ( #2942 ) ;
#6070 = EDGE_LOOP ( 'NONE', ( #1355, #6688, #5956, #917 ) ) ;
#6071 = CARTESIAN_POINT ( 'NONE',  ( 0.7535623268677470454, 0.8769972830703280930, 0.03034057989930995930 ) ) ;
#6072 = CARTESIAN_POINT ( 'NONE',  ( 7.061627974001195795, 0.5241860122566291968, 3.378775221303492948 ) ) ;
#6074 = CARTESIAN_POINT ( 'NONE',  ( 0.3088292044683274562, 0.3463276595984427497, 0.3388411421260583145 ) ) ;
#6073 = CARTESIAN_POINT ( 'NONE',  ( 0.5552916527674268687, -2.818871312028087939, 1.730000000000000204 ) ) ;
#6075 = ORIENTED_EDGE ( 'NONE', *, *, #4803, .T. ) ;
#6076 = PRESENTATION_LAYER_ASSIGNMENT (  '', '', ( #6404 ) ) ;
#6077 = VERTEX_POINT ( 'NONE', #4939 ) ;
#6078 = AXIS2_PLACEMENT_3D ( 'NONE', #4099, #45, #593 ) ;
#6079 = DIRECTION ( 'NONE',  ( 0.2746918797667246004, 0.9615323037684294638, 0.000000000000000000 ) ) ;
#6080 = SURFACE_STYLE_FILL_AREA ( #2473 ) ;
#6081 = CARTESIAN_POINT ( 'NONE',  ( 6.094999999999994422, -3.426829999999992715, 1.730000000000000204 ) ) ;
#6082 = CARTESIAN_POINT ( 'NONE',  ( 5.131889273177292488, -2.156396289217993978, 1.730000000000000204 ) ) ;
#6083 = CARTESIAN_POINT ( 'NONE',  ( 6.263743703939144147, 0.6925125960828414362, 0.04802706993449756823 ) ) ;
#6084 = CARTESIAN_POINT ( 'NONE',  ( 0.9566013842549185853, 0.9541508155763087640, 4.068996997914491764 ) ) ;
#6085 = ORIENTED_EDGE ( 'NONE', *, *, #5079, .F. ) ;
#6086 = CARTESIAN_POINT ( 'NONE',  ( 0.7817748277818632463, 0.6158555415734960903, 0.07599066211197451348 ) ) ;
#6087 = CARTESIAN_POINT ( 'NONE',  ( 6.148519512151279898, 0.9492464158641065186, 4.068912941375867121 ) ) ;
#6088 = VECTOR ( 'NONE', #2596, 1000.000000000000000 ) ;
#6089 = LINE ( 'NONE', #3425, #5740 ) ;
#6090 = CARTESIAN_POINT ( 'NONE',  ( 7.032075819240683145, 0.5389608688601897901, 0.6126662057276139883 ) ) ;
#6091 = CARTESIAN_POINT ( 'NONE',  ( 0.4777309067458637148, 0.4175542560711867912, 3.854104024203301559 ) ) ;
#6092 = EDGE_LOOP ( 'NONE', ( #2205, #2144, #3869, #5921 ) ) ;
#6093 = ORIENTED_EDGE ( 'NONE', *, *, #5936, .F. ) ;
#6094 = COLOUR_RGB ( '',0.5647058823529411686, 0.3019607843137254721, 0.1294117647058823373 ) ;
#6095 = DIRECTION ( 'NONE',  ( 0.000000000000000000, 0.000000000000000000, -1.000000000000000000 ) ) ;
#6096 = CARTESIAN_POINT ( 'NONE',  ( 6.536405363522587386, 0.6765086120359324884, 3.968907805886281004 ) ) ;
#6098 = CARTESIAN_POINT ( 'NONE',  ( 0.4292258669015770467, 0.4880843625803431007, 0.2053712915912860593 ) ) ;
#6097 = CARTESIAN_POINT ( 'NONE',  ( 4.451399030808618207, 3.354671063942033182, 4.075000000000000178 ) ) ;
#6099 = CARTESIAN_POINT ( 'NONE',  ( 0.03676939253717727979, 0.5184362359607109783, 3.340912658359482368 ) ) ;
#6100 = PRESENTATION_LAYER_ASSIGNMENT (  '', '', ( #1004 ) ) ;
#6101 = ORIENTED_EDGE ( 'NONE', *, *, #5300, .T. ) ;
#6102 = CARTESIAN_POINT ( 'NONE',  ( 0.000000000000000000, 0.5000000000000000000, 1.000000000000000000 ) ) ;
#6103 = CARTESIAN_POINT ( 'NONE',  ( 4.716302853248409477, 3.576280269647910348, 4.075000000000000178 ) ) ;
#6104 = CARTESIAN_POINT ( 'NONE',  ( 7.100204258800602020, 0.3627408952935910480, 3.200196933640319763 ) ) ;
#6105 = EDGE_CURVE ( 'NONE', #2562, #4461, #278, .T. ) ;
#6107 = CARTESIAN_POINT ( 'NONE',  ( 0.4058303855692192985, 0.07698056617581389149, 0.6226262178245671741 ) ) ;
#6106 = CARTESIAN_POINT ( 'NONE',  ( 0.6797683813071139225, -2.654087532358892165, 1.730000000000000426 ) ) ;
#6108 = ADVANCED_FACE ( 'NONE', ( #4459 ), #1392, .F. ) ;
#6109 = FILL_AREA_STYLE ('',( #1529 ) ) ;
#6110 = ORIENTED_EDGE ( 'NONE', *, *, #2523, .T. ) ;
#6111 = DIRECTION ( 'NONE',  ( 0.2729786930694428349, 0.9620200793798946437, 0.000000000000000000 ) ) ;
#6112 = DIRECTION ( 'NONE',  ( 0.000000000000000000, 0.000000000000000000, -1.000000000000000000 ) ) ;
#6113 = DIRECTION ( 'NONE',  ( 0.000000000000000000, 0.000000000000000000, -1.000000000000000000 ) ) ;
#6114 = CARTESIAN_POINT ( 'NONE',  ( 6.286536701511812986, -2.525084792936851841, 1.730000000000000426 ) ) ;
#6115 = CARTESIAN_POINT ( 'NONE',  ( 4.224845895799768769, 3.465937844562223091, 4.075000000000000178 ) ) ;
#6116 = CARTESIAN_POINT ( 'NONE',  ( 6.554708347232567789, -2.818871312028088827, 2.340000000000000302 ) ) ;
#6117 = CARTESIAN_POINT ( 'NONE',  ( 6.392519174776110980, 0.8187233599237316861, 0.04067029028303621035 ) ) ;
#6118 = CARTESIAN_POINT ( 'NONE',  ( 0.8295597665076522853, 0.8471420761546376577, 4.053327564836009422 ) ) ;
#6119 = ORIENTED_EDGE ( 'NONE', *, *, #1944, .F. ) ;
#6120 = CARTESIAN_POINT ( 'NONE',  ( 0.6313325906753124439, 0.7640709638694256345, 0.07066921360057594470 ) ) ;
#6121 = CARTESIAN_POINT ( 'NONE',  ( 6.110000000000000320, 1.000000000000000000, 4.070000000000000284 ) ) ;
#6122 = DIRECTION ( 'NONE',  ( -1.000000000000000000, 0.000000000000000000, 0.000000000000000000 ) ) ;
#6123 = CARTESIAN_POINT ( 'NONE',  ( 6.700343557326370991, 0.2643783488264256909, 0.3508293829499076200 ) ) ;
#6124 = CARTESIAN_POINT ( 'NONE',  ( 0.6032015358797494509, 0.3843526545432300323, 3.856580383408111157 ) ) ;
#6125 = ORIENTED_EDGE ( 'NONE', *, *, #5300, .F. ) ;
#6126 = EDGE_LOOP ( 'NONE', ( #1589, #4266, #554, #6244, #1461 ) ) ;
#6127 = DIRECTION ( 'NONE',  ( 0.000000000000000000, -1.000000000000000000, 0.000000000000000000 ) ) ;
#6128 = CARTESIAN_POINT ( 'NONE',  ( 6.560150008871910465, 0.4410959283864548386, 3.887073772145590578 ) ) ;
#6130 = CARTESIAN_POINT ( 'NONE',  ( 0.6364747256170558698, 0.3639162716138226727, 0.2277916301570857005 ) ) ;
#6129 = CARTESIAN_POINT ( 'NONE',  ( 0.8132924681238047349, 0.6265844989220380468, 0.07232552727605859322 ) ) ;
#6131 = ADVANCED_FACE ( 'NONE', ( #3089 ), #6323, .T. ) ;
#6132 = PRESENTATION_STYLE_ASSIGNMENT (( #4624 ) ) ;
#6133 = ORIENTED_EDGE ( 'NONE', *, *, #1886, .F. ) ;
#6134 = CARTESIAN_POINT ( 'NONE',  ( 3.873989821527943800, 3.090525030000000228, 4.075000000000000178 ) ) ;
#6135 = SURFACE_SIDE_STYLE ('',( #4626 ) ) ;
#6136 = CARTESIAN_POINT ( 'NONE',  ( 7.082999232816549195, 0.2591975897682200491, 3.205460003820151282 ) ) ;
#6138 = CARTESIAN_POINT ( 'NONE',  ( 0.1573368520035474116, 0.3219486238710603243, 0.4904120166100846001 ) ) ;
#6137 = CARTESIAN_POINT ( 'NONE',  ( 4.576642799268681117, 3.090525030000000228, 4.075000000000000178 ) ) ;
#6139 = SURFACE_STYLE_FILL_AREA ( #5983 ) ;
#6140 = AXIS2_PLACEMENT_3D ( 'NONE', #317, #4798, #5972 ) ;
#6141 = UNCERTAINTY_MEASURE_WITH_UNIT (LENGTH_MEASURE( 1.000000000000000082E-05 ), #4579, 'distance_accuracy_value', 'NONE');
#6142 = ORIENTED_EDGE ( 'NONE', *, *, #127, .F. ) ;
#6143 =( GEOMETRIC_REPRESENTATION_CONTEXT ( 3 ) GLOBAL_UNCERTAINTY_ASSIGNED_CONTEXT ( ( #6686 ) ) GLOBAL_UNIT_ASSIGNED_CONTEXT ( ( #5923, #6449, #5852 ) ) REPRESENTATION_CONTEXT ( 'NONE', 'WORKASPACE' ) );
#6144 = CARTESIAN_POINT ( 'NONE',  ( 2.201007013095339637, -2.734408250270128793, 1.729999999999999316 ) ) ;
#6145 = LINE ( 'NONE', #1471, #1474 ) ;
#6146 = CARTESIAN_POINT ( 'NONE',  ( 3.243934446641114189, 3.577927635947331986, 4.070000000000000284 ) ) ;
#6147 = EDGE_CURVE ( 'NONE', #5849, #4758, #3143, .T. ) ;
#6148 = PRESENTATION_STYLE_ASSIGNMENT (( #6693 ) ) ;
#6149 = UNCERTAINTY_MEASURE_WITH_UNIT (LENGTH_MEASURE( 1.000000000000000082E-05 ), #4580, 'distance_accuracy_value', 'NONE');
#6150 = CARTESIAN_POINT ( 'NONE',  ( 6.277866852403255038, 0.7052280000301827112, 0.04396919390923660631 ) ) ;
#6151 = CARTESIAN_POINT ( 'NONE',  ( 0.8209053404189642356, 0.8559737484098148830, 4.052705452436396349 ) ) ;
#6152 = ORIENTED_EDGE ( 'NONE', *, *, #922, .F. ) ;
#6153 = CARTESIAN_POINT ( 'NONE',  ( 0.9067792887580077288, 0.9117930217410544769, 0.005100338106579795604 ) ) ;
#6154 = FACE_OUTER_BOUND ( 'NONE', #1563, .T. ) ;
#6155 = CARTESIAN_POINT ( 'NONE',  ( 1.015247165164533394, -3.388698253309390118, 1.729999999999999982 ) ) ;
#6156 = CARTESIAN_POINT ( 'NONE',  ( 6.857941302886688462, 0.4319407590217261284, 0.3572863297488154677 ) ) ;
#6157 = CARTESIAN_POINT ( 'NONE',  ( 0.5092729097600359189, 0.4529953713464658360, 3.884310535514613694 ) ) ;
#6158 = EDGE_LOOP ( 'NONE', ( #4962, #5664, #6714 ) ) ;
#6159 = PRESENTATION_STYLE_ASSIGNMENT (( #6670 ) ) ;
#6160 = SHAPE_DEFINITION_REPRESENTATION ( #5269, #1120 ) ;
#6161 = CARTESIAN_POINT ( 'NONE',  ( 5.525710719153577699, -3.484313605805705816, 1.730000000000000204 ) ) ;
#6162 =( LENGTH_UNIT ( ) NAMED_UNIT ( * ) SI_UNIT ( .MILLI., .METRE. ) );
#6163 = CARTESIAN_POINT ( 'NONE',  ( 6.338200228278498827, 0.7158905574558445117, 4.025617293224908799 ) ) ;
#6165 = CARTESIAN_POINT ( 'NONE',  ( 0.3378657484156060709, 0.6218495929351223195, 0.2499349071288639312 ) ) ;
#6164 = CARTESIAN_POINT ( 'NONE',  ( 0.5389608688602891551, 0.07792418075942010580, 0.6126662057273827289 ) ) ;
#6166 = VECTOR ( 'NONE', #1456, 1000.000000000000000 ) ;
#6167 = CARTESIAN_POINT ( 'NONE',  ( 0.3560760931651159589, 0.001512769847610713784, 3.069999999999999840 ) ) ;
#6168 = EDGE_LOOP ( 'NONE', ( #6521, #2873, #1721, #6006 ) ) ;
#6169 = FILL_AREA_STYLE_COLOUR ( '', #921 ) ;
#6170 = CARTESIAN_POINT ( 'NONE',  ( 6.648764352206633532, 0.05436478743576384637, 3.397422799576315988 ) ) ;
#6172 = CARTESIAN_POINT ( 'NONE',  ( 0.1563872591095361586, 0.4575493917445460079, 0.4620137166354791325 ) ) ;
#6171 = CARTESIAN_POINT ( 'NONE',  ( 2.356537550416343052, 3.692512944455525137, 4.075000000000000178 ) ) ;
#6173 = DIRECTION ( 'NONE',  ( 0.000000000000000000, -1.000000000000000000, 0.000000000000000000 ) ) ;
#6174 = ORIENTED_EDGE ( 'NONE', *, *, #998, .F. ) ;
#6175 = CARTESIAN_POINT ( 'NONE',  ( 1.015247165164533394, -3.388698253309390118, 1.729999999999999982 ) ) ;
#6176 = CARTESIAN_POINT ( 'NONE',  ( 5.977971168923231993, -3.069200569082300323, 1.730000000000000648 ) ) ;
#6177 = CARTESIAN_POINT ( 'NONE',  ( 6.089661074966337573, -3.314044712266286385, 1.730000000000000870 ) ) ;
#6178 = SURFACE_SIDE_STYLE ('',( #3011 ) ) ;
#6179 = AXIS2_PLACEMENT_3D ( 'NONE', #1669, #4187, #5719 ) ;
#6180 = CARTESIAN_POINT ( 'NONE',  ( 6.276091020629948503, 0.8427443370950665757, 0.01650625943077775257 ) ) ;
#6181 = CARTESIAN_POINT ( 'NONE',  ( 0.9142847427981767305, 0.9042925359842522992, 4.064845152642320159 ) ) ;
#6182 = EDGE_LOOP ( 'NONE', ( #431, #129, #6101, #2348 ) ) ;
#6183 = CARTESIAN_POINT ( 'NONE',  ( 0.9701889080736537663, 0.9403778168077373545, 0.001422164880504487097 ) ) ;
#6184 = CARTESIAN_POINT ( 'NONE',  ( 1.014999999999997016, -3.426829999999996268, 1.729999999999999760 ) ) ;
#6185 = ADVANCED_FACE ( 'NONE', ( #1192 ), #4676, .F. ) ;
#6186 =( LENGTH_UNIT ( ) NAMED_UNIT ( * ) SI_UNIT ( .MILLI., .METRE. ) );
#6187 = CARTESIAN_POINT ( 'NONE',  ( 6.835239941218939741, 0.4493532491700768516, 0.3321441969235714442 ) ) ;
#6188 = CARTESIAN_POINT ( 'NONE',  ( 0.4529952662015246934, 0.5092730338238530274, 3.884310514581451823 ) ) ;
#6189 = ORIENTED_EDGE ( 'NONE', *, *, #2349, .F. ) ;
#6190 = CARTESIAN_POINT ( 'NONE',  ( 0.02305484356102275798, 0.5115274312839462878, 0.7841378393120731483 ) ) ;
#6191 = CARTESIAN_POINT ( 'NONE',  ( 3.884999999999998899, -1.976830000000000087, 1.730000000000000426 ) ) ;
#6192 =( NAMED_UNIT ( * ) PLANE_ANGLE_UNIT ( ) SI_UNIT ( $, .RADIAN. ) );
#6193 = CARTESIAN_POINT ( 'NONE',  ( 6.494144411521269866, 0.7817747709575603166, 3.994009358292840428 ) ) ;
#6194 = AXIS2_PLACEMENT_3D ( 'NONE', #6239, #5236, #582 ) ;
#6195 = CARTESIAN_POINT ( 'NONE',  ( 0.7556451090437202867, 0.5111597003948259443, 0.1269821814251974323 ) ) ;
#6196 = CARTESIAN_POINT ( 'NONE',  ( 2.408195296242511940, 3.090525030000000228, 4.075000000000000178 ) ) ;
#6197 = PRESENTATION_LAYER_ASSIGNMENT (  '', '', ( #1220 ) ) ;
#6198 = CARTESIAN_POINT ( 'NONE',  ( 0.2591975897699275722, 0.02700076718314362717, 3.205460003832135918 ) ) ;
#6199 = DIRECTION ( 'NONE',  ( -1.000000000000000000, -0.000000000000000000, -0.000000000000000000 ) ) ;
#6200 = LINE ( 'NONE', #5679, #2295 ) ;
#6201 = DIRECTION ( 'NONE',  ( 0.9610992334315866525, -0.2762033010251989107, 0.000000000000000000 ) ) ;
#6202 = CARTESIAN_POINT ( 'NONE',  ( 6.908669265236138557, 0.2443856888036093911, 3.594183097945705452 ) ) ;
#6203 = UNCERTAINTY_MEASURE_WITH_UNIT (LENGTH_MEASURE( 1.000000000000000082E-05 ), #6186, 'distance_accuracy_value', 'NONE');
#6204 = CARTESIAN_POINT ( 'NONE',  ( 0.2205382824210505022, 0.5567897756141566568, 0.3718515301099198922 ) ) ;
#6205 = CARTESIAN_POINT ( 'NONE',  ( -0.003303359999999502111, -0.007270690000000471637, 4.075000000000000178 ) ) ;
#6206 = ORIENTED_EDGE ( 'NONE', *, *, #1459, .F. ) ;
#6207 = LINE ( 'NONE', #1051, #4991 ) ;
#6208 = FILL_AREA_STYLE ('',( #4700 ) ) ;
#6209 = LINE ( 'NONE', #39, #716 ) ;
#6210 = ADVANCED_FACE ( 'NONE', ( #4706 ), #5141, .F. ) ;
#6211 = CARTESIAN_POINT ( 'NONE',  ( 6.142362591619239254, 0.9430001359668578331, 0.001305156767233596991 ) ) ;
#6212 = CARTESIAN_POINT ( 'NONE',  ( 0.9803373716601314625, 0.9756046831353162307, 4.070000000000000284 ) ) ;
#6213 = EDGE_LOOP ( 'NONE', ( #4953, #1581, #1861, #316 ) ) ;
#6214 = CARTESIAN_POINT ( 'NONE',  ( 0.9192657265721434490, 0.8993246709600051236, 0.005355854045401848250 ) ) ;
#6215 = SURFACE_STYLE_FILL_AREA ( #1121 ) ;
#6216 = CARTESIAN_POINT ( 'NONE',  ( 1.584289280846417070, -3.484313605805702263, 2.340000000000000302 ) ) ;
#6217 = FILL_AREA_STYLE_COLOUR ( '', #6666 ) ;
#6218 = AXIS2_PLACEMENT_3D ( 'NONE', #6196, #403, #5126 ) ;
#6219 = CARTESIAN_POINT ( 'NONE',  ( 6.763672340401325478, 0.3088292044686178905, 0.3388411421254549083 ) ) ;
#6220 = CARTESIAN_POINT ( 'NONE',  ( 0.6373899819205355310, 0.4368664499260713763, 3.895702093953406830 ) ) ;
#6221 = ORIENTED_EDGE ( 'NONE', *, *, #3499, .T. ) ;
#6222 = CARTESIAN_POINT ( 'NONE',  ( 5.919345574722770564, -3.016415516703254251, 1.730000000000000204 ) ) ;
#6223 = SURFACE_STYLE_FILL_AREA ( #6639 ) ;
#6224 = CARTESIAN_POINT ( 'NONE',  ( 6.404771999969559815, 0.8321331475969756530, 4.026030806090905578 ) ) ;
#6225 = CARTESIAN_POINT ( 'NONE',  ( 0.6263353999101716196, 0.2526465610574757381, 0.3353540919554662825 ) ) ;
#6226 = PRESENTATION_LAYER_ASSIGNMENT (  '', '', ( #2426 ) ) ;
#6227 = EDGE_CURVE ( 'NONE', #2102, #5368, #4670, .T. ) ;
#6228 = PRESENTATION_STYLE_ASSIGNMENT (( #3500 ) ) ;
#6229 =( NAMED_UNIT ( * ) SI_UNIT ( $, .STERADIAN. ) SOLID_ANGLE_UNIT ( ) );
#6230 = ORIENTED_EDGE ( 'NONE', *, *, #6147, .T. ) ;
#6231 = CARTESIAN_POINT ( 'NONE',  ( -0.003303359999999502111, -0.007270690000000471637, 4.069999999999999396 ) ) ;
#6232 = CARTESIAN_POINT ( 'NONE',  ( 2.310000000000000941, -1.976830000000000087, 2.035000000000000142 ) ) ;
#6233 = DIRECTION ( 'NONE',  ( -0.000000000000000000, -0.000000000000000000, -1.000000000000000000 ) ) ;
#6234 = SURFACE_STYLE_FILL_AREA ( #5616 ) ;
#6235 = CARTESIAN_POINT ( 'NONE',  ( 6.553210232723872153, 0.2205382879740365176, 3.698148477203114570 ) ) ;
#6236 = DIRECTION ( 'NONE',  ( 0.000000000000000000, 0.000000000000000000, -1.000000000000000000 ) ) ;
#6237 = CARTESIAN_POINT ( 'NONE',  ( 6.677169249471364587, 0.1195240464003403807, 0.5232557917421786220 ) ) ;
#6238 = PLANE ( 'NONE',  #3615 ) ;
#6239 = CARTESIAN_POINT ( 'NONE',  ( 4.483185878743278785, 3.465937844562223091, 4.075000000000000178 ) ) ;
#6240 = CARTESIAN_POINT ( 'NONE',  ( -0.003303359999999502111, -0.007270690000000471637, 4.070000000000000284 ) ) ;
#6241 = SURFACE_STYLE_FILL_AREA ( #5165 ) ;
#6242 = AXIS2_PLACEMENT_3D ( 'NONE', #2734, #4796, #205 ) ;
#6243 = CARTESIAN_POINT ( 'NONE',  ( 0.7121977860052036702, 0.4243955686388689585, 0.1818306782461756033 ) ) ;
#6244 = ORIENTED_EDGE ( 'NONE', *, *, #258, .T. ) ;
#6245 = MECHANICAL_DESIGN_GEOMETRIC_PRESENTATION_REPRESENTATION (  '', ( #2445 ), #2127 ) ;
#6246 = UNCERTAINTY_MEASURE_WITH_UNIT (LENGTH_MEASURE( 1.000000000000000082E-05 ), #3293, 'distance_accuracy_value', 'NONE');
#6247 = MECHANICAL_DESIGN_GEOMETRIC_PRESENTATION_REPRESENTATION (  '', ( #4505 ), #4555 ) ;
#6248 = CARTESIAN_POINT ( 'NONE',  ( 6.110000000000000320, 1.000000000000000000, 0.000000000000000000 ) ) ;
#6249 = CARTESIAN_POINT ( 'NONE',  ( 0.9791521920378392085, 0.9767945551404371152, 4.070000000000000284 ) ) ;
#6250 = VERTEX_POINT ( 'NONE', #5980 ) ;
#6251 = FACE_OUTER_BOUND ( 'NONE', #3421, .T. ) ;
#6252 = CARTESIAN_POINT ( 'NONE',  ( 1.536779826725151121, -3.518153472730918718, 1.730000000000000426 ) ) ;
#6253 = PRESENTATION_STYLE_ASSIGNMENT (( #5112 ) ) ;
#6254 = SURFACE_SIDE_STYLE ('',( #3717 ) ) ;
#6255 = CARTESIAN_POINT ( 'NONE',  ( 6.692796101666760755, 0.5555294845137720428, 0.1970578222456207118 ) ) ;
#6256 = CARTESIAN_POINT ( 'NONE',  ( 0.6656343730915028623, 0.5830497699902524866, 3.971270022484851392 ) ) ;
#6257 = VERTEX_POINT ( 'NONE', #5904 ) ;
#6258 = CARTESIAN_POINT ( 'NONE',  ( 0.04481223488732734989, 0.1455283342402181046, 0.9411112046959101418 ) ) ;
#6259 = CARTESIAN_POINT ( 'NONE',  ( 5.552154447933728143, -3.507746240469660215, 1.730000000000000426 ) ) ;
#6260 = EDGE_CURVE ( 'NONE', #2461, #2993, #3282, .T. ) ;
#6261 = CARTESIAN_POINT ( 'NONE',  ( 1.314093087799104609, -2.939923179177045931, 2.339999999999999858 ) ) ;
#6262 = CARTESIAN_POINT ( 'NONE',  ( 6.380438830364892233, 0.6629779667211266325, 4.006186957012981331 ) ) ;
#6263 = CARTESIAN_POINT ( 'NONE',  ( 2.658522697480781627, 3.090525030000000228, 4.075000000000000178 ) ) ;
#6264 = CARTESIAN_POINT ( 'NONE',  ( 0.6184980475640163844, 0.8092505837398615842, 3.994378344660066027 ) ) ;
#6265 = CARTESIAN_POINT ( 'NONE',  ( 0.3851855937096889670, 0.04283619258006313851, 3.344082297943551385 ) ) ;
#6266 = VERTEX_POINT ( 'NONE', #3312 ) ;
#6267 = CARTESIAN_POINT ( 'NONE',  ( 3.783037980676932754, 3.692512944455525137, 4.075000000000000178 ) ) ;
#6268 = SURFACE_STYLE_USAGE ( .BOTH. , #2626 ) ;
#6269 = STYLED_ITEM ( 'NONE', ( #6228 ), #2149 ) ;
#6270 = CARTESIAN_POINT ( 'NONE',  ( 6.792634590111235049, 0.1039184188183613633, 3.470330401502716100 ) ) ;
#6271 = CARTESIAN_POINT ( 'NONE',  ( 0.2646633064955704606, 0.5814199113204293612, 0.3208233806049018977 ) ) ;
#6272 = CARTESIAN_POINT ( 'NONE',  ( 7.005463645912731963, 0.1986026311433987113, 0.6968823139132671596 ) ) ;
#6273 = CARTESIAN_POINT ( 'NONE',  ( 3.783037980676932754, 3.692512944455525137, 4.070000000000000284 ) ) ;
#6274 = STYLED_ITEM ( 'NONE', ( #4147 ), #1341 ) ;
#6275 = CARTESIAN_POINT ( 'NONE',  ( 2.185130917455967214, 3.692512944455525137, 4.075000000000000178 ) ) ;
#6276 = CARTESIAN_POINT ( 'NONE',  ( 0.000000000000000000, 5.733170000000000321, 3.070000000000000728 ) ) ;
#6277 = CARTESIAN_POINT ( 'NONE',  ( 1.000000000000000000, 5.733170000000000321, 4.070000000000000284 ) ) ;
#6278 =( NAMED_UNIT ( * ) SI_UNIT ( $, .STERADIAN. ) SOLID_ANGLE_UNIT ( ) );
#6279 =( GEOMETRIC_REPRESENTATION_CONTEXT ( 3 ) GLOBAL_UNCERTAINTY_ASSIGNED_CONTEXT ( ( #5139 ) ) GLOBAL_UNIT_ASSIGNED_CONTEXT ( ( #6681, #4047, #4079 ) ) REPRESENTATION_CONTEXT ( 'NONE', 'WORKASPACE' ) );
#6280 = CARTESIAN_POINT ( 'NONE',  ( 0.4942780518015541524, 0.6150870186997876576, 0.1441368386532745072 ) ) ;
#6281 = LINE ( 'NONE', #1054, #3404 ) ;
#6282 = ORIENTED_EDGE ( 'NONE', *, *, #3096, .F. ) ;
#6283 = CARTESIAN_POINT ( 'NONE',  ( 2.201007013095339637, -2.734408250270128793, 1.729999999999999316 ) ) ;
#6284 = CARTESIAN_POINT ( 'NONE',  ( 6.157071455505011670, 0.9578209132188452157, 0.001014574128154291941 ) ) ;
#6285 = CARTESIAN_POINT ( 'NONE',  ( 1.000000000000000000, 1.000000000000000000, 4.070000000000000284 ) ) ;
#6286 = CARTESIAN_POINT ( 'NONE',  ( 1.014999999999997016, -3.426829999999996268, 2.339999999999999858 ) ) ;
#6287 = CARTESIAN_POINT ( 'NONE',  ( 3.119202238038796260, -2.606592368049553521, 2.339999999999999858 ) ) ;
#6288 = CIRCLE ( 'NONE', #3456, 0.3050000000000001599 ) ;
#6289 = CARTESIAN_POINT ( 'NONE',  ( 4.671910683639892703, -2.561600740389322617, 1.729999999999999982 ) ) ;
#6290 = STYLED_ITEM ( 'NONE', ( #3963 ), #1120 ) ;
#6291 = VECTOR ( 'NONE', #4931, 1000.000000000000000 ) ;
#6292 = CARTESIAN_POINT ( 'NONE',  ( 6.596210834347028040, 0.5397003063700357428, 0.1489313607910686676 ) ) ;
#6293 = CARTESIAN_POINT ( 'NONE',  ( 0.6115648901469183940, 0.3974132837793454831, 3.866718717004951067 ) ) ;
#6294 = ORIENTED_EDGE ( 'NONE', *, *, #5976, .F. ) ;
#6295 = CARTESIAN_POINT ( 'NONE',  ( 0.4999999513001466278, 0.000000000000000000, 0.9411112046959204669 ) ) ;
#6296 = CARTESIAN_POINT ( 'NONE',  ( 3.926662175581037140, -2.399057639724790914, 2.340000000000000746 ) ) ;
#6297 = CARTESIAN_POINT ( 'NONE',  ( 6.392519081426826233, 0.8187232623939760812, 4.029329731465953301 ) ) ;
#6298 = CARTESIAN_POINT ( 'NONE',  ( 0.000000000000000000, 0.5000000000000000000, 3.070000000000000728 ) ) ;
#6299 = MECHANICAL_DESIGN_GEOMETRIC_PRESENTATION_REPRESENTATION (  '', ( #3134 ), #6411 ) ;
#6300 = CARTESIAN_POINT ( 'NONE',  ( 2.013002443880638648, -2.794514615189089390, 1.730000000000000204 ) ) ;
#6301 = CARTESIAN_POINT ( 'NONE',  ( 0.05868839865058039090, 0.5293441940110652499, 3.408987445811432426 ) ) ;
#6302 = ORIENTED_EDGE ( 'NONE', *, *, #4704, .T. ) ;
#6303 = FACE_OUTER_BOUND ( 'NONE', #4165, .T. ) ;
#6304 =( NAMED_UNIT ( * ) SI_UNIT ( $, .STERADIAN. ) SOLID_ANGLE_UNIT ( ) );
#6305 = PRESENTATION_LAYER_ASSIGNMENT (  '', '', ( #2393 ) ) ;
#6306 = CARTESIAN_POINT ( 'NONE',  ( 2.455873737737415574, 3.417388129336547564, 4.075000000000000178 ) ) ;
#6307 = CARTESIAN_POINT ( 'NONE',  ( 6.845621651173518174, 0.4096564426738399378, 3.719170617050416183 ) ) ;
#6308 = CARTESIAN_POINT ( 'NONE',  ( 1.014999999999998126, -10.42682999999999716, 2.034999999999999698 ) ) ;
#6309 = CARTESIAN_POINT ( 'NONE',  ( 0.5802899668880142636, 0.1605370186873822380, 3.614437833862051530 ) ) ;
#6310 = PRESENTATION_LAYER_ASSIGNMENT (  '', '', ( #2175 ) ) ;
#6311 = CARTESIAN_POINT ( 'NONE',  ( 0.5000000000000000000, 0.000000000000000000, 1.288833333333332165 ) ) ;
#6312 = FACE_OUTER_BOUND ( 'NONE', #6575, .T. ) ;
#6313 = DIRECTION ( 'NONE',  ( 1.000000000000000000, 0.000000000000000000, 0.000000000000000000 ) ) ;
#6314 = EDGE_CURVE ( 'NONE', #4444, #6372, #2503, .T. ) ;
#6315 = FILL_AREA_STYLE_COLOUR ( '', #5068 ) ;
#6316 = AXIS2_PLACEMENT_3D ( 'NONE', #4280, #1216, #3266 ) ;
#6317 = CARTESIAN_POINT ( 'NONE',  ( 0.6984653481110736362, 0.3969306938646374738, 0.2017452242158403741 ) ) ;
#6318 = CARTESIAN_POINT ( 'NONE',  ( 7.108487231950706864, 0.3560761323082099472, 0.9999999999999997780 ) ) ;
#6319 = ADVANCED_FACE ( 'NONE', ( #4371 ), #2890, .T. ) ;
#6320 = CARTESIAN_POINT ( 'NONE',  ( 6.199118242821497482, 0.8608664408088234632, 0.009697153491502547018 ) ) ;
#6321 = CARTESIAN_POINT ( 'NONE',  ( 4.451399030808618207, 3.354671063942033182, 4.075000000000000178 ) ) ;
#6322 = CARTESIAN_POINT ( 'NONE',  ( 2.439916087112175447, -3.300831653889074957, 2.339999999999999414 ) ) ;
#6323 = B_SPLINE_SURFACE_WITH_KNOTS ( 'NONE', 3, 3, ( 
 ( #1587, #5708, #6167, #1071, #942, #5028, #404, #2529, #4007, #1460, #5649, #5576, #1558, #499 ),
 ( #2459, #2056, #4524, #6607, #976, #4594, #6677, #5676, #3595, #5057, #1492, #1040, #2561, #437 ),
 ( #3538, #4109, #4561, #6198, #6644, #3031, #6335, #4312, #1720, #1135, #6407, #2119, #3260, #4787 ),
 ( #3159, #637, #667, #1617, #606, #3757, #5260, #3223, #701, #3792, #2181, #2758, #5742, #5327 ),
 ( #2691, #4174, #6265, #3727, #3656, #6370, #5813, #1758, #1688, #195, #5293, #3691, #5885, #2656 ),
 ( #5188, #1168, #4757, #2723, #3123, #96, #572, #4822, #1657, #4211, #2245, #4240, #126, #4725 ),
 ( #2623, #1208, #5848, #1104, #5778, #5224, #157, #2212, #3189, #4272, #2153, #4690, #61, #6301 ),
 ( #6509, #2416, #1917, #843, #3298, #1822, #3858, #4988, #1315, #4959, #1850, #4892, #5995, #3364 ),
 ( #1789, #2347, #1244, #1353, #3824, #3427, #1881, #5365, #4421, #234, #2316, #3894, #268, #6479 ),
 ( #6025, #6565, #4385, #336, #5919, #6541, #4482, #3398, #5470, #2832, #5438, #2384, #5955, #4451 ),
 ( #812, #3929, #2871, #1382, #2902, #4927, #3960, #5501, #867, #305, #2932, #742, #2796, #369 ),
 ( #4857, #2284, #4355, #6445, #1279, #3327, #5398, #775, #6700, #430, #5604, #3995, #4551, #1032 ),
 ( #1000, #463, #5668, #4583, #1948, #965, #6634, #3021, #521, #5638, #933, #3051, #2962, #5081 ),
 ( #3079, #5146, #2582, #4617, #5020, #6091, #395, #2486, #1451, #5116, #5049, #3492, #19, #6668 ),
 ( #2450, #6598, #2992, #2048, #4516, #901, #2519, #1986, #3528, #1484, #2081, #2014, #5568, #3562 ),
 ( #490, #4030, #6124, #4068, #2551, #6157, #1513, #4102, #6188, #1549, #3587, #6059, #4649, #1415 ),
 ( #3461, #5536, #6293, #3114, #5178, #4746, #560, #660, #119, #690, #2682, #1200, #6328, #4714 ),
 ( #1609, #3617, #6220, #2170, #1648, #4233, #2748, #1093, #5318, #6362, #2647, #5216, #1711, #3181 ),
 ( #5734, #4265, #3749, #2204, #2714, #2113, #88, #4164, #630, #1680, #2143, #3149, #3719, #4204 ),
 ( #4683, #5252, #4136, #5805, #51, #5840, #4780, #1580, #1161, #2616, #598, #3214, #3683, #5770 ),
 ( #3248, #4812, #1127, #5284, #6256, #151, #187, #5700, #1064, #3647, #2309, #3389, #260, #5987 ),
 ( #1272, #222, #2924, #2861, #3816, #5877, #2788, #5910, #834, #734, #3784, #5946, #2823, #6470 ),
 ( #4983, #3356, #4847, #6503, #3319, #4918, #2274, #765, #2896, #5388, #5431, #3850, #4342, #1305 ),
 ( #860, #6018, #294, #4952, #5462, #2339, #5491, #1374, #3886, #4377, #3420, #327, #6435, #1234 ),
 ( #6397, #6534, #1346, #2375, #3919, #4884, #1814, #803, #4443, #1875, #2238, #4414, #1843, #4303 ),
 ( #1750, #3288, #5356, #1782, #6660, #6049, #4509, #3952, #4060, #5663, #4611, #3014, #421, #4095 ),
 ( #1406, #2544, #2008, #4473, #3520, #5528, #5596, #1907, #6118, #6151, #5013, #2511, #958, #6695 ),
 ( #1477, #5043, #2986, #926, #5071, #456, #2479, #4540, #6626, #3583, #1940, #993, #1445, #1979 ),
 ( #5559, #2041, #1022, #1507, #4576, #6181, #3556, #2955, #4023, #5631, #3047, #1542, #5108, #3987 ),
 ( #482, #390, #3074, #363, #2409, #6559, #6084, #3450, #894, #2441, #6589, #3485, #5209, #1155 ),
 ( #2163, #3713, #5245, #10, #6212, #6249, #2675, #1705, #3677, #553, #5796, #1639, #6355, #3208 ),
 ( #4739, #4157, #5764, #3610, #3641, #5276, #1602, #6285, #81, #5694, #2137, #5727, #3743, #2199 ) ),
 .UNSPECIFIED., .F., .F., .F.,
 ( 4, 2, 2, 2, 2, 2, 2, 2, 2, 2, 2, 2, 2, 2, 2, 4 ),
 ( 4, 2, 2, 2, 2, 2, 4 ),
 ( 0.000000000000000000, 0.1138677236683474092, 0.1708015855025211138, 0.2277354473366948184, 0.3550188418927818224, 0.4186605391708253521, 0.4823022364488688263, 0.5155165454046179985, 0.5487308543603671707, 0.6151594722718655150, 0.6815880901833638594, 0.7480167080948622038, 0.8110125310711466806, 0.8740083540474310464, 0.9370041770237155232, 1.000000000000000000 ),
 ( 0.000000000000000000, 0.2500000000000000000, 0.3750000000000000000, 0.5000000000000000000, 0.6250000000000000000, 0.7500000000000000000, 1.000000000000000000 ),
 .UNSPECIFIED. ) ;
#6324 = UNCERTAINTY_MEASURE_WITH_UNIT (LENGTH_MEASURE( 1.000000000000000082E-05 ), #5896, 'distance_accuracy_value', 'NONE');
#6325 = CARTESIAN_POINT ( 'NONE',  ( 4.908992986904658018, -2.734408250270128793, 2.339999999999999414 ) ) ;
#6326 = SURFACE_STYLE_USAGE ( .BOTH. , #2168 ) ;
#6327 = CARTESIAN_POINT ( 'NONE',  ( 6.693075043968095272, 0.6670000950772788650, 0.1866933560091688094 ) ) ;
#6328 = CARTESIAN_POINT ( 'NONE',  ( 0.3770861311767259583, 0.6439496466093063143, 3.852813668800250557 ) ) ;
#6329 = EDGE_LOOP ( 'NONE', ( #3972, #2417, #4894, #1407 ) ) ;
#6330 = CARTESIAN_POINT ( 'NONE',  ( 0.4335372178172297586, 0.006181492094266536654, 0.8696922316027613231 ) ) ;
#6331 = DIRECTION ( 'NONE',  ( 1.000000000000000000, 0.000000000000000000, 0.000000000000000000 ) ) ;
#6332 = CARTESIAN_POINT ( 'NONE',  ( 6.276090895260565183, 0.8427442124289510339, 4.053493744284703659 ) ) ;
#6333 = CARTESIAN_POINT ( 'NONE',  ( 6.139811091926252296, 0.9403778168077131516, 4.068577835119493891 ) ) ;
#6334 = CARTESIAN_POINT ( 'NONE',  ( 3.225000000000001421, -1.976830000000000087, 1.730000000000000426 ) ) ;
#6335 = CARTESIAN_POINT ( 'NONE',  ( 0.1274638336480740930, 0.07731099353256104534, 3.210336415810401967 ) ) ;
#6336 = ORIENTED_EDGE ( 'NONE', *, *, #2364, .F. ) ;
#6337 = ORIENTED_EDGE ( 'NONE', *, *, #1372, .F. ) ;
#6338 = FILL_AREA_STYLE ('',( #2215 ) ) ;
#6339 = DIRECTION ( 'NONE',  ( 0.000000000000000000, 1.000000000000000000, 0.000000000000000000 ) ) ;
#6340 = DIRECTION ( 'NONE',  ( -0.000000000000000000, -0.000000000000000000, -1.000000000000000000 ) ) ;
#6341 =( GEOMETRIC_REPRESENTATION_CONTEXT ( 3 ) GLOBAL_UNCERTAINTY_ASSIGNED_CONTEXT ( ( #1020 ) ) GLOBAL_UNIT_ASSIGNED_CONTEXT ( ( #1151, #5794, #214 ) ) REPRESENTATION_CONTEXT ( 'NONE', 'WORKASPACE' ) );
#6342 = CARTESIAN_POINT ( 'NONE',  ( 6.891713568446588667, 0.4987609929481366944, 3.690565947212106845 ) ) ;
#6343 = STYLED_ITEM ( 'NONE', ( #583 ), #4127 ) ;
#6344 = EDGE_CURVE ( 'NONE', #2341, #5330, #2625, .T. ) ;
#6345 = CARTESIAN_POINT ( 'NONE',  ( 0.8198228131881859504, 0.6396431081953130038, 4.002818397203913747 ) ) ;
#6346 =( NAMED_UNIT ( * ) SI_UNIT ( $, .STERADIAN. ) SOLID_ANGLE_UNIT ( ) );
#6347 = CARTESIAN_POINT ( 'NONE',  ( 0.8795039601443929156, 0.8920248233982657204, 0.008262719848027923891 ) ) ;
#6348 = EDGE_CURVE ( 'NONE', #599, #703, #3125, .T. ) ;
#6349 = CARTESIAN_POINT ( 'NONE',  ( 0.6125859550342102056, 0.6335023973825582022, 0.09454175572895535951 ) ) ;
#6350 = UNCERTAINTY_MEASURE_WITH_UNIT (LENGTH_MEASURE( 1.000000000000000082E-05 ), #591, 'distance_accuracy_value', 'NONE');
#6351 = CARTESIAN_POINT ( 'NONE',  ( 6.999909291483718654, 0.1585165849747591782, 0.7359768691199838342 ) ) ;
#6352 = ORIENTED_EDGE ( 'NONE', *, *, #3593, .F. ) ;
#6353 = CARTESIAN_POINT ( 'NONE',  ( 6.707588896304748971, 0.7012872847223827755, 0.1956547192533584223 ) ) ;
#6354 = CARTESIAN_POINT ( 'NONE',  ( 6.126011466041188847, 0.9719218440241519374, -1.234803535746543587E-17 ) ) ;
#6355 = CARTESIAN_POINT ( 'NONE',  ( 0.9719218393148544299, 0.9839885362300797578, 4.070000000000000284 ) ) ;
#6356 = PRESENTATION_STYLE_ASSIGNMENT (( #1675 ) ) ;
#6357 = CARTESIAN_POINT ( 'NONE',  ( 1.625242396891817709, -3.391110155043932206, 1.730000000000000204 ) ) ;
#6358 = CIRCLE ( 'NONE', #6140, 0.3050000000000001599 ) ;
#6359 = CARTESIAN_POINT ( 'NONE',  ( 5.485004768272709441, -3.429241901734534359, 2.340000000000000302 ) ) ;
#6360 = MECHANICAL_DESIGN_GEOMETRIC_PRESENTATION_REPRESENTATION (  '', ( #302 ), #6034 ) ;
#6361 = CARTESIAN_POINT ( 'NONE',  ( 6.431515759963602363, 0.3569684789848865392, 0.2340425106239180930 ) ) ;
#6362 = CARTESIAN_POINT ( 'NONE',  ( 0.4790073292412596051, 0.5806577154121072004, 3.913732875942845801 ) ) ;
#6363 = ORIENTED_EDGE ( 'NONE', *, *, #4933, .T. ) ;
#6364 =( GEOMETRIC_REPRESENTATION_CONTEXT ( 3 ) GLOBAL_UNCERTAINTY_ASSIGNED_CONTEXT ( ( #5100 ) ) GLOBAL_UNIT_ASSIGNED_CONTEXT ( ( #778, #5331, #2836 ) ) REPRESENTATION_CONTEXT ( 'NONE', 'WORKASPACE' ) );
#6365 = FACE_OUTER_BOUND ( 'NONE', #5030, .T. ) ;
#6366 = DIRECTION ( 'NONE',  ( 1.000000000000000000, 0.000000000000000000, 0.000000000000000000 ) ) ;
#6367 = CARTESIAN_POINT ( 'NONE',  ( 6.254026251590007135, 0.8209053404190624903, 4.052705452436284439 ) ) ;
#6368 = DIRECTION ( 'NONE',  ( 0.000000000000000000, 0.000000000000000000, -1.000000000000000000 ) ) ;
#6369 = LINE ( 'NONE', #5259, #4373 ) ;
#6370 = CARTESIAN_POINT ( 'NONE',  ( 0.1986029763800933878, 0.1045362405242198645, 3.373117715417992990 ) ) ;
#6371 = ORIENTED_EDGE ( 'NONE', *, *, #5749, .T. ) ;
#6372 = VERTEX_POINT ( 'NONE', #2404 ) ;
#6373 = DIRECTION ( 'NONE',  ( -1.000000000000000000, 0.000000000000000000, 0.000000000000000000 ) ) ;
#6374 = FACE_OUTER_BOUND ( 'NONE', #6636, .T. ) ;
#6375 = CARTESIAN_POINT ( 'NONE',  ( 6.573307360808001931, 0.3921563439629390246, 3.852601511653224620 ) ) ;
#6376 = CARTESIAN_POINT ( 'NONE',  ( 4.401256861493733297, 3.090525030000000228, 4.075000000000000178 ) ) ;
#6378 = CARTESIAN_POINT ( 'NONE',  ( 0.3612736497139291680, 0.4278290918239453511, 0.2706069507338300095 ) ) ;
#6377 = FACE_OUTER_BOUND ( 'NONE', #3611, .T. ) ;
#6379 = CARTESIAN_POINT ( 'NONE',  ( 0.6311094967419212942, 0.2622366520805035073, 3.748665368752113203 ) ) ;
#6380 = DIRECTION ( 'NONE',  ( 0.2755265765474881889, 0.9612934544747617771, 0.000000000000000000 ) ) ;
#6381 = CARTESIAN_POINT ( 'NONE',  ( 3.336523754250167784, 3.692512944455525137, 4.075000000000000178 ) ) ;
#6382 = CARTESIAN_POINT ( 'NONE',  ( 7.088242623719959390, 0.2136016136233358786, 3.128888795304088699 ) ) ;
#6383 = CARTESIAN_POINT ( 'NONE',  ( 0.9529285652105577986, 0.9578208952508423524, 0.001014573668659489057 ) ) ;
#6384 = CARTESIAN_POINT ( 'NONE',  ( 0.4243955686388689585, 0.7121977860052036702, 0.1818306782461756033 ) ) ;
#6385 = VECTOR ( 'NONE', #6340, 1000.000000000000000 ) ;
#6386 = MECHANICAL_DESIGN_GEOMETRIC_PRESENTATION_REPRESENTATION (  '', ( #2794 ), #5609 ) ;
#6387 = CARTESIAN_POINT ( 'NONE',  ( 7.054445650585935645, 0.2817721318891246440, 0.7484342113615042313 ) ) ;
#6388 = FILL_AREA_STYLE ('',( #4874 ) ) ;
#6389 = SURFACE_STYLE_FILL_AREA ( #5348 ) ;
#6390 = CARTESIAN_POINT ( 'NONE',  ( 6.610000048699837372, -8.448075100918586823E-23, 0.9411112046959210220 ) ) ;
#6391 = PRESENTATION_LAYER_ASSIGNMENT (  '', '', ( #5505 ) ) ;
#6392 = DIRECTION ( 'NONE',  ( 1.000000000000000000, 0.000000000000000000, 0.000000000000000000 ) ) ;
#6393 = CARTESIAN_POINT ( 'NONE',  ( 2.549947787222001772, -2.379693537067143261, 1.729999999999999538 ) ) ;
#6394 = CARTESIAN_POINT ( 'NONE',  ( 5.229047866078156304, -3.442656947334646667, 1.730000000000000204 ) ) ;
#6395 = COLOUR_RGB ( '',0.5647058823529411686, 0.3019607843137254721, 0.1294117647058823373 ) ;
#6396 = CARTESIAN_POINT ( 'NONE',  ( 6.438073204527411164, 0.3438535902385618237, 0.2452125173355444443 ) ) ;
#6397 = CARTESIAN_POINT ( 'NONE',  ( 0.8462562960608505103, 0.6925125960828614202, 4.021972930065509821 ) ) ;
#6398 = ORIENTED_EDGE ( 'NONE', *, *, #4402, .T. ) ;
#6399 = ADVANCED_FACE ( 'NONE', ( #5590 ), #5486, .F. ) ;
#6400 = VECTOR ( 'NONE', #2737, 1000.000000000000227 ) ;
#6401 = CARTESIAN_POINT ( 'NONE',  ( 6.180739379951454282, 0.8893570762879262626, 4.063945743650654308 ) ) ;
#6402 = CARTESIAN_POINT ( 'NONE',  ( 3.196409759331552358, 3.205053595892337626, 4.075000000000000178 ) ) ;
#6403 = CARTESIAN_POINT ( 'NONE',  ( 6.963184304933670354, 0.3498474726988552441, 0.4980749440819527418 ) ) ;
#6404 = STYLED_ITEM ( 'NONE', ( #1037 ), #3008 ) ;
#6405 = CARTESIAN_POINT ( 'NONE',  ( 2.438089316360104952, -2.561600740389324393, 1.729999999999999982 ) ) ;
#6406 = COLOUR_RGB ( '',1.000000000000000000, 0.8431372549019607865, 0.1333333333333333315 ) ;
#6407 = CARTESIAN_POINT ( 'NONE',  ( 0.02700076176281244328, 0.2591976237893815482, 3.205460001862047825 ) ) ;
#6408 = ORIENTED_EDGE ( 'NONE', *, *, #2725, .T. ) ;
#6409 = ORIENTED_EDGE ( 'NONE', *, *, #3417, .T. ) ;
#6410 = SURFACE_STYLE_USAGE ( .BOTH. , #639 ) ;
#6411 =( GEOMETRIC_REPRESENTATION_CONTEXT ( 3 ) GLOBAL_UNCERTAINTY_ASSIGNED_CONTEXT ( ( #4574 ) ) GLOBAL_UNIT_ASSIGNED_CONTEXT ( ( #2960, #5046, #1946 ) ) REPRESENTATION_CONTEXT ( 'NONE', 'WORKASPACE' ) );
#6412 = CARTESIAN_POINT ( 'NONE',  ( 6.627196698697344956, 0.3567140260532086216, 3.814097215255166429 ) ) ;
#6413 = CARTESIAN_POINT ( 'NONE',  ( 2.183307831602216087, 3.090525030000000228, 4.075000000000000178 ) ) ;
#6415 = CARTESIAN_POINT ( 'NONE',  ( 0.3985969488901212610, 0.4308090136096497935, 0.2461526293992822301 ) ) ;
#6414 = CARTESIAN_POINT ( 'NONE',  ( 7.110000000000000320, 0.5000000000000000000, 2.379999999999990568 ) ) ;
#6416 = CARTESIAN_POINT ( 'NONE',  ( 4.150388599917829602, 3.205075560774861998, 4.070000000000000284 ) ) ;
#6417 = CARTESIAN_POINT ( 'NONE',  ( 6.094999999999994422, -3.426829999999992715, 2.340000000000000302 ) ) ;
#6418 = DIRECTION ( 'NONE',  ( -0.2745159998572712090, -0.9615825319869131249, 0.000000000000000000 ) ) ;
#6419 = CARTESIAN_POINT ( 'NONE',  ( 7.110000000000000320, 0.4999999513001561757, 3.128888795304078929 ) ) ;
#6420 = CARTESIAN_POINT ( 'NONE',  ( 1.000000000000000000, 1.000000000000000000, 0.000000000000000000 ) ) ;
#6421 = PRESENTATION_LAYER_ASSIGNMENT (  '', '', ( #3141 ) ) ;
#6422 = CARTESIAN_POINT ( 'NONE',  ( 0.09103405057334594541, 0.3083794822954841197, 0.6352281786773865679 ) ) ;
#6423 = AXIS2_PLACEMENT_3D ( 'NONE', #3511, #476, #1017 ) ;
#6424 = CARTESIAN_POINT ( 'NONE',  ( 6.676462750873270124, 0.006181491904914227647, 0.8696922331222123326 ) ) ;
#6425 = CARTESIAN_POINT ( 'NONE',  ( 6.477693349435764247, 0.8161533021733312632, 0.07004923771896029439 ) ) ;
#6426 = FACE_OUTER_BOUND ( 'NONE', #1058, .T. ) ;
#6427 = SURFACE_STYLE_USAGE ( .BOTH. , #2266 ) ;
#6428 = CARTESIAN_POINT ( 'NONE',  ( 5.133671931336646566, -2.159801285602718224, 1.730000000000000426 ) ) ;
#6429 =( NAMED_UNIT ( * ) PLANE_ANGLE_UNIT ( ) SI_UNIT ( $, .RADIAN. ) );
#6430 = CARTESIAN_POINT ( 'NONE',  ( 0.4133792981554905710, -3.216821133043453074, 1.729999999999999760 ) ) ;
#6431 = EDGE_CURVE ( 'NONE', #224, #3191, #4978, .T. ) ;
#6432 = AXIS2_PLACEMENT_3D ( 'NONE', #6653, #6173, #2536 ) ;
#6433 = CARTESIAN_POINT ( 'NONE',  ( 4.670083912887823097, -3.300831653889073625, 2.339999999999999414 ) ) ;
#6434 = CARTESIAN_POINT ( 'NONE',  ( 6.355062611470792433, 0.5098747719690802649, 0.1278613943313011148 ) ) ;
#6435 = CARTESIAN_POINT ( 'NONE',  ( 0.6756078950164147168, 0.8154180134860575802, 4.016544490880217033 ) ) ;
#6436 = ORIENTED_EDGE ( 'NONE', *, *, #6431, .T. ) ;
#6437 = VERTEX_POINT ( 'NONE', #416 ) ;
#6438 = LINE ( 'NONE', #5911, #1983 ) ;
#6439 = CARTESIAN_POINT ( 'NONE',  ( 3.276479083073879472, 3.692512944455525137, 4.075000000000000178 ) ) ;
#6440 = CARTESIAN_POINT ( 'NONE',  ( 0.5000000000000000000, 0.000000000000000000, 2.380000000000005667 ) ) ;
#6441 = CARTESIAN_POINT ( 'NONE',  ( 6.230496039855561108, 0.8920248233981435959, 4.061737280151962004 ) ) ;
#6442 = CARTESIAN_POINT ( 'NONE',  ( 6.325200594876180915, 0.5695988061297954097, 3.973224176183006495 ) ) ;
#6443 = CARTESIAN_POINT ( 'NONE',  ( 7.033231517783553599, 0.2586590995111479607, 0.7043987135597886695 ) ) ;
#6444 = CARTESIAN_POINT ( 'NONE',  ( 1.132028831076766107, -3.069200569082297658, 2.339999999999999858 ) ) ;
#6445 = CARTESIAN_POINT ( 'NONE',  ( 0.4837066864906086061, 0.3207952537079281075, 3.785921969160628731 ) ) ;
#6446 = VERTEX_POINT ( 'NONE', #4468 ) ;
#6447 = ORIENTED_EDGE ( 'NONE', *, *, #4289, .F. ) ;
#6448 = LINE ( 'NONE', #339, #445 ) ;
#6449 =( NAMED_UNIT ( * ) PLANE_ANGLE_UNIT ( ) SI_UNIT ( $, .RADIAN. ) );
#6450 = CARTESIAN_POINT ( 'NONE',  ( 6.840997050717768424, 0.6345014746339718847, 3.753216511655648624 ) ) ;
#6451 = EDGE_CURVE ( 'NONE', #1375, #158, #1972, .T. ) ;
#6452 = FILL_AREA_STYLE ('',( #2842 ) ) ;
#6453 = CARTESIAN_POINT ( 'NONE',  ( 5.795906912200894823, -2.939923179177049928, 2.339999999999999858 ) ) ;
#6454 = FILL_AREA_STYLE_COLOUR ( '', #2555 ) ;
#6455 = FILL_AREA_STYLE ('',( #6005 ) ) ;
#6456 = DIRECTION ( 'NONE',  ( 0.000000000000000000, 1.000000000000000000, 0.000000000000000000 ) ) ;
#6457 = DIRECTION ( 'NONE',  ( -0.05596501978069814282, -0.9984327301130236920, 0.000000000000000000 ) ) ;
#6458 = CARTESIAN_POINT ( 'NONE',  ( 0.9773845534944434199, 0.9785633665985933316, -1.153882132274414876E-17 ) ) ;
#6459 = CARTESIAN_POINT ( 'NONE',  ( 0.05868839865057749045, 0.5293441940110472643, 0.6610125541885747413 ) ) ;
#6460 = COLOUR_RGB ( '',0.8980392156862745390, 0.9215686274509803377, 0.9294117647058823817 ) ;
#6461 = CARTESIAN_POINT ( 'NONE',  ( 7.086945156438976490, 0.5115274312839451776, 0.7841378393120741475 ) ) ;
#6462 = FACE_OUTER_BOUND ( 'NONE', #5586, .T. ) ;
#6463 = VECTOR ( 'NONE', #2669, 1000.000000000000000 ) ;
#6464 = DIRECTION ( 'NONE',  ( 0.2763173343569415019, 0.9610664548999064971, 0.000000000000000000 ) ) ;
#6465 = CARTESIAN_POINT ( 'NONE',  ( 5.499032517735517267, -3.449398524634613494, 2.340000000000000302 ) ) ;
#6466 = CARTESIAN_POINT ( 'NONE',  ( 2.614868535347959710, -2.028836699693395751, 1.730000000000000204 ) ) ;
#6467 = LINE ( 'NONE', #4051, #899 ) ;
#6468 = CARTESIAN_POINT ( 'NONE',  ( 4.671910683639892703, -2.561600740389322617, 2.339999999999999858 ) ) ;
#6469 = CARTESIAN_POINT ( 'NONE',  ( 6.325200594876199567, 0.5695988061298054017, 0.09677582381699094405 ) ) ;
#6470 = CARTESIAN_POINT ( 'NONE',  ( 0.5695988061297728722, 0.7847994051237985325, 3.973224176182995393 ) ) ;
#6471 = ORIENTED_EDGE ( 'NONE', *, *, #3877, .T. ) ;
#6472 = ORIENTED_EDGE ( 'NONE', *, *, #1803, .T. ) ;
#6473 = CARTESIAN_POINT ( 'NONE',  ( 2.538791175249414334, 3.692512944455525137, 4.070000000000000284 ) ) ;
#6474 = MECHANICAL_DESIGN_GEOMETRIC_PRESENTATION_REPRESENTATION (  '', ( #78 ), #6364 ) ;
#6475 = CARTESIAN_POINT ( 'NONE',  ( 6.221100001196648854, 0.8826129746025412892, 4.061823532823553684 ) ) ;
#6476 = COLOUR_RGB ( '',1.000000000000000000, 0.8431372549019607865, 0.1333333333333333315 ) ;
#6477 = CARTESIAN_POINT ( 'NONE',  ( 6.908669533743253766, 0.2443860499052295521, 0.4758169382833192795 ) ) ;
#6478 = CARTESIAN_POINT ( 'NONE',  ( 1.639587906851881938, -3.478229556797518995, 2.340000000000000746 ) ) ;
#6479 = CARTESIAN_POINT ( 'NONE',  ( 0.1277537150284638601, 0.5638768693765034978, 3.564030706394341941 ) ) ;
#6480 = PRESENTATION_LAYER_ASSIGNMENT (  '', '', ( #5037 ) ) ;
#6481 = EDGE_CURVE ( 'NONE', #2925, #4024, #3443, .T. ) ;
#6482 = EDGE_CURVE ( 'NONE', #5357, #5623, #6623, .T. ) ;
#6483 = EDGE_LOOP ( 'NONE', ( #2749, #3124, #2724, #692 ) ) ;
#6484 = CARTESIAN_POINT ( 'NONE',  ( 1.000000000000000000, 5.733170000000000321, 1.000000000000000000 ) ) ;
#6485 = CARTESIAN_POINT ( 'NONE',  ( 6.582489390527350714, 0.3797996246109530127, 3.841815033941899049 ) ) ;
#6486 = SURFACE_STYLE_USAGE ( .BOTH. , #5927 ) ;
#6487 = FACE_OUTER_BOUND ( 'NONE', #6168, .T. ) ;
#6488 = FILL_AREA_STYLE_COLOUR ( '', #3579 ) ;
#6489 = EDGE_LOOP ( 'NONE', ( #4032, #44, #1712 ) ) ;
#6490 =( NAMED_UNIT ( * ) SI_UNIT ( $, .STERADIAN. ) SOLID_ANGLE_UNIT ( ) );
#6491 = DIRECTION ( 'NONE',  ( 0.05375259206908437198, 0.9985542843760946141, 0.000000000000000000 ) ) ;
#6492 = CARTESIAN_POINT ( 'NONE',  ( 1.000000000000000000, 1.000000000000000000, 0.000000000000000000 ) ) ;
#6493 = CARTESIAN_POINT ( 'NONE',  ( 2.201007013095339637, -2.734408250270128793, 1.729999999999999316 ) ) ;
#6494 =( NAMED_UNIT ( * ) SI_UNIT ( $, .STERADIAN. ) SOLID_ANGLE_UNIT ( ) );
#6495 = SURFACE_STYLE_FILL_AREA ( #322 ) ;
#6496 = CARTESIAN_POINT ( 'NONE',  ( 6.594722369106928106, 0.03055524845402596973, 0.7527874212582638114 ) ) ;
#6497 = CARTESIAN_POINT ( 'NONE',  ( 6.026870432484038531, -3.134134918331350494, 2.339999999999999858 ) ) ;
#6498 = PRESENTATION_LAYER_ASSIGNMENT (  '', '', ( #4735 ) ) ;
#6499 = DIRECTION ( 'NONE',  ( 0.000000000000000000, -0.000000000000000000, 1.000000000000000000 ) ) ;
#6500 = CARTESIAN_POINT ( 'NONE',  ( 5.919345574722770564, -3.016415516703254251, 1.730000000000000204 ) ) ;
#6501 = MECHANICAL_DESIGN_GEOMETRIC_PRESENTATION_REPRESENTATION (  '', ( #6274 ), #5282 ) ;
#6502 = CARTESIAN_POINT ( 'NONE',  ( 6.526950357774857103, 0.6656345147113763572, 0.09873000195385936428 ) ) ;
#6503 = CARTESIAN_POINT ( 'NONE',  ( 0.7381136820083673555, 0.6550091188358739824, 4.004788487443191158 ) ) ;
#6504 = VERTEX_POINT ( 'NONE', #383 ) ;
#6505 = ORIENTED_EDGE ( 'NONE', *, *, #3297, .F. ) ;
#6506 = DIRECTION ( 'NONE',  ( 0.2729786930694428349, 0.9620200793798946437, 0.000000000000000000 ) ) ;
#6507 = DIRECTION ( 'NONE',  ( -0.2764273280489778495, -0.9610348236706631742, 0.000000000000000000 ) ) ;
#6508 = CARTESIAN_POINT ( 'NONE',  ( 1.627298551911824820, -3.411268291489120141, 2.339999999999999858 ) ) ;
#6509 = CARTESIAN_POINT ( 'NONE',  ( 0.5479868141600058307, 0.09597360459458094406, 3.503167958023447603 ) ) ;
#6510 = ORIENTED_EDGE ( 'NONE', *, *, #354, .F. ) ;
#6511 = FILL_AREA_STYLE ('',( #4425 ) ) ;
#6512 = CARTESIAN_POINT ( 'NONE',  ( 6.475498525366017333, 0.2690029492822279544, 3.753216511655642407 ) ) ;
#6514 = CARTESIAN_POINT ( 'NONE',  ( 0.4828033013097547954, 0.3567140260616681879, 0.2559027847312549397 ) ) ;
#6513 = CARTESIAN_POINT ( 'NONE',  ( 1.014999999999997016, -3.426829999999996268, 2.339999999999999858 ) ) ;
#6515 = VECTOR ( 'NONE', #3482, 1000.000000000000000 ) ;
#6516 = EDGE_CURVE ( 'NONE', #3080, #2461, #2436, .T. ) ;
#6517 = FACE_OUTER_BOUND ( 'NONE', #377, .T. ) ;
#6518 = SURFACE_STYLE_FILL_AREA ( #5509 ) ;
#6519 = CARTESIAN_POINT ( 'NONE',  ( 6.869980553132679191, 0.5129338288469155183, 0.3533642507630246343 ) ) ;
#6520 =( NAMED_UNIT ( * ) SI_UNIT ( $, .STERADIAN. ) SOLID_ANGLE_UNIT ( ) );
#6521 = ORIENTED_EDGE ( 'NONE', *, *, #4098, .F. ) ;
#6522 =( NAMED_UNIT ( * ) PLANE_ANGLE_UNIT ( ) SI_UNIT ( $, .RADIAN. ) );
#6523 =( NAMED_UNIT ( * ) SI_UNIT ( $, .STERADIAN. ) SOLID_ANGLE_UNIT ( ) );
#6524 = CARTESIAN_POINT ( 'NONE',  ( 0.1986026311440092229, 0.1045363540863705892, 0.6968823139103587083 ) ) ;
#6525 = EDGE_CURVE ( 'NONE', #3024, #4344, #4535, .T. ) ;
#6526 = DIRECTION ( 'NONE',  ( 0.8958676361826812817, -0.4443210308329497149, 0.000000000000000000 ) ) ;
#6527 = CARTESIAN_POINT ( 'NONE',  ( 6.580655805988943285, 0.05868839865057289690, 0.6610125541885868428 ) ) ;
#6528 = PRESENTATION_LAYER_ASSIGNMENT (  '', '', ( #2608 ) ) ;
#6529 = CARTESIAN_POINT ( 'NONE',  ( 5.421875343359019439, -2.237520388003038097, 2.339999999999999858 ) ) ;
#6530 = PRESENTATION_LAYER_ASSIGNMENT (  '', '', ( #5644 ) ) ;
#6531 = ADVANCED_FACE ( 'NONE', ( #4790 ), #1690, .F. ) ;
#6532 = CARTESIAN_POINT ( 'NONE',  ( 6.018593651126932897, -2.361692885623173588, 2.339999999999998970 ) ) ;
#6533 = CARTESIAN_POINT ( 'NONE',  ( 6.494912981300782207, 0.4942780518009137203, 0.1441368386537044965 ) ) ;
#6534 = CARTESIAN_POINT ( 'NONE',  ( 0.8321331475969889757, 0.7052280000304602670, 4.026030806090830083 ) ) ;
#6535 = CARTESIAN_POINT ( 'NONE',  ( 0.7083366757225427746, 0.6361625595765250107, 0.07474781237490715768 ) ) ;
#6536 = FACE_OUTER_BOUND ( 'NONE', #4634, .T. ) ;
#6537 = CARTESIAN_POINT ( 'NONE',  ( 6.110000000000000320, 1.000000000000000000, 4.070000000000000284 ) ) ;
#6538 = COLOUR_RGB ( '',0.5647058823529411686, 0.3019607843137254721, 0.1294117647058823373 ) ;
#6539 = PLANE ( 'NONE',  #1640 ) ;
#6540 = CARTESIAN_POINT ( 'NONE',  ( 0.4050047682727125897, -3.424418098265453736, 2.340000000000000302 ) ) ;
#6541 = CARTESIAN_POINT ( 'NONE',  ( 0.3668499042205486393, 0.2927635992399316711, 3.728393208965989913 ) ) ;
#6542 = ORIENTED_EDGE ( 'NONE', *, *, #2914, .F. ) ;
#6543 = SURFACE_STYLE_FILL_AREA ( #432 ) ;
#6544 =( NAMED_UNIT ( * ) PLANE_ANGLE_UNIT ( ) SI_UNIT ( $, .RADIAN. ) );
#6545 = CARTESIAN_POINT ( 'NONE',  ( 6.529342284588603107, 0.4790073292406664129, 3.913732875941910549 ) ) ;
#6546 = DIRECTION ( 'NONE',  ( 0.000000000000000000, 0.000000000000000000, -1.000000000000000000 ) ) ;
#6547 = CARTESIAN_POINT ( 'NONE',  ( 1.000000000000000000, 5.733170000000000321, 4.070000000000000284 ) ) ;
#6548 = SURFACE_STYLE_USAGE ( .BOTH. , #5029 ) ;
#6549 = EDGE_LOOP ( 'NONE', ( #4387, #1681, #2903, #6608 ) ) ;
#6550 = CARTESIAN_POINT ( 'NONE',  ( 6.949462981313806687, 0.5802899668874930139, 3.614437833860222771 ) ) ;
#6551 = EDGE_CURVE ( 'NONE', #2583, #1211, #2761, .T. ) ;
#6552 = CARTESIAN_POINT ( 'NONE',  ( 6.850802376213801281, 0.02700076175974446685, 3.205460001834888217 ) ) ;
#6553 = CARTESIAN_POINT ( 'NONE',  ( 5.085971851133491484, 3.692512944455525137, 4.075000000000000178 ) ) ;
#6554 = EDGE_CURVE ( 'NONE', #2583, #1235, #2288, .T. ) ;
#6555 = CARTESIAN_POINT ( 'NONE',  ( 5.470412093148114607, -3.478229556797521216, 2.340000000000000302 ) ) ;
#6556 = PRESENTATION_LAYER_ASSIGNMENT (  '', '', ( #5566 ) ) ;
#6557 = CARTESIAN_POINT ( 'NONE',  ( 6.063887104610309109, -3.211654731536661700, 2.340000000000000302 ) ) ;
#6558 = CARTESIAN_POINT ( 'NONE',  ( 6.420158252980320057, 0.6535717394272505532, 0.07246107665706987000 ) ) ;
#6559 = CARTESIAN_POINT ( 'NONE',  ( 0.9578208952508758811, 0.9529285652105941029, 4.068985426331316546 ) ) ;
#6560 = STYLED_ITEM ( 'NONE', ( #6148 ), #3780 ) ;
#6561 = CARTESIAN_POINT ( 'NONE',  ( 0.8321331976919730256, 0.7052279524191196192, 0.04396920913475937942 ) ) ;
#6562 = CYLINDRICAL_SURFACE ( 'NONE', #3129, 1.000000000000000000 ) ;
#6563 = PLANE ( 'NONE',  #3354 ) ;
#6564 = CARTESIAN_POINT ( 'NONE',  ( 1.557845552066266848, -3.507746240469659771, 2.340000000000000302 ) ) ;
#6565 = CARTESIAN_POINT ( 'NONE',  ( 0.5447504732320667120, 0.1997121719265668449, 3.671452389388957016 ) ) ;
#6566 = VERTEX_POINT ( 'NONE', #1723 ) ;
#6567 =( LENGTH_UNIT ( ) NAMED_UNIT ( * ) SI_UNIT ( .MILLI., .METRE. ) );
#6568 = PRESENTATION_STYLE_ASSIGNMENT (( #2387 ) ) ;
#6569 = VECTOR ( 'NONE', #5374, 1000.000000000000000 ) ;
#6570 = CARTESIAN_POINT ( 'NONE',  ( 6.506798448649428579, 0.3843526433164673461, 3.856580374465389927 ) ) ;
#6571 = CARTESIAN_POINT ( 'NONE',  ( 0.5366926391928628082, 0.3921563439651546967, 0.2173984883447565020 ) ) ;
#6572 =( LENGTH_UNIT ( ) NAMED_UNIT ( * ) SI_UNIT ( .MILLI., .METRE. ) );
#6573 = AXIS2_PLACEMENT_3D ( 'NONE', #4142, #6709, #5092 ) ;
#6574 = LINE ( 'NONE', #2880, #4154 ) ;
#6575 = EDGE_LOOP ( 'NONE', ( #6471, #3274, #6282, #4212 ) ) ;
#6576 = CARTESIAN_POINT ( 'NONE',  ( 0.09742659766257862064, 0.5487011021579097925, 0.5691645398921778565 ) ) ;
#6577 = CARTESIAN_POINT ( 'NONE',  ( 3.460931026228863949, 3.626459047104284572, 4.075000000000000178 ) ) ;
#6578 = CARTESIAN_POINT ( 'NONE',  ( 6.594722369106916560, 0.03055524845402983122, 3.317212578741748352 ) ) ;
#6580 = CARTESIAN_POINT ( 'NONE',  ( 0.3064619371313220819, 0.2258227924977799228, 0.4197395273580056263 ) ) ;
#6579 = CARTESIAN_POINT ( 'NONE',  ( 1.976328068663353532, -2.159801285602718668, 1.730000000000000648 ) ) ;
#6581 = ORIENTED_EDGE ( 'NONE', *, *, #6227, .T. ) ;
#6582 = VERTEX_POINT ( 'NONE', #4825 ) ;
#6583 = CARTESIAN_POINT ( 'NONE',  ( 2.610150854328058490, -2.126473639938911475, 1.730000000000000426 ) ) ;
#6584 =( LENGTH_UNIT ( ) NAMED_UNIT ( * ) SI_UNIT ( .MILLI., .METRE. ) );
#6585 = DIRECTION ( 'NONE',  ( -0.2760118818968590459, -0.9611542233438681304, 0.000000000000000000 ) ) ;
#6586 = LINE ( 'NONE', #450, #2487 ) ;
#6587 = CARTESIAN_POINT ( 'NONE',  ( 5.128655669359663882, -2.153446827274946518, 2.340000000000000302 ) ) ;
#6588 = CARTESIAN_POINT ( 'NONE',  ( 6.430834797718264717, 0.7125867048866614262, 0.06192566546103472208 ) ) ;
#6589 = CARTESIAN_POINT ( 'NONE',  ( 0.9492464158640482319, 0.9614804878485273543, 4.068912941375834258 ) ) ;
#6590 = ORIENTED_EDGE ( 'NONE', *, *, #4173, .T. ) ;
#6591 = CARTESIAN_POINT ( 'NONE',  ( 0.7648704129303722787, 0.8659338324489527228, 0.02780524605012069800 ) ) ;
#6592 = CARTESIAN_POINT ( 'NONE',  ( 6.953612746759604057, 0.4575494301574294931, 0.4620137262685084512 ) ) ;
#6593 = PLANE ( 'NONE',  #550 ) ;
#6594 = PRESENTATION_STYLE_ASSIGNMENT (( #3892 ) ) ;
#6595 = COLOUR_RGB ( '',0.5647058823529411686, 0.3019607843137254721, 0.1294117647058823373 ) ;
#6596 = CARTESIAN_POINT ( 'NONE',  ( 7.110000000000002096, 0.4999999439244445787, 0.9321923644889286154 ) ) ;
#6597 = ADVANCED_FACE ( 'NONE', ( #1106 ), #5815, .F. ) ;
#6598 = CARTESIAN_POINT ( 'NONE',  ( 0.6218495929351364193, 0.3378657484153432811, 3.820065092871005596 ) ) ;
#6599 = EDGE_LOOP ( 'NONE', ( #235, #777, #3365, #4150 ) ) ;
#6600 = ORIENTED_EDGE ( 'NONE', *, *, #101, .F. ) ;
#6601 = DIRECTION ( 'NONE',  ( -0.2793947940814895947, -0.9601763114346042460, 0.000000000000000000 ) ) ;
#6602 = AXIS2_PLACEMENT_3D ( 'NONE', #6683, #66, #5618 ) ;
#6603 = CARTESIAN_POINT ( 'NONE',  ( 6.427051645220360321, 0.4440189110898233871, 3.901919882574441889 ) ) ;
#6604 = CARTESIAN_POINT ( 'NONE',  ( 0.6147238750649267613, 0.3249851260234698502, 0.2614885958836026814 ) ) ;
#6605 = CARTESIAN_POINT ( 'NONE',  ( 0.1414578906462762020, 0.5707462164877902255, 3.587057109229861762 ) ) ;
#6606 = VECTOR ( 'NONE', #2907, 1000.000000000000000 ) ;
#6607 = CARTESIAN_POINT ( 'NONE',  ( 0.2491438677150344394, 0.01521956021787778009, 3.128888795304076709 ) ) ;
#6608 = ORIENTED_EDGE ( 'NONE', *, *, #2948, .T. ) ;
#6609 = CARTESIAN_POINT ( 'NONE',  ( 0.1192690983093909474, 0.5596313421284567768, 0.5261039010412904560 ) ) ;
#6610 = LINE ( 'NONE', #533, #6088 ) ;
#6611 = CARTESIAN_POINT ( 'NONE',  ( 6.786443065967978860, 0.6617838083154904405, 3.806531072286885031 ) ) ;
#6612 = CARTESIAN_POINT ( 'NONE',  ( 7.076771126890653463, 0.3789137912873413172, 3.308008626834748167 ) ) ;
#6614 = CARTESIAN_POINT ( 'NONE',  ( 0.1836808682103798496, 0.5918404415162221710, 0.4211599370694017463 ) ) ;
#6613 = CARTESIAN_POINT ( 'NONE',  ( 0.8234632984881824491, -2.525084792936849620, 2.340000000000000302 ) ) ;
#6615 = MECHANICAL_DESIGN_GEOMETRIC_PRESENTATION_REPRESENTATION (  '', ( #4645 ), #2701 ) ;
#6616 = STYLED_ITEM ( 'NONE', ( #1137 ), #6629 ) ;
#6617 =( GEOMETRIC_REPRESENTATION_CONTEXT ( 3 ) GLOBAL_UNCERTAINTY_ASSIGNED_CONTEXT ( ( #6141 ) ) GLOBAL_UNIT_ASSIGNED_CONTEXT ( ( #4579, #4615, #5635 ) ) REPRESENTATION_CONTEXT ( 'NONE', 'WORKASPACE' ) );
#6618 = CARTESIAN_POINT ( 'NONE',  ( 6.089661074966337573, -3.314044712266286385, 1.730000000000000870 ) ) ;
#6619 = DIRECTION ( 'NONE',  ( 0.2740217765954062190, 0.9617234872620596953, 0.000000000000000000 ) ) ;
#6620 = DIRECTION ( 'NONE',  ( -0.2740217765954062190, -0.9617234872620596953, 0.000000000000000000 ) ) ;
#6621 = MECHANICAL_DESIGN_GEOMETRIC_PRESENTATION_REPRESENTATION (  '', ( #2821 ), #3459 ) ;
#6622 = CARTESIAN_POINT ( 'NONE',  ( 5.133671931336646566, -2.159801285602718224, 1.730000000000000426 ) ) ;
#6623 = CIRCLE ( 'NONE', #3890, 0.3050000000000001599 ) ;
#6624 = VECTOR ( 'NONE', #736, 1000.000000000000000 ) ;
#6625 = CARTESIAN_POINT ( 'NONE',  ( 6.270191790546720156, 0.7896224697178456653, 0.02338216360197308344 ) ) ;
#6626 = CARTESIAN_POINT ( 'NONE',  ( 0.8795038866768832841, 0.8920248929340133248, 4.061737276785135187 ) ) ;
#6627 = ORIENTED_EDGE ( 'NONE', *, *, #3417, .F. ) ;
#6628 = CARTESIAN_POINT ( 'NONE',  ( 0.6629781323671564142, 0.7295609928499003916, 0.06381301906177076766 ) ) ;
#6629 = ADVANCED_FACE ( 'NONE', ( #6303 ), #1658, .F. ) ;
#6630 = SURFACE_SIDE_STYLE ('',( #863 ) ) ;
#6631 = CARTESIAN_POINT ( 'NONE',  ( 3.307048709871231118, 3.090525030000000228, 4.075000000000000178 ) ) ;
#6632 = CARTESIAN_POINT ( 'NONE',  ( 0.4133792981554905710, -3.216821133043453074, 1.729999999999999760 ) ) ;
#6633 = CARTESIAN_POINT ( 'NONE',  ( 6.495276113623696723, 0.3249851207011363874, 0.2614886009989145221 ) ) ;
#6634 = CARTESIAN_POINT ( 'NONE',  ( 0.4308090136098852718, 0.3985969488902856850, 3.823847370601243245 ) ) ;
#6635 = ORIENTED_EDGE ( 'NONE', *, *, #3549, .T. ) ;
#6636 = EDGE_LOOP ( 'NONE', ( #3895, #2285, #1009 ) ) ;
#6637 = LINE ( 'NONE', #1420, #4319 ) ;
#6638 = MECHANICAL_DESIGN_GEOMETRIC_PRESENTATION_REPRESENTATION (  '', ( #681 ), #2509 ) ;
#6639 = FILL_AREA_STYLE ('',( #6672 ) ) ;
#6640 = CARTESIAN_POINT ( 'NONE',  ( 6.629144358909958790, 0.7404278229014261692, 3.925106382283384931 ) ) ;
#6642 = CARTESIAN_POINT ( 'NONE',  ( 0.5275106094690237279, 0.3797996246063931602, 0.2281849660654413081 ) ) ;
#6641 = DIRECTION ( 'NONE',  ( 0.000000000000000000, 1.000000000000000000, 0.000000000000000000 ) ) ;
#6643 = PRESENTATION_LAYER_ASSIGNMENT (  '', '', ( #4570 ) ) ;
#6644 = CARTESIAN_POINT ( 'NONE',  ( 0.2247106573362855908, 0.03476587778969860570, 3.207117697124472144 ) ) ;
#6645 = VERTEX_POINT ( 'NONE', #1385 ) ;
#6646 =( LENGTH_UNIT ( ) NAMED_UNIT ( * ) SI_UNIT ( .MILLI., .METRE. ) );
#6647 = PLANE ( 'NONE',  #1865 ) ;
#6648 = CARTESIAN_POINT ( 'NONE',  ( 7.110000000000001208, 0.4999998878239539923, 3.205645449662224866 ) ) ;
#6649 = CARTESIAN_POINT ( 'NONE',  ( 6.885291118948452471, 0.03476627663553746861, 3.207117691228387191 ) ) ;
#6651 = CARTESIAN_POINT ( 'NONE',  ( 0.4670169471949111029, 0.06585031743453377551, 0.6410416478436039567 ) ) ;
#6650 = LINE ( 'NONE', #5097, #4638 ) ;
#6652 = EDGE_LOOP ( 'NONE', ( #328, #5660, #6678, #4715 ) ) ;
#6653 = CARTESIAN_POINT ( 'NONE',  ( 6.110000000000000320, 0.000000000000000000, 1.000000000000000000 ) ) ;
#6654 = VERTEX_POINT ( 'NONE', #3429 ) ;
#6655 = PRESENTATION_STYLE_ASSIGNMENT (( #3576 ) ) ;
#6656 = CARTESIAN_POINT ( 'NONE',  ( 4.908992986904658018, -2.734408250270128793, 1.729999999999999760 ) ) ;
#6657 = CARTESIAN_POINT ( 'NONE',  ( 5.576474546506592134, -2.877802867496531469, 1.730000000000000426 ) ) ;
#6658 =( NAMED_UNIT ( * ) SI_UNIT ( $, .STERADIAN. ) SOLID_ANGLE_UNIT ( ) );
#6659 = CARTESIAN_POINT ( 'NONE',  ( 6.232804976140110753, 0.7543900526677507212, 0.03041327692952772513 ) ) ;
#6660 = CARTESIAN_POINT ( 'NONE',  ( 0.8347106692023681385, 0.7945331402481307093, 4.047209048880334947 ) ) ;
#6661 = ORIENTED_EDGE ( 'NONE', *, *, #2391, .F. ) ;
#6662 = CARTESIAN_POINT ( 'NONE',  ( 0.7640710720163934599, 0.6313324960759908455, 0.07066924200378399412 ) ) ;
#6663 = COLOUR_RGB ( '',0.5647058823529411686, 0.3019607843137254721, 0.1294117647058823373 ) ;
#6664 = FILL_AREA_STYLE ('',( #6217 ) ) ;
#6665 = CARTESIAN_POINT ( 'NONE',  ( 7.110000000000000320, 0.5000000000000000000, 0.9999999999999711342 ) ) ;
#6666 = COLOUR_RGB ( '',0.5647058823529411686, 0.3019607843137254721, 0.1294117647058823373 ) ;
#6667 = CARTESIAN_POINT ( 'NONE',  ( 6.765804652178036172, 0.5008676710834428780, 0.2612317509843447016 ) ) ;
#6668 = CARTESIAN_POINT ( 'NONE',  ( 0.3053614405555037936, 0.6526807202707037847, 3.789575002928433189 ) ) ;
#6669 = UNCERTAINTY_MEASURE_WITH_UNIT (LENGTH_MEASURE( 1.000000000000000082E-05 ), #6646, 'distance_accuracy_value', 'NONE');
#6670 = SURFACE_STYLE_USAGE ( .BOTH. , #2488 ) ;
#6671 = CARTESIAN_POINT ( 'NONE',  ( 3.990797761961201395, -2.606592368049555741, 2.340000000000000746 ) ) ;
#6672 = FILL_AREA_STYLE_COLOUR ( '', #4868 ) ;
#6673 = CARTESIAN_POINT ( 'NONE',  ( 6.685604431361092281, 0.7121977860052338682, 3.888169321753851548 ) ) ;
#6674 = CARTESIAN_POINT ( 'NONE',  ( 0.5200659521588039125, 0.4650632244396513681, 0.1764861671861765735 ) ) ;
#6675 = DIRECTION ( 'NONE',  ( -0.6995643972269062205, 0.7145695586383143949, 0.000000000000000000 ) ) ;
#6676 = EDGE_CURVE ( 'NONE', #1211, #338, #6448, .T. ) ;
#6677 = CARTESIAN_POINT ( 'NONE',  ( 0.1129100940355768773, 0.06208980984403569825, 3.128888795304077597 ) ) ;
#6678 = ORIENTED_EDGE ( 'NONE', *, *, #4890, .F. ) ;
#6679 = CARTESIAN_POINT ( 'NONE',  ( 0.02801725078450263348, 0.5140466025398013894, 0.7263905188340824548 ) ) ;
#6680 =( LENGTH_UNIT ( ) NAMED_UNIT ( * ) SI_UNIT ( .MILLI., .METRE. ) );
#6681 =( LENGTH_UNIT ( ) NAMED_UNIT ( * ) SI_UNIT ( .MILLI., .METRE. ) );
#6682 = CARTESIAN_POINT ( 'NONE',  ( 6.860681690630550555, 0.06500743583086172894, 3.325809885616608064 ) ) ;
#6684 = CARTESIAN_POINT ( 'NONE',  ( 0.3552951776487997537, 0.1979479144240987309, 0.4302658862333114675 ) ) ;
#6683 = CARTESIAN_POINT ( 'NONE',  ( 2.615000000000001101, -1.976830000000000087, 2.035000000000000142 ) ) ;
#6685 = PRESENTATION_LAYER_ASSIGNMENT (  '', '', ( #4271 ) ) ;
#6686 = UNCERTAINTY_MEASURE_WITH_UNIT (LENGTH_MEASURE( 1.000000000000000082E-05 ), #5923, 'distance_accuracy_value', 'NONE');
#6687 = LINE ( 'NONE', #2034, #5249 ) ;
#6688 = ORIENTED_EDGE ( 'NONE', *, *, #2780, .T. ) ;
#6689 = AXIS2_PLACEMENT_3D ( 'NONE', #3495, #1386, #4990 ) ;
#6690 = FILL_AREA_STYLE_COLOUR ( '', #1762 ) ;
#6691 = EDGE_CURVE ( 'NONE', #4859, #5947, #4454, .T. ) ;
#6692 = CARTESIAN_POINT ( 'NONE',  ( 6.063887104610309997, -3.211654731536661700, 1.729999999999999982 ) ) ;
#6693 = SURFACE_STYLE_USAGE ( .BOTH. , #6178 ) ;
#6694 = CARTESIAN_POINT ( 'NONE',  ( 6.404772047580770788, 0.8321331976921017004, 0.04396920913469636732 ) ) ;
#6695 = CARTESIAN_POINT ( 'NONE',  ( 0.7856287272240427555, 0.8928143613030855574, 4.046880152285977417 ) ) ;
#6696 = VERTEX_POINT ( 'NONE', #3464 ) ;
#6697 = CARTESIAN_POINT ( 'NONE',  ( 0.9651595055560848735, 0.9455244009714582898, 0.001200366615939914977 ) ) ;
#6698 = CARTESIAN_POINT ( 'NONE',  ( 0.000000000000000000, 6.733170000000000321, 4.070000000000000284 ) ) ;
#6699 = CARTESIAN_POINT ( 'NONE',  ( 6.801142682543489748, 0.5557829185960987406, 0.2799420674118860974 ) ) ;
#6700 = CARTESIAN_POINT ( 'NONE',  ( 0.3612735450801148329, 0.4278292223225151347, 3.799393028732811040 ) ) ;
#6701 = ORIENTED_EDGE ( 'NONE', *, *, #4305, .T. ) ;
#6702 = CARTESIAN_POINT ( 'NONE',  ( 4.193095656005081828, 3.354671063942033182, 4.075000000000000178 ) ) ;
#6703 = CARTESIAN_POINT ( 'NONE',  ( 5.499032517735517267, -3.449398524634613494, 1.730000000000000870 ) ) ;
#6704 = PLANE ( 'NONE',  #4323 ) ;
#6705 = CARTESIAN_POINT ( 'NONE',  ( 6.277866802308053273, 0.7052279524190115945, 4.026030790865192444 ) ) ;
#6706 = CARTESIAN_POINT ( 'NONE',  ( 0.6538904593797437714, 0.3077789602787122658, 0.2782785939311734902 ) ) ;
#6707 = VECTOR ( 'NONE', #5478, 1000.000000000000114 ) ;
#6708 = CARTESIAN_POINT ( 'NONE',  ( 0.2699287684754932970, 0.6349700294535753908, 3.753753647163922125 ) ) ;
#6709 = DIRECTION ( 'NONE',  ( -0.9615323037684294638, 0.2746918797667246004, 0.000000000000000000 ) ) ;
#6710 =( NAMED_UNIT ( * ) SI_UNIT ( $, .STERADIAN. ) SOLID_ANGLE_UNIT ( ) );
#6711 = CARTESIAN_POINT ( 'NONE',  ( 6.562013185839982832, 0.09597360459458165183, 3.503167958023451600 ) ) ;
#6712 = EDGE_CURVE ( 'NONE', #2956, #1235, #4424, .T. ) ;
#6713 = SURFACE_SIDE_STYLE ('',( #5658 ) ) ;
#6714 = ORIENTED_EDGE ( 'NONE', *, *, #2612, .F. ) ;
#6715 = CARTESIAN_POINT ( 'NONE',  ( 4.401256861493733297, 3.090525030000000228, 4.075000000000000178 ) ) ;
ENDSEC;
END-ISO-10303-21;
