ISO-10303-21;
HEADER;
FILE_DESCRIPTION (( 'STEP AP214' ),
    '1' );
FILE_NAME ('CFR_RB3_7.2X6.5X2.5_L7.2H6.5T2.5S5LL5F0.5.STEP',
    '2020-05-19T17:59:11',
    ( '' ),
    ( '' ),
    'SwSTEP 2.0',
    'SolidWorks 2014',
    '' );
FILE_SCHEMA (( 'AUTOMOTIVE_DESIGN' ));
ENDSEC;

DATA;
#1 =( LENGTH_UNIT ( ) NAMED_UNIT ( * ) SI_UNIT ( .MILLI., .METRE. ) );
#2 = LINE ( 'NONE', #1099, #1181 ) ;
#3 = ORIENTED_EDGE ( 'NONE', *, *, #1820, .F. ) ;
#4 = LINE ( 'NONE', #1021, #138 ) ;
#5 = VECTOR ( 'NONE', #2875, 999.9999999999998900 ) ;
#6 = LINE ( 'NONE', #2455, #918 ) ;
#7 = CARTESIAN_POINT ( 'NONE',  ( 3.628189149030495800, 3.027264753342405100, 2.504999999999999900 ) ) ;
#8 =( LENGTH_UNIT ( ) NAMED_UNIT ( * ) SI_UNIT ( .MILLI., .METRE. ) );
#9 = ORIENTED_EDGE ( 'NONE', *, *, #1070, .T. ) ;
#10 = FACE_OUTER_BOUND ( 'NONE', #2859, .T. ) ;
#11 = DIRECTION ( 'NONE',  ( 1.000000000000000000, 0.0000000000000000000, 0.0000000000000000000 ) ) ;
#12 = DIRECTION ( 'NONE',  ( 0.0000000000000000000, 0.0000000000000000000, 1.000000000000000000 ) ) ;
#13 = PLANE ( 'NONE',  #776 ) ;
#14 = EDGE_CURVE ( 'NONE', #252, #371, #1666, .T. ) ;
#15 = ORIENTED_EDGE ( 'NONE', *, *, #620, .F. ) ;
#16 = EDGE_LOOP ( 'NONE', ( #1409, #440, #1572, #15, #628, #1557, #2580, #1748 ) ) ;
#17 =( LENGTH_UNIT ( ) NAMED_UNIT ( * ) SI_UNIT ( .MILLI., .METRE. ) );
#18 = VERTEX_POINT ( 'NONE', #1720 ) ;
#19 =( GEOMETRIC_REPRESENTATION_CONTEXT ( 3 ) GLOBAL_UNCERTAINTY_ASSIGNED_CONTEXT ( ( #1035 ) ) GLOBAL_UNIT_ASSIGNED_CONTEXT ( ( #436, #2326, #2104 ) ) REPRESENTATION_CONTEXT ( 'NONE', 'WORKASPACE' ) );
#20 = ORIENTED_EDGE ( 'NONE', *, *, #35, .F. ) ;
#21 = FILL_AREA_STYLE ('',( #398 ) ) ;
#22 =( LENGTH_UNIT ( ) NAMED_UNIT ( * ) SI_UNIT ( .MILLI., .METRE. ) );
#23 = PRESENTATION_LAYER_ASSIGNMENT (  '', '', ( #1127 ) ) ;
#24 = ORIENTED_EDGE ( 'NONE', *, *, #1117, .T. ) ;
#25 = DIRECTION ( 'NONE',  ( 0.0000000000000000000, 0.0000000000000000000, -1.000000000000000000 ) ) ;
#26 = ORIENTED_EDGE ( 'NONE', *, *, #2280, .T. ) ;
#27 = SURFACE_SIDE_STYLE ('',( #872 ) ) ;
#28 = ADVANCED_FACE ( 'NONE', ( #394 ), #2164, .F. ) ;
#29 = EDGE_LOOP ( 'NONE', ( #60, #1191, #1336, #2771 ) ) ;
#30 =( NAMED_UNIT ( * ) PLANE_ANGLE_UNIT ( ) SI_UNIT ( $, .RADIAN. ) );
#31 = EDGE_CURVE ( 'NONE', #780, #1834, #143, .T. ) ;
#32 = LINE ( 'NONE', #2167, #2869 ) ;
#33 = DIRECTION ( 'NONE',  ( -0.2762033010252004700, -0.9610992334315861000, -0.0000000000000000000 ) ) ;
#34 = FACE_OUTER_BOUND ( 'NONE', #2315, .T. ) ;
#35 = EDGE_CURVE ( 'NONE', #2068, #328, #613, .T. ) ;
#36 = DIRECTION ( 'NONE',  ( 0.0000000000000000000, 0.0000000000000000000, -1.000000000000000000 ) ) ;
#37 = VECTOR ( 'NONE', #1586, 1000.000000000000000 ) ;
#38 = PLANE ( 'NONE',  #461 ) ;
#39 = LINE ( 'NONE', #460, #1509 ) ;
#40 = FACE_OUTER_BOUND ( 'NONE', #1125, .T. ) ;
#41 = FACE_OUTER_BOUND ( 'NONE', #463, .T. ) ;
#42 = VECTOR ( 'NONE', #2468, 1000.000000000000000 ) ;
#43 =( NAMED_UNIT ( * ) SI_UNIT ( $, .STERADIAN. ) SOLID_ANGLE_UNIT ( ) );
#44 = STYLED_ITEM ( 'NONE', ( #2839 ), #984 ) ;
#45 = ORIENTED_EDGE ( 'NONE', *, *, #1347, .F. ) ;
#46 = VERTEX_POINT ( 'NONE', #1003 ) ;
#47 = ORIENTED_EDGE ( 'NONE', *, *, #1084, .F. ) ;
#48 =( NAMED_UNIT ( * ) SI_UNIT ( $, .STERADIAN. ) SOLID_ANGLE_UNIT ( ) );
#49 = ORIENTED_EDGE ( 'NONE', *, *, #2763, .T. ) ;
#50 = DIRECTION ( 'NONE',  ( -0.0000000000000000000, -0.0000000000000000000, -1.000000000000000000 ) ) ;
#51 = EDGE_CURVE ( 'NONE', #400, #2245, #1988, .T. ) ;
#52 = EDGE_LOOP ( 'NONE', ( #2093, #2120, #256, #407 ) ) ;
#53 =( NAMED_UNIT ( * ) SI_UNIT ( $, .STERADIAN. ) SOLID_ANGLE_UNIT ( ) );
#54 = ORIENTED_EDGE ( 'NONE', *, *, #2667, .T. ) ;
#55 = AXIS2_PLACEMENT_3D ( 'NONE', #211, #2316, #1621 ) ;
#56 = DIRECTION ( 'NONE',  ( -0.0000000000000000000, -0.0000000000000000000, -1.000000000000000000 ) ) ;
#57 = CARTESIAN_POINT ( 'NONE',  ( 0.2399999760000000300, 0.0000000000000000000, 0.2399999759999998600 ) ) ;
#58 = ORIENTED_EDGE ( 'NONE', *, *, #2768, .T. ) ;
#59 = CARTESIAN_POINT ( 'NONE',  ( 2.135986736370306900, 3.234836156756174300, 2.500000000000000000 ) ) ;
#60 = ORIENTED_EDGE ( 'NONE', *, *, #1786, .T. ) ;
#61 =( NAMED_UNIT ( * ) PLANE_ANGLE_UNIT ( ) SI_UNIT ( $, .RADIAN. ) );
#62 = ADVANCED_FACE ( 'NONE', ( #1367 ), #134, .F. ) ;
#63 = SURFACE_STYLE_FILL_AREA ( #1292 ) ;
#64 = VECTOR ( 'NONE', #1002, 1000.000000000000000 ) ;
#65 = EDGE_CURVE ( 'NONE', #816, #2154, #2996, .T. ) ;
#66 = CARTESIAN_POINT ( 'NONE',  ( 1.896347704701140800, 3.234836156756169400, 2.504999999999999900 ) ) ;
#67 = PLANE ( 'NONE',  #2609 ) ;
#68 = FACE_OUTER_BOUND ( 'NONE', #2659, .T. ) ;
#69 = LINE ( 'NONE', #583, #1506 ) ;
#70 = VECTOR ( 'NONE', #1316, 1000.000000000000200 ) ;
#71 = PLANE ( 'NONE',  #958 ) ;
#72 = DIRECTION ( 'NONE',  ( 0.0000000000000000000, 0.0000000000000000000, -1.000000000000000000 ) ) ;
#73 = PRESENTATION_LAYER_ASSIGNMENT (  '', '', ( #2228 ) ) ;
#74 = PRESENTATION_STYLE_ASSIGNMENT (( #560 ) ) ;
#75 = LINE ( 'NONE', #2841, #1150 ) ;
#76 = ORIENTED_EDGE ( 'NONE', *, *, #602, .F. ) ;
#77 = ADVANCED_FACE ( 'NONE', ( #499 ), #2371, .F. ) ;
#78 = VECTOR ( 'NONE', #999, 1000.000000000000000 ) ;
#79 = LINE ( 'NONE', #2477, #1261 ) ;
#80 = VERTEX_POINT ( 'NONE', #2805 ) ;
#81 = VERTEX_POINT ( 'NONE', #196 ) ;
#82 = ADVANCED_FACE ( 'NONE', ( #2850 ), #2545, .T. ) ;
#83 = EDGE_CURVE ( 'NONE', #2133, #1457, #3029, .T. ) ;
#84 = EDGE_LOOP ( 'NONE', ( #1533, #1267, #691, #2419 ) ) ;
#85 = DIRECTION ( 'NONE',  ( 0.2763139702539113000, 0.9610674221107073900, 0.0000000000000000000 ) ) ;
#86 = ORIENTED_EDGE ( 'NONE', *, *, #1096, .F. ) ;
#87 = EDGE_CURVE ( 'NONE', #2060, #3003, #2417, .T. ) ;
#88 = CARTESIAN_POINT ( 'NONE',  ( 4.038019667107946000, 3.518378073226476200, 2.504999999999999900 ) ) ;
#89 = VERTEX_POINT ( 'NONE', #683 ) ;
#90 = DIRECTION ( 'NONE',  ( -0.0000000000000000000, -0.0000000000000000000, -1.000000000000000000 ) ) ;
#91 = MECHANICAL_DESIGN_GEOMETRIC_PRESENTATION_REPRESENTATION (  '', ( #688 ), #236 ) ;
#92 = ORIENTED_EDGE ( 'NONE', *, *, #660, .T. ) ;
#93 = CARTESIAN_POINT ( 'NONE',  ( 1.541520000000000200, 2.796950000000000300, 2.500000000000000000 ) ) ;
#94 = CARTESIAN_POINT ( 'NONE',  ( 3.628189149030495800, 3.027264753342405100, 2.504999999999999900 ) ) ;
#95 = ORIENTED_EDGE ( 'NONE', *, *, #1135, .F. ) ;
#96 = DIRECTION ( 'NONE',  ( 0.7145695586382623300, 0.6995643972269592900, 0.0000000000000000000 ) ) ;
#97 = MECHANICAL_DESIGN_GEOMETRIC_PRESENTATION_REPRESENTATION (  '', ( #2910 ), #1362 ) ;
#98 = DIRECTION ( 'NONE',  ( -0.2762437428917223800, -0.9610876102172850600, 0.0000000000000000000 ) ) ;
#99 = FILL_AREA_STYLE_COLOUR ( '', #1648 ) ;
#100 = VECTOR ( 'NONE', #1039, 1000.000000000000000 ) ;
#101 = VECTOR ( 'NONE', #278, 1000.000000000000100 ) ;
#102 = CARTESIAN_POINT ( 'NONE',  ( 2.799944000000000400, 0.2241200000000000100, 2.260000023999999100 ) ) ;
#103 = VECTOR ( 'NONE', #770, 1000.000000000000000 ) ;
#104 = EDGE_CURVE ( 'NONE', #1620, #703, #2374, .T. ) ;
#105 = VECTOR ( 'NONE', #2837, 1000.000000000000000 ) ;
#106 = COLOUR_RGB ( '',0.4980392156862745200, 0.4980392156862745200, 0.4980392156862745200 ) ;
#107 = PRESENTATION_LAYER_ASSIGNMENT (  '', '', ( #2398 ) ) ;
#108 = VECTOR ( 'NONE', #1136, 1000.000000000000100 ) ;
#109 = ADVANCED_FACE ( 'NONE', ( #326 ), #2318, .F. ) ;
#110 = DIRECTION ( 'NONE',  ( 0.6657134745240099700, 0.7462074576397439400, 0.0000000000000000000 ) ) ;
#111 = AXIS2_PLACEMENT_3D ( 'NONE', #1928, #2206, #1957 ) ;
#112 = SURFACE_STYLE_USAGE ( .BOTH. , #302 ) ;
#113 = ORIENTED_EDGE ( 'NONE', *, *, #1045, .T. ) ;
#114 = ORIENTED_EDGE ( 'NONE', *, *, #1327, .F. ) ;
#115 = DIRECTION ( 'NONE',  ( -0.0000000000000000000, -0.0000000000000000000, -1.000000000000000000 ) ) ;
#116 = ADVANCED_FACE ( 'NONE', ( #577 ), #1625, .T. ) ;
#117 = VERTEX_POINT ( 'NONE', #1601 ) ;
#118 = ORIENTED_EDGE ( 'NONE', *, *, #1582, .T. ) ;
#119 = EDGE_CURVE ( 'NONE', #987, #1026, #2578, .T. ) ;
#120 = DIRECTION ( 'NONE',  ( 0.3725077383643967100, -0.9280290862137037200, 0.0000000000000000000 ) ) ;
#121 = CARTESIAN_POINT ( 'NONE',  ( 3.126784691149073300, 3.299903351138499200, 2.500000000000000000 ) ) ;
#122 = VERTEX_POINT ( 'NONE', #2298 ) ;
#123 =( NAMED_UNIT ( * ) PLANE_ANGLE_UNIT ( ) SI_UNIT ( $, .RADIAN. ) );
#124 = ORIENTED_EDGE ( 'NONE', *, *, #807, .F. ) ;
#125 =( GEOMETRIC_REPRESENTATION_CONTEXT ( 3 ) GLOBAL_UNCERTAINTY_ASSIGNED_CONTEXT ( ( #1829 ) ) GLOBAL_UNIT_ASSIGNED_CONTEXT ( ( #2840, #2820, #1401 ) ) REPRESENTATION_CONTEXT ( 'NONE', 'WORKASPACE' ) );
#126 = ORIENTED_EDGE ( 'NONE', *, *, #2900, .F. ) ;
#127 = AXIS2_PLACEMENT_3D ( 'NONE', #2118, #707, #2349 ) ;
#128 = CARTESIAN_POINT ( 'NONE',  ( 1.770840479902133800, 2.796949999999975000, 2.504999999999999900 ) ) ;
#129 = VECTOR ( 'NONE', #2649, 1000.000000000000000 ) ;
#130 = COLOUR_RGB ( '',0.4980392156862745200, 0.4980392156862745200, 0.4980392156862745200 ) ;
#131 = DIRECTION ( 'NONE',  ( 0.0000000000000000000, -0.0000000000000000000, -1.000000000000000000 ) ) ;
#132 = VECTOR ( 'NONE', #898, 1000.000000000000000 ) ;
#133 = VECTOR ( 'NONE', #746, 1000.000000000000000 ) ;
#134 = PLANE ( 'NONE',  #1713 ) ;
#135 = VECTOR ( 'NONE', #2475, 1000.000000000000000 ) ;
#136 = EDGE_CURVE ( 'NONE', #1989, #1755, #2653, .T. ) ;
#137 = ORIENTED_EDGE ( 'NONE', *, *, #2893, .T. ) ;
#138 = VECTOR ( 'NONE', #2190, 1000.000000000000000 ) ;
#139 = FACE_OUTER_BOUND ( 'NONE', #2028, .T. ) ;
#140 = AXIS2_PLACEMENT_3D ( 'NONE', #2537, #1379, #417 ) ;
#141 = ORIENTED_EDGE ( 'NONE', *, *, #1138, .F. ) ;
#142 = ADVANCED_FACE ( 'NONE', ( #2613 ), #902, .F. ) ;
#143 = LINE ( 'NONE', #1233, #1438 ) ;
#144 = CARTESIAN_POINT ( 'NONE',  ( 2.799944000000000400, 0.2241200000000000100, 2.500000000000000000 ) ) ;
#145 = EDGE_LOOP ( 'NONE', ( #2834, #1095, #26, #2591, #2221, #58, #187, #1634, #1481, #2552, #2614 ) ) ;
#146 = CARTESIAN_POINT ( 'NONE',  ( 5.393874341669146600, 3.447697959756509200, 2.500000000000000000 ) ) ;
#147 = EDGE_LOOP ( 'NONE', ( #1757, #1441, #2879, #503, #1622, #141, #1514, #510, #1060, #1564, #1596, #2734, #2250, #806, #2612, #2382, #1015, #2216, #359, #1955, #405, #844, #2584 ) ) ;
#148 = MECHANICAL_DESIGN_GEOMETRIC_PRESENTATION_REPRESENTATION (  '', ( #2289 ), #3006 ) ;
#149 = FILL_AREA_STYLE_COLOUR ( '', #1279 ) ;
#150 = ORIENTED_EDGE ( 'NONE', *, *, #862, .F. ) ;
#151 = ORIENTED_EDGE ( 'NONE', *, *, #2517, .T. ) ;
#152 = PRODUCT_DEFINITION_SHAPE ( 'NONE', 'NONE',  #651 ) ;
#153 =( NAMED_UNIT ( * ) SI_UNIT ( $, .STERADIAN. ) SOLID_ANGLE_UNIT ( ) );
#154 = SURFACE_STYLE_USAGE ( .BOTH. , #539 ) ;
#155 = ORIENTED_EDGE ( 'NONE', *, *, #2328, .F. ) ;
#156 = EDGE_CURVE ( 'NONE', #1587, #591, #765, .T. ) ;
#157 = CARTESIAN_POINT ( 'NONE',  ( 4.599999999999999600, 1.592040838891559300E-016, 0.0000000000000000000 ) ) ;
#158 = VERTEX_POINT ( 'NONE', #246 ) ;
#159 = CARTESIAN_POINT ( 'NONE',  ( 2.247068097692184600, 3.603410487004079100, 2.504999999999999900 ) ) ;
#160 = UNCERTAINTY_MEASURE_WITH_UNIT (LENGTH_MEASURE( 1.000000000000000100E-005 ), #2185, 'distance_accuracy_value', 'NONE');
#161 = CARTESIAN_POINT ( 'NONE',  ( 4.463277368953007400, 3.150816471498410400, 2.500000000000000000 ) ) ;
#162 = AXIS2_PLACEMENT_3D ( 'NONE', #7, #910, #2829 ) ;
#163 = VERTEX_POINT ( 'NONE', #1202 ) ;
#164 = LINE ( 'NONE', #1485, #100 ) ;
#165 = AXIS2_PLACEMENT_3D ( 'NONE', #2955, #492, #1999 ) ;
#166 = CARTESIAN_POINT ( 'NONE',  ( 2.780642420226707500, 3.299903351138499200, 2.500000000000000000 ) ) ;
#167 = ADVANCED_FACE ( 'NONE', ( #1951 ), #750, .T. ) ;
#168 = DIRECTION ( 'NONE',  ( -0.0000000000000000000, -0.0000000000000000000, 1.000000000000000000 ) ) ;
#169 = LINE ( 'NONE', #2399, #1321 ) ;
#170 = DIRECTION ( 'NONE',  ( -0.2765379750249962700, -0.9610029908221277000, 0.0000000000000000000 ) ) ;
#171 = VECTOR ( 'NONE', #2741, 1000.000000000000000 ) ;
#172 = EDGE_CURVE ( 'NONE', #554, #217, #280, .T. ) ;
#173 = VECTOR ( 'NONE', #1909, 1000.000000000000000 ) ;
#174 = DIRECTION ( 'NONE',  ( -0.0000000000000000000, -0.0000000000000000000, -1.000000000000000000 ) ) ;
#175 = VECTOR ( 'NONE', #1494, 1000.000000000000200 ) ;
#176 = DIRECTION ( 'NONE',  ( 0.3829140317376763000, -0.9237839814038766300, 0.0000000000000000000 ) ) ;
#177 = CARTESIAN_POINT ( 'NONE',  ( 6.099999999999999600, 0.7499999999999997800, 1.249999999999999800 ) ) ;
#178 = EDGE_CURVE ( 'NONE', #81, #2863, #1740, .T. ) ;
#179 = ORIENTED_EDGE ( 'NONE', *, *, #292, .F. ) ;
#180 = EDGE_LOOP ( 'NONE', ( #3050, #2462, #95, #1385 ) ) ;
#181 = ORIENTED_EDGE ( 'NONE', *, *, #2196, .F. ) ;
#182 = ORIENTED_EDGE ( 'NONE', *, *, #1816, .T. ) ;
#183 = DIRECTION ( 'NONE',  ( -1.000000000000000000, 0.0000000000000000000, -1.341834340002828800E-017 ) ) ;
#184 = ORIENTED_EDGE ( 'NONE', *, *, #419, .F. ) ;
#185 = DIRECTION ( 'NONE',  ( 0.0000000000000000000, 0.0000000000000000000, -1.000000000000000000 ) ) ;
#186 = CARTESIAN_POINT ( 'NONE',  ( 3.913938578914311100, 3.603410487004079100, 2.500000000000000000 ) ) ;
#187 = ORIENTED_EDGE ( 'NONE', *, *, #1404, .T. ) ;
#188 = CARTESIAN_POINT ( 'NONE',  ( 4.549459830371603200, 3.449877900810487400, 2.500000000000000000 ) ) ;
#189 = ORIENTED_EDGE ( 'NONE', *, *, #1388, .T. ) ;
#190 = DIRECTION ( 'NONE',  ( -1.000000000000000000, -1.693947318196328000E-016, -1.290716862787147000E-016 ) ) ;
#191 = UNCERTAINTY_MEASURE_WITH_UNIT (LENGTH_MEASURE( 1.000000000000000100E-005 ), #1723, 'distance_accuracy_value', 'NONE');
#192 = EDGE_LOOP ( 'NONE', ( #535, #1916, #2198, #2304 ) ) ;
#193 = EDGE_CURVE ( 'NONE', #1299, #2940, #243, .T. ) ;
#194 = PLANE ( 'NONE',  #2421 ) ;
#195 = VECTOR ( 'NONE', #2208, 1000.000000000000000 ) ;
#196 = CARTESIAN_POINT ( 'NONE',  ( 2.317493189286735000, 2.796949999999975000, 2.504999999999999900 ) ) ;
#197 = STYLED_ITEM ( 'NONE', ( #802 ), #747 ) ;
#198 = MECHANICAL_DESIGN_GEOMETRIC_PRESENTATION_REPRESENTATION (  '', ( #2865 ), #1283 ) ;
#199 = LINE ( 'NONE', #2375, #1105 ) ;
#200 = VERTEX_POINT ( 'NONE', #714 ) ;
#201 = VECTOR ( 'NONE', #2849, 1000.000000000000000 ) ;
#202 = CARTESIAN_POINT ( 'NONE',  ( 6.699999999999999300, 6.000000000000000000, 2.500000000000000000 ) ) ;
#203 = DIRECTION ( 'NONE',  ( 1.000000000000000000, 0.0000000000000000000, 0.0000000000000000000 ) ) ;
#204 = LINE ( 'NONE', #2772, #2957 ) ;
#205 = CARTESIAN_POINT ( 'NONE',  ( 7.200000000000000200, 0.0000000000000000000, 2.500000000000000000 ) ) ;
#206 = SURFACE_SIDE_STYLE ('',( #1979 ) ) ;
#207 = VECTOR ( 'NONE', #1241, 1000.000000000000200 ) ;
#208 = EDGE_CURVE ( 'NONE', #117, #1033, #2725, .T. ) ;
#209 = CARTESIAN_POINT ( 'NONE',  ( 7.200000000000000200, 5.999999999999998200, 2.500000000000000000 ) ) ;
#210 = VERTEX_POINT ( 'NONE', #1452 ) ;
#211 = CARTESIAN_POINT ( 'NONE',  ( 3.659203313286182500, 3.603410487004079100, 2.504999999999999900 ) ) ;
#212 = ORIENTED_EDGE ( 'NONE', *, *, #983, .T. ) ;
#213 = LINE ( 'NONE', #655, #427 ) ;
#214 = STYLED_ITEM ( 'NONE', ( #724 ), #116 ) ;
#215 = FILL_AREA_STYLE ('',( #149 ) ) ;
#216 = EDGE_LOOP ( 'NONE', ( #1894, #2036, #735, #763 ) ) ;
#217 = VERTEX_POINT ( 'NONE', #2391 ) ;
#218 = CARTESIAN_POINT ( 'NONE',  ( 1.904329379275885500, 3.259504556061610700, 2.504999999999999900 ) ) ;
#219 =( LENGTH_UNIT ( ) NAMED_UNIT ( * ) SI_UNIT ( .MILLI., .METRE. ) );
#220 = ORIENTED_EDGE ( 'NONE', *, *, #1530, .F. ) ;
#221 = SURFACE_STYLE_USAGE ( .BOTH. , #1897 ) ;
#222 = CARTESIAN_POINT ( 'NONE',  ( 2.600000000000000500, 1.592040838891559300E-016, 0.0000000000000000000 ) ) ;
#223 = VERTEX_POINT ( 'NONE', #1925 ) ;
#224 = FILL_AREA_STYLE_COLOUR ( '', #2123 ) ;
#225 =( LENGTH_UNIT ( ) NAMED_UNIT ( * ) SI_UNIT ( .MILLI., .METRE. ) );
#226 = VERTEX_POINT ( 'NONE', #2356 ) ;
#227 = ADVANCED_FACE ( 'NONE', ( #356 ), #38, .F. ) ;
#228 = UNCERTAINTY_MEASURE_WITH_UNIT (LENGTH_MEASURE( 1.000000000000000100E-005 ), #2483, 'distance_accuracy_value', 'NONE');
#229 = EDGE_CURVE ( 'NONE', #2961, #1824, #2081, .T. ) ;
#230 = CARTESIAN_POINT ( 'NONE',  ( 3.191721922791935600, 3.449904874210175000, 2.504999999999999900 ) ) ;
#231 = DIRECTION ( 'NONE',  ( -1.000000000000000000, 0.0000000000000000000, -1.290716862787147000E-016 ) ) ;
#232 = ORIENTED_EDGE ( 'NONE', *, *, #2314, .F. ) ;
#233 = EDGE_CURVE ( 'NONE', #2940, #2426, #2802, .T. ) ;
#234 = VECTOR ( 'NONE', #1929, 1000.000000000000000 ) ;
#235 = LINE ( 'NONE', #272, #2143 ) ;
#236 =( GEOMETRIC_REPRESENTATION_CONTEXT ( 3 ) GLOBAL_UNCERTAINTY_ASSIGNED_CONTEXT ( ( #2189 ) ) GLOBAL_UNIT_ASSIGNED_CONTEXT ( ( #1213, #2623, #1456 ) ) REPRESENTATION_CONTEXT ( 'NONE', 'WORKASPACE' ) );
#237 = VECTOR ( 'NONE', #2087, 1000.000000000000000 ) ;
#238 = AXIS2_PLACEMENT_3D ( 'NONE', #2494, #1107, #2482 ) ;
#239 = FACE_OUTER_BOUND ( 'NONE', #1057, .T. ) ;
#240 = VECTOR ( 'NONE', #1063, 1000.000000000000000 ) ;
#241 = CARTESIAN_POINT ( 'NONE',  ( 0.2399999760000000300, 0.0000000000000000000, 0.2399999759999998600 ) ) ;
#242 = LINE ( 'NONE', #2722, #5 ) ;
#243 = LINE ( 'NONE', #2127, #1948 ) ;
#244 = ADVANCED_FACE ( 'NONE', ( #2194 ), #1463, .F. ) ;
#245 = EDGE_CURVE ( 'NONE', #591, #2467, #1114, .T. ) ;
#246 = CARTESIAN_POINT ( 'NONE',  ( 4.400055999999999300, 0.2241200000000000100, 0.2399999759999998600 ) ) ;
#247 = ORIENTED_EDGE ( 'NONE', *, *, #119, .T. ) ;
#248 = UNCERTAINTY_MEASURE_WITH_UNIT (LENGTH_MEASURE( 1.000000000000000100E-005 ), #1, 'distance_accuracy_value', 'NONE');
#249 = LINE ( 'NONE', #1296, #1551 ) ;
#250 = FILL_AREA_STYLE ('',( #2634 ) ) ;
#251 = EDGE_CURVE ( 'NONE', #1235, #502, #761, .T. ) ;
#252 = VERTEX_POINT ( 'NONE', #332 ) ;
#253 = CARTESIAN_POINT ( 'NONE',  ( 1.099999999999999900, -5.000000000000000000, 0.9999999999999997800 ) ) ;
#254 = CLOSED_SHELL ( 'NONE', ( #3000, #1712, #109, #700, #830, #997, #1356, #77, #986, #2116, #2927, #1338, #1991, #530, #2611, #818, #227, #1369, #377, #2601, #1709, #261, #1565, #779, #2533 ) ) ;
#255 = PRESENTATION_LAYER_ASSIGNMENT (  '', '', ( #1694 ) ) ;
#256 = ORIENTED_EDGE ( 'NONE', *, *, #1404, .F. ) ;
#257 = DIRECTION ( 'NONE',  ( 0.9610348236706636200, -0.2764273280489764600, 0.0000000000000000000 ) ) ;
#258 = ORIENTED_EDGE ( 'NONE', *, *, #14, .T. ) ;
#259 = CARTESIAN_POINT ( 'NONE',  ( 1.099999999999999900, 0.7500000000000000000, 1.499999999999999800 ) ) ;
#260 = CARTESIAN_POINT ( 'NONE',  ( 1.541520000000000200, 2.796950000000000300, 2.504999999999999900 ) ) ;
#261 = ADVANCED_FACE ( 'NONE', ( #959 ), #71, .F. ) ;
#262 = DIRECTION ( 'NONE',  ( 0.0000000000000000000, 0.0000000000000000000, -1.000000000000000000 ) ) ;
#263 = ORIENTED_EDGE ( 'NONE', *, *, #929, .F. ) ;
#264 = VERTEX_POINT ( 'NONE', #553 ) ;
#265 = CARTESIAN_POINT ( 'NONE',  ( -0.08753432769269003900, 0.1866995735883402700, 2.499999999999999100 ) ) ;
#266 = EDGE_CURVE ( 'NONE', #1373, #163, #2152, .T. ) ;
#267 = VECTOR ( 'NONE', #1710, 1000.000000000000000 ) ;
#268 = MANIFOLD_SOLID_BREP ( 'Fillet1', #2825 ) ;
#269 = CARTESIAN_POINT ( 'NONE',  ( 0.0000000000000000000, 0.0000000000000000000, 2.500000000000000000 ) ) ;
#270 = FACE_OUTER_BOUND ( 'NONE', #3040, .T. ) ;
#271 = AXIS2_PLACEMENT_3D ( 'NONE', #1527, #849, #2736 ) ;
#272 = CARTESIAN_POINT ( 'NONE',  ( 4.267646663553433600, 3.603410487004079100, 2.504999999999999900 ) ) ;
#273 = DIRECTION ( 'NONE',  ( -1.000000000000000000, 0.0000000000000000000, 0.0000000000000000000 ) ) ;
#274 = MECHANICAL_DESIGN_GEOMETRIC_PRESENTATION_REPRESENTATION (  '', ( #2322 ), #1555 ) ;
#275 =( NAMED_UNIT ( * ) PLANE_ANGLE_UNIT ( ) SI_UNIT ( $, .RADIAN. ) );
#276 = DIRECTION ( 'NONE',  ( 0.0000000000000000000, 1.000000000000000000, 0.0000000000000000000 ) ) ;
#277 = LINE ( 'NONE', #1086, #2723 ) ;
#278 = DIRECTION ( 'NONE',  ( 0.2762033010290175800, 0.9610992334304890900, 0.0000000000000000000 ) ) ;
#279 =( NAMED_UNIT ( * ) SI_UNIT ( $, .STERADIAN. ) SOLID_ANGLE_UNIT ( ) );
#280 = LINE ( 'NONE', #464, #207 ) ;
#281 = FILL_AREA_STYLE ('',( #2018 ) ) ;
#282 = FACE_OUTER_BOUND ( 'NONE', #1660, .T. ) ;
#283 = PLANE ( 'NONE',  #2083 ) ;
#284 = ORIENTED_EDGE ( 'NONE', *, *, #2196, .T. ) ;
#285 = ORIENTED_EDGE ( 'NONE', *, *, #65, .F. ) ;
#286 = EDGE_CURVE ( 'NONE', #1961, #1052, #532, .T. ) ;
#287 = UNCERTAINTY_MEASURE_WITH_UNIT (LENGTH_MEASURE( 1.000000000000000100E-005 ), #225, 'distance_accuracy_value', 'NONE');
#288 = DIRECTION ( 'NONE',  ( -0.0000000000000000000, -0.0000000000000000000, -1.000000000000000000 ) ) ;
#289 =( LENGTH_UNIT ( ) NAMED_UNIT ( * ) SI_UNIT ( .MILLI., .METRE. ) );
#290 = ORIENTED_EDGE ( 'NONE', *, *, #2328, .T. ) ;
#291 = CARTESIAN_POINT ( 'NONE',  ( 0.0000000000000000000, 6.000000000000000000, 0.5000000000000000000 ) ) ;
#292 = EDGE_CURVE ( 'NONE', #1052, #693, #2016, .T. ) ;
#293 = CARTESIAN_POINT ( 'NONE',  ( 6.099999999999999600, -5.000000000000000000, 1.249999999999999800 ) ) ;
#294 = VERTEX_POINT ( 'NONE', #102 ) ;
#295 =( NAMED_UNIT ( * ) PLANE_ANGLE_UNIT ( ) SI_UNIT ( $, .RADIAN. ) );
#296 = ORIENTED_EDGE ( 'NONE', *, *, #1662, .T. ) ;
#297 = AXIS2_PLACEMENT_3D ( 'NONE', #1271, #2925, #1501 ) ;
#298 = CARTESIAN_POINT ( 'NONE',  ( -0.08753432769269003900, 0.1866995735883402700, 2.504999999999999000 ) ) ;
#299 = CARTESIAN_POINT ( 'NONE',  ( 4.132838520409295700, 2.796949999999975000, 2.500000000000000000 ) ) ;
#300 = DIRECTION ( 'NONE',  ( 0.0000000000000000000, 0.0000000000000000000, 1.000000000000000000 ) ) ;
#301 = ORIENTED_EDGE ( 'NONE', *, *, #496, .T. ) ;
#302 = SURFACE_SIDE_STYLE ('',( #2980 ) ) ;
#303 = CARTESIAN_POINT ( 'NONE',  ( 3.657174892515335800, 2.796949999999975000, 2.500000000000000000 ) ) ;
#304 = PRESENTATION_LAYER_ASSIGNMENT (  '', '', ( #611 ) ) ;
#305 = ORIENTED_EDGE ( 'NONE', *, *, #866, .F. ) ;
#306 = DIRECTION ( 'NONE',  ( 0.9999999968487352000, -7.938847109813994200E-005, 0.0000000000000000000 ) ) ;
#307 = ORIENTED_EDGE ( 'NONE', *, *, #292, .T. ) ;
#308 = DIRECTION ( 'NONE',  ( -0.9999960426590096500, 0.002813301676021314300, 0.0000000000000000000 ) ) ;
#309 =( NAMED_UNIT ( * ) PLANE_ANGLE_UNIT ( ) SI_UNIT ( $, .RADIAN. ) );
#310 = FILL_AREA_STYLE ('',( #1018 ) ) ;
#311 = DIRECTION ( 'NONE',  ( -0.0000000000000000000, -0.0000000000000000000, -1.000000000000000000 ) ) ;
#312 = EDGE_CURVE ( 'NONE', #1824, #2937, #324, .T. ) ;
#313 = DIRECTION ( 'NONE',  ( 0.2765379750249963300, 0.9610029908221278100, 0.0000000000000000000 ) ) ;
#314 = VECTOR ( 'NONE', #2301, 1000.000000000000100 ) ;
#315 = DIRECTION ( 'NONE',  ( 0.05375259206908576700, 0.9985542843760946100, 0.0000000000000000000 ) ) ;
#316 = VECTOR ( 'NONE', #11, 1000.000000000000000 ) ;
#317 = PRESENTATION_LAYER_ASSIGNMENT (  '', '', ( #214 ) ) ;
#318 = VECTOR ( 'NONE', #1774, 1000.000000000000000 ) ;
#319 = LINE ( 'NONE', #491, #133 ) ;
#320 = VECTOR ( 'NONE', #631, 1000.000000000000000 ) ;
#321 = CARTESIAN_POINT ( 'NONE',  ( 0.5000000000000000000, 6.500000000000000000, 2.500000000000000000 ) ) ;
#322 =( GEOMETRIC_REPRESENTATION_CONTEXT ( 3 ) GLOBAL_UNCERTAINTY_ASSIGNED_CONTEXT ( ( #160 ) ) GLOBAL_UNIT_ASSIGNED_CONTEXT ( ( #2185, #810, #1068 ) ) REPRESENTATION_CONTEXT ( 'NONE', 'WORKASPACE' ) );
#323 = FILL_AREA_STYLE ('',( #2691 ) ) ;
#324 = LINE ( 'NONE', #1980, #175 ) ;
#325 = ORIENTED_EDGE ( 'NONE', *, *, #757, .F. ) ;
#326 = FACE_OUTER_BOUND ( 'NONE', #1901, .T. ) ;
#327 = LINE ( 'NONE', #121, #582 ) ;
#328 = VERTEX_POINT ( 'NONE', #759 ) ;
#329 = COLOUR_RGB ( '',0.4980392156862745200, 0.4980392156862745200, 0.4980392156862745200 ) ;
#330 = EDGE_CURVE ( 'NONE', #2065, #1857, #1701, .T. ) ;
#331 = EDGE_LOOP ( 'NONE', ( #860, #2827, #2855, #429 ) ) ;
#332 = CARTESIAN_POINT ( 'NONE',  ( 0.0000000000000000000, 5.999999999999998200, 2.500000000000000000 ) ) ;
#333 = PLANE ( 'NONE',  #339 ) ;
#334 = ORIENTED_EDGE ( 'NONE', *, *, #762, .F. ) ;
#335 = EDGE_CURVE ( 'NONE', #3002, #1033, #2605, .T. ) ;
#336 = SURFACE_SIDE_STYLE ('',( #63 ) ) ;
#337 = ORIENTED_EDGE ( 'NONE', *, *, #1687, .F. ) ;
#338 = FILL_AREA_STYLE ('',( #795 ) ) ;
#339 = AXIS2_PLACEMENT_3D ( 'NONE', #561, #811, #2443 ) ;
#340 = VERTEX_POINT ( 'NONE', #1272 ) ;
#341 = CARTESIAN_POINT ( 'NONE',  ( 0.0000000000000000000, 0.0000000000000000000, 2.500000000000000000 ) ) ;
#342 = ORIENTED_EDGE ( 'NONE', *, *, #368, .T. ) ;
#343 =( LENGTH_UNIT ( ) NAMED_UNIT ( * ) SI_UNIT ( .MILLI., .METRE. ) );
#344 = ADVANCED_FACE ( 'NONE', ( #1617 ), #2703, .F. ) ;
#345 = PRESENTATION_LAYER_ASSIGNMENT (  '', '', ( #2289 ) ) ;
#346 =( LENGTH_UNIT ( ) NAMED_UNIT ( * ) SI_UNIT ( .MILLI., .METRE. ) );
#347 = CARTESIAN_POINT ( 'NONE',  ( 4.406064337887780600, 2.950409022377217500, 2.504999999999999900 ) ) ;
#348 = EDGE_CURVE ( 'NONE', #2593, #200, #423, .T. ) ;
#349 = EDGE_CURVE ( 'NONE', #1144, #816, #2798, .T. ) ;
#350 = CARTESIAN_POINT ( 'NONE',  ( 4.505811966795357100, 3.299876377738383500, 2.504999999999999900 ) ) ;
#351 = DIRECTION ( 'NONE',  ( -0.2765379750249962700, -0.9610029908221277000, 0.0000000000000000000 ) ) ;
#352 = LINE ( 'NONE', #161, #2148 ) ;
#353 = VECTOR ( 'NONE', #2883, 1000.000000000000100 ) ;
#354 = CARTESIAN_POINT ( 'NONE',  ( 1.084202172485504400E-016, 6.292893218813453000, 2.500000000000000000 ) ) ;
#355 = DIRECTION ( 'NONE',  ( -1.000000000000000000, 0.0000000000000000000, 0.0000000000000000000 ) ) ;
#356 = FACE_OUTER_BOUND ( 'NONE', #2696, .T. ) ;
#357 = STYLED_ITEM ( 'NONE', ( #842 ), #2160 ) ;
#358 = DIRECTION ( 'NONE',  ( 0.9999891854650020400, -0.004650693823678667000, 0.0000000000000000000 ) ) ;
#359 = ORIENTED_EDGE ( 'NONE', *, *, #1786, .F. ) ;
#360 = UNCERTAINTY_MEASURE_WITH_UNIT (LENGTH_MEASURE( 1.000000000000000100E-005 ), #2002, 'distance_accuracy_value', 'NONE');
#361 = EDGE_LOOP ( 'NONE', ( #3001, #879, #2627, #507 ) ) ;
#362 = FACE_OUTER_BOUND ( 'NONE', #882, .T. ) ;
#363 = CARTESIAN_POINT ( 'NONE',  ( -0.08753432769269003900, 0.1866995735883402700, 2.500000000000000000 ) ) ;
#364 = ORIENTED_EDGE ( 'NONE', *, *, #1444, .T. ) ;
#365 = CARTESIAN_POINT ( 'NONE',  ( 5.614675780601335700, 3.447680430667800600, 2.504999999999999900 ) ) ;
#366 = ORIENTED_EDGE ( 'NONE', *, *, #2255, .T. ) ;
#367 = DIRECTION ( 'NONE',  ( 1.000000000000000000, 0.0000000000000000000, 0.0000000000000000000 ) ) ;
#368 = EDGE_CURVE ( 'NONE', #2848, #1131, #2987, .T. ) ;
#369 = CARTESIAN_POINT ( 'NONE',  ( 4.809316650534388100, 3.150816471498411300, 2.504999999999999900 ) ) ;
#370 = ORIENTED_EDGE ( 'NONE', *, *, #2993, .T. ) ;
#371 = VERTEX_POINT ( 'NONE', #796 ) ;
#372 = VERTEX_POINT ( 'NONE', #1290 ) ;
#373 = AXIS2_PLACEMENT_3D ( 'NONE', #993, #734, #1689 ) ;
#374 = EDGE_LOOP ( 'NONE', ( #579, #2744, #594, #2350, #1411, #1085, #894, #922, #2969, #2933, #2903, #151, #1745, #829, #977, #1714, #2499 ) ) ;
#375 = DIRECTION ( 'NONE',  ( 0.7145695586382623300, 0.6995643972269592900, 0.0000000000000000000 ) ) ;
#376 = CARTESIAN_POINT ( 'NONE',  ( 4.919024819995339500, 3.448838198891324600, 2.504999999999999900 ) ) ;
#377 = ADVANCED_FACE ( 'NONE', ( #755 ), #1252, .F. ) ;
#378 = ADVANCED_FACE ( 'NONE', ( #718 ), #1476, .F. ) ;
#379 = FACE_OUTER_BOUND ( 'NONE', #145, .T. ) ;
#380 = EDGE_CURVE ( 'NONE', #1515, #223, #277, .T. ) ;
#381 = LINE ( 'NONE', #1616, #237 ) ;
#382 = SURFACE_STYLE_FILL_AREA ( #2846 ) ;
#383 = CARTESIAN_POINT ( 'NONE',  ( 2.135986736370306900, 3.234836156756174300, 2.500000000000000000 ) ) ;
#384 = FACE_OUTER_BOUND ( 'NONE', #1128, .T. ) ;
#385 = EDGE_CURVE ( 'NONE', #3003, #2593, #676, .T. ) ;
#386 = ADVANCED_FACE ( 'NONE', ( #495 ), #2717, .F. ) ;
#387 = CARTESIAN_POINT ( 'NONE',  ( 3.442179738876450600, 2.796949999999975000, 2.504999999999999900 ) ) ;
#388 = VECTOR ( 'NONE', #3011, 1000.000000000000100 ) ;
#389 = LINE ( 'NONE', #933, #458 ) ;
#390 = ORIENTED_EDGE ( 'NONE', *, *, #380, .T. ) ;
#391 = DIRECTION ( 'NONE',  ( 0.0000000000000000000, 0.0000000000000000000, 1.000000000000000000 ) ) ;
#392 = ORIENTED_EDGE ( 'NONE', *, *, #2858, .T. ) ;
#393 = DIRECTION ( 'NONE',  ( 0.004650693823678667000, 0.9999891854650021500, -0.0000000000000000000 ) ) ;
#394 = FACE_OUTER_BOUND ( 'NONE', #2866, .T. ) ;
#395 = STYLED_ITEM ( 'NONE', ( #2149 ), #2826 ) ;
#396 = DIRECTION ( 'NONE',  ( -0.2729786930694848600, -0.9620200793798828800, 0.0000000000000000000 ) ) ;
#397 = ORIENTED_EDGE ( 'NONE', *, *, #1135, .T. ) ;
#398 = FILL_AREA_STYLE_COLOUR ( '', #106 ) ;
#399 = EDGE_CURVE ( 'NONE', #462, #780, #573, .T. ) ;
#400 = VERTEX_POINT ( 'NONE', #2486 ) ;
#401 = ORIENTED_EDGE ( 'NONE', *, *, #2343, .T. ) ;
#402 = VERTEX_POINT ( 'NONE', #2223 ) ;
#403 = EDGE_CURVE ( 'NONE', #371, #2317, #2880, .T. ) ;
#404 = SURFACE_SIDE_STYLE ('',( #2147 ) ) ;
#405 = ORIENTED_EDGE ( 'NONE', *, *, #2939, .F. ) ;
#406 = MECHANICAL_DESIGN_GEOMETRIC_PRESENTATION_REPRESENTATION (  '', ( #2398 ), #1733 ) ;
#407 = ORIENTED_EDGE ( 'NONE', *, *, #2173, .T. ) ;
#408 = FACE_OUTER_BOUND ( 'NONE', #2129, .T. ) ;
#409 = AXIS2_PLACEMENT_3D ( 'NONE', #981, #262, #2637 ) ;
#410 =( NAMED_UNIT ( * ) SI_UNIT ( $, .STERADIAN. ) SOLID_ANGLE_UNIT ( ) );
#411 = CARTESIAN_POINT ( 'NONE',  ( 4.549459830371603200, 3.449877900810487400, 2.504999999999999900 ) ) ;
#412 = LINE ( 'NONE', #1243, #1465 ) ;
#413 = ORIENTED_EDGE ( 'NONE', *, *, #953, .T. ) ;
#414 = SURFACE_STYLE_USAGE ( .BOTH. , #580 ) ;
#415 = VECTOR ( 'NONE', #788, 1000.000000000000100 ) ;
#416 = DIRECTION ( 'NONE',  ( 0.2762437428917223800, 0.9610876102172850600, 0.0000000000000000000 ) ) ;
#417 = DIRECTION ( 'NONE',  ( 0.0000000000000000000, 0.0000000000000000000, -1.000000000000000000 ) ) ;
#418 = SURFACE_STYLE_FILL_AREA ( #310 ) ;
#419 = EDGE_CURVE ( 'NONE', #622, #1295, #838, .T. ) ;
#420 = LINE ( 'NONE', #600, #1840 ) ;
#421 = COLOUR_RGB ( '',0.4980392156862745200, 0.4980392156862745200, 0.4980392156862745200 ) ;
#422 = AXIS2_PLACEMENT_3D ( 'NONE', #1900, #257, #705 ) ;
#423 = LINE ( 'NONE', #1962, #2885 ) ;
#424 = VECTOR ( 'NONE', #2481, 1000.000000000000000 ) ;
#425 = ORIENTED_EDGE ( 'NONE', *, *, #862, .T. ) ;
#426 = ORIENTED_EDGE ( 'NONE', *, *, #2364, .T. ) ;
#427 = VECTOR ( 'NONE', #367, 1000.000000000000000 ) ;
#428 = DIRECTION ( 'NONE',  ( 0.0000000000000000000, 0.0000000000000000000, 1.000000000000000000 ) ) ;
#429 = ORIENTED_EDGE ( 'NONE', *, *, #266, .T. ) ;
#430 = UNCERTAINTY_MEASURE_WITH_UNIT (LENGTH_MEASURE( 1.000000000000000100E-005 ), #2211, 'distance_accuracy_value', 'NONE');
#431 = PLANE ( 'NONE',  #751 ) ;
#432 = SURFACE_STYLE_USAGE ( .BOTH. , #973 ) ;
#433 =( NAMED_UNIT ( * ) PLANE_ANGLE_UNIT ( ) SI_UNIT ( $, .RADIAN. ) );
#434 = ORIENTED_EDGE ( 'NONE', *, *, #515, .F. ) ;
#435 = ORIENTED_EDGE ( 'NONE', *, *, #2202, .F. ) ;
#436 =( LENGTH_UNIT ( ) NAMED_UNIT ( * ) SI_UNIT ( .MILLI., .METRE. ) );
#437 = DIRECTION ( 'NONE',  ( -0.2746459304916892300, -0.9615454294334481200, 0.0000000000000000000 ) ) ;
#438 = ORIENTED_EDGE ( 'NONE', *, *, #348, .T. ) ;
#439 = CARTESIAN_POINT ( 'NONE',  ( 3.657174892515335800, 2.796949999999975000, 2.504999999999999900 ) ) ;
#440 = ORIENTED_EDGE ( 'NONE', *, *, #2390, .T. ) ;
#441 = EDGE_CURVE ( 'NONE', #2619, #2005, #1923, .T. ) ;
#442 = CARTESIAN_POINT ( 'NONE',  ( 2.512466725252863400, 3.603410487004079100, 2.504999999999999900 ) ) ;
#443 = CARTESIAN_POINT ( 'NONE',  ( 4.809316650534388100, 3.150816471498411300, 2.504999999999999900 ) ) ;
#444 =( GEOMETRIC_REPRESENTATION_CONTEXT ( 3 ) GLOBAL_UNCERTAINTY_ASSIGNED_CONTEXT ( ( #1158 ) ) GLOBAL_UNIT_ASSIGNED_CONTEXT ( ( #904, #2585, #1185 ) ) REPRESENTATION_CONTEXT ( 'NONE', 'WORKASPACE' ) );
#445 = ADVANCED_FACE ( 'NONE', ( #1146 ), #1074, .F. ) ;
#446 = CARTESIAN_POINT ( 'NONE',  ( 0.0000000000000000000, 0.0000000000000000000, 0.0000000000000000000 ) ) ;
#447 =( NAMED_UNIT ( * ) PLANE_ANGLE_UNIT ( ) SI_UNIT ( $, .RADIAN. ) );
#448 = FACE_OUTER_BOUND ( 'NONE', #1421, .T. ) ;
#449 = PLANE ( 'NONE',  #55 ) ;
#450 = FACE_OUTER_BOUND ( 'NONE', #180, .T. ) ;
#451 = CARTESIAN_POINT ( 'NONE',  ( 2.780642420226707500, 3.299903351138499200, 2.504999999999999900 ) ) ;
#452 =( NAMED_UNIT ( * ) PLANE_ANGLE_UNIT ( ) SI_UNIT ( $, .RADIAN. ) );
#453 = FACE_OUTER_BOUND ( 'NONE', #737, .T. ) ;
#454 = VECTOR ( 'NONE', #813, 1000.000000000000100 ) ;
#455 = CARTESIAN_POINT ( 'NONE',  ( 6.960000023999999300, 0.2241200000000007100, 2.260000023999999600 ) ) ;
#456 = VECTOR ( 'NONE', #2174, 1000.000000000000000 ) ;
#457 = EDGE_CURVE ( 'NONE', #294, #1959, #2233, .T. ) ;
#458 = VECTOR ( 'NONE', #1005, 1000.000000000000000 ) ;
#459 = ORIENTED_EDGE ( 'NONE', *, *, #1747, .T. ) ;
#460 = CARTESIAN_POINT ( 'NONE',  ( 4.599999999999999600, 1.592040838891559300E-016, 0.0000000000000000000 ) ) ;
#461 = AXIS2_PLACEMENT_3D ( 'NONE', #962, #2113, #1221 ) ;
#462 = VERTEX_POINT ( 'NONE', #2726 ) ;
#463 = EDGE_LOOP ( 'NONE', ( #2347, #2908, #1303, #2670 ) ) ;
#464 = CARTESIAN_POINT ( 'NONE',  ( 2.780642420226707500, 3.299903351138499200, 2.500000000000000000 ) ) ;
#465 = ORIENTED_EDGE ( 'NONE', *, *, #1173, .T. ) ;
#466 = PRESENTATION_LAYER_ASSIGNMENT (  '', '', ( #1431 ) ) ;
#467 = DIRECTION ( 'NONE',  ( -0.7462074576397439400, 0.6657134745240099700, 0.0000000000000000000 ) ) ;
#468 = ORIENTED_EDGE ( 'NONE', *, *, #233, .F. ) ;
#469 = DIRECTION ( 'NONE',  ( -0.7462074576397439400, -0.6657134745240099700, 0.0000000000000000000 ) ) ;
#470 = EDGE_LOOP ( 'NONE', ( #930, #1966, #1031, #459 ) ) ;
#471 = ORIENTED_EDGE ( 'NONE', *, *, #472, .F. ) ;
#472 = EDGE_CURVE ( 'NONE', #2240, #2392, #2450, .T. ) ;
#473 = SURFACE_STYLE_USAGE ( .BOTH. , #991 ) ;
#474 = ORIENTED_EDGE ( 'NONE', *, *, #2916, .T. ) ;
#475 = FILL_AREA_STYLE ('',( #508 ) ) ;
#476 = SURFACE_STYLE_FILL_AREA ( #215 ) ;
#477 = CARTESIAN_POINT ( 'NONE',  ( 6.099999999999999600, -5.000000000000000000, 1.499999999999999800 ) ) ;
#478 = DIRECTION ( 'NONE',  ( -0.0000000000000000000, -0.0000000000000000000, -1.000000000000000000 ) ) ;
#479 = EDGE_CURVE ( 'NONE', #1163, #80, #1613, .T. ) ;
#480 = DIRECTION ( 'NONE',  ( -1.000000000000000000, 0.0000000000000000000, 0.0000000000000000000 ) ) ;
#481 = FILL_AREA_STYLE_COLOUR ( '', #1222 ) ;
#482 = FACE_OUTER_BOUND ( 'NONE', #659, .T. ) ;
#483 = CARTESIAN_POINT ( 'NONE',  ( 0.2399999760000000300, 0.7500000000000000000, 0.2399999759999998600 ) ) ;
#484 = VECTOR ( 'NONE', #1284, 1000.000000000000000 ) ;
#485 = STYLED_ITEM ( 'NONE', ( #1600 ), #1556 ) ;
#486 = CARTESIAN_POINT ( 'NONE',  ( 3.191721922791935600, 3.449904874210175000, 2.504999999999999900 ) ) ;
#487 = LINE ( 'NONE', #931, #2754 ) ;
#488 = DIRECTION ( 'NONE',  ( -5.694109626320597000E-016, 1.000000000000000000, 0.0000000000000000000 ) ) ;
#489 = VECTOR ( 'NONE', #1189, 1000.000000000000000 ) ;
#490 = LINE ( 'NONE', #1610, #2918 ) ;
#491 = CARTESIAN_POINT ( 'NONE',  ( 4.364804846819976300, 3.603410487004079100, 2.500000000000000000 ) ) ;
#492 = DIRECTION ( 'NONE',  ( -0.0000000000000000000, 1.000000000000000000, -0.0000000000000000000 ) ) ;
#493 = CARTESIAN_POINT ( 'NONE',  ( 1.541520000000000200, 2.796950000000000300, 2.504999999999999900 ) ) ;
#494 = CARTESIAN_POINT ( 'NONE',  ( 0.5000000000000000000, 6.500000000000000000, 0.5000000000000000000 ) ) ;
#495 = FACE_OUTER_BOUND ( 'NONE', #1922, .T. ) ;
#496 = EDGE_CURVE ( 'NONE', #2247, #1620, #1111, .T. ) ;
#497 = LINE ( 'NONE', #538, #353 ) ;
#498 = CARTESIAN_POINT ( 'NONE',  ( 4.599999999999999600, 1.592040838891559300E-016, 2.500000000000000000 ) ) ;
#499 = FACE_OUTER_BOUND ( 'NONE', #1277, .T. ) ;
#500 = EDGE_CURVE ( 'NONE', #223, #1814, #2, .T. ) ;
#501 = ORIENTED_EDGE ( 'NONE', *, *, #1154, .T. ) ;
#502 = VERTEX_POINT ( 'NONE', #2003 ) ;
#503 = ORIENTED_EDGE ( 'NONE', *, *, #2275, .F. ) ;
#504 = AXIS2_PLACEMENT_3D ( 'NONE', #1692, #1012, #1210 ) ;
#505 = ORIENTED_EDGE ( 'NONE', *, *, #1510, .F. ) ;
#506 = PRESENTATION_LAYER_ASSIGNMENT (  '', '', ( #2930 ) ) ;
#507 = ORIENTED_EDGE ( 'NONE', *, *, #2811, .T. ) ;
#508 = FILL_AREA_STYLE_COLOUR ( '', #1355 ) ;
#509 = CARTESIAN_POINT ( 'NONE',  ( 1.099999999999999900, -5.000000000000000000, 1.249999999999999800 ) ) ;
#510 = ORIENTED_EDGE ( 'NONE', *, *, #83, .F. ) ;
#511 = VERTEX_POINT ( 'NONE', #369 ) ;
#512 = DIRECTION ( 'NONE',  ( -1.000000000000000000, 0.0000000000000000000, 0.0000000000000000000 ) ) ;
#513 = CARTESIAN_POINT ( 'NONE',  ( 1.896347704701140800, 3.234836156756169400, 2.504999999999999900 ) ) ;
#514 =( NAMED_UNIT ( * ) PLANE_ANGLE_UNIT ( ) SI_UNIT ( $, .RADIAN. ) );
#515 = EDGE_CURVE ( 'NONE', #581, #663, #607, .T. ) ;
#516 = CARTESIAN_POINT ( 'NONE',  ( 2.317493189286735000, 2.796949999999975000, 2.500000000000000000 ) ) ;
#517 = VECTOR ( 'NONE', #1139, 1000.000000000000200 ) ;
#518 = CARTESIAN_POINT ( 'NONE',  ( 2.295189204348064400, 2.583494356027243600, 0.2399999759999998600 ) ) ;
#519 = CARTESIAN_POINT ( 'NONE',  ( 2.407467898767586200, 2.796949999999974100, 2.500000000000000000 ) ) ;
#520 = FACE_OUTER_BOUND ( 'NONE', #1883, .T. ) ;
#521 = STYLED_ITEM ( 'NONE', ( #2491 ), #244 ) ;
#522 = CARTESIAN_POINT ( 'NONE',  ( 4.505811966795357100, 3.299876377738383500, 2.500000000000000000 ) ) ;
#523 = CARTESIAN_POINT ( 'NONE',  ( 4.549459830371603200, 3.449877900810487400, 2.504999999999999900 ) ) ;
#524 = FILL_AREA_STYLE ('',( #1952 ) ) ;
#525 = CARTESIAN_POINT ( 'NONE',  ( 2.512466725252863400, 3.603410487004079100, 2.504999999999999900 ) ) ;
#526 = DIRECTION ( 'NONE',  ( 1.000000000000000000, 0.0000000000000000000, 0.0000000000000000000 ) ) ;
#527 = COLOUR_RGB ( '',0.4980392156862745200, 0.4980392156862745200, 0.4980392156862745200 ) ;
#528 = LINE ( 'NONE', #1464, #716 ) ;
#529 =( NAMED_UNIT ( * ) SI_UNIT ( $, .STERADIAN. ) SOLID_ANGLE_UNIT ( ) );
#530 = ADVANCED_FACE ( 'NONE', ( #1472 ), #2248, .F. ) ;
#531 = VECTOR ( 'NONE', #951, 1000.000000000000000 ) ;
#532 = LINE ( 'NONE', #1749, #2334 ) ;
#533 = CARTESIAN_POINT ( 'NONE',  ( 4.963486790438300200, 3.603410487004079100, 2.504999999999999900 ) ) ;
#534 = CARTESIAN_POINT ( 'NONE',  ( 1.541520000000000200, 2.796950000000000300, 2.500000000000000000 ) ) ;
#535 = ORIENTED_EDGE ( 'NONE', *, *, #441, .F. ) ;
#536 = EDGE_CURVE ( 'NONE', #2097, #1561, #420, .T. ) ;
#537 =( NAMED_UNIT ( * ) SI_UNIT ( $, .STERADIAN. ) SOLID_ANGLE_UNIT ( ) );
#538 = CARTESIAN_POINT ( 'NONE',  ( 2.135986736370306900, 3.234836156756174300, 2.504999999999999900 ) ) ;
#539 = SURFACE_SIDE_STYLE ('',( #418 ) ) ;
#540 = SURFACE_SIDE_STYLE ('',( #2142 ) ) ;
#541 = ADVANCED_FACE ( 'NONE', ( #2647 ), #2296, .F. ) ;
#542 = ORIENTED_EDGE ( 'NONE', *, *, #312, .T. ) ;
#543 = EDGE_LOOP ( 'NONE', ( #155, #1811 ) ) ;
#544 = EDGE_CURVE ( 'NONE', #1228, #3002, #1912, .T. ) ;
#545 = UNCERTAINTY_MEASURE_WITH_UNIT (LENGTH_MEASURE( 1.000000000000000100E-005 ), #925, 'distance_accuracy_value', 'NONE');
#546 = DIRECTION ( 'NONE',  ( -1.000000000000000000, -1.693947318196328000E-016, 0.0000000000000000000 ) ) ;
#547 = ORIENTED_EDGE ( 'NONE', *, *, #1491, .F. ) ;
#548 =( LENGTH_UNIT ( ) NAMED_UNIT ( * ) SI_UNIT ( .MILLI., .METRE. ) );
#549 = SURFACE_SIDE_STYLE ('',( #956 ) ) ;
#550 = VERTEX_POINT ( 'NONE', #157 ) ;
#551 = PLANE ( 'NONE',  #2445 ) ;
#552 = PRESENTATION_LAYER_ASSIGNMENT (  '', '', ( #2322 ) ) ;
#553 = CARTESIAN_POINT ( 'NONE',  ( 1.099999999999999900, 0.7500000000000000000, 0.9999999999999997800 ) ) ;
#554 = VERTEX_POINT ( 'NONE', #166 ) ;
#555 = VERTEX_POINT ( 'NONE', #1584 ) ;
#556 = CARTESIAN_POINT ( 'NONE',  ( 3.600000000000000100, 0.2241200000000001500, 0.0000000000000000000 ) ) ;
#557 = ORIENTED_EDGE ( 'NONE', *, *, #1491, .T. ) ;
#558 = FILL_AREA_STYLE ('',( #1257 ) ) ;
#559 = EDGE_CURVE ( 'NONE', #591, #1587, #3025, .T. ) ;
#560 = SURFACE_STYLE_USAGE ( .BOTH. , #2161 ) ;
#561 = CARTESIAN_POINT ( 'NONE',  ( 0.0000000000000000000, 0.0000000000000000000, 0.0000000000000000000 ) ) ;
#562 = EDGE_CURVE ( 'NONE', #612, #2065, #1219, .T. ) ;
#563 = CARTESIAN_POINT ( 'NONE',  ( 1.904329379275885500, 3.259504556061610700, 2.504999999999999900 ) ) ;
#564 = CARTESIAN_POINT ( 'NONE',  ( 3.913938578914311100, 3.603410487004079100, 2.504999999999999900 ) ) ;
#565 = LINE ( 'NONE', #1218, #2484 ) ;
#566 = ADVANCED_FACE ( 'NONE', ( #453 ), #2305, .F. ) ;
#567 = VECTOR ( 'NONE', #923, 1000.000000000000000 ) ;
#568 = VERTEX_POINT ( 'NONE', #411 ) ;
#569 = FACE_BOUND ( 'NONE', #899, .T. ) ;
#570 = DIRECTION ( 'NONE',  ( -0.0000000000000000000, -0.0000000000000000000, -1.000000000000000000 ) ) ;
#571 = AXIS2_PLACEMENT_3D ( 'NONE', #1673, #467, #2943 ) ;
#572 =( NAMED_UNIT ( * ) PLANE_ANGLE_UNIT ( ) SI_UNIT ( $, .RADIAN. ) );
#573 = LINE ( 'NONE', #2982, #2529 ) ;
#574 = VECTOR ( 'NONE', #2679, 1000.000000000000000 ) ;
#575 = ADVANCED_FACE ( 'NONE', ( #2300 ), #1810, .F. ) ;
#576 = CARTESIAN_POINT ( 'NONE',  ( 3.628189149030495800, 3.027264753342405100, 2.504999999999999900 ) ) ;
#577 = FACE_OUTER_BOUND ( 'NONE', #1998, .T. ) ;
#578 = LINE ( 'NONE', #1215, #725 ) ;
#579 = ORIENTED_EDGE ( 'NONE', *, *, #2974, .T. ) ;
#580 = SURFACE_SIDE_STYLE ('',( #382 ) ) ;
#581 = VERTEX_POINT ( 'NONE', #2766 ) ;
#582 = VECTOR ( 'NONE', #1567, 1000.000000000000000 ) ;
#583 = CARTESIAN_POINT ( 'NONE',  ( 3.657174892515335800, 2.796949999999975000, 2.504999999999999900 ) ) ;
#584 = EDGE_CURVE ( 'NONE', #1888, #1814, #2917, .T. ) ;
#585 = EDGE_LOOP ( 'NONE', ( #342, #1752, #2125, #54 ) ) ;
#586 = DIRECTION ( 'NONE',  ( -1.000000000000000000, -1.002616505299178800E-015, 0.0000000000000000000 ) ) ;
#587 = ORIENTED_EDGE ( 'NONE', *, *, #1007, .T. ) ;
#588 = ORIENTED_EDGE ( 'NONE', *, *, #701, .F. ) ;
#589 =( NAMED_UNIT ( * ) PLANE_ANGLE_UNIT ( ) SI_UNIT ( $, .RADIAN. ) );
#590 = AXIS2_PLACEMENT_3D ( 'NONE', #1208, #1676, #1521 ) ;
#591 = VERTEX_POINT ( 'NONE', #635 ) ;
#592 = CARTESIAN_POINT ( 'NONE',  ( 5.659429906016654000, 3.603410487004079100, 2.504999999999999900 ) ) ;
#593 = CARTESIAN_POINT ( 'NONE',  ( 2.512466725252863400, 3.603410487004079100, 2.500000000000000000 ) ) ;
#594 = ORIENTED_EDGE ( 'NONE', *, *, #87, .T. ) ;
#595 = DIRECTION ( 'NONE',  ( -0.05596501978069370200, -0.9984327301130239100, 0.0000000000000000000 ) ) ;
#596 = DIRECTION ( 'NONE',  ( -0.2745159998572630500, -0.9615825319869153500, 0.0000000000000000000 ) ) ;
#597 = PRESENTATION_STYLE_ASSIGNMENT (( #2436 ) ) ;
#598 = FACE_OUTER_BOUND ( 'NONE', #2666, .T. ) ;
#599 = CARTESIAN_POINT ( 'NONE',  ( 0.5000000000000000000, 6.500000000000000000, 2.000000000000000000 ) ) ;
#600 = CARTESIAN_POINT ( 'NONE',  ( 1.926678603685347200, -0.7547352825893244300, 0.2399999759999998600 ) ) ;
#601 = PRESENTATION_STYLE_ASSIGNMENT (( #1268 ) ) ;
#602 = EDGE_CURVE ( 'NONE', #1115, #1961, #1364, .T. ) ;
#603 = CARTESIAN_POINT ( 'NONE',  ( 7.200000000000000200, 5.999999999999998200, 0.0000000000000000000 ) ) ;
#604 = FACE_OUTER_BOUND ( 'NONE', #1819, .T. ) ;
#605 = DIRECTION ( 'NONE',  ( -0.2763173343569615400, -0.9610664548999008300, 0.0000000000000000000 ) ) ;
#606 = AXIS2_PLACEMENT_3D ( 'NONE', #2902, #2472, #596 ) ;
#607 = LINE ( 'NONE', #1790, #1546 ) ;
#608 = DIRECTION ( 'NONE',  ( 0.0000000000000000000, -0.0000000000000000000, -1.000000000000000000 ) ) ;
#609 = LINE ( 'NONE', #667, #1946 ) ;
#610 = DIRECTION ( 'NONE',  ( 0.2755265765475026200, 0.9612934544747576700, 0.0000000000000000000 ) ) ;
#611 = STYLED_ITEM ( 'NONE', ( #1611 ), #3024 ) ;
#612 = VERTEX_POINT ( 'NONE', #1160 ) ;
#613 = CIRCLE ( 'NONE', #745, 0.2500000000000000000 ) ;
#614 = DIRECTION ( 'NONE',  ( 0.9999891854650020400, -0.004650693823678667000, 0.0000000000000000000 ) ) ;
#615 = LINE ( 'NONE', #2456, #880 ) ;
#616 = DIRECTION ( 'NONE',  ( 1.000000000000000000, 1.002616505299178600E-015, 0.0000000000000000000 ) ) ;
#617 = DIRECTION ( 'NONE',  ( -0.9999999968487352000, 7.938847109813992900E-005, 0.0000000000000000000 ) ) ;
#618 = ORIENTED_EDGE ( 'NONE', *, *, #1915, .F. ) ;
#619 = VERTEX_POINT ( 'NONE', #1591 ) ;
#620 = EDGE_CURVE ( 'NONE', #2156, #2172, #1735, .T. ) ;
#621 = ADVANCED_FACE ( 'NONE', ( #1982 ), #1372, .T. ) ;
#622 = VERTEX_POINT ( 'NONE', #383 ) ;
#623 = DIRECTION ( 'NONE',  ( -0.3829140317376763000, 0.9237839814038765200, 0.0000000000000000000 ) ) ;
#624 = EDGE_CURVE ( 'NONE', #2159, #1457, #1287, .T. ) ;
#625 = DIRECTION ( 'NONE',  ( -1.341834340002828800E-017, 0.0000000000000000000, 1.000000000000000000 ) ) ;
#626 = ORIENTED_EDGE ( 'NONE', *, *, #1820, .T. ) ;
#627 = DIRECTION ( 'NONE',  ( -1.000000000000000000, 0.0000000000000000000, 0.0000000000000000000 ) ) ;
#628 = ORIENTED_EDGE ( 'NONE', *, *, #1486, .F. ) ;
#629 = AXIS2_PLACEMENT_3D ( 'NONE', #1725, #772, #586 ) ;
#630 = EDGE_LOOP ( 'NONE', ( #1863, #963, #777, #1192 ) ) ;
#631 = DIRECTION ( 'NONE',  ( 1.000000000000000000, 0.0000000000000000000, 0.0000000000000000000 ) ) ;
#632 = AXIS2_PLACEMENT_3D ( 'NONE', #2162, #72, #1726 ) ;
#633 = CARTESIAN_POINT ( 'NONE',  ( 6.699999999999999300, 6.500000000000000000, 2.500000000000000000 ) ) ;
#634 = ORIENTED_EDGE ( 'NONE', *, *, #2708, .F. ) ;
#635 = CARTESIAN_POINT ( 'NONE',  ( 1.099999999999999900, -5.000000000000000000, 1.499999999999999800 ) ) ;
#636 = VECTOR ( 'NONE', #2180, 1000.000000000000000 ) ;
#637 = FACE_OUTER_BOUND ( 'NONE', #1483, .T. ) ;
#638 = LINE ( 'NONE', #376, #3053 ) ;
#639 = EDGE_CURVE ( 'NONE', #1366, #2317, #1001, .T. ) ;
#640 = VERTEX_POINT ( 'NONE', #2577 ) ;
#641 = SURFACE_STYLE_FILL_AREA ( #1361 ) ;
#642 = EDGE_CURVE ( 'NONE', #1207, #2426, #39, .T. ) ;
#643 = PRESENTATION_STYLE_ASSIGNMENT (( #2193 ) ) ;
#644 = CARTESIAN_POINT ( 'NONE',  ( 3.132726194629763300, 2.796949999999975000, 2.500000000000000000 ) ) ;
#645 = LINE ( 'NONE', #387, #1697 ) ;
#646 = FACE_OUTER_BOUND ( 'NONE', #1089, .T. ) ;
#647 = DIRECTION ( 'NONE',  ( -0.0000000000000000000, -1.000000000000000000, -0.0000000000000000000 ) ) ;
#648 = ORIENTED_EDGE ( 'NONE', *, *, #847, .T. ) ;
#649 =( NAMED_UNIT ( * ) PLANE_ANGLE_UNIT ( ) SI_UNIT ( $, .RADIAN. ) );
#650 = EDGE_LOOP ( 'NONE', ( #2932, #2230, #1850, #697 ) ) ;
#651 = PRODUCT_DEFINITION ( 'UNKNOWN', '', #1943, #2938 ) ;
#652 = CARTESIAN_POINT ( 'NONE',  ( 6.960000023999999300, 0.0000000000000000000, 2.260000023999999600 ) ) ;
#653 = ORIENTED_EDGE ( 'NONE', *, *, #251, .F. ) ;
#654 = DIRECTION ( 'NONE',  ( 0.0000000000000000000, -0.0000000000000000000, -1.000000000000000000 ) ) ;
#655 = CARTESIAN_POINT ( 'NONE',  ( 2.317493189286735000, 2.796949999999975000, 2.500000000000000000 ) ) ;
#656 = ORIENTED_EDGE ( 'NONE', *, *, #245, .T. ) ;
#657 = SURFACE_STYLE_USAGE ( .BOTH. , #2069 ) ;
#658 = DIRECTION ( 'NONE',  ( -0.6657134745240099700, -0.7462074576397439400, -8.592476073527614000E-017 ) ) ;
#659 = EDGE_LOOP ( 'NONE', ( #1813, #1346, #3010, #401 ) ) ;
#660 = EDGE_CURVE ( 'NONE', #328, #2068, #1363, .T. ) ;
#661 = DIRECTION ( 'NONE',  ( 0.0000000000000000000, 0.0000000000000000000, 1.000000000000000000 ) ) ;
#662 = ORIENTED_EDGE ( 'NONE', *, *, #2763, .F. ) ;
#663 = VERTEX_POINT ( 'NONE', #1408 ) ;
#664 = MECHANICAL_DESIGN_GEOMETRIC_PRESENTATION_REPRESENTATION (  '', ( #2797 ), #1539 ) ;
#665 = DIRECTION ( 'NONE',  ( -0.0000000000000000000, -0.0000000000000000000, 1.000000000000000000 ) ) ;
#666 = COLOUR_RGB ( '',0.8980392156862745400, 0.9215686274509803400, 0.9294117647058823800 ) ;
#667 = CARTESIAN_POINT ( 'NONE',  ( 4.267646663553433600, 3.603410487004079100, 2.504999999999999900 ) ) ;
#668 = SURFACE_SIDE_STYLE ('',( #1776 ) ) ;
#669 = CARTESIAN_POINT ( 'NONE',  ( 6.699999999999999300, 6.500000000000000000, 2.000000000000000000 ) ) ;
#670 = PRESENTATION_STYLE_ASSIGNMENT (( #2808 ) ) ;
#671 = CARTESIAN_POINT ( 'NONE',  ( 1.904329379275885500, 3.259504556061610700, 2.500000000000000000 ) ) ;
#672 = LINE ( 'NONE', #1471, #103 ) ;
#673 = VECTOR ( 'NONE', #1017, 1000.000000000000000 ) ;
#674 = EDGE_CURVE ( 'NONE', #640, #970, #715, .T. ) ;
#675 = UNCERTAINTY_MEASURE_WITH_UNIT (LENGTH_MEASURE( 1.000000000000000100E-005 ), #1384, 'distance_accuracy_value', 'NONE');
#676 = LINE ( 'NONE', #1993, #42 ) ;
#677 = LINE ( 'NONE', #57, #2363 ) ;
#678 = CARTESIAN_POINT ( 'NONE',  ( 2.407467898767586200, 2.796949999999974100, 2.504999999999999900 ) ) ;
#679 = LINE ( 'NONE', #914, #2845 ) ;
#680 = AXIS2_PLACEMENT_3D ( 'NONE', #265, #2882, #273 ) ;
#681 = COLOUR_RGB ( '',0.7921568627450980000, 0.8196078431372548800, 0.9333333333333333500 ) ;
#682 = LINE ( 'NONE', #1684, #2492 ) ;
#683 = CARTESIAN_POINT ( 'NONE',  ( 3.657174892515335800, 2.796949999999975000, 2.500000000000000000 ) ) ;
#684 = EDGE_LOOP ( 'NONE', ( #1718, #2473, #2478, #1008, #1805, #1624, #2471, #1058 ) ) ;
#685 = VECTOR ( 'NONE', #3017, 1000.000000000000000 ) ;
#686 = DIRECTION ( 'NONE',  ( 1.000000000000000000, 0.0000000000000000000, 0.0000000000000000000 ) ) ;
#687 = LINE ( 'NONE', #1579, #1056 ) ;
#688 = STYLED_ITEM ( 'NONE', ( #1482 ), #2000 ) ;
#689 =( NAMED_UNIT ( * ) SI_UNIT ( $, .STERADIAN. ) SOLID_ANGLE_UNIT ( ) );
#690 = ORIENTED_EDGE ( 'NONE', *, *, #1045, .F. ) ;
#691 = ORIENTED_EDGE ( 'NONE', *, *, #975, .F. ) ;
#692 = CARTESIAN_POINT ( 'NONE',  ( 4.267646663553433600, 3.603410487004079100, 2.500000000000000000 ) ) ;
#693 = VERTEX_POINT ( 'NONE', #1633 ) ;
#694 = ORIENTED_EDGE ( 'NONE', *, *, #14, .F. ) ;
#695 = FILL_AREA_STYLE_COLOUR ( '', #1806 ) ;
#696 = EDGE_CURVE ( 'NONE', #550, #1784, #2114, .T. ) ;
#697 = ORIENTED_EDGE ( 'NONE', *, *, #208, .T. ) ;
#698 = CARTESIAN_POINT ( 'NONE',  ( 4.505811966795357100, 3.299876377738383500, 2.504999999999999900 ) ) ;
#699 = ORIENTED_EDGE ( 'NONE', *, *, #934, .T. ) ;
#700 = ADVANCED_FACE ( 'NONE', ( #2229 ), #449, .F. ) ;
#701 = EDGE_CURVE ( 'NONE', #619, #1638, #955, .T. ) ;
#702 = PLANE ( 'NONE',  #1849 ) ;
#703 = VERTEX_POINT ( 'NONE', #3046 ) ;
#704 = VECTOR ( 'NONE', #2281, 1000.000000000000000 ) ;
#705 = DIRECTION ( 'NONE',  ( 0.2764273280489764600, 0.9610348236706636200, 0.0000000000000000000 ) ) ;
#706 = STYLED_ITEM ( 'NONE', ( #1498 ), #1793 ) ;
#707 = DIRECTION ( 'NONE',  ( 0.9280290862137038400, 0.3725077383643967700, -0.0000000000000000000 ) ) ;
#708 = AXIS2_PLACEMENT_3D ( 'NONE', #952, #1686, #800 ) ;
#709 = CARTESIAN_POINT ( 'NONE',  ( 3.659203313286182500, 3.603410487004079100, 2.504999999999999900 ) ) ;
#710 = LINE ( 'NONE', #2165, #2602 ) ;
#711 = DIRECTION ( 'NONE',  ( -1.693947318196328000E-016, 1.000000000000000000, 0.0000000000000000000 ) ) ;
#712 = ORIENTED_EDGE ( 'NONE', *, *, #2029, .T. ) ;
#713 = EDGE_CURVE ( 'NONE', #3003, #2066, #2011, .T. ) ;
#714 = CARTESIAN_POINT ( 'NONE',  ( 5.206830985609593100, 2.796949999999975000, 2.500000000000000000 ) ) ;
#715 = LINE ( 'NONE', #241, #1428 ) ;
#716 = VECTOR ( 'NONE', #2654, 1000.000000000000100 ) ;
#717 = LINE ( 'NONE', #2178, #1324 ) ;
#718 = FACE_OUTER_BOUND ( 'NONE', #1448, .T. ) ;
#719 = EDGE_CURVE ( 'NONE', #502, #1515, #2362, .T. ) ;
#720 = LINE ( 'NONE', #518, #2195 ) ;
#721 = CARTESIAN_POINT ( 'NONE',  ( 5.164198302680624400, 3.447697959758514200, 2.500000000000000000 ) ) ;
#722 = VERTEX_POINT ( 'NONE', #442 ) ;
#723 = DIRECTION ( 'NONE',  ( -1.000000000000000000, 0.0000000000000000000, 0.0000000000000000000 ) ) ;
#724 = PRESENTATION_STYLE_ASSIGNMENT (( #947 ) ) ;
#725 = VECTOR ( 'NONE', #1344, 1000.000000000000100 ) ;
#726 = AXIS2_PLACEMENT_3D ( 'NONE', #1914, #276, #1907 ) ;
#727 = EDGE_LOOP ( 'NONE', ( #3047, #434, #1168, #2501 ) ) ;
#728 = ORIENTED_EDGE ( 'NONE', *, *, #1530, .T. ) ;
#729 = FILL_AREA_STYLE_COLOUR ( '', #421 ) ;
#730 = ORIENTED_EDGE ( 'NONE', *, *, #2430, .F. ) ;
#731 = AXIS2_PLACEMENT_3D ( 'NONE', #992, #1688, #1458 ) ;
#732 = DIRECTION ( 'NONE',  ( -0.0000000000000000000, 1.000000000000000000, -0.0000000000000000000 ) ) ;
#733 = CARTESIAN_POINT ( 'NONE',  ( 2.639534762392015600, 3.603410487004079100, 2.504999999999999900 ) ) ;
#734 = DIRECTION ( 'NONE',  ( -0.7462074576397439400, 0.6657134745240099700, 0.0000000000000000000 ) ) ;
#735 = ORIENTED_EDGE ( 'NONE', *, *, #104, .F. ) ;
#736 =( NAMED_UNIT ( * ) PLANE_ANGLE_UNIT ( ) SI_UNIT ( $, .RADIAN. ) );
#737 = EDGE_LOOP ( 'NONE', ( #1335, #47, #150, #1594 ) ) ;
#738 = PLANE ( 'NONE',  #2678 ) ;
#739 = DIRECTION ( 'NONE',  ( 0.0000000000000000000, -1.000000000000000000, 0.0000000000000000000 ) ) ;
#740 = ORIENTED_EDGE ( 'NONE', *, *, #2098, .T. ) ;
#741 = DIRECTION ( 'NONE',  ( -0.0000000000000000000, -1.000000000000000000, -0.0000000000000000000 ) ) ;
#742 = EDGE_CURVE ( 'NONE', #1834, #1824, #1695, .T. ) ;
#743 = VERTEX_POINT ( 'NONE', #2800 ) ;
#744 = DIRECTION ( 'NONE',  ( 0.2755520632520602200, 0.9612861490927312500, 0.0000000000000000000 ) ) ;
#745 = AXIS2_PLACEMENT_3D ( 'NONE', #177, #1832, #185 ) ;
#746 = DIRECTION ( 'NONE',  ( -0.2764273280489764600, -0.9610348236706636200, 0.0000000000000000000 ) ) ;
#747 = ADVANCED_FACE ( 'NONE', ( #239 ), #1542, .T. ) ;
#748 = SURFACE_STYLE_FILL_AREA ( #475 ) ;
#749 = CARTESIAN_POINT ( 'NONE',  ( 2.247068097692184600, 3.603410487004079100, 2.500000000000000000 ) ) ;
#750 = PLANE ( 'NONE',  #680 ) ;
#751 = AXIS2_PLACEMENT_3D ( 'NONE', #919, #2561, #1167 ) ;
#752 = VECTOR ( 'NONE', #1345, 1000.000000000000000 ) ;
#753 = DIRECTION ( 'NONE',  ( -0.0000000000000000000, 1.000000000000000000, -0.0000000000000000000 ) ) ;
#754 = CARTESIAN_POINT ( 'NONE',  ( 5.614675780601335700, 3.447680430667800600, 2.504999999999999900 ) ) ;
#755 = FACE_OUTER_BOUND ( 'NONE', #1927, .T. ) ;
#756 = VECTOR ( 'NONE', #203, 1000.000000000000000 ) ;
#757 = EDGE_CURVE ( 'NONE', #1620, #554, #2145, .T. ) ;
#758 = LINE ( 'NONE', #853, #173 ) ;
#759 = CARTESIAN_POINT ( 'NONE',  ( 6.099999999999999600, 0.7499999999999997800, 1.499999999999999800 ) ) ;
#760 = CARTESIAN_POINT ( 'NONE',  ( 6.960000023999999300, 0.7500000000000000000, 0.2399999759999998600 ) ) ;
#761 = LINE ( 'NONE', #1016, #1326 ) ;
#762 = EDGE_CURVE ( 'NONE', #163, #2848, #908, .T. ) ;
#763 = ORIENTED_EDGE ( 'NONE', *, *, #757, .T. ) ;
#764 = DIRECTION ( 'NONE',  ( 1.000000000000000000, 0.0000000000000000000, 0.0000000000000000000 ) ) ;
#765 = CIRCLE ( 'NONE', #2713, 0.2500000000000000000 ) ;
#766 = SURFACE_STYLE_FILL_AREA ( #859 ) ;
#767 = PRODUCT_CONTEXT ( 'NONE', #1976, 'mechanical' ) ;
#768 = ORIENTED_EDGE ( 'NONE', *, *, #946, .F. ) ;
#769 = AXIS2_PLACEMENT_3D ( 'NONE', #509, #753, #2405 ) ;
#770 = DIRECTION ( 'NONE',  ( -0.0000000000000000000, -0.0000000000000000000, -1.000000000000000000 ) ) ;
#771 = ORIENTED_EDGE ( 'NONE', *, *, #1935, .T. ) ;
#772 = DIRECTION ( 'NONE',  ( -1.002616505299178800E-015, 1.000000000000000000, 0.0000000000000000000 ) ) ;
#773 = DIRECTION ( 'NONE',  ( -0.0000000000000000000, 1.000000000000000000, -0.0000000000000000000 ) ) ;
#774 = DIRECTION ( 'NONE',  ( 0.0000000000000000000, 0.0000000000000000000, -1.000000000000000000 ) ) ;
#775 = CARTESIAN_POINT ( 'NONE',  ( 4.742143078915924000, 2.796949999999975000, 2.500000000000000000 ) ) ;
#776 = AXIS2_PLACEMENT_3D ( 'NONE', #2979, #2024, #608 ) ;
#777 = ORIENTED_EDGE ( 'NONE', *, *, #2153, .F. ) ;
#778 = DIRECTION ( 'NONE',  ( 0.9610664548999008300, -0.2763173343569616000, 0.0000000000000000000 ) ) ;
#779 = ADVANCED_FACE ( 'NONE', ( #384 ), #702, .F. ) ;
#780 = VERTEX_POINT ( 'NONE', #1227 ) ;
#781 = EDGE_CURVE ( 'NONE', #2247, #1278, #2564, .T. ) ;
#782 = UNCERTAINTY_MEASURE_WITH_UNIT (LENGTH_MEASURE( 1.000000000000000100E-005 ), #790, 'distance_accuracy_value', 'NONE');
#783 = ORIENTED_EDGE ( 'NONE', *, *, #229, .F. ) ;
#784 = DIRECTION ( 'NONE',  ( 1.000000000000000000, 0.0000000000000000000, 0.0000000000000000000 ) ) ;
#785 = ORIENTED_EDGE ( 'NONE', *, *, #2625, .T. ) ;
#786 = CARTESIAN_POINT ( 'NONE',  ( 2.680997780657855300, 2.950379596853213800, 2.504999999999999900 ) ) ;
#787 = EDGE_CURVE ( 'NONE', #693, #3002, #319, .T. ) ;
#788 = DIRECTION ( 'NONE',  ( 0.4668459304955080400, 0.8843386665637680300, 0.0000000000000000000 ) ) ;
#789 = DIRECTION ( 'NONE',  ( -0.9610876102172850600, 0.2762437428917223800, 0.0000000000000000000 ) ) ;
#790 =( LENGTH_UNIT ( ) NAMED_UNIT ( * ) SI_UNIT ( .MILLI., .METRE. ) );
#791 = CARTESIAN_POINT ( 'NONE',  ( 5.614675780601335700, 3.447680430667800600, 2.500000000000000000 ) ) ;
#792 = VECTOR ( 'NONE', #1245, 1000.000000000000000 ) ;
#793 =( GEOMETRIC_REPRESENTATION_CONTEXT ( 3 ) GLOBAL_UNCERTAINTY_ASSIGNED_CONTEXT ( ( #2457 ) ) GLOBAL_UNIT_ASSIGNED_CONTEXT ( ( #2140, #30, #48 ) ) REPRESENTATION_CONTEXT ( 'NONE', 'WORKASPACE' ) );
#794 = LINE ( 'NONE', #870, #2639 ) ;
#795 = FILL_AREA_STYLE_COLOUR ( '', #2407 ) ;
#796 = CARTESIAN_POINT ( 'NONE',  ( 0.0000000000000000000, 0.0000000000000000000, 2.500000000000000000 ) ) ;
#797 = MECHANICAL_DESIGN_GEOMETRIC_PRESENTATION_REPRESENTATION (  '', ( #2930 ), #2056 ) ;
#798 = LINE ( 'NONE', #1405, #1286 ) ;
#799 = DIRECTION ( 'NONE',  ( -0.0000000000000000000, -0.0000000000000000000, -1.000000000000000000 ) ) ;
#800 = DIRECTION ( 'NONE',  ( 0.7059037656364501900, 0.7083077534943971200, 0.0000000000000000000 ) ) ;
#801 = CARTESIAN_POINT ( 'NONE',  ( 0.0000000000000000000, 0.0000000000000000000, 2.500000000000000000 ) ) ;
#802 = PRESENTATION_STYLE_ASSIGNMENT (( #1864 ) ) ;
#803 = VECTOR ( 'NONE', #937, 1000.000000000000000 ) ;
#804 = CARTESIAN_POINT ( 'NONE',  ( 4.785687953151047200, 2.950409022377217500, 2.504999999999999900 ) ) ;
#805 = PRESENTATION_STYLE_ASSIGNMENT (( #1187 ) ) ;
#806 = ORIENTED_EDGE ( 'NONE', *, *, #172, .F. ) ;
#807 = EDGE_CURVE ( 'NONE', #1959, #2317, #1653, .T. ) ;
#808 = COLOUR_RGB ( '',0.4980392156862745200, 0.4980392156862745200, 0.4980392156862745200 ) ;
#809 = DIRECTION ( 'NONE',  ( 1.000000000000000000, 5.694109626320596000E-016, 0.0000000000000000000 ) ) ;
#810 =( NAMED_UNIT ( * ) PLANE_ANGLE_UNIT ( ) SI_UNIT ( $, .RADIAN. ) );
#811 = DIRECTION ( 'NONE',  ( 0.0000000000000000000, 0.0000000000000000000, -1.000000000000000000 ) ) ;
#812 = ORIENTED_EDGE ( 'NONE', *, *, #1070, .F. ) ;
#813 = DIRECTION ( 'NONE',  ( 0.2793947940814923100, 0.9601763114346033600, 0.0000000000000000000 ) ) ;
#814 = EDGE_CURVE ( 'NONE', #210, #932, #2952, .T. ) ;
#815 = CARTESIAN_POINT ( 'NONE',  ( 7.200000000000000200, 6.000000000000000000, 0.0000000000000000000 ) ) ;
#816 = VERTEX_POINT ( 'NONE', #2868 ) ;
#817 = SURFACE_SIDE_STYLE ('',( #1798 ) ) ;
#818 = ADVANCED_FACE ( 'NONE', ( #1397 ), #2373, .F. ) ;
#819 = ORIENTED_EDGE ( 'NONE', *, *, #953, .F. ) ;
#820 = PRESENTATION_LAYER_ASSIGNMENT (  '', '', ( #2128 ) ) ;
#821 = DIRECTION ( 'NONE',  ( 0.0000000000000000000, 0.0000000000000000000, -1.000000000000000000 ) ) ;
#822 = ORIENTED_EDGE ( 'NONE', *, *, #2474, .T. ) ;
#823 =( LENGTH_UNIT ( ) NAMED_UNIT ( * ) SI_UNIT ( .MILLI., .METRE. ) );
#824 = PRESENTATION_LAYER_ASSIGNMENT (  '', '', ( #395 ) ) ;
#825 = DIRECTION ( 'NONE',  ( 0.0000000000000000000, 0.0000000000000000000, -1.000000000000000000 ) ) ;
#826 = VERTEX_POINT ( 'NONE', #1700 ) ;
#827 = DIRECTION ( 'NONE',  ( 1.000000000000000000, -0.0000000000000000000, -0.0000000000000000000 ) ) ;
#828 = UNCERTAINTY_MEASURE_WITH_UNIT (LENGTH_MEASURE( 1.000000000000000100E-005 ), #17, 'distance_accuracy_value', 'NONE');
#829 = ORIENTED_EDGE ( 'NONE', *, *, #1423, .T. ) ;
#830 = ADVANCED_FACE ( 'NONE', ( #1178 ), #1911, .F. ) ;
#831 = LINE ( 'NONE', #2487, #1970 ) ;
#832 = EDGE_CURVE ( 'NONE', #1674, #850, #565, .T. ) ;
#833 = AXIS2_PLACEMENT_3D ( 'NONE', #1835, #2063, #437 ) ;
#834 = VECTOR ( 'NONE', #1425, 1000.000000000000000 ) ;
#835 = CARTESIAN_POINT ( 'NONE',  ( 2.799944000000000400, 0.2241200000000000100, 0.0000000000000000000 ) ) ;
#836 = AXIS2_PLACEMENT_3D ( 'NONE', #363, #2244, #2219 ) ;
#837 = CARTESIAN_POINT ( 'NONE',  ( 6.960000023999999300, 0.7500000000000000000, 2.260000023999999600 ) ) ;
#838 = LINE ( 'NONE', #593, #1253 ) ;
#839 = VECTOR ( 'NONE', #945, 1000.000000000000000 ) ;
#840 = PRESENTATION_STYLE_ASSIGNMENT (( #154 ) ) ;
#841 = CARTESIAN_POINT ( 'NONE',  ( 1.541520000000000200, 2.796950000000000300, 2.504999999999999900 ) ) ;
#842 = PRESENTATION_STYLE_ASSIGNMENT (( #2214 ) ) ;
#843 = ADVANCED_FACE ( 'NONE', ( #2187 ), #2618, .F. ) ;
#844 = ORIENTED_EDGE ( 'NONE', *, *, #934, .F. ) ;
#845 = ORIENTED_EDGE ( 'NONE', *, *, #2255, .F. ) ;
#846 = DIRECTION ( 'NONE',  ( 0.2746918797667269900, 0.9615323037684286900, 0.0000000000000000000 ) ) ;
#847 = EDGE_CURVE ( 'NONE', #581, #2397, #1140, .T. ) ;
#848 = ORIENTED_EDGE ( 'NONE', *, *, #1751, .F. ) ;
#849 = DIRECTION ( 'NONE',  ( 0.0000000000000000000, -1.000000000000000000, 0.0000000000000000000 ) ) ;
#850 = VERTEX_POINT ( 'NONE', #3051 ) ;
#851 = MECHANICAL_DESIGN_GEOMETRIC_PRESENTATION_REPRESENTATION (  '', ( #521 ), #793 ) ;
#852 = EDGE_LOOP ( 'NONE', ( #1968, #1091, #2283, #1787 ) ) ;
#853 = CARTESIAN_POINT ( 'NONE',  ( 3.084201050762434900, 3.150816471500028200, 2.500000000000000000 ) ) ;
#854 = PLANE ( 'NONE',  #238 ) ;
#855 = PRESENTATION_LAYER_ASSIGNMENT (  '', '', ( #688 ) ) ;
#856 = EDGE_LOOP ( 'NONE', ( #712, #1780, #1559, #413 ) ) ;
#857 = ORIENTED_EDGE ( 'NONE', *, *, #559, .T. ) ;
#858 = CARTESIAN_POINT ( 'NONE',  ( 3.913938578914311100, 3.603410487004079100, 2.504999999999999900 ) ) ;
#859 = FILL_AREA_STYLE ('',( #2490 ) ) ;
#860 = ORIENTED_EDGE ( 'NONE', *, *, #762, .T. ) ;
#861 = FILL_AREA_STYLE ('',( #1573 ) ) ;
#862 = EDGE_CURVE ( 'NONE', #2059, #1817, #798, .T. ) ;
#863 = FACE_OUTER_BOUND ( 'NONE', #470, .T. ) ;
#864 = SURFACE_STYLE_USAGE ( .BOTH. , #1147 ) ;
#865 = SURFACE_STYLE_FILL_AREA ( #861 ) ;
#866 = EDGE_CURVE ( 'NONE', #1961, #2424, #1732, .T. ) ;
#867 = CARTESIAN_POINT ( 'NONE',  ( 0.2399999760000000300, 0.7500000000000000000, 0.2399999759999998600 ) ) ;
#868 = CARTESIAN_POINT ( 'NONE',  ( 5.206830985609593100, 2.796949999999975000, 2.504999999999999900 ) ) ;
#869 = VECTOR ( 'NONE', #2810, 1000.000000000000100 ) ;
#870 = CARTESIAN_POINT ( 'NONE',  ( 2.639534762392015600, 3.603410487004079100, 2.500000000000000000 ) ) ;
#871 = AXIS2_PLACEMENT_3D ( 'NONE', #556, #2425, #546 ) ;
#872 = SURFACE_STYLE_FILL_AREA ( #2080 ) ;
#873 = LINE ( 'NONE', #1276, #240 ) ;
#874 = LINE ( 'NONE', #721, #2489 ) ;
#875 = VECTOR ( 'NONE', #355, 1000.000000000000000 ) ;
#876 = DIRECTION ( 'NONE',  ( -0.9237839814038766300, -0.3829140317376763000, 0.0000000000000000000 ) ) ;
#877 = AXIS2_PLACEMENT_3D ( 'NONE', #451, #2040, #1432 ) ;
#878 = ORIENTED_EDGE ( 'NONE', *, *, #2025, .F. ) ;
#879 = ORIENTED_EDGE ( 'NONE', *, *, #1878, .F. ) ;
#880 = VECTOR ( 'NONE', #1308, 1000.000000000000200 ) ;
#881 = DIRECTION ( 'NONE',  ( -0.0000000000000000000, -0.0000000000000000000, -1.000000000000000000 ) ) ;
#882 = EDGE_LOOP ( 'NONE', ( #2432, #1153, #1990, #220, #1664, #1360, #2779, #2819 ) ) ;
#883 = DIRECTION ( 'NONE',  ( -0.0000000000000000000, -1.000000000000000000, -0.0000000000000000000 ) ) ;
#884 = VECTOR ( 'NONE', #741, 1000.000000000000000 ) ;
#885 = ORIENTED_EDGE ( 'NONE', *, *, #1159, .F. ) ;
#886 = FILL_AREA_STYLE ('',( #2277 ) ) ;
#887 = EDGE_CURVE ( 'NONE', #1455, #2934, #1576, .T. ) ;
#888 = VERTEX_POINT ( 'NONE', #1629 ) ;
#889 = ORIENTED_EDGE ( 'NONE', *, *, #83, .T. ) ;
#890 =( GEOMETRIC_REPRESENTATION_CONTEXT ( 3 ) GLOBAL_UNCERTAINTY_ASSIGNED_CONTEXT ( ( #828 ) ) GLOBAL_UNIT_ASSIGNED_CONTEXT ( ( #17, #433, #2816 ) ) REPRESENTATION_CONTEXT ( 'NONE', 'WORKASPACE' ) );
#891 = PLANE ( 'NONE',  #1590 ) ;
#892 = CARTESIAN_POINT ( 'NONE',  ( 6.960000023999999300, 0.0000000000000000000, 0.2399999759999998600 ) ) ;
#893 = PLANE ( 'NONE',  #140 ) ;
#894 = ORIENTED_EDGE ( 'NONE', *, *, #602, .T. ) ;
#895 = CARTESIAN_POINT ( 'NONE',  ( 1.099999999999999900, 0.7500000000000000000, 1.249999999999999800 ) ) ;
#896 = CARTESIAN_POINT ( 'NONE',  ( 0.0000000000000000000, 0.0000000000000000000, 2.500000000000000000 ) ) ;
#897 = AXIS2_PLACEMENT_3D ( 'NONE', #804, #2168, #2872 ) ;
#898 = DIRECTION ( 'NONE',  ( -0.0000000000000000000, -1.000000000000000000, -0.0000000000000000000 ) ) ;
#899 = EDGE_LOOP ( 'NONE', ( #1224, #20 ) ) ;
#900 =( NAMED_UNIT ( * ) PLANE_ANGLE_UNIT ( ) SI_UNIT ( $, .RADIAN. ) );
#901 = CARTESIAN_POINT ( 'NONE',  ( 4.742143078915924000, 2.796949999999975000, 2.504999999999999900 ) ) ;
#902 = PLANE ( 'NONE',  #422 ) ;
#903 = DIRECTION ( 'NONE',  ( 0.2755520632520602200, 0.9612861490927312500, 0.0000000000000000000 ) ) ;
#904 =( LENGTH_UNIT ( ) NAMED_UNIT ( * ) SI_UNIT ( .MILLI., .METRE. ) );
#905 = EDGE_CURVE ( 'NONE', #294, #1366, #2523, .T. ) ;
#906 = ORIENTED_EDGE ( 'NONE', *, *, #136, .T. ) ;
#907 = CARTESIAN_POINT ( 'NONE',  ( 4.919024819995339500, 3.448838198891324600, 2.504999999999999900 ) ) ;
#908 = LINE ( 'NONE', #1391, #2643 ) ;
#909 = AXIS2_PLACEMENT_3D ( 'NONE', #513, #1738, #2400 ) ;
#910 = DIRECTION ( 'NONE',  ( -0.9985542843760946100, 0.05375259206908576700, 0.0000000000000000000 ) ) ;
#911 = COLOUR_RGB ( '',0.4980392156862745200, 0.4980392156862745200, 0.4980392156862745200 ) ;
#912 = UNCERTAINTY_MEASURE_WITH_UNIT (LENGTH_MEASURE( 1.000000000000000100E-005 ), #2824, 'distance_accuracy_value', 'NONE');
#913 = SURFACE_STYLE_FILL_AREA ( #886 ) ;
#914 = CARTESIAN_POINT ( 'NONE',  ( 2.639534762392015600, 3.603410487004079100, 2.504999999999999900 ) ) ;
#915 = DIRECTION ( 'NONE',  ( -1.000000000000000000, 0.0000000000000000000, 0.0000000000000000000 ) ) ;
#916 = MECHANICAL_DESIGN_GEOMETRIC_PRESENTATION_REPRESENTATION (  '', ( #2128 ), #2884 ) ;
#917 = VECTOR ( 'NONE', #56, 1000.000000000000000 ) ;
#918 = VECTOR ( 'NONE', #90, 1000.000000000000000 ) ;
#919 = CARTESIAN_POINT ( 'NONE',  ( 2.247068097692184600, 3.603410487004079100, 2.504999999999999900 ) ) ;
#920 = UNCERTAINTY_MEASURE_WITH_UNIT (LENGTH_MEASURE( 1.000000000000000100E-005 ), #548, 'distance_accuracy_value', 'NONE');
#921 = CARTESIAN_POINT ( 'NONE',  ( 0.2399999760000001100, 0.2241199999999996300, 0.2399999759999998600 ) ) ;
#922 = ORIENTED_EDGE ( 'NONE', *, *, #866, .T. ) ;
#923 = DIRECTION ( 'NONE',  ( 1.000000000000000000, 0.0000000000000000000, 0.0000000000000000000 ) ) ;
#924 = EDGE_LOOP ( 'NONE', ( #542, #1118, #3, #1066 ) ) ;
#925 =( LENGTH_UNIT ( ) NAMED_UNIT ( * ) SI_UNIT ( .MILLI., .METRE. ) );
#926 = ORIENTED_EDGE ( 'NONE', *, *, #787, .F. ) ;
#927 = CARTESIAN_POINT ( 'NONE',  ( 1.099999999999999900, -5.000000000000000000, 1.249999999999999800 ) ) ;
#928 =( NAMED_UNIT ( * ) PLANE_ANGLE_UNIT ( ) SI_UNIT ( $, .RADIAN. ) );
#929 = EDGE_CURVE ( 'NONE', #743, #402, #381, .T. ) ;
#930 = ORIENTED_EDGE ( 'NONE', *, *, #2956, .T. ) ;
#931 = CARTESIAN_POINT ( 'NONE',  ( 5.273321396314652400, -0.7547352825893237600, 2.260000023999999100 ) ) ;
#932 = VERTEX_POINT ( 'NONE', #2795 ) ;
#933 = CARTESIAN_POINT ( 'NONE',  ( 4.599999999999999600, 1.592040838891559300E-016, 0.0000000000000000000 ) ) ;
#934 = EDGE_CURVE ( 'NONE', #2937, #2730, #2442, .T. ) ;
#935 = ORIENTED_EDGE ( 'NONE', *, *, #1138, .T. ) ;
#936 = PLANE ( 'NONE',  #1460 ) ;
#937 = DIRECTION ( 'NONE',  ( -0.0000000000000000000, -1.000000000000000000, -0.0000000000000000000 ) ) ;
#938 = CARTESIAN_POINT ( 'NONE',  ( 2.780642420226707500, 3.299903351138499200, 2.504999999999999900 ) ) ;
#939 = SURFACE_STYLE_USAGE ( .BOTH. , #2327 ) ;
#940 = MECHANICAL_DESIGN_GEOMETRIC_PRESENTATION_REPRESENTATION (  '', ( #1768 ), #2466 ) ;
#941 = VERTEX_POINT ( 'NONE', #671 ) ;
#942 = ORIENTED_EDGE ( 'NONE', *, *, #1251, .F. ) ;
#943 = ADVANCED_FACE ( 'NONE', ( #1693 ), #1639, .F. ) ;
#944 = VECTOR ( 'NONE', #1488, 1000.000000000000000 ) ;
#945 = DIRECTION ( 'NONE',  ( -0.0000000000000000000, -0.0000000000000000000, 1.000000000000000000 ) ) ;
#946 = EDGE_CURVE ( 'NONE', #1299, #1207, #487, .T. ) ;
#947 = SURFACE_STYLE_USAGE ( .BOTH. , #668 ) ;
#948 =( NAMED_UNIT ( * ) SI_UNIT ( $, .STERADIAN. ) SOLID_ANGLE_UNIT ( ) );
#949 = LINE ( 'NONE', #892, #2480 ) ;
#950 = CARTESIAN_POINT ( 'NONE',  ( 4.463277368953007400, 3.150816471498410400, 2.500000000000000000 ) ) ;
#951 = DIRECTION ( 'NONE',  ( -1.000000000000000000, 0.0000000000000000000, 0.0000000000000000000 ) ) ;
#952 = CARTESIAN_POINT ( 'NONE',  ( 1.904329379275885500, 3.259504556061610700, 2.504999999999999900 ) ) ;
#953 = EDGE_CURVE ( 'NONE', #555, #1026, #1833, .T. ) ;
#954 = DIRECTION ( 'NONE',  ( -0.9601763114346034700, 0.2793947940814923700, 0.0000000000000000000 ) ) ;
#955 = LINE ( 'NONE', #678, #2447 ) ;
#956 = SURFACE_STYLE_FILL_AREA ( #558 ) ;
#957 = VECTOR ( 'NONE', #2922, 1000.000000000000100 ) ;
#958 = AXIS2_PLACEMENT_3D ( 'NONE', #1037, #1516, #1940 ) ;
#959 = FACE_OUTER_BOUND ( 'NONE', #630, .T. ) ;
#960 =( BOUNDED_CURVE ( )  B_SPLINE_CURVE ( 3, ( #1434, #1675, #1051, #2682 ),
 .UNSPECIFIED., .F., .T. ) 
 B_SPLINE_CURVE_WITH_KNOTS ( ( 4, 4 ),
 ( 1.570796326794896800, 3.141592653589796700 ),
 .UNSPECIFIED. ) 
 CURVE ( )  GEOMETRIC_REPRESENTATION_ITEM ( )  RATIONAL_B_SPLINE_CURVE ( ( 1.000000000000000000, 0.8047378541243641600, 0.8047378541243641600, 1.000000000000000000 ) ) 
 REPRESENTATION_ITEM ( '' )  );
#961 = LINE ( 'NONE', #66, #574 ) ;
#962 = CARTESIAN_POINT ( 'NONE',  ( 3.276273718997839300, 2.796949999999975000, 2.504999999999999900 ) ) ;
#963 = ORIENTED_EDGE ( 'NONE', *, *, #399, .F. ) ;
#964 =( LENGTH_UNIT ( ) NAMED_UNIT ( * ) SI_UNIT ( .MILLI., .METRE. ) );
#965 = VECTOR ( 'NONE', #1393, 1000.000000000000100 ) ;
#966 = FACE_OUTER_BOUND ( 'NONE', #727, .T. ) ;
#967 =( GEOMETRIC_REPRESENTATION_CONTEXT ( 3 ) GLOBAL_UNCERTAINTY_ASSIGNED_CONTEXT ( ( #2027 ) ) GLOBAL_UNIT_ASSIGNED_CONTEXT ( ( #3049, #1892, #2792 ) ) REPRESENTATION_CONTEXT ( 'NONE', 'WORKASPACE' ) );
#968 = DIRECTION ( 'NONE',  ( -0.2732148821746285800, -0.9619530280415482500, 0.0000000000000000000 ) ) ;
#969 = EDGE_LOOP ( 'NONE', ( #501, #1343, #653, #740 ) ) ;
#970 = VERTEX_POINT ( 'NONE', #1853 ) ;
#971 = CARTESIAN_POINT ( 'NONE',  ( 4.977100999822999600, 2.796949999999975000, 2.504999999999999900 ) ) ;
#972 = ORIENTED_EDGE ( 'NONE', *, *, #2858, .F. ) ;
#973 = SURFACE_SIDE_STYLE ('',( #476 ) ) ;
#974 = ORIENTED_EDGE ( 'NONE', *, *, #2173, .F. ) ;
#975 = EDGE_CURVE ( 'NONE', #511, #1548, #3060, .T. ) ;
#976 = DIRECTION ( 'NONE',  ( -0.9619530280415483600, 0.2732148821746286400, 0.0000000000000000000 ) ) ;
#977 = ORIENTED_EDGE ( 'NONE', *, *, #975, .T. ) ;
#978 = SURFACE_STYLE_USAGE ( .BOTH. , #206 ) ;
#979 = DIRECTION ( 'NONE',  ( 0.0000000000000000000, -1.000000000000000000, 0.0000000000000000000 ) ) ;
#980 = PLANE ( 'NONE',  #1671 ) ;
#981 = CARTESIAN_POINT ( 'NONE',  ( 0.2399999760000000300, 0.7500000000000000000, 0.2399999759999998600 ) ) ;
#982 = ORIENTED_EDGE ( 'NONE', *, *, #385, .T. ) ;
#983 = EDGE_CURVE ( 'NONE', #340, #2415, #1108, .T. ) ;
#984 = ADVANCED_BREP_SHAPE_REPRESENTATION ( 'CFR_RB3_7.2X6.5X2.5_L7.2H6.5T2.5S5LL5F0.5', ( #268, #2941, #1793, #1383, #2401 ), #2385 ) ;
#985 = DIRECTION ( 'NONE',  ( -0.0000000000000000000, -0.0000000000000000000, -1.000000000000000000 ) ) ;
#986 = ADVANCED_FACE ( 'NONE', ( #450 ), #1156, .F. ) ;
#987 = VERTEX_POINT ( 'NONE', #1650 ) ;
#988 = CARTESIAN_POINT ( 'NONE',  ( 2.317493189286735000, 2.796949999999975000, 2.504999999999999900 ) ) ;
#989 = CARTESIAN_POINT ( 'NONE',  ( 3.128054893019331000, 2.950379596853213800, 2.504999999999999900 ) ) ;
#990 = FACE_OUTER_BOUND ( 'NONE', #1885, .T. ) ;
#991 = SURFACE_SIDE_STYLE ('',( #2764 ) ) ;
#992 = CARTESIAN_POINT ( 'NONE',  ( 4.809316650534388100, 3.150816471498411300, 2.504999999999999900 ) ) ;
#993 = CARTESIAN_POINT ( 'NONE',  ( 2.600000000000000500, 1.592040838891559300E-016, 0.0000000000000000000 ) ) ;
#994 = PRESENTATION_LAYER_ASSIGNMENT (  '', '', ( #1895 ) ) ;
#995 = VECTOR ( 'NONE', #96, 1000.000000000000000 ) ;
#996 = ORIENTED_EDGE ( 'NONE', *, *, #2663, .T. ) ;
#997 = ADVANCED_FACE ( 'NONE', ( #2044 ), #893, .F. ) ;
#998 = ORIENTED_EDGE ( 'NONE', *, *, #2503, .T. ) ;
#999 = DIRECTION ( 'NONE',  ( -0.0000000000000000000, -0.0000000000000000000, -1.000000000000000000 ) ) ;
#1000 = CARTESIAN_POINT ( 'NONE',  ( 0.2399999760000000000, 0.0000000000000000000, 2.260000023999999100 ) ) ;
#1001 = LINE ( 'NONE', #222, #834 ) ;
#1002 = DIRECTION ( 'NONE',  ( -1.000000000000000000, -0.0000000000000000000, -0.0000000000000000000 ) ) ;
#1003 = CARTESIAN_POINT ( 'NONE',  ( 3.830849251259674600, 2.796949999999975000, 2.504999999999999900 ) ) ;
#1004 = SHAPE_DEFINITION_REPRESENTATION ( #152, #984 ) ;
#1005 = DIRECTION ( 'NONE',  ( 0.6657134745240100800, -0.7462074576397440500, -0.0000000000000000000 ) ) ;
#1006 = VECTOR ( 'NONE', #1328, 1000.000000000000000 ) ;
#1007 = EDGE_CURVE ( 'NONE', #2934, #941, #2685, .T. ) ;
#1008 = ORIENTED_EDGE ( 'NONE', *, *, #1289, .F. ) ;
#1009 = SURFACE_STYLE_FILL_AREA ( #1871 ) ;
#1010 = DIRECTION ( 'NONE',  ( -0.0000000000000000000, 1.000000000000000000, -0.0000000000000000000 ) ) ;
#1011 = VECTOR ( 'NONE', #2814, 1000.000000000000000 ) ;
#1012 = DIRECTION ( 'NONE',  ( 0.0000000000000000000, 1.000000000000000000, 0.0000000000000000000 ) ) ;
#1013 = VECTOR ( 'NONE', #288, 1000.000000000000000 ) ;
#1014 = ORIENTED_EDGE ( 'NONE', *, *, #1275, .F. ) ;
#1015 = ORIENTED_EDGE ( 'NONE', *, *, #1667, .F. ) ;
#1016 = CARTESIAN_POINT ( 'NONE',  ( 1.770840479902133800, 2.796949999999975000, 2.504999999999999900 ) ) ;
#1017 = DIRECTION ( 'NONE',  ( -0.0000000000000000000, -0.0000000000000000000, -1.000000000000000000 ) ) ;
#1018 = FILL_AREA_STYLE_COLOUR ( '', #2877 ) ;
#1019 = ORIENTED_EDGE ( 'NONE', *, *, #559, .F. ) ;
#1020 = PRESENTATION_LAYER_ASSIGNMENT (  '', '', ( #357 ) ) ;
#1021 = CARTESIAN_POINT ( 'NONE',  ( 3.128054893019331000, 2.950379596853213800, 2.504999999999999900 ) ) ;
#1022 = CARTESIAN_POINT ( 'NONE',  ( 4.364804846819976300, 3.603410487004079100, 2.504999999999999900 ) ) ;
#1023 = VERTEX_POINT ( 'NONE', #1868 ) ;
#1024 = CARTESIAN_POINT ( 'NONE',  ( 7.200000000000000200, 6.292893218813451200, 2.500000000000000900 ) ) ;
#1025 =( LENGTH_UNIT ( ) NAMED_UNIT ( * ) SI_UNIT ( .MILLI., .METRE. ) );
#1026 = VERTEX_POINT ( 'NONE', #2622 ) ;
#1027 = PLANE ( 'NONE',  #1939 ) ;
#1028 = DIRECTION ( 'NONE',  ( -0.2762033010252004700, -0.9610992334315861000, -0.0000000000000000000 ) ) ;
#1029 = ORIENTED_EDGE ( 'NONE', *, *, #1862, .F. ) ;
#1030 = EDGE_CURVE ( 'NONE', #1743, #932, #1042, .T. ) ;
#1031 = ORIENTED_EDGE ( 'NONE', *, *, #2830, .F. ) ;
#1032 = PLANE ( 'NONE',  #2822 ) ;
#1033 = VERTEX_POINT ( 'NONE', #775 ) ;
#1034 = LINE ( 'NONE', #2968, #2747 ) ;
#1035 = UNCERTAINTY_MEASURE_WITH_UNIT (LENGTH_MEASURE( 1.000000000000000100E-005 ), #436, 'distance_accuracy_value', 'NONE');
#1036 = DIRECTION ( 'NONE',  ( 0.0000000000000000000, 0.0000000000000000000, -1.000000000000000000 ) ) ;
#1037 = CARTESIAN_POINT ( 'NONE',  ( 3.830849251259674600, 2.796949999999975000, 2.504999999999999900 ) ) ;
#1038 =( GEOMETRIC_REPRESENTATION_CONTEXT ( 3 ) GLOBAL_UNCERTAINTY_ASSIGNED_CONTEXT ( ( #287 ) ) GLOBAL_UNIT_ASSIGNED_CONTEXT ( ( #225, #275, #1319 ) ) REPRESENTATION_CONTEXT ( 'NONE', 'WORKASPACE' ) );
#1039 = DIRECTION ( 'NONE',  ( 1.000000000000000000, 1.002616505299178600E-015, 0.0000000000000000000 ) ) ;
#1040 = LINE ( 'NONE', #2273, #1938 ) ;
#1041 = CARTESIAN_POINT ( 'NONE',  ( 5.164198302680624400, 3.447697959758514200, 2.504999999999999900 ) ) ;
#1042 = LINE ( 'NONE', #989, #2331 ) ;
#1043 = LINE ( 'NONE', #1520, #318 ) ;
#1044 = VECTOR ( 'NONE', #2387, 1000.000000000000000 ) ;
#1045 = EDGE_CURVE ( 'NONE', #340, #2898, #710, .T. ) ;
#1046 = LINE ( 'NONE', #1357, #388 ) ;
#1047 = CARTESIAN_POINT ( 'NONE',  ( 6.960000023999999300, 0.7500000000000000000, 2.260000023999999600 ) ) ;
#1048 = CARTESIAN_POINT ( 'NONE',  ( 4.785687953151047200, 2.950409022377217500, 2.504999999999999900 ) ) ;
#1049 = PRESENTATION_STYLE_ASSIGNMENT (( #1109 ) ) ;
#1050 = EDGE_CURVE ( 'NONE', #89, #1182, #1076, .T. ) ;
#1051 = CARTESIAN_POINT ( 'NONE',  ( -8.962764533667268900E-016, 6.292893218813451200, -8.962764533667268900E-016 ) ) ;
#1052 = VERTEX_POINT ( 'NONE', #1759 ) ;
#1053 = DIRECTION ( 'NONE',  ( 0.4443210308329519400, 0.8958676361826802800, 0.0000000000000000000 ) ) ;
#1054 = VECTOR ( 'NONE', #1844, 1000.000000000000000 ) ;
#1055 = CARTESIAN_POINT ( 'NONE',  ( 4.132838520409295700, 2.796949999999975000, 2.504999999999999900 ) ) ;
#1056 = VECTOR ( 'NONE', #2518, 1000.000000000000200 ) ;
#1057 = EDGE_LOOP ( 'NONE', ( #465, #285, #662, #2652 ) ) ;
#1058 = ORIENTED_EDGE ( 'NONE', *, *, #536, .T. ) ;
#1059 = MECHANICAL_DESIGN_GEOMETRIC_PRESENTATION_REPRESENTATION (  '', ( #706 ), #1603 ) ;
#1060 = ORIENTED_EDGE ( 'NONE', *, *, #1816, .F. ) ;
#1061 = SURFACE_SIDE_STYLE ('',( #1478 ) ) ;
#1062 = CARTESIAN_POINT ( 'NONE',  ( 3.482424049944831800, 3.514920573922360300, 2.504999999999999900 ) ) ;
#1063 = DIRECTION ( 'NONE',  ( -0.0000000000000000000, -0.0000000000000000000, -1.000000000000000000 ) ) ;
#1064 = ORIENTED_EDGE ( 'NONE', *, *, #2916, .F. ) ;
#1065 = DIRECTION ( 'NONE',  ( -1.000000000000000000, 0.0000000000000000000, 0.0000000000000000000 ) ) ;
#1066 = ORIENTED_EDGE ( 'NONE', *, *, #229, .T. ) ;
#1067 = CLOSED_SHELL ( 'NONE', ( #1126, #575, #1644, #2232, #2936, #2014, #1133, #2181, #142, #1606, #1876, #2389, #1211, #378, #2461, #386, #1470, #2773, #1623 ) ) ;
#1068 =( NAMED_UNIT ( * ) SI_UNIT ( $, .STERADIAN. ) SOLID_ANGLE_UNIT ( ) );
#1069 = ORIENTED_EDGE ( 'NONE', *, *, #1969, .T. ) ;
#1070 = EDGE_CURVE ( 'NONE', #2619, #1144, #1214, .T. ) ;
#1071 = PLANE ( 'NONE',  #1717 ) ;
#1072 = CARTESIAN_POINT ( 'NONE',  ( 5.393874341669146600, 3.447697959756509200, 2.504999999999999900 ) ) ;
#1073 = VECTOR ( 'NONE', #33, 1000.000000000000100 ) ;
#1074 = PLANE ( 'NONE',  #1291 ) ;
#1075 = AXIS2_PLACEMENT_3D ( 'NONE', #1997, #2207, #2414 ) ;
#1076 = LINE ( 'NONE', #303, #415 ) ;
#1077 = CARTESIAN_POINT ( 'NONE',  ( 3.191721922791935600, 3.449904874210175000, 2.504999999999999900 ) ) ;
#1078 = DIRECTION ( 'NONE',  ( 0.0000000000000000000, 0.0000000000000000000, 1.000000000000000000 ) ) ;
#1079 = CARTESIAN_POINT ( 'NONE',  ( 4.038019667107946000, 3.518378073226476200, 2.500000000000000000 ) ) ;
#1080 = LINE ( 'NONE', #1440, #2565 ) ;
#1081 = FACE_OUTER_BOUND ( 'NONE', #16, .T. ) ;
#1082 = CARTESIAN_POINT ( 'NONE',  ( 4.599999999999999600, 1.592040838891559300E-016, 2.500000000000000000 ) ) ;
#1083 = VECTOR ( 'NONE', #2674, 1000.000000000000000 ) ;
#1084 = EDGE_CURVE ( 'NONE', #1817, #2172, #2110, .T. ) ;
#1085 = ORIENTED_EDGE ( 'NONE', *, *, #1193, .T. ) ;
#1086 = CARTESIAN_POINT ( 'NONE',  ( 1.896347704701140800, 3.234836156756169400, 2.500000000000000000 ) ) ;
#1087 = DIRECTION ( 'NONE',  ( -0.0000000000000000000, 0.0000000000000000000, -1.000000000000000000 ) ) ;
#1088 = DIRECTION ( 'NONE',  ( 1.000000000000000000, 0.0000000000000000000, 0.0000000000000000000 ) ) ;
#1089 = EDGE_LOOP ( 'NONE', ( #557, #1930, #2693, #1861 ) ) ;
#1090 = ORIENTED_EDGE ( 'NONE', *, *, #2724, .F. ) ;
#1091 = ORIENTED_EDGE ( 'NONE', *, *, #136, .F. ) ;
#1092 = ORIENTED_EDGE ( 'NONE', *, *, #1751, .T. ) ;
#1093 = ORIENTED_EDGE ( 'NONE', *, *, #2295, .F. ) ;
#1094 = ORIENTED_EDGE ( 'NONE', *, *, #2025, .T. ) ;
#1095 = ORIENTED_EDGE ( 'NONE', *, *, #251, .T. ) ;
#1096 = EDGE_CURVE ( 'NONE', #1888, #81, #169, .T. ) ;
#1097 = CARTESIAN_POINT ( 'NONE',  ( 3.659203313286182500, 3.603410487004079100, 2.500000000000000000 ) ) ;
#1098 = ADVANCED_FACE ( 'NONE', ( #68 ), #2640, .F. ) ;
#1099 = CARTESIAN_POINT ( 'NONE',  ( 2.072113727919044000, 2.796949999999975000, 2.500000000000000000 ) ) ;
#1100 = LINE ( 'NONE', #1353, #2177 ) ;
#1101 = EDGE_CURVE ( 'NONE', #722, #1295, #672, .T. ) ;
#1102 = DIRECTION ( 'NONE',  ( 0.2729786930694848000, 0.9620200793798827600, 0.0000000000000000000 ) ) ;
#1103 = CARTESIAN_POINT ( 'NONE',  ( 4.599999999999999600, 1.592040838891559300E-016, 2.260000023999999100 ) ) ;
#1104 = PLANE ( 'NONE',  #2073 ) ;
#1105 = VECTOR ( 'NONE', #1229, 1000.000000000000000 ) ;
#1106 = STYLED_ITEM ( 'NONE', ( #1651 ), #943 ) ;
#1107 = DIRECTION ( 'NONE',  ( -0.6995643972269591800, 0.7145695586382625500, 0.0000000000000000000 ) ) ;
#1108 = LINE ( 'NONE', #1165, #316 ) ;
#1109 = SURFACE_STYLE_USAGE ( .BOTH. , #1145 ) ;
#1110 =( GEOMETRIC_REPRESENTATION_CONTEXT ( 3 ) GLOBAL_UNCERTAINTY_ASSIGNED_CONTEXT ( ( #1562 ) ) GLOBAL_UNIT_ASSIGNED_CONTEXT ( ( #2558, #2897, #410 ) ) REPRESENTATION_CONTEXT ( 'NONE', 'WORKASPACE' ) );
#1111 = LINE ( 'NONE', #2746, #1006 ) ;
#1112 = DIRECTION ( 'NONE',  ( 0.0000000000000000000, 1.000000000000000000, 0.0000000000000000000 ) ) ;
#1113 = LINE ( 'NONE', #1508, #454 ) ;
#1114 = LINE ( 'NONE', #1658, #1581 ) ;
#1115 = VERTEX_POINT ( 'NONE', #754 ) ;
#1116 = FACE_OUTER_BOUND ( 'NONE', #1569, .T. ) ;
#1117 = EDGE_CURVE ( 'NONE', #1130, #2961, #235, .T. ) ;
#1118 = ORIENTED_EDGE ( 'NONE', *, *, #2787, .F. ) ;
#1119 = VERTEX_POINT ( 'NONE', #749 ) ;
#1120 = ADVANCED_FACE ( 'NONE', ( #379 ), #1027, .F. ) ;
#1121 = CARTESIAN_POINT ( 'NONE',  ( 2.072113727919044000, 2.796949999999975000, 2.500000000000000000 ) ) ;
#1122 = DIRECTION ( 'NONE',  ( -1.000000000000000000, -0.0000000000000000000, -0.0000000000000000000 ) ) ;
#1123 = EDGE_LOOP ( 'NONE', ( #290, #1092, #1152, #2243 ) ) ;
#1124 = CARTESIAN_POINT ( 'NONE',  ( 3.482424049944831800, 3.514920573922360300, 2.500000000000000000 ) ) ;
#1125 = EDGE_LOOP ( 'NONE', ( #2470, #2948, #2209, #2812 ) ) ;
#1126 = ADVANCED_FACE ( 'NONE', ( #1466 ), #283, .F. ) ;
#1127 = STYLED_ITEM ( 'NONE', ( #1049 ), #2352 ) ;
#1128 = EDGE_LOOP ( 'NONE', ( #24, #626, #296, #2394, #1552, #998, #2544, #212, #397, #301, #3008, #2530, #1553, #648, #2460, #2269, #2894, #2711, #2732, #2536, #1402, #1331, #189 ) ) ;
#1129 = FILL_AREA_STYLE ('',( #2278 ) ) ;
#1130 = VERTEX_POINT ( 'NONE', #1493 ) ;
#1131 = VERTEX_POINT ( 'NONE', #534 ) ;
#1132 = VECTOR ( 'NONE', #827, 1000.000000000000000 ) ;
#1133 = ADVANCED_FACE ( 'NONE', ( #2913 ), #2673, .F. ) ;
#1134 = CARTESIAN_POINT ( 'NONE',  ( 1.773282799208156300, 3.603410487004079100, 2.500000000000000000 ) ) ;
#1135 = EDGE_CURVE ( 'NONE', #2415, #2247, #199, .T. ) ;
#1136 = DIRECTION ( 'NONE',  ( 0.2762033010290175800, 0.9610992334304890900, 0.0000000000000000000 ) ) ;
#1137 = PRESENTATION_STYLE_ASSIGNMENT (( #2176 ) ) ;
#1138 = EDGE_CURVE ( 'NONE', #2245, #89, #2833, .T. ) ;
#1139 = DIRECTION ( 'NONE',  ( -0.4443210308329518200, -0.8958676361826801700, 0.0000000000000000000 ) ) ;
#1140 = LINE ( 'NONE', #1678, #2406 ) ;
#1141 = CARTESIAN_POINT ( 'NONE',  ( 3.084201050762434900, 3.150816471500028200, 2.500000000000000000 ) ) ;
#1142 = CARTESIAN_POINT ( 'NONE',  ( 5.659429906016654000, 3.603410487004079100, 2.504999999999999900 ) ) ;
#1143 = AXIS2_PLACEMENT_3D ( 'NONE', #88, #2220, #1744 ) ;
#1144 = VERTEX_POINT ( 'NONE', #494 ) ;
#1145 = SURFACE_SIDE_STYLE ('',( #913 ) ) ;
#1146 = FACE_OUTER_BOUND ( 'NONE', #969, .T. ) ;
#1147 = SURFACE_SIDE_STYLE ('',( #641 ) ) ;
#1148 = MECHANICAL_DESIGN_GEOMETRIC_PRESENTATION_REPRESENTATION (  '', ( #1895 ), #1110 ) ;
#1149 = VECTOR ( 'NONE', #627, 1000.000000000000000 ) ;
#1150 = VECTOR ( 'NONE', #1453, 1000.000000000000100 ) ;
#1151 = CARTESIAN_POINT ( 'NONE',  ( 4.463277368953007400, 3.150816471498410400, 2.504999999999999900 ) ) ;
#1152 = ORIENTED_EDGE ( 'NONE', *, *, #35, .T. ) ;
#1153 = ORIENTED_EDGE ( 'NONE', *, *, #696, .T. ) ;
#1154 = EDGE_CURVE ( 'NONE', #1131, #1515, #2984, .T. ) ;
#1155 = VECTOR ( 'NONE', #2265, 1000.000000000000000 ) ;
#1156 = PLANE ( 'NONE',  #833 ) ;
#1157 = ORIENTED_EDGE ( 'NONE', *, *, #472, .T. ) ;
#1158 = UNCERTAINTY_MEASURE_WITH_UNIT (LENGTH_MEASURE( 1.000000000000000100E-005 ), #904, 'distance_accuracy_value', 'NONE');
#1159 = EDGE_CURVE ( 'NONE', #2059, #2156, #2257, .T. ) ;
#1160 = CARTESIAN_POINT ( 'NONE',  ( 6.960000023999999300, 0.7500000000000000000, 0.2399999759999998600 ) ) ;
#1161 = ORIENTED_EDGE ( 'NONE', *, *, #696, .F. ) ;
#1162 = DIRECTION ( 'NONE',  ( -0.8843386665637680300, 0.4668459304955080400, 0.0000000000000000000 ) ) ;
#1163 = VERTEX_POINT ( 'NONE', #2324 ) ;
#1164 = CARTESIAN_POINT ( 'NONE',  ( 5.164198302680624400, 3.447697959758514200, 2.504999999999999900 ) ) ;
#1165 = CARTESIAN_POINT ( 'NONE',  ( 2.738107822383377700, 3.150816471500028200, 2.504999999999999900 ) ) ;
#1166 = ORIENTED_EDGE ( 'NONE', *, *, #2430, .T. ) ;
#1167 = DIRECTION ( 'NONE',  ( 0.0000000000000000000, 0.0000000000000000000, -1.000000000000000000 ) ) ;
#1168 = ORIENTED_EDGE ( 'NONE', *, *, #2604, .F. ) ;
#1169 = CARTESIAN_POINT ( 'NONE',  ( 2.738107822383377700, 3.150816471500028200, 2.500000000000000000 ) ) ;
#1170 = CARTESIAN_POINT ( 'NONE',  ( 3.276273718997839300, 2.796949999999975000, 2.500000000000000000 ) ) ;
#1171 = SURFACE_STYLE_USAGE ( .BOTH. , #2781 ) ;
#1172 = DIRECTION ( 'NONE',  ( 1.341834340002828800E-017, 0.0000000000000000000, -1.000000000000000000 ) ) ;
#1173 = EDGE_CURVE ( 'NONE', #18, #2154, #1568, .T. ) ;
#1174 = SURFACE_STYLE_USAGE ( .BOTH. , #2090 ) ;
#1175 = LINE ( 'NONE', #2783, #752 ) ;
#1176 = CARTESIAN_POINT ( 'NONE',  ( 2.639534762392015600, 3.603410487004079100, 2.504999999999999900 ) ) ;
#1177 = CARTESIAN_POINT ( 'NONE',  ( 6.099999999999999600, -5.000000000000000000, 1.249999999999999800 ) ) ;
#1178 = FACE_OUTER_BOUND ( 'NONE', #1753, .T. ) ;
#1179 = STYLED_ITEM ( 'NONE', ( #74 ), #268 ) ;
#1180 = CARTESIAN_POINT ( 'NONE',  ( 4.851900290920089500, 3.299876377738383500, 2.504999999999999900 ) ) ;
#1181 = VECTOR ( 'NONE', #120, 1000.000000000000200 ) ;
#1182 = VERTEX_POINT ( 'NONE', #2660 ) ;
#1183 = FACE_OUTER_BOUND ( 'NONE', #2521, .T. ) ;
#1184 = SURFACE_STYLE_FILL_AREA ( #2329 ) ;
#1185 =( NAMED_UNIT ( * ) SI_UNIT ( $, .STERADIAN. ) SOLID_ANGLE_UNIT ( ) );
#1186 = STYLED_ITEM ( 'NONE', ( #1837 ), #2669 ) ;
#1187 = SURFACE_STYLE_USAGE ( .BOTH. , #1640 ) ;
#1188 = ORIENTED_EDGE ( 'NONE', *, *, #2412, .T. ) ;
#1189 = DIRECTION ( 'NONE',  ( -0.0000000000000000000, -0.0000000000000000000, -1.000000000000000000 ) ) ;
#1190 = VECTOR ( 'NONE', #2469, 1000.000000000000000 ) ;
#1191 = ORIENTED_EDGE ( 'NONE', *, *, #479, .F. ) ;
#1192 = ORIENTED_EDGE ( 'NONE', *, *, #2519, .T. ) ;
#1193 = EDGE_CURVE ( 'NONE', #1809, #1115, #1575, .T. ) ;
#1194 = ORIENTED_EDGE ( 'NONE', *, *, #544, .F. ) ;
#1195 = CARTESIAN_POINT ( 'NONE',  ( 4.400055999999999300, 0.2241200000000000100, 2.500000000000000000 ) ) ;
#1196 = PLANE ( 'NONE',  #2549 ) ;
#1197 = ORIENTED_EDGE ( 'NONE', *, *, #2280, .F. ) ;
#1198 = EDGE_CURVE ( 'NONE', #2392, #1052, #2520, .T. ) ;
#1199 = CARTESIAN_POINT ( 'NONE',  ( 1.770840479902133800, 2.796949999999975000, 2.504999999999999900 ) ) ;
#1200 = ADVANCED_FACE ( 'NONE', ( #448 ), #1873, .T. ) ;
#1201 = ORIENTED_EDGE ( 'NONE', *, *, #1724, .T. ) ;
#1202 = CARTESIAN_POINT ( 'NONE',  ( 2.002909795653732100, 3.603410487004079100, 2.500000000000000000 ) ) ;
#1203 = PRESENTATION_LAYER_ASSIGNMENT (  '', '', ( #2775 ) ) ;
#1204 = ORIENTED_EDGE ( 'NONE', *, *, #1502, .F. ) ;
#1205 = DIRECTION ( 'NONE',  ( 0.0000000000000000000, 1.000000000000000000, 0.0000000000000000000 ) ) ;
#1206 = DIRECTION ( 'NONE',  ( 0.2745159998572630500, 0.9615825319869153500, 0.0000000000000000000 ) ) ;
#1207 = VERTEX_POINT ( 'NONE', #1103 ) ;
#1208 = CARTESIAN_POINT ( 'NONE',  ( -0.08753432769269003900, 0.1866995735883402700, 2.499999999999999100 ) ) ;
#1209 = PRESENTATION_LAYER_ASSIGNMENT (  '', '', ( #2341 ) ) ;
#1210 = DIRECTION ( 'NONE',  ( 0.0000000000000000000, 0.0000000000000000000, 1.000000000000000000 ) ) ;
#1211 = ADVANCED_FACE ( 'NONE', ( #1394 ), #2935, .F. ) ;
#1212 = PRESENTATION_STYLE_ASSIGNMENT (( #1971 ) ) ;
#1213 =( LENGTH_UNIT ( ) NAMED_UNIT ( * ) SI_UNIT ( .MILLI., .METRE. ) );
#1214 = LINE ( 'NONE', #1507, #37 ) ;
#1215 = CARTESIAN_POINT ( 'NONE',  ( 2.680997780657855300, 2.950379596853213800, 2.500000000000000000 ) ) ;
#1216 = EDGE_CURVE ( 'NONE', #970, #1857, #949, .T. ) ;
#1217 = CARTESIAN_POINT ( 'NONE',  ( 3.276273718997839300, 2.796949999999975000, 2.504999999999999900 ) ) ;
#1218 = CARTESIAN_POINT ( 'NONE',  ( 4.406064337887780600, 2.950409022377217500, 2.504999999999999900 ) ) ;
#1219 = LINE ( 'NONE', #2268, #2013 ) ;
#1220 = LINE ( 'NONE', #921, #1011 ) ;
#1221 = DIRECTION ( 'NONE',  ( -0.2759782365590697200, -0.9611638845408965200, 0.0000000000000000000 ) ) ;
#1222 = COLOUR_RGB ( '',0.4980392156862745200, 0.4980392156862745200, 0.4980392156862745200 ) ;
#1223 = CARTESIAN_POINT ( 'NONE',  ( 3.126784691149073300, 3.299903351138499200, 2.504999999999999900 ) ) ;
#1224 = ORIENTED_EDGE ( 'NONE', *, *, #660, .F. ) ;
#1225 = SURFACE_SIDE_STYLE ('',( #748 ) ) ;
#1226 = ORIENTED_EDGE ( 'NONE', *, *, #814, .T. ) ;
#1227 = CARTESIAN_POINT ( 'NONE',  ( 4.035783327131509800, 2.796949999999975000, 2.500000000000000000 ) ) ;
#1228 = VERTEX_POINT ( 'NONE', #1055 ) ;
#1229 = DIRECTION ( 'NONE',  ( 0.2746459304916892800, 0.9615454294334481200, 0.0000000000000000000 ) ) ;
#1230 = ORIENTED_EDGE ( 'NONE', *, *, #2045, .F. ) ;
#1231 = DIRECTION ( 'NONE',  ( 0.0000000000000000000, 0.0000000000000000000, -1.000000000000000000 ) ) ;
#1232 = CARTESIAN_POINT ( 'NONE',  ( 1.896347704701140800, 3.234836156756169400, 2.504999999999999900 ) ) ;
#1233 = CARTESIAN_POINT ( 'NONE',  ( 4.035783327131509800, 2.796949999999975000, 2.500000000000000000 ) ) ;
#1234 = EDGE_CURVE ( 'NONE', #1033, #2891, #2182, .T. ) ;
#1235 = VERTEX_POINT ( 'NONE', #841 ) ;
#1236 = CARTESIAN_POINT ( 'NONE',  ( 4.364804846819976300, 3.603410487004079100, 2.504999999999999900 ) ) ;
#1237 = ORIENTED_EDGE ( 'NONE', *, *, #1667, .T. ) ;
#1238 = AXIS2_PLACEMENT_3D ( 'NONE', #2431, #2689, #2906 ) ;
#1239 = CARTESIAN_POINT ( 'NONE',  ( 2.317493189286735000, 2.796949999999975000, 2.504999999999999900 ) ) ;
#1240 = ORIENTED_EDGE ( 'NONE', *, *, #349, .T. ) ;
#1241 = DIRECTION ( 'NONE',  ( 0.2793947940878294100, 0.9601763114327593900, 0.0000000000000000000 ) ) ;
#1242 = DIRECTION ( 'NONE',  ( 0.0000000000000000000, -1.000000000000000000, -0.0000000000000000000 ) ) ;
#1243 = CARTESIAN_POINT ( 'NONE',  ( 1.904329379275885500, 3.259504556061610700, 2.500000000000000000 ) ) ;
#1244 = VECTOR ( 'NONE', #1974, 1000.000000000000000 ) ;
#1245 = DIRECTION ( 'NONE',  ( -1.000000000000000000, 0.0000000000000000000, 0.0000000000000000000 ) ) ;
#1246 =( NAMED_UNIT ( * ) SI_UNIT ( $, .STERADIAN. ) SOLID_ANGLE_UNIT ( ) );
#1247 = PRESENTATION_STYLE_ASSIGNMENT (( #112 ) ) ;
#1248 = PLANE ( 'NONE',  #1318 ) ;
#1249 = UNCERTAINTY_MEASURE_WITH_UNIT (LENGTH_MEASURE( 1.000000000000000100E-005 ), #289, 'distance_accuracy_value', 'NONE');
#1250 = VECTOR ( 'NONE', #306, 1000.000000000000200 ) ;
#1251 = EDGE_CURVE ( 'NONE', #941, #163, #1040, .T. ) ;
#1252 = PLANE ( 'NONE',  #1238 ) ;
#1253 = VECTOR ( 'NONE', #375, 1000.000000000000000 ) ;
#1254 = EDGE_CURVE ( 'NONE', #372, #1638, #794, .T. ) ;
#1255 = VECTOR ( 'NONE', #1549, 1000.000000000000000 ) ;
#1256 = LINE ( 'NONE', #443, #1512 ) ;
#1257 = FILL_AREA_STYLE_COLOUR ( '', #2844 ) ;
#1258 = AXIS2_PLACEMENT_3D ( 'NONE', #1239, #1437, #1461 ) ;
#1259 = DIRECTION ( 'NONE',  ( -0.2755520632520602200, -0.9612861490927311300, 0.0000000000000000000 ) ) ;
#1260 = EDGE_LOOP ( 'NONE', ( #2616, #783, #2738, #474 ) ) ;
#1261 = VECTOR ( 'NONE', #2983, 1000.000000000000000 ) ;
#1262 =( LENGTH_UNIT ( ) NAMED_UNIT ( * ) SI_UNIT ( .MILLI., .METRE. ) );
#1263 = DIRECTION ( 'NONE',  ( 0.05596501978069370200, 0.9984327301130239100, 0.0000000000000000000 ) ) ;
#1264 = VERTEX_POINT ( 'NONE', #3026 ) ;
#1265 = ORIENTED_EDGE ( 'NONE', *, *, #3013, .F. ) ;
#1266 = MECHANICAL_DESIGN_GEOMETRIC_PRESENTATION_REPRESENTATION (  '', ( #611 ), #1609 ) ;
#1267 = ORIENTED_EDGE ( 'NONE', *, *, #2893, .F. ) ;
#1268 = SURFACE_STYLE_USAGE ( .BOTH. , #2437 ) ;
#1269 =( NAMED_UNIT ( * ) SI_UNIT ( $, .STERADIAN. ) SOLID_ANGLE_UNIT ( ) );
#1270 = ORIENTED_EDGE ( 'NONE', *, *, #1198, .T. ) ;
#1271 = CARTESIAN_POINT ( 'NONE',  ( 5.614675780601335700, 3.447680430667800600, 2.504999999999999900 ) ) ;
#1272 = CARTESIAN_POINT ( 'NONE',  ( 2.738107822383377700, 3.150816471500028200, 2.504999999999999900 ) ) ;
#1273 = FILL_AREA_STYLE ('',( #2632 ) ) ;
#1274 = ORIENTED_EDGE ( 'NONE', *, *, #3054, .F. ) ;
#1275 = EDGE_CURVE ( 'NONE', #826, #210, #2402, .T. ) ;
#1276 = CARTESIAN_POINT ( 'NONE',  ( 4.038019667107946000, 3.518378073226476200, 2.504999999999999900 ) ) ;
#1277 = EDGE_LOOP ( 'NONE', ( #1237, #1628, #1445, #113 ) ) ;
#1278 = VERTEX_POINT ( 'NONE', #1825 ) ;
#1279 = COLOUR_RGB ( '',0.7921568627450980000, 0.8196078431372548800, 0.9333333333333333500 ) ;
#1280 = DIRECTION ( 'NONE',  ( 0.0000000000000000000, -1.000000000000000000, 0.0000000000000000000 ) ) ;
#1281 = DIRECTION ( 'NONE',  ( -0.0000000000000000000, -0.0000000000000000000, -1.000000000000000000 ) ) ;
#1282 = LINE ( 'NONE', #260, #1073 ) ;
#1283 =( GEOMETRIC_REPRESENTATION_CONTEXT ( 3 ) GLOBAL_UNCERTAINTY_ASSIGNED_CONTEXT ( ( #2579 ) ) GLOBAL_UNIT_ASSIGNED_CONTEXT ( ( #1025, #736, #53 ) ) REPRESENTATION_CONTEXT ( 'NONE', 'WORKASPACE' ) );
#1284 = DIRECTION ( 'NONE',  ( 0.2763139702539113000, 0.9610674221107073900, 0.0000000000000000000 ) ) ;
#1285 = CARTESIAN_POINT ( 'NONE',  ( 0.0000000000000000000, 6.000000000000000000, 2.500000000000000000 ) ) ;
#1286 = VECTOR ( 'NONE', #1172, 1000.000000000000000 ) ;
#1287 = LINE ( 'NONE', #2046, #1836 ) ;
#1288 = VECTOR ( 'NONE', #115, 1000.000000000000000 ) ;
#1289 = EDGE_CURVE ( 'NONE', #612, #970, #2752, .T. ) ;
#1290 = CARTESIAN_POINT ( 'NONE',  ( 2.639534762392015600, 3.603410487004079100, 2.500000000000000000 ) ) ;
#1291 = AXIS2_PLACEMENT_3D ( 'NONE', #128, #1300, #1307 ) ;
#1292 = FILL_AREA_STYLE ('',( #1958 ) ) ;
#1293 = CYLINDRICAL_SURFACE ( 'NONE', #1908, 0.5000000000000004400 ) ;
#1294 = VERTEX_POINT ( 'NONE', #1141 ) ;
#1295 = VERTEX_POINT ( 'NONE', #2507 ) ;
#1296 = CARTESIAN_POINT ( 'NONE',  ( 5.206830985609593100, 2.796949999999975000, 2.504999999999999900 ) ) ;
#1297 = VERTEX_POINT ( 'NONE', #2292 ) ;
#1298 = MECHANICAL_DESIGN_GEOMETRIC_PRESENTATION_REPRESENTATION (  '', ( #2228 ), #1926 ) ;
#1299 = VERTEX_POINT ( 'NONE', #2750 ) ;
#1300 = DIRECTION ( 'NONE',  ( 1.104435275910379800E-013, 1.000000000000000000, -0.0000000000000000000 ) ) ;
#1301 = PRESENTATION_LAYER_ASSIGNMENT (  '', '', ( #2910 ) ) ;
#1302 = ORIENTED_EDGE ( 'NONE', *, *, #457, .T. ) ;
#1303 = ORIENTED_EDGE ( 'NONE', *, *, #887, .F. ) ;
#1304 = EDGE_CURVE ( 'NONE', #1587, #264, #1175, .T. ) ;
#1305 = CARTESIAN_POINT ( 'NONE',  ( 0.2071067811865475700, 6.500000000000000900, 2.292893218813452500 ) ) ;
#1306 = EDGE_LOOP ( 'NONE', ( #2099, #2388, #1230, #2740 ) ) ;
#1307 = DIRECTION ( 'NONE',  ( -1.000000000000000000, 1.104435275910379800E-013, 0.0000000000000000000 ) ) ;
#1308 = DIRECTION ( 'NONE',  ( -0.05596501978069370200, -0.9984327301130239100, 0.0000000000000000000 ) ) ;
#1309 = VERTEX_POINT ( 'NONE', #1387 ) ;
#1310 = EDGE_CURVE ( 'NONE', #1809, #2240, #1730, .T. ) ;
#1311 = PLANE ( 'NONE',  #836 ) ;
#1312 = CYLINDRICAL_SURFACE ( 'NONE', #2716, 0.2500000000000000000 ) ;
#1313 = AXIS2_PLACEMENT_3D ( 'NONE', #907, #393, #3014 ) ;
#1314 = CARTESIAN_POINT ( 'NONE',  ( 4.851900290920089500, 3.299876377738383500, 2.504999999999999900 ) ) ;
#1315 = CARTESIAN_POINT ( 'NONE',  ( 3.084201050762434900, 3.150816471500028200, 2.504999999999999900 ) ) ;
#1316 = DIRECTION ( 'NONE',  ( 0.9999999968487352000, -7.938847109813994200E-005, 0.0000000000000000000 ) ) ;
#1317 = CARTESIAN_POINT ( 'NONE',  ( 0.2399999760000000300, 0.0000000000000000000, 0.2399999759999998600 ) ) ;
#1318 = AXIS2_PLACEMENT_3D ( 'NONE', #2170, #2661, #131 ) ;
#1319 =( NAMED_UNIT ( * ) SI_UNIT ( $, .STERADIAN. ) SOLID_ANGLE_UNIT ( ) );
#1320 = COLOUR_RGB ( '',0.4980392156862745200, 0.4980392156862745200, 0.4980392156862745200 ) ;
#1321 = VECTOR ( 'NONE', #784, 1000.000000000000000 ) ;
#1322 = VECTOR ( 'NONE', #623, 1000.000000000000100 ) ;
#1323 = VECTOR ( 'NONE', #2200, 1000.000000000000000 ) ;
#1324 = VECTOR ( 'NONE', #231, 1000.000000000000000 ) ;
#1325 = ADVANCED_FACE ( 'NONE', ( #1500 ), #2259, .F. ) ;
#1326 = VECTOR ( 'NONE', #2641, 1000.000000000000000 ) ;
#1327 = EDGE_CURVE ( 'NONE', #1295, #1119, #2225, .T. ) ;
#1328 = DIRECTION ( 'NONE',  ( -1.000000000000000000, 0.0000000000000000000, 0.0000000000000000000 ) ) ;
#1329 = CARTESIAN_POINT ( 'NONE',  ( 0.0000000000000000000, 0.0000000000000000000, 2.500000000000000000 ) ) ;
#1330 = DIRECTION ( 'NONE',  ( -1.000000000000000000, -0.0000000000000000000, -0.0000000000000000000 ) ) ;
#1331 = ORIENTED_EDGE ( 'NONE', *, *, #2153, .T. ) ;
#1332 = PRESENTATION_LAYER_ASSIGNMENT (  '', '', ( #1179 ) ) ;
#1333 = CARTESIAN_POINT ( 'NONE',  ( 5.393874341669146600, 3.447697959756509200, 2.504999999999999900 ) ) ;
#1334 = EDGE_LOOP ( 'NONE', ( #9, #1240, #2905, #1069 ) ) ;
#1335 = ORIENTED_EDGE ( 'NONE', *, *, #620, .T. ) ;
#1336 = ORIENTED_EDGE ( 'NONE', *, *, #2503, .F. ) ;
#1337 = AXIS2_PLACEMENT_3D ( 'NONE', #733, #2446, #313 ) ;
#1338 = ADVANCED_FACE ( 'NONE', ( #598 ), #2864, .F. ) ;
#1339 = FILL_AREA_STYLE_COLOUR ( '', #2843 ) ;
#1340 = ORIENTED_EDGE ( 'NONE', *, *, #1486, .T. ) ;
#1341 = UNCERTAINTY_MEASURE_WITH_UNIT (LENGTH_MEASURE( 1.000000000000000100E-005 ), #2867, 'distance_accuracy_value', 'NONE');
#1342 = DIRECTION ( 'NONE',  ( -0.9620200793798828800, 0.2729786930694848600, 0.0000000000000000000 ) ) ;
#1343 = ORIENTED_EDGE ( 'NONE', *, *, #719, .F. ) ;
#1344 = DIRECTION ( 'NONE',  ( 0.2740217765954066100, 0.9617234872620595800, 0.0000000000000000000 ) ) ;
#1345 = DIRECTION ( 'NONE',  ( -0.0000000000000000000, 1.000000000000000000, -0.0000000000000000000 ) ) ;
#1346 = ORIENTED_EDGE ( 'NONE', *, *, #584, .F. ) ;
#1347 = EDGE_CURVE ( 'NONE', #2310, #18, #3056, .T. ) ;
#1348 = CARTESIAN_POINT ( 'NONE',  ( 4.977100999822999600, 2.796949999999975000, 2.504999999999999900 ) ) ;
#1349 = CARTESIAN_POINT ( 'NONE',  ( 0.0000000000000000000, 5.999999999999998200, 2.500000000000000000 ) ) ;
#1350 = VERTEX_POINT ( 'NONE', #1232 ) ;
#1351 = LINE ( 'NONE', #858, #517 ) ;
#1352 = EDGE_CURVE ( 'NONE', #1119, #941, #412, .T. ) ;
#1353 = CARTESIAN_POINT ( 'NONE',  ( 3.315760323418800700, 3.603410487004079100, 2.504999999999999900 ) ) ;
#1354 = CARTESIAN_POINT ( 'NONE',  ( 4.132838520409295700, 2.796949999999975000, 2.504999999999999900 ) ) ;
#1355 = COLOUR_RGB ( '',0.4980392156862745200, 0.4980392156862745200, 0.4980392156862745200 ) ;
#1356 = ADVANCED_FACE ( 'NONE', ( #270 ), #2217, .F. ) ;
#1357 = CARTESIAN_POINT ( 'NONE',  ( 3.191721922791935600, 3.449904874210175000, 2.500000000000000000 ) ) ;
#1358 = UNCERTAINTY_MEASURE_WITH_UNIT (LENGTH_MEASURE( 1.000000000000000100E-005 ), #219, 'distance_accuracy_value', 'NONE');
#1359 = SURFACE_STYLE_FILL_AREA ( #3028 ) ;
#1360 = ORIENTED_EDGE ( 'NONE', *, *, #2242, .F. ) ;
#1361 = FILL_AREA_STYLE ('',( #1339 ) ) ;
#1362 =( GEOMETRIC_REPRESENTATION_CONTEXT ( 3 ) GLOBAL_UNCERTAINTY_ASSIGNED_CONTEXT ( ( #228 ) ) GLOBAL_UNIT_ASSIGNED_CONTEXT ( ( #2483, #2735, #2583 ) ) REPRESENTATION_CONTEXT ( 'NONE', 'WORKASPACE' ) );
#1363 = CIRCLE ( 'NONE', #1893, 0.2500000000000000000 ) ;
#1364 = LINE ( 'NONE', #1608, #108 ) ;
#1365 = VECTOR ( 'NONE', #190, 1000.000000000000000 ) ;
#1366 = VERTEX_POINT ( 'NONE', #1942 ) ;
#1367 = FACE_OUTER_BOUND ( 'NONE', #585, .T. ) ;
#1368 = CYLINDRICAL_SURFACE ( 'NONE', #165, 0.2500000000000000000 ) ;
#1369 = ADVANCED_FACE ( 'NONE', ( #1763 ), #1981, .F. ) ;
#1370 = EDGE_CURVE ( 'NONE', #1410, #2891, #2293, .T. ) ;
#1371 = EDGE_LOOP ( 'NONE', ( #425, #1721, #2102, #392 ) ) ;
#1372 = PLANE ( 'NONE',  #2960 ) ;
#1373 = VERTEX_POINT ( 'NONE', #1728 ) ;
#1374 = PLANE ( 'NONE',  #2070 ) ;
#1375 = CARTESIAN_POINT ( 'NONE',  ( 3.657174892515335800, 2.796949999999975000, 2.504999999999999900 ) ) ;
#1376 = ORIENTED_EDGE ( 'NONE', *, *, #178, .F. ) ;
#1377 = CARTESIAN_POINT ( 'NONE',  ( 4.742143078915924000, 2.796949999999975000, 2.504999999999999900 ) ) ;
#1378 = ORIENTED_EDGE ( 'NONE', *, *, #2474, .F. ) ;
#1379 = DIRECTION ( 'NONE',  ( 0.0000000000000000000, -1.000000000000000000, 0.0000000000000000000 ) ) ;
#1380 = DIRECTION ( 'NONE',  ( 0.0000000000000000000, 0.0000000000000000000, -1.000000000000000000 ) ) ;
#1381 = PRESENTATION_LAYER_ASSIGNMENT (  '', '', ( #2797 ) ) ;
#1382 = ORIENTED_EDGE ( 'NONE', *, *, #193, .F. ) ;
#1383 = MANIFOLD_SOLID_BREP ( 'Body-Move/Copy1[3]', #1067 ) ;
#1384 =( LENGTH_UNIT ( ) NAMED_UNIT ( * ) SI_UNIT ( .MILLI., .METRE. ) );
#1385 = ORIENTED_EDGE ( 'NONE', *, *, #3030, .T. ) ;
#1386 = ORIENTED_EDGE ( 'NONE', *, *, #1050, .T. ) ;
#1387 = CARTESIAN_POINT ( 'NONE',  ( 4.505811966795357100, 3.299876377738383500, 2.500000000000000000 ) ) ;
#1388 = EDGE_CURVE ( 'NONE', #462, #1130, #2715, .T. ) ;
#1389 = LINE ( 'NONE', #576, #2554 ) ;
#1390 =( NAMED_UNIT ( * ) SI_UNIT ( $, .STERADIAN. ) SOLID_ANGLE_UNIT ( ) );
#1391 = CARTESIAN_POINT ( 'NONE',  ( 1.773282799208156300, 3.603410487004079100, 2.500000000000000000 ) ) ;
#1392 = DIRECTION ( 'NONE',  ( -1.000000000000000000, 0.0000000000000000000, 0.0000000000000000000 ) ) ;
#1393 = DIRECTION ( 'NONE',  ( -0.2763173343569615400, -0.9610664548999008300, 0.0000000000000000000 ) ) ;
#1394 = FACE_OUTER_BOUND ( 'NONE', #852, .T. ) ;
#1395 = DIRECTION ( 'NONE',  ( 1.000000000000000000, 0.0000000000000000000, 1.290716862787147000E-016 ) ) ;
#1396 = CARTESIAN_POINT ( 'NONE',  ( 4.904810795651934900, 2.583494356027243200, 2.260000023999999100 ) ) ;
#1397 = FACE_OUTER_BOUND ( 'NONE', #1950, .T. ) ;
#1398 = SURFACE_STYLE_FILL_AREA ( #2835 ) ;
#1399 = DIRECTION ( 'NONE',  ( 0.6657134745240099700, -0.7462074576397439400, 0.0000000000000000000 ) ) ;
#1400 = FACE_OUTER_BOUND ( 'NONE', #2344, .T. ) ;
#1401 =( NAMED_UNIT ( * ) SI_UNIT ( $, .STERADIAN. ) SOLID_ANGLE_UNIT ( ) );
#1402 = ORIENTED_EDGE ( 'NONE', *, *, #2645, .T. ) ;
#1403 = VECTOR ( 'NONE', #1612, 1000.000000000000200 ) ;
#1404 = EDGE_CURVE ( 'NONE', #2852, #722, #2074, .T. ) ;
#1405 = CARTESIAN_POINT ( 'NONE',  ( 0.2399999760000000000, 0.7500000000000000000, 2.260000023999999100 ) ) ;
#1406 = ORIENTED_EDGE ( 'NONE', *, *, #2136, .F. ) ;
#1407 = EDGE_CURVE ( 'NONE', #2807, #1023, #1831, .T. ) ;
#1408 = CARTESIAN_POINT ( 'NONE',  ( 3.235320743825866400, 3.603410487004079100, 2.500000000000000000 ) ) ;
#1409 = ORIENTED_EDGE ( 'NONE', *, *, #929, .T. ) ;
#1410 = VERTEX_POINT ( 'NONE', #1750 ) ;
#1411 = ORIENTED_EDGE ( 'NONE', *, *, #1915, .T. ) ;
#1412 = PRESENTATION_LAYER_ASSIGNMENT (  '', '', ( #1106 ) ) ;
#1413 = ADVANCED_FACE ( 'NONE', ( #34 ), #333, .T. ) ;
#1414 = ADVANCED_FACE ( 'NONE', ( #520 ), #1312, .T. ) ;
#1415 = PLANE ( 'NONE',  #571 ) ;
#1416 = ORIENTED_EDGE ( 'NONE', *, *, #479, .T. ) ;
#1417 = AXIS2_PLACEMENT_3D ( 'NONE', #801, #1761, #2946 ) ;
#1418 = CARTESIAN_POINT ( 'NONE',  ( 4.505811966795357100, 3.299876377738383500, 2.504999999999999900 ) ) ;
#1419 = ORIENTED_EDGE ( 'NONE', *, *, #1347, .T. ) ;
#1420 = DIRECTION ( 'NONE',  ( -1.000000000000000000, 0.0000000000000000000, 0.0000000000000000000 ) ) ;
#1421 = EDGE_LOOP ( 'NONE', ( #1593, #1704, #2620, #2212 ) ) ;
#1422 = VECTOR ( 'NONE', #168, 1000.000000000000000 ) ;
#1423 = EDGE_CURVE ( 'NONE', #1989, #511, #164, .T. ) ;
#1424 = SURFACE_STYLE_FILL_AREA ( #2684 ) ;
#1425 = DIRECTION ( 'NONE',  ( -0.0000000000000000000, -0.0000000000000000000, 1.000000000000000000 ) ) ;
#1426 = VECTOR ( 'NONE', #1800, 1000.000000000000000 ) ;
#1427 = DIRECTION ( 'NONE',  ( -0.0000000000000000000, -0.0000000000000000000, 1.000000000000000000 ) ) ;
#1428 = VECTOR ( 'NONE', #1905, 1000.000000000000000 ) ;
#1429 = LINE ( 'NONE', #2151, #171 ) ;
#1430 = PRESENTATION_STYLE_ASSIGNMENT (( #978 ) ) ;
#1431 = STYLED_ITEM ( 'NONE', ( #1618 ), #2130 ) ;
#1432 = DIRECTION ( 'NONE',  ( -0.2793947940878294700, -0.9601763114327595000, 0.0000000000000000000 ) ) ;
#1433 = SURFACE_STYLE_FILL_AREA ( #524 ) ;
#1434 = CARTESIAN_POINT ( 'NONE',  ( 0.5000000000000000000, 6.500000000000000000, 0.5000000000000000000 ) ) ;
#1435 = LINE ( 'NONE', #1079, #2369 ) ;
#1436 = VERTEX_POINT ( 'NONE', #2411 ) ;
#1437 = DIRECTION ( 'NONE',  ( 0.0000000000000000000, 1.000000000000000000, 0.0000000000000000000 ) ) ;
#1438 = VECTOR ( 'NONE', #85, 1000.000000000000000 ) ;
#1439 = SURFACE_STYLE_FILL_AREA ( #2506 ) ;
#1440 = CARTESIAN_POINT ( 'NONE',  ( 4.549459830371603200, 3.449877900810487400, 2.504999999999999900 ) ) ;
#1441 = ORIENTED_EDGE ( 'NONE', *, *, #31, .F. ) ;
#1442 = CARTESIAN_POINT ( 'NONE',  ( 4.742143078915924000, 2.796949999999975000, 2.504999999999999900 ) ) ;
#1443 = CARTESIAN_POINT ( 'NONE',  ( 3.830849251259674600, 2.796949999999975000, 2.500000000000000000 ) ) ;
#1444 = EDGE_CURVE ( 'NONE', #2505, #2133, #2041, .T. ) ;
#1445 = ORIENTED_EDGE ( 'NONE', *, *, #983, .F. ) ;
#1446 = PLANE ( 'NONE',  #2004 ) ;
#1447 = CARTESIAN_POINT ( 'NONE',  ( 4.785687953151047200, 2.950409022377217500, 2.500000000000000000 ) ) ;
#1448 = EDGE_LOOP ( 'NONE', ( #366, #126, #2166, #906 ) ) ;
#1449 = AXIS2_PLACEMENT_3D ( 'NONE', #3019, #2037, #2756 ) ;
#1450 = DIRECTION ( 'NONE',  ( -1.000000000000000000, -0.0000000000000000000, -0.0000000000000000000 ) ) ;
#1451 = ORIENTED_EDGE ( 'NONE', *, *, #2043, .T. ) ;
#1452 = CARTESIAN_POINT ( 'NONE',  ( 3.315760323418800700, 3.603410487004079100, 2.500000000000000000 ) ) ;
#1453 = DIRECTION ( 'NONE',  ( 0.2740217765954066100, 0.9617234872620595800, 0.0000000000000000000 ) ) ;
#1454 = AXIS2_PLACEMENT_3D ( 'NONE', #698, #954, #2594 ) ;
#1455 = VERTEX_POINT ( 'NONE', #159 ) ;
#1456 =( NAMED_UNIT ( * ) SI_UNIT ( $, .STERADIAN. ) SOLID_ANGLE_UNIT ( ) );
#1457 = VERTEX_POINT ( 'NONE', #2502 ) ;
#1458 = DIRECTION ( 'NONE',  ( -0.2746918797667269900, -0.9615323037684286900, 0.0000000000000000000 ) ) ;
#1459 = CARTESIAN_POINT ( 'NONE',  ( 2.002909795653732100, 3.603410487004079100, 2.504999999999999900 ) ) ;
#1460 = AXIS2_PLACEMENT_3D ( 'NONE', #1177, #1242, #1087 ) ;
#1461 = DIRECTION ( 'NONE',  ( 0.0000000000000000000, 0.0000000000000000000, 1.000000000000000000 ) ) ;
#1462 = FACE_OUTER_BOUND ( 'NONE', #1525, .T. ) ;
#1463 = PLANE ( 'NONE',  #1598 ) ;
#1464 = CARTESIAN_POINT ( 'NONE',  ( 4.038019667107946000, 3.518378073226476200, 2.504999999999999900 ) ) ;
#1465 = VECTOR ( 'NONE', #2458, 1000.000000000000100 ) ;
#1466 = FACE_OUTER_BOUND ( 'NONE', #2085, .T. ) ;
#1467 = EDGE_CURVE ( 'NONE', #722, #1455, #831, .T. ) ;
#1468 = FACE_OUTER_BOUND ( 'NONE', #1986, .T. ) ;
#1469 =( NAMED_UNIT ( * ) PLANE_ANGLE_UNIT ( ) SI_UNIT ( $, .RADIAN. ) );
#1470 = ADVANCED_FACE ( 'NONE', ( #863 ), #2572, .F. ) ;
#1471 = CARTESIAN_POINT ( 'NONE',  ( 2.512466725252863400, 3.603410487004079100, 2.504999999999999900 ) ) ;
#1472 = FACE_OUTER_BOUND ( 'NONE', #2973, .T. ) ;
#1473 = ORIENTED_EDGE ( 'NONE', *, *, #87, .F. ) ;
#1474 = LINE ( 'NONE', #709, #2452 ) ;
#1475 = CYLINDRICAL_SURFACE ( 'NONE', #2039, 0.5000000000000000000 ) ;
#1476 = PLANE ( 'NONE',  #629 ) ;
#1477 = SURFACE_STYLE_USAGE ( .BOTH. , #2896 ) ;
#1478 = SURFACE_STYLE_FILL_AREA ( #1273 ) ;
#1479 = ORIENTED_EDGE ( 'NONE', *, *, #1731, .F. ) ;
#1480 = ADVANCED_FACE ( 'NONE', ( #482 ), #1665, .F. ) ;
#1481 = ORIENTED_EDGE ( 'NONE', *, *, #887, .T. ) ;
#1482 = PRESENTATION_STYLE_ASSIGNMENT (( #473 ) ) ;
#1483 = EDGE_LOOP ( 'NONE', ( #3016, #1479, #1854, #634 ) ) ;
#1484 = ORIENTED_EDGE ( 'NONE', *, *, #2728, .T. ) ;
#1485 = CARTESIAN_POINT ( 'NONE',  ( 4.463277368953007400, 3.150816471498410400, 2.504999999999999900 ) ) ;
#1486 = EDGE_CURVE ( 'NONE', #1366, #2156, #2138, .T. ) ;
#1487 = ORIENTED_EDGE ( 'NONE', *, *, #441, .T. ) ;
#1488 = DIRECTION ( 'NONE',  ( -1.000000000000000000, -1.693947318196328000E-016, 0.0000000000000000000 ) ) ;
#1489 = ORIENTED_EDGE ( 'NONE', *, *, #639, .F. ) ;
#1490 = ADVANCED_FACE ( 'NONE', ( #990 ), #431, .F. ) ;
#1491 = EDGE_CURVE ( 'NONE', #2891, #850, #2438, .T. ) ;
#1492 = ORIENTED_EDGE ( 'NONE', *, *, #1254, .T. ) ;
#1493 = CARTESIAN_POINT ( 'NONE',  ( 4.267646663553433600, 3.603410487004079100, 2.504999999999999900 ) ) ;
#1494 = DIRECTION ( 'NONE',  ( -0.4443210308329518200, -0.8958676361826801700, 0.0000000000000000000 ) ) ;
#1495 = MECHANICAL_DESIGN_GEOMETRIC_PRESENTATION_REPRESENTATION (  '', ( #1431 ), #967 ) ;
#1496 = ORIENTED_EDGE ( 'NONE', *, *, #1304, .F. ) ;
#1497 =( NAMED_UNIT ( * ) PLANE_ANGLE_UNIT ( ) SI_UNIT ( $, .RADIAN. ) );
#1498 = PRESENTATION_STYLE_ASSIGNMENT (( #432 ) ) ;
#1499 = VECTOR ( 'NONE', #1799, 1000.000000000000000 ) ;
#1500 = FACE_OUTER_BOUND ( 'NONE', #2509, .T. ) ;
#1501 = DIRECTION ( 'NONE',  ( -0.2762033010290176300, -0.9610992334304892000, 0.0000000000000000000 ) ) ;
#1502 = EDGE_CURVE ( 'NONE', #2424, #1228, #1685, .T. ) ;
#1503 = VECTOR ( 'NONE', #50, 1000.000000000000000 ) ;
#1504 = DIRECTION ( 'NONE',  ( -0.0000000000000000000, -0.0000000000000000000, -1.000000000000000000 ) ) ;
#1505 = DIRECTION ( 'NONE',  ( -1.000000000000000000, 0.0000000000000000000, -0.0000000000000000000 ) ) ;
#1506 = VECTOR ( 'NONE', #1526, 1000.000000000000000 ) ;
#1507 = CARTESIAN_POINT ( 'NONE',  ( 0.0000000000000000000, 6.500000000000000000, 0.5000000000000000000 ) ) ;
#1508 = CARTESIAN_POINT ( 'NONE',  ( 4.505811966795357100, 3.299876377738383500, 2.504999999999999900 ) ) ;
#1509 = VECTOR ( 'NONE', #665, 1000.000000000000000 ) ;
#1510 = EDGE_CURVE ( 'NONE', #2505, #2159, #1867, .T. ) ;
#1511 = VECTOR ( 'NONE', #2556, 1000.000000000000000 ) ;
#1512 = VECTOR ( 'NONE', #2803, 1000.000000000000000 ) ;
#1513 = DIRECTION ( 'NONE',  ( 0.0000000000000000000, 0.0000000000000000000, -1.000000000000000000 ) ) ;
#1514 = ORIENTED_EDGE ( 'NONE', *, *, #1765, .F. ) ;
#1515 = VERTEX_POINT ( 'NONE', #2370 ) ;
#1516 = DIRECTION ( 'NONE',  ( 0.0000000000000000000, 1.000000000000000000, 0.0000000000000000000 ) ) ;
#1517 = ORIENTED_EDGE ( 'NONE', *, *, #536, .F. ) ;
#1518 = ORIENTED_EDGE ( 'NONE', *, *, #286, .T. ) ;
#1519 = MECHANICAL_DESIGN_GEOMETRIC_PRESENTATION_REPRESENTATION (  '', ( #1186 ), #2511 ) ;
#1520 = CARTESIAN_POINT ( 'NONE',  ( 2.247068097692184600, 3.603410487004079100, 2.504999999999999900 ) ) ;
#1521 = DIRECTION ( 'NONE',  ( 1.000000000000000000, 0.0000000000000000000, 0.0000000000000000000 ) ) ;
#1522 = ORIENTED_EDGE ( 'NONE', *, *, #2275, .T. ) ;
#1523 = CARTESIAN_POINT ( 'NONE',  ( 6.699999999999999300, 6.500000000000000000, 2.000000000000000000 ) ) ;
#1524 = APPLICATION_PROTOCOL_DEFINITION ( 'draft international standard', 'automotive_design', 1998, #1976 ) ;
#1525 = EDGE_LOOP ( 'NONE', ( #1708, #2588, #2084, #435, #845, #2251, #547, #1996, #2761, #926, #179, #2158, #471, #730, #2809, #1924, #1669 ) ) ;
#1526 = DIRECTION ( 'NONE',  ( -0.0000000000000000000, -0.0000000000000000000, -1.000000000000000000 ) ) ;
#1527 = CARTESIAN_POINT ( 'NONE',  ( 3.235320743825866400, 3.603410487004079100, 2.504999999999999900 ) ) ;
#1528 = ORIENTED_EDGE ( 'NONE', *, *, #286, .F. ) ;
#1529 = FILL_AREA_STYLE ('',( #1758 ) ) ;
#1530 = EDGE_CURVE ( 'NONE', #2426, #2310, #2714, .T. ) ;
#1531 = DIRECTION ( 'NONE',  ( -0.2760118818968580500, -0.9611542233438683500, 0.0000000000000000000 ) ) ;
#1532 = DIRECTION ( 'NONE',  ( 1.000000000000000000, 0.0000000000000000000, 0.0000000000000000000 ) ) ;
#1533 = ORIENTED_EDGE ( 'NONE', *, *, #2202, .T. ) ;
#1534 = CARTESIAN_POINT ( 'NONE',  ( 7.200000000000000200, 0.0000000000000000000, 2.500000000000000000 ) ) ;
#1535 = MECHANICAL_DESIGN_GEOMETRIC_PRESENTATION_REPRESENTATION (  '', ( #1694 ), #2793 ) ;
#1536 = ORIENTED_EDGE ( 'NONE', *, *, #208, .F. ) ;
#1537 = CARTESIAN_POINT ( 'NONE',  ( 4.364804846819976300, 3.603410487004079100, 2.504999999999999900 ) ) ;
#1538 = LINE ( 'NONE', #1459, #2291 ) ;
#1539 =( GEOMETRIC_REPRESENTATION_CONTEXT ( 3 ) GLOBAL_UNCERTAINTY_ASSIGNED_CONTEXT ( ( #430 ) ) GLOBAL_UNIT_ASSIGNED_CONTEXT ( ( #2211, #1469, #279 ) ) REPRESENTATION_CONTEXT ( 'NONE', 'WORKASPACE' ) );
#1540 = CARTESIAN_POINT ( 'NONE',  ( 5.206830985609593100, 2.796949999999975000, 2.504999999999999900 ) ) ;
#1541 = CARTESIAN_POINT ( 'NONE',  ( 4.400055999999999300, 0.2241200000000000100, 0.0000000000000000000 ) ) ;
#1542 = CYLINDRICAL_SURFACE ( 'NONE', #2842, 0.5000000000000000000 ) ;
#1543 = EDGE_CURVE ( 'NONE', #2934, #1373, #1538, .T. ) ;
#1544 = CARTESIAN_POINT ( 'NONE',  ( 7.200000000000000200, 6.292893218813451200, -9.321455276579131800E-016 ) ) ;
#1545 = CARTESIAN_POINT ( 'NONE',  ( 4.919024819995339500, 3.448838198891324600, 2.500000000000000000 ) ) ;
#1546 = VECTOR ( 'NONE', #1566, 1000.000000000000000 ) ;
#1547 = CIRCLE ( 'NONE', #111, 0.2500000000000000000 ) ;
#1548 = VERTEX_POINT ( 'NONE', #2615 ) ;
#1549 = DIRECTION ( 'NONE',  ( -0.0000000000000000000, -0.0000000000000000000, -1.000000000000000000 ) ) ;
#1550 = COLOUR_RGB ( '',0.4980392156862745200, 0.4980392156862745200, 0.4980392156862745200 ) ;
#1551 = VECTOR ( 'NONE', #174, 1000.000000000000000 ) ;
#1552 = ORIENTED_EDGE ( 'NONE', *, *, #1841, .T. ) ;
#1553 = ORIENTED_EDGE ( 'NONE', *, *, #2604, .T. ) ;
#1554 = LINE ( 'NONE', #2718, #1190 ) ;
#1555 =( GEOMETRIC_REPRESENTATION_CONTEXT ( 3 ) GLOBAL_UNCERTAINTY_ASSIGNED_CONTEXT ( ( #2985 ) ) GLOBAL_UNIT_ASSIGNED_CONTEXT ( ( #823, #1497, #2931 ) ) REPRESENTATION_CONTEXT ( 'NONE', 'WORKASPACE' ) );
#1556 = ADVANCED_FACE ( 'NONE', ( #1828 ), #2901, .F. ) ;
#1557 = ORIENTED_EDGE ( 'NONE', *, *, #639, .T. ) ;
#1558 = CARTESIAN_POINT ( 'NONE',  ( 7.200000000000000200, 5.999999999999998200, 0.0000000000000000000 ) ) ;
#1559 = ORIENTED_EDGE ( 'NONE', *, *, #1882, .F. ) ;
#1560 = DIRECTION ( 'NONE',  ( -0.0000000000000000000, 1.000000000000000000, -0.0000000000000000000 ) ) ;
#1561 = VERTEX_POINT ( 'NONE', #2384 ) ;
#1562 = UNCERTAINTY_MEASURE_WITH_UNIT (LENGTH_MEASURE( 1.000000000000000100E-005 ), #2558, 'distance_accuracy_value', 'NONE');
#1563 = EDGE_CURVE ( 'NONE', #122, #1235, #1282, .T. ) ;
#1564 = ORIENTED_EDGE ( 'NONE', *, *, #1254, .F. ) ;
#1565 = ADVANCED_FACE ( 'NONE', ( #1906 ), #67, .F. ) ;
#1566 = DIRECTION ( 'NONE',  ( -0.0000000000000000000, -0.0000000000000000000, -1.000000000000000000 ) ) ;
#1567 = DIRECTION ( 'NONE',  ( -1.000000000000000000, 0.0000000000000000000, 0.0000000000000000000 ) ) ;
#1568 =( BOUNDED_CURVE ( )  B_SPLINE_CURVE ( 3, ( #209, #1024, #1967, #1523 ),
 .UNSPECIFIED., .F., .T. ) 
 B_SPLINE_CURVE_WITH_KNOTS ( ( 4, 4 ),
 ( 3.141592653589789600, 4.712388980384689700 ),
 .UNSPECIFIED. ) 
 CURVE ( )  GEOMETRIC_REPRESENTATION_ITEM ( )  RATIONAL_B_SPLINE_CURVE ( ( 1.000000000000000000, 0.8047378541243641600, 0.8047378541243641600, 1.000000000000000000 ) ) 
 REPRESENTATION_ITEM ( '' )  );
#1569 = EDGE_LOOP ( 'NONE', ( #2576, #1090, #1451, #1517 ) ) ;
#1570 = EDGE_CURVE ( 'NONE', #3032, #2465, #2786, .T. ) ;
#1571 = CARTESIAN_POINT ( 'NONE',  ( 7.200000000000000200, 0.0000000000000000000, 0.0000000000000000000 ) ) ;
#1572 = ORIENTED_EDGE ( 'NONE', *, *, #2562, .F. ) ;
#1573 = FILL_AREA_STYLE_COLOUR ( '', #1320 ) ;
#1574 = CARTESIAN_POINT ( 'NONE',  ( 0.2399999760000000300, 0.7500000000000000000, 0.2399999759999998600 ) ) ;
#1575 = LINE ( 'NONE', #2698, #1250 ) ;
#1576 = LINE ( 'NONE', #218, #2294 ) ;
#1577 = VECTOR ( 'NONE', #2100, 1000.000000000000000 ) ;
#1578 = FACE_OUTER_BOUND ( 'NONE', #84, .T. ) ;
#1579 = CARTESIAN_POINT ( 'NONE',  ( 2.072113727919044000, 2.796949999999975000, 2.504999999999999900 ) ) ;
#1580 = CARTESIAN_POINT ( 'NONE',  ( 3.628189149030495800, 3.027264753342405100, 2.504999999999999900 ) ) ;
#1581 = VECTOR ( 'NONE', #1716, 1000.000000000000000 ) ;
#1582 = EDGE_CURVE ( 'NONE', #2424, #693, #2007, .T. ) ;
#1583 = LINE ( 'NONE', #3023, #2990 ) ;
#1584 = CARTESIAN_POINT ( 'NONE',  ( 4.919024819995339500, 3.448838198891324600, 2.504999999999999900 ) ) ;
#1585 = ORIENTED_EDGE ( 'NONE', *, *, #1935, .F. ) ;
#1586 = DIRECTION ( 'NONE',  ( -1.000000000000000000, 0.0000000000000000000, 0.0000000000000000000 ) ) ;
#1587 = VERTEX_POINT ( 'NONE', #253 ) ;
#1588 = ORIENTED_EDGE ( 'NONE', *, *, #1973, .T. ) ;
#1589 = ORIENTED_EDGE ( 'NONE', *, *, #1724, .F. ) ;
#1590 = AXIS2_PLACEMENT_3D ( 'NONE', #1333, #2032, #617 ) ;
#1591 = CARTESIAN_POINT ( 'NONE',  ( 2.407467898767586200, 2.796949999999974100, 2.504999999999999900 ) ) ;
#1592 = ORIENTED_EDGE ( 'NONE', *, *, #544, .T. ) ;
#1593 = ORIENTED_EDGE ( 'NONE', *, *, #156, .F. ) ;
#1594 = ORIENTED_EDGE ( 'NONE', *, *, #1159, .T. ) ;
#1595 = EDGE_CURVE ( 'NONE', #2397, #372, #2358, .T. ) ;
#1596 = ORIENTED_EDGE ( 'NONE', *, *, #1899, .F. ) ;
#1597 = SURFACE_STYLE_USAGE ( .BOTH. , #404 ) ;
#1598 = AXIS2_PLACEMENT_3D ( 'NONE', #2631, #1683, #1231 ) ;
#1599 = DIRECTION ( 'NONE',  ( 0.0000000000000000000, 0.0000000000000000000, -1.000000000000000000 ) ) ;
#1600 = PRESENTATION_STYLE_ASSIGNMENT (( #2155 ) ) ;
#1601 = CARTESIAN_POINT ( 'NONE',  ( 4.742143078915924000, 2.796949999999975000, 2.504999999999999900 ) ) ;
#1602 = DIRECTION ( 'NONE',  ( -1.000000000000000000, 0.0000000000000000000, 0.0000000000000000000 ) ) ;
#1603 =( GEOMETRIC_REPRESENTATION_CONTEXT ( 3 ) GLOBAL_UNCERTAINTY_ASSIGNED_CONTEXT ( ( #2751 ) ) GLOBAL_UNIT_ASSIGNED_CONTEXT ( ( #22, #123, #1778 ) ) REPRESENTATION_CONTEXT ( 'NONE', 'WORKASPACE' ) );
#1604 = CARTESIAN_POINT ( 'NONE',  ( 2.600000000000000500, 1.592040838891559300E-016, 2.500000000000000000 ) ) ;
#1605 = VECTOR ( 'NONE', #658, 999.9999999999998900 ) ;
#1606 = ADVANCED_FACE ( 'NONE', ( #2675 ), #980, .F. ) ;
#1607 = DIRECTION ( 'NONE',  ( -0.6657134745240100800, -0.7462074576397440500, -0.0000000000000000000 ) ) ;
#1608 = CARTESIAN_POINT ( 'NONE',  ( 5.614675780601335700, 3.447680430667800600, 2.504999999999999900 ) ) ;
#1609 =( GEOMETRIC_REPRESENTATION_CONTEXT ( 3 ) GLOBAL_UNCERTAINTY_ASSIGNED_CONTEXT ( ( #545 ) ) GLOBAL_UNIT_ASSIGNED_CONTEXT ( ( #925, #2610, #2488 ) ) REPRESENTATION_CONTEXT ( 'NONE', 'WORKASPACE' ) );
#1610 = CARTESIAN_POINT ( 'NONE',  ( 3.191721922791935600, 3.449904874210175000, 2.504999999999999900 ) ) ;
#1611 = PRESENTATION_STYLE_ASSIGNMENT (( #414 ) ) ;
#1612 = DIRECTION ( 'NONE',  ( 0.2793947940878294100, 0.9601763114327593900, 0.0000000000000000000 ) ) ;
#1613 = LINE ( 'NONE', #2009, #2367 ) ;
#1614 = VECTOR ( 'NONE', #2050, 1000.000000000000000 ) ;
#1615 = SURFACE_STYLE_FILL_AREA ( #3045 ) ;
#1616 = CARTESIAN_POINT ( 'NONE',  ( 0.0000000000000000000, 0.0000000000000000000, 0.0000000000000000000 ) ) ;
#1617 = FACE_OUTER_BOUND ( 'NONE', #2428, .T. ) ;
#1618 = PRESENTATION_STYLE_ASSIGNMENT (( #1171 ) ) ;
#1619 = EDGE_CURVE ( 'NONE', #217, #1023, #32, .T. ) ;
#1620 = VERTEX_POINT ( 'NONE', #2603 ) ;
#1621 = DIRECTION ( 'NONE',  ( 0.0000000000000000000, 0.0000000000000000000, -1.000000000000000000 ) ) ;
#1622 = ORIENTED_EDGE ( 'NONE', *, *, #1050, .F. ) ;
#1623 = ADVANCED_FACE ( 'NONE', ( #1462 ), #2404, .F. ) ;
#1624 = ORIENTED_EDGE ( 'NONE', *, *, #1084, .T. ) ;
#1625 = PLANE ( 'NONE',  #2372 ) ;
#1626 = AXIS2_PLACEMENT_3D ( 'NONE', #1715, #2892, #1259 ) ;
#1627 = CARTESIAN_POINT ( 'NONE',  ( 6.960000023999999300, 0.7500000000000000000, 2.260000023999999600 ) ) ;
#1628 = ORIENTED_EDGE ( 'NONE', *, *, #3030, .F. ) ;
#1629 = CARTESIAN_POINT ( 'NONE',  ( 4.038019667107946000, 3.518378073226476200, 2.504999999999999900 ) ) ;
#1630 = DIRECTION ( 'NONE',  ( -0.0000000000000000000, 1.000000000000000000, -0.0000000000000000000 ) ) ;
#1631 = EDGE_LOOP ( 'NONE', ( #771, #1376, #86, #2493 ) ) ;
#1632 =( NAMED_UNIT ( * ) PLANE_ANGLE_UNIT ( ) SI_UNIT ( $, .RADIAN. ) );
#1633 = CARTESIAN_POINT ( 'NONE',  ( 4.364804846819976300, 3.603410487004079100, 2.500000000000000000 ) ) ;
#1634 = ORIENTED_EDGE ( 'NONE', *, *, #1467, .T. ) ;
#1635 = CARTESIAN_POINT ( 'NONE',  ( 2.799944000000000400, 0.2241200000000000100, 0.0000000000000000000 ) ) ;
#1636 = DIRECTION ( 'NONE',  ( 0.0000000000000000000, -1.000000000000000000, 0.0000000000000000000 ) ) ;
#1637 = SURFACE_STYLE_USAGE ( .BOTH. , #2821 ) ;
#1638 = VERTEX_POINT ( 'NONE', #519 ) ;
#1639 = PLANE ( 'NONE',  #1788 ) ;
#1640 = SURFACE_SIDE_STYLE ('',( #1009 ) ) ;
#1641 = ORIENTED_EDGE ( 'NONE', *, *, #1747, .F. ) ;
#1642 = EDGE_CURVE ( 'NONE', #2060, #226, #2071, .T. ) ;
#1643 = DIRECTION ( 'NONE',  ( 1.000000000000000000, -1.104435275910379400E-013, 0.0000000000000000000 ) ) ;
#1644 = ADVANCED_FACE ( 'NONE', ( #408 ), #1071, .F. ) ;
#1645 = CARTESIAN_POINT ( 'NONE',  ( 0.0000000000000000000, 0.0000000000000000000, 0.0000000000000000000 ) ) ;
#1646 = PRESENTATION_LAYER_ASSIGNMENT (  '', '', ( #521 ) ) ;
#1647 = DIRECTION ( 'NONE',  ( 0.2759782365590697200, 0.9611638845408965200, 0.0000000000000000000 ) ) ;
#1648 = COLOUR_RGB ( '',0.8980392156862745400, 0.9215686274509803400, 0.9294117647058823800 ) ;
#1649 = CARTESIAN_POINT ( 'NONE',  ( 3.659203313286182500, 3.603410487004079100, 2.500000000000000000 ) ) ;
#1650 = CARTESIAN_POINT ( 'NONE',  ( 4.549459830371603200, 3.449877900810487400, 2.500000000000000000 ) ) ;
#1651 = PRESENTATION_STYLE_ASSIGNMENT (( #3059 ) ) ;
#1652 = LINE ( 'NONE', #2719, #2111 ) ;
#1653 = LINE ( 'NONE', #1931, #1044 ) ;
#1654 = FACE_OUTER_BOUND ( 'NONE', #1334, .T. ) ;
#1655 = DIRECTION ( 'NONE',  ( 0.0000000000000000000, 0.0000000000000000000, 1.000000000000000000 ) ) ;
#1656 = LINE ( 'NONE', #1574, #320 ) ;
#1657 = LINE ( 'NONE', #2587, #2606 ) ;
#1658 = CARTESIAN_POINT ( 'NONE',  ( 1.099999999999999900, -5.000000000000000000, 1.499999999999999800 ) ) ;
#1659 = CARTESIAN_POINT ( 'NONE',  ( 3.276273718997839300, 2.796949999999975000, 2.500000000000000000 ) ) ;
#1660 = EDGE_LOOP ( 'NONE', ( #49, #2444, #1711, #878 ) ) ;
#1661 = SURFACE_STYLE_FILL_AREA ( #1859 ) ;
#1662 = EDGE_CURVE ( 'NONE', #1919, #2019, #1389, .T. ) ;
#1663 = LINE ( 'NONE', #2366, #2963 ) ;
#1664 = ORIENTED_EDGE ( 'NONE', *, *, #642, .F. ) ;
#1665 = PLANE ( 'NONE',  #127 ) ;
#1666 = LINE ( 'NONE', #2677, #884 ) ;
#1667 = EDGE_CURVE ( 'NONE', #2898, #1294, #2476, .T. ) ;
#1668 = CARTESIAN_POINT ( 'NONE',  ( 6.099999999999999600, 0.7499999999999997800, 1.249999999999999800 ) ) ;
#1669 = ORIENTED_EDGE ( 'NONE', *, *, #2029, .F. ) ;
#1670 = EDGE_LOOP ( 'NONE', ( #1522, #2539, #2132, #785 ) ) ;
#1671 = AXIS2_PLACEMENT_3D ( 'NONE', #1945, #488, #1936 ) ;
#1672 = ADVANCED_FACE ( 'NONE', ( #637 ), #2668, .F. ) ;
#1673 = CARTESIAN_POINT ( 'NONE',  ( 2.600000000000000500, 1.592040838891559300E-016, 0.0000000000000000000 ) ) ;
#1674 = VERTEX_POINT ( 'NONE', #347 ) ;
#1675 = CARTESIAN_POINT ( 'NONE',  ( 0.2071067811865467100, 6.500000000000000900, 0.2071067811865467100 ) ) ;
#1676 = DIRECTION ( 'NONE',  ( 0.0000000000000000000, 0.0000000000000000000, 1.000000000000000000 ) ) ;
#1677 = ORIENTED_EDGE ( 'NONE', *, *, #2724, .T. ) ;
#1678 = CARTESIAN_POINT ( 'NONE',  ( 3.235320743825866400, 3.603410487004079100, 2.504999999999999900 ) ) ;
#1679 =( BOUNDED_CURVE ( )  B_SPLINE_CURVE ( 3, ( #1349, #354, #1305, #599 ),
 .UNSPECIFIED., .F., .T. ) 
 B_SPLINE_CURVE_WITH_KNOTS ( ( 4, 4 ),
 ( 0.0000000000000000000, 1.570796326794896600 ),
 .UNSPECIFIED. ) 
 CURVE ( )  GEOMETRIC_REPRESENTATION_ITEM ( )  RATIONAL_B_SPLINE_CURVE ( ( 1.000000000000000000, 0.8047378541243649400, 0.8047378541243649400, 1.000000000000000000 ) ) 
 REPRESENTATION_ITEM ( '' )  );
#1680 = EDGE_LOOP ( 'NONE', ( #2342, #334, #942, #2026, #114, #184, #2126, #1585, #2624, #1992, #2590 ) ) ;
#1681 = DIRECTION ( 'NONE',  ( -0.0000000000000000000, -0.0000000000000000000, -1.000000000000000000 ) ) ;
#1682 = LINE ( 'NONE', #3021, #1422 ) ;
#1683 = DIRECTION ( 'NONE',  ( 1.000000000000000000, 0.0000000000000000000, 0.0000000000000000000 ) ) ;
#1684 = CARTESIAN_POINT ( 'NONE',  ( 3.830849251259674600, 2.796949999999975000, 2.504999999999999900 ) ) ;
#1685 = LINE ( 'NONE', #1236, #267 ) ;
#1686 = DIRECTION ( 'NONE',  ( 0.7083077534943971200, -0.7059037656364501900, 0.0000000000000000000 ) ) ;
#1687 = EDGE_CURVE ( 'NONE', #2940, #1959, #2949, .T. ) ;
#1688 = DIRECTION ( 'NONE',  ( -0.9615323037684288000, 0.2746918797667270400, 0.0000000000000000000 ) ) ;
#1689 = DIRECTION ( 'NONE',  ( -0.6657134745240099700, -0.7462074576397439400, 0.0000000000000000000 ) ) ;
#1690 = COLOUR_RGB ( '',0.7921568627450980000, 0.8196078431372548800, 0.9333333333333333500 ) ;
#1691 = CARTESIAN_POINT ( 'NONE',  ( 2.600000000000000500, 1.592040838891559300E-016, 0.0000000000000000000 ) ) ;
#1692 = CARTESIAN_POINT ( 'NONE',  ( 3.132726194629763300, 2.796949999999975000, 2.504999999999999900 ) ) ;
#1693 = FACE_OUTER_BOUND ( 'NONE', #1898, .T. ) ;
#1694 = STYLED_ITEM ( 'NONE', ( #2686 ), #621 ) ;
#1695 = LINE ( 'NONE', #692, #105 ) ;
#1696 = CARTESIAN_POINT ( 'NONE',  ( 2.247068097692184600, 3.603410487004079100, 2.500000000000000000 ) ) ;
#1697 = VECTOR ( 'NONE', #2048, 1000.000000000000000 ) ;
#1698 = LINE ( 'NONE', #1691, #839 ) ;
#1699 = COLOUR_RGB ( '',0.4980392156862745200, 0.4980392156862745200, 0.4980392156862745200 ) ;
#1700 = CARTESIAN_POINT ( 'NONE',  ( 3.315760323418800700, 3.603410487004079100, 2.504999999999999900 ) ) ;
#1701 = LINE ( 'NONE', #1047, #1083 ) ;
#1702 = VECTOR ( 'NONE', #1872, 1000.000000000000000 ) ;
#1703 = ORIENTED_EDGE ( 'NONE', *, *, #399, .T. ) ;
#1704 = ORIENTED_EDGE ( 'NONE', *, *, #1304, .T. ) ;
#1705 = VECTOR ( 'NONE', #732, 1000.000000000000000 ) ;
#1706 = CARTESIAN_POINT ( 'NONE',  ( 1.099999999999999900, -5.000000000000000000, 1.249999999999999800 ) ) ;
#1707 = EDGE_CURVE ( 'NONE', #18, #252, #2671, .T. ) ;
#1708 = ORIENTED_EDGE ( 'NONE', *, *, #119, .F. ) ;
#1709 = ADVANCED_FACE ( 'NONE', ( #2103 ), #2697, .F. ) ;
#1710 = DIRECTION ( 'NONE',  ( -0.2764273280489764600, -0.9610348236706636200, 0.0000000000000000000 ) ) ;
#1711 = ORIENTED_EDGE ( 'NONE', *, *, #2496, .T. ) ;
#1712 = ADVANCED_FACE ( 'NONE', ( #2516 ), #1032, .F. ) ;
#1713 = AXIS2_PLACEMENT_3D ( 'NONE', #493, #2139, #2924 ) ;
#1714 = ORIENTED_EDGE ( 'NONE', *, *, #2745, .T. ) ;
#1715 = CARTESIAN_POINT ( 'NONE',  ( 2.002909795653732100, 3.603410487004079100, 2.504999999999999900 ) ) ;
#1716 = DIRECTION ( 'NONE',  ( -0.0000000000000000000, 1.000000000000000000, -0.0000000000000000000 ) ) ;
#1717 = AXIS2_PLACEMENT_3D ( 'NONE', #2658, #778, #1770 ) ;
#1718 = ORIENTED_EDGE ( 'NONE', *, *, #2708, .T. ) ;
#1719 = DIRECTION ( 'NONE',  ( 0.0000000000000000000, 1.000000000000000000, 0.0000000000000000000 ) ) ;
#1720 = CARTESIAN_POINT ( 'NONE',  ( 7.200000000000000200, 5.999999999999998200, 2.500000000000000000 ) ) ;
#1721 = ORIENTED_EDGE ( 'NONE', *, *, #2836, .T. ) ;
#1722 = DIRECTION ( 'NONE',  ( -0.0000000000000000000, -0.0000000000000000000, -1.000000000000000000 ) ) ;
#1723 =( LENGTH_UNIT ( ) NAMED_UNIT ( * ) SI_UNIT ( .MILLI., .METRE. ) );
#1724 = EDGE_CURVE ( 'NONE', #1264, #2005, #1791, .T. ) ;
#1725 = CARTESIAN_POINT ( 'NONE',  ( 4.463277368953007400, 3.150816471498410400, 2.504999999999999900 ) ) ;
#1726 = DIRECTION ( 'NONE',  ( -1.000000000000000000, 0.0000000000000000000, 0.0000000000000000000 ) ) ;
#1727 = CARTESIAN_POINT ( 'NONE',  ( -0.08753432769269003900, 0.1866995735883402700, 2.504999999999999000 ) ) ;
#1728 = CARTESIAN_POINT ( 'NONE',  ( 2.002909795653732100, 3.603410487004079100, 2.504999999999999900 ) ) ;
#1729 = FILL_AREA_STYLE_COLOUR ( '', #329 ) ;
#1730 = LINE ( 'NONE', #1072, #2599 ) ;
#1731 = EDGE_CURVE ( 'NONE', #2755, #2889, #2355, .T. ) ;
#1732 = LINE ( 'NONE', #1142, #1975 ) ;
#1733 =( GEOMETRIC_REPRESENTATION_CONTEXT ( 3 ) GLOBAL_UNCERTAINTY_ASSIGNED_CONTEXT ( ( #920 ) ) GLOBAL_UNIT_ASSIGNED_CONTEXT ( ( #548, #2650, #1246 ) ) REPRESENTATION_CONTEXT ( 'NONE', 'WORKASPACE' ) );
#1734 = DIRECTION ( 'NONE',  ( 0.002813301676021314300, 0.9999960426590096500, -0.0000000000000000000 ) ) ;
#1735 = LINE ( 'NONE', #2788, #2757 ) ;
#1736 = FACE_OUTER_BOUND ( 'NONE', #147, .T. ) ;
#1737 = LINE ( 'NONE', #1180, #1801 ) ;
#1738 = DIRECTION ( 'NONE',  ( -0.9612934544747577800, 0.2755265765475026800, 0.0000000000000000000 ) ) ;
#1739 = DIRECTION ( 'NONE',  ( 0.9984327301130240300, -0.05596501978069370900, 0.0000000000000000000 ) ) ;
#1740 = LINE ( 'NONE', #988, #2266 ) ;
#1741 = COLOUR_RGB ( '',0.8980392156862745400, 0.9215686274509803400, 0.9294117647058823800 ) ;
#1742 = PRESENTATION_LAYER_ASSIGNMENT (  '', '', ( #44 ) ) ;
#1743 = VERTEX_POINT ( 'NONE', #2683 ) ;
#1744 = DIRECTION ( 'NONE',  ( 0.2760118818968580500, 0.9611542233438684600, 0.0000000000000000000 ) ) ;
#1745 = ORIENTED_EDGE ( 'NONE', *, *, #2434, .T. ) ;
#1746 = ORIENTED_EDGE ( 'NONE', *, *, #2625, .F. ) ;
#1747 = EDGE_CURVE ( 'NONE', #2705, #1309, #1904, .T. ) ;
#1748 = ORIENTED_EDGE ( 'NONE', *, *, #2222, .T. ) ;
#1749 = CARTESIAN_POINT ( 'NONE',  ( 5.659429906016654000, 3.603410487004079100, 2.504999999999999900 ) ) ;
#1750 = CARTESIAN_POINT ( 'NONE',  ( 4.785687953151047200, 2.950409022377217500, 2.504999999999999900 ) ) ;
#1751 = EDGE_CURVE ( 'NONE', #3032, #2068, #2595, .T. ) ;
#1752 = ORIENTED_EDGE ( 'NONE', *, *, #2098, .F. ) ;
#1753 = EDGE_LOOP ( 'NONE', ( #1226, #2376, #2664, #2701 ) ) ;
#1754 = MECHANICAL_DESIGN_GEOMETRIC_PRESENTATION_REPRESENTATION (  '', ( #214 ), #125 ) ;
#1755 = VERTEX_POINT ( 'NONE', #950 ) ;
#1756 = PRESENTATION_LAYER_ASSIGNMENT (  '', '', ( #2865 ) ) ;
#1757 = ORIENTED_EDGE ( 'NONE', *, *, #742, .F. ) ;
#1758 = FILL_AREA_STYLE_COLOUR ( '', #666 ) ;
#1759 = CARTESIAN_POINT ( 'NONE',  ( 5.659429906016654000, 3.603410487004079100, 2.500000000000000000 ) ) ;
#1760 = LINE ( 'NONE', #1124, #2038 ) ;
#1761 = DIRECTION ( 'NONE',  ( 0.0000000000000000000, 1.000000000000000000, 0.0000000000000000000 ) ) ;
#1762 = VECTOR ( 'NONE', #2874, 1000.000000000000200 ) ;
#1763 = FACE_OUTER_BOUND ( 'NONE', #1306, .T. ) ;
#1764 =( NAMED_UNIT ( * ) PLANE_ANGLE_UNIT ( ) SI_UNIT ( $, .RADIAN. ) );
#1765 = EDGE_CURVE ( 'NONE', #1457, #2245, #1760, .T. ) ;
#1766 = CARTESIAN_POINT ( 'NONE',  ( 6.992893218813451400, 6.500000000000000900, 0.2071067811865469100 ) ) ;
#1767 = DIRECTION ( 'NONE',  ( 0.0000000000000000000, 0.0000000000000000000, 1.000000000000000000 ) ) ;
#1768 = STYLED_ITEM ( 'NONE', ( #2078 ), #566 ) ;
#1769 = LINE ( 'NONE', #1534, #1288 ) ;
#1770 = DIRECTION ( 'NONE',  ( 0.2763173343569616000, 0.9610664548999008300, 0.0000000000000000000 ) ) ;
#1771 = LINE ( 'NONE', #522, #957 ) ;
#1772 = ORIENTED_EDGE ( 'NONE', *, *, #2947, .F. ) ;
#1773 = VECTOR ( 'NONE', #1028, 1000.000000000000100 ) ;
#1774 = DIRECTION ( 'NONE',  ( -0.0000000000000000000, -0.0000000000000000000, -1.000000000000000000 ) ) ;
#1775 = LINE ( 'NONE', #59, #1322 ) ;
#1776 = SURFACE_STYLE_FILL_AREA ( #1891 ) ;
#1777 = DIRECTION ( 'NONE',  ( -0.0000000000000000000, -0.0000000000000000000, -1.000000000000000000 ) ) ;
#1778 =( NAMED_UNIT ( * ) SI_UNIT ( $, .STERADIAN. ) SOLID_ANGLE_UNIT ( ) );
#1779 = ORIENTED_EDGE ( 'NONE', *, *, #1707, .T. ) ;
#1780 = ORIENTED_EDGE ( 'NONE', *, *, #1642, .F. ) ;
#1781 = LINE ( 'NONE', #1545, #1887 ) ;
#1782 = ORIENTED_EDGE ( 'NONE', *, *, #1193, .F. ) ;
#1783 = CARTESIAN_POINT ( 'NONE',  ( 3.913938578914311100, 3.603410487004079100, 2.504999999999999900 ) ) ;
#1784 = VERTEX_POINT ( 'NONE', #2748 ) ;
#1785 = EDGE_LOOP ( 'NONE', ( #2988, #1014, #3012, #426 ) ) ;
#1786 = EDGE_CURVE ( 'NONE', #932, #80, #1034, .T. ) ;
#1787 = ORIENTED_EDGE ( 'NONE', *, *, #832, .T. ) ;
#1788 = AXIS2_PLACEMENT_3D ( 'NONE', #1860, #915, #428 ) ;
#1789 = EDGE_LOOP ( 'NONE', ( #1157, #2306, #1782, #2630 ) ) ;
#1790 = CARTESIAN_POINT ( 'NONE',  ( 3.235320743825866400, 3.603410487004079100, 2.504999999999999900 ) ) ;
#1791 = LINE ( 'NONE', #815, #1132 ) ;
#1792 = CARTESIAN_POINT ( 'NONE',  ( 6.099999999999999600, 0.7499999999999997800, 0.9999999999999997800 ) ) ;
#1793 = MANIFOLD_SOLID_BREP ( 'Body-Move/Copy1[2]', #254 ) ;
#1794 = SURFACE_STYLE_FILL_AREA ( #2712 ) ;
#1795 = VECTOR ( 'NONE', #2052, 1000.000000000000000 ) ;
#1796 = COLOUR_RGB ( '',0.4980392156862745200, 0.4980392156862745200, 0.4980392156862745200 ) ;
#1797 = EDGE_CURVE ( 'NONE', #2005, #18, #1682, .T. ) ;
#1798 = SURFACE_STYLE_FILL_AREA ( #338 ) ;
#1799 = DIRECTION ( 'NONE',  ( -0.0000000000000000000, -0.0000000000000000000, -1.000000000000000000 ) ) ;
#1800 = DIRECTION ( 'NONE',  ( -0.0000000000000000000, -0.0000000000000000000, 1.000000000000000000 ) ) ;
#1801 = VECTOR ( 'NONE', #2082, 1000.000000000000000 ) ;
#1802 = DIRECTION ( 'NONE',  ( -1.000000000000000000, 0.0000000000000000000, -1.290716862787147000E-016 ) ) ;
#1803 = MECHANICAL_DESIGN_GEOMETRIC_PRESENTATION_REPRESENTATION (  '', ( #1179 ), #1960 ) ;
#1804 = VECTOR ( 'NONE', #2379, 1000.000000000000000 ) ;
#1805 = ORIENTED_EDGE ( 'NONE', *, *, #2836, .F. ) ;
#1806 = COLOUR_RGB ( '',0.4980392156862745200, 0.4980392156862745200, 0.4980392156862745200 ) ;
#1807 = COLOUR_RGB ( '',0.4980392156862745200, 0.4980392156862745200, 0.4980392156862745200 ) ;
#1808 = AXIS2_PLACEMENT_3D ( 'NONE', #1348, #3004, #391 ) ;
#1809 = VERTEX_POINT ( 'NONE', #2531 ) ;
#1810 = PLANE ( 'NONE',  #1313 ) ;
#1811 = ORIENTED_EDGE ( 'NONE', *, *, #1570, .F. ) ;
#1812 = ORIENTED_EDGE ( 'NONE', *, *, #1582, .F. ) ;
#1813 = ORIENTED_EDGE ( 'NONE', *, *, #500, .T. ) ;
#1814 = VERTEX_POINT ( 'NONE', #1121 ) ;
#1815 = CARTESIAN_POINT ( 'NONE',  ( 1.541520000000000200, 2.796950000000000300, 2.504999999999999900 ) ) ;
#1816 = EDGE_CURVE ( 'NONE', #1638, #2133, #3015, .T. ) ;
#1817 = VERTEX_POINT ( 'NONE', #867 ) ;
#1818 = CARTESIAN_POINT ( 'NONE',  ( 0.2399999760000000000, 0.7500000000000000000, 2.260000023999999100 ) ) ;
#1819 = EDGE_LOOP ( 'NONE', ( #1419, #1779, #258, #2420, #124, #337, #2088, #728 ) ) ;
#1820 = EDGE_CURVE ( 'NONE', #2961, #1919, #1351, .T. ) ;
#1821 = ADVANCED_FACE ( 'NONE', ( #2396 ), #1374, .F. ) ;
#1822 = CARTESIAN_POINT ( 'NONE',  ( 3.235320743825866400, 3.603410487004079100, 2.500000000000000000 ) ) ;
#1823 = DIRECTION ( 'NONE',  ( -0.0000000000000000000, -0.0000000000000000000, 1.000000000000000000 ) ) ;
#1824 = VERTEX_POINT ( 'NONE', #186 ) ;
#1825 = CARTESIAN_POINT ( 'NONE',  ( 3.126784691149073300, 3.299903351138499200, 2.500000000000000000 ) ) ;
#1826 = VECTOR ( 'NONE', #1065, 1000.000000000000000 ) ;
#1827 = MECHANICAL_DESIGN_GEOMETRIC_PRESENTATION_REPRESENTATION (  '', ( #485 ), #2163 ) ;
#1828 = FACE_OUTER_BOUND ( 'NONE', #2945, .T. ) ;
#1829 = UNCERTAINTY_MEASURE_WITH_UNIT (LENGTH_MEASURE( 1.000000000000000100E-005 ), #2840, 'distance_accuracy_value', 'NONE');
#1830 = AXIS2_PLACEMENT_3D ( 'NONE', #868, #789, #98 ) ;
#1831 = LINE ( 'NONE', #1077, #2636 ) ;
#1832 = DIRECTION ( 'NONE',  ( 0.0000000000000000000, -1.000000000000000000, 0.0000000000000000000 ) ) ;
#1833 = LINE ( 'NONE', #2548, #2360 ) ;
#1834 = VERTEX_POINT ( 'NONE', #1845 ) ;
#1835 = CARTESIAN_POINT ( 'NONE',  ( 3.084201050762434900, 3.150816471500028200, 2.504999999999999900 ) ) ;
#1836 = VECTOR ( 'NONE', #1886, 1000.000000000000000 ) ;
#1837 = PRESENTATION_STYLE_ASSIGNMENT (( #939 ) ) ;
#1838 = DIRECTION ( 'NONE',  ( -0.0000000000000000000, -0.0000000000000000000, -1.000000000000000000 ) ) ;
#1839 = CARTESIAN_POINT ( 'NONE',  ( 1.770840479902133800, 2.796949999999975000, 2.500000000000000000 ) ) ;
#1840 = VECTOR ( 'NONE', #110, 999.9999999999998900 ) ;
#1841 = EDGE_CURVE ( 'NONE', #826, #1743, #1100, .T. ) ;
#1842 = FACE_OUTER_BOUND ( 'NONE', #1123, .T. ) ;
#1843 = CARTESIAN_POINT ( 'NONE',  ( 2.072113727919044000, 2.796949999999975000, 2.504999999999999900 ) ) ;
#1844 = DIRECTION ( 'NONE',  ( -0.0000000000000000000, -0.0000000000000000000, -1.000000000000000000 ) ) ;
#1845 = CARTESIAN_POINT ( 'NONE',  ( 4.267646663553433600, 3.603410487004079100, 2.500000000000000000 ) ) ;
#1846 = DIRECTION ( 'NONE',  ( -0.4668459304955080400, -0.8843386665637680300, 0.0000000000000000000 ) ) ;
#1847 = LINE ( 'NONE', #365, #424 ) ;
#1848 = DIRECTION ( 'NONE',  ( -1.000000000000000000, 0.0000000000000000000, 0.0000000000000000000 ) ) ;
#1849 = AXIS2_PLACEMENT_3D ( 'NONE', #2359, #36, #723 ) ;
#1850 = ORIENTED_EDGE ( 'NONE', *, *, #2008, .F. ) ;
#1851 = DIRECTION ( 'NONE',  ( 0.0000000000000000000, 0.0000000000000000000, 1.000000000000000000 ) ) ;
#1852 = ORIENTED_EDGE ( 'NONE', *, *, #2871, .T. ) ;
#1853 = CARTESIAN_POINT ( 'NONE',  ( 6.960000023999999300, 0.0000000000000000000, 0.2399999759999998600 ) ) ;
#1854 = ORIENTED_EDGE ( 'NONE', *, *, #1878, .T. ) ;
#1855 = PLANE ( 'NONE',  #1808 ) ;
#1856 = MECHANICAL_DESIGN_GEOMETRIC_PRESENTATION_REPRESENTATION (  '', ( #2528 ), #1038 ) ;
#1857 = VERTEX_POINT ( 'NONE', #652 ) ;
#1858 = ORIENTED_EDGE ( 'NONE', *, *, #2343, .F. ) ;
#1859 = FILL_AREA_STYLE ('',( #695 ) ) ;
#1860 = CARTESIAN_POINT ( 'NONE',  ( 7.200000000000000200, 0.0000000000000000000, 2.500000000000000000 ) ) ;
#1861 = ORIENTED_EDGE ( 'NONE', *, *, #1370, .T. ) ;
#1862 = EDGE_CURVE ( 'NONE', #1784, #2005, #2495, .T. ) ;
#1863 = ORIENTED_EDGE ( 'NONE', *, *, #1933, .T. ) ;
#1864 = SURFACE_STYLE_USAGE ( .BOTH. , #27 ) ;
#1865 = PRESENTATION_LAYER_ASSIGNMENT (  '', '', ( #3036 ) ) ;
#1866 = CARTESIAN_POINT ( 'NONE',  ( 4.785687953151047200, 2.950409022377217500, 2.500000000000000000 ) ) ;
#1867 = LINE ( 'NONE', #1217, #1762 ) ;
#1868 = CARTESIAN_POINT ( 'NONE',  ( 3.191721922791935600, 3.449904874210175000, 2.500000000000000000 ) ) ;
#1869 = VECTOR ( 'NONE', #311, 1000.000000000000000 ) ;
#1870 = AXIS2_PLACEMENT_3D ( 'NONE', #901, #1342, #396 ) ;
#1871 = FILL_AREA_STYLE ('',( #2560 ) ) ;
#1872 = DIRECTION ( 'NONE',  ( -0.0000000000000000000, -0.0000000000000000000, -1.000000000000000000 ) ) ;
#1873 = CYLINDRICAL_SURFACE ( 'NONE', #769, 0.2500000000000000000 ) ;
#1874 = VECTOR ( 'NONE', #2015, 1000.000000000000000 ) ;
#1875 = DIRECTION ( 'NONE',  ( 0.6657134745240099700, -0.7462074576397439400, 0.0000000000000000000 ) ) ;
#1876 = ADVANCED_FACE ( 'NONE', ( #2020 ), #2297, .F. ) ;
#1877 = CARTESIAN_POINT ( 'NONE',  ( 2.738107822383377700, 3.150816471500028200, 2.504999999999999900 ) ) ;
#1878 = EDGE_CURVE ( 'NONE', #2755, #158, #2796, .T. ) ;
#1879 = COLOUR_RGB ( '',0.7921568627450980000, 0.8196078431372548800, 0.9333333333333333500 ) ;
#1880 = FILL_AREA_STYLE_COLOUR ( '', #1879 ) ;
#1881 = DIRECTION ( 'NONE',  ( 0.6657134745240099700, -0.7462074576397439400, 8.592476073527614000E-017 ) ) ;
#1882 = EDGE_CURVE ( 'NONE', #555, #2060, #638, .T. ) ;
#1883 = EDGE_LOOP ( 'NONE', ( #1496, #1019, #656, #822 ) ) ;
#1884 = UNCERTAINTY_MEASURE_WITH_UNIT (LENGTH_MEASURE( 1.000000000000000100E-005 ), #346, 'distance_accuracy_value', 'NONE');
#1885 = EDGE_LOOP ( 'NONE', ( #2205, #1265, #2320, #2887 ) ) ;
#1886 = DIRECTION ( 'NONE',  ( -0.0000000000000000000, -0.0000000000000000000, -1.000000000000000000 ) ) ;
#1887 = VECTOR ( 'NONE', #358, 1000.000000000000200 ) ;
#1888 = VERTEX_POINT ( 'NONE', #2739 ) ;
#1889 = EDGE_LOOP ( 'NONE', ( #1484, #974, #2272, #2535 ) ) ;
#1890 = UNCERTAINTY_MEASURE_WITH_UNIT (LENGTH_MEASURE( 1.000000000000000100E-005 ), #343, 'distance_accuracy_value', 'NONE');
#1891 = FILL_AREA_STYLE ('',( #224 ) ) ;
#1892 =( NAMED_UNIT ( * ) PLANE_ANGLE_UNIT ( ) SI_UNIT ( $, .RADIAN. ) );
#1893 = AXIS2_PLACEMENT_3D ( 'NONE', #1668, #2325, #2122 ) ;
#1894 = ORIENTED_EDGE ( 'NONE', *, *, #172, .T. ) ;
#1895 = STYLED_ITEM ( 'NONE', ( #2527 ), #2941 ) ;
#1896 = ORIENTED_EDGE ( 'NONE', *, *, #1595, .T. ) ;
#1897 = SURFACE_SIDE_STYLE ('',( #1398 ) ) ;
#1898 = EDGE_LOOP ( 'NONE', ( #3043, #2851, #45, #2218 ) ) ;
#1899 = EDGE_CURVE ( 'NONE', #663, #372, #2909, .T. ) ;
#1900 = CARTESIAN_POINT ( 'NONE',  ( 4.364804846819976300, 3.603410487004079100, 2.504999999999999900 ) ) ;
#1901 = EDGE_LOOP ( 'NONE', ( #699, #3037, #2662, #2542 ) ) ;
#1902 = ORIENTED_EDGE ( 'NONE', *, *, #2179, .F. ) ;
#1903 = EDGE_CURVE ( 'NONE', #400, #2702, #645, .T. ) ;
#1904 = LINE ( 'NONE', #350, #2252 ) ;
#1905 = DIRECTION ( 'NONE',  ( 1.000000000000000000, 0.0000000000000000000, 0.0000000000000000000 ) ) ;
#1906 = FACE_OUTER_BOUND ( 'NONE', #2308, .T. ) ;
#1907 = DIRECTION ( 'NONE',  ( 0.0000000000000000000, 0.0000000000000000000, 1.000000000000000000 ) ) ;
#1908 = AXIS2_PLACEMENT_3D ( 'NONE', #202, #2319, #1848 ) ;
#1909 = DIRECTION ( 'NONE',  ( 0.2746459304916892800, 0.9615454294334481200, 0.0000000000000000000 ) ) ;
#1910 = SURFACE_STYLE_FILL_AREA ( #21 ) ;
#1911 = PLANE ( 'NONE',  #2862 ) ;
#1912 = LINE ( 'NONE', #2072, #2566 ) ;
#1913 = LINE ( 'NONE', #1354, #1614 ) ;
#1914 = CARTESIAN_POINT ( 'NONE',  ( 2.824290283803902600, 3.449904874210175000, 2.504999999999999900 ) ) ;
#1915 = EDGE_CURVE ( 'NONE', #2066, #1809, #2323, .T. ) ;
#1916 = ORIENTED_EDGE ( 'NONE', *, *, #1969, .F. ) ;
#1917 = UNCERTAINTY_MEASURE_WITH_UNIT (LENGTH_MEASURE( 1.000000000000000100E-005 ), #2108, 'distance_accuracy_value', 'NONE');
#1918 = CARTESIAN_POINT ( 'NONE',  ( 2.639534762392015600, 3.603410487004079100, 2.504999999999999900 ) ) ;
#1919 = VERTEX_POINT ( 'NONE', #1580 ) ;
#1920 = PRESENTATION_LAYER_ASSIGNMENT (  '', '', ( #1768 ) ) ;
#1921 = DIRECTION ( 'NONE',  ( -0.2762517575166416100, -0.9610853065513833600, 0.0000000000000000000 ) ) ;
#1922 = EDGE_LOOP ( 'NONE', ( #1188, #1641, #2418, #137 ) ) ;
#1923 =( BOUNDED_CURVE ( )  B_SPLINE_CURVE ( 3, ( #2454, #1766, #1544, #1558 ),
 .UNSPECIFIED., .F., .F. ) 
 B_SPLINE_CURVE_WITH_KNOTS ( ( 4, 4 ),
 ( 4.712388980384689700, 6.283185307179589800 ),
 .UNSPECIFIED. ) 
 CURVE ( )  GEOMETRIC_REPRESENTATION_ITEM ( )  RATIONAL_B_SPLINE_CURVE ( ( 1.000000000000000000, 0.8047378541243641600, 0.8047378541243641600, 1.000000000000000000 ) ) 
 REPRESENTATION_ITEM ( '' )  );
#1924 = ORIENTED_EDGE ( 'NONE', *, *, #2993, .F. ) ;
#1925 = CARTESIAN_POINT ( 'NONE',  ( 1.896347704701140800, 3.234836156756169400, 2.500000000000000000 ) ) ;
#1926 =( GEOMETRIC_REPRESENTATION_CONTEXT ( 3 ) GLOBAL_UNCERTAINTY_ASSIGNED_CONTEXT ( ( #2413 ) ) GLOBAL_UNIT_ASSIGNED_CONTEXT ( ( #2665, #1994, #2433 ) ) REPRESENTATION_CONTEXT ( 'NONE', 'WORKASPACE' ) );
#1927 = EDGE_LOOP ( 'NONE', ( #935, #1274, #2512, #2279 ) ) ;
#1928 = CARTESIAN_POINT ( 'NONE',  ( 6.099999999999999600, -5.000000000000000000, 1.249999999999999800 ) ) ;
#1929 = DIRECTION ( 'NONE',  ( 1.000000000000000000, 0.0000000000000000000, 0.0000000000000000000 ) ) ;
#1930 = ORIENTED_EDGE ( 'NONE', *, *, #832, .F. ) ;
#1931 = CARTESIAN_POINT ( 'NONE',  ( 2.600000000000000500, 1.592040838891559300E-016, 2.500000000000000000 ) ) ;
#1932 = ORIENTED_EDGE ( 'NONE', *, *, #2871, .F. ) ;
#1933 = EDGE_CURVE ( 'NONE', #1297, #780, #2873, .T. ) ;
#1934 = COLOUR_RGB ( '',0.4980392156862745200, 0.4980392156862745200, 0.4980392156862745200 ) ;
#1935 = EDGE_CURVE ( 'NONE', #1814, #2863, #213, .T. ) ;
#1936 = DIRECTION ( 'NONE',  ( -1.000000000000000000, -5.694109626320597000E-016, 0.0000000000000000000 ) ) ;
#1937 = SURFACE_STYLE_USAGE ( .BOTH. , #2137 ) ;
#1938 = VECTOR ( 'NONE', #903, 1000.000000000000100 ) ;
#1939 = AXIS2_PLACEMENT_3D ( 'NONE', #298, #1036, #2914 ) ;
#1940 = DIRECTION ( 'NONE',  ( 0.0000000000000000000, 0.0000000000000000000, 1.000000000000000000 ) ) ;
#1941 = VECTOR ( 'NONE', #985, 1000.000000000000000 ) ;
#1942 = CARTESIAN_POINT ( 'NONE',  ( 2.600000000000000500, 1.592040838891559300E-016, 2.260000023999999100 ) ) ;
#1943 = PRODUCT_DEFINITION_FORMATION_WITH_SPECIFIED_SOURCE ( 'ANY', '', #2463, .NOT_KNOWN. ) ;
#1944 = VECTOR ( 'NONE', #1122, 1000.000000000000000 ) ;
#1945 = CARTESIAN_POINT ( 'NONE',  ( 4.132838520409295700, 2.796949999999975000, 2.504999999999999900 ) ) ;
#1946 = VECTOR ( 'NONE', #2335, 1000.000000000000000 ) ;
#1947 = DIRECTION ( 'NONE',  ( 0.0000000000000000000, 0.0000000000000000000, -1.000000000000000000 ) ) ;
#1948 = VECTOR ( 'NONE', #1427, 1000.000000000000000 ) ;
#1949 = VECTOR ( 'NONE', #846, 1000.000000000000100 ) ;
#1950 = EDGE_LOOP ( 'NONE', ( #182, #2581, #2285, #2062 ) ) ;
#1951 = FACE_OUTER_BOUND ( 'NONE', #1680, .T. ) ;
#1952 = FILL_AREA_STYLE_COLOUR ( '', #681 ) ;
#1953 = CARTESIAN_POINT ( 'NONE',  ( 3.276273718997839300, 2.796949999999975000, 2.504999999999999900 ) ) ;
#1954 = EDGE_CURVE ( 'NONE', #1350, #1888, #687, .T. ) ;
#1955 = ORIENTED_EDGE ( 'NONE', *, *, #814, .F. ) ;
#1956 = EDGE_LOOP ( 'NONE', ( #1492, #588, #1772, #1896 ) ) ;
#1957 = DIRECTION ( 'NONE',  ( 0.0000000000000000000, 0.0000000000000000000, -1.000000000000000000 ) ) ;
#1958 = FILL_AREA_STYLE_COLOUR ( '', #1934 ) ;
#1959 = VERTEX_POINT ( 'NONE', #144 ) ;
#1960 =( GEOMETRIC_REPRESENTATION_CONTEXT ( 3 ) GLOBAL_UNCERTAINTY_ASSIGNED_CONTEXT ( ( #2351 ) ) GLOBAL_UNIT_ASSIGNED_CONTEXT ( ( #1262, #309, #537 ) ) REPRESENTATION_CONTEXT ( 'NONE', 'WORKASPACE' ) );
#1961 = VERTEX_POINT ( 'NONE', #592 ) ;
#1962 = CARTESIAN_POINT ( 'NONE',  ( 4.977100999822999600, 2.796949999999975000, 2.500000000000000000 ) ) ;
#1963 = MECHANICAL_DESIGN_GEOMETRIC_PRESENTATION_REPRESENTATION (  '', ( #357 ), #322 ) ;
#1964 = ORIENTED_EDGE ( 'NONE', *, *, #1595, .F. ) ;
#1965 = FILL_AREA_STYLE_COLOUR ( '', #130 ) ;
#1966 = ORIENTED_EDGE ( 'NONE', *, *, #2692, .F. ) ;
#1967 = CARTESIAN_POINT ( 'NONE',  ( 6.992893218813451400, 6.500000000000000900, 2.292893218813453400 ) ) ;
#1968 = ORIENTED_EDGE ( 'NONE', *, *, #1995, .T. ) ;
#1969 = EDGE_CURVE ( 'NONE', #2154, #2619, #2239, .T. ) ;
#1970 = VECTOR ( 'NONE', #1330, 1000.000000000000000 ) ;
#1971 = SURFACE_STYLE_USAGE ( .BOTH. , #2201 ) ;
#1972 = DIRECTION ( 'NONE',  ( -0.0000000000000000000, -0.0000000000000000000, -1.000000000000000000 ) ) ;
#1973 = EDGE_CURVE ( 'NONE', #2465, #328, #2307, .T. ) ;
#1974 = DIRECTION ( 'NONE',  ( 1.000000000000000000, 0.0000000000000000000, 0.0000000000000000000 ) ) ;
#1975 = VECTOR ( 'NONE', #1602, 1000.000000000000000 ) ;
#1976 = APPLICATION_CONTEXT ( 'automotive_design' ) ;
#1977 = AXIS2_PLACEMENT_3D ( 'NONE', #293, #1010, #2888 ) ;
#1978 = VECTOR ( 'NONE', #2290, 1000.000000000000000 ) ;
#1979 = SURFACE_STYLE_FILL_AREA ( #2117 ) ;
#1980 = CARTESIAN_POINT ( 'NONE',  ( 3.913938578914311100, 3.603410487004079100, 2.500000000000000000 ) ) ;
#1981 = PLANE ( 'NONE',  #2981 ) ;
#1982 = FACE_OUTER_BOUND ( 'NONE', #361, .T. ) ;
#1983 = CYLINDRICAL_SURFACE ( 'NONE', #2753, 0.2500000000000000000 ) ;
#1984 =( GEOMETRIC_REPRESENTATION_CONTEXT ( 3 ) GLOBAL_UNCERTAINTY_ASSIGNED_CONTEXT ( ( #1884 ) ) GLOBAL_UNIT_ASSIGNED_CONTEXT ( ( #346, #589, #153 ) ) REPRESENTATION_CONTEXT ( 'NONE', 'WORKASPACE' ) );
#1985 = PLANE ( 'NONE',  #1830 ) ;
#1986 = EDGE_LOOP ( 'NONE', ( #1487, #1589, #2926, #812 ) ) ;
#1987 = CARTESIAN_POINT ( 'NONE',  ( 3.600000000000000100, 0.2241200000000001500, 2.500000000000000000 ) ) ;
#1988 = LINE ( 'NONE', #2790, #1054 ) ;
#1989 = VERTEX_POINT ( 'NONE', #2453 ) ;
#1990 = ORIENTED_EDGE ( 'NONE', *, *, #2538, .F. ) ;
#1991 = ADVANCED_FACE ( 'NONE', ( #966 ), #1196, .F. ) ;
#1992 = ORIENTED_EDGE ( 'NONE', *, *, #380, .F. ) ;
#1993 = CARTESIAN_POINT ( 'NONE',  ( 4.977100999822999600, 2.796949999999975000, 2.504999999999999900 ) ) ;
#1994 =( NAMED_UNIT ( * ) PLANE_ANGLE_UNIT ( ) SI_UNIT ( $, .RADIAN. ) );
#1995 = EDGE_CURVE ( 'NONE', #850, #1755, #1663, .T. ) ;
#1996 = ORIENTED_EDGE ( 'NONE', *, *, #1234, .F. ) ;
#1997 = CARTESIAN_POINT ( 'NONE',  ( 1.099999999999999900, 0.7500000000000000000, 1.249999999999999800 ) ) ;
#1998 = EDGE_LOOP ( 'NONE', ( #857, #2035 ) ) ;
#1999 = DIRECTION ( 'NONE',  ( 0.0000000000000000000, 0.0000000000000000000, 1.000000000000000000 ) ) ;
#2000 = ADVANCED_FACE ( 'NONE', ( #1116 ), #1415, .F. ) ;
#2001 = ORIENTED_EDGE ( 'NONE', *, *, #515, .T. ) ;
#2002 =( LENGTH_UNIT ( ) NAMED_UNIT ( * ) SI_UNIT ( .MILLI., .METRE. ) );
#2003 = CARTESIAN_POINT ( 'NONE',  ( 1.770840479902133800, 2.796949999999975000, 2.504999999999999900 ) ) ;
#2004 = AXIS2_PLACEMENT_3D ( 'NONE', #1223, #979, #25 ) ;
#2005 = VERTEX_POINT ( 'NONE', #603 ) ;
#2006 = CARTESIAN_POINT ( 'NONE',  ( 6.099999999999999600, -5.000000000000000000, 0.9999999999999997800 ) ) ;
#2007 = LINE ( 'NONE', #1022, #129 ) ;
#2008 = EDGE_CURVE ( 'NONE', #117, #1410, #2199, .T. ) ;
#2009 = CARTESIAN_POINT ( 'NONE',  ( 2.680997780657855300, 2.950379596853213800, 2.504999999999999900 ) ) ;
#2010 = DIRECTION ( 'NONE',  ( 0.0000000000000000000, 0.0000000000000000000, 1.000000000000000000 ) ) ;
#2011 = LINE ( 'NONE', #971, #1577 ) ;
#2012 =( GEOMETRIC_REPRESENTATION_CONTEXT ( 3 ) GLOBAL_UNCERTAINTY_ASSIGNED_CONTEXT ( ( #1249 ) ) GLOBAL_UNIT_ASSIGNED_CONTEXT ( ( #289, #514, #2381 ) ) REPRESENTATION_CONTEXT ( 'NONE', 'WORKASPACE' ) );
#2013 = VECTOR ( 'NONE', #661, 1000.000000000000000 ) ;
#2014 = ADVANCED_FACE ( 'NONE', ( #2731 ), #891, .F. ) ;
#2015 = DIRECTION ( 'NONE',  ( -1.000000000000000000, 0.0000000000000000000, 0.0000000000000000000 ) ) ;
#2016 = LINE ( 'NONE', #2410, #456 ) ;
#2017 = CYLINDRICAL_SURFACE ( 'NONE', #632, 0.5000000000000000000 ) ;
#2018 = FILL_AREA_STYLE_COLOUR ( '', #2338 ) ;
#2019 = VERTEX_POINT ( 'NONE', #2742 ) ;
#2020 = FACE_OUTER_BOUND ( 'NONE', #650, .T. ) ;
#2021 = DIRECTION ( 'NONE',  ( -0.0000000000000000000, -0.0000000000000000000, -1.000000000000000000 ) ) ;
#2022 = ADVANCED_FACE ( 'NONE', ( #362 ), #2999, .F. ) ;
#2023 = ORIENTED_EDGE ( 'NONE', *, *, #1543, .F. ) ;
#2024 = DIRECTION ( 'NONE',  ( 0.0000000000000000000, -1.000000000000000000, 0.0000000000000000000 ) ) ;
#2025 = EDGE_CURVE ( 'NONE', #252, #1264, #1554, .T. ) ;
#2026 = ORIENTED_EDGE ( 'NONE', *, *, #1352, .F. ) ;
#2027 = UNCERTAINTY_MEASURE_WITH_UNIT (LENGTH_MEASURE( 1.000000000000000100E-005 ), #3049, 'distance_accuracy_value', 'NONE');
#2028 = EDGE_LOOP ( 'NONE', ( #438, #181, #2339, #982 ) ) ;
#2029 = EDGE_CURVE ( 'NONE', #1026, #226, #1781, .T. ) ;
#2030 = DIRECTION ( 'NONE',  ( 0.2755265765475026200, 0.9612934544747576700, 0.0000000000000000000 ) ) ;
#2031 = ORIENTED_EDGE ( 'NONE', *, *, #781, .T. ) ;
#2032 = DIRECTION ( 'NONE',  ( 7.938847109813994200E-005, 0.9999999968487353100, -0.0000000000000000000 ) ) ;
#2033 = DIRECTION ( 'NONE',  ( -0.0000000000000000000, -0.0000000000000000000, -1.000000000000000000 ) ) ;
#2034 = STYLED_ITEM ( 'NONE', ( #670 ), #1325 ) ;
#2035 = ORIENTED_EDGE ( 'NONE', *, *, #156, .T. ) ;
#2036 = ORIENTED_EDGE ( 'NONE', *, *, #2663, .F. ) ;
#2037 = DIRECTION ( 'NONE',  ( 0.0000000000000000000, -1.000000000000000000, 0.0000000000000000000 ) ) ;
#2038 = VECTOR ( 'NONE', #595, 1000.000000000000200 ) ;
#2039 = AXIS2_PLACEMENT_3D ( 'NONE', #291, #1532, #825 ) ;
#2040 = DIRECTION ( 'NONE',  ( -0.9601763114327595000, 0.2793947940878294700, 0.0000000000000000000 ) ) ;
#2041 = LINE ( 'NONE', #1953, #1499 ) ;
#2042 = CARTESIAN_POINT ( 'NONE',  ( 4.742143078915924000, 2.796949999999975000, 2.500000000000000000 ) ) ;
#2043 = EDGE_CURVE ( 'NONE', #2889, #1561, #79, .T. ) ;
#2044 = FACE_OUTER_BOUND ( 'NONE', #29, .T. ) ;
#2045 = EDGE_CURVE ( 'NONE', #2159, #400, #615, .T. ) ;
#2046 = CARTESIAN_POINT ( 'NONE',  ( 3.482424049944831800, 3.514920573922360300, 2.504999999999999900 ) ) ;
#2047 = FACE_OUTER_BOUND ( 'NONE', #1956, .T. ) ;
#2048 = DIRECTION ( 'NONE',  ( 1.000000000000000000, 0.0000000000000000000, 0.0000000000000000000 ) ) ;
#2049 = FACE_OUTER_BOUND ( 'NONE', #1260, .T. ) ;
#2050 = DIRECTION ( 'NONE',  ( 1.000000000000000000, 5.694109626320596000E-016, 0.0000000000000000000 ) ) ;
#2051 = VECTOR ( 'NONE', #2895, 1000.000000000000000 ) ;
#2052 = DIRECTION ( 'NONE',  ( -0.0000000000000000000, -0.0000000000000000000, -1.000000000000000000 ) ) ;
#2053 = LINE ( 'NONE', #455, #1365 ) ;
#2054 = ORIENTED_EDGE ( 'NONE', *, *, #330, .T. ) ;
#2055 = VECTOR ( 'NONE', #1838, 1000.000000000000000 ) ;
#2056 =( GEOMETRIC_REPRESENTATION_CONTEXT ( 3 ) GLOBAL_UNCERTAINTY_ASSIGNED_CONTEXT ( ( #1358 ) ) GLOBAL_UNIT_ASSIGNED_CONTEXT ( ( #219, #447, #689 ) ) REPRESENTATION_CONTEXT ( 'NONE', 'WORKASPACE' ) );
#2057 = ORIENTED_EDGE ( 'NONE', *, *, #2115, .T. ) ;
#2058 = DIRECTION ( 'NONE',  ( -0.0000000000000000000, -0.0000000000000000000, -1.000000000000000000 ) ) ;
#2059 = VERTEX_POINT ( 'NONE', #2727 ) ;
#2060 = VERTEX_POINT ( 'NONE', #2992 ) ;
#2061 = CARTESIAN_POINT ( 'NONE',  ( 3.126784691149073300, 3.299903351138499200, 2.504999999999999900 ) ) ;
#2062 = ORIENTED_EDGE ( 'NONE', *, *, #701, .T. ) ;
#2063 = DIRECTION ( 'NONE',  ( -0.9615454294334482300, 0.2746459304916892800, 0.0000000000000000000 ) ) ;
#2064 = EDGE_CURVE ( 'NONE', #1278, #554, #327, .T. ) ;
#2065 = VERTEX_POINT ( 'NONE', #837 ) ;
#2066 = VERTEX_POINT ( 'NONE', #1540 ) ;
#2067 = AXIS2_PLACEMENT_3D ( 'NONE', #2510, #876, #176 ) ;
#2068 = VERTEX_POINT ( 'NONE', #1792 ) ;
#2069 = SURFACE_SIDE_STYLE ('',( #1184 ) ) ;
#2070 = AXIS2_PLACEMENT_3D ( 'NONE', #2759, #2769, #1599 ) ;
#2071 = LINE ( 'NONE', #1041, #195 ) ;
#2072 = CARTESIAN_POINT ( 'NONE',  ( 4.132838520409295700, 2.796949999999975000, 2.504999999999999900 ) ) ;
#2073 = AXIS2_PLACEMENT_3D ( 'NONE', #2253, #2986, #1947 ) ;
#2074 = LINE ( 'NONE', #525, #995 ) ;
#2075 = PLANE ( 'NONE',  #877 ) ;
#2076 = DIRECTION ( 'NONE',  ( 0.2745159998572630500, 0.9615825319869153500, 0.0000000000000000000 ) ) ;
#2077 = DIRECTION ( 'NONE',  ( -1.000000000000000000, 0.0000000000000000000, -1.290716862787147000E-016 ) ) ;
#2078 = PRESENTATION_STYLE_ASSIGNMENT (( #1597 ) ) ;
#2079 = EDGE_CURVE ( 'NONE', #2019, #826, #2928, .T. ) ;
#2080 = FILL_AREA_STYLE ('',( #2589 ) ) ;
#2081 = LINE ( 'NONE', #2150, #917 ) ;
#2082 = DIRECTION ( 'NONE',  ( -0.0000000000000000000, -0.0000000000000000000, -1.000000000000000000 ) ) ;
#2083 = AXIS2_PLACEMENT_3D ( 'NONE', #523, #1734, #308 ) ;
#2084 = ORIENTED_EDGE ( 'NONE', *, *, #2412, .F. ) ;
#2085 = EDGE_LOOP ( 'NONE', ( #247, #819, #2743, #2449 ) ) ;
#2086 = COLOUR_RGB ( '',0.4980392156862745200, 0.4980392156862745200, 0.4980392156862745200 ) ;
#2087 = DIRECTION ( 'NONE',  ( 1.000000000000000000, 0.0000000000000000000, 0.0000000000000000000 ) ) ;
#2088 = ORIENTED_EDGE ( 'NONE', *, *, #233, .T. ) ;
#2089 =( GEOMETRIC_REPRESENTATION_CONTEXT ( 3 ) GLOBAL_UNCERTAINTY_ASSIGNED_CONTEXT ( ( #912 ) ) GLOBAL_UNIT_ASSIGNED_CONTEXT ( ( #2824, #2504, #2995 ) ) REPRESENTATION_CONTEXT ( 'NONE', 'WORKASPACE' ) );
#2090 = SURFACE_SIDE_STYLE ('',( #1615 ) ) ;
#2091 = ADVANCED_FACE ( 'NONE', ( #10 ), #1368, .T. ) ;
#2092 = CLOSED_SHELL ( 'NONE', ( #62, #445, #344, #1480, #843, #541, #2831, #1490, #2856, #1098, #1821, #1120, #167 ) ) ;
#2093 = ORIENTED_EDGE ( 'NONE', *, *, #419, .T. ) ;
#2094 = UNCERTAINTY_MEASURE_WITH_UNIT (LENGTH_MEASURE( 1.000000000000000100E-005 ), #2991, 'distance_accuracy_value', 'NONE');
#2095 = CARTESIAN_POINT ( 'NONE',  ( 6.099999999999999600, -5.000000000000000000, 1.499999999999999800 ) ) ;
#2096 = DIRECTION ( 'NONE',  ( -1.290716862787147000E-016, 0.0000000000000000000, 1.000000000000000000 ) ) ;
#2097 = VERTEX_POINT ( 'NONE', #2254 ) ;
#2098 = EDGE_CURVE ( 'NONE', #1235, #1131, #3031, .T. ) ;
#2099 = ORIENTED_EDGE ( 'NONE', *, *, #1765, .T. ) ;
#2100 = DIRECTION ( 'NONE',  ( 1.000000000000000000, 0.0000000000000000000, 0.0000000000000000000 ) ) ;
#2101 = MECHANICAL_DESIGN_GEOMETRIC_PRESENTATION_REPRESENTATION (  '', ( #2226 ), #2012 ) ;
#2102 = ORIENTED_EDGE ( 'NONE', *, *, #562, .T. ) ;
#2103 = FACE_OUTER_BOUND ( 'NONE', #1670, .T. ) ;
#2104 =( NAMED_UNIT ( * ) SI_UNIT ( $, .STERADIAN. ) SOLID_ANGLE_UNIT ( ) );
#2105 = AXIS2_PLACEMENT_3D ( 'NONE', #533, #1280, #1513 ) ;
#2106 = FILL_AREA_STYLE_COLOUR ( '', #2688 ) ;
#2107 = VECTOR ( 'NONE', #883, 1000.000000000000000 ) ;
#2108 =( LENGTH_UNIT ( ) NAMED_UNIT ( * ) SI_UNIT ( .MILLI., .METRE. ) );
#2109 = DIRECTION ( 'NONE',  ( -0.0000000000000000000, -0.0000000000000000000, -1.000000000000000000 ) ) ;
#2110 = LINE ( 'NONE', #483, #2227 ) ;
#2111 = VECTOR ( 'NONE', #799, 1000.000000000000000 ) ;
#2112 = ORIENTED_EDGE ( 'NONE', *, *, #642, .T. ) ;
#2113 = DIRECTION ( 'NONE',  ( -0.9611638845408967400, 0.2759782365590697800, 0.0000000000000000000 ) ) ;
#2114 = LINE ( 'NONE', #1645, #567 ) ;
#2115 = EDGE_CURVE ( 'NONE', #1115, #2392, #1847, .T. ) ;
#2116 = ADVANCED_FACE ( 'NONE', ( #2236 ), #1446, .F. ) ;
#2117 = FILL_AREA_STYLE ('',( #2106 ) ) ;
#2118 = CARTESIAN_POINT ( 'NONE',  ( 2.072113727919044000, 2.796949999999975000, 2.504999999999999900 ) ) ;
#2119 = EDGE_CURVE ( 'NONE', #80, #2898, #578, .T. ) ;
#2120 = ORIENTED_EDGE ( 'NONE', *, *, #1101, .F. ) ;
#2121 = ORIENTED_EDGE ( 'NONE', *, *, #1388, .F. ) ;
#2122 = DIRECTION ( 'NONE',  ( 0.0000000000000000000, 0.0000000000000000000, -1.000000000000000000 ) ) ;
#2123 = COLOUR_RGB ( '',0.8980392156862745400, 0.9215686274509803400, 0.9294117647058823800 ) ;
#2124 = CARTESIAN_POINT ( 'NONE',  ( 3.600000000000000100, 0.2241200000000001500, 0.0000000000000000000 ) ) ;
#2125 = ORIENTED_EDGE ( 'NONE', *, *, #1563, .F. ) ;
#2126 = ORIENTED_EDGE ( 'NONE', *, *, #2728, .F. ) ;
#2127 = CARTESIAN_POINT ( 'NONE',  ( 4.400055999999999300, 0.2241200000000000100, 0.0000000000000000000 ) ) ;
#2128 = STYLED_ITEM ( 'NONE', ( #1247 ), #1414 ) ;
#2129 = EDGE_LOOP ( 'NONE', ( #370, #3044, #1473, #3007 ) ) ;
#2130 = ADVANCED_FACE ( 'NONE', ( #2532 ), #1293, .T. ) ;
#2131 = ORIENTED_EDGE ( 'NONE', *, *, #1731, .T. ) ;
#2132 = ORIENTED_EDGE ( 'NONE', *, *, #2645, .F. ) ;
#2133 = VERTEX_POINT ( 'NONE', #1659 ) ;
#2134 = PLANE ( 'NONE',  #1337 ) ;
#2135 = ORIENTED_EDGE ( 'NONE', *, *, #496, .F. ) ;
#2136 = EDGE_CURVE ( 'NONE', #1163, #340, #75, .T. ) ;
#2137 = SURFACE_SIDE_STYLE ('',( #3035 ) ) ;
#2138 = LINE ( 'NONE', #2813, #2633 ) ;
#2139 = DIRECTION ( 'NONE',  ( 0.9610992334315862100, -0.2762033010252005200, 0.0000000000000000000 ) ) ;
#2140 =( LENGTH_UNIT ( ) NAMED_UNIT ( * ) SI_UNIT ( .MILLI., .METRE. ) );
#2141 = CARTESIAN_POINT ( 'NONE',  ( 5.393874341669146600, 3.447697959756509200, 2.500000000000000000 ) ) ;
#2142 = SURFACE_STYLE_FILL_AREA ( #323 ) ;
#2143 = VECTOR ( 'NONE', #512, 1000.000000000000000 ) ;
#2144 = DIRECTION ( 'NONE',  ( -0.9610674221107073900, 0.2763139702539113000, 0.0000000000000000000 ) ) ;
#2145 = LINE ( 'NONE', #2596, #201 ) ;
#2146 = FACE_OUTER_BOUND ( 'NONE', #543, .T. ) ;
#2147 = SURFACE_STYLE_FILL_AREA ( #1129 ) ;
#2148 = VECTOR ( 'NONE', #616, 1000.000000000000000 ) ;
#2149 = PRESENTATION_STYLE_ASSIGNMENT (( #1174 ) ) ;
#2150 = CARTESIAN_POINT ( 'NONE',  ( 3.913938578914311100, 3.603410487004079100, 2.504999999999999900 ) ) ;
#2151 = CARTESIAN_POINT ( 'NONE',  ( 1.773282799208156300, 3.603410487004079100, 2.504999999999999900 ) ) ;
#2152 = LINE ( 'NONE', #2213, #1013 ) ;
#2153 = EDGE_CURVE ( 'NONE', #46, #462, #682, .T. ) ;
#2154 = VERTEX_POINT ( 'NONE', #669 ) ;
#2155 = SURFACE_STYLE_USAGE ( .BOTH. , #1225 ) ;
#2156 = VERTEX_POINT ( 'NONE', #1000 ) ;
#2157 = MECHANICAL_DESIGN_GEOMETRIC_PRESENTATION_REPRESENTATION (  '', ( #3036 ), #19 ) ;
#2158 = ORIENTED_EDGE ( 'NONE', *, *, #1198, .F. ) ;
#2159 = VERTEX_POINT ( 'NONE', #2357 ) ;
#2160 = ADVANCED_FACE ( 'NONE', ( #282 ), #2017, .T. ) ;
#2161 = SURFACE_SIDE_STYLE ('',( #1433 ) ) ;
#2162 = CARTESIAN_POINT ( 'NONE',  ( 0.5000000000000000000, 6.000000000000000000, 2.500000000000000000 ) ) ;
#2163 =( GEOMETRIC_REPRESENTATION_CONTEXT ( 3 ) GLOBAL_UNCERTAINTY_ASSIGNED_CONTEXT ( ( #1341 ) ) GLOBAL_UNIT_ASSIGNED_CONTEXT ( ( #2867, #61, #43 ) ) REPRESENTATION_CONTEXT ( 'NONE', 'WORKASPACE' ) );
#2164 = PLANE ( 'NONE',  #2543 ) ;
#2165 = CARTESIAN_POINT ( 'NONE',  ( 2.738107822383377700, 3.150816471500028200, 2.504999999999999900 ) ) ;
#2166 = ORIENTED_EDGE ( 'NONE', *, *, #1423, .F. ) ;
#2167 = CARTESIAN_POINT ( 'NONE',  ( 2.824290283803902600, 3.449904874210175000, 2.500000000000000000 ) ) ;
#2168 = DIRECTION ( 'NONE',  ( 0.0000000000000000000, -1.000000000000000000, 0.0000000000000000000 ) ) ;
#2169 = ORIENTED_EDGE ( 'NONE', *, *, #787, .T. ) ;
#2170 = CARTESIAN_POINT ( 'NONE',  ( 0.0000000000000000000, 6.500000000000000000, 2.500000000000000000 ) ) ;
#2171 = DIRECTION ( 'NONE',  ( 0.0000000000000000000, 0.0000000000000000000, -1.000000000000000000 ) ) ;
#2172 = VERTEX_POINT ( 'NONE', #1317 ) ;
#2173 = EDGE_CURVE ( 'NONE', #2852, #622, #6, .T. ) ;
#2174 = DIRECTION ( 'NONE',  ( -1.000000000000000000, 0.0000000000000000000, 0.0000000000000000000 ) ) ;
#2175 = EDGE_LOOP ( 'NONE', ( #1166, #2823, #618, #284 ) ) ;
#2176 = SURFACE_STYLE_USAGE ( .BOTH. , #540 ) ;
#2177 = VECTOR ( 'NONE', #2997, 1000.000000000000100 ) ;
#2178 = CARTESIAN_POINT ( 'NONE',  ( 6.960000023999999300, 0.7500000000000000000, 2.260000023999999600 ) ) ;
#2179 = EDGE_CURVE ( 'NONE', #2702, #888, #2804, .T. ) ;
#2180 = DIRECTION ( 'NONE',  ( -1.000000000000000000, -1.693947318196328000E-016, 0.0000000000000000000 ) ) ;
#2181 = ADVANCED_FACE ( 'NONE', ( #1400 ), #2427, .F. ) ;
#2182 = LINE ( 'NONE', #2042, #314 ) ;
#2183 = PRESENTATION_LAYER_ASSIGNMENT (  '', '', ( #2034 ) ) ;
#2184 = CARTESIAN_POINT ( 'NONE',  ( 3.442179738876450600, 2.796949999999975000, 2.500000000000000000 ) ) ;
#2185 =( LENGTH_UNIT ( ) NAMED_UNIT ( * ) SI_UNIT ( .MILLI., .METRE. ) );
#2186 = CARTESIAN_POINT ( 'NONE',  ( 3.628189149030495800, 3.027264753342405100, 2.500000000000000000 ) ) ;
#2187 = FACE_OUTER_BOUND ( 'NONE', #1631, .T. ) ;
#2188 = AXIS2_PLACEMENT_3D ( 'NONE', #1727, #300, #2709 ) ;
#2189 = UNCERTAINTY_MEASURE_WITH_UNIT (LENGTH_MEASURE( 1.000000000000000100E-005 ), #1213, 'distance_accuracy_value', 'NONE');
#2190 = DIRECTION ( 'NONE',  ( -1.000000000000000000, 0.0000000000000000000, 0.0000000000000000000 ) ) ;
#2191 = LINE ( 'NONE', #2971, #1255 ) ;
#2192 = DIRECTION ( 'NONE',  ( 0.8958676361826802800, -0.4443210308329519400, 0.0000000000000000000 ) ) ;
#2193 = SURFACE_STYLE_USAGE ( .BOTH. , #549 ) ;
#2194 = FACE_OUTER_BOUND ( 'NONE', #2964, .T. ) ;
#2195 = VECTOR ( 'NONE', #2944, 999.9999999999998900 ) ;
#2196 = EDGE_CURVE ( 'NONE', #2066, #200, #249, .T. ) ;
#2197 = CARTESIAN_POINT ( 'NONE',  ( 0.0000000000000000000, 0.0000000000000000000, 2.500000000000000000 ) ) ;
#2198 = ORIENTED_EDGE ( 'NONE', *, *, #1173, .F. ) ;
#2199 = LINE ( 'NONE', #1377, #2998 ) ;
#2200 = DIRECTION ( 'NONE',  ( -0.0000000000000000000, -0.0000000000000000000, 1.000000000000000000 ) ) ;
#2201 = SURFACE_SIDE_STYLE ('',( #1794 ) ) ;
#2202 = EDGE_CURVE ( 'NONE', #1436, #2861, #2571, .T. ) ;
#2203 = CARTESIAN_POINT ( 'NONE',  ( 0.0000000000000000000, 0.0000000000000000000, 0.0000000000000000000 ) ) ;
#2204 = ORIENTED_EDGE ( 'NONE', *, *, #719, .T. ) ;
#2205 = ORIENTED_EDGE ( 'NONE', *, *, #1327, .T. ) ;
#2206 = DIRECTION ( 'NONE',  ( -0.0000000000000000000, 1.000000000000000000, -0.0000000000000000000 ) ) ;
#2207 = DIRECTION ( 'NONE',  ( 0.0000000000000000000, -1.000000000000000000, 0.0000000000000000000 ) ) ;
#2208 = DIRECTION ( 'NONE',  ( -0.0000000000000000000, -0.0000000000000000000, -1.000000000000000000 ) ) ;
#2209 = ORIENTED_EDGE ( 'NONE', *, *, #1687, .T. ) ;
#2210 =( GEOMETRIC_REPRESENTATION_CONTEXT ( 3 ) GLOBAL_UNCERTAINTY_ASSIGNED_CONTEXT ( ( #2899 ) ) GLOBAL_UNIT_ASSIGNED_CONTEXT ( ( #964, #928, #2557 ) ) REPRESENTATION_CONTEXT ( 'NONE', 'WORKASPACE' ) );
#2211 =( LENGTH_UNIT ( ) NAMED_UNIT ( * ) SI_UNIT ( .MILLI., .METRE. ) );
#2212 = ORIENTED_EDGE ( 'NONE', *, *, #245, .F. ) ;
#2213 = CARTESIAN_POINT ( 'NONE',  ( 2.002909795653732100, 3.603410487004079100, 2.504999999999999900 ) ) ;
#2214 = SURFACE_STYLE_USAGE ( .BOTH. , #1061 ) ;
#2215 =( GEOMETRIC_REPRESENTATION_CONTEXT ( 3 ) GLOBAL_UNCERTAINTY_ASSIGNED_CONTEXT ( ( #248 ) ) GLOBAL_UNIT_ASSIGNED_CONTEXT ( ( #1, #1632, #1390 ) ) REPRESENTATION_CONTEXT ( 'NONE', 'WORKASPACE' ) );
#2216 = ORIENTED_EDGE ( 'NONE', *, *, #2119, .F. ) ;
#2217 = PLANE ( 'NONE',  #3042 ) ;
#2218 = ORIENTED_EDGE ( 'NONE', *, *, #2538, .T. ) ;
#2219 = DIRECTION ( 'NONE',  ( -1.000000000000000000, 0.0000000000000000000, 0.0000000000000000000 ) ) ;
#2220 = DIRECTION ( 'NONE',  ( 0.9611542233438684600, -0.2760118818968580500, 0.0000000000000000000 ) ) ;
#2221 = ORIENTED_EDGE ( 'NONE', *, *, #1096, .T. ) ;
#2222 = EDGE_CURVE ( 'NONE', #371, #743, #2699, .T. ) ;
#2223 = CARTESIAN_POINT ( 'NONE',  ( 2.600000000000000500, 1.592040838891559300E-016, 0.0000000000000000000 ) ) ;
#2224 =( NAMED_UNIT ( * ) SI_UNIT ( $, .STERADIAN. ) SOLID_ANGLE_UNIT ( ) );
#2225 = LINE ( 'NONE', #1696, #64 ) ;
#2226 = STYLED_ITEM ( 'NONE', ( #2767 ), #28 ) ;
#2227 = VECTOR ( 'NONE', #647, 1000.000000000000000 ) ;
#2228 = STYLED_ITEM ( 'NONE', ( #1212 ), #1413 ) ;
#2229 = FACE_OUTER_BOUND ( 'NONE', #1785, .T. ) ;
#2230 = ORIENTED_EDGE ( 'NONE', *, *, #1370, .F. ) ;
#2231 = DIRECTION ( 'NONE',  ( 0.0000000000000000000, -0.0000000000000000000, 1.000000000000000000 ) ) ;
#2232 = ADVANCED_FACE ( 'NONE', ( #139 ), #1855, .F. ) ;
#2233 = LINE ( 'NONE', #835, #135 ) ;
#2234 = VECTOR ( 'NONE', #1823, 1000.000000000000000 ) ;
#2235 = VECTOR ( 'NONE', #809, 1000.000000000000000 ) ;
#2236 = FACE_OUTER_BOUND ( 'NONE', #2515, .T. ) ;
#2237 = ORIENTED_EDGE ( 'NONE', *, *, #1899, .T. ) ;
#2238 = ORIENTED_EDGE ( 'NONE', *, *, #847, .F. ) ;
#2239 = LINE ( 'NONE', #633, #1155 ) ;
#2240 = VERTEX_POINT ( 'NONE', #2141 ) ;
#2241 = CARTESIAN_POINT ( 'NONE',  ( 3.657174892515335800, 2.796949999999975000, 2.504999999999999900 ) ) ;
#2242 = EDGE_CURVE ( 'NONE', #1857, #1207, #1657, .T. ) ;
#2243 = ORIENTED_EDGE ( 'NONE', *, *, #1973, .F. ) ;
#2244 = DIRECTION ( 'NONE',  ( 0.0000000000000000000, 0.0000000000000000000, -1.000000000000000000 ) ) ;
#2245 = VERTEX_POINT ( 'NONE', #2513 ) ;
#2246 = MECHANICAL_DESIGN_GEOMETRIC_PRESENTATION_REPRESENTATION (  '', ( #1106 ), #444 ) ;
#2247 = VERTEX_POINT ( 'NONE', #2061 ) ;
#2248 = PLANE ( 'NONE',  #271 ) ;
#2249 = MECHANICAL_DESIGN_GEOMETRIC_PRESENTATION_REPRESENTATION (  '', ( #2341 ), #1984 ) ;
#2250 = ORIENTED_EDGE ( 'NONE', *, *, #1619, .F. ) ;
#2251 = ORIENTED_EDGE ( 'NONE', *, *, #1995, .F. ) ;
#2252 = VECTOR ( 'NONE', #881, 1000.000000000000000 ) ;
#2253 = CARTESIAN_POINT ( 'NONE',  ( 4.267646663553433600, 3.603410487004079100, 2.504999999999999900 ) ) ;
#2254 = CARTESIAN_POINT ( 'NONE',  ( 2.600000000000000500, 1.592040838891559300E-016, 0.2399999759999998600 ) ) ;
#2255 = EDGE_CURVE ( 'NONE', #1755, #1436, #352, .T. ) ;
#2256 = CARTESIAN_POINT ( 'NONE',  ( 4.851900290920089500, 3.299876377738383500, 2.504999999999999900 ) ) ;
#2257 = LINE ( 'NONE', #2551, #132 ) ;
#2258 = VECTOR ( 'NONE', #2330, 1000.000000000000100 ) ;
#2259 = PLANE ( 'NONE',  #2524 ) ;
#2260 =( NAMED_UNIT ( * ) SI_UNIT ( $, .STERADIAN. ) SOLID_ANGLE_UNIT ( ) );
#2261 = VECTOR ( 'NONE', #2058, 1000.000000000000000 ) ;
#2262 = VECTOR ( 'NONE', #2076, 1000.000000000000100 ) ;
#2263 = FACE_OUTER_BOUND ( 'NONE', #2175, .T. ) ;
#2264 = MECHANICAL_DESIGN_GEOMETRIC_PRESENTATION_REPRESENTATION (  '', ( #1127 ), #2215 ) ;
#2265 = DIRECTION ( 'NONE',  ( 0.0000000000000000000, 0.0000000000000000000, -1.000000000000000000 ) ) ;
#2266 = VECTOR ( 'NONE', #2854, 1000.000000000000000 ) ;
#2267 = CIRCLE ( 'NONE', #3018, 0.2500000000000000000 ) ;
#2268 = CARTESIAN_POINT ( 'NONE',  ( 6.960000023999999300, 0.7500000000000000000, 0.2399999759999998600 ) ) ;
#2269 = ORIENTED_EDGE ( 'NONE', *, *, #2586, .T. ) ;
#2270 = PRESENTATION_STYLE_ASSIGNMENT (( #3038 ) ) ;
#2271 = VECTOR ( 'NONE', #2967, 1000.000000000000000 ) ;
#2272 = ORIENTED_EDGE ( 'NONE', *, *, #2768, .F. ) ;
#2273 = CARTESIAN_POINT ( 'NONE',  ( 2.002909795653732100, 3.603410487004079100, 2.500000000000000000 ) ) ;
#2274 = SURFACE_STYLE_FILL_AREA ( #2423 ) ;
#2275 = EDGE_CURVE ( 'NONE', #1182, #1297, #1435, .T. ) ;
#2276 = ORIENTED_EDGE ( 'NONE', *, *, #905, .T. ) ;
#2277 = FILL_AREA_STYLE_COLOUR ( '', #2799 ) ;
#2278 = FILL_AREA_STYLE_COLOUR ( '', #911 ) ;
#2279 = ORIENTED_EDGE ( 'NONE', *, *, #51, .T. ) ;
#2280 = EDGE_CURVE ( 'NONE', #502, #1350, #204, .T. ) ;
#2281 = DIRECTION ( 'NONE',  ( 1.000000000000000000, 0.0000000000000000000, 0.0000000000000000000 ) ) ;
#2282 = CARTESIAN_POINT ( 'NONE',  ( 6.699999999999999300, 6.500000000000000000, 0.5000000000000000000 ) ) ;
#2283 = ORIENTED_EDGE ( 'NONE', *, *, #2434, .F. ) ;
#2284 = FILL_AREA_STYLE_COLOUR ( '', #527 ) ;
#2285 = ORIENTED_EDGE ( 'NONE', *, *, #2586, .F. ) ;
#2286 = PLANE ( 'NONE',  #708 ) ;
#2287 = ORIENTED_EDGE ( 'NONE', *, *, #1216, .T. ) ;
#2288 = DIRECTION ( 'NONE',  ( -0.0000000000000000000, -0.0000000000000000000, -1.000000000000000000 ) ) ;
#2289 = STYLED_ITEM ( 'NONE', ( #3027 ), #2721 ) ;
#2290 = DIRECTION ( 'NONE',  ( 1.000000000000000000, 4.783739767952859000E-016, 0.0000000000000000000 ) ) ;
#2291 = VECTOR ( 'NONE', #744, 1000.000000000000100 ) ;
#2292 = CARTESIAN_POINT ( 'NONE',  ( 3.830849251259674600, 2.796949999999975000, 2.500000000000000000 ) ) ;
#2293 = LINE ( 'NONE', #1048, #1869 ) ;
#2294 = VECTOR ( 'NONE', #3041, 1000.000000000000100 ) ;
#2295 = EDGE_CURVE ( 'NONE', #1228, #117, #1913, .T. ) ;
#2296 = PLANE ( 'NONE',  #2067 ) ;
#2297 = PLANE ( 'NONE',  #1870 ) ;
#2298 = CARTESIAN_POINT ( 'NONE',  ( 1.773282799208156300, 3.603410487004079100, 2.504999999999999900 ) ) ;
#2299 = PRESENTATION_LAYER_ASSIGNMENT (  '', '', ( #197 ) ) ;
#2300 = FACE_OUTER_BOUND ( 'NONE', #856, .T. ) ;
#2301 = DIRECTION ( 'NONE',  ( 0.2729786930694848000, 0.9620200793798827600, 0.0000000000000000000 ) ) ;
#2302 = LINE ( 'NONE', #2886, #875 ) ;
#2303 = VECTOR ( 'NONE', #416, 1000.000000000000000 ) ;
#2304 = ORIENTED_EDGE ( 'NONE', *, *, #1797, .F. ) ;
#2305 = PLANE ( 'NONE',  #2629 ) ;
#2306 = ORIENTED_EDGE ( 'NONE', *, *, #2115, .F. ) ;
#2307 = LINE ( 'NONE', #477, #1705 ) ;
#2308 = EDGE_LOOP ( 'NONE', ( #2774, #1064, #2121, #1703 ) ) ;
#2309 = SURFACE_SIDE_STYLE ('',( #865 ) ) ;
#2310 = VERTEX_POINT ( 'NONE', #205 ) ;
#2311 = FILL_AREA_STYLE_COLOUR ( '', #1796 ) ;
#2312 = CARTESIAN_POINT ( 'NONE',  ( 4.977100999822999600, 2.796949999999975000, 2.504999999999999900 ) ) ;
#2313 = ADVANCED_FACE ( 'NONE', ( #1842 ), #1983, .T. ) ;
#2314 = EDGE_CURVE ( 'NONE', #264, #2467, #2267, .T. ) ;
#2315 = EDGE_LOOP ( 'NONE', ( #1932, #1201, #1029, #1161, #2782, #2131, #1677, #263 ) ) ;
#2316 = DIRECTION ( 'NONE',  ( 0.0000000000000000000, -1.000000000000000000, 0.0000000000000000000 ) ) ;
#2317 = VERTEX_POINT ( 'NONE', #1604 ) ;
#2318 = PLANE ( 'NONE',  #162 ) ;
#2319 = DIRECTION ( 'NONE',  ( 0.0000000000000000000, 0.0000000000000000000, -1.000000000000000000 ) ) ;
#2320 = ORIENTED_EDGE ( 'NONE', *, *, #1467, .F. ) ;
#2321 = SURFACE_SIDE_STYLE ('',( #1359 ) ) ;
#2322 = STYLED_ITEM ( 'NONE', ( #1137 ), #1383 ) ;
#2323 = LINE ( 'NONE', #2777, #2303 ) ;
#2324 = CARTESIAN_POINT ( 'NONE',  ( 2.680997780657855300, 2.950379596853213800, 2.504999999999999900 ) ) ;
#2325 = DIRECTION ( 'NONE',  ( 0.0000000000000000000, -1.000000000000000000, 0.0000000000000000000 ) ) ;
#2326 =( NAMED_UNIT ( * ) PLANE_ANGLE_UNIT ( ) SI_UNIT ( $, .RADIAN. ) );
#2327 = SURFACE_SIDE_STYLE ('',( #1910 ) ) ;
#2328 = EDGE_CURVE ( 'NONE', #2465, #3032, #1547, .T. ) ;
#2329 = FILL_AREA_STYLE ('',( #1880 ) ) ;
#2330 = DIRECTION ( 'NONE',  ( 0.05375259206908576700, 0.9985542843760946100, 0.0000000000000000000 ) ) ;
#2331 = VECTOR ( 'NONE', #1972, 1000.000000000000000 ) ;
#2332 = VECTOR ( 'NONE', #2500, 1000.000000000000000 ) ;
#2333 = EDGE_CURVE ( 'NONE', #1299, #294, #2053, .T. ) ;
#2334 = VECTOR ( 'NONE', #1281, 1000.000000000000000 ) ;
#2335 = DIRECTION ( 'NONE',  ( -0.0000000000000000000, -0.0000000000000000000, -1.000000000000000000 ) ) ;
#2336 = MECHANICAL_DESIGN_GEOMETRIC_PRESENTATION_REPRESENTATION (  '', ( #2034 ), #2210 ) ;
#2337 = ORIENTED_EDGE ( 'NONE', *, *, #1619, .T. ) ;
#2338 = COLOUR_RGB ( '',0.8980392156862745400, 0.9215686274509803400, 0.9294117647058823800 ) ;
#2339 = ORIENTED_EDGE ( 'NONE', *, *, #713, .F. ) ;
#2340 = EDGE_LOOP ( 'NONE', ( #2994, #2112, #468, #1382 ) ) ;
#2341 = STYLED_ITEM ( 'NONE', ( #1430 ), #3009 ) ;
#2342 = ORIENTED_EDGE ( 'NONE', *, *, #368, .F. ) ;
#2343 = EDGE_CURVE ( 'NONE', #1350, #223, #961, .T. ) ;
#2344 = EDGE_LOOP ( 'NONE', ( #307, #1812, #305, #1518 ) ) ;
#2345 = FILL_AREA_STYLE ('',( #2361 ) ) ;
#2346 = CARTESIAN_POINT ( 'NONE',  ( 1.904329379275885500, 3.259504556061610700, 2.504999999999999900 ) ) ;
#2347 = ORIENTED_EDGE ( 'NONE', *, *, #1352, .T. ) ;
#2348 = EDGE_CURVE ( 'NONE', #640, #158, #720, .T. ) ;
#2349 = DIRECTION ( 'NONE',  ( -0.3725077383643967100, 0.9280290862137037200, 0.0000000000000000000 ) ) ;
#2350 = ORIENTED_EDGE ( 'NONE', *, *, #713, .T. ) ;
#2351 = UNCERTAINTY_MEASURE_WITH_UNIT (LENGTH_MEASURE( 1.000000000000000100E-005 ), #1262, 'distance_accuracy_value', 'NONE');
#2352 = ADVANCED_FACE ( 'NONE', ( #2694 ), #2540, .F. ) ;
#2353 = EDGE_LOOP ( 'NONE', ( #1270, #1528, #76, #2057 ) ) ;
#2354 = DIRECTION ( 'NONE',  ( -1.000000000000000000, -1.693947318196328000E-016, 0.0000000000000000000 ) ) ;
#2355 = LINE ( 'NONE', #2912, #636 ) ;
#2356 = CARTESIAN_POINT ( 'NONE',  ( 5.164198302680624400, 3.447697959758514200, 2.500000000000000000 ) ) ;
#2357 = CARTESIAN_POINT ( 'NONE',  ( 3.482424049944831800, 3.514920573922360300, 2.504999999999999900 ) ) ;
#2358 = LINE ( 'NONE', #1918, #2597 ) ;
#2359 = CARTESIAN_POINT ( 'NONE',  ( -0.08753432769269003900, 0.1866995735883402700, 2.504999999999999900 ) ) ;
#2360 = VECTOR ( 'NONE', #2784, 1000.000000000000000 ) ;
#2361 = FILL_AREA_STYLE_COLOUR ( '', #1550 ) ;
#2362 = LINE ( 'NONE', #1199, #489 ) ;
#2363 = VECTOR ( 'NONE', #2642, 1000.000000000000000 ) ;
#2364 = EDGE_CURVE ( 'NONE', #2019, #2730, #1474, .T. ) ;
#2365 = FACE_OUTER_BOUND ( 'NONE', #1371, .T. ) ;
#2366 = CARTESIAN_POINT ( 'NONE',  ( 4.406064337887780600, 2.950409022377217500, 2.500000000000000000 ) ) ;
#2367 = VECTOR ( 'NONE', #1777, 1000.000000000000000 ) ;
#2368 = APPLICATION_PROTOCOL_DEFINITION ( 'draft international standard', 'automotive_design', 1998, #2429 ) ;
#2369 = VECTOR ( 'NONE', #1531, 1000.000000000000100 ) ;
#2370 = CARTESIAN_POINT ( 'NONE',  ( 1.770840479902133800, 2.796949999999975000, 2.500000000000000000 ) ) ;
#2371 = PLANE ( 'NONE',  #2977 ) ;
#2372 = AXIS2_PLACEMENT_3D ( 'NONE', #927, #1636, #654 ) ;
#2373 = PLANE ( 'NONE',  #504 ) ;
#2374 = LINE ( 'NONE', #938, #1403 ) ;
#2375 = CARTESIAN_POINT ( 'NONE',  ( 3.084201050762434900, 3.150816471500028200, 2.504999999999999900 ) ) ;
#2376 = ORIENTED_EDGE ( 'NONE', *, *, #1030, .F. ) ;
#2377 = ORIENTED_EDGE ( 'NONE', *, *, #3054, .T. ) ;
#2378 = PRESENTATION_STYLE_ASSIGNMENT (( #1937 ) ) ;
#2379 = DIRECTION ( 'NONE',  ( -0.0000000000000000000, -0.0000000000000000000, -1.000000000000000000 ) ) ;
#2380 = PRESENTATION_LAYER_ASSIGNMENT (  '', '', ( #706 ) ) ;
#2381 =( NAMED_UNIT ( * ) SI_UNIT ( $, .STERADIAN. ) SOLID_ANGLE_UNIT ( ) );
#2382 = ORIENTED_EDGE ( 'NONE', *, *, #2989, .F. ) ;
#2383 = ORIENTED_EDGE ( 'NONE', *, *, #2064, .T. ) ;
#2384 = CARTESIAN_POINT ( 'NONE',  ( 2.799944000000000400, 0.2241200000000000100, 0.2399999759999998600 ) ) ;
#2385 =( GEOMETRIC_REPRESENTATION_CONTEXT ( 3 ) GLOBAL_UNCERTAINTY_ASSIGNED_CONTEXT ( ( #360 ) ) GLOBAL_UNIT_ASSIGNED_CONTEXT ( ( #2002, #1764, #1269 ) ) REPRESENTATION_CONTEXT ( 'NONE', 'WORKASPACE' ) );
#2386 = EDGE_LOOP ( 'NONE', ( #2169, #1194, #1204, #118 ) ) ;
#2387 = DIRECTION ( 'NONE',  ( -0.6657134745240100800, -0.7462074576397440500, -0.0000000000000000000 ) ) ;
#2388 = ORIENTED_EDGE ( 'NONE', *, *, #51, .F. ) ;
#2389 = ADVANCED_FACE ( 'NONE', ( #646 ), #2847, .F. ) ;
#2390 = EDGE_CURVE ( 'NONE', #402, #2097, #1698, .T. ) ;
#2391 = CARTESIAN_POINT ( 'NONE',  ( 2.824290283803902600, 3.449904874210175000, 2.500000000000000000 ) ) ;
#2392 = VERTEX_POINT ( 'NONE', #2574 ) ;
#2393 = CARTESIAN_POINT ( 'NONE',  ( 7.200000000000000200, 0.0000000000000000000, 2.500000000000000000 ) ) ;
#2394 = ORIENTED_EDGE ( 'NONE', *, *, #2079, .T. ) ;
#2395 = EDGE_CURVE ( 'NONE', #2755, #550, #389, .T. ) ;
#2396 = FACE_OUTER_BOUND ( 'NONE', #331, .T. ) ;
#2397 = VERTEX_POINT ( 'NONE', #1176 ) ;
#2398 = STYLED_ITEM ( 'NONE', ( #601 ), #1200 ) ;
#2399 = CARTESIAN_POINT ( 'NONE',  ( 2.317493189286735000, 2.796949999999975000, 2.504999999999999900 ) ) ;
#2400 = DIRECTION ( 'NONE',  ( -0.2755265765475026200, -0.9612934544747576700, 0.0000000000000000000 ) ) ;
#2401 = AXIS2_PLACEMENT_3D ( 'NONE', #2203, #1078, #1088 ) ;
#2402 = LINE ( 'NONE', #2547, #1795 ) ;
#2403 = PLANE ( 'NONE',  #731 ) ;
#2404 = PLANE ( 'NONE',  #590 ) ;
#2405 = DIRECTION ( 'NONE',  ( 0.0000000000000000000, 0.0000000000000000000, 1.000000000000000000 ) ) ;
#2406 = VECTOR ( 'NONE', #480, 1000.000000000000000 ) ;
#2407 = COLOUR_RGB ( '',0.7921568627450980000, 0.8196078431372548800, 0.9333333333333333500 ) ;
#2408 = LINE ( 'NONE', #2695, #1511 ) ;
#2409 = FACE_OUTER_BOUND ( 'NONE', #52, .T. ) ;
#2410 = CARTESIAN_POINT ( 'NONE',  ( 4.963486790438300200, 3.603410487004079100, 2.500000000000000000 ) ) ;
#2411 = CARTESIAN_POINT ( 'NONE',  ( 4.809316650534388100, 3.150816471498411300, 2.500000000000000000 ) ) ;
#2412 = EDGE_CURVE ( 'NONE', #2861, #1309, #2302, .T. ) ;
#2413 = UNCERTAINTY_MEASURE_WITH_UNIT (LENGTH_MEASURE( 1.000000000000000100E-005 ), #2665, 'distance_accuracy_value', 'NONE');
#2414 = DIRECTION ( 'NONE',  ( 0.0000000000000000000, 0.0000000000000000000, -1.000000000000000000 ) ) ;
#2415 = VERTEX_POINT ( 'NONE', #1315 ) ;
#2416 = CARTESIAN_POINT ( 'NONE',  ( 2.738107822383377700, 3.150816471500028200, 2.500000000000000000 ) ) ;
#2417 = LINE ( 'NONE', #1164, #965 ) ;
#2418 = ORIENTED_EDGE ( 'NONE', *, *, #2745, .F. ) ;
#2419 = ORIENTED_EDGE ( 'NONE', *, *, #2900, .T. ) ;
#2420 = ORIENTED_EDGE ( 'NONE', *, *, #403, .T. ) ;
#2421 = AXIS2_PLACEMENT_3D ( 'NONE', #1375, #1162, #1846 ) ;
#2422 = DIRECTION ( 'NONE',  ( -0.2740217765954066600, -0.9617234872620597000, 0.0000000000000000000 ) ) ;
#2423 = FILL_AREA_STYLE ('',( #1729 ) ) ;
#2424 = VERTEX_POINT ( 'NONE', #1537 ) ;
#2425 = DIRECTION ( 'NONE',  ( -1.693947318196328000E-016, 1.000000000000000000, 0.0000000000000000000 ) ) ;
#2426 = VERTEX_POINT ( 'NONE', #1082 ) ;
#2427 = PLANE ( 'NONE',  #2105 ) ;
#2428 = EDGE_LOOP ( 'NONE', ( #390, #1858, #1197, #2204 ) ) ;
#2429 = APPLICATION_CONTEXT ( 'automotive_design' ) ;
#2430 = EDGE_CURVE ( 'NONE', #200, #2240, #1583, .T. ) ;
#2431 = CARTESIAN_POINT ( 'NONE',  ( 3.442179738876450600, 2.796949999999975000, 2.504999999999999900 ) ) ;
#2432 = ORIENTED_EDGE ( 'NONE', *, *, #2811, .F. ) ;
#2433 =( NAMED_UNIT ( * ) SI_UNIT ( $, .STERADIAN. ) SOLID_ANGLE_UNIT ( ) );
#2434 = EDGE_CURVE ( 'NONE', #1674, #1989, #2567, .T. ) ;
#2435 = CARTESIAN_POINT ( 'NONE',  ( 3.276273718997839300, 2.796949999999975000, 2.504999999999999900 ) ) ;
#2436 = SURFACE_STYLE_USAGE ( .BOTH. , #336 ) ;
#2437 = SURFACE_SIDE_STYLE ('',( #1424 ) ) ;
#2438 = LINE ( 'NONE', #1447, #792 ) ;
#2439 = DIRECTION ( 'NONE',  ( 0.4668459304955080400, 0.8843386665637680300, 0.0000000000000000000 ) ) ;
#2440 = PRESENTATION_LAYER_ASSIGNMENT (  '', '', ( #485 ) ) ;
#2441 = CARTESIAN_POINT ( 'NONE',  ( 4.851900290920089500, 3.299876377738383500, 2.500000000000000000 ) ) ;
#2442 = LINE ( 'NONE', #2569, #2258 ) ;
#2443 = DIRECTION ( 'NONE',  ( -1.000000000000000000, 0.0000000000000000000, -0.0000000000000000000 ) ) ;
#2444 = ORIENTED_EDGE ( 'NONE', *, *, #349, .F. ) ;
#2445 = AXIS2_PLACEMENT_3D ( 'NONE', #2197, #2171, #1505 ) ;
#2446 = DIRECTION ( 'NONE',  ( 0.9610029908221278100, -0.2765379750249963300, 0.0000000000000000000 ) ) ;
#2447 = VECTOR ( 'NONE', #2109, 1000.000000000000000 ) ;
#2448 = FACE_OUTER_BOUND ( 'NONE', #216, .T. ) ;
#2449 = ORIENTED_EDGE ( 'NONE', *, *, #2692, .T. ) ;
#2450 = LINE ( 'NONE', #146, #70 ) ;
#2451 = UNCERTAINTY_MEASURE_WITH_UNIT (LENGTH_MEASURE( 1.000000000000000100E-005 ), #8, 'distance_accuracy_value', 'NONE');
#2452 = VECTOR ( 'NONE', #478, 1000.000000000000000 ) ;
#2453 = CARTESIAN_POINT ( 'NONE',  ( 4.463277368953007400, 3.150816471498410400, 2.504999999999999900 ) ) ;
#2454 = CARTESIAN_POINT ( 'NONE',  ( 6.699999999999999300, 6.500000000000000000, 0.5000000000000000000 ) ) ;
#2455 = CARTESIAN_POINT ( 'NONE',  ( 2.135986736370306900, 3.234836156756174300, 2.504999999999999900 ) ) ;
#2456 = CARTESIAN_POINT ( 'NONE',  ( 3.482424049944831800, 3.514920573922360300, 2.504999999999999900 ) ) ;
#2457 = UNCERTAINTY_MEASURE_WITH_UNIT (LENGTH_MEASURE( 1.000000000000000100E-005 ), #2140, 'distance_accuracy_value', 'NONE');
#2458 = DIRECTION ( 'NONE',  ( -0.7059037656364501900, -0.7083077534943971200, -0.0000000000000000000 ) ) ;
#2459 = EDGE_CURVE ( 'NONE', #703, #2807, #3020, .T. ) ;
#2460 = ORIENTED_EDGE ( 'NONE', *, *, #2947, .T. ) ;
#2461 = ADVANCED_FACE ( 'NONE', ( #1578 ), #2403, .F. ) ;
#2462 = ORIENTED_EDGE ( 'NONE', *, *, #781, .F. ) ;
#2463 = PRODUCT ( 'CFR_RB3_7.2X6.5X2.5_L7.2H6.5T2.5S5LL5F0.5', 'CFR_RB3_7.2X6.5X2.5_L7.2H6.5T2.5S5LL5F0.5', '', ( #767 ) ) ;
#2464 = CARTESIAN_POINT ( 'NONE',  ( 4.132838520409295700, 2.796949999999975000, 2.500000000000000000 ) ) ;
#2465 = VERTEX_POINT ( 'NONE', #2095 ) ;
#2466 =( GEOMETRIC_REPRESENTATION_CONTEXT ( 3 ) GLOBAL_UNCERTAINTY_ASSIGNED_CONTEXT ( ( #675 ) ) GLOBAL_UNIT_ASSIGNED_CONTEXT ( ( #1384, #900, #3005 ) ) REPRESENTATION_CONTEXT ( 'NONE', 'WORKASPACE' ) );
#2467 = VERTEX_POINT ( 'NONE', #259 ) ;
#2468 = DIRECTION ( 'NONE',  ( -0.0000000000000000000, -0.0000000000000000000, -1.000000000000000000 ) ) ;
#2469 = DIRECTION ( 'NONE',  ( 0.0000000000000000000, 0.0000000000000000000, -1.000000000000000000 ) ) ;
#2470 = ORIENTED_EDGE ( 'NONE', *, *, #2333, .F. ) ;
#2471 = ORIENTED_EDGE ( 'NONE', *, *, #2562, .T. ) ;
#2472 = DIRECTION ( 'NONE',  ( -0.9615825319869153500, 0.2745159998572630500, 0.0000000000000000000 ) ) ;
#2473 = ORIENTED_EDGE ( 'NONE', *, *, #2348, .F. ) ;
#2474 = EDGE_CURVE ( 'NONE', #2467, #264, #2954, .T. ) ;
#2475 = DIRECTION ( 'NONE',  ( -0.0000000000000000000, -0.0000000000000000000, 1.000000000000000000 ) ) ;
#2476 = LINE ( 'NONE', #2416, #1244 ) ;
#2477 = CARTESIAN_POINT ( 'NONE',  ( 2.799944000000000400, 0.2241200000000000100, 0.0000000000000000000 ) ) ;
#2478 = ORIENTED_EDGE ( 'NONE', *, *, #674, .T. ) ;
#2479 = AXIS2_PLACEMENT_3D ( 'NONE', #2555, #2791, #1875 ) ;
#2480 = VECTOR ( 'NONE', #1851, 1000.000000000000000 ) ;
#2481 = DIRECTION ( 'NONE',  ( -0.0000000000000000000, -0.0000000000000000000, -1.000000000000000000 ) ) ;
#2482 = DIRECTION ( 'NONE',  ( -0.7145695586382625500, -0.6995643972269591800, 0.0000000000000000000 ) ) ;
#2483 =( LENGTH_UNIT ( ) NAMED_UNIT ( * ) SI_UNIT ( .MILLI., .METRE. ) );
#2484 = VECTOR ( 'NONE', #2628, 1000.000000000000000 ) ;
#2485 = LINE ( 'NONE', #2970, #2801 ) ;
#2486 = CARTESIAN_POINT ( 'NONE',  ( 3.442179738876450600, 2.796949999999975000, 2.504999999999999900 ) ) ;
#2487 = CARTESIAN_POINT ( 'NONE',  ( 2.247068097692184600, 3.603410487004079100, 2.504999999999999900 ) ) ;
#2488 =( NAMED_UNIT ( * ) SI_UNIT ( $, .STERADIAN. ) SOLID_ANGLE_UNIT ( ) );
#2489 = VECTOR ( 'NONE', #605, 1000.000000000000100 ) ;
#2490 = FILL_AREA_STYLE_COLOUR ( '', #2086 ) ;
#2491 = PRESENTATION_STYLE_ASSIGNMENT (( #2870 ) ) ;
#2492 = VECTOR ( 'NONE', #2608, 1000.000000000000000 ) ;
#2493 = ORIENTED_EDGE ( 'NONE', *, *, #584, .T. ) ;
#2494 = CARTESIAN_POINT ( 'NONE',  ( 2.512466725252863400, 3.603410487004079100, 2.504999999999999900 ) ) ;
#2495 = LINE ( 'NONE', #1571, #2923 ) ;
#2496 = EDGE_CURVE ( 'NONE', #1144, #1264, #960, .T. ) ;
#2497 = CARTESIAN_POINT ( 'NONE',  ( 4.809316650534388100, 3.150816471498411300, 2.500000000000000000 ) ) ;
#2498 = PRESENTATION_STYLE_ASSIGNMENT (( #1637 ) ) ;
#2499 = ORIENTED_EDGE ( 'NONE', *, *, #2830, .T. ) ;
#2500 = DIRECTION ( 'NONE',  ( 1.000000000000000000, 0.0000000000000000000, 0.0000000000000000000 ) ) ;
#2501 = ORIENTED_EDGE ( 'NONE', *, *, #1407, .T. ) ;
#2502 = CARTESIAN_POINT ( 'NONE',  ( 3.482424049944831800, 3.514920573922360300, 2.500000000000000000 ) ) ;
#2503 = EDGE_CURVE ( 'NONE', #1743, #1163, #4, .T. ) ;
#2504 =( NAMED_UNIT ( * ) PLANE_ANGLE_UNIT ( ) SI_UNIT ( $, .RADIAN. ) );
#2505 = VERTEX_POINT ( 'NONE', #2435 ) ;
#2506 = FILL_AREA_STYLE ('',( #481 ) ) ;
#2507 = CARTESIAN_POINT ( 'NONE',  ( 2.512466725252863400, 3.603410487004079100, 2.500000000000000000 ) ) ;
#2508 = ORIENTED_EDGE ( 'NONE', *, *, #562, .F. ) ;
#2509 = EDGE_LOOP ( 'NONE', ( #768, #3034, #2276, #1340, #885, #972, #2054, #2575 ) ) ;
#2510 = CARTESIAN_POINT ( 'NONE',  ( 2.135986736370306900, 3.234836156756174300, 2.504999999999999900 ) ) ;
#2511 =( GEOMETRIC_REPRESENTATION_CONTEXT ( 3 ) GLOBAL_UNCERTAINTY_ASSIGNED_CONTEXT ( ( #2451 ) ) GLOBAL_UNIT_ASSIGNED_CONTEXT ( ( #8, #452, #948 ) ) REPRESENTATION_CONTEXT ( 'NONE', 'WORKASPACE' ) );
#2512 = ORIENTED_EDGE ( 'NONE', *, *, #1903, .F. ) ;
#2513 = CARTESIAN_POINT ( 'NONE',  ( 3.442179738876450600, 2.796949999999975000, 2.500000000000000000 ) ) ;
#2514 = CARTESIAN_POINT ( 'NONE',  ( 2.824290283803902600, 3.449904874210175000, 2.504999999999999900 ) ) ;
#2515 = EDGE_LOOP ( 'NONE', ( #2383, #325, #2135, #2031 ) ) ;
#2516 = FACE_OUTER_BOUND ( 'NONE', #924, .T. ) ;
#2517 = EDGE_CURVE ( 'NONE', #1410, #1674, #2408, .T. ) ;
#2518 = DIRECTION ( 'NONE',  ( 0.3725077383643967100, -0.9280290862137037200, 0.0000000000000000000 ) ) ;
#2519 = EDGE_CURVE ( 'NONE', #46, #1297, #2191, .T. ) ;
#2520 = LINE ( 'NONE', #791, #101 ) ;
#2521 = EDGE_LOOP ( 'NONE', ( #1386, #1746, #1902, #2377 ) ) ;
#2522 = CARTESIAN_POINT ( 'NONE',  ( 4.400055999999999300, 0.2241200000000000100, 0.0000000000000000000 ) ) ;
#2523 = LINE ( 'NONE', #1396, #1605 ) ;
#2524 = AXIS2_PLACEMENT_3D ( 'NONE', #1627, #2096, #1395 ) ;
#2525 = CARTESIAN_POINT ( 'NONE',  ( 0.0000000000000000000, 6.500000000000000000, 2.000000000000000000 ) ) ;
#2526 = LINE ( 'NONE', #3022, #1944 ) ;
#2527 = PRESENTATION_STYLE_ASSIGNMENT (( #657 ) ) ;
#2528 = STYLED_ITEM ( 'NONE', ( #2498 ), #2022 ) ;
#2529 = VECTOR ( 'NONE', #570, 1000.000000000000000 ) ;
#2530 = ORIENTED_EDGE ( 'NONE', *, *, #2459, .T. ) ;
#2531 = CARTESIAN_POINT ( 'NONE',  ( 5.393874341669146600, 3.447697959756509200, 2.504999999999999900 ) ) ;
#2532 = FACE_OUTER_BOUND ( 'NONE', #192, .T. ) ;
#2533 = ADVANCED_FACE ( 'NONE', ( #1736 ), #1311, .T. ) ;
#2534 = CARTESIAN_POINT ( 'NONE',  ( 2.824290283803902600, 3.449904874210175000, 2.504999999999999900 ) ) ;
#2535 = ORIENTED_EDGE ( 'NONE', *, *, #178, .T. ) ;
#2536 = ORIENTED_EDGE ( 'NONE', *, *, #2179, .T. ) ;
#2537 = CARTESIAN_POINT ( 'NONE',  ( 3.128054893019331000, 2.950379596853213800, 2.504999999999999900 ) ) ;
#2538 = EDGE_CURVE ( 'NONE', #2310, #1784, #1769, .T. ) ;
#2539 = ORIENTED_EDGE ( 'NONE', *, *, #2519, .F. ) ;
#2540 = PLANE ( 'NONE',  #409 ) ;
#2541 =( NAMED_UNIT ( * ) SI_UNIT ( $, .STERADIAN. ) SOLID_ANGLE_UNIT ( ) );
#2542 = ORIENTED_EDGE ( 'NONE', *, *, #2787, .T. ) ;
#2543 = AXIS2_PLACEMENT_3D ( 'NONE', #760, #526, #774 ) ;
#2544 = ORIENTED_EDGE ( 'NONE', *, *, #2136, .T. ) ;
#2545 = PLANE ( 'NONE',  #2479 ) ;
#2546 = DIRECTION ( 'NONE',  ( 0.2762437428917223800, 0.9610876102172850600, 0.0000000000000000000 ) ) ;
#2547 = CARTESIAN_POINT ( 'NONE',  ( 3.315760323418800700, 3.603410487004079100, 2.504999999999999900 ) ) ;
#2548 = CARTESIAN_POINT ( 'NONE',  ( 4.919024819995339500, 3.448838198891324600, 2.504999999999999900 ) ) ;
#2549 = AXIS2_PLACEMENT_3D ( 'NONE', #230, #976, #968 ) ;
#2550 = ORIENTED_EDGE ( 'NONE', *, *, #624, .F. ) ;
#2551 = CARTESIAN_POINT ( 'NONE',  ( 0.2399999760000000000, 0.7500000000000000000, 2.260000023999999100 ) ) ;
#2552 = ORIENTED_EDGE ( 'NONE', *, *, #1543, .T. ) ;
#2553 = DIRECTION ( 'NONE',  ( 1.341834340002828800E-017, 0.0000000000000000000, -1.000000000000000000 ) ) ;
#2554 = VECTOR ( 'NONE', #315, 1000.000000000000100 ) ;
#2555 = CARTESIAN_POINT ( 'NONE',  ( 4.599999999999999600, 1.592040838891559300E-016, 0.0000000000000000000 ) ) ;
#2556 = DIRECTION ( 'NONE',  ( -1.000000000000000000, 0.0000000000000000000, 0.0000000000000000000 ) ) ;
#2557 =( NAMED_UNIT ( * ) SI_UNIT ( $, .STERADIAN. ) SOLID_ANGLE_UNIT ( ) );
#2558 =( LENGTH_UNIT ( ) NAMED_UNIT ( * ) SI_UNIT ( .MILLI., .METRE. ) );
#2559 = CARTESIAN_POINT ( 'NONE',  ( 4.809316650534388100, 3.150816471498411300, 2.504999999999999900 ) ) ;
#2560 = FILL_AREA_STYLE_COLOUR ( '', #1741 ) ;
#2561 = DIRECTION ( 'NONE',  ( 0.0000000000000000000, -1.000000000000000000, 0.0000000000000000000 ) ) ;
#2562 = EDGE_CURVE ( 'NONE', #2172, #2097, #677, .T. ) ;
#2563 = CARTESIAN_POINT ( 'NONE',  ( 3.126784691149073300, 3.299903351138499200, 2.504999999999999900 ) ) ;
#2564 = LINE ( 'NONE', #2563, #1941 ) ;
#2565 = VECTOR ( 'NONE', #1681, 1000.000000000000000 ) ;
#2566 = VECTOR ( 'NONE', #2288, 1000.000000000000000 ) ;
#2567 = LINE ( 'NONE', #3039, #2262 ) ;
#2568 = LINE ( 'NONE', #446, #803 ) ;
#2569 = CARTESIAN_POINT ( 'NONE',  ( 3.628189149030495800, 3.027264753342405100, 2.500000000000000000 ) ) ;
#2570 = SURFACE_STYLE_FILL_AREA ( #2345 ) ;
#2571 = LINE ( 'NONE', #2497, #1949 ) ;
#2572 = PLANE ( 'NONE',  #1454 ) ;
#2573 = PRODUCT_RELATED_PRODUCT_CATEGORY ( 'part', '', ( #2463 ) ) ;
#2574 = CARTESIAN_POINT ( 'NONE',  ( 5.614675780601335700, 3.447680430667800600, 2.500000000000000000 ) ) ;
#2575 = ORIENTED_EDGE ( 'NONE', *, *, #2242, .T. ) ;
#2576 = ORIENTED_EDGE ( 'NONE', *, *, #2390, .F. ) ;
#2577 = CARTESIAN_POINT ( 'NONE',  ( 4.599999999999999600, 1.592040838891559300E-016, 0.2399999759999998600 ) ) ;
#2578 = LINE ( 'NONE', #188, #2959 ) ;
#2579 = UNCERTAINTY_MEASURE_WITH_UNIT (LENGTH_MEASURE( 1.000000000000000100E-005 ), #1025, 'distance_accuracy_value', 'NONE');
#2580 = ORIENTED_EDGE ( 'NONE', *, *, #403, .F. ) ;
#2581 = ORIENTED_EDGE ( 'NONE', *, *, #1444, .F. ) ;
#2582 = ADVANCED_FACE ( 'NONE', ( #1654 ), #1248, .F. ) ;
#2583 =( NAMED_UNIT ( * ) SI_UNIT ( $, .STERADIAN. ) SOLID_ANGLE_UNIT ( ) );
#2584 = ORIENTED_EDGE ( 'NONE', *, *, #312, .F. ) ;
#2585 =( NAMED_UNIT ( * ) PLANE_ANGLE_UNIT ( ) SI_UNIT ( $, .RADIAN. ) );
#2586 = EDGE_CURVE ( 'NONE', #619, #2505, #2758, .T. ) ;
#2587 = CARTESIAN_POINT ( 'NONE',  ( 6.960000023999999300, 0.0000000000000000000, 2.260000023999999600 ) ) ;
#2588 = ORIENTED_EDGE ( 'NONE', *, *, #2956, .F. ) ;
#2589 = FILL_AREA_STYLE_COLOUR ( '', #2953 ) ;
#2590 = ORIENTED_EDGE ( 'NONE', *, *, #1154, .F. ) ;
#2591 = ORIENTED_EDGE ( 'NONE', *, *, #1954, .T. ) ;
#2592 = PRESENTATION_LAYER_ASSIGNMENT (  '', '', ( #1186 ) ) ;
#2593 = VERTEX_POINT ( 'NONE', #2780 ) ;
#2594 = DIRECTION ( 'NONE',  ( -0.2793947940814923100, -0.9601763114346033600, 0.0000000000000000000 ) ) ;
#2595 = LINE ( 'NONE', #2006, #2828 ) ;
#2596 = CARTESIAN_POINT ( 'NONE',  ( 2.780642420226707500, 3.299903351138499200, 2.504999999999999900 ) ) ;
#2597 = VECTOR ( 'NONE', #1722, 1000.000000000000000 ) ;
#2598 = FILL_AREA_STYLE_COLOUR ( '', #1699 ) ;
#2599 = VECTOR ( 'NONE', #2033, 1000.000000000000000 ) ;
#2600 = EDGE_CURVE ( 'NONE', #1373, #122, #2526, .T. ) ;
#2601 = ADVANCED_FACE ( 'NONE', ( #1183 ), #194, .F. ) ;
#2602 = VECTOR ( 'NONE', #2657, 1000.000000000000000 ) ;
#2603 = CARTESIAN_POINT ( 'NONE',  ( 2.780642420226707500, 3.299903351138499200, 2.504999999999999900 ) ) ;
#2604 = EDGE_CURVE ( 'NONE', #2807, #581, #490, .T. ) ;
#2605 = LINE ( 'NONE', #299, #2235 ) ;
#2606 = VECTOR ( 'NONE', #1802, 1000.000000000000000 ) ;
#2607 = DIRECTION ( 'NONE',  ( 0.0000000000000000000, 0.0000000000000000000, -1.000000000000000000 ) ) ;
#2608 = DIRECTION ( 'NONE',  ( 1.000000000000000000, 0.0000000000000000000, 0.0000000000000000000 ) ) ;
#2609 = AXIS2_PLACEMENT_3D ( 'NONE', #2626, #2144, #2635 ) ;
#2610 =( NAMED_UNIT ( * ) PLANE_ANGLE_UNIT ( ) SI_UNIT ( $, .RADIAN. ) );
#2611 = ADVANCED_FACE ( 'NONE', ( #2047 ), #2134, .F. ) ;
#2612 = ORIENTED_EDGE ( 'NONE', *, *, #2064, .F. ) ;
#2613 = FACE_OUTER_BOUND ( 'NONE', #2386, .T. ) ;
#2614 = ORIENTED_EDGE ( 'NONE', *, *, #2600, .T. ) ;
#2615 = CARTESIAN_POINT ( 'NONE',  ( 4.851900290920089500, 3.299876377738383500, 2.504999999999999900 ) ) ;
#2616 = ORIENTED_EDGE ( 'NONE', *, *, #742, .T. ) ;
#2617 = MECHANICAL_DESIGN_GEOMETRIC_PRESENTATION_REPRESENTATION (  '', ( #44 ), #2737 ) ;
#2618 = PLANE ( 'NONE',  #1258 ) ;
#2619 = VERTEX_POINT ( 'NONE', #2282 ) ;
#2620 = ORIENTED_EDGE ( 'NONE', *, *, #2314, .T. ) ;
#2621 = SURFACE_SIDE_STYLE ('',( #2570 ) ) ;
#2622 = CARTESIAN_POINT ( 'NONE',  ( 4.919024819995339500, 3.448838198891324600, 2.500000000000000000 ) ) ;
#2623 =( NAMED_UNIT ( * ) PLANE_ANGLE_UNIT ( ) SI_UNIT ( $, .RADIAN. ) );
#2624 = ORIENTED_EDGE ( 'NONE', *, *, #500, .F. ) ;
#2625 = EDGE_CURVE ( 'NONE', #888, #1182, #873, .T. ) ;
#2626 = CARTESIAN_POINT ( 'NONE',  ( 4.035783327131509800, 2.796949999999975000, 2.504999999999999900 ) ) ;
#2627 = ORIENTED_EDGE ( 'NONE', *, *, #2395, .T. ) ;
#2628 = DIRECTION ( 'NONE',  ( -0.0000000000000000000, -0.0000000000000000000, -1.000000000000000000 ) ) ;
#2629 = AXIS2_PLACEMENT_3D ( 'NONE', #1818, #183, #625 ) ;
#2630 = ORIENTED_EDGE ( 'NONE', *, *, #1310, .T. ) ;
#2631 = CARTESIAN_POINT ( 'NONE',  ( 0.0000000000000000000, 0.0000000000000000000, 2.500000000000000000 ) ) ;
#2632 = FILL_AREA_STYLE_COLOUR ( '', #808 ) ;
#2633 = VECTOR ( 'NONE', #2077, 1000.000000000000000 ) ;
#2634 = FILL_AREA_STYLE_COLOUR ( '', #1807 ) ;
#2635 = DIRECTION ( 'NONE',  ( -0.2763139702539113000, -0.9610674221107073900, 0.0000000000000000000 ) ) ;
#2636 = VECTOR ( 'NONE', #1504, 1000.000000000000000 ) ;
#2637 = DIRECTION ( 'NONE',  ( -1.000000000000000000, 0.0000000000000000000, -0.0000000000000000000 ) ) ;
#2638 = CARTESIAN_POINT ( 'NONE',  ( 3.315760323418800700, 3.603410487004079100, 2.500000000000000000 ) ) ;
#2639 = VECTOR ( 'NONE', #170, 1000.000000000000200 ) ;
#2640 = PLANE ( 'NONE',  #1626 ) ;
#2641 = DIRECTION ( 'NONE',  ( 1.000000000000000000, -1.104435275910379400E-013, 0.0000000000000000000 ) ) ;
#2642 = DIRECTION ( 'NONE',  ( 1.000000000000000000, 0.0000000000000000000, 0.0000000000000000000 ) ) ;
#2643 = VECTOR ( 'NONE', #1450, 1000.000000000000000 ) ;
#2644 = LINE ( 'NONE', #1314, #1874 ) ;
#2645 = EDGE_CURVE ( 'NONE', #888, #46, #528, .T. ) ;
#2646 = DIRECTION ( 'NONE',  ( 0.2732148821746286400, 0.9619530280415482500, 0.0000000000000000000 ) ) ;
#2647 = FACE_OUTER_BOUND ( 'NONE', #1889, .T. ) ;
#2648 = LINE ( 'NONE', #2514, #2687 ) ;
#2649 = DIRECTION ( 'NONE',  ( -0.0000000000000000000, -0.0000000000000000000, -1.000000000000000000 ) ) ;
#2650 =( NAMED_UNIT ( * ) PLANE_ANGLE_UNIT ( ) SI_UNIT ( $, .RADIAN. ) );
#2651 = VECTOR ( 'NONE', #2439, 1000.000000000000100 ) ;
#2652 = ORIENTED_EDGE ( 'NONE', *, *, #1707, .F. ) ;
#2653 = LINE ( 'NONE', #1151, #78 ) ;
#2654 = DIRECTION ( 'NONE',  ( -0.2760118818968580500, -0.9611542233438683500, 0.0000000000000000000 ) ) ;
#2655 = MECHANICAL_DESIGN_GEOMETRIC_PRESENTATION_REPRESENTATION (  '', ( #2775 ), #2950 ) ;
#2656 = EDGE_LOOP ( 'NONE', ( #2729, #1536, #1093, #1592 ) ) ;
#2657 = DIRECTION ( 'NONE',  ( -0.0000000000000000000, -0.0000000000000000000, -1.000000000000000000 ) ) ;
#2658 = CARTESIAN_POINT ( 'NONE',  ( 5.164198302680624400, 3.447697959758514200, 2.504999999999999900 ) ) ;
#2659 = EDGE_LOOP ( 'NONE', ( #2876, #2707, #2023, #587 ) ) ;
#2660 = CARTESIAN_POINT ( 'NONE',  ( 4.038019667107946000, 3.518378073226476200, 2.500000000000000000 ) ) ;
#2661 = DIRECTION ( 'NONE',  ( 0.0000000000000000000, -1.000000000000000000, 0.0000000000000000000 ) ) ;
#2662 = ORIENTED_EDGE ( 'NONE', *, *, #1662, .F. ) ;
#2663 = EDGE_CURVE ( 'NONE', #703, #217, #2648, .T. ) ;
#2664 = ORIENTED_EDGE ( 'NONE', *, *, #1841, .F. ) ;
#2665 =( LENGTH_UNIT ( ) NAMED_UNIT ( * ) SI_UNIT ( .MILLI., .METRE. ) );
#2666 = EDGE_LOOP ( 'NONE', ( #2337, #2765, #2776, #996 ) ) ;
#2667 = EDGE_CURVE ( 'NONE', #122, #2848, #1429, .T. ) ;
#2668 = PLANE ( 'NONE',  #871 ) ;
#2669 = ADVANCED_FACE ( 'NONE', ( #40 ), #738, .F. ) ;
#2670 = ORIENTED_EDGE ( 'NONE', *, *, #3013, .T. ) ;
#2671 = LINE ( 'NONE', #1285, #1826 ) ;
#2672 = MECHANICAL_DESIGN_GEOMETRIC_PRESENTATION_REPRESENTATION (  '', ( #197 ), #890 ) ;
#2673 = PLANE ( 'NONE',  #297 ) ;
#2674 = DIRECTION ( 'NONE',  ( -0.0000000000000000000, -1.000000000000000000, -0.0000000000000000000 ) ) ;
#2675 = FACE_OUTER_BOUND ( 'NONE', #2656, .T. ) ;
#2676 = CARTESIAN_POINT ( 'NONE',  ( 4.035783327131509800, 2.796949999999975000, 2.504999999999999900 ) ) ;
#2677 = CARTESIAN_POINT ( 'NONE',  ( 0.0000000000000000000, 0.0000000000000000000, 2.500000000000000000 ) ) ;
#2678 = AXIS2_PLACEMENT_3D ( 'NONE', #2124, #711, #2354 ) ;
#2679 = DIRECTION ( 'NONE',  ( -0.0000000000000000000, -0.0000000000000000000, -1.000000000000000000 ) ) ;
#2680 = VECTOR ( 'NONE', #2832, 1000.000000000000000 ) ;
#2681 =( NAMED_UNIT ( * ) SI_UNIT ( $, .STERADIAN. ) SOLID_ANGLE_UNIT ( ) );
#2682 = CARTESIAN_POINT ( 'NONE',  ( 0.0000000000000000000, 5.999999999999998200, 0.0000000000000000000 ) ) ;
#2683 = CARTESIAN_POINT ( 'NONE',  ( 3.128054893019331000, 2.950379596853213800, 2.504999999999999900 ) ) ;
#2684 = FILL_AREA_STYLE ('',( #99 ) ) ;
#2685 = LINE ( 'NONE', #2346, #1503 ) ;
#2686 = PRESENTATION_STYLE_ASSIGNMENT (( #864 ) ) ;
#2687 = VECTOR ( 'NONE', #2021, 1000.000000000000000 ) ;
#2688 = COLOUR_RGB ( '',0.4980392156862745200, 0.4980392156862745200, 0.4980392156862745200 ) ;
#2689 = DIRECTION ( 'NONE',  ( 0.0000000000000000000, 1.000000000000000000, 0.0000000000000000000 ) ) ;
#2690 = ORIENTED_EDGE ( 'NONE', *, *, #1289, .T. ) ;
#2691 = FILL_AREA_STYLE_COLOUR ( '', #1690 ) ;
#2692 = EDGE_CURVE ( 'NONE', #568, #987, #1080, .T. ) ;
#2693 = ORIENTED_EDGE ( 'NONE', *, *, #2517, .F. ) ;
#2694 = FACE_OUTER_BOUND ( 'NONE', #684, .T. ) ;
#2695 = CARTESIAN_POINT ( 'NONE',  ( 4.785687953151047200, 2.950409022377217500, 2.504999999999999900 ) ) ;
#2696 = EDGE_LOOP ( 'NONE', ( #889, #2550, #505, #364 ) ) ;
#2697 = PLANE ( 'NONE',  #1143 ) ;
#2698 = CARTESIAN_POINT ( 'NONE',  ( 5.393874341669146600, 3.447697959756509200, 2.504999999999999900 ) ) ;
#2699 = LINE ( 'NONE', #896, #2055 ) ;
#2700 = EDGE_LOOP ( 'NONE', ( #1378, #232 ) ) ;
#2701 = ORIENTED_EDGE ( 'NONE', *, *, #1275, .T. ) ;
#2702 = VERTEX_POINT ( 'NONE', #439 ) ;
#2703 = PLANE ( 'NONE',  #909 ) ;
#2704 = AXIS2_PLACEMENT_3D ( 'NONE', #1329, #2975, #2231 ) ;
#2705 = VERTEX_POINT ( 'NONE', #1418 ) ;
#2706 = ORIENTED_EDGE ( 'NONE', *, *, #2119, .T. ) ;
#2707 = ORIENTED_EDGE ( 'NONE', *, *, #266, .F. ) ;
#2708 = EDGE_CURVE ( 'NONE', #1561, #158, #1220, .T. ) ;
#2709 = DIRECTION ( 'NONE',  ( 1.000000000000000000, 0.0000000000000000000, 0.0000000000000000000 ) ) ;
#2710 = CARTESIAN_POINT ( 'NONE',  ( 3.659203313286182500, 3.603410487004079100, 2.504999999999999900 ) ) ;
#2711 = ORIENTED_EDGE ( 'NONE', *, *, #2045, .T. ) ;
#2712 = FILL_AREA_STYLE ('',( #1965 ) ) ;
#2713 = AXIS2_PLACEMENT_3D ( 'NONE', #1706, #739, #2607 ) ;
#2714 = LINE ( 'NONE', #269, #234 ) ;
#2715 = LINE ( 'NONE', #2676, #484 ) ;
#2716 = AXIS2_PLACEMENT_3D ( 'NONE', #2951, #773, #1767 ) ;
#2717 = PLANE ( 'NONE',  #2921 ) ;
#2718 = CARTESIAN_POINT ( 'NONE',  ( 0.0000000000000000000, 6.000000000000000000, 2.500000000000000000 ) ) ;
#2719 = CARTESIAN_POINT ( 'NONE',  ( 3.084201050762434900, 3.150816471500028200, 2.504999999999999900 ) ) ;
#2720 = LINE ( 'NONE', #94, #673 ) ;
#2721 = ADVANCED_FACE ( 'NONE', ( #1468 ), #1475, .T. ) ;
#2722 = CARTESIAN_POINT ( 'NONE',  ( 4.549459830371603200, 3.449877900810487400, 2.504999999999999900 ) ) ;
#2723 = VECTOR ( 'NONE', #610, 1000.000000000000200 ) ;
#2724 = EDGE_CURVE ( 'NONE', #2889, #402, #2485, .T. ) ;
#2725 = LINE ( 'NONE', #1442, #1804 ) ;
#2726 = CARTESIAN_POINT ( 'NONE',  ( 4.035783327131509800, 2.796949999999975000, 2.504999999999999900 ) ) ;
#2727 = CARTESIAN_POINT ( 'NONE',  ( 0.2399999760000000000, 0.7500000000000000000, 2.260000023999999100 ) ) ;
#2728 = EDGE_CURVE ( 'NONE', #2863, #622, #1775, .T. ) ;
#2729 = ORIENTED_EDGE ( 'NONE', *, *, #335, .T. ) ;
#2730 = VERTEX_POINT ( 'NONE', #1097 ) ;
#2731 = FACE_OUTER_BOUND ( 'NONE', #1789, .T. ) ;
#2732 = ORIENTED_EDGE ( 'NONE', *, *, #1903, .T. ) ;
#2733 = CARTESIAN_POINT ( 'NONE',  ( 2.135986736370306900, 3.234836156756174300, 2.504999999999999900 ) ) ;
#2734 = ORIENTED_EDGE ( 'NONE', *, *, #2853, .F. ) ;
#2735 =( NAMED_UNIT ( * ) PLANE_ANGLE_UNIT ( ) SI_UNIT ( $, .RADIAN. ) );
#2736 = DIRECTION ( 'NONE',  ( 0.0000000000000000000, 0.0000000000000000000, -1.000000000000000000 ) ) ;
#2737 =( GEOMETRIC_REPRESENTATION_CONTEXT ( 3 ) GLOBAL_UNCERTAINTY_ASSIGNED_CONTEXT ( ( #191 ) ) GLOBAL_UNIT_ASSIGNED_CONTEXT ( ( #1723, #295, #2260 ) ) REPRESENTATION_CONTEXT ( 'NONE', 'WORKASPACE' ) );
#2738 = ORIENTED_EDGE ( 'NONE', *, *, #1117, .F. ) ;
#2739 = CARTESIAN_POINT ( 'NONE',  ( 2.072113727919044000, 2.796949999999975000, 2.504999999999999900 ) ) ;
#2740 = ORIENTED_EDGE ( 'NONE', *, *, #624, .T. ) ;
#2741 = DIRECTION ( 'NONE',  ( -0.0000000000000000000, -0.0000000000000000000, -1.000000000000000000 ) ) ;
#2742 = CARTESIAN_POINT ( 'NONE',  ( 3.659203313286182500, 3.603410487004079100, 2.504999999999999900 ) ) ;
#2743 = ORIENTED_EDGE ( 'NONE', *, *, #2974, .F. ) ;
#2744 = ORIENTED_EDGE ( 'NONE', *, *, #1882, .T. ) ;
#2745 = EDGE_CURVE ( 'NONE', #1548, #2705, #2644, .T. ) ;
#2746 = CARTESIAN_POINT ( 'NONE',  ( 3.126784691149073300, 3.299903351138499200, 2.504999999999999900 ) ) ;
#2747 = VECTOR ( 'NONE', #1392, 1000.000000000000000 ) ;
#2748 = CARTESIAN_POINT ( 'NONE',  ( 7.200000000000000200, 0.0000000000000000000, 0.0000000000000000000 ) ) ;
#2749 = CARTESIAN_POINT ( 'NONE',  ( 4.599999999999999600, 1.592040838891559300E-016, 0.0000000000000000000 ) ) ;
#2750 = CARTESIAN_POINT ( 'NONE',  ( 4.400055999999999300, 0.2241200000000000100, 2.260000023999999100 ) ) ;
#2751 = UNCERTAINTY_MEASURE_WITH_UNIT (LENGTH_MEASURE( 1.000000000000000100E-005 ), #22, 'distance_accuracy_value', 'NONE');
#2752 = LINE ( 'NONE', #2794, #2107 ) ;
#2753 = AXIS2_PLACEMENT_3D ( 'NONE', #3052, #1630, #12 ) ;
#2754 = VECTOR ( 'NONE', #1881, 999.9999999999998900 ) ;
#2755 = VERTEX_POINT ( 'NONE', #1541 ) ;
#2756 = DIRECTION ( 'NONE',  ( 0.0000000000000000000, 0.0000000000000000000, -1.000000000000000000 ) ) ;
#2757 = VECTOR ( 'NONE', #2553, 1000.000000000000000 ) ;
#2758 = LINE ( 'NONE', #2770, #1978 ) ;
#2759 = CARTESIAN_POINT ( 'NONE',  ( 1.773282799208156300, 3.603410487004079100, 2.504999999999999900 ) ) ;
#2760 = FACE_BOUND ( 'NONE', #2700, .T. ) ;
#2761 = ORIENTED_EDGE ( 'NONE', *, *, #335, .F. ) ;
#2762 = VECTOR ( 'NONE', #1647, 1000.000000000000200 ) ;
#2763 = EDGE_CURVE ( 'NONE', #252, #816, #1679, .T. ) ;
#2764 = SURFACE_STYLE_FILL_AREA ( #250 ) ;
#2765 = ORIENTED_EDGE ( 'NONE', *, *, #1407, .F. ) ;
#2766 = CARTESIAN_POINT ( 'NONE',  ( 3.235320743825866400, 3.603410487004079100, 2.504999999999999900 ) ) ;
#2767 = PRESENTATION_STYLE_ASSIGNMENT (( #1477 ) ) ;
#2768 = EDGE_CURVE ( 'NONE', #81, #2852, #497, .T. ) ;
#2769 = DIRECTION ( 'NONE',  ( 0.0000000000000000000, -1.000000000000000000, 0.0000000000000000000 ) ) ;
#2770 = CARTESIAN_POINT ( 'NONE',  ( 2.407467898767586200, 2.796949999999974100, 2.504999999999999900 ) ) ;
#2771 = ORIENTED_EDGE ( 'NONE', *, *, #1030, .T. ) ;
#2772 = CARTESIAN_POINT ( 'NONE',  ( 1.896347704701140800, 3.234836156756169400, 2.504999999999999900 ) ) ;
#2773 = ADVANCED_FACE ( 'NONE', ( #2958 ), #2907, .T. ) ;
#2774 = ORIENTED_EDGE ( 'NONE', *, *, #31, .T. ) ;
#2775 = STYLED_ITEM ( 'NONE', ( #597 ), #1672 ) ;
#2776 = ORIENTED_EDGE ( 'NONE', *, *, #2459, .F. ) ;
#2777 = CARTESIAN_POINT ( 'NONE',  ( 5.206830985609593100, 2.796949999999975000, 2.504999999999999900 ) ) ;
#2778 = MECHANICAL_DESIGN_GEOMETRIC_PRESENTATION_REPRESENTATION (  '', ( #395 ), #2089 ) ;
#2779 = ORIENTED_EDGE ( 'NONE', *, *, #1216, .F. ) ;
#2780 = CARTESIAN_POINT ( 'NONE',  ( 4.977100999822999600, 2.796949999999975000, 2.500000000000000000 ) ) ;
#2781 = SURFACE_SIDE_STYLE ('',( #1439 ) ) ;
#2782 = ORIENTED_EDGE ( 'NONE', *, *, #2395, .F. ) ;
#2783 = CARTESIAN_POINT ( 'NONE',  ( 1.099999999999999900, -5.000000000000000000, 0.9999999999999997800 ) ) ;
#2784 = DIRECTION ( 'NONE',  ( -0.0000000000000000000, -0.0000000000000000000, -1.000000000000000000 ) ) ;
#2785 = DIRECTION ( 'NONE',  ( 0.0000000000000000000, -1.000000000000000000, 0.0000000000000000000 ) ) ;
#2786 = CIRCLE ( 'NONE', #1977, 0.2500000000000000000 ) ;
#2787 = EDGE_CURVE ( 'NONE', #1919, #2937, #2720, .T. ) ;
#2788 = CARTESIAN_POINT ( 'NONE',  ( 0.2399999760000000000, 0.0000000000000000000, 2.260000023999999100 ) ) ;
#2789 = VECTOR ( 'NONE', #1719, 1000.000000000000000 ) ;
#2790 = CARTESIAN_POINT ( 'NONE',  ( 3.442179738876450600, 2.796949999999975000, 2.504999999999999900 ) ) ;
#2791 = DIRECTION ( 'NONE',  ( -0.7462074576397439400, -0.6657134745240099700, 0.0000000000000000000 ) ) ;
#2792 =( NAMED_UNIT ( * ) SI_UNIT ( $, .STERADIAN. ) SOLID_ANGLE_UNIT ( ) );
#2793 =( GEOMETRIC_REPRESENTATION_CONTEXT ( 3 ) GLOBAL_UNCERTAINTY_ASSIGNED_CONTEXT ( ( #2094 ) ) GLOBAL_UNIT_ASSIGNED_CONTEXT ( ( #2991, #649, #2541 ) ) REPRESENTATION_CONTEXT ( 'NONE', 'WORKASPACE' ) );
#2794 = CARTESIAN_POINT ( 'NONE',  ( 6.960000023999999300, 0.7500000000000000000, 0.2399999759999998600 ) ) ;
#2795 = CARTESIAN_POINT ( 'NONE',  ( 3.128054893019331000, 2.950379596853213800, 2.500000000000000000 ) ) ;
#2796 = LINE ( 'NONE', #2522, #1426 ) ;
#2797 = STYLED_ITEM ( 'NONE', ( #643 ), #2582 ) ;
#2798 = LINE ( 'NONE', #321, #1323 ) ;
#2799 = COLOUR_RGB ( '',0.4980392156862745200, 0.4980392156862745200, 0.4980392156862745200 ) ;
#2800 = CARTESIAN_POINT ( 'NONE',  ( 0.0000000000000000000, 0.0000000000000000000, 0.0000000000000000000 ) ) ;
#2801 = VECTOR ( 'NONE', #1607, 1000.000000000000000 ) ;
#2802 = LINE ( 'NONE', #498, #2051 ) ;
#2803 = DIRECTION ( 'NONE',  ( -0.0000000000000000000, -0.0000000000000000000, -1.000000000000000000 ) ) ;
#2804 = LINE ( 'NONE', #2241, #2651 ) ;
#2805 = CARTESIAN_POINT ( 'NONE',  ( 2.680997780657855300, 2.950379596853213800, 2.500000000000000000 ) ) ;
#2806 = ADVANCED_FACE ( 'NONE', ( #2146 ), #936, .T. ) ;
#2807 = VERTEX_POINT ( 'NONE', #486 ) ;
#2808 = SURFACE_STYLE_USAGE ( .BOTH. , #2309 ) ;
#2809 = ORIENTED_EDGE ( 'NONE', *, *, #348, .F. ) ;
#2810 = DIRECTION ( 'NONE',  ( 0.2746918797667269900, 0.9615323037684286900, 0.0000000000000000000 ) ) ;
#2811 = EDGE_CURVE ( 'NONE', #550, #640, #2881, .T. ) ;
#2812 = ORIENTED_EDGE ( 'NONE', *, *, #457, .F. ) ;
#2813 = CARTESIAN_POINT ( 'NONE',  ( 6.960000023999999300, 0.0000000000000000000, 2.260000023999999600 ) ) ;
#2814 = DIRECTION ( 'NONE',  ( 1.000000000000000000, 1.693947318196328000E-016, 0.0000000000000000000 ) ) ;
#2815 =( NAMED_UNIT ( * ) PLANE_ANGLE_UNIT ( ) SI_UNIT ( $, .RADIAN. ) );
#2816 =( NAMED_UNIT ( * ) SI_UNIT ( $, .STERADIAN. ) SOLID_ANGLE_UNIT ( ) );
#2817 = ORIENTED_EDGE ( 'NONE', *, *, #1570, .T. ) ;
#2818 = PRESENTATION_LAYER_ASSIGNMENT (  '', '', ( #2226 ) ) ;
#2819 = ORIENTED_EDGE ( 'NONE', *, *, #674, .F. ) ;
#2820 =( NAMED_UNIT ( * ) PLANE_ANGLE_UNIT ( ) SI_UNIT ( $, .RADIAN. ) );
#2821 = SURFACE_SIDE_STYLE ('',( #766 ) ) ;
#2822 = AXIS2_PLACEMENT_3D ( 'NONE', #564, #2192, #1053 ) ;
#2823 = ORIENTED_EDGE ( 'NONE', *, *, #1310, .F. ) ;
#2824 =( LENGTH_UNIT ( ) NAMED_UNIT ( * ) SI_UNIT ( .MILLI., .METRE. ) );
#2825 = CLOSED_SHELL ( 'NONE', ( #2313, #1200, #2022, #3024, #1413, #1325, #2352, #3009, #2826, #244, #943, #2582, #566, #28, #1672, #2000, #1556, #2669, #1414, #116, #82, #621, #2091, #2806, #2130, #747, #2721, #2160 ) ) ;
#2826 = ADVANCED_FACE ( 'NONE', ( #1081 ), #2911, .F. ) ;
#2827 = ORIENTED_EDGE ( 'NONE', *, *, #2667, .F. ) ;
#2828 = VECTOR ( 'NONE', #1560, 1000.000000000000000 ) ;
#2829 = DIRECTION ( 'NONE',  ( -0.05375259206908576700, -0.9985542843760946100, 0.0000000000000000000 ) ) ;
#2830 = EDGE_CURVE ( 'NONE', #2705, #568, #1113, .T. ) ;
#2831 = ADVANCED_FACE ( 'NONE', ( #2409 ), #854, .F. ) ;
#2832 = DIRECTION ( 'NONE',  ( 1.000000000000000000, 0.0000000000000000000, 0.0000000000000000000 ) ) ;
#2833 = LINE ( 'NONE', #2184, #2680 ) ;
#2834 = ORIENTED_EDGE ( 'NONE', *, *, #1563, .T. ) ;
#2835 = FILL_AREA_STYLE ('',( #2598 ) ) ;
#2836 = EDGE_CURVE ( 'NONE', #1817, #612, #1656, .T. ) ;
#2837 = DIRECTION ( 'NONE',  ( -1.000000000000000000, 0.0000000000000000000, 0.0000000000000000000 ) ) ;
#2838 = VECTOR ( 'NONE', #1921, 1000.000000000000100 ) ;
#2839 = PRESENTATION_STYLE_ASSIGNMENT (( #2904 ) ) ;
#2840 =( LENGTH_UNIT ( ) NAMED_UNIT ( * ) SI_UNIT ( .MILLI., .METRE. ) );
#2841 = CARTESIAN_POINT ( 'NONE',  ( 2.680997780657855300, 2.950379596853213800, 2.504999999999999900 ) ) ;
#2842 = AXIS2_PLACEMENT_3D ( 'NONE', #3055, #1420, #1655 ) ;
#2843 = COLOUR_RGB ( '',0.4980392156862745200, 0.4980392156862745200, 0.4980392156862745200 ) ;
#2844 = COLOUR_RGB ( '',0.4980392156862745200, 0.4980392156862745200, 0.4980392156862745200 ) ;
#2845 = VECTOR ( 'NONE', #351, 1000.000000000000200 ) ;
#2846 = FILL_AREA_STYLE ('',( #2284 ) ) ;
#2847 = PLANE ( 'NONE',  #897 ) ;
#2848 = VERTEX_POINT ( 'NONE', #1134 ) ;
#2849 = DIRECTION ( 'NONE',  ( -0.0000000000000000000, -0.0000000000000000000, -1.000000000000000000 ) ) ;
#2850 = FACE_OUTER_BOUND ( 'NONE', #2340, .T. ) ;
#2851 = ORIENTED_EDGE ( 'NONE', *, *, #1797, .T. ) ;
#2852 = VERTEX_POINT ( 'NONE', #2733 ) ;
#2853 = EDGE_CURVE ( 'NONE', #1023, #663, #1046, .T. ) ;
#2854 = DIRECTION ( 'NONE',  ( -0.0000000000000000000, -0.0000000000000000000, -1.000000000000000000 ) ) ;
#2855 = ORIENTED_EDGE ( 'NONE', *, *, #2600, .F. ) ;
#2856 = ADVANCED_FACE ( 'NONE', ( #41 ), #2286, .F. ) ;
#2857 = ORIENTED_EDGE ( 'NONE', *, *, #2222, .F. ) ;
#2858 = EDGE_CURVE ( 'NONE', #2065, #2059, #717, .T. ) ;
#2859 = EDGE_LOOP ( 'NONE', ( #848, #2817, #1588, #92 ) ) ;
#2860 = DIRECTION ( 'NONE',  ( 0.2762517575166416100, 0.9610853065513834700, 0.0000000000000000000 ) ) ;
#2861 = VERTEX_POINT ( 'NONE', #2441 ) ;
#2862 = AXIS2_PLACEMENT_3D ( 'NONE', #2890, #2878, #2860 ) ;
#2863 = VERTEX_POINT ( 'NONE', #516 ) ;
#2864 = PLANE ( 'NONE',  #726 ) ;
#2865 = STYLED_ITEM ( 'NONE', ( #2378 ), #2091 ) ;
#2866 = EDGE_LOOP ( 'NONE', ( #2287, #2976, #2508, #2690 ) ) ;
#2867 =( LENGTH_UNIT ( ) NAMED_UNIT ( * ) SI_UNIT ( .MILLI., .METRE. ) );
#2868 = CARTESIAN_POINT ( 'NONE',  ( 0.5000000000000000000, 6.500000000000000000, 2.000000000000000000 ) ) ;
#2869 = VECTOR ( 'NONE', #764, 1000.000000000000000 ) ;
#2870 = SURFACE_STYLE_USAGE ( .BOTH. , #2621 ) ;
#2871 = EDGE_CURVE ( 'NONE', #1264, #743, #2568, .T. ) ;
#2872 = DIRECTION ( 'NONE',  ( 0.0000000000000000000, 0.0000000000000000000, -1.000000000000000000 ) ) ;
#2873 = LINE ( 'NONE', #1443, #2978 ) ;
#2874 = DIRECTION ( 'NONE',  ( 0.2759782365590697200, 0.9611638845408965200, 0.0000000000000000000 ) ) ;
#2875 = DIRECTION ( 'NONE',  ( 0.9999960426590096500, -0.002813301676021315100, 0.0000000000000000000 ) ) ;
#2876 = ORIENTED_EDGE ( 'NONE', *, *, #1251, .T. ) ;
#2877 = COLOUR_RGB ( '',0.8980392156862745400, 0.9215686274509803400, 0.9294117647058823800 ) ;
#2878 = DIRECTION ( 'NONE',  ( 0.9610853065513834700, -0.2762517575166416100, 0.0000000000000000000 ) ) ;
#2879 = ORIENTED_EDGE ( 'NONE', *, *, #1933, .F. ) ;
#2880 = LINE ( 'NONE', #341, #2332 ) ;
#2881 = LINE ( 'NONE', #2749, #2234 ) ;
#2882 = DIRECTION ( 'NONE',  ( 0.0000000000000000000, 0.0000000000000000000, -1.000000000000000000 ) ) ;
#2883 = DIRECTION ( 'NONE',  ( -0.3829140317376763000, 0.9237839814038765200, 0.0000000000000000000 ) ) ;
#2884 =( GEOMETRIC_REPRESENTATION_CONTEXT ( 3 ) GLOBAL_UNCERTAINTY_ASSIGNED_CONTEXT ( ( #1890 ) ) GLOBAL_UNIT_ASSIGNED_CONTEXT ( ( #343, #572, #2224 ) ) REPRESENTATION_CONTEXT ( 'NONE', 'WORKASPACE' ) );
#2885 = VECTOR ( 'NONE', #2929, 1000.000000000000000 ) ;
#2886 = CARTESIAN_POINT ( 'NONE',  ( 4.851900290920089500, 3.299876377738383500, 2.500000000000000000 ) ) ;
#2887 = ORIENTED_EDGE ( 'NONE', *, *, #1101, .T. ) ;
#2888 = DIRECTION ( 'NONE',  ( 0.0000000000000000000, 0.0000000000000000000, -1.000000000000000000 ) ) ;
#2889 = VERTEX_POINT ( 'NONE', #1635 ) ;
#2890 = CARTESIAN_POINT ( 'NONE',  ( 3.315760323418800700, 3.603410487004079100, 2.504999999999999900 ) ) ;
#2891 = VERTEX_POINT ( 'NONE', #1866 ) ;
#2892 = DIRECTION ( 'NONE',  ( -0.9612861490927312500, 0.2755520632520602800, 0.0000000000000000000 ) ) ;
#2893 = EDGE_CURVE ( 'NONE', #1548, #2861, #1737, .T. ) ;
#2894 = ORIENTED_EDGE ( 'NONE', *, *, #1510, .T. ) ;
#2895 = DIRECTION ( 'NONE',  ( 0.6657134745240100800, -0.7462074576397440500, -0.0000000000000000000 ) ) ;
#2896 = SURFACE_SIDE_STYLE ('',( #2274 ) ) ;
#2897 =( NAMED_UNIT ( * ) PLANE_ANGLE_UNIT ( ) SI_UNIT ( $, .RADIAN. ) );
#2898 = VERTEX_POINT ( 'NONE', #1169 ) ;
#2899 = UNCERTAINTY_MEASURE_WITH_UNIT (LENGTH_MEASURE( 1.000000000000000100E-005 ), #964, 'distance_accuracy_value', 'NONE');
#2900 = EDGE_CURVE ( 'NONE', #511, #1436, #1256, .T. ) ;
#2901 = PLANE ( 'NONE',  #373 ) ;
#2902 = CARTESIAN_POINT ( 'NONE',  ( 4.406064337887780600, 2.950409022377217500, 2.504999999999999900 ) ) ;
#2903 = ORIENTED_EDGE ( 'NONE', *, *, #2008, .T. ) ;
#2904 = SURFACE_STYLE_USAGE ( .BOTH. , #817 ) ;
#2905 = ORIENTED_EDGE ( 'NONE', *, *, #65, .T. ) ;
#2906 = DIRECTION ( 'NONE',  ( 0.0000000000000000000, 0.0000000000000000000, 1.000000000000000000 ) ) ;
#2907 = PLANE ( 'NONE',  #2188 ) ;
#2908 = ORIENTED_EDGE ( 'NONE', *, *, #1007, .F. ) ;
#2909 = LINE ( 'NONE', #1822, #1149 ) ;
#2910 = STYLED_ITEM ( 'NONE', ( #840 ), #2806 ) ;
#2911 = PLANE ( 'NONE',  #1417 ) ;
#2912 = CARTESIAN_POINT ( 'NONE',  ( 3.600000000000000100, 0.2241200000000001500, 0.0000000000000000000 ) ) ;
#2913 = FACE_OUTER_BOUND ( 'NONE', #2353, .T. ) ;
#2914 = DIRECTION ( 'NONE',  ( -1.000000000000000000, 0.0000000000000000000, 0.0000000000000000000 ) ) ;
#2915 = DIRECTION ( 'NONE',  ( -0.9617234872620597000, 0.2740217765954066600, 0.0000000000000000000 ) ) ;
#2916 = EDGE_CURVE ( 'NONE', #1130, #1834, #609, .T. ) ;
#2917 = LINE ( 'NONE', #1843, #2261 ) ;
#2918 = VECTOR ( 'NONE', #2646, 1000.000000000000100 ) ;
#2919 =( NAMED_UNIT ( * ) PLANE_ANGLE_UNIT ( ) SI_UNIT ( $, .RADIAN. ) );
#2920 = LINE ( 'NONE', #1649, #531 ) ;
#2921 = AXIS2_PLACEMENT_3D ( 'NONE', #2256, #2965, #821 ) ;
#2922 = DIRECTION ( 'NONE',  ( 0.2793947940814923100, 0.9601763114346033600, 0.0000000000000000000 ) ) ;
#2923 = VECTOR ( 'NONE', #1112, 1000.000000000000000 ) ;
#2924 = DIRECTION ( 'NONE',  ( 0.2762033010252004700, 0.9610992334315861000, 0.0000000000000000000 ) ) ;
#2925 = DIRECTION ( 'NONE',  ( -0.9610992334304892000, 0.2762033010290176300, 0.0000000000000000000 ) ) ;
#2926 = ORIENTED_EDGE ( 'NONE', *, *, #2496, .F. ) ;
#2927 = ADVANCED_FACE ( 'NONE', ( #2448 ), #2075, .F. ) ;
#2928 = LINE ( 'NONE', #2710, #2271 ) ;
#2929 = DIRECTION ( 'NONE',  ( 1.000000000000000000, 0.0000000000000000000, 0.0000000000000000000 ) ) ;
#2930 = STYLED_ITEM ( 'NONE', ( #805 ), #2313 ) ;
#2931 =( NAMED_UNIT ( * ) SI_UNIT ( $, .STERADIAN. ) SOLID_ANGLE_UNIT ( ) );
#2932 = ORIENTED_EDGE ( 'NONE', *, *, #1234, .T. ) ;
#2933 = ORIENTED_EDGE ( 'NONE', *, *, #2295, .T. ) ;
#2934 = VERTEX_POINT ( 'NONE', #563 ) ;
#2935 = PLANE ( 'NONE',  #606 ) ;
#2936 = ADVANCED_FACE ( 'NONE', ( #2263 ), #1985, .F. ) ;
#2937 = VERTEX_POINT ( 'NONE', #2186 ) ;
#2938 = PRODUCT_DEFINITION_CONTEXT ( 'detailed design', #2429, 'design' ) ;
#2939 = EDGE_CURVE ( 'NONE', #2730, #210, #2920, .T. ) ;
#2940 = VERTEX_POINT ( 'NONE', #1195 ) ;
#2941 = MANIFOLD_SOLID_BREP ( 'Body-Move/Copy1[1]', #2092 ) ;
#2942 = CARTESIAN_POINT ( 'NONE',  ( 6.099999999999999600, -5.000000000000000000, 0.9999999999999997800 ) ) ;
#2943 = DIRECTION ( 'NONE',  ( -0.6657134745240099700, -0.7462074576397439400, 0.0000000000000000000 ) ) ;
#2944 = DIRECTION ( 'NONE',  ( -0.6657134745240099700, 0.7462074576397439400, 0.0000000000000000000 ) ) ;
#2945 = EDGE_LOOP ( 'NONE', ( #1302, #2962, #1489, #2972 ) ) ;
#2946 = DIRECTION ( 'NONE',  ( 0.0000000000000000000, -0.0000000000000000000, 1.000000000000000000 ) ) ;
#2947 = EDGE_CURVE ( 'NONE', #2397, #619, #679, .T. ) ;
#2948 = ORIENTED_EDGE ( 'NONE', *, *, #193, .T. ) ;
#2949 = LINE ( 'NONE', #1987, #944 ) ;
#2950 =( GEOMETRIC_REPRESENTATION_CONTEXT ( 3 ) GLOBAL_UNCERTAINTY_ASSIGNED_CONTEXT ( ( #782 ) ) GLOBAL_UNIT_ASSIGNED_CONTEXT ( ( #790, #2919, #529 ) ) REPRESENTATION_CONTEXT ( 'NONE', 'WORKASPACE' ) );
#2951 = CARTESIAN_POINT ( 'NONE',  ( 1.099999999999999900, -5.000000000000000000, 1.249999999999999800 ) ) ;
#2952 = LINE ( 'NONE', #2638, #2838 ) ;
#2953 = COLOUR_RGB ( '',0.4980392156862745200, 0.4980392156862745200, 0.4980392156862745200 ) ;
#2954 = CIRCLE ( 'NONE', #1075, 0.2500000000000000000 ) ;
#2955 = CARTESIAN_POINT ( 'NONE',  ( 6.099999999999999600, -5.000000000000000000, 1.249999999999999800 ) ) ;
#2956 = EDGE_CURVE ( 'NONE', #1309, #987, #1771, .T. ) ;
#2957 = VECTOR ( 'NONE', #2030, 1000.000000000000200 ) ;
#2958 = FACE_OUTER_BOUND ( 'NONE', #374, .T. ) ;
#2959 = VECTOR ( 'NONE', #3057, 999.9999999999998900 ) ;
#2960 = AXIS2_PLACEMENT_3D ( 'NONE', #3033, #469, #1399 ) ;
#2961 = VERTEX_POINT ( 'NONE', #1783 ) ;
#2962 = ORIENTED_EDGE ( 'NONE', *, *, #807, .T. ) ;
#2963 = VECTOR ( 'NONE', #1206, 1000.000000000000100 ) ;
#2964 = EDGE_LOOP ( 'NONE', ( #694, #1094, #1852, #2857 ) ) ;
#2965 = DIRECTION ( 'NONE',  ( 0.0000000000000000000, -1.000000000000000000, 0.0000000000000000000 ) ) ;
#2966 = PRESENTATION_LAYER_ASSIGNMENT (  '', '', ( #2528 ) ) ;
#2967 = DIRECTION ( 'NONE',  ( -1.000000000000000000, 0.0000000000000000000, 0.0000000000000000000 ) ) ;
#2968 = CARTESIAN_POINT ( 'NONE',  ( 3.128054893019331000, 2.950379596853213800, 2.500000000000000000 ) ) ;
#2969 = ORIENTED_EDGE ( 'NONE', *, *, #1502, .T. ) ;
#2970 = CARTESIAN_POINT ( 'NONE',  ( 2.600000000000000500, 1.592040838891559300E-016, 0.0000000000000000000 ) ) ;
#2971 = CARTESIAN_POINT ( 'NONE',  ( 3.830849251259674600, 2.796949999999975000, 2.504999999999999900 ) ) ;
#2972 = ORIENTED_EDGE ( 'NONE', *, *, #905, .F. ) ;
#2973 = EDGE_LOOP ( 'NONE', ( #2237, #1964, #2238, #2001 ) ) ;
#2974 = EDGE_CURVE ( 'NONE', #568, #555, #242, .T. ) ;
#2975 = DIRECTION ( 'NONE',  ( 0.0000000000000000000, 1.000000000000000000, 0.0000000000000000000 ) ) ;
#2976 = ORIENTED_EDGE ( 'NONE', *, *, #330, .F. ) ;
#2977 = AXIS2_PLACEMENT_3D ( 'NONE', #1877, #1205, #2010 ) ;
#2978 = VECTOR ( 'NONE', #686, 1000.000000000000000 ) ;
#2979 = CARTESIAN_POINT ( 'NONE',  ( 0.0000000000000000000, 0.7500000000000000000, 0.0000000000000000000 ) ) ;
#2980 = SURFACE_STYLE_FILL_AREA ( #1529 ) ;
#2981 = AXIS2_PLACEMENT_3D ( 'NONE', #1062, #1739, #1263 ) ;
#2982 = CARTESIAN_POINT ( 'NONE',  ( 4.035783327131509800, 2.796949999999975000, 2.504999999999999900 ) ) ;
#2983 = DIRECTION ( 'NONE',  ( -0.0000000000000000000, -0.0000000000000000000, 1.000000000000000000 ) ) ;
#2984 = LINE ( 'NONE', #1839, #3058 ) ;
#2985 = UNCERTAINTY_MEASURE_WITH_UNIT (LENGTH_MEASURE( 1.000000000000000100E-005 ), #823, 'distance_accuracy_value', 'NONE');
#2986 = DIRECTION ( 'NONE',  ( 0.0000000000000000000, -1.000000000000000000, 0.0000000000000000000 ) ) ;
#2987 = LINE ( 'NONE', #93, #1773 ) ;
#2988 = ORIENTED_EDGE ( 'NONE', *, *, #2939, .T. ) ;
#2989 = EDGE_CURVE ( 'NONE', #1294, #1278, #758, .T. ) ;
#2990 = VECTOR ( 'NONE', #2546, 1000.000000000000000 ) ;
#2991 =( LENGTH_UNIT ( ) NAMED_UNIT ( * ) SI_UNIT ( .MILLI., .METRE. ) );
#2992 = CARTESIAN_POINT ( 'NONE',  ( 5.164198302680624400, 3.447697959758514200, 2.504999999999999900 ) ) ;
#2993 = EDGE_CURVE ( 'NONE', #226, #2593, #874, .T. ) ;
#2994 = ORIENTED_EDGE ( 'NONE', *, *, #946, .T. ) ;
#2995 =( NAMED_UNIT ( * ) SI_UNIT ( $, .STERADIAN. ) SOLID_ANGLE_UNIT ( ) );
#2996 = LINE ( 'NONE', #2525, #685 ) ;
#2997 = DIRECTION ( 'NONE',  ( -0.2762517575166416100, -0.9610853065513833600, 0.0000000000000000000 ) ) ;
#2998 = VECTOR ( 'NONE', #1102, 1000.000000000000100 ) ;
#2999 = PLANE ( 'NONE',  #2704 ) ;
#3000 = ADVANCED_FACE ( 'NONE', ( #2049 ), #1104, .F. ) ;
#3001 = ORIENTED_EDGE ( 'NONE', *, *, #2348, .T. ) ;
#3002 = VERTEX_POINT ( 'NONE', #2464 ) ;
#3003 = VERTEX_POINT ( 'NONE', #2312 ) ;
#3004 = DIRECTION ( 'NONE',  ( 0.0000000000000000000, 1.000000000000000000, 0.0000000000000000000 ) ) ;
#3005 =( NAMED_UNIT ( * ) SI_UNIT ( $, .STERADIAN. ) SOLID_ANGLE_UNIT ( ) );
#3006 =( GEOMETRIC_REPRESENTATION_CONTEXT ( 3 ) GLOBAL_UNCERTAINTY_ASSIGNED_CONTEXT ( ( #1917 ) ) GLOBAL_UNIT_ASSIGNED_CONTEXT ( ( #2108, #2815, #2681 ) ) REPRESENTATION_CONTEXT ( 'NONE', 'WORKASPACE' ) );
#3007 = ORIENTED_EDGE ( 'NONE', *, *, #1642, .T. ) ;
#3008 = ORIENTED_EDGE ( 'NONE', *, *, #104, .T. ) ;
#3009 = ADVANCED_FACE ( 'NONE', ( #569, #2365, #2760 ), #13, .T. ) ;
#3010 = ORIENTED_EDGE ( 'NONE', *, *, #1954, .F. ) ;
#3011 = DIRECTION ( 'NONE',  ( 0.2732148821746286400, 0.9619530280415482500, 0.0000000000000000000 ) ) ;
#3012 = ORIENTED_EDGE ( 'NONE', *, *, #2079, .F. ) ;
#3013 = EDGE_CURVE ( 'NONE', #1455, #1119, #1043, .T. ) ;
#3014 = DIRECTION ( 'NONE',  ( -0.9999891854650021500, 0.004650693823678667000, 0.0000000000000000000 ) ) ;
#3015 = LINE ( 'NONE', #644, #704 ) ;
#3016 = ORIENTED_EDGE ( 'NONE', *, *, #2043, .F. ) ;
#3017 = DIRECTION ( 'NONE',  ( 1.000000000000000000, -0.0000000000000000000, -0.0000000000000000000 ) ) ;
#3018 = AXIS2_PLACEMENT_3D ( 'NONE', #895, #2785, #1380 ) ;
#3019 = CARTESIAN_POINT ( 'NONE',  ( 1.099999999999999900, -5.000000000000000000, 1.249999999999999800 ) ) ;
#3020 = LINE ( 'NONE', #2534, #756 ) ;
#3021 = CARTESIAN_POINT ( 'NONE',  ( 7.200000000000000200, 6.000000000000000000, 2.500000000000000000 ) ) ;
#3022 = CARTESIAN_POINT ( 'NONE',  ( 1.773282799208156300, 3.603410487004079100, 2.504999999999999900 ) ) ;
#3023 = CARTESIAN_POINT ( 'NONE',  ( 5.206830985609593100, 2.796949999999975000, 2.500000000000000000 ) ) ;
#3024 = ADVANCED_FACE ( 'NONE', ( #604 ), #551, .F. ) ;
#3025 = CIRCLE ( 'NONE', #1449, 0.2500000000000000000 ) ;
#3026 = CARTESIAN_POINT ( 'NONE',  ( 0.0000000000000000000, 5.999999999999998200, 0.0000000000000000000 ) ) ;
#3027 = PRESENTATION_STYLE_ASSIGNMENT (( #221 ) ) ;
#3028 = FILL_AREA_STYLE ('',( #2311 ) ) ;
#3029 = LINE ( 'NONE', #1170, #2762 ) ;
#3030 = EDGE_CURVE ( 'NONE', #2415, #1294, #1652, .T. ) ;
#3031 = LINE ( 'NONE', #1815, #1702 ) ;
#3032 = VERTEX_POINT ( 'NONE', #2942 ) ;
#3033 = CARTESIAN_POINT ( 'NONE',  ( 4.599999999999999600, 1.592040838891559300E-016, 0.0000000000000000000 ) ) ;
#3034 = ORIENTED_EDGE ( 'NONE', *, *, #2333, .T. ) ;
#3035 = SURFACE_STYLE_FILL_AREA ( #281 ) ;
#3036 = STYLED_ITEM ( 'NONE', ( #2270 ), #82 ) ;
#3037 = ORIENTED_EDGE ( 'NONE', *, *, #2364, .F. ) ;
#3038 = SURFACE_STYLE_USAGE ( .BOTH. , #3048 ) ;
#3039 = CARTESIAN_POINT ( 'NONE',  ( 4.406064337887780600, 2.950409022377217500, 2.504999999999999900 ) ) ;
#3040 = EDGE_LOOP ( 'NONE', ( #2706, #690, #1406, #1416 ) ) ;
#3041 = DIRECTION ( 'NONE',  ( -0.7059037656364501900, -0.7083077534943971200, -0.0000000000000000000 ) ) ;
#3042 = AXIS2_PLACEMENT_3D ( 'NONE', #786, #2915, #2422 ) ;
#3043 = ORIENTED_EDGE ( 'NONE', *, *, #1862, .T. ) ;
#3044 = ORIENTED_EDGE ( 'NONE', *, *, #385, .F. ) ;
#3045 = FILL_AREA_STYLE ('',( #729 ) ) ;
#3046 = CARTESIAN_POINT ( 'NONE',  ( 2.824290283803902600, 3.449904874210175000, 2.504999999999999900 ) ) ;
#3047 = ORIENTED_EDGE ( 'NONE', *, *, #2853, .T. ) ;
#3048 = SURFACE_SIDE_STYLE ('',( #1661 ) ) ;
#3049 =( LENGTH_UNIT ( ) NAMED_UNIT ( * ) SI_UNIT ( .MILLI., .METRE. ) );
#3050 = ORIENTED_EDGE ( 'NONE', *, *, #2989, .T. ) ;
#3051 = CARTESIAN_POINT ( 'NONE',  ( 4.406064337887780600, 2.950409022377217500, 2.500000000000000000 ) ) ;
#3052 = CARTESIAN_POINT ( 'NONE',  ( 6.099999999999999600, -5.000000000000000000, 1.249999999999999800 ) ) ;
#3053 = VECTOR ( 'NONE', #614, 1000.000000000000200 ) ;
#3054 = EDGE_CURVE ( 'NONE', #2702, #89, #69, .T. ) ;
#3055 = CARTESIAN_POINT ( 'NONE',  ( 0.0000000000000000000, 6.000000000000000000, 2.000000000000000000 ) ) ;
#3056 = LINE ( 'NONE', #2393, #2789 ) ;
#3057 = DIRECTION ( 'NONE',  ( 0.9999960426590096500, -0.002813301676021315100, 0.0000000000000000000 ) ) ;
#3058 = VECTOR ( 'NONE', #1643, 1000.000000000000000 ) ;
#3059 = SURFACE_STYLE_USAGE ( .BOTH. , #2321 ) ;
#3060 = LINE ( 'NONE', #2559, #869 ) ;
ENDSEC;
END-ISO-10303-21;
