ISO-10303-21;
HEADER;
FILE_DESCRIPTION(('FreeCAD Model'),'2;1');
FILE_NAME('Open CASCADE Shape Model','2026-08-01T14:58:33',(''),(''),
  'Open CASCADE STEP processor 7.8','FreeCAD','Unknown');
FILE_SCHEMA(('AUTOMOTIVE_DESIGN { 1 0 10303 214 1 1 1 1 }'));
ENDSEC;
DATA;
#1 = APPLICATION_PROTOCOL_DEFINITION('international standard',
  'automotive_design',2000,#2);
#2 = APPLICATION_CONTEXT(
  'core data for automotive mechanical design processes');
#3 = SHAPE_DEFINITION_REPRESENTATION(#4,#10);
#4 = PRODUCT_DEFINITION_SHAPE('','',#5);
#5 = PRODUCT_DEFINITION('design','',#6,#9);
#6 = PRODUCT_DEFINITION_FORMATION('','',#7);
#7 = PRODUCT('ECQE2104KB','ECQE2104KB','',(#8));
#8 = PRODUCT_CONTEXT('',#2,'mechanical');
#9 = PRODUCT_DEFINITION_CONTEXT('part definition',#2,'design');
#10 = SHAPE_REPRESENTATION('',(#11,#15,#19),#23);
#11 = AXIS2_PLACEMENT_3D('',#12,#13,#14);
#12 = CARTESIAN_POINT('',(0.,0.,0.));
#13 = DIRECTION('',(0.,0.,1.));
#14 = DIRECTION('',(1.,0.,-0.));
#15 = AXIS2_PLACEMENT_3D('',#16,#17,#18);
#16 = CARTESIAN_POINT('',(0.,0.,0.));
#17 = DIRECTION('',(0.,0.,1.));
#18 = DIRECTION('',(1.,0.,0.));
#19 = AXIS2_PLACEMENT_3D('',#20,#21,#22);
#20 = CARTESIAN_POINT('',(0.,0.,0.));
#21 = DIRECTION('',(0.,0.,1.));
#22 = DIRECTION('',(1.,0.,0.));
#23 = ( GEOMETRIC_REPRESENTATION_CONTEXT(3) 
GLOBAL_UNCERTAINTY_ASSIGNED_CONTEXT((#27)) GLOBAL_UNIT_ASSIGNED_CONTEXT(
(#24,#25,#26)) REPRESENTATION_CONTEXT('Context #1',
  '3D Context with UNIT and UNCERTAINTY') );
#24 = ( LENGTH_UNIT() NAMED_UNIT(*) SI_UNIT(.MILLI.,.METRE.) );
#25 = ( NAMED_UNIT(*) PLANE_ANGLE_UNIT() SI_UNIT($,.RADIAN.) );
#26 = ( NAMED_UNIT(*) SI_UNIT($,.STERADIAN.) SOLID_ANGLE_UNIT() );
#27 = UNCERTAINTY_MEASURE_WITH_UNIT(LENGTH_MEASURE(1.E-07),#24,
  'distance_accuracy_value','confusion accuracy');
#28 = PRODUCT_RELATED_PRODUCT_CATEGORY('part',$,(#7));
#29 = SHAPE_DEFINITION_REPRESENTATION(#30,#36);
#30 = PRODUCT_DEFINITION_SHAPE('','',#31);
#31 = PRODUCT_DEFINITION('design','',#32,#35);
#32 = PRODUCT_DEFINITION_FORMATION('','',#33);
#33 = PRODUCT('Body','Body','',(#34));
#34 = PRODUCT_CONTEXT('',#2,'mechanical');
#35 = PRODUCT_DEFINITION_CONTEXT('part definition',#2,'design');
#36 = ADVANCED_BREP_SHAPE_REPRESENTATION('',(#11,#37),#1314);
#37 = MANIFOLD_SOLID_BREP('',#38);
#38 = CLOSED_SHELL('',(#39,#227,#351,#375,#438,#554,#578,#633,#688,#858,
    #875,#899,#1008,#1199,#1245,#1284,#1301));
#39 = ADVANCED_FACE('',(#40),#222,.T.);
#40 = FACE_BOUND('',#41,.T.);
#41 = EDGE_LOOP('',(#42,#53,#126,#134,#207,#216));
#42 = ORIENTED_EDGE('',*,*,#43,.F.);
#43 = EDGE_CURVE('',#44,#46,#48,.T.);
#44 = VERTEX_POINT('',#45);
#45 = CARTESIAN_POINT('',(-1.098528137424,-2.598528137424,
    2.954637505774E-03));
#46 = VERTEX_POINT('',#47);
#47 = CARTESIAN_POINT('',(-1.05,-2.55,-1.387778780781E-17));
#48 = ELLIPSE('',#49,0.565685424949,0.4);
#49 = AXIS2_PLACEMENT_3D('',#50,#51,#52);
#50 = CARTESIAN_POINT('',(-1.05,-2.55,0.4));
#51 = DIRECTION('',(0.707106781187,-0.707106781187,0.));
#52 = DIRECTION('',(-0.707106781187,-0.707106781187,0.));
#53 = ORIENTED_EDGE('',*,*,#54,.F.);
#54 = EDGE_CURVE('',#55,#44,#57,.T.);
#55 = VERTEX_POINT('',#56);
#56 = CARTESIAN_POINT('',(-1.45,-1.75,0.4));
#57 = B_SPLINE_CURVE_WITH_KNOTS('',7,(#58,#59,#60,#61,#62,#63,#64,#65,
    #66,#67,#68,#69,#70,#71,#72,#73,#74,#75,#76,#77,#78,#79,#80,#81,#82,
    #83,#84,#85,#86,#87,#88,#89,#90,#91,#92,#93,#94,#95,#96,#97,#98,#99,
    #100,#101,#102,#103,#104,#105,#106,#107,#108,#109,#110,#111,#112,
    #113,#114,#115,#116,#117,#118,#119,#120,#121,#122,#123,#124,#125),
  .UNSPECIFIED.,.F.,.F.,(8,6,6,6,6,6,6,6,6,6,6,8),(0.,6.201360388379E-04
    ,1.2402719472E-03,1.860407594175E-03,2.48054284921E-03,
    3.100677581652E-03,3.720811660799E-03,4.319561063792E-03,
    4.896925757397E-03,5.410138070887E-03,0.681551507921,1.),
  .UNSPECIFIED.);
#58 = CARTESIAN_POINT('',(-1.45,-1.75,0.4));
#59 = CARTESIAN_POINT('',(-1.45,-1.750088058335,0.399949159495));
#60 = CARTESIAN_POINT('',(-1.449999992461,-1.750176116672,0.399898318991
    ));
#61 = CARTESIAN_POINT('',(-1.449999977383,-1.750264175009,0.399847478488
    ));
#62 = CARTESIAN_POINT('',(-1.449999954767,-1.750352233345,0.399796637987
    ));
#63 = CARTESIAN_POINT('',(-1.449999924611,-1.750440291678,0.399745797488
    ));
#64 = CARTESIAN_POINT('',(-1.449999886917,-1.750528350008,0.399694956994
    ));
#65 = CARTESIAN_POINT('',(-1.44999979645,-1.750704466647,0.399593276025)
  );
#66 = CARTESIAN_POINT('',(-1.449999743678,-1.750792524954,0.399542435551
    ));
#67 = CARTESIAN_POINT('',(-1.449999683367,-1.750880583258,0.399491595083
    ));
#68 = CARTESIAN_POINT('',(-1.449999615517,-1.750968641558,0.399440754622
    ));
#69 = CARTESIAN_POINT('',(-1.449999540129,-1.751056699854,0.399389914169
    ));
#70 = CARTESIAN_POINT('',(-1.449999457201,-1.751144758145,0.399339073725
    ));
#71 = CARTESIAN_POINT('',(-1.449999276268,-1.751320874678,0.399237392877
    ));
#72 = CARTESIAN_POINT('',(-1.449999178263,-1.751408932921,0.399186552474
    ));
#73 = CARTESIAN_POINT('',(-1.449999072719,-1.751496991158,0.399135712081
    ));
#74 = CARTESIAN_POINT('',(-1.449998959636,-1.751585049388,0.399084871701
    ));
#75 = CARTESIAN_POINT('',(-1.449998839014,-1.751673107612,0.399034031333
    ));
#76 = CARTESIAN_POINT('',(-1.449998710853,-1.751761165828,0.398983190979
    ));
#77 = CARTESIAN_POINT('',(-1.449998439454,-1.751937282187,0.398881510332
    ));
#78 = CARTESIAN_POINT('',(-1.449998296216,-1.752025340331,0.39883067004)
  );
#79 = CARTESIAN_POINT('',(-1.449998145438,-1.752113398466,0.398779829763
    ));
#80 = CARTESIAN_POINT('',(-1.449997987122,-1.752201456592,0.398728989503
    ));
#81 = CARTESIAN_POINT('',(-1.449997821267,-1.752289514708,0.398678149261
    ));
#82 = CARTESIAN_POINT('',(-1.449997647873,-1.752377572813,0.398627309038
    ));
#83 = CARTESIAN_POINT('',(-1.449997286008,-1.752553688929,0.398525628673
    ));
#84 = CARTESIAN_POINT('',(-1.449997097537,-1.752641746939,0.398474788532
    ));
#85 = CARTESIAN_POINT('',(-1.449996901527,-1.752729804937,0.398423948411
    ));
#86 = CARTESIAN_POINT('',(-1.449996697978,-1.752817862924,0.398373108312
    ));
#87 = CARTESIAN_POINT('',(-1.44999648689,-1.752905920898,0.398322268236)
  );
#88 = CARTESIAN_POINT('',(-1.449996268263,-1.752993978858,0.398271428183
    ));
#89 = CARTESIAN_POINT('',(-1.449995815932,-1.75317009466,0.398169748181)
  );
#90 = CARTESIAN_POINT('',(-1.449995582228,-1.753258152501,0.398118908231
    ));
#91 = CARTESIAN_POINT('',(-1.449995340985,-1.753346210328,0.398068068306
    ));
#92 = CARTESIAN_POINT('',(-1.449995092203,-1.75343426814,0.398017228409)
  );
#93 = CARTESIAN_POINT('',(-1.449994835882,-1.753522325937,0.397966388539
    ));
#94 = CARTESIAN_POINT('',(-1.449994572023,-1.753610383718,0.397915548697
    ));
#95 = CARTESIAN_POINT('',(-1.449994038585,-1.753783462668,0.397815622231
    ));
#96 = CARTESIAN_POINT('',(-1.449993769517,-1.753868483838,0.397766535604
    ));
#97 = CARTESIAN_POINT('',(-1.449993493422,-1.753953504992,0.397717449006
    ));
#98 = CARTESIAN_POINT('',(-1.449993210299,-1.754038526129,0.397668362437
    ));
#99 = CARTESIAN_POINT('',(-1.449992920148,-1.75412354725,0.397619275898)
  );
#100 = CARTESIAN_POINT('',(-1.449992622969,-1.754208568354,0.39757018939
    ));
#101 = CARTESIAN_POINT('',(-1.449992025421,-1.754375573946,
    0.397473769593));
#102 = CARTESIAN_POINT('',(-1.449991725545,-1.754457558434,
    0.397426436301));
#103 = CARTESIAN_POINT('',(-1.449991419133,-1.754539542906,0.39737910304
    ));
#104 = CARTESIAN_POINT('',(-1.449991106187,-1.754621527361,0.39733176981
    ));
#105 = CARTESIAN_POINT('',(-1.449990786706,-1.754703511797,
    0.397284436612));
#106 = CARTESIAN_POINT('',(-1.44999046069,-1.754785496216,0.397237103447
    ));
#107 = CARTESIAN_POINT('',(-1.449989832539,-1.754940355532,
    0.397147696482));
#108 = CARTESIAN_POINT('',(-1.449989531776,-1.755013230434,
    0.397105622675));
#109 = CARTESIAN_POINT('',(-1.449989225849,-1.75508610532,0.397063548896
    ));
#110 = CARTESIAN_POINT('',(-1.449988914759,-1.755158980191,
    0.397021475144));
#111 = CARTESIAN_POINT('',(-1.449988598506,-1.755231855047,
    0.396979401421));
#112 = CARTESIAN_POINT('',(-1.449988277089,-1.755304729886,
    0.396937327726));
#113 = CARTESIAN_POINT('',(-1.449557691526,-1.851387933353,
    0.341464499891));
#114 = CARTESIAN_POINT('',(-1.440164914192,-1.947416009729,
    0.286058302117));
#115 = CARTESIAN_POINT('',(-1.421794715306,-2.042818844675,
    0.231917188274));
#116 = CARTESIAN_POINT('',(-1.394364239615,-2.136777037688,
    0.180391489138));
#117 = CARTESIAN_POINT('',(-1.357906344121,-2.228321073097,
    0.133058366056));
#118 = CARTESIAN_POINT('',(-1.312571127684,-2.316336974269,
    9.177271534189E-02));
#119 = CARTESIAN_POINT('',(-1.233768270959,-2.438747212435,
    4.348226263314E-02));
#120 = CARTESIAN_POINT('',(-1.206686693452,-2.476912596652,
    2.988206947431E-02));
#121 = CARTESIAN_POINT('',(-1.177895028238,-2.513790350252,
    1.84501006404E-02));
#122 = CARTESIAN_POINT('',(-1.147579544504,-2.549154753923,
    9.477709084407E-03));
#123 = CARTESIAN_POINT('',(-1.115968399132,-2.582814422456,
    3.240850015574E-03));
#124 = CARTESIAN_POINT('',(-1.083333745831,-2.614612582351,
    -1.202739320189E-16));
#125 = CARTESIAN_POINT('',(-1.05,-2.644427191,-1.387778780781E-16));
#126 = ORIENTED_EDGE('',*,*,#127,.T.);
#127 = EDGE_CURVE('',#55,#128,#130,.T.);
#128 = VERTEX_POINT('',#129);
#129 = CARTESIAN_POINT('',(-1.45,1.75,0.4));
#130 = LINE('',#131,#132);
#131 = CARTESIAN_POINT('',(-1.45,-3.95,0.4));
#132 = VECTOR('',#133,1.);
#133 = DIRECTION('',(0.,1.,0.));
#134 = ORIENTED_EDGE('',*,*,#135,.T.);
#135 = EDGE_CURVE('',#128,#136,#138,.T.);
#136 = VERTEX_POINT('',#137);
#137 = CARTESIAN_POINT('',(-1.098528137424,2.598528137424,
    2.954637505774E-03));
#138 = B_SPLINE_CURVE_WITH_KNOTS('',7,(#139,#140,#141,#142,#143,#144,
    #145,#146,#147,#148,#149,#150,#151,#152,#153,#154,#155,#156,#157,
    #158,#159,#160,#161,#162,#163,#164,#165,#166,#167,#168,#169,#170,
    #171,#172,#173,#174,#175,#176,#177,#178,#179,#180,#181,#182,#183,
    #184,#185,#186,#187,#188,#189,#190,#191,#192,#193,#194,#195,#196,
    #197,#198,#199,#200,#201,#202,#203,#204,#205,#206),.UNSPECIFIED.,.F.
  ,.F.,(8,6,6,6,6,6,6,6,6,6,6,8),(0.,6.201357949053E-04,
    1.240271459139E-03,1.860406862071E-03,2.480541873021E-03,
    3.036524545804E-03,3.65665845454E-03,4.276791592883E-03,
    4.896923830179E-03,5.452903583416E-03,0.681551501205,1.),
  .UNSPECIFIED.);
#139 = CARTESIAN_POINT('',(-1.45,1.75,0.4));
#140 = CARTESIAN_POINT('',(-1.45,1.750088058337,0.399949159496));
#141 = CARTESIAN_POINT('',(-1.449999992461,1.750176116674,0.399898318992
    ));
#142 = CARTESIAN_POINT('',(-1.449999977383,1.750264175009,0.399847478488
    ));
#143 = CARTESIAN_POINT('',(-1.449999954767,1.750352233344,0.399796637987
    ));
#144 = CARTESIAN_POINT('',(-1.449999924611,1.750440291677,0.399745797488
    ));
#145 = CARTESIAN_POINT('',(-1.449999886917,1.750528350009,0.399694956994
    ));
#146 = CARTESIAN_POINT('',(-1.44999979645,1.750704466647,0.399593276025)
  );
#147 = CARTESIAN_POINT('',(-1.449999743678,1.750792524954,0.399542435551
    ));
#148 = CARTESIAN_POINT('',(-1.449999683367,1.750880583258,0.399491595083
    ));
#149 = CARTESIAN_POINT('',(-1.449999615517,1.750968641558,0.399440754622
    ));
#150 = CARTESIAN_POINT('',(-1.449999540129,1.751056699854,0.399389914169
    ));
#151 = CARTESIAN_POINT('',(-1.449999457201,1.751144758145,0.399339073725
    ));
#152 = CARTESIAN_POINT('',(-1.449999276268,1.751320874678,0.399237392877
    ));
#153 = CARTESIAN_POINT('',(-1.449999178263,1.751408932921,0.399186552474
    ));
#154 = CARTESIAN_POINT('',(-1.449999072719,1.751496991158,0.399135712081
    ));
#155 = CARTESIAN_POINT('',(-1.449998959636,1.751585049389,0.399084871701
    ));
#156 = CARTESIAN_POINT('',(-1.449998839014,1.751673107612,0.399034031333
    ));
#157 = CARTESIAN_POINT('',(-1.449998710853,1.751761165828,0.398983190979
    ));
#158 = CARTESIAN_POINT('',(-1.449998439454,1.751937282187,0.398881510332
    ));
#159 = CARTESIAN_POINT('',(-1.449998296216,1.752025340331,0.39883067004)
  );
#160 = CARTESIAN_POINT('',(-1.449998145438,1.752113398466,0.398779829763
    ));
#161 = CARTESIAN_POINT('',(-1.449997987122,1.752201456592,0.398728989503
    ));
#162 = CARTESIAN_POINT('',(-1.449997821267,1.752289514708,0.398678149261
    ));
#163 = CARTESIAN_POINT('',(-1.449997647873,1.752377572814,0.398627309038
    ));
#164 = CARTESIAN_POINT('',(-1.449997304725,1.752544579483,0.398530887998
    ));
#165 = CARTESIAN_POINT('',(-1.44999713645,1.752623528048,0.398485307177)
  );
#166 = CARTESIAN_POINT('',(-1.449996962115,1.752702476605,0.398439726373
    ));
#167 = CARTESIAN_POINT('',(-1.449996781721,1.752781425151,0.398394145587
    ));
#168 = CARTESIAN_POINT('',(-1.449996595266,1.752860373688,0.398348564818
    ));
#169 = CARTESIAN_POINT('',(-1.449996402752,1.752939322215,0.398302984068
    ));
#170 = CARTESIAN_POINT('',(-1.449995982692,1.753106328604,0.398206563341
    ));
#171 = CARTESIAN_POINT('',(-1.449995753667,1.753194386464,0.39815572337)
  );
#172 = CARTESIAN_POINT('',(-1.449995517103,1.75328244431,0.398104883423)
  );
#173 = CARTESIAN_POINT('',(-1.449995273001,1.753370502142,0.398054043503
    ));
#174 = CARTESIAN_POINT('',(-1.449995021359,1.753458559959,0.39800320361)
  );
#175 = CARTESIAN_POINT('',(-1.449994762179,1.75354661776,0.397952363744)
  );
#176 = CARTESIAN_POINT('',(-1.449994228741,1.753722733222,0.397850684135
    ));
#177 = CARTESIAN_POINT('',(-1.449993954483,1.753810790882,0.397799844391
    ));
#178 = CARTESIAN_POINT('',(-1.449993672687,1.753898848525,0.397749004677
    ));
#179 = CARTESIAN_POINT('',(-1.449993383352,1.753986906152,0.397698164994
    ));
#180 = CARTESIAN_POINT('',(-1.449993086478,1.75407496376,0.397647325343)
  );
#181 = CARTESIAN_POINT('',(-1.449992782065,1.754163021351,0.397596485725
    ));
#182 = CARTESIAN_POINT('',(-1.449992158162,1.754339136366,0.39749480663)
  );
#183 = CARTESIAN_POINT('',(-1.449991838672,1.754427193791,0.397443967154
    ));
#184 = CARTESIAN_POINT('',(-1.449991511643,1.754515251197,0.397393127712
    ));
#185 = CARTESIAN_POINT('',(-1.449991177075,1.754603308583,0.397342288307
    ));
#186 = CARTESIAN_POINT('',(-1.449990834969,1.754691365948,0.397291448938
    ));
#187 = CARTESIAN_POINT('',(-1.449990485324,1.754779423293,0.397240609607
    ));
#188 = CARTESIAN_POINT('',(-1.449989807906,1.754946428437,0.397144190332
    ));
#189 = CARTESIAN_POINT('',(-1.449989481613,1.755025376241,0.39709861038)
  );
#190 = CARTESIAN_POINT('',(-1.44998914926,1.755104324027,0.39705303046)
  );
#191 = CARTESIAN_POINT('',(-1.449988810848,1.755183271795,0.397007450573
    ));
#192 = CARTESIAN_POINT('',(-1.449988466375,1.755262219545,0.396961870719
    ));
#193 = CARTESIAN_POINT('',(-1.449988115843,1.755341167275,0.396916290899
    ));
#194 = CARTESIAN_POINT('',(-1.449554126288,1.851424397133,0.341443461089
    ));
#195 = CARTESIAN_POINT('',(-1.440159100136,1.947446167709,0.286041187733
    ));
#196 = CARTESIAN_POINT('',(-1.421787782397,2.042842575162,0.231904176385
    ));
#197 = CARTESIAN_POINT('',(-1.394357337731,2.13679436877,0.180382528498)
  );
#198 = CARTESIAN_POINT('',(-1.357900620767,2.228332190384,0.133053149644
    ));
#199 = CARTESIAN_POINT('',(-1.31256773762,2.316342240304,
    9.1770637908E-02));
#200 = CARTESIAN_POINT('',(-1.233768270971,2.438747212416,
    4.348226264063E-02));
#201 = CARTESIAN_POINT('',(-1.206686693453,2.476912596653,
    2.988206947251E-02));
#202 = CARTESIAN_POINT('',(-1.177895028227,2.513790350267,
    1.845010063515E-02));
#203 = CARTESIAN_POINT('',(-1.147579544492,2.549154753933,
    9.477709083384E-03));
#204 = CARTESIAN_POINT('',(-1.115968399134,2.582814422452,
    3.240850018325E-03));
#205 = CARTESIAN_POINT('',(-1.083333745845,2.614612582338,
    -1.387778780781E-16));
#206 = CARTESIAN_POINT('',(-1.05,2.644427191,-1.387778780781E-16));
#207 = ORIENTED_EDGE('',*,*,#208,.T.);
#208 = EDGE_CURVE('',#136,#209,#211,.T.);
#209 = VERTEX_POINT('',#210);
#210 = CARTESIAN_POINT('',(-1.05,2.55,-1.387778780781E-17));
#211 = ELLIPSE('',#212,0.565685424949,0.4);
#212 = AXIS2_PLACEMENT_3D('',#213,#214,#215);
#213 = CARTESIAN_POINT('',(-1.05,2.55,0.4));
#214 = DIRECTION('',(-0.707106781187,-0.707106781187,0.));
#215 = DIRECTION('',(0.707106781187,-0.707106781187,0.));
#216 = ORIENTED_EDGE('',*,*,#217,.F.);
#217 = EDGE_CURVE('',#46,#209,#218,.T.);
#218 = LINE('',#219,#220);
#219 = CARTESIAN_POINT('',(-1.05,-3.95,-2.775557561563E-17));
#220 = VECTOR('',#221,1.);
#221 = DIRECTION('',(0.,1.,0.));
#222 = CYLINDRICAL_SURFACE('',#223,0.4);
#223 = AXIS2_PLACEMENT_3D('',#224,#225,#226);
#224 = CARTESIAN_POINT('',(-1.05,-3.95,0.4));
#225 = DIRECTION('',(0.,-1.,0.));
#226 = DIRECTION('',(-1.,0.,1.387778780781E-16));
#227 = ADVANCED_FACE('',(#228),#346,.T.);
#228 = FACE_BOUND('',#229,.F.);
#229 = EDGE_LOOP('',(#230,#231,#304,#312,#331,#340));
#230 = ORIENTED_EDGE('',*,*,#43,.F.);
#231 = ORIENTED_EDGE('',*,*,#232,.F.);
#232 = EDGE_CURVE('',#233,#44,#235,.T.);
#233 = VERTEX_POINT('',#234);
#234 = CARTESIAN_POINT('',(-0.25,-2.95,0.4));
#235 = B_SPLINE_CURVE_WITH_KNOTS('',7,(#236,#237,#238,#239,#240,#241,
    #242,#243,#244,#245,#246,#247,#248,#249,#250,#251,#252,#253,#254,
    #255,#256,#257,#258,#259,#260,#261,#262,#263,#264,#265,#266,#267,
    #268,#269,#270,#271,#272,#273,#274,#275,#276,#277,#278,#279,#280,
    #281,#282,#283,#284,#285,#286,#287,#288,#289,#290,#291,#292,#293,
    #294,#295,#296,#297,#298,#299,#300,#301,#302,#303),.UNSPECIFIED.,.F.
  ,.F.,(8,6,6,6,6,6,6,6,6,6,6,8),(0.,6.201357949013E-04,
    1.240271459132E-03,1.860406862055E-03,2.480541872986E-03,
    3.079292423564E-03,3.699426283339E-03,4.298175478791E-03,
    4.918307682687E-03,5.452903583317E-03,0.681551501205,1.),
  .UNSPECIFIED.);
#236 = CARTESIAN_POINT('',(-0.25,-2.95,0.4));
#237 = CARTESIAN_POINT('',(-0.250088058337,-2.95,0.399949159496));
#238 = CARTESIAN_POINT('',(-0.250176116674,-2.949999992461,
    0.399898318992));
#239 = CARTESIAN_POINT('',(-0.250264175009,-2.949999977383,
    0.399847478488));
#240 = CARTESIAN_POINT('',(-0.250352233344,-2.949999954767,
    0.399796637987));
#241 = CARTESIAN_POINT('',(-0.250440291677,-2.949999924611,
    0.399745797488));
#242 = CARTESIAN_POINT('',(-0.250528350009,-2.949999886917,
    0.399694956994));
#243 = CARTESIAN_POINT('',(-0.250704466647,-2.94999979645,0.399593276025
    ));
#244 = CARTESIAN_POINT('',(-0.250792524954,-2.949999743678,
    0.399542435551));
#245 = CARTESIAN_POINT('',(-0.250880583258,-2.949999683367,
    0.399491595083));
#246 = CARTESIAN_POINT('',(-0.250968641558,-2.949999615517,
    0.399440754622));
#247 = CARTESIAN_POINT('',(-0.251056699854,-2.949999540129,
    0.399389914169));
#248 = CARTESIAN_POINT('',(-0.251144758145,-2.949999457201,
    0.399339073725));
#249 = CARTESIAN_POINT('',(-0.251320874678,-2.949999276268,
    0.399237392877));
#250 = CARTESIAN_POINT('',(-0.251408932921,-2.949999178263,
    0.399186552474));
#251 = CARTESIAN_POINT('',(-0.251496991158,-2.949999072719,
    0.399135712081));
#252 = CARTESIAN_POINT('',(-0.251585049389,-2.949998959636,
    0.399084871701));
#253 = CARTESIAN_POINT('',(-0.251673107612,-2.949998839014,
    0.399034031333));
#254 = CARTESIAN_POINT('',(-0.251761165828,-2.949998710853,
    0.398983190979));
#255 = CARTESIAN_POINT('',(-0.251937282187,-2.949998439454,
    0.398881510332));
#256 = CARTESIAN_POINT('',(-0.252025340331,-2.949998296216,0.39883067004
    ));
#257 = CARTESIAN_POINT('',(-0.252113398466,-2.949998145438,
    0.398779829763));
#258 = CARTESIAN_POINT('',(-0.252201456592,-2.949997987122,
    0.398728989503));
#259 = CARTESIAN_POINT('',(-0.252289514708,-2.949997821267,
    0.398678149261));
#260 = CARTESIAN_POINT('',(-0.252377572814,-2.949997647873,
    0.398627309038));
#261 = CARTESIAN_POINT('',(-0.252550652447,-2.949997292247,
    0.398527381781));
#262 = CARTESIAN_POINT('',(-0.252635673976,-2.949997110526,
    0.398478294747));
#263 = CARTESIAN_POINT('',(-0.252720695493,-2.949996921777,
    0.398429207731));
#264 = CARTESIAN_POINT('',(-0.252805717,-2.949996725999,0.398380120736)
  );
#265 = CARTESIAN_POINT('',(-0.252890738495,-2.949996523194,
    0.398331033762));
#266 = CARTESIAN_POINT('',(-0.252975759978,-2.949996313362,0.39828194681
    ));
#267 = CARTESIAN_POINT('',(-0.25314883931,-2.949995871895,0.398182019899
    ));
#268 = CARTESIAN_POINT('',(-0.253236897157,-2.949995639751,
    0.398131179942));
#269 = CARTESIAN_POINT('',(-0.25332495499,-2.949995400067,0.39808034001)
  );
#270 = CARTESIAN_POINT('',(-0.253413012809,-2.949995152845,
    0.398029500105));
#271 = CARTESIAN_POINT('',(-0.253501070613,-2.949994898084,
    0.397978660227));
#272 = CARTESIAN_POINT('',(-0.253589128401,-2.949994635784,
    0.397927820377));
#273 = CARTESIAN_POINT('',(-0.253762207365,-2.949994105412,
    0.397827893895));
#274 = CARTESIAN_POINT('',(-0.253847228542,-2.949993837851,0.39777880726
    ));
#275 = CARTESIAN_POINT('',(-0.253932249703,-2.949993563262,
    0.397729720653));
#276 = CARTESIAN_POINT('',(-0.254017270848,-2.949993281645,
    0.397680634075));
#277 = CARTESIAN_POINT('',(-0.254102291977,-2.949992993,0.397631547528)
  );
#278 = CARTESIAN_POINT('',(-0.254187313088,-2.949992697327,
    0.397582461011));
#279 = CARTESIAN_POINT('',(-0.254360391618,-2.949992081115,
    0.397482535026));
#280 = CARTESIAN_POINT('',(-0.254448449034,-2.949991760065,
    0.397431695559));
#281 = CARTESIAN_POINT('',(-0.254536506431,-2.949991431477,
    0.397380856128));
#282 = CARTESIAN_POINT('',(-0.254624563808,-2.949991095349,
    0.397330016733));
#283 = CARTESIAN_POINT('',(-0.254712621165,-2.949990751683,
    0.397279177374));
#284 = CARTESIAN_POINT('',(-0.2548006785,-2.949990400478,0.397228338054)
  );
#285 = CARTESIAN_POINT('',(-0.254964647174,-2.949989732473,
    0.397133671875));
#286 = CARTESIAN_POINT('',(-0.255040558518,-2.949989417609,
    0.397089845005));
#287 = CARTESIAN_POINT('',(-0.255116469846,-2.949989097143,
    0.397046018165));
#288 = CARTESIAN_POINT('',(-0.255192381157,-2.949988771074,
    0.397002191355));
#289 = CARTESIAN_POINT('',(-0.255268292451,-2.949988439402,
    0.396958364576));
#290 = CARTESIAN_POINT('',(-0.255344203728,-2.949988102128,
    0.396914537829));
#291 = CARTESIAN_POINT('',(-0.351424397133,-2.949554126288,
    0.341443461089));
#292 = CARTESIAN_POINT('',(-0.447446167709,-2.940159100136,
    0.286041187733));
#293 = CARTESIAN_POINT('',(-0.542842575161,-2.921787782397,
    0.231904176385));
#294 = CARTESIAN_POINT('',(-0.636794368771,-2.894357337731,
    0.180382528498));
#295 = CARTESIAN_POINT('',(-0.728332190384,-2.857900620767,
    0.133053149644));
#296 = CARTESIAN_POINT('',(-0.816342240303,-2.81256773762,
    9.177063790813E-02));
#297 = CARTESIAN_POINT('',(-0.938747212416,-2.733768270971,
    4.348226264063E-02));
#298 = CARTESIAN_POINT('',(-0.976912596653,-2.706686693453,
    2.988206947252E-02));
#299 = CARTESIAN_POINT('',(-1.013790350267,-2.677895028227,
    1.845010063515E-02));
#300 = CARTESIAN_POINT('',(-1.049154753933,-2.647579544492,
    9.47770908338E-03));
#301 = CARTESIAN_POINT('',(-1.082814422452,-2.615968399134,
    3.240850018325E-03));
#302 = CARTESIAN_POINT('',(-1.114612582338,-2.583333745845,
    -3.700789213402E-17));
#303 = CARTESIAN_POINT('',(-1.144427191,-2.55,0.));
#304 = ORIENTED_EDGE('',*,*,#305,.T.);
#305 = EDGE_CURVE('',#233,#306,#308,.T.);
#306 = VERTEX_POINT('',#307);
#307 = CARTESIAN_POINT('',(5.25,-2.95,0.4));
#308 = LINE('',#309,#310);
#309 = CARTESIAN_POINT('',(-2.45,-2.95,0.4));
#310 = VECTOR('',#311,1.);
#311 = DIRECTION('',(1.,0.,0.));
#312 = ORIENTED_EDGE('',*,*,#313,.T.);
#313 = EDGE_CURVE('',#306,#314,#316,.T.);
#314 = VERTEX_POINT('',#315);
#315 = CARTESIAN_POINT('',(6.098528137424,-2.598528137424,
    2.954637505774E-03));
#316 = B_SPLINE_CURVE_WITH_KNOTS('',7,(#317,#318,#319,#320,#321,#322,
    #323,#324,#325,#326,#327,#328,#329,#330),.UNSPECIFIED.,.F.,.F.,(8,6,
    8),(0.,0.681488936154,1.),.UNSPECIFIED.);
#317 = CARTESIAN_POINT('',(5.25,-2.95,0.399999980231));
#318 = CARTESIAN_POINT('',(5.346791109179,-2.950000103154,0.344117672677
    ));
#319 = CARTESIAN_POINT('',(5.443593108433,-2.940891206128,0.28822895338)
  );
#320 = CARTESIAN_POINT('',(5.539793988797,-2.922672732253,0.233577898164
    ));
#321 = CARTESIAN_POINT('',(5.634572448076,-2.895243597134,0.18153164615)
  );
#322 = CARTESIAN_POINT('',(5.726927651865,-2.858628160127,0.133709692139
    ));
#323 = CARTESIAN_POINT('',(5.815695509232,-2.812984096083,
    9.202576046794E-02));
#324 = CARTESIAN_POINT('',(5.938747344608,-2.733768177156,
    4.34822155423E-02));
#325 = CARTESIAN_POINT('',(5.976912703031,-2.706686610395,
    2.988203649963E-02));
#326 = CARTESIAN_POINT('',(6.013790431893,-2.67789495826,
    1.845007992175E-02));
#327 = CARTESIAN_POINT('',(6.049154812253,-2.647579489732,
    9.477698268838E-03));
#328 = CARTESIAN_POINT('',(6.082814459232,-2.615968361393,
    3.240846263025E-03));
#329 = CARTESIAN_POINT('',(6.114612599612,-2.583333726533,0.));
#330 = CARTESIAN_POINT('',(6.144427191,-2.55,0.));
#331 = ORIENTED_EDGE('',*,*,#332,.F.);
#332 = EDGE_CURVE('',#333,#314,#335,.T.);
#333 = VERTEX_POINT('',#334);
#334 = CARTESIAN_POINT('',(6.05,-2.55,5.551115123126E-17));
#335 = ELLIPSE('',#336,0.565685424949,0.4);
#336 = AXIS2_PLACEMENT_3D('',#337,#338,#339);
#337 = CARTESIAN_POINT('',(6.05,-2.55,0.4));
#338 = DIRECTION('',(-0.707106781187,-0.707106781187,0.));
#339 = DIRECTION('',(0.707106781187,-0.707106781187,0.));
#340 = ORIENTED_EDGE('',*,*,#341,.F.);
#341 = EDGE_CURVE('',#46,#333,#342,.T.);
#342 = LINE('',#343,#344);
#343 = CARTESIAN_POINT('',(-2.45,-2.55,0.));
#344 = VECTOR('',#345,1.);
#345 = DIRECTION('',(1.,0.,0.));
#346 = CYLINDRICAL_SURFACE('',#347,0.4);
#347 = AXIS2_PLACEMENT_3D('',#348,#349,#350);
#348 = CARTESIAN_POINT('',(-2.45,-2.55,0.4));
#349 = DIRECTION('',(-1.,-0.,-0.));
#350 = DIRECTION('',(0.,-1.,4.163336342344E-16));
#351 = ADVANCED_FACE('',(#352),#370,.T.);
#352 = FACE_BOUND('',#353,.T.);
#353 = EDGE_LOOP('',(#354,#355,#356,#364));
#354 = ORIENTED_EDGE('',*,*,#341,.F.);
#355 = ORIENTED_EDGE('',*,*,#217,.T.);
#356 = ORIENTED_EDGE('',*,*,#357,.T.);
#357 = EDGE_CURVE('',#209,#358,#360,.T.);
#358 = VERTEX_POINT('',#359);
#359 = CARTESIAN_POINT('',(6.05,2.55,5.551115123126E-17));
#360 = LINE('',#361,#362);
#361 = CARTESIAN_POINT('',(-2.45,2.55,0.));
#362 = VECTOR('',#363,1.);
#363 = DIRECTION('',(1.,0.,0.));
#364 = ORIENTED_EDGE('',*,*,#365,.F.);
#365 = EDGE_CURVE('',#333,#358,#366,.T.);
#366 = LINE('',#367,#368);
#367 = CARTESIAN_POINT('',(6.05,-3.95,1.110223024625E-16));
#368 = VECTOR('',#369,1.);
#369 = DIRECTION('',(0.,1.,0.));
#370 = PLANE('',#371);
#371 = AXIS2_PLACEMENT_3D('',#372,#373,#374);
#372 = CARTESIAN_POINT('',(-1.05,-3.95,0.));
#373 = DIRECTION('',(0.,0.,-1.));
#374 = DIRECTION('',(1.,0.,0.));
#375 = ADVANCED_FACE('',(#376),#433,.T.);
#376 = FACE_BOUND('',#377,.F.);
#377 = EDGE_LOOP('',(#378,#397,#398,#399,#408,#427));
#378 = ORIENTED_EDGE('',*,*,#379,.F.);
#379 = EDGE_CURVE('',#136,#380,#382,.T.);
#380 = VERTEX_POINT('',#381);
#381 = CARTESIAN_POINT('',(-0.25,2.95,0.4));
#382 = B_SPLINE_CURVE_WITH_KNOTS('',7,(#383,#384,#385,#386,#387,#388,
    #389,#390,#391,#392,#393,#394,#395,#396),.UNSPECIFIED.,.F.,.F.,(8,6,
    8),(0.,0.318511271533,1.),.UNSPECIFIED.);
#383 = CARTESIAN_POINT('',(-1.144427191,2.55,0.));
#384 = CARTESIAN_POINT('',(-1.114612582338,2.583333745845,0.));
#385 = CARTESIAN_POINT('',(-1.082814422452,2.615968399134,
    3.240850018331E-03));
#386 = CARTESIAN_POINT('',(-1.049154753933,2.647579544492,
    9.477709083378E-03));
#387 = CARTESIAN_POINT('',(-1.013790350267,2.677895028227,
    1.845010063514E-02));
#388 = CARTESIAN_POINT('',(-0.976912596653,2.706686693453,
    2.988206947252E-02));
#389 = CARTESIAN_POINT('',(-0.938747212416,2.733768270971,
    4.348226264066E-02));
#390 = CARTESIAN_POINT('',(-0.815695374273,2.812984164317,
    9.202582451614E-02));
#391 = CARTESIAN_POINT('',(-0.726927525332,2.858628202667,0.1337097409)
  );
#392 = CARTESIAN_POINT('',(-0.63457244287,2.895243607627,0.181531715857)
  );
#393 = CARTESIAN_POINT('',(-0.539793810667,2.922672770455,0.233577882033
    ));
#394 = CARTESIAN_POINT('',(-0.443593066574,2.940891217128,0.288229088464
    ));
#395 = CARTESIAN_POINT('',(-0.346790997995,2.950000104387,0.344117674136
    ));
#396 = CARTESIAN_POINT('',(-0.25,2.95,0.4));
#397 = ORIENTED_EDGE('',*,*,#208,.T.);
#398 = ORIENTED_EDGE('',*,*,#357,.T.);
#399 = ORIENTED_EDGE('',*,*,#400,.T.);
#400 = EDGE_CURVE('',#358,#401,#403,.T.);
#401 = VERTEX_POINT('',#402);
#402 = CARTESIAN_POINT('',(6.098528137424,2.598528137424,
    2.954637505774E-03));
#403 = ELLIPSE('',#404,0.565685424949,0.4);
#404 = AXIS2_PLACEMENT_3D('',#405,#406,#407);
#405 = CARTESIAN_POINT('',(6.05,2.55,0.4));
#406 = DIRECTION('',(0.707106781187,-0.707106781187,0.));
#407 = DIRECTION('',(-0.707106781187,-0.707106781187,0.));
#408 = ORIENTED_EDGE('',*,*,#409,.T.);
#409 = EDGE_CURVE('',#401,#410,#412,.T.);
#410 = VERTEX_POINT('',#411);
#411 = CARTESIAN_POINT('',(5.25,2.95,0.4));
#412 = B_SPLINE_CURVE_WITH_KNOTS('',7,(#413,#414,#415,#416,#417,#418,
    #419,#420,#421,#422,#423,#424,#425,#426),.UNSPECIFIED.,.F.,.F.,(8,6,
    8),(0.,0.318511247025,1.),.UNSPECIFIED.);
#413 = CARTESIAN_POINT('',(6.144427191,2.55,0.));
#414 = CARTESIAN_POINT('',(6.114612582351,2.583333745831,0.));
#415 = CARTESIAN_POINT('',(6.082814422456,2.615968399132,
    3.240850015571E-03));
#416 = CARTESIAN_POINT('',(6.049154753923,2.647579544504,
    9.477709084422E-03));
#417 = CARTESIAN_POINT('',(6.013790350252,2.677895028238,
    1.84501006404E-02));
#418 = CARTESIAN_POINT('',(5.976912596652,2.706686693452,
    2.988206947429E-02));
#419 = CARTESIAN_POINT('',(5.938747212435,2.733768270959,
    4.348226263315E-02));
#420 = CARTESIAN_POINT('',(5.815695364764,2.812984170439,
    9.202582826744E-02));
#421 = CARTESIAN_POINT('',(5.72692752643,2.858628209868,0.133709757096)
  );
#422 = CARTESIAN_POINT('',(5.634572345399,2.895243626736,0.181531702575)
  );
#423 = CARTESIAN_POINT('',(5.539793911385,2.922672746723,0.233577942174)
  );
#424 = CARTESIAN_POINT('',(5.443593057455,2.940891210792,0.288228982812)
  );
#425 = CARTESIAN_POINT('',(5.346791084402,2.950000103153,0.344117686981)
  );
#426 = CARTESIAN_POINT('',(5.25,2.95,0.399999980231));
#427 = ORIENTED_EDGE('',*,*,#428,.F.);
#428 = EDGE_CURVE('',#380,#410,#429,.T.);
#429 = LINE('',#430,#431);
#430 = CARTESIAN_POINT('',(-2.45,2.95,0.4));
#431 = VECTOR('',#432,1.);
#432 = DIRECTION('',(1.,0.,0.));
#433 = CYLINDRICAL_SURFACE('',#434,0.4);
#434 = AXIS2_PLACEMENT_3D('',#435,#436,#437);
#435 = CARTESIAN_POINT('',(-2.45,2.55,0.4));
#436 = DIRECTION('',(-1.,-0.,-0.));
#437 = DIRECTION('',(0.,0.,-1.));
#438 = ADVANCED_FACE('',(#439),#549,.T.);
#439 = FACE_BOUND('',#440,.F.);
#440 = EDGE_LOOP('',(#441,#442,#450,#529,#542,#548));
#441 = ORIENTED_EDGE('',*,*,#379,.T.);
#442 = ORIENTED_EDGE('',*,*,#443,.T.);
#443 = EDGE_CURVE('',#380,#444,#446,.T.);
#444 = VERTEX_POINT('',#445);
#445 = CARTESIAN_POINT('',(-0.25,2.95,6.05));
#446 = LINE('',#447,#448);
#447 = CARTESIAN_POINT('',(-0.25,2.95,-1.));
#448 = VECTOR('',#449,1.);
#449 = DIRECTION('',(0.,0.,1.));
#450 = ORIENTED_EDGE('',*,*,#451,.T.);
#451 = EDGE_CURVE('',#444,#452,#454,.T.);
#452 = VERTEX_POINT('',#453);
#453 = CARTESIAN_POINT('',(-1.31299958949,2.306805058117,7.888790499944)
  );
#454 = B_SPLINE_CURVE_WITH_KNOTS('',7,(#455,#456,#457,#458,#459,#460,
    #461,#462,#463,#464,#465,#466,#467,#468,#469,#470,#471,#472,#473,
    #474,#475,#476,#477,#478,#479,#480,#481,#482,#483,#484,#485,#486,
    #487,#488,#489,#490,#491,#492,#493,#494,#495,#496,#497,#498,#499,
    #500,#501,#502,#503,#504,#505,#506,#507,#508,#509,#510,#511,#512,
    #513,#514,#515,#516,#517,#518,#519,#520,#521,#522,#523,#524,#525,
    #526,#527,#528),.UNSPECIFIED.,.F.,.F.,(8,6,6,6,6,6,6,6,6,6,6,6,8),(
    0.,6.697926080122E-04,1.339584962568E-03,2.009376810516E-03,
    2.656071669639E-03,3.325861783748E-03,3.995650640135E-03,
    4.665437985505E-03,5.312127544194E-03,5.797143496692E-03,
    0.429064425692,0.803745904774,1.),.UNSPECIFIED.);
#455 = CARTESIAN_POINT('',(-0.25,2.95,6.05));
#456 = CARTESIAN_POINT('',(-0.250152521507,2.95,6.05023913959));
#457 = CARTESIAN_POINT('',(-0.250305043016,2.949999977383,6.050478279178
    ));
#458 = CARTESIAN_POINT('',(-0.250457564524,2.94999993215,6.050717418765)
  );
#459 = CARTESIAN_POINT('',(-0.250610086027,2.9499998643,6.050956558352)
  );
#460 = CARTESIAN_POINT('',(-0.250762607523,2.949999773834,6.051195697938
    ));
#461 = CARTESIAN_POINT('',(-0.25091512901,2.949999660751,6.051434837522)
  );
#462 = CARTESIAN_POINT('',(-0.251220171907,2.949999389351,6.051913116593
    ));
#463 = CARTESIAN_POINT('',(-0.251372693316,2.949999231035,6.052152256082
    ));
#464 = CARTESIAN_POINT('',(-0.251525214713,2.949999050102,6.052391395567
    ));
#465 = CARTESIAN_POINT('',(-0.251677736094,2.949998846552,6.052630535049
    ));
#466 = CARTESIAN_POINT('',(-0.251830257459,2.949998620386,6.052869674527
    ));
#467 = CARTESIAN_POINT('',(-0.251982778805,2.949998371603,6.053108814001
    ));
#468 = CARTESIAN_POINT('',(-0.252287821339,2.949997828805,6.053587092757
    ));
#469 = CARTESIAN_POINT('',(-0.252440342528,2.949997534789,6.05382623204)
  );
#470 = CARTESIAN_POINT('',(-0.252592863693,2.949997218157,6.054065371318
    ));
#471 = CARTESIAN_POINT('',(-0.252745384834,2.949996878908,6.05430451059)
  );
#472 = CARTESIAN_POINT('',(-0.252897905947,2.949996517042,6.054543649855
    ));
#473 = CARTESIAN_POINT('',(-0.25305042703,2.94999613256,6.054782789114)
  );
#474 = CARTESIAN_POINT('',(-0.253350209624,2.9499953324,6.055252821179)
  );
#475 = CARTESIAN_POINT('',(-0.253497471136,2.949994918256,6.055483713986
    ));
#476 = CARTESIAN_POINT('',(-0.253644732617,2.949994483027,6.055714606785
    ));
#477 = CARTESIAN_POINT('',(-0.253791994065,2.949994026716,6.055945499577
    ));
#478 = CARTESIAN_POINT('',(-0.253939255478,2.94999354932,6.056176392361)
  );
#479 = CARTESIAN_POINT('',(-0.254086516854,2.949993050841,6.056407285136
    ));
#480 = CARTESIAN_POINT('',(-0.254386298636,2.94999199316,6.056877316486)
  );
#481 = CARTESIAN_POINT('',(-0.254538819039,2.949991432425,6.057116455059
    ));
#482 = CARTESIAN_POINT('',(-0.254691339399,2.949990849074,6.057355593622
    ));
#483 = CARTESIAN_POINT('',(-0.254843859713,2.949990243106,6.057594732175
    ));
#484 = CARTESIAN_POINT('',(-0.254996379979,2.949989614521,6.057833870716
    ));
#485 = CARTESIAN_POINT('',(-0.255148900194,2.94998896332,6.058073009246)
  );
#486 = CARTESIAN_POINT('',(-0.255453940235,2.949987615686,6.058551285832
    ));
#487 = CARTESIAN_POINT('',(-0.25560646006,2.949986919252,6.058790423888)
  );
#488 = CARTESIAN_POINT('',(-0.25575897983,2.949986200203,6.059029561932)
  );
#489 = CARTESIAN_POINT('',(-0.255911499545,2.949985458536,6.059268699963
    ));
#490 = CARTESIAN_POINT('',(-0.2560640192,2.949984694253,6.05950783798));
#491 = CARTESIAN_POINT('',(-0.256216538796,2.949983907354,6.059746975983
    ));
#492 = CARTESIAN_POINT('',(-0.256521577517,2.949982288323,6.060225251421
    ));
#493 = CARTESIAN_POINT('',(-0.256674096642,2.949981456192,6.060464388855
    ));
#494 = CARTESIAN_POINT('',(-0.256826615703,2.949980601445,6.060703526275
    ));
#495 = CARTESIAN_POINT('',(-0.256979134697,2.949979724081,6.060942663679
    ));
#496 = CARTESIAN_POINT('',(-0.257131653622,2.9499788241,6.061181801067)
  );
#497 = CARTESIAN_POINT('',(-0.257284172476,2.949977901502,6.061420938438
    ));
#498 = CARTESIAN_POINT('',(-0.257583950389,2.94997604367,6.061890966434)
  );
#499 = CARTESIAN_POINT('',(-0.257731209452,2.949975109969,6.06212185706)
  );
#500 = CARTESIAN_POINT('',(-0.257878468446,2.949974155183,6.06235274767)
  );
#501 = CARTESIAN_POINT('',(-0.258025727367,2.949973179314,6.062583638263
    ));
#502 = CARTESIAN_POINT('',(-0.258172986215,2.949972182361,6.062814528839
    ));
#503 = CARTESIAN_POINT('',(-0.258320244986,2.949971164324,6.063045419398
    ));
#504 = CARTESIAN_POINT('',(-0.258577947424,2.949969345865,6.063449477409
    ));
#505 = CARTESIAN_POINT('',(-0.258688391124,2.949968554667,6.06362264487)
  );
#506 = CARTESIAN_POINT('',(-0.258798834779,2.94996775161,6.06379581232)
  );
#507 = CARTESIAN_POINT('',(-0.258909278389,2.949966936693,6.06396897976)
  );
#508 = CARTESIAN_POINT('',(-0.259019721953,2.949966109916,6.064142147189
    ));
#509 = CARTESIAN_POINT('',(-0.25913016547,2.94996527128,6.064315314608)
  );
#510 = CARTESIAN_POINT('',(-0.355623226546,2.949222203712,6.215609486275
    ));
#511 = CARTESIAN_POINT('',(-0.451870069615,2.939448733487,6.366566624206
    ));
#512 = CARTESIAN_POINT('',(-0.547546077201,2.920669198204,6.517383442077
    ));
#513 = CARTESIAN_POINT('',(-0.642176604639,2.892727869106,6.668027154605
    ));
#514 = CARTESIAN_POINT('',(-0.735171348633,2.855320122174,6.818358918177
    ));
#515 = CARTESIAN_POINT('',(-0.825734473829,2.808030083394,6.968090066686
    ));
#516 = CARTESIAN_POINT('',(-0.989797855349,2.699335922786,7.248334900784
    ));
#517 = CARTESIAN_POINT('',(-1.063931692345,2.640262176328,7.378856909463
    ));
#518 = CARTESIAN_POINT('',(-1.134720557852,2.572662510767,7.508514006758
    ));
#519 = CARTESIAN_POINT('',(-1.201344517814,2.495900277555,7.637154875398
    ));
#520 = CARTESIAN_POINT('',(-1.262518301865,2.409322497206,7.764260018436
    ));
#521 = CARTESIAN_POINT('',(-1.31641177984,2.312373362925,7.888917294093)
  );
#522 = CARTESIAN_POINT('',(-1.383517106527,2.148550099866,8.073219491351
    ));
#523 = CARTESIAN_POINT('',(-1.403937434704,2.089199961889,8.135711964434
    ));
#524 = CARTESIAN_POINT('',(-1.421278185168,2.026854048697,8.197047771984
    ));
#525 = CARTESIAN_POINT('',(-1.435074901119,1.961595676831,8.256927597241
    ));
#526 = CARTESIAN_POINT('',(-1.444828651453,1.893556889739,8.31505182482)
  );
#527 = CARTESIAN_POINT('',(-1.45,1.82293232711,8.371125830447));
#528 = CARTESIAN_POINT('',(-1.45,1.75,8.424868417408));
#529 = ORIENTED_EDGE('',*,*,#530,.T.);
#530 = EDGE_CURVE('',#452,#531,#533,.T.);
#531 = VERTEX_POINT('',#532);
#532 = CARTESIAN_POINT('',(-1.45,1.75,7.2));
#533 = B_SPLINE_CURVE_WITH_KNOTS('',7,(#534,#535,#536,#537,#538,#539,
    #540,#541),.UNSPECIFIED.,.F.,.F.,(8,8),(0.,1.),
  .PIECEWISE_BEZIER_KNOTS.);
#534 = CARTESIAN_POINT('',(-0.961092986258,2.716616141441,8.433302550628
    ));
#535 = CARTESIAN_POINT('',(-1.110435967188,2.606751696049,8.27453977604)
  );
#536 = CARTESIAN_POINT('',(-1.229391782982,2.477754793705,8.103137706092
    ));
#537 = CARTESIAN_POINT('',(-1.31994118693,2.338747214377,7.925621041593)
  );
#538 = CARTESIAN_POINT('',(-1.38527678803,2.194712838488,7.745841147584)
  );
#539 = CARTESIAN_POINT('',(-1.428098128806,2.04831577698,7.565357598055)
  );
#540 = CARTESIAN_POINT('',(-1.450000119928,1.900090231031,7.3838229081)
  );
#541 = CARTESIAN_POINT('',(-1.45,1.75,7.2));
#542 = ORIENTED_EDGE('',*,*,#543,.F.);
#543 = EDGE_CURVE('',#128,#531,#544,.T.);
#544 = LINE('',#545,#546);
#545 = CARTESIAN_POINT('',(-1.45,1.75,-1.));
#546 = VECTOR('',#547,1.);
#547 = DIRECTION('',(0.,0.,1.));
#548 = ORIENTED_EDGE('',*,*,#135,.T.);
#549 = CYLINDRICAL_SURFACE('',#550,1.2);
#550 = AXIS2_PLACEMENT_3D('',#551,#552,#553);
#551 = CARTESIAN_POINT('',(-0.25,1.75,-1.));
#552 = DIRECTION('',(-0.,-0.,-1.));
#553 = DIRECTION('',(1.850371707709E-16,1.,-0.));
#554 = ADVANCED_FACE('',(#555),#573,.T.);
#555 = FACE_BOUND('',#556,.T.);
#556 = EDGE_LOOP('',(#557,#565,#571,#572));
#557 = ORIENTED_EDGE('',*,*,#558,.T.);
#558 = EDGE_CURVE('',#55,#559,#561,.T.);
#559 = VERTEX_POINT('',#560);
#560 = CARTESIAN_POINT('',(-1.45,-1.75,7.2));
#561 = LINE('',#562,#563);
#562 = CARTESIAN_POINT('',(-1.45,-1.75,-1.));
#563 = VECTOR('',#564,1.);
#564 = DIRECTION('',(0.,0.,1.));
#565 = ORIENTED_EDGE('',*,*,#566,.T.);
#566 = EDGE_CURVE('',#559,#531,#567,.T.);
#567 = LINE('',#568,#569);
#568 = CARTESIAN_POINT('',(-1.45,-3.95,7.2));
#569 = VECTOR('',#570,1.);
#570 = DIRECTION('',(0.,1.,0.));
#571 = ORIENTED_EDGE('',*,*,#543,.F.);
#572 = ORIENTED_EDGE('',*,*,#127,.F.);
#573 = PLANE('',#574);
#574 = AXIS2_PLACEMENT_3D('',#575,#576,#577);
#575 = CARTESIAN_POINT('',(-1.45,-3.95,7.2));
#576 = DIRECTION('',(-1.,0.,0.));
#577 = DIRECTION('',(0.,0.,-1.));
#578 = ADVANCED_FACE('',(#579),#628,.T.);
#579 = FACE_BOUND('',#580,.F.);
#580 = EDGE_LOOP('',(#581,#582,#583,#596,#621,#627));
#581 = ORIENTED_EDGE('',*,*,#54,.F.);
#582 = ORIENTED_EDGE('',*,*,#558,.T.);
#583 = ORIENTED_EDGE('',*,*,#584,.F.);
#584 = EDGE_CURVE('',#585,#559,#587,.T.);
#585 = VERTEX_POINT('',#586);
#586 = CARTESIAN_POINT('',(-1.31299958949,-2.306805058117,7.888790499944
    ));
#587 = B_SPLINE_CURVE_WITH_KNOTS('',7,(#588,#589,#590,#591,#592,#593,
    #594,#595),.UNSPECIFIED.,.F.,.F.,(8,8),(0.,1.),
  .PIECEWISE_BEZIER_KNOTS.);
#588 = CARTESIAN_POINT('',(-0.961092986258,-2.716616141441,
    8.433302550628));
#589 = CARTESIAN_POINT('',(-1.11043596719,-2.606751696048,8.274539776038
    ));
#590 = CARTESIAN_POINT('',(-1.229391782981,-2.477754793705,
    8.103137706093));
#591 = CARTESIAN_POINT('',(-1.319941186927,-2.33874721438,7.925621041598
    ));
#592 = CARTESIAN_POINT('',(-1.385276788033,-2.194712838487,
    7.745841147582));
#593 = CARTESIAN_POINT('',(-1.428098128804,-2.048315776974,
    7.565357598048));
#594 = CARTESIAN_POINT('',(-1.450000119928,-1.900090231035,
    7.383822908105));
#595 = CARTESIAN_POINT('',(-1.45,-1.75,7.2));
#596 = ORIENTED_EDGE('',*,*,#597,.T.);
#597 = EDGE_CURVE('',#585,#598,#600,.T.);
#598 = VERTEX_POINT('',#599);
#599 = CARTESIAN_POINT('',(-0.25,-2.95,6.05));
#600 = B_SPLINE_CURVE_WITH_KNOTS('',7,(#601,#602,#603,#604,#605,#606,
    #607,#608,#609,#610,#611,#612,#613,#614,#615,#616,#617,#618,#619,
    #620),.UNSPECIFIED.,.F.,.F.,(8,6,6,8),(0.,0.196258825879,
    0.565505015212,1.),.UNSPECIFIED.);
#601 = CARTESIAN_POINT('',(-1.45,-1.75,8.424868417408));
#602 = CARTESIAN_POINT('',(-1.45,-1.822932327175,8.371125830399));
#603 = CARTESIAN_POINT('',(-1.444828651444,-1.893556889749,
    8.315051824805));
#604 = CARTESIAN_POINT('',(-1.435074901122,-1.961595676781,
    8.256927597281));
#605 = CARTESIAN_POINT('',(-1.421278185186,-2.026854048644,
    8.197047772037));
#606 = CARTESIAN_POINT('',(-1.40393743471,-2.089199961895,8.135711964437
    ));
#607 = CARTESIAN_POINT('',(-1.383517106502,-2.148550099926,
    8.073219491283));
#608 = CARTESIAN_POINT('',(-1.31705166672,-2.310811216345,7.890674718781
    ));
#609 = CARTESIAN_POINT('',(-1.264084268253,-2.406498282858,
    7.767887011598));
#610 = CARTESIAN_POINT('',(-1.204013352465,-2.492108303881,
    7.642709115335));
#611 = CARTESIAN_POINT('',(-1.138599949674,-2.568171255765,
    7.516016526554));
#612 = CARTESIAN_POINT('',(-1.069086751244,-2.635311834559,
    7.388312721214));
#613 = CARTESIAN_POINT('',(-0.996273260611,-2.69414175873,7.259751172882
    ));
#614 = CARTESIAN_POINT('',(-0.831548864646,-2.805145222742,
    6.977641725898));
#615 = CARTESIAN_POINT('',(-0.738678353379,-2.854210304879,6.82393482149
    ));
#616 = CARTESIAN_POINT('',(-0.643216047548,-2.892838221623,
    6.669585536682));
#617 = CARTESIAN_POINT('',(-0.546040473134,-2.921481407461,
    6.514929436988));
#618 = CARTESIAN_POINT('',(-0.447790631842,-2.940478504358,
    6.360118348956));
#619 = CARTESIAN_POINT('',(-0.348963952501,-2.949999922694,
    6.205166026392));
#620 = CARTESIAN_POINT('',(-0.25,-2.95,6.05));
#621 = ORIENTED_EDGE('',*,*,#622,.F.);
#622 = EDGE_CURVE('',#233,#598,#623,.T.);
#623 = LINE('',#624,#625);
#624 = CARTESIAN_POINT('',(-0.25,-2.95,-1.));
#625 = VECTOR('',#626,1.);
#626 = DIRECTION('',(0.,0.,1.));
#627 = ORIENTED_EDGE('',*,*,#232,.T.);
#628 = CYLINDRICAL_SURFACE('',#629,1.2);
#629 = AXIS2_PLACEMENT_3D('',#630,#631,#632);
#630 = CARTESIAN_POINT('',(-0.25,-1.75,-1.));
#631 = DIRECTION('',(-0.,-0.,-1.));
#632 = DIRECTION('',(-1.,3.700743415417E-16,0.));
#633 = ADVANCED_FACE('',(#634),#683,.T.);
#634 = FACE_BOUND('',#635,.T.);
#635 = EDGE_LOOP('',(#636,#637,#638,#639,#658,#666));
#636 = ORIENTED_EDGE('',*,*,#332,.F.);
#637 = ORIENTED_EDGE('',*,*,#365,.T.);
#638 = ORIENTED_EDGE('',*,*,#400,.T.);
#639 = ORIENTED_EDGE('',*,*,#640,.T.);
#640 = EDGE_CURVE('',#401,#641,#643,.T.);
#641 = VERTEX_POINT('',#642);
#642 = CARTESIAN_POINT('',(6.45,1.75,0.4));
#643 = B_SPLINE_CURVE_WITH_KNOTS('',7,(#644,#645,#646,#647,#648,#649,
    #650,#651,#652,#653,#654,#655,#656,#657),.UNSPECIFIED.,.F.,.F.,(8,6,
    8),(0.,0.31851127154,1.),.UNSPECIFIED.);
#644 = CARTESIAN_POINT('',(6.05,2.644427191,2.22044604925E-16));
#645 = CARTESIAN_POINT('',(6.083333745845,2.614612582338,
    7.401303638874E-17));
#646 = CARTESIAN_POINT('',(6.115968399134,2.582814422452,
    3.240850018332E-03));
#647 = CARTESIAN_POINT('',(6.147579544492,2.549154753933,
    9.477709083379E-03));
#648 = CARTESIAN_POINT('',(6.177895028227,2.513790350267,
    1.845010063514E-02));
#649 = CARTESIAN_POINT('',(6.206686693453,2.476912596653,
    2.988206947251E-02));
#650 = CARTESIAN_POINT('',(6.233768270971,2.438747212416,
    4.348226264066E-02));
#651 = CARTESIAN_POINT('',(6.312984164315,2.315695374275,
    9.202582451515E-02));
#652 = CARTESIAN_POINT('',(6.358628202669,2.226927525329,0.133709740901)
  );
#653 = CARTESIAN_POINT('',(6.395243607625,2.13457244287,0.181531715858)
  );
#654 = CARTESIAN_POINT('',(6.422672770455,2.03979381067,0.233577882031)
  );
#655 = CARTESIAN_POINT('',(6.440891217129,1.943593066575,0.288229088464)
  );
#656 = CARTESIAN_POINT('',(6.450000104387,1.846790997993,0.344117674137)
  );
#657 = CARTESIAN_POINT('',(6.45,1.75,0.4));
#658 = ORIENTED_EDGE('',*,*,#659,.F.);
#659 = EDGE_CURVE('',#660,#641,#662,.T.);
#660 = VERTEX_POINT('',#661);
#661 = CARTESIAN_POINT('',(6.45,-1.75,0.4));
#662 = LINE('',#663,#664);
#663 = CARTESIAN_POINT('',(6.45,-3.95,0.4));
#664 = VECTOR('',#665,1.);
#665 = DIRECTION('',(0.,1.,0.));
#666 = ORIENTED_EDGE('',*,*,#667,.F.);
#667 = EDGE_CURVE('',#314,#660,#668,.T.);
#668 = B_SPLINE_CURVE_WITH_KNOTS('',7,(#669,#670,#671,#672,#673,#674,
    #675,#676,#677,#678,#679,#680,#681,#682),.UNSPECIFIED.,.F.,.F.,(8,6,
    8),(0.,0.318511271551,1.),.UNSPECIFIED.);
#669 = CARTESIAN_POINT('',(6.05,-2.644427191,2.22044604925E-16));
#670 = CARTESIAN_POINT('',(6.083333745845,-2.614612582338,
    1.480288206569E-16));
#671 = CARTESIAN_POINT('',(6.115968399134,-2.582814422452,
    3.24085001833E-03));
#672 = CARTESIAN_POINT('',(6.147579544492,-2.549154753933,
    9.477709083378E-03));
#673 = CARTESIAN_POINT('',(6.177895028227,-2.513790350267,
    1.845010063514E-02));
#674 = CARTESIAN_POINT('',(6.206686693453,-2.476912596653,
    2.988206947251E-02));
#675 = CARTESIAN_POINT('',(6.233768270971,-2.438747212416,
    4.348226264066E-02));
#676 = CARTESIAN_POINT('',(6.312984164312,-2.31569537428,
    9.202582451337E-02));
#677 = CARTESIAN_POINT('',(6.358628202674,-2.226927525324,0.133709740903
    ));
#678 = CARTESIAN_POINT('',(6.395243607623,-2.134572442868,0.181531715861
    ));
#679 = CARTESIAN_POINT('',(6.422672770454,-2.039793810675,0.233577882027
    ));
#680 = CARTESIAN_POINT('',(6.440891217129,-1.943593066575,0.288229088464
    ));
#681 = CARTESIAN_POINT('',(6.450000104387,-1.84679099799,0.344117674138)
  );
#682 = CARTESIAN_POINT('',(6.45,-1.75,0.4));
#683 = CYLINDRICAL_SURFACE('',#684,0.4);
#684 = AXIS2_PLACEMENT_3D('',#685,#686,#687);
#685 = CARTESIAN_POINT('',(6.05,-3.95,0.4));
#686 = DIRECTION('',(0.,-1.,0.));
#687 = DIRECTION('',(-2.22044604925E-15,-0.,-1.));
#688 = ADVANCED_FACE('',(#689),#853,.T.);
#689 = FACE_BOUND('',#690,.F.);
#690 = EDGE_LOOP('',(#691,#692,#700,#779,#846,#852));
#691 = ORIENTED_EDGE('',*,*,#313,.F.);
#692 = ORIENTED_EDGE('',*,*,#693,.T.);
#693 = EDGE_CURVE('',#306,#694,#696,.T.);
#694 = VERTEX_POINT('',#695);
#695 = CARTESIAN_POINT('',(5.25,-2.95,6.05));
#696 = LINE('',#697,#698);
#697 = CARTESIAN_POINT('',(5.25,-2.95,-1.));
#698 = VECTOR('',#699,1.);
#699 = DIRECTION('',(0.,0.,1.));
#700 = ORIENTED_EDGE('',*,*,#701,.T.);
#701 = EDGE_CURVE('',#694,#702,#704,.T.);
#702 = VERTEX_POINT('',#703);
#703 = CARTESIAN_POINT('',(6.31299959906,-2.306805039846,7.888790502124)
  );
#704 = B_SPLINE_CURVE_WITH_KNOTS('',7,(#705,#706,#707,#708,#709,#710,
    #711,#712,#713,#714,#715,#716,#717,#718,#719,#720,#721,#722,#723,
    #724,#725,#726,#727,#728,#729,#730,#731,#732,#733,#734,#735,#736,
    #737,#738,#739,#740,#741,#742,#743,#744,#745,#746,#747,#748,#749,
    #750,#751,#752,#753,#754,#755,#756,#757,#758,#759,#760,#761,#762,
    #763,#764,#765,#766,#767,#768,#769,#770,#771,#772,#773,#774,#775,
    #776,#777,#778),.UNSPECIFIED.,.F.,.F.,(8,6,6,6,6,6,6,6,6,6,6,6,8),(
    0.,6.697940554431E-04,1.339587856986E-03,1.986284842708E-03,
    2.609884847005E-03,3.256580241426E-03,3.926370686801E-03,
    4.573063503754E-03,5.173562537982E-03,5.843348058784E-03,
    0.431797982286,0.803749395344,1.),.UNSPECIFIED.);
#705 = CARTESIAN_POINT('',(5.25,-2.95,6.05));
#706 = CARTESIAN_POINT('',(5.250152521501,-2.95,6.050239139595));
#707 = CARTESIAN_POINT('',(5.250305043012,-2.949999977383,6.050478279182
    ));
#708 = CARTESIAN_POINT('',(5.250457564523,-2.94999993215,6.050717418766)
  );
#709 = CARTESIAN_POINT('',(5.250610086028,-2.9499998643,6.050956558351)
  );
#710 = CARTESIAN_POINT('',(5.250762607524,-2.949999773834,6.051195697937
    ));
#711 = CARTESIAN_POINT('',(5.25091512901,-2.949999660751,6.051434837523)
  );
#712 = CARTESIAN_POINT('',(5.251220171907,-2.949999389351,6.051913116595
    ));
#713 = CARTESIAN_POINT('',(5.251372693316,-2.949999231035,6.052152256083
    ));
#714 = CARTESIAN_POINT('',(5.251525214713,-2.949999050102,6.052391395568
    ));
#715 = CARTESIAN_POINT('',(5.251677736094,-2.949998846552,6.05263053505)
  );
#716 = CARTESIAN_POINT('',(5.251830257459,-2.949998620386,6.052869674528
    ));
#717 = CARTESIAN_POINT('',(5.251982778805,-2.949998371603,6.053108814001
    ));
#718 = CARTESIAN_POINT('',(5.25228256199,-2.949997838163,6.05357884658)
  );
#719 = CARTESIAN_POINT('',(5.25242982383,-2.949997555039,6.053809739684)
  );
#720 = CARTESIAN_POINT('',(5.252577085649,-2.949997250831,6.054040632784
    ));
#721 = CARTESIAN_POINT('',(5.252724347445,-2.949996925539,6.054271525879
    ));
#722 = CARTESIAN_POINT('',(5.252871609215,-2.949996579164,6.054502418968
    ));
#723 = CARTESIAN_POINT('',(5.253018870959,-2.949996211704,6.05473331205)
  );
#724 = CARTESIAN_POINT('',(5.25330813489,-2.949995448495,6.055186851784)
  );
#725 = CARTESIAN_POINT('',(5.253450137079,-2.949995054224,6.055409498436
    ));
#726 = CARTESIAN_POINT('',(5.25359213924,-2.949994640349,6.055632145082)
  );
#727 = CARTESIAN_POINT('',(5.253734141371,-2.949994206868,6.055854791721
    ));
#728 = CARTESIAN_POINT('',(5.253876143469,-2.949993753784,6.056077438352
    ));
#729 = CARTESIAN_POINT('',(5.254018145534,-2.949993281094,6.056300084975
    ));
#730 = CARTESIAN_POINT('',(5.254307408721,-2.949992278274,6.056753624052
    ));
#731 = CARTESIAN_POINT('',(5.25445466984,-2.949991746663,6.056984516506)
  );
#732 = CARTESIAN_POINT('',(5.254601930919,-2.949991193969,6.05721540895)
  );
#733 = CARTESIAN_POINT('',(5.254749191956,-2.949990620192,6.057446301384
    ));
#734 = CARTESIAN_POINT('',(5.254896452949,-2.94999002533,6.057677193808)
  );
#735 = CARTESIAN_POINT('',(5.255043713897,-2.949989409385,6.057908086222
    ));
#736 = CARTESIAN_POINT('',(5.255343494738,-2.949988112577,6.058378116751
    ));
#737 = CARTESIAN_POINT('',(5.255496014628,-2.949987430182,6.058617254866
    ));
#738 = CARTESIAN_POINT('',(5.255648534466,-2.94998672517,6.058856392968)
  );
#739 = CARTESIAN_POINT('',(5.255801054247,-2.949985997541,6.059095531058
    ));
#740 = CARTESIAN_POINT('',(5.255953573972,-2.949985247296,6.059334669134
    ));
#741 = CARTESIAN_POINT('',(5.256106093637,-2.949984474434,6.059573807197
    ));
#742 = CARTESIAN_POINT('',(5.256405873227,-2.949982910909,6.060043836651
    ));
#743 = CARTESIAN_POINT('',(5.256553133156,-2.949982121779,6.060274728044
    ));
#744 = CARTESIAN_POINT('',(5.256700393026,-2.949981311565,6.060505619424
    ));
#745 = CARTESIAN_POINT('',(5.256847652834,-2.949980480267,6.060736510789
    ));
#746 = CARTESIAN_POINT('',(5.256994912579,-2.949979627886,6.06096740214)
  );
#747 = CARTESIAN_POINT('',(5.25714217226,-2.949978754421,6.061198293475)
  );
#748 = CARTESIAN_POINT('',(5.257426172616,-2.949977029221,6.061643583364
    ));
#749 = CARTESIAN_POINT('',(5.2575629133,-2.949976180392,6.06185798192));
#750 = CARTESIAN_POINT('',(5.257699653925,-2.949975313382,6.062072380462
    ));
#751 = CARTESIAN_POINT('',(5.25783639449,-2.949974428194,6.06228677899)
  );
#752 = CARTESIAN_POINT('',(5.257973134992,-2.949973524826,6.062501177503
    ));
#753 = CARTESIAN_POINT('',(5.258109875431,-2.949972603279,6.062715576002
    ));
#754 = CARTESIAN_POINT('',(5.258399133488,-2.949970615398,6.06316911059)
  );
#755 = CARTESIAN_POINT('',(5.258551651092,-2.949969544628,6.063408246676
    ));
#756 = CARTESIAN_POINT('',(5.258704168612,-2.949968451241,6.063647382742
    ));
#757 = CARTESIAN_POINT('',(5.258856686046,-2.949967335238,6.063886518789
    ));
#758 = CARTESIAN_POINT('',(5.259009203393,-2.949966196618,6.064125654815
    ));
#759 = CARTESIAN_POINT('',(5.259161720651,-2.949965035381,6.064364790821
    ));
#760 = CARTESIAN_POINT('',(5.356308561454,-2.949210972017,6.216684074172
    ));
#761 = CARTESIAN_POINT('',(5.453162951058,-2.939311856992,6.368594867538
    ));
#762 = CARTESIAN_POINT('',(5.549435495761,-2.920292806777,6.520362549527
    ));
#763 = CARTESIAN_POINT('',(5.644643300702,-2.891993813027,6.671955082159
    ));
#764 = CARTESIAN_POINT('',(5.738183957085,-2.854101871031,6.823230686717
    ));
#765 = CARTESIAN_POINT('',(5.829242560801,-2.806190223343,6.973892636844
    ));
#766 = CARTESIAN_POINT('',(5.993039995146,-2.696744276768,7.254046808549
    ));
#767 = CARTESIAN_POINT('',(6.066512910822,-2.637790503235,7.383588027251
    ));
#768 = CARTESIAN_POINT('',(6.136663091561,-2.570418746986,7.512267873252
    ));
#769 = CARTESIAN_POINT('',(6.202680820453,-2.494004894317,7.639933902088
    ));
#770 = CARTESIAN_POINT('',(6.263302210646,-2.40791020621,7.766074656682)
  );
#771 = CARTESIAN_POINT('',(6.316731882603,-2.311591900681,7.889796444013
    ));
#772 = CARTESIAN_POINT('',(6.383517106502,-2.148550099926,8.073219491283
    ));
#773 = CARTESIAN_POINT('',(6.40393743471,-2.089199961895,8.135711964437)
  );
#774 = CARTESIAN_POINT('',(6.421278185186,-2.026854048645,8.197047772037
    ));
#775 = CARTESIAN_POINT('',(6.435074901122,-1.961595676781,8.25692759728)
  );
#776 = CARTESIAN_POINT('',(6.444828651444,-1.893556889749,8.315051824805
    ));
#777 = CARTESIAN_POINT('',(6.45,-1.822932327175,8.371125830399));
#778 = CARTESIAN_POINT('',(6.45,-1.75,8.424868417408));
#779 = ORIENTED_EDGE('',*,*,#780,.F.);
#780 = EDGE_CURVE('',#781,#702,#783,.T.);
#781 = VERTEX_POINT('',#782);
#782 = CARTESIAN_POINT('',(6.45,-1.75,7.2));
#783 = B_SPLINE_CURVE_WITH_KNOTS('',7,(#784,#785,#786,#787,#788,#789,
    #790,#791,#792,#793,#794,#795,#796,#797,#798,#799,#800,#801,#802,
    #803,#804,#805,#806,#807,#808,#809,#810,#811,#812,#813,#814,#815,
    #816,#817,#818,#819,#820,#821,#822,#823,#824,#825,#826,#827,#828,
    #829,#830,#831,#832,#833,#834,#835,#836,#837,#838,#839,#840,#841,
    #842,#843,#844,#845),.UNSPECIFIED.,.F.,.F.,(8,6,6,6,6,6,6,6,6,6,8),(
    0.,1.246444281712E-03,2.492887896212E-03,3.73933017654E-03,
    4.985770455521E-03,6.232208066105E-03,7.47864234115E-03,
    8.725072613581E-03,9.971498216309E-03,1.078811903498E-02,1.),
  .UNSPECIFIED.);
#784 = CARTESIAN_POINT('',(6.45,-1.75,7.2));
#785 = CARTESIAN_POINT('',(6.45,-1.750186799933,7.200228782255));
#786 = CARTESIAN_POINT('',(6.449999966075,-1.750373599863,7.200457564512
    ));
#787 = CARTESIAN_POINT('',(6.449999898225,-1.750560399789,7.200686346769
    ));
#788 = CARTESIAN_POINT('',(6.44999979645,-1.750747199708,7.200915129021)
  );
#789 = CARTESIAN_POINT('',(6.449999660751,-1.750933999619,7.201143911267
    ));
#790 = CARTESIAN_POINT('',(6.449999491126,-1.751120799515,7.201372693503
    ));
#791 = CARTESIAN_POINT('',(6.449999084027,-1.751494399174,7.201830257837
    ));
#792 = CARTESIAN_POINT('',(6.449998846552,-1.751681198935,7.202059039932
    ));
#793 = CARTESIAN_POINT('',(6.449998575153,-1.751867998677,7.202287822016
    ));
#794 = CARTESIAN_POINT('',(6.449998269829,-1.752054798394,7.202516604086
    ));
#795 = CARTESIAN_POINT('',(6.44999793058,-1.752241598083,7.202745386141)
  );
#796 = CARTESIAN_POINT('',(6.449997557405,-1.752428397742,7.202974168177
    ));
#797 = CARTESIAN_POINT('',(6.449996743207,-1.75280199679,7.203431731967)
  );
#798 = CARTESIAN_POINT('',(6.449996302184,-1.752988796179,7.20366051372)
  );
#799 = CARTESIAN_POINT('',(6.449995827235,-1.753175595531,7.203889295452
    ));
#800 = CARTESIAN_POINT('',(6.449995318361,-1.753362394841,7.20411807716)
  );
#801 = CARTESIAN_POINT('',(6.449994775563,-1.753549194107,7.204346858842
    ));
#802 = CARTESIAN_POINT('',(6.449994198839,-1.753735993324,7.204575640497
    ));
#803 = CARTESIAN_POINT('',(6.449992977543,-1.754109591356,7.205033203381
    ));
#804 = CARTESIAN_POINT('',(6.449992332971,-1.75429639017,7.205261984611)
  );
#805 = CARTESIAN_POINT('',(6.449991654473,-1.754483188929,7.205490765809
    ));
#806 = CARTESIAN_POINT('',(6.449990942051,-1.75466998763,7.205719546973)
  );
#807 = CARTESIAN_POINT('',(6.449990195703,-1.754856786268,7.205948328103
    ));
#808 = CARTESIAN_POINT('',(6.449989415431,-1.755043584841,7.206177109195
    ));
#809 = CARTESIAN_POINT('',(6.449987787038,-1.755417181449,7.206634670812
    ));
#810 = CARTESIAN_POINT('',(6.449986938917,-1.755603979485,7.206863451336
    ));
#811 = CARTESIAN_POINT('',(6.449986056871,-1.755790777448,7.207092231819
    ));
#812 = CARTESIAN_POINT('',(6.4499851409,-1.755977575335,7.207321012259)
  );
#813 = CARTESIAN_POINT('',(6.449984191005,-1.756164373143,7.207549792655
    ));
#814 = CARTESIAN_POINT('',(6.449983207184,-1.756351170868,7.207778573003
    ));
#815 = CARTESIAN_POINT('',(6.449981171694,-1.756724765647,7.20823613299)
  );
#816 = CARTESIAN_POINT('',(6.449980120026,-1.7569115627,7.208464912628)
  );
#817 = CARTESIAN_POINT('',(6.449979034433,-1.757098359663,7.208693692216
    ));
#818 = CARTESIAN_POINT('',(6.449977914915,-1.757285156534,7.20892247175)
  );
#819 = CARTESIAN_POINT('',(6.449976761471,-1.757471953308,7.20915125123)
  );
#820 = CARTESIAN_POINT('',(6.449975574103,-1.757658749982,7.209380030654
    ));
#821 = CARTESIAN_POINT('',(6.449973131519,-1.758032342524,7.209837588648
    ));
#822 = CARTESIAN_POINT('',(6.449971876304,-1.758219138392,7.210066367219
    ));
#823 = CARTESIAN_POINT('',(6.449970587164,-1.758405934153,7.21029514573)
  );
#824 = CARTESIAN_POINT('',(6.449969264099,-1.758592729804,7.210523924178
    ));
#825 = CARTESIAN_POINT('',(6.449967907109,-1.758779525341,7.210752702562
    ));
#826 = CARTESIAN_POINT('',(6.449966516194,-1.758966320761,7.210981480879
    ));
#827 = CARTESIAN_POINT('',(6.449963666518,-1.759339910659,7.211439036519
    ));
#828 = CARTESIAN_POINT('',(6.449962207758,-1.759526705138,7.211667813843
    ));
#829 = CARTESIAN_POINT('',(6.449960715072,-1.759713499493,7.211896591095
    ));
#830 = CARTESIAN_POINT('',(6.449959188461,-1.759900293721,7.212125368276
    ));
#831 = CARTESIAN_POINT('',(6.449957627926,-1.760087087817,7.212354145382
    ));
#832 = CARTESIAN_POINT('',(6.449956033464,-1.76027388178,7.212582922412)
  );
#833 = CARTESIAN_POINT('',(6.449953338208,-1.760583057337,7.212961587188
    ));
#834 = CARTESIAN_POINT('',(6.449952256775,-1.760705439012,7.213111474978
    ));
#835 = CARTESIAN_POINT('',(6.44995116078,-1.760827820626,7.213261362735)
  );
#836 = CARTESIAN_POINT('',(6.449950050223,-1.760950202179,7.213411250457
    ));
#837 = CARTESIAN_POINT('',(6.449948925103,-1.76107258367,7.213561138143)
  );
#838 = CARTESIAN_POINT('',(6.44994778542,-1.761194965098,7.213711025794)
  );
#839 = CARTESIAN_POINT('',(6.448548439068,-1.909563749826,7.395426954451
    ));
#840 = CARTESIAN_POINT('',(6.425795328243,-2.056253299893,7.57514638736)
  );
#841 = CARTESIAN_POINT('',(6.382394814012,-2.201104259672,7.753814071522
    ));
#842 = CARTESIAN_POINT('',(6.31689532757,-2.343353184587,7.931507521142)
  );
#843 = CARTESIAN_POINT('',(6.226803263212,-2.480486996184,8.106785953711
    ));
#844 = CARTESIAN_POINT('',(6.108938628406,-2.607853216147,8.276131559317
    ));
#845 = CARTESIAN_POINT('',(5.961092986258,-2.716616141441,8.433302550628
    ));
#846 = ORIENTED_EDGE('',*,*,#847,.F.);
#847 = EDGE_CURVE('',#660,#781,#848,.T.);
#848 = LINE('',#849,#850);
#849 = CARTESIAN_POINT('',(6.45,-1.75,-1.));
#850 = VECTOR('',#851,1.);
#851 = DIRECTION('',(0.,0.,1.));
#852 = ORIENTED_EDGE('',*,*,#667,.F.);
#853 = CYLINDRICAL_SURFACE('',#854,1.2);
#854 = AXIS2_PLACEMENT_3D('',#855,#856,#857);
#855 = CARTESIAN_POINT('',(5.25,-1.75,-1.));
#856 = DIRECTION('',(-0.,-0.,-1.));
#857 = DIRECTION('',(0.,-1.,0.));
#858 = ADVANCED_FACE('',(#859),#870,.F.);
#859 = FACE_BOUND('',#860,.F.);
#860 = EDGE_LOOP('',(#861,#862,#868,#869));
#861 = ORIENTED_EDGE('',*,*,#622,.T.);
#862 = ORIENTED_EDGE('',*,*,#863,.T.);
#863 = EDGE_CURVE('',#598,#694,#864,.T.);
#864 = LINE('',#865,#866);
#865 = CARTESIAN_POINT('',(-2.45,-2.95,6.05));
#866 = VECTOR('',#867,1.);
#867 = DIRECTION('',(1.,0.,0.));
#868 = ORIENTED_EDGE('',*,*,#693,.F.);
#869 = ORIENTED_EDGE('',*,*,#305,.F.);
#870 = PLANE('',#871);
#871 = AXIS2_PLACEMENT_3D('',#872,#873,#874);
#872 = CARTESIAN_POINT('',(-2.45,-2.95,6.05));
#873 = DIRECTION('',(-0.,1.,0.));
#874 = DIRECTION('',(0.,0.,-1.));
#875 = ADVANCED_FACE('',(#876),#894,.F.);
#876 = FACE_BOUND('',#877,.F.);
#877 = EDGE_LOOP('',(#878,#879,#880,#888));
#878 = ORIENTED_EDGE('',*,*,#443,.F.);
#879 = ORIENTED_EDGE('',*,*,#428,.T.);
#880 = ORIENTED_EDGE('',*,*,#881,.T.);
#881 = EDGE_CURVE('',#410,#882,#884,.T.);
#882 = VERTEX_POINT('',#883);
#883 = CARTESIAN_POINT('',(5.25,2.95,6.05));
#884 = LINE('',#885,#886);
#885 = CARTESIAN_POINT('',(5.25,2.95,-1.));
#886 = VECTOR('',#887,1.);
#887 = DIRECTION('',(0.,0.,1.));
#888 = ORIENTED_EDGE('',*,*,#889,.F.);
#889 = EDGE_CURVE('',#444,#882,#890,.T.);
#890 = LINE('',#891,#892);
#891 = CARTESIAN_POINT('',(-2.45,2.95,6.05));
#892 = VECTOR('',#893,1.);
#893 = DIRECTION('',(1.,0.,0.));
#894 = PLANE('',#895);
#895 = AXIS2_PLACEMENT_3D('',#896,#897,#898);
#896 = CARTESIAN_POINT('',(-2.45,2.95,0.4));
#897 = DIRECTION('',(0.,-1.,0.));
#898 = DIRECTION('',(0.,0.,1.));
#899 = ADVANCED_FACE('',(#900),#1003,.T.);
#900 = FACE_BOUND('',#901,.F.);
#901 = EDGE_LOOP('',(#902,#903,#911,#978,#1001,#1002));
#902 = ORIENTED_EDGE('',*,*,#640,.T.);
#903 = ORIENTED_EDGE('',*,*,#904,.T.);
#904 = EDGE_CURVE('',#641,#905,#907,.T.);
#905 = VERTEX_POINT('',#906);
#906 = CARTESIAN_POINT('',(6.45,1.75,7.2));
#907 = LINE('',#908,#909);
#908 = CARTESIAN_POINT('',(6.45,1.75,-1.));
#909 = VECTOR('',#910,1.);
#910 = DIRECTION('',(0.,0.,1.));
#911 = ORIENTED_EDGE('',*,*,#912,.T.);
#912 = EDGE_CURVE('',#905,#913,#915,.T.);
#913 = VERTEX_POINT('',#914);
#914 = CARTESIAN_POINT('',(6.31299959906,2.306805039846,7.888790502124)
  );
#915 = B_SPLINE_CURVE_WITH_KNOTS('',7,(#916,#917,#918,#919,#920,#921,
    #922,#923,#924,#925,#926,#927,#928,#929,#930,#931,#932,#933,#934,
    #935,#936,#937,#938,#939,#940,#941,#942,#943,#944,#945,#946,#947,
    #948,#949,#950,#951,#952,#953,#954,#955,#956,#957,#958,#959,#960,
    #961,#962,#963,#964,#965,#966,#967,#968,#969,#970,#971,#972,#973,
    #974,#975,#976,#977),.UNSPECIFIED.,.F.,.F.,(8,6,6,6,6,6,6,6,6,6,8),(
    0.,1.2464442817E-03,2.492887896198E-03,3.739330176513E-03,
    4.985770455477E-03,6.232208066039E-03,7.478642341066E-03,
    8.725072613485E-03,9.971498216217E-03,1.078811903489E-02,1.),
  .UNSPECIFIED.);
#916 = CARTESIAN_POINT('',(6.45,1.75,7.2));
#917 = CARTESIAN_POINT('',(6.45,1.750186799933,7.200228782255));
#918 = CARTESIAN_POINT('',(6.449999966075,1.750373599863,7.200457564512)
  );
#919 = CARTESIAN_POINT('',(6.449999898225,1.750560399789,7.200686346769)
  );
#920 = CARTESIAN_POINT('',(6.44999979645,1.750747199708,7.200915129021)
  );
#921 = CARTESIAN_POINT('',(6.449999660751,1.750933999619,7.201143911267)
  );
#922 = CARTESIAN_POINT('',(6.449999491126,1.751120799515,7.201372693503)
  );
#923 = CARTESIAN_POINT('',(6.449999084027,1.751494399174,7.201830257837)
  );
#924 = CARTESIAN_POINT('',(6.449998846552,1.751681198935,7.202059039932)
  );
#925 = CARTESIAN_POINT('',(6.449998575153,1.751867998677,7.202287822016)
  );
#926 = CARTESIAN_POINT('',(6.449998269829,1.752054798394,7.202516604086)
  );
#927 = CARTESIAN_POINT('',(6.44999793058,1.752241598083,7.202745386141)
  );
#928 = CARTESIAN_POINT('',(6.449997557405,1.752428397742,7.202974168177)
  );
#929 = CARTESIAN_POINT('',(6.449996743207,1.75280199679,7.203431731967)
  );
#930 = CARTESIAN_POINT('',(6.449996302184,1.752988796179,7.20366051372)
  );
#931 = CARTESIAN_POINT('',(6.449995827235,1.753175595531,7.203889295452)
  );
#932 = CARTESIAN_POINT('',(6.449995318361,1.753362394841,7.20411807716)
  );
#933 = CARTESIAN_POINT('',(6.449994775563,1.753549194107,7.204346858842)
  );
#934 = CARTESIAN_POINT('',(6.449994198839,1.753735993324,7.204575640497)
  );
#935 = CARTESIAN_POINT('',(6.449992977543,1.754109591356,7.205033203381)
  );
#936 = CARTESIAN_POINT('',(6.449992332971,1.75429639017,7.205261984611)
  );
#937 = CARTESIAN_POINT('',(6.449991654473,1.754483188929,7.205490765809)
  );
#938 = CARTESIAN_POINT('',(6.449990942051,1.75466998763,7.205719546973)
  );
#939 = CARTESIAN_POINT('',(6.449990195703,1.754856786268,7.205948328103)
  );
#940 = CARTESIAN_POINT('',(6.449989415431,1.755043584841,7.206177109195)
  );
#941 = CARTESIAN_POINT('',(6.449987787038,1.755417181449,7.206634670812)
  );
#942 = CARTESIAN_POINT('',(6.449986938917,1.755603979485,7.206863451336)
  );
#943 = CARTESIAN_POINT('',(6.449986056871,1.755790777448,7.207092231819)
  );
#944 = CARTESIAN_POINT('',(6.4499851409,1.755977575335,7.207321012259));
#945 = CARTESIAN_POINT('',(6.449984191005,1.756164373143,7.207549792655)
  );
#946 = CARTESIAN_POINT('',(6.449983207184,1.756351170868,7.207778573003)
  );
#947 = CARTESIAN_POINT('',(6.449981171694,1.756724765647,7.20823613299)
  );
#948 = CARTESIAN_POINT('',(6.449980120026,1.7569115627,7.208464912628));
#949 = CARTESIAN_POINT('',(6.449979034433,1.757098359663,7.208693692216)
  );
#950 = CARTESIAN_POINT('',(6.449977914915,1.757285156534,7.20892247175)
  );
#951 = CARTESIAN_POINT('',(6.449976761471,1.757471953308,7.20915125123)
  );
#952 = CARTESIAN_POINT('',(6.449975574103,1.757658749982,7.209380030654)
  );
#953 = CARTESIAN_POINT('',(6.449973131519,1.758032342524,7.209837588648)
  );
#954 = CARTESIAN_POINT('',(6.449971876304,1.758219138392,7.210066367219)
  );
#955 = CARTESIAN_POINT('',(6.449970587164,1.758405934153,7.21029514573)
  );
#956 = CARTESIAN_POINT('',(6.449969264099,1.758592729804,7.210523924178)
  );
#957 = CARTESIAN_POINT('',(6.449967907109,1.758779525341,7.210752702562)
  );
#958 = CARTESIAN_POINT('',(6.449966516194,1.758966320761,7.210981480879)
  );
#959 = CARTESIAN_POINT('',(6.449963666518,1.759339910659,7.211439036519)
  );
#960 = CARTESIAN_POINT('',(6.449962207758,1.759526705138,7.211667813843)
  );
#961 = CARTESIAN_POINT('',(6.449960715072,1.759713499493,7.211896591095)
  );
#962 = CARTESIAN_POINT('',(6.449959188461,1.759900293721,7.212125368276)
  );
#963 = CARTESIAN_POINT('',(6.449957627926,1.760087087817,7.212354145382)
  );
#964 = CARTESIAN_POINT('',(6.449956033464,1.76027388178,7.212582922412)
  );
#965 = CARTESIAN_POINT('',(6.449953338208,1.760583057337,7.212961587188)
  );
#966 = CARTESIAN_POINT('',(6.449952256775,1.760705439012,7.213111474978)
  );
#967 = CARTESIAN_POINT('',(6.44995116078,1.760827820626,7.213261362735)
  );
#968 = CARTESIAN_POINT('',(6.449950050223,1.760950202179,7.213411250457)
  );
#969 = CARTESIAN_POINT('',(6.449948925103,1.76107258367,7.213561138143)
  );
#970 = CARTESIAN_POINT('',(6.44994778542,1.761194965098,7.213711025794)
  );
#971 = CARTESIAN_POINT('',(6.448548439068,1.909563749826,7.395426954451)
  );
#972 = CARTESIAN_POINT('',(6.425795328243,2.056253299893,7.575146387361)
  );
#973 = CARTESIAN_POINT('',(6.382394814013,2.201104259672,7.753814071521)
  );
#974 = CARTESIAN_POINT('',(6.31689532757,2.343353184587,7.931507521142)
  );
#975 = CARTESIAN_POINT('',(6.226803263212,2.480486996184,8.106785953712)
  );
#976 = CARTESIAN_POINT('',(6.108938628406,2.607853216147,8.276131559317)
  );
#977 = CARTESIAN_POINT('',(5.961092986258,2.716616141441,8.433302550628)
  );
#978 = ORIENTED_EDGE('',*,*,#979,.T.);
#979 = EDGE_CURVE('',#913,#882,#980,.T.);
#980 = B_SPLINE_CURVE_WITH_KNOTS('',7,(#981,#982,#983,#984,#985,#986,
    #987,#988,#989,#990,#991,#992,#993,#994,#995,#996,#997,#998,#999,
    #1000),.UNSPECIFIED.,.F.,.F.,(8,6,6,8),(0.,0.196258825933,
    0.565505015242,1.),.UNSPECIFIED.);
#981 = CARTESIAN_POINT('',(6.45,1.75,8.424868417408));
#982 = CARTESIAN_POINT('',(6.45,1.822932327154,8.371125830414));
#983 = CARTESIAN_POINT('',(6.444828651447,1.893556889746,8.31505182481)
  );
#984 = CARTESIAN_POINT('',(6.435074901121,1.961595676797,8.256927597268)
  );
#985 = CARTESIAN_POINT('',(6.42127818518,2.026854048661,8.19704777202));
#986 = CARTESIAN_POINT('',(6.403937434708,2.089199961893,8.135711964436)
  );
#987 = CARTESIAN_POINT('',(6.38351710651,2.148550099907,8.073219491305)
  );
#988 = CARTESIAN_POINT('',(6.317051666719,2.310811216345,7.890674718781)
  );
#989 = CARTESIAN_POINT('',(6.264084268254,2.406498282857,7.767887011598)
  );
#990 = CARTESIAN_POINT('',(6.204013352466,2.492108303881,7.642709115335)
  );
#991 = CARTESIAN_POINT('',(6.138599949673,2.568171255766,7.516016526554)
  );
#992 = CARTESIAN_POINT('',(6.069086751244,2.635311834559,7.388312721213)
  );
#993 = CARTESIAN_POINT('',(5.996273260611,2.69414175873,7.259751172882)
  );
#994 = CARTESIAN_POINT('',(5.831548864646,2.805145222742,6.977641725899)
  );
#995 = CARTESIAN_POINT('',(5.738678353379,2.854210304879,6.82393482149)
  );
#996 = CARTESIAN_POINT('',(5.643216047548,2.892838221623,6.669585536682)
  );
#997 = CARTESIAN_POINT('',(5.546040473134,2.921481407461,6.514929436988)
  );
#998 = CARTESIAN_POINT('',(5.447790631841,2.940478504358,6.360118348956)
  );
#999 = CARTESIAN_POINT('',(5.348963952501,2.949999922694,6.205166026392)
  );
#1000 = CARTESIAN_POINT('',(5.25,2.95,6.05));
#1001 = ORIENTED_EDGE('',*,*,#881,.F.);
#1002 = ORIENTED_EDGE('',*,*,#409,.F.);
#1003 = CYLINDRICAL_SURFACE('',#1004,1.2);
#1004 = AXIS2_PLACEMENT_3D('',#1005,#1006,#1007);
#1005 = CARTESIAN_POINT('',(5.25,1.75,-1.));
#1006 = DIRECTION('',(-0.,-0.,-1.));
#1007 = DIRECTION('',(1.,7.401486830834E-16,-0.));
#1008 = ADVANCED_FACE('',(#1009),#1194,.T.);
#1009 = FACE_BOUND('',#1010,.T.);
#1010 = EDGE_LOOP('',(#1011,#1102,#1191,#1192,#1193));
#1011 = ORIENTED_EDGE('',*,*,#1012,.F.);
#1012 = EDGE_CURVE('',#1013,#585,#1015,.T.);
#1013 = VERTEX_POINT('',#1014);
#1014 = CARTESIAN_POINT('',(0.35,-2.145453060823E-17,9.));
#1015 = B_SPLINE_CURVE_WITH_KNOTS('',8,(#1016,#1017,#1018,#1019,#1020,
    #1021,#1022,#1023,#1024,#1025,#1026,#1027,#1028,#1029,#1030,#1031,
    #1032,#1033,#1034,#1035,#1036,#1037,#1038,#1039,#1040,#1041,#1042,
    #1043,#1044,#1045,#1046,#1047,#1048,#1049,#1050,#1051,#1052,#1053,
    #1054,#1055,#1056,#1057,#1058,#1059,#1060,#1061,#1062,#1063,#1064,
    #1065,#1066,#1067,#1068,#1069,#1070,#1071,#1072,#1073,#1074,#1075,
    #1076,#1077,#1078,#1079,#1080,#1081,#1082,#1083,#1084,#1085,#1086,
    #1087,#1088,#1089,#1090,#1091,#1092,#1093,#1094,#1095,#1096,#1097,
    #1098,#1099,#1100,#1101),.UNSPECIFIED.,.F.,.F.,(9,7,7,7,7,7,7,7,7,7,
    7,7,9),(0.,6.893581993896E-04,1.354945130543E-03,2.044302410707E-03,
    2.733658755567E-03,3.423013849669E-03,4.112367377637E-03,
    4.801719024059E-03,5.467297842887E-03,6.061562683449E-03,
    0.639945794083,0.792094718637,1.),.UNSPECIFIED.);
#1016 = CARTESIAN_POINT('',(0.35,4.440892098501E-16,9.));
#1017 = CARTESIAN_POINT('',(0.349799815523,-2.562743582653E-04,9.));
#1018 = CARTESIAN_POINT('',(0.349599631045,-5.125487163247E-04,
    8.999999974556));
#1019 = CARTESIAN_POINT('',(0.349399446569,-7.688230736875E-04,
    8.999999923669));
#1020 = CARTESIAN_POINT('',(0.349199262096,-1.025097429818E-03,
    8.999999847338));
#1021 = CARTESIAN_POINT('',(0.348999077628,-1.281371784136E-03,
    8.999999745563));
#1022 = CARTESIAN_POINT('',(0.348798893166,-1.537646136015E-03,
    8.999999618345));
#1023 = CARTESIAN_POINT('',(0.348598708713,-1.793920484785E-03,
    8.999999465682));
#1024 = CARTESIAN_POINT('',(0.348205242822,-2.297632018316E-03,
    8.999999115612));
#1025 = CARTESIAN_POINT('',(0.348011961385,-2.545069203383E-03,
    8.999998919929));
#1026 = CARTESIAN_POINT('',(0.347818679958,-2.792506384385E-03,
    8.999998700526));
#1027 = CARTESIAN_POINT('',(0.347625398542,-3.039943560769E-03,
    8.999998457404));
#1028 = CARTESIAN_POINT('',(0.34743211714,-3.287380731975E-03,
    8.999998190563));
#1029 = CARTESIAN_POINT('',(0.347238835753,-3.534817897434E-03,
    8.999997900003));
#1030 = CARTESIAN_POINT('',(0.347045554382,-3.782255056571E-03,
    8.999997585723));
#1031 = CARTESIAN_POINT('',(0.346652088946,-4.285966174371E-03,
    8.999996897654));
#1032 = CARTESIAN_POINT('',(0.346451904883,-4.542240132547E-03,
    8.999996522141));
#1033 = CARTESIAN_POINT('',(0.346251720841,-4.79851408271E-03,
    8.999996121184));
#1034 = CARTESIAN_POINT('',(0.346051536821,-5.054788024237E-03,
    8.999995694783));
#1035 = CARTESIAN_POINT('',(0.345851352824,-5.311061956503E-03,
    8.999995242938));
#1036 = CARTESIAN_POINT('',(0.345651168852,-5.567335878884E-03,
    8.99999476565));
#1037 = CARTESIAN_POINT('',(0.345450984907,-5.823609790753E-03,
    8.999994262917));
#1038 = CARTESIAN_POINT('',(0.345050617346,-6.336157244509E-03,
    8.999993206566));
#1039 = CARTESIAN_POINT('',(0.344850433729,-6.592430786398E-03,
    8.999992652948));
#1040 = CARTESIAN_POINT('',(0.344650250143,-6.848704316523E-03,
    8.999992073885));
#1041 = CARTESIAN_POINT('',(0.344450066587,-7.104977834253E-03,
    8.999991469379));
#1042 = CARTESIAN_POINT('',(0.344249883065,-7.361251338963E-03,
    8.999990839429));
#1043 = CARTESIAN_POINT('',(0.344049699578,-7.617524830025E-03,
    8.999990184035));
#1044 = CARTESIAN_POINT('',(0.343849516127,-7.873798306814E-03,
    8.999989503198));
#1045 = CARTESIAN_POINT('',(0.343449149664,-8.386344765622E-03,
    8.999988090637));
#1046 = CARTESIAN_POINT('',(0.343248966651,-8.642617747638E-03,
    8.999987358913));
#1047 = CARTESIAN_POINT('',(0.343048783679,-8.89889071413E-03,
    8.999986601746));
#1048 = CARTESIAN_POINT('',(0.342848600747,-9.155163664471E-03,
    8.999985819135));
#1049 = CARTESIAN_POINT('',(0.342648417858,-9.411436598037E-03,
    8.99998501108));
#1050 = CARTESIAN_POINT('',(0.342448235014,-9.667709514202E-03,
    8.999984177581));
#1051 = CARTESIAN_POINT('',(0.342248052215,-9.92398241234E-03,
    8.999983318639));
#1052 = CARTESIAN_POINT('',(0.341847687167,-1.043652758909E-02,
    8.999981549869));
#1053 = CARTESIAN_POINT('',(0.341647504918,-1.069279986771E-02,
    8.999980640041));
#1054 = CARTESIAN_POINT('',(0.341447322717,-1.094907212704E-02,
    8.99997970477));
#1055 = CARTESIAN_POINT('',(0.341247140568,-1.120534436647E-02,
    8.999978744055));
#1056 = CARTESIAN_POINT('',(0.341046958471,-1.146161658536E-02,
    8.999977757896));
#1057 = CARTESIAN_POINT('',(0.340846776427,-1.171788878309E-02,
    8.999976746293));
#1058 = CARTESIAN_POINT('',(0.340646594439,-1.197416095904E-02,
    8.999975709247));
#1059 = CARTESIAN_POINT('',(0.340246231123,-1.248670456664E-02,
    8.999973584269));
#1060 = CARTESIAN_POINT('',(0.340046049795,-1.27429759983E-02,
    8.999972496338));
#1061 = CARTESIAN_POINT('',(0.339845868526,-1.299924740692E-02,
    8.999971382963));
#1062 = CARTESIAN_POINT('',(0.339645687317,-1.325551879188E-02,
    8.999970244145));
#1063 = CARTESIAN_POINT('',(0.33944550617,-1.351179015254E-02,
    8.999969079882));
#1064 = CARTESIAN_POINT('',(0.339245325086,-1.376806148829E-02,
    8.999967890176));
#1065 = CARTESIAN_POINT('',(0.339045144067,-1.40243327985E-02,
    8.999966675026));
#1066 = CARTESIAN_POINT('',(0.338651685558,-1.452803765207E-02,
    8.999964236622));
#1067 = CARTESIAN_POINT('',(0.338458408064,-1.477547119719E-02,
    8.999963015092));
#1068 = CARTESIAN_POINT('',(0.338265130633,-1.502290471736E-02,
    8.999961769842));
#1069 = CARTESIAN_POINT('',(0.338071853266,-1.527033821201E-02,
    8.999960500873));
#1070 = CARTESIAN_POINT('',(0.337878575967,-1.551777168058E-02,
    8.999959208186));
#1071 = CARTESIAN_POINT('',(0.337685298735,-1.576520512251E-02,
    8.999957891778));
#1072 = CARTESIAN_POINT('',(0.337492021572,-1.601263853723E-02,
    8.999956551652));
#1073 = CARTESIAN_POINT('',(0.337126176217,-1.648099386169E-02,
    8.99995397009));
#1074 = CARTESIAN_POINT('',(0.33695360801,-1.670191577707E-02,
    8.999952733465));
#1075 = CARTESIAN_POINT('',(0.336781039861,-1.692283766991E-02,
    8.999951477932));
#1076 = CARTESIAN_POINT('',(0.336608471771,-1.71437595398E-02,
    8.99995020349));
#1077 = CARTESIAN_POINT('',(0.33643590374,-1.736468138636E-02,
    8.999948910139));
#1078 = CARTESIAN_POINT('',(0.336263335769,-1.758560320918E-02,
    8.999947597879));
#1079 = CARTESIAN_POINT('',(0.336090767859,-1.780652500785E-02,
    8.99994626671));
#1080 = CARTESIAN_POINT('',(0.151845326053,-0.253677984087,
    8.998504829566));
#1081 = CARTESIAN_POINT('',(-3.066278265832E-02,-0.487388709796,
    8.975562151456));
#1082 = CARTESIAN_POINT('',(-0.211504316182,-0.720122517403,
    8.931688450987));
#1083 = CARTESIAN_POINT('',(-0.390369438564,-0.952525589982,8.8660838157
    ));
#1084 = CARTESIAN_POINT('',(-0.566143666811,-1.184444999838,
    8.776952849473));
#1085 = CARTESIAN_POINT('',(-0.736442815527,-1.414651760704,
    8.661787672507));
#1086 = CARTESIAN_POINT('',(-0.897183963876,-1.640452204593,
    8.517658587385));
#1087 = CARTESIAN_POINT('',(-1.076038982567,-1.909380845101,
    8.29972311654));
#1088 = CARTESIAN_POINT('',(-1.10977245071,-1.96101832963,8.255638371629
    ));
#1089 = CARTESIAN_POINT('',(-1.142538089653,-2.012204555764,
    8.209578723705));
#1090 = CARTESIAN_POINT('',(-1.174235541707,-2.06288901505,
    8.161470066338));
#1091 = CARTESIAN_POINT('',(-1.204744169558,-2.11300486257,
    8.111240382616));
#1092 = CARTESIAN_POINT('',(-1.233922003502,-2.162469660867,
    8.05882098803));
#1093 = CARTESIAN_POINT('',(-1.261604688689,-2.211186123885,
    8.004147773371));
#1094 = CARTESIAN_POINT('',(-1.323132018494,-2.324437134321,
    7.869294331095));
#1095 = CARTESIAN_POINT('',(-1.355677641464,-2.388522204783,
    7.786756605796));
#1096 = CARTESIAN_POINT('',(-1.384590676826,-2.450765669465,
    7.699596093305));
#1097 = CARTESIAN_POINT('',(-1.409196815328,-2.510645416422,
    7.607910275812));
#1098 = CARTESIAN_POINT('',(-1.428795752454,-2.567650519331,
    7.511851636744));
#1099 = CARTESIAN_POINT('',(-1.442655025763,-2.621286427488,
    7.411636294395));
#1100 = CARTESIAN_POINT('',(-1.45,-2.671084451036,7.307556928533));
#1101 = CARTESIAN_POINT('',(-1.45,-2.716615541441,7.2));
#1102 = ORIENTED_EDGE('',*,*,#1103,.T.);
#1103 = EDGE_CURVE('',#1013,#452,#1104,.T.);
#1104 = B_SPLINE_CURVE_WITH_KNOTS('',8,(#1105,#1106,#1107,#1108,#1109,
    #1110,#1111,#1112,#1113,#1114,#1115,#1116,#1117,#1118,#1119,#1120,
    #1121,#1122,#1123,#1124,#1125,#1126,#1127,#1128,#1129,#1130,#1131,
    #1132,#1133,#1134,#1135,#1136,#1137,#1138,#1139,#1140,#1141,#1142,
    #1143,#1144,#1145,#1146,#1147,#1148,#1149,#1150,#1151,#1152,#1153,
    #1154,#1155,#1156,#1157,#1158,#1159,#1160,#1161,#1162,#1163,#1164,
    #1165,#1166,#1167,#1168,#1169,#1170,#1171,#1172,#1173,#1174,#1175,
    #1176,#1177,#1178,#1179,#1180,#1181,#1182,#1183,#1184,#1185,#1186,
    #1187,#1188,#1189,#1190),.UNSPECIFIED.,.F.,.F.,(9,7,7,7,7,7,7,7,7,7,
    7,7,9),(0.,6.893581994328E-04,1.354945130622E-03,2.044302410822E-03,
    2.733658755712E-03,3.423013849844E-03,4.112367377831E-03,
    4.801719024266E-03,5.467297843107E-03,6.061562683678E-03,
    0.639945794088,0.792094718643,1.),.UNSPECIFIED.);
#1105 = CARTESIAN_POINT('',(0.35,-4.86998271368E-16,9.));
#1106 = CARTESIAN_POINT('',(0.349799815523,2.562743582679E-04,9.));
#1107 = CARTESIAN_POINT('',(0.349599631045,5.125487163281E-04,
    8.999999974556));
#1108 = CARTESIAN_POINT('',(0.349399446569,7.688230736907E-04,
    8.999999923669));
#1109 = CARTESIAN_POINT('',(0.349199262096,1.025097429821E-03,
    8.999999847338));
#1110 = CARTESIAN_POINT('',(0.348999077628,1.281371784139E-03,
    8.999999745563));
#1111 = CARTESIAN_POINT('',(0.348798893166,1.537646136018E-03,
    8.999999618345));
#1112 = CARTESIAN_POINT('',(0.348598708713,1.793920484789E-03,
    8.999999465682));
#1113 = CARTESIAN_POINT('',(0.348205242822,2.297632018319E-03,
    8.999999115612));
#1114 = CARTESIAN_POINT('',(0.348011961385,2.545069203387E-03,
    8.999998919929));
#1115 = CARTESIAN_POINT('',(0.347818679958,2.79250638439E-03,
    8.999998700526));
#1116 = CARTESIAN_POINT('',(0.347625398542,3.039943560774E-03,
    8.999998457404));
#1117 = CARTESIAN_POINT('',(0.34743211714,3.28738073198E-03,
    8.999998190563));
#1118 = CARTESIAN_POINT('',(0.347238835753,3.534817897438E-03,
    8.999997900003));
#1119 = CARTESIAN_POINT('',(0.347045554382,3.782255056575E-03,
    8.999997585723));
#1120 = CARTESIAN_POINT('',(0.346652088946,4.285966174375E-03,
    8.999996897654));
#1121 = CARTESIAN_POINT('',(0.346451904883,4.542240132551E-03,
    8.999996522141));
#1122 = CARTESIAN_POINT('',(0.346251720841,4.798514082714E-03,
    8.999996121184));
#1123 = CARTESIAN_POINT('',(0.346051536821,5.054788024241E-03,
    8.999995694783));
#1124 = CARTESIAN_POINT('',(0.345851352824,5.311061956507E-03,
    8.999995242938));
#1125 = CARTESIAN_POINT('',(0.345651168852,5.567335878888E-03,
    8.99999476565));
#1126 = CARTESIAN_POINT('',(0.345450984907,5.823609790757E-03,
    8.999994262917));
#1127 = CARTESIAN_POINT('',(0.345050617346,6.336157244509E-03,
    8.999993206566));
#1128 = CARTESIAN_POINT('',(0.344850433729,6.5924307864E-03,
    8.999992652948));
#1129 = CARTESIAN_POINT('',(0.344650250143,6.848704316526E-03,
    8.999992073885));
#1130 = CARTESIAN_POINT('',(0.344450066587,7.104977834259E-03,
    8.999991469379));
#1131 = CARTESIAN_POINT('',(0.344249883065,7.361251338969E-03,
    8.999990839429));
#1132 = CARTESIAN_POINT('',(0.344049699578,7.617524830031E-03,
    8.999990184035));
#1133 = CARTESIAN_POINT('',(0.343849516127,7.87379830682E-03,
    8.999989503198));
#1134 = CARTESIAN_POINT('',(0.343449149664,8.386344765628E-03,
    8.999988090637));
#1135 = CARTESIAN_POINT('',(0.343248966651,8.642617747643E-03,
    8.999987358913));
#1136 = CARTESIAN_POINT('',(0.343048783679,8.898890714135E-03,
    8.999986601746));
#1137 = CARTESIAN_POINT('',(0.342848600747,9.155163664476E-03,
    8.999985819135));
#1138 = CARTESIAN_POINT('',(0.342648417858,9.411436598042E-03,
    8.99998501108));
#1139 = CARTESIAN_POINT('',(0.342448235014,9.667709514206E-03,
    8.999984177581));
#1140 = CARTESIAN_POINT('',(0.342248052215,9.923982412344E-03,
    8.999983318639));
#1141 = CARTESIAN_POINT('',(0.341847687167,1.043652758909E-02,
    8.999981549869));
#1142 = CARTESIAN_POINT('',(0.341647504918,1.069279986771E-02,
    8.999980640041));
#1143 = CARTESIAN_POINT('',(0.341447322717,1.094907212705E-02,
    8.99997970477));
#1144 = CARTESIAN_POINT('',(0.341247140568,1.120534436648E-02,
    8.999978744055));
#1145 = CARTESIAN_POINT('',(0.341046958471,1.146161658537E-02,
    8.999977757896));
#1146 = CARTESIAN_POINT('',(0.340846776427,1.17178887831E-02,
    8.999976746293));
#1147 = CARTESIAN_POINT('',(0.340646594439,1.197416095904E-02,
    8.999975709247));
#1148 = CARTESIAN_POINT('',(0.340246231123,1.248670456665E-02,
    8.999973584269));
#1149 = CARTESIAN_POINT('',(0.340046049795,1.27429759983E-02,
    8.999972496338));
#1150 = CARTESIAN_POINT('',(0.339845868526,1.299924740692E-02,
    8.999971382963));
#1151 = CARTESIAN_POINT('',(0.339645687317,1.325551879188E-02,
    8.999970244145));
#1152 = CARTESIAN_POINT('',(0.33944550617,1.351179015255E-02,
    8.999969079882));
#1153 = CARTESIAN_POINT('',(0.339245325086,1.37680614883E-02,
    8.999967890176));
#1154 = CARTESIAN_POINT('',(0.339045144067,1.402433279851E-02,
    8.999966675026));
#1155 = CARTESIAN_POINT('',(0.338651685558,1.452803765207E-02,
    8.999964236622));
#1156 = CARTESIAN_POINT('',(0.338458408064,1.47754711972E-02,
    8.999963015092));
#1157 = CARTESIAN_POINT('',(0.338265130633,1.502290471736E-02,
    8.999961769842));
#1158 = CARTESIAN_POINT('',(0.338071853266,1.527033821202E-02,
    8.999960500873));
#1159 = CARTESIAN_POINT('',(0.337878575967,1.551777168059E-02,
    8.999959208186));
#1160 = CARTESIAN_POINT('',(0.337685298735,1.576520512252E-02,
    8.999957891778));
#1161 = CARTESIAN_POINT('',(0.337492021572,1.601263853723E-02,
    8.999956551652));
#1162 = CARTESIAN_POINT('',(0.337126176217,1.64809938617E-02,
    8.99995397009));
#1163 = CARTESIAN_POINT('',(0.33695360801,1.670191577708E-02,
    8.999952733465));
#1164 = CARTESIAN_POINT('',(0.336781039861,1.692283766991E-02,
    8.999951477932));
#1165 = CARTESIAN_POINT('',(0.336608471771,1.714375953981E-02,
    8.99995020349));
#1166 = CARTESIAN_POINT('',(0.33643590374,1.736468138636E-02,
    8.999948910139));
#1167 = CARTESIAN_POINT('',(0.336263335769,1.758560320918E-02,
    8.999947597879));
#1168 = CARTESIAN_POINT('',(0.336090767859,1.780652500785E-02,
    8.99994626671));
#1169 = CARTESIAN_POINT('',(0.151845326053,0.253677984087,8.998504829566
    ));
#1170 = CARTESIAN_POINT('',(-3.066278265818E-02,0.487388709797,
    8.975562151456));
#1171 = CARTESIAN_POINT('',(-0.211504316183,0.720122517404,
    8.931688450987));
#1172 = CARTESIAN_POINT('',(-0.390369438563,0.952525589981,8.8660838157)
  );
#1173 = CARTESIAN_POINT('',(-0.566143666811,1.184444999838,
    8.776952849474));
#1174 = CARTESIAN_POINT('',(-0.736442815527,1.414651760704,
    8.661787672506));
#1175 = CARTESIAN_POINT('',(-0.897183963876,1.640452204593,
    8.517658587385));
#1176 = CARTESIAN_POINT('',(-1.076038982567,1.909380845101,8.29972311654
    ));
#1177 = CARTESIAN_POINT('',(-1.10977245071,1.96101832963,8.255638371629)
  );
#1178 = CARTESIAN_POINT('',(-1.142538089653,2.012204555764,
    8.209578723705));
#1179 = CARTESIAN_POINT('',(-1.174235541707,2.06288901505,8.161470066338
    ));
#1180 = CARTESIAN_POINT('',(-1.204744169558,2.11300486257,8.111240382616
    ));
#1181 = CARTESIAN_POINT('',(-1.233922003502,2.162469660867,8.05882098803
    ));
#1182 = CARTESIAN_POINT('',(-1.261604688689,2.211186123885,
    8.004147773371));
#1183 = CARTESIAN_POINT('',(-1.323132018493,2.324437134319,
    7.869294331098));
#1184 = CARTESIAN_POINT('',(-1.355677641464,2.388522204783,
    7.786756605797));
#1185 = CARTESIAN_POINT('',(-1.384590676827,2.450765669466,
    7.699596093303));
#1186 = CARTESIAN_POINT('',(-1.409196815328,2.510645416423,
    7.607910275809));
#1187 = CARTESIAN_POINT('',(-1.428795752454,2.567650519332,
    7.511851636743));
#1188 = CARTESIAN_POINT('',(-1.442655025763,2.621286427487,
    7.411636294396));
#1189 = CARTESIAN_POINT('',(-1.45,2.671084451035,7.307556928537));
#1190 = CARTESIAN_POINT('',(-1.45,2.716615541441,7.2));
#1191 = ORIENTED_EDGE('',*,*,#530,.T.);
#1192 = ORIENTED_EDGE('',*,*,#566,.F.);
#1193 = ORIENTED_EDGE('',*,*,#584,.F.);
#1194 = CYLINDRICAL_SURFACE('',#1195,1.8);
#1195 = AXIS2_PLACEMENT_3D('',#1196,#1197,#1198);
#1196 = CARTESIAN_POINT('',(0.35,-3.95,7.2));
#1197 = DIRECTION('',(0.,-1.,0.));
#1198 = DIRECTION('',(1.079383496163E-15,0.,1.));
#1199 = ADVANCED_FACE('',(#1200),#1240,.T.);
#1200 = FACE_BOUND('',#1201,.F.);
#1201 = EDGE_LOOP('',(#1202,#1203,#1204,#1205,#1206,#1234));
#1202 = ORIENTED_EDGE('',*,*,#1103,.T.);
#1203 = ORIENTED_EDGE('',*,*,#451,.F.);
#1204 = ORIENTED_EDGE('',*,*,#889,.T.);
#1205 = ORIENTED_EDGE('',*,*,#979,.F.);
#1206 = ORIENTED_EDGE('',*,*,#1207,.T.);
#1207 = EDGE_CURVE('',#913,#1208,#1210,.T.);
#1208 = VERTEX_POINT('',#1209);
#1209 = CARTESIAN_POINT('',(4.65,-2.145453060823E-17,9.));
#1210 = B_SPLINE_CURVE_WITH_KNOTS('',8,(#1211,#1212,#1213,#1214,#1215,
    #1216,#1217,#1218,#1219,#1220,#1221,#1222,#1223,#1224,#1225,#1226,
    #1227,#1228,#1229,#1230,#1231,#1232,#1233),.UNSPECIFIED.,.F.,.F.,(9,
    7,7,9),(0.,0.182900241924,0.336259845471,1.),.UNSPECIFIED.);
#1211 = CARTESIAN_POINT('',(6.45,2.716615541441,7.2));
#1212 = CARTESIAN_POINT('',(6.45,2.67666848998,7.294365896379));
#1213 = CARTESIAN_POINT('',(6.44434611468,2.633405394351,7.386129567255)
  );
#1214 = CARTESIAN_POINT('',(6.433583862853,2.587116022012,7.475000645725
    ));
#1215 = CARTESIAN_POINT('',(6.418236219421,2.5381216244,7.560742663534)
  );
#1216 = CARTESIAN_POINT('',(6.398810199468,2.486768094783,7.643165200285
    ));
#1217 = CARTESIAN_POINT('',(6.375801719417,2.433421092315,7.722117950502
    ));
#1218 = CARTESIAN_POINT('',(6.349698735232,2.378463132295,7.797486708549
    ));
#1219 = CARTESIAN_POINT('',(6.296904579812,2.275194377853,7.929314665524
    ));
#1220 = CARTESIAN_POINT('',(6.270919269935,2.227106151542,7.987037350651
    ));
#1221 = CARTESIAN_POINT('',(6.243240457545,2.178154717218,8.042412309444
    ));
#1222 = CARTESIAN_POINT('',(6.214055929337,2.128452068789,8.095500498988
    ));
#1223 = CARTESIAN_POINT('',(6.183528757469,2.078094526284,8.14636936658)
  );
#1224 = CARTESIAN_POINT('',(6.151798527817,2.027161821578,8.195091365526
    ));
#1225 = CARTESIAN_POINT('',(6.11898256823,1.975716184113,8.241742470935)
  );
#1226 = CARTESIAN_POINT('',(5.938867488851,1.69911442719,8.479681430462)
  );
#1227 = CARTESIAN_POINT('',(5.772423338047,1.463185451975,8.63774311022)
  );
#1228 = CARTESIAN_POINT('',(5.594603881326,1.221847113174,8.763228588289
    ));
#1229 = CARTESIAN_POINT('',(5.410614878843,0.978701141587,8.859551026119
    ));
#1230 = CARTESIAN_POINT('',(5.223452054331,0.735396153774,8.92979758253)
  );
#1231 = CARTESIAN_POINT('',(5.034349046205,0.492041519723,8.976268612202
    ));
#1232 = CARTESIAN_POINT('',(4.843333853497,0.247504018874,8.999999897309
    ));
#1233 = CARTESIAN_POINT('',(4.65,-4.86998271368E-16,9.));
#1234 = ORIENTED_EDGE('',*,*,#1235,.F.);
#1235 = EDGE_CURVE('',#1013,#1208,#1236,.T.);
#1236 = LINE('',#1237,#1238);
#1237 = CARTESIAN_POINT('',(-2.45,-4.290906121646E-17,9.));
#1238 = VECTOR('',#1239,1.);
#1239 = DIRECTION('',(1.,0.,0.));
#1240 = CYLINDRICAL_SURFACE('',#1241,2.95);
#1241 = AXIS2_PLACEMENT_3D('',#1242,#1243,#1244);
#1242 = CARTESIAN_POINT('',(-2.45,1.443289932013E-15,6.05));
#1243 = DIRECTION('',(-1.,-0.,-0.));
#1244 = DIRECTION('',(0.,1.,-6.021548608136E-16));
#1245 = ADVANCED_FACE('',(#1246),#1279,.T.);
#1246 = FACE_BOUND('',#1247,.F.);
#1247 = EDGE_LOOP('',(#1248,#1249,#1250,#1276,#1277,#1278));
#1248 = ORIENTED_EDGE('',*,*,#1012,.F.);
#1249 = ORIENTED_EDGE('',*,*,#1235,.T.);
#1250 = ORIENTED_EDGE('',*,*,#1251,.F.);
#1251 = EDGE_CURVE('',#702,#1208,#1252,.T.);
#1252 = B_SPLINE_CURVE_WITH_KNOTS('',8,(#1253,#1254,#1255,#1256,#1257,
    #1258,#1259,#1260,#1261,#1262,#1263,#1264,#1265,#1266,#1267,#1268,
    #1269,#1270,#1271,#1272,#1273,#1274,#1275),.UNSPECIFIED.,.F.,.F.,(9,
    7,7,9),(0.,0.182900241921,0.336259845465,1.),.UNSPECIFIED.);
#1253 = CARTESIAN_POINT('',(6.45,-2.716615541441,7.2));
#1254 = CARTESIAN_POINT('',(6.45,-2.67666848998,7.294365896379));
#1255 = CARTESIAN_POINT('',(6.444346114679,-2.633405394351,
    7.386129567255));
#1256 = CARTESIAN_POINT('',(6.433583862853,-2.587116022012,
    7.475000645725));
#1257 = CARTESIAN_POINT('',(6.418236219421,-2.5381216244,7.560742663534)
  );
#1258 = CARTESIAN_POINT('',(6.398810199468,-2.486768094783,
    7.643165200285));
#1259 = CARTESIAN_POINT('',(6.375801719417,-2.433421092315,
    7.722117950502));
#1260 = CARTESIAN_POINT('',(6.349698735232,-2.378463132295,
    7.797486708549));
#1261 = CARTESIAN_POINT('',(6.296904579812,-2.275194377853,
    7.929314665524));
#1262 = CARTESIAN_POINT('',(6.270919269935,-2.227106151542,
    7.987037350651));
#1263 = CARTESIAN_POINT('',(6.243240457545,-2.178154717218,
    8.042412309444));
#1264 = CARTESIAN_POINT('',(6.214055929337,-2.128452068789,
    8.095500498988));
#1265 = CARTESIAN_POINT('',(6.183528757469,-2.078094526284,8.14636936658
    ));
#1266 = CARTESIAN_POINT('',(6.151798527817,-2.027161821578,
    8.195091365526));
#1267 = CARTESIAN_POINT('',(6.11898256823,-1.975716184113,8.241742470935
    ));
#1268 = CARTESIAN_POINT('',(5.938867488847,-1.699114427184,
    8.479681430467));
#1269 = CARTESIAN_POINT('',(5.77242333805,-1.463185451982,8.637743110216
    ));
#1270 = CARTESIAN_POINT('',(5.594603881327,-1.221847113171,
    8.763228588285));
#1271 = CARTESIAN_POINT('',(5.410614878849,-0.9787011416,8.859551026127)
  );
#1272 = CARTESIAN_POINT('',(5.223452054319,-0.735396153755,
    8.929797582524));
#1273 = CARTESIAN_POINT('',(5.034349046209,-0.49204151973,8.976268612205
    ));
#1274 = CARTESIAN_POINT('',(4.843333853499,-0.247504018876,
    8.999999897308));
#1275 = CARTESIAN_POINT('',(4.65,4.440892098501E-16,9.));
#1276 = ORIENTED_EDGE('',*,*,#701,.F.);
#1277 = ORIENTED_EDGE('',*,*,#863,.F.);
#1278 = ORIENTED_EDGE('',*,*,#597,.F.);
#1279 = CYLINDRICAL_SURFACE('',#1280,2.95);
#1280 = AXIS2_PLACEMENT_3D('',#1281,#1282,#1283);
#1281 = CARTESIAN_POINT('',(-2.45,-1.443289932013E-15,6.05));
#1282 = DIRECTION('',(-1.,-0.,-0.));
#1283 = DIRECTION('',(-0.,6.397895396145E-16,1.));
#1284 = ADVANCED_FACE('',(#1285),#1296,.T.);
#1285 = FACE_BOUND('',#1286,.T.);
#1286 = EDGE_LOOP('',(#1287,#1288,#1289,#1290));
#1287 = ORIENTED_EDGE('',*,*,#847,.F.);
#1288 = ORIENTED_EDGE('',*,*,#659,.T.);
#1289 = ORIENTED_EDGE('',*,*,#904,.T.);
#1290 = ORIENTED_EDGE('',*,*,#1291,.F.);
#1291 = EDGE_CURVE('',#781,#905,#1292,.T.);
#1292 = LINE('',#1293,#1294);
#1293 = CARTESIAN_POINT('',(6.45,-3.95,7.2));
#1294 = VECTOR('',#1295,1.);
#1295 = DIRECTION('',(0.,1.,0.));
#1296 = PLANE('',#1297);
#1297 = AXIS2_PLACEMENT_3D('',#1298,#1299,#1300);
#1298 = CARTESIAN_POINT('',(6.45,-3.95,0.4));
#1299 = DIRECTION('',(1.,0.,0.));
#1300 = DIRECTION('',(0.,0.,1.));
#1301 = ADVANCED_FACE('',(#1302),#1309,.T.);
#1302 = FACE_BOUND('',#1303,.T.);
#1303 = EDGE_LOOP('',(#1304,#1305,#1306,#1307,#1308));
#1304 = ORIENTED_EDGE('',*,*,#1251,.F.);
#1305 = ORIENTED_EDGE('',*,*,#780,.F.);
#1306 = ORIENTED_EDGE('',*,*,#1291,.T.);
#1307 = ORIENTED_EDGE('',*,*,#912,.T.);
#1308 = ORIENTED_EDGE('',*,*,#1207,.T.);
#1309 = CYLINDRICAL_SURFACE('',#1310,1.8);
#1310 = AXIS2_PLACEMENT_3D('',#1311,#1312,#1313);
#1311 = CARTESIAN_POINT('',(4.65,-3.95,7.2));
#1312 = DIRECTION('',(0.,-1.,0.));
#1313 = DIRECTION('',(1.,0.,-1.973729821556E-15));
#1314 = ( GEOMETRIC_REPRESENTATION_CONTEXT(3) 
GLOBAL_UNCERTAINTY_ASSIGNED_CONTEXT((#1318)) 
GLOBAL_UNIT_ASSIGNED_CONTEXT((#1315,#1316,#1317)) REPRESENTATION_CONTEXT
('Context #1','3D Context with UNIT and UNCERTAINTY') );
#1315 = ( LENGTH_UNIT() NAMED_UNIT(*) SI_UNIT(.MILLI.,.METRE.) );
#1316 = ( NAMED_UNIT(*) PLANE_ANGLE_UNIT() SI_UNIT($,.RADIAN.) );
#1317 = ( NAMED_UNIT(*) SI_UNIT($,.STERADIAN.) SOLID_ANGLE_UNIT() );
#1318 = UNCERTAINTY_MEASURE_WITH_UNIT(LENGTH_MEASURE(1.E-07),#1315,
  'distance_accuracy_value','confusion accuracy');
#1319 = CONTEXT_DEPENDENT_SHAPE_REPRESENTATION(#1320,#1322);
#1320 = ( REPRESENTATION_RELATIONSHIP('','',#36,#10) 
REPRESENTATION_RELATIONSHIP_WITH_TRANSFORMATION(#1321) 
SHAPE_REPRESENTATION_RELATIONSHIP() );
#1321 = ITEM_DEFINED_TRANSFORMATION('','',#11,#15);
#1322 = PRODUCT_DEFINITION_SHAPE('Placement','Placement of an item',
  #1323);
#1323 = NEXT_ASSEMBLY_USAGE_OCCURRENCE('1','Body','',#5,#31,$);
#1324 = PRODUCT_RELATED_PRODUCT_CATEGORY('part',$,(#33));
#1325 = SHAPE_DEFINITION_REPRESENTATION(#1326,#1332);
#1326 = PRODUCT_DEFINITION_SHAPE('','',#1327);
#1327 = PRODUCT_DEFINITION('design','',#1328,#1331);
#1328 = PRODUCT_DEFINITION_FORMATION('','',#1329);
#1329 = PRODUCT('Leads','Leads','',(#1330));
#1330 = PRODUCT_CONTEXT('',#2,'mechanical');
#1331 = PRODUCT_DEFINITION_CONTEXT('part definition',#2,'design');
#1332 = SHAPE_REPRESENTATION('',(#11,#1333,#1386),#1439);
#1333 = MANIFOLD_SOLID_BREP('',#1334);
#1334 = CLOSED_SHELL('',(#1335,#1368,#1377));
#1335 = ADVANCED_FACE('',(#1336),#1363,.T.);
#1336 = FACE_BOUND('',#1337,.T.);
#1337 = EDGE_LOOP('',(#1338,#1347,#1355,#1362));
#1338 = ORIENTED_EDGE('',*,*,#1339,.F.);
#1339 = EDGE_CURVE('',#1340,#1340,#1342,.T.);
#1340 = VERTEX_POINT('',#1341);
#1341 = CARTESIAN_POINT('',(0.25,-6.123233995737E-17,0.));
#1342 = CIRCLE('',#1343,0.25);
#1343 = AXIS2_PLACEMENT_3D('',#1344,#1345,#1346);
#1344 = CARTESIAN_POINT('',(0.,0.,0.));
#1345 = DIRECTION('',(0.,0.,1.));
#1346 = DIRECTION('',(1.,0.,-0.));
#1347 = ORIENTED_EDGE('',*,*,#1348,.F.);
#1348 = EDGE_CURVE('',#1349,#1340,#1351,.T.);
#1349 = VERTEX_POINT('',#1350);
#1350 = CARTESIAN_POINT('',(0.25,-6.123233995737E-17,-1.9));
#1351 = LINE('',#1352,#1353);
#1352 = CARTESIAN_POINT('',(0.25,-6.123233995737E-17,-1.9));
#1353 = VECTOR('',#1354,1.);
#1354 = DIRECTION('',(0.,0.,1.));
#1355 = ORIENTED_EDGE('',*,*,#1356,.T.);
#1356 = EDGE_CURVE('',#1349,#1349,#1357,.T.);
#1357 = CIRCLE('',#1358,0.25);
#1358 = AXIS2_PLACEMENT_3D('',#1359,#1360,#1361);
#1359 = CARTESIAN_POINT('',(0.,0.,-1.9));
#1360 = DIRECTION('',(0.,0.,1.));
#1361 = DIRECTION('',(1.,0.,-0.));
#1362 = ORIENTED_EDGE('',*,*,#1348,.T.);
#1363 = CYLINDRICAL_SURFACE('',#1364,0.25);
#1364 = AXIS2_PLACEMENT_3D('',#1365,#1366,#1367);
#1365 = CARTESIAN_POINT('',(0.,0.,-1.9));
#1366 = DIRECTION('',(0.,0.,1.));
#1367 = DIRECTION('',(1.,0.,-0.));
#1368 = ADVANCED_FACE('',(#1369),#1372,.T.);
#1369 = FACE_BOUND('',#1370,.T.);
#1370 = EDGE_LOOP('',(#1371));
#1371 = ORIENTED_EDGE('',*,*,#1339,.T.);
#1372 = PLANE('',#1373);
#1373 = AXIS2_PLACEMENT_3D('',#1374,#1375,#1376);
#1374 = CARTESIAN_POINT('',(0.,0.,0.));
#1375 = DIRECTION('',(0.,0.,1.));
#1376 = DIRECTION('',(1.,0.,-0.));
#1377 = ADVANCED_FACE('',(#1378),#1381,.F.);
#1378 = FACE_BOUND('',#1379,.T.);
#1379 = EDGE_LOOP('',(#1380));
#1380 = ORIENTED_EDGE('',*,*,#1356,.F.);
#1381 = PLANE('',#1382);
#1382 = AXIS2_PLACEMENT_3D('',#1383,#1384,#1385);
#1383 = CARTESIAN_POINT('',(0.,0.,-1.9));
#1384 = DIRECTION('',(0.,0.,1.));
#1385 = DIRECTION('',(1.,0.,-0.));
#1386 = MANIFOLD_SOLID_BREP('',#1387);
#1387 = CLOSED_SHELL('',(#1388,#1421,#1430));
#1388 = ADVANCED_FACE('',(#1389),#1416,.T.);
#1389 = FACE_BOUND('',#1390,.T.);
#1390 = EDGE_LOOP('',(#1391,#1400,#1408,#1415));
#1391 = ORIENTED_EDGE('',*,*,#1392,.F.);
#1392 = EDGE_CURVE('',#1393,#1393,#1395,.T.);
#1393 = VERTEX_POINT('',#1394);
#1394 = CARTESIAN_POINT('',(5.25,-6.123233995737E-17,0.));
#1395 = CIRCLE('',#1396,0.25);
#1396 = AXIS2_PLACEMENT_3D('',#1397,#1398,#1399);
#1397 = CARTESIAN_POINT('',(5.,0.,0.));
#1398 = DIRECTION('',(0.,0.,1.));
#1399 = DIRECTION('',(1.,0.,-0.));
#1400 = ORIENTED_EDGE('',*,*,#1401,.F.);
#1401 = EDGE_CURVE('',#1402,#1393,#1404,.T.);
#1402 = VERTEX_POINT('',#1403);
#1403 = CARTESIAN_POINT('',(5.25,-6.123233995737E-17,-1.9));
#1404 = LINE('',#1405,#1406);
#1405 = CARTESIAN_POINT('',(5.25,-6.123233995737E-17,-1.9));
#1406 = VECTOR('',#1407,1.);
#1407 = DIRECTION('',(0.,0.,1.));
#1408 = ORIENTED_EDGE('',*,*,#1409,.T.);
#1409 = EDGE_CURVE('',#1402,#1402,#1410,.T.);
#1410 = CIRCLE('',#1411,0.25);
#1411 = AXIS2_PLACEMENT_3D('',#1412,#1413,#1414);
#1412 = CARTESIAN_POINT('',(5.,0.,-1.9));
#1413 = DIRECTION('',(0.,0.,1.));
#1414 = DIRECTION('',(1.,0.,-0.));
#1415 = ORIENTED_EDGE('',*,*,#1401,.T.);
#1416 = CYLINDRICAL_SURFACE('',#1417,0.25);
#1417 = AXIS2_PLACEMENT_3D('',#1418,#1419,#1420);
#1418 = CARTESIAN_POINT('',(5.,0.,-1.9));
#1419 = DIRECTION('',(0.,0.,1.));
#1420 = DIRECTION('',(1.,0.,-0.));
#1421 = ADVANCED_FACE('',(#1422),#1425,.T.);
#1422 = FACE_BOUND('',#1423,.T.);
#1423 = EDGE_LOOP('',(#1424));
#1424 = ORIENTED_EDGE('',*,*,#1392,.T.);
#1425 = PLANE('',#1426);
#1426 = AXIS2_PLACEMENT_3D('',#1427,#1428,#1429);
#1427 = CARTESIAN_POINT('',(5.,0.,0.));
#1428 = DIRECTION('',(0.,0.,1.));
#1429 = DIRECTION('',(1.,0.,-0.));
#1430 = ADVANCED_FACE('',(#1431),#1434,.F.);
#1431 = FACE_BOUND('',#1432,.T.);
#1432 = EDGE_LOOP('',(#1433));
#1433 = ORIENTED_EDGE('',*,*,#1409,.F.);
#1434 = PLANE('',#1435);
#1435 = AXIS2_PLACEMENT_3D('',#1436,#1437,#1438);
#1436 = CARTESIAN_POINT('',(5.,0.,-1.9));
#1437 = DIRECTION('',(0.,0.,1.));
#1438 = DIRECTION('',(1.,0.,-0.));
#1439 = ( GEOMETRIC_REPRESENTATION_CONTEXT(3) 
GLOBAL_UNCERTAINTY_ASSIGNED_CONTEXT((#1443)) 
GLOBAL_UNIT_ASSIGNED_CONTEXT((#1440,#1441,#1442)) REPRESENTATION_CONTEXT
('Context #1','3D Context with UNIT and UNCERTAINTY') );
#1440 = ( LENGTH_UNIT() NAMED_UNIT(*) SI_UNIT(.MILLI.,.METRE.) );
#1441 = ( NAMED_UNIT(*) PLANE_ANGLE_UNIT() SI_UNIT($,.RADIAN.) );
#1442 = ( NAMED_UNIT(*) SI_UNIT($,.STERADIAN.) SOLID_ANGLE_UNIT() );
#1443 = UNCERTAINTY_MEASURE_WITH_UNIT(LENGTH_MEASURE(1.E-07),#1440,
  'distance_accuracy_value','confusion accuracy');
#1444 = CONTEXT_DEPENDENT_SHAPE_REPRESENTATION(#1445,#1447);
#1445 = ( REPRESENTATION_RELATIONSHIP('','',#1332,#10) 
REPRESENTATION_RELATIONSHIP_WITH_TRANSFORMATION(#1446) 
SHAPE_REPRESENTATION_RELATIONSHIP() );
#1446 = ITEM_DEFINED_TRANSFORMATION('','',#11,#19);
#1447 = PRODUCT_DEFINITION_SHAPE('Placement','Placement of an item',
  #1448);
#1448 = NEXT_ASSEMBLY_USAGE_OCCURRENCE('2','Leads','',#5,#1327,$);
#1449 = PRODUCT_RELATED_PRODUCT_CATEGORY('part',$,(#1329));
#1450 = MECHANICAL_DESIGN_GEOMETRIC_PRESENTATION_REPRESENTATION('',(
    #1451),#1314);
#1451 = STYLED_ITEM('color',(#1452),#37);
#1452 = PRESENTATION_STYLE_ASSIGNMENT((#1453,#1459));
#1453 = SURFACE_STYLE_USAGE(.BOTH.,#1454);
#1454 = SURFACE_SIDE_STYLE('',(#1455));
#1455 = SURFACE_STYLE_FILL_AREA(#1456);
#1456 = FILL_AREA_STYLE('',(#1457));
#1457 = FILL_AREA_STYLE_COLOUR('',#1458);
#1458 = COLOUR_RGB('',0.519999974566,0.219999994989,0.1599999992);
#1459 = CURVE_STYLE('',#1460,POSITIVE_LENGTH_MEASURE(0.1),#1461);
#1460 = DRAUGHTING_PRE_DEFINED_CURVE_FONT('continuous');
#1461 = COLOUR_RGB('',9.803921802644E-02,9.803921802644E-02,
  9.803921802644E-02);
#1462 = MECHANICAL_DESIGN_GEOMETRIC_PRESENTATION_REPRESENTATION('',(
    #1463,#1473),#1439);
#1463 = STYLED_ITEM('color',(#1464),#1333);
#1464 = PRESENTATION_STYLE_ASSIGNMENT((#1465,#1471));
#1465 = SURFACE_STYLE_USAGE(.BOTH.,#1466);
#1466 = SURFACE_SIDE_STYLE('',(#1467));
#1467 = SURFACE_STYLE_FILL_AREA(#1468);
#1468 = FILL_AREA_STYLE('',(#1469));
#1469 = FILL_AREA_STYLE_COLOUR('',#1470);
#1470 = COLOUR_RGB('',0.823999987314,0.819999987296,0.781000009244);
#1471 = CURVE_STYLE('',#1472,POSITIVE_LENGTH_MEASURE(0.1),#1461);
#1472 = DRAUGHTING_PRE_DEFINED_CURVE_FONT('continuous');
#1473 = STYLED_ITEM('color',(#1474),#1386);
#1474 = PRESENTATION_STYLE_ASSIGNMENT((#1475,#1480));
#1475 = SURFACE_STYLE_USAGE(.BOTH.,#1476);
#1476 = SURFACE_SIDE_STYLE('',(#1477));
#1477 = SURFACE_STYLE_FILL_AREA(#1478);
#1478 = FILL_AREA_STYLE('',(#1479));
#1479 = FILL_AREA_STYLE_COLOUR('',#1470);
#1480 = CURVE_STYLE('',#1481,POSITIVE_LENGTH_MEASURE(0.1),#1461);
#1481 = DRAUGHTING_PRE_DEFINED_CURVE_FONT('continuous');
ENDSEC;
END-ISO-10303-21;
