ISO-10303-21;
HEADER;
FILE_DESCRIPTION (( 'STEP AP214' ),
    '1' );
FILE_NAME ('EVQ-PLD_PLH_PLM_3PL_PT5_PT9-A15.STEP',
    '2025-05-07T10:10:56',
    ( '' ),
    ( '' ),
    'SwSTEP 2.0',
    'SolidWorks 2024',
    '' );
FILE_SCHEMA (( 'AUTOMOTIVE_DESIGN' ));
ENDSEC;

DATA;
#1 = AXIS2_PLACEMENT_3D ( 'NONE', #7619, #2513, #107 ) ;
#2 = DIRECTION ( 'NONE',  ( 0.000000000000000000, 0.9431887185515800409, -0.3322574923113522649 ) ) ;
#3 = VERTEX_POINT ( 'NONE', #8079 ) ;
#4 = CARTESIAN_POINT ( 'NONE',  ( 1.638168672278099924, 1.200000020573700033, 0.9935023024872997599 ) ) ;
#5 = LINE ( 'NONE', #3342, #9627 ) ;
#6 = DIRECTION ( 'NONE',  ( 0.000000000000000000, 0.000000000000000000, -1.000000000000000000 ) ) ;
#7 = ORIENTED_EDGE ( 'NONE', *, *, #1242, .F. ) ;
#8 = CARTESIAN_POINT ( 'NONE',  ( 1.082803079319796025, 1.199999999999999956, -0.5176771970837348302 ) ) ;
#9 = CARTESIAN_POINT ( 'NONE',  ( -2.329707320496839262, 0.6863465884967536734, -0.9415874683231246767 ) ) ;
#10 = CARTESIAN_POINT ( 'NONE',  ( 2.100000000000000089, 0.000000000000000000, 2.299999999999999822 ) ) ;
#11 = VERTEX_POINT ( 'NONE', #10648 ) ;
#12 = VECTOR ( 'NONE', #10321, 1000.000000000000114 ) ;
#13 = DIRECTION ( 'NONE',  ( 0.000000000000000000, 0.000000000000000000, 1.000000000000000000 ) ) ;
#14 = ADVANCED_FACE ( 'NONE', ( #4066 ), #10757, .T. ) ;
#15 = CARTESIAN_POINT ( 'NONE',  ( -0.9157984990000000991, 1.128708233000000227, 1.827066688999999799 ) ) ;
#16 = DIRECTION ( 'NONE',  ( -0.000000000000000000, -0.000000000000000000, -1.000000000000000000 ) ) ;
#17 = VECTOR ( 'NONE', #10249, 1000.000000000000000 ) ;
#18 = VECTOR ( 'NONE', #715, 1000.000000000000000 ) ;
#19 = DIRECTION ( 'NONE',  ( -1.000000000000000000, 0.000000000000000000, 0.000000000000000000 ) ) ;
#20 = CARTESIAN_POINT ( 'NONE',  ( -0.6000000000000001998, 0.1634113527259196674, -2.435080028710904010 ) ) ;
#21 = CARTESIAN_POINT ( 'NONE',  ( -1.875000000000000000, 0.7000000000000000666, -1.875000000000000000 ) ) ;
#22 = ORIENTED_EDGE ( 'NONE', *, *, #8086, .F. ) ;
#23 = CARTESIAN_POINT ( 'NONE',  ( 0.9715533593914000843, 1.200000020593899874, -1.651420213553499883 ) ) ;
#24 = CARTESIAN_POINT ( 'NONE',  ( -0.7250000000000000888, 0.000000000000000000, 2.299999999999999822 ) ) ;
#25 = CARTESIAN_POINT ( 'NONE',  ( -0.9830708196669722954, 0.6992937672821212258, -2.302249903207905568 ) ) ;
#26 = CARTESIAN_POINT ( 'NONE',  ( -1.762592269010399892, 1.127715613793699889, -1.036645178900200248 ) ) ;
#27 = ORIENTED_EDGE ( 'NONE', *, *, #72, .F. ) ;
#28 = ORIENTED_EDGE ( 'NONE', *, *, #4940, .T. ) ;
#29 = VECTOR ( 'NONE', #1253, 1000.000000000000000 ) ;
#30 = CARTESIAN_POINT ( 'NONE',  ( -1.572754468000000072, 1.172417772000000191, 1.267648341999999761 ) ) ;
#31 = FACE_OUTER_BOUND ( 'NONE', #1115, .T. ) ;
#32 = AXIS2_PLACEMENT_3D ( 'NONE', #10345, #8590, #2724 ) ;
#33 = FACE_OUTER_BOUND ( 'NONE', #7440, .T. ) ;
#34 = COLOUR_RGB ( '',0.6470588235294117974, 0.6196078431372549211, 0.5882352941176470784 ) ;
#35 = EDGE_LOOP ( 'NONE', ( #3757, #9615, #2813, #7760, #2634, #4002 ) ) ;
#36 = EDGE_CURVE ( 'NONE', #7304, #9333, #8131, .T. ) ;
#37 = CARTESIAN_POINT ( 'NONE',  ( -2.348199301099889169, 0.6501641822572457041, 0.8855008612582344618 ) ) ;
#38 = VERTEX_POINT ( 'NONE', #1542 ) ;
#39 = VERTEX_POINT ( 'NONE', #7468 ) ;
#40 = ORIENTED_EDGE ( 'NONE', *, *, #9526, .F. ) ;
#41 = CARTESIAN_POINT ( 'NONE',  ( 0.6000000000000000888, 0.09018804800000002064, 1.620188048000000380 ) ) ;
#42 = CARTESIAN_POINT ( 'NONE',  ( -1.647276807854716862, 0.8234731037635091289, 1.511094204424975329 ) ) ;
#43 = VECTOR ( 'NONE', #10259, 1000.000000000000000 ) ;
#44 = CARTESIAN_POINT ( 'NONE',  ( -2.323310238000000361, 0.7005098490000000178, -0.9551183869999999576 ) ) ;
#45 = CARTESIAN_POINT ( 'NONE',  ( 0.9709893249767493906, 0.6971742813457990628, -2.310887424337484397 ) ) ;
#46 = EDGE_CURVE ( 'NONE', #8179, #7565, #613, .T. ) ;
#47 = ADVANCED_FACE ( 'NONE', ( #10812 ), #2251, .T. ) ;
#48 = CARTESIAN_POINT ( 'NONE',  ( 1.775864612399999931, 1.128531489920000297, -1.012611141249999847 ) ) ;
#49 = ORIENTED_EDGE ( 'NONE', *, *, #3534, .F. ) ;
#50 = PLANE ( 'NONE',  #5175 ) ;
#51 = VERTEX_POINT ( 'NONE', #10597 ) ;
#52 = EDGE_CURVE ( 'NONE', #4570, #4497, #9871, .T. ) ;
#53 = DIRECTION ( 'NONE',  ( 0.000000000000000000, 1.000000000000000000, 0.000000000000000000 ) ) ;
#54 = CARTESIAN_POINT ( 'NONE',  ( 2.348438054992349588, 0.6464993624562133112, -0.8805270868924501837 ) ) ;
#55 = CARTESIAN_POINT ( 'NONE',  ( 2.100000000000000089, 0.3667742509999999956, -2.500000000000000000 ) ) ;
#56 = CARTESIAN_POINT ( 'NONE',  ( -0.1463463600000000364, 0.2158946900000000280, -2.450333332999999669 ) ) ;
#57 = CARTESIAN_POINT ( 'NONE',  ( 2.337407947362214244, 0.6780472112245621297, 0.9264119970975583929 ) ) ;
#58 = DIRECTION ( 'NONE',  ( 0.000000000000000000, -0.3322574923113522649, -0.9431887185515800409 ) ) ;
#59 = VERTEX_POINT ( 'NONE', #7254 ) ;
#60 = EDGE_CURVE ( 'NONE', #4782, #5982, #2360, .T. ) ;
#61 = CARTESIAN_POINT ( 'NONE',  ( 1.689261823000000051, 1.129284417999999901, 1.151942781000000027 ) ) ;
#62 = CARTESIAN_POINT ( 'NONE',  ( -1.899354628506797038, 0.8240052061208905654, -1.180569541068788197 ) ) ;
#63 = DIRECTION ( 'NONE',  ( -1.000000000000000000, -0.000000000000000000, -0.000000000000000000 ) ) ;
#64 = ORIENTED_EDGE ( 'NONE', *, *, #5291, .F. ) ;
#65 = CARTESIAN_POINT ( 'NONE',  ( -0.3000000000072131079, 0.3500000000000000888, 2.349999999999999645 ) ) ;
#66 = CARTESIAN_POINT ( 'NONE',  ( -2.332070799428046737, 0.6841526139365819992, -0.9372731946804637726 ) ) ;
#67 = DIRECTION ( 'NONE',  ( 0.000000000000000000, -1.000000000000000000, -4.336808689942043768E-15 ) ) ;
#68 = ORIENTED_EDGE ( 'NONE', *, *, #4617, .F. ) ;
#69 = CARTESIAN_POINT ( 'NONE',  ( 1.696049950861229894, 1.199999999999998623, -0.9439799750000000822 ) ) ;
#70 = CARTESIAN_POINT ( 'NONE',  ( -0.9950587357990673398, 0.6500000000000001332, -2.293438055064058734 ) ) ;
#71 = DIRECTION ( 'NONE',  ( 1.000000000000000000, 0.000000000000000000, -0.000000000000000000 ) ) ;
#72 = EDGE_CURVE ( 'NONE', #7737, #4169, #5670, .T. ) ;
#73 = DIRECTION ( 'NONE',  ( 7.228014483236697541E-16, -1.000000000000000000, 0.000000000000000000 ) ) ;
#74 = CARTESIAN_POINT ( 'NONE',  ( 1.290023944460713334, 1.128922017793366095, -1.585593731793572214 ) ) ;
#75 = CARTESIAN_POINT ( 'NONE',  ( 1.399350399554293078, 0.8232441214656048833, 1.743554285320199737 ) ) ;
#76 = ORIENTED_EDGE ( 'NONE', *, *, #10337, .T. ) ;
#77 = CARTESIAN_POINT ( 'NONE',  ( 0.7250000000000000888, 0.000000000000000000, 1.750000000006250334 ) ) ;
#78 = CARTESIAN_POINT ( 'NONE',  ( -2.349999999999999645, -0.05000000000000000971, 1.250000000000000000 ) ) ;
#79 = CARTESIAN_POINT ( 'NONE',  ( -0.9793798379252000030, 0.6987921852892119423, -2.304921198733660859 ) ) ;
#80 = CARTESIAN_POINT ( 'NONE',  ( -1.762125718336799762, 1.128587686597899875, -1.036372015633400201 ) ) ;
#81 = ORIENTED_EDGE ( 'NONE', *, *, #4431, .F. ) ;
#82 = ORIENTED_EDGE ( 'NONE', *, *, #2718, .F. ) ;
#83 = CARTESIAN_POINT ( 'NONE',  ( -1.657392062000000665, 1.129359784999999894, 1.196140711000000190 ) ) ;
#84 = CARTESIAN_POINT ( 'NONE',  ( 0.6000000000000000888, 0.09018804800000002064, 2.299999999999999822 ) ) ;
#85 = CARTESIAN_POINT ( 'NONE',  ( -0.9551183869999999576, 0.7005098490000000178, 2.323310238000000361 ) ) ;
#86 = B_SPLINE_CURVE_WITH_KNOTS ( 'NONE', 3,
 ( #10054, #3203, #7651, #8473 ),
 .UNSPECIFIED., .F., .F.,
 ( 4, 4 ),
 ( 1.962063635324100340E-14, 4.862080523778257950E-05 ),
 .UNSPECIFIED. ) ;
#87 = EDGE_CURVE ( 'NONE', #6748, #4847, #8237, .T. ) ;
#88 = CARTESIAN_POINT ( 'NONE',  ( 1.100000000000000089, 1.458578643762412197, -6.735557395310444981E-17 ) ) ;
#89 = EDGE_LOOP ( 'NONE', ( #8532, #1722, #6913, #8252 ) ) ;
#90 = CARTESIAN_POINT ( 'NONE',  ( 2.100000000000000089, 0.6500000000781881448, 2.299999999999999822 ) ) ;
#91 = ORIENTED_EDGE ( 'NONE', *, *, #1712, .T. ) ;
#92 = ORIENTED_EDGE ( 'NONE', *, *, #9458, .F. ) ;
#93 = ORIENTED_EDGE ( 'NONE', *, *, #8771, .T. ) ;
#94 = LINE ( 'NONE', #3267, #8093 ) ;
#95 = VECTOR ( 'NONE', #8870, 1000.000000000000000 ) ;
#96 = PLANE ( 'NONE',  #4401 ) ;
#97 = LINE ( 'NONE', #3270, #5571 ) ;
#98 = ADVANCED_FACE ( 'NONE', ( #4009 ), #6595, .F. ) ;
#99 = CARTESIAN_POINT ( 'NONE',  ( -1.384339477289286968, 1.129578330479099169, 1.503864239128507752 ) ) ;
#100 = CARTESIAN_POINT ( 'NONE',  ( 0.9950587358386051573, 0.7000000000000002887, -2.293438055072462234 ) ) ;
#101 = CIRCLE ( 'NONE', #4477, 2.500000000000000444 ) ;
#102 = CARTESIAN_POINT ( 'NONE',  ( 1.612086498000000923, 1.199999999999999956, -1.037693789999999616 ) ) ;
#103 = VERTEX_POINT ( 'NONE', #5780 ) ;
#104 = CARTESIAN_POINT ( 'NONE',  ( -0.9159190836928002843, 1.128270463952699920, -1.827308121644899863 ) ) ;
#105 = ORIENTED_EDGE ( 'NONE', *, *, #2389, .F. ) ;
#106 = DIRECTION ( 'NONE',  ( 0.000000000000000000, -1.000000000000000000, 0.000000000000000000 ) ) ;
#107 = DIRECTION ( 'NONE',  ( 0.000000000000000000, 0.000000000000000000, 1.000000000000000000 ) ) ;
#108 = LINE ( 'NONE', #3554, #7378 ) ;
#109 = EDGE_CURVE ( 'NONE', #10809, #1614, #2308, .T. ) ;
#110 = VECTOR ( 'NONE', #3150, 1000.000000000000000 ) ;
#111 = CARTESIAN_POINT ( 'NONE',  ( 9.184850993605147205E-18, 0.1901880480000001095, -2.164188048000000197 ) ) ;
#112 = EDGE_CURVE ( 'NONE', #4963, #1192, #7362, .T. ) ;
#113 = CARTESIAN_POINT ( 'NONE',  ( 2.332471671280726522, 0.6837476037975128706, 0.9365110115342409891 ) ) ;
#114 = CARTESIAN_POINT ( 'NONE',  ( 2.299999999999999822, 0.6500000000000001332, 0.9186285210000001422 ) ) ;
#115 = VERTEX_POINT ( 'NONE', #6542 ) ;
#116 = B_SPLINE_SURFACE_WITH_KNOTS ( 'NONE', 3, 3, ( 
 ( #5554, #448, #9659, #2141, #8021, #501, #7252 ),
 ( #3840, #6431, #9760, #3949, #2306, #775, #5724 ),
 ( #1597, #1485, #4948, #1647, #10701, #6482, #3127 ),
 ( #9817, #8290, #7305, #4116, #4997, #7465, #10810 ),
 ( #4891, #4064, #10034, #3293, #2525, #5668, #667 ),
 ( #9053, #5886, #3347, #7414, #6540, #8998, #9980 ),
 ( #2474, #1539, #4007, #829, #4783, #1435, #5836 ) ),
 .UNSPECIFIED., .F., .F., .F.,
 ( 4, 3, 4 ),
 ( 4, 3, 4 ),
 ( -0.005000000000000000971, 0.000000000000000000, 1.000000000000000000 ),
 ( 0.000000000000000000, 1.000000000000000000, 1.024142379608622200 ),
 .UNSPECIFIED. ) ;
#117 = CARTESIAN_POINT ( 'NONE',  ( 1.572784278000000757, 1.172417748000000204, 1.267610252999999743 ) ) ;
#118 = DIRECTION ( 'NONE',  ( 0.000000000000000000, 0.000000000000000000, 1.000000000000000000 ) ) ;
#119 = ORIENTED_EDGE ( 'NONE', *, *, #1780, .F. ) ;
#120 = LINE ( 'NONE', #10205, #3537 ) ;
#121 = FACE_BOUND ( 'NONE', #5749, .T. ) ;
#122 = CYLINDRICAL_SURFACE ( 'NONE', #6924, 0.3000000000000001554 ) ;
#123 = ORIENTED_EDGE ( 'NONE', *, *, #1818, .T. ) ;
#124 = CARTESIAN_POINT ( 'NONE',  ( 0.000000000000000000, 0.6500000000000001332, 0.000000000000000000 ) ) ;
#125 = DIRECTION ( 'NONE',  ( 0.000000000000000000, 0.000000000000000000, 1.000000000000000000 ) ) ;
#126 = CARTESIAN_POINT ( 'NONE',  ( -0.9889842462155397085, 0.6998167379424594658, 2.297924171510721258 ) ) ;
#127 = EDGE_CURVE ( 'NONE', #3345, #8205, #5726, .T. ) ;
#128 = CARTESIAN_POINT ( 'NONE',  ( 0.3754225650623851385, 0.1901880480000000817, 1.627209217895231541 ) ) ;
#129 = CARTESIAN_POINT ( 'NONE',  ( 0.9950587360000001658, 0.6753823869026261972, 2.293438055000000197 ) ) ;
#130 = CARTESIAN_POINT ( 'NONE',  ( 1.384339477331709700, 1.129578330480790704, -1.503864239088033017 ) ) ;
#131 = CARTESIAN_POINT ( 'NONE',  ( 1.724778980832524233, 0.8242092533830517320, 1.435803375048651853 ) ) ;
#132 = ORIENTED_EDGE ( 'NONE', *, *, #7622, .T. ) ;
#133 = CARTESIAN_POINT ( 'NONE',  ( 0.9648179641900006542, 1.127536551879999571, -1.802837929070000067 ) ) ;
#134 = CARTESIAN_POINT ( 'NONE',  ( 0.7903984161346782056, 1.200000000000000178, 0.9068045517375584730 ) ) ;
#135 = CARTESIAN_POINT ( 'NONE',  ( -0.9655469096004095642, 0.6957500313822022608, -2.314648881504825173 ) ) ;
#136 = CARTESIAN_POINT ( 'NONE',  ( -1.827066688999999799, 1.128708233000000227, -0.9157984990000000991 ) ) ;
#137 = VERTEX_POINT ( 'NONE', #8456 ) ;
#138 = CARTESIAN_POINT ( 'NONE',  ( -1.196111552000000078, 1.129359736000000058, 1.657413087999999979 ) ) ;
#139 = CARTESIAN_POINT ( 'NONE',  ( 0.1500313765188287796, 0.1909846188625898000, 2.308898408571473215 ) ) ;
#140 = EDGE_CURVE ( 'NONE', #7193, #5241, #831, .T. ) ;
#141 = DIRECTION ( 'NONE',  ( 0.000000000000000000, 0.000000000000000000, -1.000000000000000000 ) ) ;
#142 = VECTOR ( 'NONE', #4672, 1000.000000000000000 ) ;
#143 = CARTESIAN_POINT ( 'NONE',  ( 0.6000000000000000888, 0.6500000000000001332, 2.299999999999999822 ) ) ;
#144 = CARTESIAN_POINT ( 'NONE',  ( -1.024999999984375076, 0.000000000000000000, 1.750000000207292183 ) ) ;
#145 = ORIENTED_EDGE ( 'NONE', *, *, #5393, .T. ) ;
#146 = CARTESIAN_POINT ( 'NONE',  ( -2.337981905602463328, 0.6772694141211531571, 0.9251165941307526452 ) ) ;
#147 = ORIENTED_EDGE ( 'NONE', *, *, #8477, .T. ) ;
#148 = VECTOR ( 'NONE', #8592, 1000.000000000000000 ) ;
#149 = ORIENTED_EDGE ( 'NONE', *, *, #6709, .F. ) ;
#150 = ORIENTED_EDGE ( 'NONE', *, *, #711, .F. ) ;
#151 = DIRECTION ( 'NONE',  ( 0.000000000000000000, 0.000000000000000000, -1.000000000000000000 ) ) ;
#152 = FACE_OUTER_BOUND ( 'NONE', #8314, .T. ) ;
#153 = EDGE_CURVE ( 'NONE', #8744, #794, #6333, .T. ) ;
#154 = CARTESIAN_POINT ( 'NONE',  ( 0.5999999999454147526, 0.6500000000000002442, -2.349999999999999645 ) ) ;
#155 = CARTESIAN_POINT ( 'NONE',  ( -2.323447782000000128, 0.7007647740000000347, -0.9551130330000000557 ) ) ;
#156 = AXIS2_PLACEMENT_3D ( 'NONE', #7255, #4067, #3077 ) ;
#157 = CARTESIAN_POINT ( 'NONE',  ( -0.3157709099307742240, 1.200000000000000178, 1.158876243106129245 ) ) ;
#158 = CARTESIAN_POINT ( 'NONE',  ( 1.696805554000000216, 1.172271983000000128, -1.092017265000000181 ) ) ;
#159 = EDGE_LOOP ( 'NONE', ( #9213, #3881, #10071, #5138 ) ) ;
#160 = CARTESIAN_POINT ( 'NONE',  ( -1.151967217000000376, 1.129284466999999959, -1.689245386000000071 ) ) ;
#161 = ORIENTED_EDGE ( 'NONE', *, *, #440, .F. ) ;
#162 = AXIS2_PLACEMENT_3D ( 'NONE', #8402, #3457, #179 ) ;
#163 = DIRECTION ( 'NONE',  ( 0.000000000000000000, 0.000000000000000000, 1.000000000000000000 ) ) ;
#164 = CARTESIAN_POINT ( 'NONE',  ( 1.651863011196349706, 1.199999999998403899, 0.9718126210222417516 ) ) ;
#165 = CARTESIAN_POINT ( 'NONE',  ( 1.100000000000000311, 1.399999999999999911, -3.367778697655221998E-16 ) ) ;
#166 = CARTESIAN_POINT ( 'NONE',  ( 0.9108179581907011046, 0.6477454905832710219, 2.300000000000001599 ) ) ;
#167 = CARTESIAN_POINT ( 'NONE',  ( 2.344188086368963475, 0.6662108265364655724, 0.9080161134592265038 ) ) ;
#168 = FACE_OUTER_BOUND ( 'NONE', #8962, .T. ) ;
#169 = ORIENTED_EDGE ( 'NONE', *, *, #2066, .F. ) ;
#170 = CARTESIAN_POINT ( 'NONE',  ( 1.695700941999999989, 1.199997961000000224, 0.9974800869999999042 ) ) ;
#171 = CARTESIAN_POINT ( 'NONE',  ( -1.193321910999999957, 0.8000000000000000444, -1.921766434000000023 ) ) ;
#172 = ORIENTED_EDGE ( 'NONE', *, *, #3184, .F. ) ;
#173 = EDGE_CURVE ( 'NONE', #7755, #6851, #5552, .T. ) ;
#174 = LINE ( 'NONE', #886, #7922 ) ;
#175 = DIRECTION ( 'NONE',  ( 0.000000000000000000, 0.000000000000000000, 1.000000000000000000 ) ) ;
#176 = ADVANCED_FACE ( 'NONE', ( #8400 ), #122, .F. ) ;
#177 = PLANE ( 'NONE',  #2538 ) ;
#178 = EDGE_LOOP ( 'NONE', ( #10589, #4984, #2976, #161, #9991, #5835 ) ) ;
#179 = DIRECTION ( 'NONE',  ( 0.000000000000000000, 0.000000000000000000, 1.000000000000000000 ) ) ;
#180 = CYLINDRICAL_SURFACE ( 'NONE', #1785, 0.3000000000000001554 ) ;
#181 = CARTESIAN_POINT ( 'NONE',  ( -0.9723772653999379623, 0.6974757457565520236, 2.309909123796339614 ) ) ;
#182 = VECTOR ( 'NONE', #6056, 1000.000000000000000 ) ;
#183 = CARTESIAN_POINT ( 'NONE',  ( 1.750000000000000000, 0.6400000000000001243, -1.750000000000000000 ) ) ;
#184 = DIRECTION ( 'NONE',  ( 0.000000000000000000, 0.000000000000000000, 1.000000000000000000 ) ) ;
#185 = FACE_OUTER_BOUND ( 'NONE', #8534, .T. ) ;
#186 = CARTESIAN_POINT ( 'NONE',  ( 2.305050343999999640, 0.6666666670000001016, 0.9558291580000002341 ) ) ;
#187 = ORIENTED_EDGE ( 'NONE', *, *, #853, .T. ) ;
#188 = VECTOR ( 'NONE', #6366, 1000.000000000000000 ) ;
#189 = EDGE_CURVE ( 'NONE', #8930, #103, #9219, .T. ) ;
#190 = CARTESIAN_POINT ( 'NONE',  ( 1.836501306109988629, 1.102651866309820372, -0.9327620411714970805 ) ) ;
#191 = CARTESIAN_POINT ( 'NONE',  ( 1.055282409458830895, 1.199999999999999956, 0.5949446695989540901 ) ) ;
#192 = EDGE_CURVE ( 'NONE', #1043, #10619, #5888, .T. ) ;
#193 = CARTESIAN_POINT ( 'NONE',  ( -0.7250000000000000888, 0.000000000000000000, -2.299999999999999822 ) ) ;
#194 = CARTESIAN_POINT ( 'NONE',  ( -1.802129815999999884, 1.128834786999999729, -0.9644410570000006011 ) ) ;
#195 = EDGE_LOOP ( 'NONE', ( #7389, #9503, #2564, #6389 ) ) ;
#196 = CARTESIAN_POINT ( 'NONE',  ( -1.282197579059999981, 1.200000020200000739, 1.427946516269999799 ) ) ;
#197 = CARTESIAN_POINT ( 'NONE',  ( -1.750000000000000000, 0.6400000000000001243, -1.750000000000000000 ) ) ;
#198 = CARTESIAN_POINT ( 'NONE',  ( -0.9950587360000001658, 0.6666666670000001016, 2.293438055000000197 ) ) ;
#199 = VECTOR ( 'NONE', #6912, 1000.000000000000000 ) ;
#200 = CARTESIAN_POINT ( 'NONE',  ( 0.9453145644763745192, 0.6881290603940485306, 2.327568454200129366 ) ) ;
#201 = PLANE ( 'NONE',  #7983 ) ;
#202 = ORIENTED_EDGE ( 'NONE', *, *, #5303, .T. ) ;
#203 = CARTESIAN_POINT ( 'NONE',  ( -2.339156249743993055, 0.6755829327742793877, 0.9223606489070256265 ) ) ;
#204 = ADVANCED_FACE ( 'NONE', ( #1049 ), #1865, .F. ) ;
#205 = CIRCLE ( 'NONE', #1945, 0.2999999999999999334 ) ;
#206 = ORIENTED_EDGE ( 'NONE', *, *, #7537, .F. ) ;
#207 = VECTOR ( 'NONE', #1416, 1000.000000000000000 ) ;
#208 = ORIENTED_EDGE ( 'NONE', *, *, #8317, .F. ) ;
#209 = VERTEX_POINT ( 'NONE', #2582 ) ;
#210 = CARTESIAN_POINT ( 'NONE',  ( -2.299999999869633882, 0.6500000000997725458, 0.9268673177980780720 ) ) ;
#211 = CARTESIAN_POINT ( 'NONE',  ( -1.614200618305498880, 0.8235743255624882186, 1.546373572124978946 ) ) ;
#212 = CARTESIAN_POINT ( 'NONE',  ( -0.1445161610262682694, 0.2401880480125153094, -2.349999999999999645 ) ) ;
#213 = CIRCLE ( 'NONE', #1603, 1.100000000000000089 ) ;
#214 = CARTESIAN_POINT ( 'NONE',  ( 0.9493574780780920097, 0.6899356292575731242, -2.325152235160251823 ) ) ;
#215 = EDGE_CURVE ( 'NONE', #10166, #8625, #6759, .T. ) ;
#216 = ORIENTED_EDGE ( 'NONE', *, *, #6742, .T. ) ;
#217 = CARTESIAN_POINT ( 'NONE',  ( -0.9710478372800003255, 1.200000061169999910, -1.650544829600000041 ) ) ;
#218 = EDGE_LOOP ( 'NONE', ( #9626, #9101, #6510, #5534, #119 ) ) ;
#219 = FACE_OUTER_BOUND ( 'NONE', #7359, .T. ) ;
#220 = VECTOR ( 'NONE', #4650, 1000.000000000000000 ) ;
#221 = CARTESIAN_POINT ( 'NONE',  ( -0.6000000000000000888, 0.7000000000000000666, -2.293438055000000197 ) ) ;
#222 = CYLINDRICAL_SURFACE ( 'NONE', #8581, 1.199999999999999956 ) ;
#223 = LINE ( 'NONE', #8604, #9324 ) ;
#224 = CARTESIAN_POINT ( 'NONE',  ( 0.8785042869433129509, 0.6450000000542321921, 2.299999999999999822 ) ) ;
#225 = CARTESIAN_POINT ( 'NONE',  ( 2.327357575571370241, 0.6883168060765204599, 0.9456910050793844169 ) ) ;
#226 = PLANE ( 'NONE',  #2639 ) ;
#227 = ORIENTED_EDGE ( 'NONE', *, *, #5073, .F. ) ;
#228 = CARTESIAN_POINT ( 'NONE',  ( 1.625860351999999676, 1.199997970000000524, 1.108843324000000186 ) ) ;
#229 = EDGE_CURVE ( 'NONE', #486, #3700, #7687, .T. ) ;
#230 = CARTESIAN_POINT ( 'NONE',  ( -1.089654453202482776, 0.8235466378435952750, -1.951467716939614627 ) ) ;
#231 = ORIENTED_EDGE ( 'NONE', *, *, #1541, .F. ) ;
#232 = PLANE ( 'NONE',  #8967 ) ;
#233 = CARTESIAN_POINT ( 'NONE',  ( -2.302204255529982202, 0.6992969034869228606, -0.9831326641119395582 ) ) ;
#234 = DIRECTION ( 'NONE',  ( 1.000000000000000000, -0.000000000000000000, 0.000000000000000000 ) ) ;
#235 = DIRECTION ( 'NONE',  ( 0.000000000000000000, 0.000000000000000000, 1.000000000000000000 ) ) ;
#236 = CARTESIAN_POINT ( 'NONE',  ( 1.750000000000000000, 0.6400000000000001243, -1.750000000000000000 ) ) ;
#237 = CARTESIAN_POINT ( 'NONE',  ( 0.000000000000000000, 0.6500000000000001332, 0.000000000000000000 ) ) ;
#238 = EDGE_CURVE ( 'NONE', #4363, #6748, #9332, .T. ) ;
#239 = LINE ( 'NONE', #5380, #12 ) ;
#240 = FACE_OUTER_BOUND ( 'NONE', #8014, .T. ) ;
#241 = CARTESIAN_POINT ( 'NONE',  ( 0.6000000002249999964, 0.8000000000000000444, -2.399999999999999911 ) ) ;
#242 = CARTESIAN_POINT ( 'NONE',  ( 2.348692979999999597, 0.6747346400000006073, 0.9184392820000000235 ) ) ;
#243 = ORIENTED_EDGE ( 'NONE', *, *, #5494, .F. ) ;
#244 = CARTESIAN_POINT ( 'NONE',  ( 0.9392307781200002204, 1.127021352890000161, -1.816532742179999715 ) ) ;
#245 = CARTESIAN_POINT ( 'NONE',  ( -1.089814080999999879, 0.8230413180000002438, 1.951749099000000598 ) ) ;
#246 = CARTESIAN_POINT ( 'NONE',  ( -0.9858390655019108051, 0.6995955299255971482, -2.300233356593254896 ) ) ;
#247 = CARTESIAN_POINT ( 'NONE',  ( -1.827549702289799960, 1.127832700945800015, -0.9160393663856001290 ) ) ;
#248 = VERTEX_POINT ( 'NONE', #4393 ) ;
#249 = CARTESIAN_POINT ( 'NONE',  ( -1.180452292000000014, 1.172349034000000234, 1.635656836999999975 ) ) ;
#250 = CARTESIAN_POINT ( 'NONE',  ( 2.299999999999999822, 0.000000000000000000, -2.299999999999999822 ) ) ;
#251 = DIRECTION ( 'NONE',  ( -1.000000000000000000, 0.000000000000000000, 0.000000000000000000 ) ) ;
#252 = EDGE_CURVE ( 'NONE', #9895, #4487, #888, .T. ) ;
#253 = EDGE_CURVE ( 'NONE', #10826, #10350, #4231, .T. ) ;
#254 = CARTESIAN_POINT ( 'NONE',  ( 0.9839934561712032624, 0.6993943426092726900, 2.301577802668395289 ) ) ;
#255 = LINE ( 'NONE', #5396, #7285 ) ;
#256 = EDGE_CURVE ( 'NONE', #4462, #4360, #7633, .T. ) ;
#257 = ORIENTED_EDGE ( 'NONE', *, *, #1792, .T. ) ;
#258 = CARTESIAN_POINT ( 'NONE',  ( 1.110655302000000066, 0.8000000000000000444, -1.988339712000000148 ) ) ;
#259 = ORIENTED_EDGE ( 'NONE', *, *, #5073, .T. ) ;
#260 = ORIENTED_EDGE ( 'NONE', *, *, #8829, .T. ) ;
#261 = CARTESIAN_POINT ( 'NONE',  ( -0.1166201567760868502, 0.2997761408476998235, -2.450000000000000178 ) ) ;
#262 = CARTESIAN_POINT ( 'NONE',  ( 1.543715557145440842, 0.6400000000000001243, 1.532177299997947495 ) ) ;
#263 = CARTESIAN_POINT ( 'NONE',  ( -0.7250000000000000888, 0.000000000000000000, -2.300000000004808420 ) ) ;
#264 = EDGE_CURVE ( 'NONE', #1913, #5819, #2026, .T. ) ;
#265 = CARTESIAN_POINT ( 'NONE',  ( 1.449663596451155279, 1.129588098492413817, 1.440988925066598592 ) ) ;
#266 = CARTESIAN_POINT ( 'NONE',  ( -0.8946474345527420935, 0.6464365012881250205, -2.299999999999999822 ) ) ;
#267 = VERTEX_POINT ( 'NONE', #944 ) ;
#268 = VECTOR ( 'NONE', #460, 1000.000000000000000 ) ;
#269 = CARTESIAN_POINT ( 'NONE',  ( -1.180481061000000276, 1.172349056000000056, -1.635636083999999935 ) ) ;
#270 = ORIENTED_EDGE ( 'NONE', *, *, #7413, .F. ) ;
#271 = CARTESIAN_POINT ( 'NONE',  ( -2.349999999999999645, 0.3500000000000000333, 0.5000000000000000000 ) ) ;
#272 = CARTESIAN_POINT ( 'NONE',  ( 1.750000000000000000, 0.6400000000000001243, -1.449999999999999956 ) ) ;
#273 = CARTESIAN_POINT ( 'NONE',  ( -0.9722187038829437356, 0.6500000000000001332, 2.294952300362609332 ) ) ;
#274 = CARTESIAN_POINT ( 'NONE',  ( 1.100000000000000089, 1.458578643762412197, -3.367778697655220519E-16 ) ) ;
#275 = CARTESIAN_POINT ( 'NONE',  ( -0.1445161610000000318, 0.2401880480000000151, -2.416666666999999435 ) ) ;
#276 = VECTOR ( 'NONE', #6754, 1000.000000000000000 ) ;
#277 = CARTESIAN_POINT ( 'NONE',  ( 2.340476831854011674, 0.6735100284375670210, 0.9190603137599708816 ) ) ;
#278 = CARTESIAN_POINT ( 'NONE',  ( -0.1481720536288634593, 0.1917905736260495098, -2.444027060602659063 ) ) ;
#279 = ORIENTED_EDGE ( 'NONE', *, *, #9057, .F. ) ;
#280 = CARTESIAN_POINT ( 'NONE',  ( 1.012000000000000011, 1.500000000000000000, -1.012051056000000893 ) ) ;
#281 = CARTESIAN_POINT ( 'NONE',  ( -1.180510316959374473, 0.8241776583544443424, -1.899265319580435873 ) ) ;
#282 = ORIENTED_EDGE ( 'NONE', *, *, #8979, .F. ) ;
#283 = FACE_OUTER_BOUND ( 'NONE', #195, .T. ) ;
#284 = CARTESIAN_POINT ( 'NONE',  ( 2.100000000000000089, 0.6500000000390940835, 2.299999999999999822 ) ) ;
#285 = FACE_OUTER_BOUND ( 'NONE', #2206, .T. ) ;
#286 = FACE_OUTER_BOUND ( 'NONE', #7388, .T. ) ;
#287 = FACE_OUTER_BOUND ( 'NONE', #10715, .T. ) ;
#288 = ADVANCED_FACE ( 'NONE', ( #6811 ), #10148, .T. ) ;
#289 = DIRECTION ( 'NONE',  ( 0.000000000000000000, 1.000000000000000000, 0.000000000000000000 ) ) ;
#290 = AXIS2_PLACEMENT_3D ( 'NONE', #78, #10163, #4184 ) ;
#291 = CARTESIAN_POINT ( 'NONE',  ( -1.875000000000000000, 0.7000000000000009548, 1.875000000000000000 ) ) ;
#292 = DIRECTION ( 'NONE',  ( 0.000000000000000000, 1.000000000000000000, -4.336808689942043768E-15 ) ) ;
#293 = CARTESIAN_POINT ( 'NONE',  ( 2.293438055000000197, 0.7005098490000000178, 0.9950587360000001658 ) ) ;
#294 = ORIENTED_EDGE ( 'NONE', *, *, #3634, .F. ) ;
#295 = DIRECTION ( 'NONE',  ( 0.000000000000000000, 0.000000000000000000, -1.000000000000000000 ) ) ;
#296 = CARTESIAN_POINT ( 'NONE',  ( -1.180622455034394003, 0.8238327100604453390, 1.899447562253398614 ) ) ;
#297 = CARTESIAN_POINT ( 'NONE',  ( -0.9067178905686525958, 0.6653201199676298527, -2.344546691496272040 ) ) ;
#298 = DIRECTION ( 'NONE',  ( 1.000000000000000000, -0.000000000000000000, 0.000000000000000000 ) ) ;
#299 = ORIENTED_EDGE ( 'NONE', *, *, #3936, .F. ) ;
#300 = CARTESIAN_POINT ( 'NONE',  ( -1.445886765408799679, 1.128289177106400309, 1.445926213225400048 ) ) ;
#301 = DIRECTION ( 'NONE',  ( 0.000000000000000000, 1.000000000000000000, 0.000000000000000000 ) ) ;
#302 = CARTESIAN_POINT ( 'NONE',  ( -0.9558291580000002341, 0.6666666670000001016, 2.305050343999999640 ) ) ;
#303 = CARTESIAN_POINT ( 'NONE',  ( 0.9895291363798430773, 0.6998480694870611307, 2.297523305731910881 ) ) ;
#304 = CARTESIAN_POINT ( 'NONE',  ( -1.106843521103890504, 0.8233145215229985547, 1.942104130440612808 ) ) ;
#305 = ORIENTED_EDGE ( 'NONE', *, *, #5162, .F. ) ;
#306 = CARTESIAN_POINT ( 'NONE',  ( 2.300000000000000266, 0.6450000001693170226, -0.8785042874460973206 ) ) ;
#307 = ADVANCED_FACE ( 'NONE', ( #4335 ), #177, .T. ) ;
#308 = ORIENTED_EDGE ( 'NONE', *, *, #9015, .F. ) ;
#309 = EDGE_CURVE ( 'NONE', #8183, #6258, #3942, .T. ) ;
#310 = ORIENTED_EDGE ( 'NONE', *, *, #7972, .T. ) ;
#311 = CARTESIAN_POINT ( 'NONE',  ( 0.8796335266379980977, 1.099999999999999867, 0.6760013919724063847 ) ) ;
#312 = VECTOR ( 'NONE', #63, 1000.000000000000000 ) ;
#313 = CARTESIAN_POINT ( 'NONE',  ( -1.117129299638008222, 0.8000000000952381951, -1.984642641067087432 ) ) ;
#314 = CARTESIAN_POINT ( 'NONE',  ( -0.1265827859729031779, 0.3046764381079404838, -2.349999999999999645 ) ) ;
#315 = DIRECTION ( 'NONE',  ( 1.000000000000000000, -0.000000000000000000, 0.000000000000000000 ) ) ;
#316 = AXIS2_PLACEMENT_3D ( 'NONE', #8267, #755, #4095 ) ;
#317 = CARTESIAN_POINT ( 'NONE',  ( 0.3000000000144261714, 0.3500000000000001443, -2.349999999999999645 ) ) ;
#318 = VERTEX_POINT ( 'NONE', #6313 ) ;
#319 = CARTESIAN_POINT ( 'NONE',  ( -1.196615198395000634, 1.128057210088699858, -1.658051268133400091 ) ) ;
#320 = EDGE_CURVE ( 'NONE', #4770, #6618, #2954, .T. ) ;
#321 = ORIENTED_EDGE ( 'NONE', *, *, #10322, .T. ) ;
#322 = DIRECTION ( 'NONE',  ( 0.000000000000000000, -1.000000000000000000, -0.000000000000000000 ) ) ;
#323 = LINE ( 'NONE', #2680, #5418 ) ;
#324 = CARTESIAN_POINT ( 'NONE',  ( 0.9999999991703705238, 0.7000000000000000666, 2.399999999999999911 ) ) ;
#325 = VECTOR ( 'NONE', #4744, 1000.000000000000000 ) ;
#326 = DIRECTION ( 'NONE',  ( 0.000000000000000000, 0.000000000000000000, -1.000000000000000000 ) ) ;
#327 = CARTESIAN_POINT ( 'NONE',  ( -0.1500441835724812545, 0.2167406823478813249, -2.344161738331132838 ) ) ;
#328 = CARTESIAN_POINT ( 'NONE',  ( -1.195900942499255049, 0.8231220338292767336, -1.890842661191810992 ) ) ;
#329 = CARTESIAN_POINT ( 'NONE',  ( -1.600000000012500312, 8.809142651444723526E-17, -2.300000000002404121 ) ) ;
#330 = ORIENTED_EDGE ( 'NONE', *, *, #8641, .F. ) ;
#331 = CARTESIAN_POINT ( 'NONE',  ( 1.789610840259999947, 1.127601842190000037, 0.9887978594399996490 ) ) ;
#332 = CARTESIAN_POINT ( 'NONE',  ( 2.294948298239681606, 0.6500000000000004663, -0.9722812144168311299 ) ) ;
#333 = ORIENTED_EDGE ( 'NONE', *, *, #6126, .F. ) ;
#334 = AXIS2_PLACEMENT_3D ( 'NONE', #7618, #106, #1583 ) ;
#335 = CARTESIAN_POINT ( 'NONE',  ( -1.750000000000000000, 0.6500000000000001332, 1.750000000000000000 ) ) ;
#336 = CARTESIAN_POINT ( 'NONE',  ( -1.543715557124426541, 0.6400000000000001243, 1.532177300017849131 ) ) ;
#337 = ADVANCED_FACE ( 'NONE', ( #4557 ), #6160, .T. ) ;
#338 = DIRECTION ( 'NONE',  ( 0.000000000000000000, 0.000000000000000000, 1.000000000000000000 ) ) ;
#339 = PLANE ( 'NONE',  #9083 ) ;
#340 = CARTESIAN_POINT ( 'NONE',  ( -1.000000000000000000, 0.7000000000000000666, 2.250000000000001776 ) ) ;
#341 = B_SPLINE_CURVE_WITH_KNOTS ( 'NONE', 3,
 ( #212, #314, #7005, #9520 ),
 .UNSPECIFIED., .F., .F.,
 ( 4, 4 ),
 ( 0.000000000000000000, 1.000000000000000000 ),
 .UNSPECIFIED. ) ;
#342 = VECTOR ( 'NONE', #9349, 1000.000000000000000 ) ;
#343 = CARTESIAN_POINT ( 'NONE',  ( 2.349999999999999645, 0.3499999999250001381, -1.250000000000000000 ) ) ;
#344 = CARTESIAN_POINT ( 'NONE',  ( 0.9264615476114000936, 1.200000041268600048, 1.676218641910200313 ) ) ;
#345 = LINE ( 'NONE', #2702, #4902 ) ;
#346 = CARTESIAN_POINT ( 'NONE',  ( 2.349202828999999326, 0.6750097260000001986, 0.9184499900000000494 ) ) ;
#347 = VERTEX_POINT ( 'NONE', #1973 ) ;
#348 = CARTESIAN_POINT ( 'NONE',  ( 1.489718696936251030, 0.8000000000000000444, -1.770985082010541944 ) ) ;
#349 = CARTESIAN_POINT ( 'NONE',  ( -1.102395468000000101, 0.8000000000000000444, 1.973838048000000178 ) ) ;
#350 = EDGE_CURVE ( 'NONE', #5388, #3264, #3726, .T. ) ;
#351 = AXIS2_PLACEMENT_3D ( 'NONE', #7508, #4270, #10195 ) ;
#352 = CARTESIAN_POINT ( 'NONE',  ( -2.299999999999999822, 0.8000000000000000444, 1.249999999999999778 ) ) ;
#353 = CARTESIAN_POINT ( 'NONE',  ( 2.299999999999999822, 0.6499999999999983569, 1.250000000822222068 ) ) ;
#354 = CARTESIAN_POINT ( 'NONE',  ( -1.151942781000000027, 1.129284417999999901, 1.689261823000000051 ) ) ;
#355 = CARTESIAN_POINT ( 'NONE',  ( 1.750000000000000000, 0.6400000000000001243, 1.449999999999999956 ) ) ;
#356 = CARTESIAN_POINT ( 'NONE',  ( 0.9646259056960123646, 0.6954793385971634878, 2.315274638405273144 ) ) ;
#357 = CARTESIAN_POINT ( 'NONE',  ( -0.8785042870000000503, 0.6450000000000001288, -2.348947903999999642 ) ) ;
#358 = ORIENTED_EDGE ( 'NONE', *, *, #6875, .F. ) ;
#359 = CARTESIAN_POINT ( 'NONE',  ( 1.611655028716900251, 1.200000020533299905, -1.037417123184600332 ) ) ;
#360 = CARTESIAN_POINT ( 'NONE',  ( 1.201707064000000713, 0.8000000000000000444, -1.936478600000000050 ) ) ;
#361 = EDGE_LOOP ( 'NONE', ( #9773, #6829, #7820, #1293 ) ) ;
#362 = ORIENTED_EDGE ( 'NONE', *, *, #3679, .T. ) ;
#363 = CARTESIAN_POINT ( 'NONE',  ( -1.600000000000000089, -0.002400000000000000657, -2.501199999999999868 ) ) ;
#364 = VECTOR ( 'NONE', #2068, 1000.000000000000000 ) ;
#365 = CARTESIAN_POINT ( 'NONE',  ( -0.1445161610262682694, 0.2401880480125153094, -2.349999999999999645 ) ) ;
#366 = CARTESIAN_POINT ( 'NONE',  ( -0.8916291446678870081, 1.200000000000545519, -1.696049945175428064 ) ) ;
#367 = EDGE_CURVE ( 'NONE', #6603, #1272, #1662, .T. ) ;
#368 = CARTESIAN_POINT ( 'NONE',  ( 1.570513872160130608, 1.129138584007721935, 1.308149483869644802 ) ) ;
#369 = CARTESIAN_POINT ( 'NONE',  ( 1.750000000000000000, 0.6500000000000001332, -1.449999999999999956 ) ) ;
#370 = ORIENTED_EDGE ( 'NONE', *, *, #10095, .F. ) ;
#371 = CARTESIAN_POINT ( 'NONE',  ( -1.267648341999999761, 1.172417772000000191, -1.572754468000000072 ) ) ;
#372 = VERTEX_POINT ( 'NONE', #9590 ) ;
#373 = ORIENTED_EDGE ( 'NONE', *, *, #8142, .F. ) ;
#374 = LINE ( 'NONE', #7887, #911 ) ;
#375 = DIRECTION ( 'NONE',  ( 0.000000000000000000, -3.614007241618349264E-16, -1.000000000000000000 ) ) ;
#376 = CARTESIAN_POINT ( 'NONE',  ( 0.8916292085596737582, 1.199999999999627809, 1.696050017176450098 ) ) ;
#377 = VECTOR ( 'NONE', #9955, 1000.000000000000000 ) ;
#378 = LINE ( 'NONE', #4546, #10355 ) ;
#379 = CARTESIAN_POINT ( 'NONE',  ( -0.1445161610000000318, 0.2401880480000000151, -2.349999999999999645 ) ) ;
#380 = B_SPLINE_CURVE_WITH_KNOTS ( 'NONE', 3,
 ( #8700, #7936, #7113, #3706, #7223, #7827, #4537, #7064, #10401, #10563, #523, #1243, #6139, #6192, #7880, #420, #9474, #2878 ),
 .UNSPECIFIED., .F., .F.,
 ( 4, 1, 1, 2, 2, 2, 1, 1, 2, 2, 4 ),
 ( 0.5000000000000000000, 0.5625000000000001110, 0.5937500000000001110, 0.6093750000000001110, 0.6250000000000001110, 0.7500000000000001110, 0.8125000000000001110, 0.8437500000000001110, 0.8593750000000000000, 0.8750000000000000000, 1.000000000000000000 ),
 .UNSPECIFIED. ) ;
#381 = ADVANCED_FACE ( 'NONE', ( #3778 ), #2024, .F. ) ;
#382 = EDGE_CURVE ( 'NONE', #4256, #4779, #2800, .T. ) ;
#383 = CARTESIAN_POINT ( 'NONE',  ( 2.303316648774556441, 0.6991226494992747176, 0.9816038850837213170 ) ) ;
#384 = FACE_OUTER_BOUND ( 'NONE', #5173, .T. ) ;
#385 = VERTEX_POINT ( 'NONE', #9538 ) ;
#386 = B_SPLINE_SURFACE_WITH_KNOTS ( 'NONE', 3, 3, ( 
 ( #8485, #155, #9958, #866 ),
 ( #6846, #44, #9195, #7664 ),
 ( #974, #7557, #2448, #9145 ),
 ( #6733, #10067, #2560, #5920 ),
 ( #9250, #6606, #8249, #4850 ),
 ( #9772, #9011, #4905, #9937 ),
 ( #738, #3307, #5792, #3910 ) ),
 .UNSPECIFIED., .F., .F., .F.,
 ( 4, 3, 4 ),
 ( 4, 4 ),
 ( -0.01529547625796970345, 0.000000000000000000, 1.000000000000000000 ),
 ( 0.000000000000000000, 1.000000000000000000 ),
 .UNSPECIFIED. ) ;
#387 = CARTESIAN_POINT ( 'NONE',  ( 1.791954154999999771, 1.171877376000000082, 0.9269657400000004266 ) ) ;
#388 = DIRECTION ( 'NONE',  ( 0.000000000000000000, -1.000000000000000000, 0.000000000000000000 ) ) ;
#389 = ORIENTED_EDGE ( 'NONE', *, *, #1184, .F. ) ;
#390 = VECTOR ( 'NONE', #8853, 1000.000000000000227 ) ;
#391 = CARTESIAN_POINT ( 'NONE',  ( -2.295738835407288736, 0.6999638525725471183, -0.9919510787176674116 ) ) ;
#392 = DIRECTION ( 'NONE',  ( 0.000000000000000000, 1.000000000000000000, 0.000000000000000000 ) ) ;
#393 = DIRECTION ( 'NONE',  ( -1.000000000000000000, 0.000000000000000000, -0.000000000000000000 ) ) ;
#394 = CARTESIAN_POINT ( 'NONE',  ( 2.297523305661653303, 0.6998480694922939449, -0.9895291364753027175 ) ) ;
#395 = CIRCLE ( 'NONE', #6526, 0.2999999999999999334 ) ;
#396 = ADVANCED_FACE ( 'NONE', ( #4504 ), #1105, .T. ) ;
#397 = CARTESIAN_POINT ( 'NONE',  ( 1.696049971799174605, 1.200000000000309708, -0.8916291509791446357 ) ) ;
#398 = CARTESIAN_POINT ( 'NONE',  ( 0.8810654140662005362, 1.200000062478599583, 1.699972437012299720 ) ) ;
#399 = DIRECTION ( 'NONE',  ( 0.000000000000000000, -1.000000000000000000, 0.000000000000000000 ) ) ;
#400 = CARTESIAN_POINT ( 'NONE',  ( 2.315104722000000059, 0.6566122890000000156, 0.9177338649999999820 ) ) ;
#401 = ORIENTED_EDGE ( 'NONE', *, *, #6838, .T. ) ;
#402 = CARTESIAN_POINT ( 'NONE',  ( 0.7250000000000000888, 0.000000000000000000, 1.750000000000000000 ) ) ;
#403 = CARTESIAN_POINT ( 'NONE',  ( -4.599717996518602298E-16, 1.100000000000000089, -1.100000000000000089 ) ) ;
#404 = ORIENTED_EDGE ( 'NONE', *, *, #10055, .F. ) ;
#405 = CARTESIAN_POINT ( 'NONE',  ( -0.8901134751466950323, 0.6535357242990087467, -2.347771667163112141 ) ) ;
#406 = CARTESIAN_POINT ( 'NONE',  ( -0.5676680710850087186, 0.4934040023757511051, 2.449999999999998401 ) ) ;
#407 = CARTESIAN_POINT ( 'NONE',  ( -0.9389938128204002865, 1.127887988676300246, 1.816057874330600175 ) ) ;
#408 = CARTESIAN_POINT ( 'NONE',  ( 1.102131818705701649, 0.8324370153802829186, 1.937835206579515024 ) ) ;
#409 = ADVANCED_FACE ( 'NONE', ( #3674 ), #4448, .T. ) ;
#410 = CARTESIAN_POINT ( 'NONE',  ( -0.7250000001328125165, 0.2000000000111110954, -1.349999999999999867 ) ) ;
#411 = DIRECTION ( 'NONE',  ( -1.000000000000000000, -0.000000000000000000, 0.000000000000000000 ) ) ;
#412 = ORIENTED_EDGE ( 'NONE', *, *, #917, .F. ) ;
#413 = CARTESIAN_POINT ( 'NONE',  ( 1.552842294148199853, 1.200000061448399657, -1.120887244475200273 ) ) ;
#414 = CARTESIAN_POINT ( 'NONE',  ( 1.457415929000000832, 0.8000000000000000444, -1.753503752999999721 ) ) ;
#415 = ORIENTED_EDGE ( 'NONE', *, *, #4467, .F. ) ;
#416 = ORIENTED_EDGE ( 'NONE', *, *, #1442, .T. ) ;
#417 = CARTESIAN_POINT ( 'NONE',  ( -0.1497758240000000018, 0.1904321320000000595, -2.305697901000001604 ) ) ;
#418 = CARTESIAN_POINT ( 'NONE',  ( 1.600000000011110979, 0.000000000000000000, 2.299999999999999822 ) ) ;
#419 = CARTESIAN_POINT ( 'NONE',  ( 1.555406859943513354, 1.129419893832169119, 1.325880181482107067 ) ) ;
#420 = CARTESIAN_POINT ( 'NONE',  ( 1.171915320424972373, 1.100000000000000311, 0.2993090713511799006 ) ) ;
#421 = ORIENTED_EDGE ( 'NONE', *, *, #7000, .T. ) ;
#422 = CARTESIAN_POINT ( 'NONE',  ( -1.427946516269999799, 1.200000020200000739, -1.282197579059999981 ) ) ;
#423 = ORIENTED_EDGE ( 'NONE', *, *, #2214, .F. ) ;
#424 = VERTEX_POINT ( 'NONE', #2075 ) ;
#425 = CARTESIAN_POINT ( 'NONE',  ( 1.581666004999999764, 0.8210983760000001297, 1.581666004999999764 ) ) ;
#426 = CARTESIAN_POINT ( 'NONE',  ( 1.006999439999999746, 0.7000000000000005107, -2.293438055074298987 ) ) ;
#427 = DIRECTION ( 'NONE',  ( -1.000000000000000000, -0.000000000000000000, -0.000000000000000000 ) ) ;
#428 = CARTESIAN_POINT ( 'NONE',  ( 1.532177300023691346, 0.6500000000000001332, -1.543715557119287096 ) ) ;
#429 = CARTESIAN_POINT ( 'NONE',  ( -1.830075815000000050, 1.131981452999999860, 0.9052386860000000146 ) ) ;
#430 = CARTESIAN_POINT ( 'NONE',  ( -0.1481698510000000191, 0.2133150740000000212, -2.380022655999999959 ) ) ;
#431 = CARTESIAN_POINT ( 'NONE',  ( 2.299954037721566369, 0.6996126539290330459, 0.9862173293985990741 ) ) ;
#432 = CARTESIAN_POINT ( 'NONE',  ( 2.299999999999999822, 0.8000000000000000444, -2.399999999999999911 ) ) ;
#433 = EDGE_LOOP ( 'NONE', ( #606, #4425 ) ) ;
#434 = CARTESIAN_POINT ( 'NONE',  ( 1.802365853690000019, 1.128402041959999602, 0.9645666927300006188 ) ) ;
#435 = LINE ( 'NONE', #4769, #188 ) ;
#436 = ORIENTED_EDGE ( 'NONE', *, *, #253, .F. ) ;
#437 = DIRECTION ( 'NONE',  ( 0.000000000000000000, 0.000000000000000000, 1.000000000000000000 ) ) ;
#438 = CARTESIAN_POINT ( 'NONE',  ( -2.449999999999999734, 0.3499999998687502445, 1.250000000000000000 ) ) ;
#439 = ADVANCED_FACE ( 'NONE', ( #285 ), #3619, .F. ) ;
#440 = EDGE_CURVE ( 'NONE', #3059, #115, #1210, .T. ) ;
#441 = CARTESIAN_POINT ( 'NONE',  ( -0.9665455510576795861, 1.100000000000000089, 0.7308095386193098619 ) ) ;
#442 = VECTOR ( 'NONE', #2897, 1000.000000000000000 ) ;
#443 = CARTESIAN_POINT ( 'NONE',  ( -0.9073892768472890946, 1.100000000000000089, -0.7895175864298088486 ) ) ;
#444 = CARTESIAN_POINT ( 'NONE',  ( 1.036646739300000286, 1.127728580639999700, 1.762582118840000600 ) ) ;
#445 = CARTESIAN_POINT ( 'NONE',  ( 0.7250000000000000888, 0.2000000000000000111, -1.350000000000000089 ) ) ;
#446 = CARTESIAN_POINT ( 'NONE',  ( 0.000000000000000000, 0.3500000000000000333, -2.449999999999999734 ) ) ;
#447 = EDGE_LOOP ( 'NONE', ( #9159, #6206, #8372, #7027 ) ) ;
#448 = CARTESIAN_POINT ( 'NONE',  ( 0.1463463600000000364, 0.2158677570000000212, 2.450499999999999901 ) ) ;
#449 = AXIS2_PLACEMENT_3D ( 'NONE', #1835, #9184, #6018 ) ;
#450 = CARTESIAN_POINT ( 'NONE',  ( -0.2999999999966797004, 0.02000000000000001082, 0.8500000000019531932 ) ) ;
#451 = ORIENTED_EDGE ( 'NONE', *, *, #8684, .F. ) ;
#452 = CARTESIAN_POINT ( 'NONE',  ( -0.9205226476234493749, 0.6744332024648976853, -2.339899722992920150 ) ) ;
#453 = DIRECTION ( 'NONE',  ( 1.000000000000000000, -0.000000000000000000, 0.000000000000000000 ) ) ;
#454 = EDGE_CURVE ( 'NONE', #1557, #4090, #8667, .T. ) ;
#455 = CARTESIAN_POINT ( 'NONE',  ( -0.9712992512799999423, 1.200000040779999999, 1.650986217700000092 ) ) ;
#456 = CARTESIAN_POINT ( 'NONE',  ( 0.8956510921911449152, 0.6575372687724849730, 2.346990056750488218 ) ) ;
#457 = CARTESIAN_POINT ( 'NONE',  ( -0.9184446360000001475, 0.6748721830000000699, -2.348947903999999642 ) ) ;
#458 = ORIENTED_EDGE ( 'NONE', *, *, #3104, .T. ) ;
#459 = CARTESIAN_POINT ( 'NONE',  ( 1.593685414000000078, 1.129510422000000069, -1.284487700000000121 ) ) ;
#460 = DIRECTION ( 'NONE',  ( 1.000000000000000000, -0.000000000000000000, 0.000000000000000000 ) ) ;
#461 = ORIENTED_EDGE ( 'NONE', *, *, #697, .F. ) ;
#462 = ORIENTED_EDGE ( 'NONE', *, *, #6825, .T. ) ;
#463 = EDGE_CURVE ( 'NONE', #2583, #5285, #1156, .T. ) ;
#464 = CARTESIAN_POINT ( 'NONE',  ( -1.815817024000000224, 1.128327845000000051, 0.9388732090000000419 ) ) ;
#465 = CARTESIAN_POINT ( 'NONE',  ( 1.836502778887328713, 1.102651364883272977, 0.9327571059302379730 ) ) ;
#466 = CARTESIAN_POINT ( 'NONE',  ( -1.100000000000000311, 1.100000000000000089, 0.1439896632895323603 ) ) ;
#467 = DIRECTION ( 'NONE',  ( 1.000000000000000000, 0.000000000000000000, -0.000000000000000000 ) ) ;
#468 = FACE_OUTER_BOUND ( 'NONE', #7068, .T. ) ;
#469 = ORIENTED_EDGE ( 'NONE', *, *, #7230, .F. ) ;
#470 = CARTESIAN_POINT ( 'NONE',  ( -1.583083585880000754, 1.200000040599999762, -1.079763662560000004 ) ) ;
#471 = VERTEX_POINT ( 'NONE', #10372 ) ;
#472 = ORIENTED_EDGE ( 'NONE', *, *, #7665, .T. ) ;
#473 = EDGE_CURVE ( 'NONE', #7078, #7553, #2203, .T. ) ;
#474 = CARTESIAN_POINT ( 'NONE',  ( -0.6000000000000000888, 0.1901880479993407758, -2.300000000058809668 ) ) ;
#475 = CARTESIAN_POINT ( 'NONE',  ( -1.875000000000000000, 0.8000000000000001554, 1.875000000000000000 ) ) ;
#476 = CARTESIAN_POINT ( 'NONE',  ( -2.299999999999999822, 0.6450000000100576392, -0.8785042868390998683 ) ) ;
#477 = PLANE ( 'NONE',  #838 ) ;
#478 = LINE ( 'NONE', #3819, #9651 ) ;
#479 = CARTESIAN_POINT ( 'NONE',  ( 0.6000000000000000888, 0.6500000000000001332, 2.299999999999999822 ) ) ;
#480 = VECTOR ( 'NONE', #1375, 1000.000000000000000 ) ;
#481 = CARTESIAN_POINT ( 'NONE',  ( 2.298602237276901938, 0.6997612460980339177, 0.9880621617149971669 ) ) ;
#482 = PLANE ( 'NONE',  #5443 ) ;
#483 = ORIENTED_EDGE ( 'NONE', *, *, #4191, .F. ) ;
#484 = CARTESIAN_POINT ( 'NONE',  ( 1.789376465840000652, 1.128034238459999949, 0.9886690209599997559 ) ) ;
#485 = LINE ( 'NONE', #2231, #8068 ) ;
#486 = VERTEX_POINT ( 'NONE', #2850 ) ;
#487 = CARTESIAN_POINT ( 'NONE',  ( -2.348692979999999597, 0.6450000000000001288, 0.8785042870000000503 ) ) ;
#488 = CARTESIAN_POINT ( 'NONE',  ( 1.399999999999999911, 0.7000000000000000666, 2.399999999999999911 ) ) ;
#489 = VECTOR ( 'NONE', #2383, 1000.000000000000000 ) ;
#490 = PLANE ( 'NONE',  #10134 ) ;
#491 = PLANE ( 'NONE',  #10675 ) ;
#492 = CARTESIAN_POINT ( 'NONE',  ( -0.9177338649999999820, 0.6566122890000000156, 2.315104722000000059 ) ) ;
#493 = DIRECTION ( 'NONE',  ( 1.000000000000000000, -0.000000000000000000, 0.000000000000000000 ) ) ;
#494 = AXIS2_PLACEMENT_3D ( 'NONE', #10746, #6475, #767 ) ;
#495 = EDGE_CURVE ( 'NONE', #870, #372, #6209, .T. ) ;
#496 = ORIENTED_EDGE ( 'NONE', *, *, #7472, .F. ) ;
#497 = CARTESIAN_POINT ( 'NONE',  ( 0.9267089233057000941, 1.200000020634300002, 1.676668652955100258 ) ) ;
#498 = LINE ( 'NONE', #1482, #5972 ) ;
#499 = CARTESIAN_POINT ( 'NONE',  ( 2.449999999999999734, 0.8000000000000000444, -1.250000000000000000 ) ) ;
#500 = ORIENTED_EDGE ( 'NONE', *, *, #3520, .F. ) ;
#501 = CARTESIAN_POINT ( 'NONE',  ( 0.1500883706697498654, 0.1690917984295546295, 2.432653504979152448 ) ) ;
#502 = CARTESIAN_POINT ( 'NONE',  ( -1.844816072048853783, 0.8235179518412210076, 1.266184285735473036 ) ) ;
#503 = ORIENTED_EDGE ( 'NONE', *, *, #7368, .F. ) ;
#504 = CARTESIAN_POINT ( 'NONE',  ( 2.299999999999999822, 0.000000000000000000, 2.299999999999999822 ) ) ;
#505 = CARTESIAN_POINT ( 'NONE',  ( -0.9935049267299999043, 1.200000020369999865, 1.638173018809999881 ) ) ;
#506 = LINE ( 'NONE', #4629, #9612 ) ;
#507 = AXIS2_PLACEMENT_3D ( 'NONE', #10851, #5766, #7672 ) ;
#508 = EDGE_CURVE ( 'NONE', #3479, #9517, #4877, .T. ) ;
#509 = EDGE_CURVE ( 'NONE', #6870, #10605, #8877, .T. ) ;
#510 = CARTESIAN_POINT ( 'NONE',  ( 0.9011857573942139155, 0.6614710686491975800, 2.345913800802738258 ) ) ;
#511 = CARTESIAN_POINT ( 'NONE',  ( -1.600000000000000089, 0.06677425078684438853, 2.394318871897164858 ) ) ;
#512 = ORIENTED_EDGE ( 'NONE', *, *, #9892, .F. ) ;
#513 = AXIS2_PLACEMENT_3D ( 'NONE', #7150, #2971, #4520 ) ;
#514 = CARTESIAN_POINT ( 'NONE',  ( 1.367740278089999872, 1.129159325810000336, -1.523300173730000262 ) ) ;
#515 = CARTESIAN_POINT ( 'NONE',  ( 1.782804886283301027, 0.8235790279940939929, -1.348206488782824231 ) ) ;
#516 = ORIENTED_EDGE ( 'NONE', *, *, #5408, .T. ) ;
#517 = ORIENTED_EDGE ( 'NONE', *, *, #9395, .F. ) ;
#518 = FACE_OUTER_BOUND ( 'NONE', #2441, .T. ) ;
#519 = CARTESIAN_POINT ( 'NONE',  ( -1.100711949000000134, 1.131580398999999959, -1.733002410999999965 ) ) ;
#520 = CARTESIAN_POINT ( 'NONE',  ( -0.5539808784079887083, 1.100000000000000089, 0.9611650271896839959 ) ) ;
#521 = EDGE_CURVE ( 'NONE', #1513, #385, #8118, .T. ) ;
#522 = CARTESIAN_POINT ( 'NONE',  ( -0.4978820384704297775, 0.1901880480000001095, -1.693670801314216545 ) ) ;
#523 = CARTESIAN_POINT ( 'NONE',  ( 0.9849373593959944717, 1.100000000000000089, 0.6944078624408522860 ) ) ;
#524 = ORIENTED_EDGE ( 'NONE', *, *, #5934, .T. ) ;
#525 = AXIS2_PLACEMENT_3D ( 'NONE', #2455, #760, #10739 ) ;
#526 = CARTESIAN_POINT ( 'NONE',  ( -1.523504219354600231, 1.128722101596200345, -1.367923329421800061 ) ) ;
#527 = ORIENTED_EDGE ( 'NONE', *, *, #2143, .F. ) ;
#528 = VERTEX_POINT ( 'NONE', #6470 ) ;
#529 = DIRECTION ( 'NONE',  ( -0.000000000000000000, -1.000000000000000000, -0.000000000000000000 ) ) ;
#530 = FACE_OUTER_BOUND ( 'NONE', #2566, .T. ) ;
#531 = CARTESIAN_POINT ( 'NONE',  ( 1.141636525258145296, 1.100000000000000089, -0.3705707055173489417 ) ) ;
#532 = LINE ( 'NONE', #696, #2227 ) ;
#533 = CARTESIAN_POINT ( 'NONE',  ( -1.733002409000000021, 1.131580398999999959, 1.100711951000000521 ) ) ;
#534 = CARTESIAN_POINT ( 'NONE',  ( -0.9495353454791934933, 1.199999999999960876, 1.664706684844402762 ) ) ;
#535 = CIRCLE ( 'NONE', #3336, 2.500000000000000444 ) ;
#536 = EDGE_CURVE ( 'NONE', #4080, #6603, #8012, .T. ) ;
#537 = LINE ( 'NONE', #2175, #95 ) ;
#538 = DIRECTION ( 'NONE',  ( 2.891205793294681383E-15, 0.000000000000000000, 1.000000000000000000 ) ) ;
#539 = ORIENTED_EDGE ( 'NONE', *, *, #8111, .T. ) ;
#540 = CARTESIAN_POINT ( 'NONE',  ( 1.353667737999999954, 0.8091525189999999590, 1.790034034999999912 ) ) ;
#541 = CARTESIAN_POINT ( 'NONE',  ( 0.3000000000153827950, 0.09018804799999999289, 1.620188048000000158 ) ) ;
#542 = ORIENTED_EDGE ( 'NONE', *, *, #2238, .F. ) ;
#543 = DIRECTION ( 'NONE',  ( 0.000000000000000000, 0.000000000000000000, 1.000000000000000000 ) ) ;
#544 = CARTESIAN_POINT ( 'NONE',  ( -2.312748706987101777, 0.6965030361807419412, 0.9683111113845873641 ) ) ;
#545 = AXIS2_PLACEMENT_3D ( 'NONE', #8299, #9877, #8243 ) ;
#546 = AXIS2_PLACEMENT_3D ( 'NONE', #5513, #2157, #10665 ) ;
#547 = CARTESIAN_POINT ( 'NONE',  ( 2.299999999999999822, 0.000000000000000000, -2.100000000000000089 ) ) ;
#548 = CARTESIAN_POINT ( 'NONE',  ( 2.333619107663217118, 0.6825563976823719736, -0.9342986610984356233 ) ) ;
#549 = PLANE ( 'NONE',  #10834 ) ;
#550 = EDGE_CURVE ( 'NONE', #5569, #1043, #5912, .T. ) ;
#551 = B_SPLINE_CURVE_WITH_KNOTS ( 'NONE', 3,
 ( #8304, #6009, #4349, #7534, #9230, #3305, #2539, #191, #1718, #134, #5955, #789, #2652, #8357, #5064, #3526, #6661, #844 ),
 .UNSPECIFIED., .F., .F.,
 ( 4, 1, 1, 2, 2, 2, 1, 1, 2, 2, 4 ),
 ( 0.000000000000000000, 0.06249999999999991673, 0.09374999999999986122, 0.1093749999999998612, 0.1249999999999998612, 0.2499999999999997780, 0.3124999999999997780, 0.3437499999999997780, 0.3593749999999997780, 0.3749999999999998890, 0.5000000000000000000 ),
 .UNSPECIFIED. ) ;
#552 = VECTOR ( 'NONE', #4312, 1000.000000000000000 ) ;
#553 = FACE_OUTER_BOUND ( 'NONE', #8080, .T. ) ;
#554 = ORIENTED_EDGE ( 'NONE', *, *, #1588, .F. ) ;
#555 = CARTESIAN_POINT ( 'NONE',  ( 0.9492782313979999387, 1.200000020614099938, 1.664262360718799849 ) ) ;
#556 = DIRECTION ( 'NONE',  ( 1.000000000000000000, 0.000000000000000000, 0.000000000000000000 ) ) ;
#557 = LINE ( 'NONE', #446, #142 ) ;
#558 = ORIENTED_EDGE ( 'NONE', *, *, #9854, .F. ) ;
#559 = DIRECTION ( 'NONE',  ( 0.000000000000000000, 0.000000000000000000, 1.000000000000000000 ) ) ;
#560 = CARTESIAN_POINT ( 'NONE',  ( -1.720793701529732322, 0.8236401051469675050, 1.430228692842159033 ) ) ;
#561 = VERTEX_POINT ( 'NONE', #4362 ) ;
#562 = EDGE_LOOP ( 'NONE', ( #3291, #1480, #10684, #2058, #4240, #6865 ) ) ;
#563 = DIRECTION ( 'NONE',  ( 0.000000000000000000, 0.000000000000000000, -1.000000000000000000 ) ) ;
#564 = CARTESIAN_POINT ( 'NONE',  ( -1.037676850999999845, 1.199999999999999956, 1.612097062000000136 ) ) ;
#565 = CARTESIAN_POINT ( 'NONE',  ( -0.9640816482651861641, 0.6953179997144482982, 2.315643885422741910 ) ) ;
#566 = AXIS2_PLACEMENT_3D ( 'NONE', #7742, #2743, #4333 ) ;
#567 = EDGE_CURVE ( 'NONE', #5859, #10446, #8319, .T. ) ;
#568 = CARTESIAN_POINT ( 'NONE',  ( 0.8993412315653894762, 0.6601694208108802586, 2.346309132794659913 ) ) ;
#569 = CARTESIAN_POINT ( 'NONE',  ( -0.9177338649999999820, 0.6566122890000000156, -2.315104722000000059 ) ) ;
#570 = ORIENTED_EDGE ( 'NONE', *, *, #3241, .F. ) ;
#571 = CARTESIAN_POINT ( 'NONE',  ( 1.203960603150200148, 1.200000040864600548, -1.493681404974400051 ) ) ;
#572 = CARTESIAN_POINT ( 'NONE',  ( 1.852303558000000017, 0.8091248960000001489, -1.271316541000000022 ) ) ;
#573 = LINE ( 'NONE', #1500, #325 ) ;
#574 = ORIENTED_EDGE ( 'NONE', *, *, #6875, .T. ) ;
#575 = ORIENTED_EDGE ( 'NONE', *, *, #2945, .F. ) ;
#576 = CARTESIAN_POINT ( 'NONE',  ( -1.106843105463648058, 0.8233164494695032198, -1.942102885056486761 ) ) ;
#577 = ADVANCED_FACE ( 'NONE', ( #10835 ), #2716, .T. ) ;
#578 = PLANE ( 'NONE',  #5097 ) ;
#579 = EDGE_CURVE ( 'NONE', #10149, #7170, #5188, .T. ) ;
#580 = CARTESIAN_POINT ( 'NONE',  ( -0.9611650271896839959, 1.100000000000000089, 0.5539808784079889303 ) ) ;
#581 = CARTESIAN_POINT ( 'NONE',  ( 0.9381076008304546354, 0.6500000000035015546, 2.297932813478251735 ) ) ;
#582 = FACE_OUTER_BOUND ( 'NONE', #3934, .T. ) ;
#583 = ORIENTED_EDGE ( 'NONE', *, *, #1380, .F. ) ;
#584 = B_SPLINE_CURVE_WITH_KNOTS ( 'NONE', 3,
 ( #4096, #5590, #7444, #7283, #534, #2339, #9904, #7339, #1465, #10575, #10735, #3050, #5701, #7394, #8055, #9032, #3105, #4924, #1518, #4814, #3271, #644, #8212, #5530, #5647 ),
 .UNSPECIFIED., .F., .F.,
 ( 4, 3, 3, 3, 3, 3, 3, 3, 4 ),
 ( 0.000000000000000000, 0.03449937664312884705, 0.1009994970807816250, 0.2339997379560707635, 0.5000002197066669707, 0.7660007014572541850, 0.8990009423325429072, 0.9655010627701960946, 1.000000000000000000 ),
 .UNSPECIFIED. ) ;
#585 = ORIENTED_EDGE ( 'NONE', *, *, #6473, .T. ) ;
#586 = ORIENTED_EDGE ( 'NONE', *, *, #3936, .T. ) ;
#587 = CARTESIAN_POINT ( 'NONE',  ( -4.599717996518602298E-16, 1.100000000000000089, -1.100000000000000089 ) ) ;
#588 = CARTESIAN_POINT ( 'NONE',  ( 0.1500000000000000222, 0.09237426100000006857, 2.325516358000000228 ) ) ;
#589 = CARTESIAN_POINT ( 'NONE',  ( 1.789377929220000496, 1.128034231380000030, -0.9886663682399999820 ) ) ;
#590 = EDGE_CURVE ( 'NONE', #7321, #4462, #5079, .T. ) ;
#591 = CARTESIAN_POINT ( 'NONE',  ( 1.677118698756111304, 1.199999999998401012, -0.9269563181057917101 ) ) ;
#592 =( NAMED_UNIT ( * ) PLANE_ANGLE_UNIT ( ) SI_UNIT ( $, .RADIAN. ) );
#593 = CARTESIAN_POINT ( 'NONE',  ( -1.221011389984963502, 1.128855010154777849, 1.639173966115332837 ) ) ;
#594 = CARTESIAN_POINT ( 'NONE',  ( 0.9346845291621844742, 0.6827771674439518934, -2.333432437785457392 ) ) ;
#595 = DIRECTION ( 'NONE',  ( 0.000000000000000000, 1.000000000000000000, -0.000000000000000000 ) ) ;
#596 = CARTESIAN_POINT ( 'NONE',  ( 1.803241963000000947, 0.8000000000000000444, 1.363649834999999921 ) ) ;
#597 = DIRECTION ( 'NONE',  ( 0.000000000000000000, -0.3322574898012535805, 0.9431887194358136162 ) ) ;
#598 = ORIENTED_EDGE ( 'NONE', *, *, #10769, .F. ) ;
#599 = PLANE ( 'NONE',  #2723 ) ;
#600 = CARTESIAN_POINT ( 'NONE',  ( -2.331211526952274848, 0.6850006103357184628, 0.9388878663780368949 ) ) ;
#601 = CARTESIAN_POINT ( 'NONE',  ( 0.7250000000132814648, 0.02000000000000000389, -1.750000000000000000 ) ) ;
#602 = EDGE_CURVE ( 'NONE', #3072, #6896, #9712, .T. ) ;
#603 = CARTESIAN_POINT ( 'NONE',  ( 2.339156249667768694, 0.6755829328882274609, -0.9223606490909631583 ) ) ;
#604 = FACE_OUTER_BOUND ( 'NONE', #683, .T. ) ;
#605 = CARTESIAN_POINT ( 'NONE',  ( -0.7250000001092012925, 0.000000000000000000, -2.299999999999999822 ) ) ;
#606 = ORIENTED_EDGE ( 'NONE', *, *, #8991, .F. ) ;
#607 = CARTESIAN_POINT ( 'NONE',  ( 1.284824487160000972, 1.128652274999999872, 1.594104032920000247 ) ) ;
#608 = DIRECTION ( 'NONE',  ( 0.000000000000000000, -1.000000000000000000, 0.000000000000000000 ) ) ;
#609 = CARTESIAN_POINT ( 'NONE',  ( -0.1500000000000000222, 0.1938785652475585597, -2.324569149983741312 ) ) ;
#610 = ORIENTED_EDGE ( 'NONE', *, *, #8433, .T. ) ;
#611 = CARTESIAN_POINT ( 'NONE',  ( 1.171915320424972151, 1.199999999999999956, -0.3004056772134259257 ) ) ;
#612 = CARTESIAN_POINT ( 'NONE',  ( -1.507762634999999740, 0.8235000550000000086, 1.653447311000000974 ) ) ;
#613 = LINE ( 'NONE', #3129, #9020 ) ;
#614 = LINE ( 'NONE', #3954, #8384 ) ;
#615 = AXIS2_PLACEMENT_3D ( 'NONE', #9285, #7478, #9176 ) ;
#616 = EDGE_CURVE ( 'NONE', #7828, #7373, #9299, .T. ) ;
#617 = CARTESIAN_POINT ( 'NONE',  ( -0.9283811839999999149, 1.199997954999999950, 1.734383572000000040 ) ) ;
#618 = CARTESIAN_POINT ( 'NONE',  ( -0.9291665993303218629, 0.6796680614502210727, 2.336141633667215167 ) ) ;
#619 = AXIS2_PLACEMENT_3D ( 'NONE', #8733, #6989, #7148 ) ;
#620 = CARTESIAN_POINT ( 'NONE',  ( 2.449999999999999734, 0.3500000000000000333, -1.250000000000000000 ) ) ;
#621 = CARTESIAN_POINT ( 'NONE',  ( 0.9076392589586730342, 0.6659532202945621648, 2.344294979154084579 ) ) ;
#622 = DIRECTION ( 'NONE',  ( 0.000000000000000000, 0.9431887185242425753, 0.3322574923889557996 ) ) ;
#623 = ORIENTED_EDGE ( 'NONE', *, *, #6026, .F. ) ;
#624 = CARTESIAN_POINT ( 'NONE',  ( 1.445691321919999828, 1.128730687760000295, -1.445730764359999476 ) ) ;
#625 = CARTESIAN_POINT ( 'NONE',  ( 1.653224786830992832, 0.8240143662193640806, -1.507529085489593301 ) ) ;
#626 = ORIENTED_EDGE ( 'NONE', *, *, #3025, .F. ) ;
#627 = VERTEX_POINT ( 'NONE', #306 ) ;
#628 = CARTESIAN_POINT ( 'NONE',  ( -1.802845676473399772, 1.127523566468199956, 0.9648204417165000546 ) ) ;
#629 = AXIS2_PLACEMENT_3D ( 'NONE', #9021, #3864, #3972 ) ;
#630 = FACE_OUTER_BOUND ( 'NONE', #2721, .T. ) ;
#631 = VECTOR ( 'NONE', #10092, 1000.000000000000000 ) ;
#632 = DIRECTION ( 'NONE',  ( -0.000000000000000000, -0.000000000000000000, -1.000000000000000000 ) ) ;
#633 = FACE_OUTER_BOUND ( 'NONE', #7276, .T. ) ;
#634 = ADVANCED_FACE ( 'NONE', ( #2921 ), #3643, .T. ) ;
#635 = CARTESIAN_POINT ( 'NONE',  ( 2.323035152000000103, 0.7000000000000000666, -0.9551290950000000946 ) ) ;
#636 = EDGE_CURVE ( 'NONE', #3479, #5360, #7768, .T. ) ;
#637 = VERTEX_POINT ( 'NONE', #4527 ) ;
#638 = ORIENTED_EDGE ( 'NONE', *, *, #10155, .T. ) ;
#639 = ORIENTED_EDGE ( 'NONE', *, *, #10550, .F. ) ;
#640 = CARTESIAN_POINT ( 'NONE',  ( -1.750000000000000000, 0.6500000000000001332, -1.750000000000000000 ) ) ;
#641 = PLANE ( 'NONE',  #8220 ) ;
#642 = CARTESIAN_POINT ( 'NONE',  ( 0.9665455510576275167, 1.100000000000000311, -0.7308095386193783627 ) ) ;
#643 = CARTESIAN_POINT ( 'NONE',  ( 0.9718126210222423067, 1.199999999998403899, -1.651863011196350817 ) ) ;
#644 = CARTESIAN_POINT ( 'NONE',  ( -1.677118664851165120, 1.199999999999960876, 0.9269562994678945955 ) ) ;
#645 = DIRECTION ( 'NONE',  ( 0.000000000000000000, -1.000000000000000000, 0.000000000000000000 ) ) ;
#646 = DIRECTION ( 'NONE',  ( -0.000000000000000000, -1.000000000000000000, -0.000000000000000000 ) ) ;
#647 = EDGE_CURVE ( 'NONE', #3835, #10352, #7104, .T. ) ;
#648 = ADVANCED_FACE ( 'NONE', ( #5349 ), #5438, .F. ) ;
#649 = CARTESIAN_POINT ( 'NONE',  ( 1.844910622000000000, 0.8233475040000000078, 1.266237532000000110 ) ) ;
#650 = CYLINDRICAL_SURFACE ( 'NONE', #525, 1.199999999999999956 ) ;
#651 = ORIENTED_EDGE ( 'NONE', *, *, #837, .F. ) ;
#652 = CARTESIAN_POINT ( 'NONE',  ( -1.024999999999999911, 0.02000000000000000389, 0.8500000000078126172 ) ) ;
#653 = CARTESIAN_POINT ( 'NONE',  ( -2.315274638465754542, 0.6954793385710000830, 0.9646259056069935722 ) ) ;
#654 = CARTESIAN_POINT ( 'NONE',  ( -1.750000000000000000, 0.6400000000000001243, 1.750000000000000000 ) ) ;
#655 = CARTESIAN_POINT ( 'NONE',  ( 2.346488534735754694, 0.6595136694070471428, -0.8984187902528281144 ) ) ;
#656 = AXIS2_PLACEMENT_3D ( 'NONE', #2753, #1114, #9391 ) ;
#657 = CARTESIAN_POINT ( 'NONE',  ( 1.543715557140432182, 0.6400000000000001243, 1.532177300002690146 ) ) ;
#658 = CARTESIAN_POINT ( 'NONE',  ( 0.000000000000000000, 0.1901880480000000817, -2.299999999999999822 ) ) ;
#659 = CARTESIAN_POINT ( 'NONE',  ( 1.875000000000000000, 0.7000000000000000666, -2.174999999999999822 ) ) ;
#660 = EDGE_LOOP ( 'NONE', ( #5580, #5190, #10241, #665, #3826 ) ) ;
#661 = EDGE_CURVE ( 'NONE', #6157, #7430, #9967, .T. ) ;
#662 = CARTESIAN_POINT ( 'NONE',  ( 1.196297307500000295, 1.128929892289999737, 1.657609621780000042 ) ) ;
#663 = CARTESIAN_POINT ( 'NONE',  ( -0.03690169323556686393, 0.09018804799999999289, -2.164188047999999753 ) ) ;
#664 = LINE ( 'NONE', #2139, #4861 ) ;
#665 = ORIENTED_EDGE ( 'NONE', *, *, #987, .T. ) ;
#666 = VECTOR ( 'NONE', #8313, 1000.000000000000000 ) ;
#667 = CARTESIAN_POINT ( 'NONE',  ( 0.1501325542663735080, 0.1846718487654218643, 2.402620306396648253 ) ) ;
#668 = DIRECTION ( 'NONE',  ( -0.000000000000000000, -0.000000000000000000, -1.000000000000000000 ) ) ;
#669 = DIRECTION ( 'NONE',  ( 0.000000000000000000, 1.000000000000000000, 0.000000000000000000 ) ) ;
#670 = CARTESIAN_POINT ( 'NONE',  ( 0.9201839033049797889, 1.144098932704630478, 1.814269307783266783 ) ) ;
#671 = CARTESIAN_POINT ( 'NONE',  ( -0.8588168320000001410, 1.199999999999999956, 1.712800893999999907 ) ) ;
#672 = CARTESIAN_POINT ( 'NONE',  ( -0.9502836845752956618, 0.6903303159949988332, 2.324585485902231685 ) ) ;
#673 = VECTOR ( 'NONE', #9111, 1000.000000000000000 ) ;
#674 = EDGE_CURVE ( 'NONE', #7226, #8196, #10717, .T. ) ;
#675 = PLANE ( 'NONE',  #5630 ) ;
#676 = CARTESIAN_POINT ( 'NONE',  ( 0.9122434589306169794, 0.6690625499243699759, 2.342895043298276025 ) ) ;
#677 = DIRECTION ( 'NONE',  ( 7.228014483236692611E-16, 0.000000000000000000, 1.000000000000000000 ) ) ;
#678 = ORIENTED_EDGE ( 'NONE', *, *, #3135, .F. ) ;
#679 = CARTESIAN_POINT ( 'NONE',  ( 1.045808147999999882, 1.172221084000000024, -1.724802817999999904 ) ) ;
#680 = CARTESIAN_POINT ( 'NONE',  ( 1.921766434000000023, 0.8000000000000000444, -1.193321910999999957 ) ) ;
#681 = VECTOR ( 'NONE', #10585, 1000.000000000000000 ) ;
#682 = LINE ( 'NONE', #7427, #8378 ) ;
#683 = EDGE_LOOP ( 'NONE', ( #3350, #9516, #6936, #28, #7602 ) ) ;
#684 = VERTEX_POINT ( 'NONE', #4077 ) ;
#685 = DIRECTION ( 'NONE',  ( 1.000000000000000000, -0.000000000000000000, 0.000000000000000000 ) ) ;
#686 = CARTESIAN_POINT ( 'NONE',  ( -1.158921652999999719, 1.027568332999999834, -1.771521289999999471 ) ) ;
#687 = CARTESIAN_POINT ( 'NONE',  ( 2.100000000000000089, 0.3667742510000000511, 2.500000000000000000 ) ) ;
#688 = VECTOR ( 'NONE', #1691, 1000.000000000000000 ) ;
#689 = LINE ( 'NONE', #4086, #110 ) ;
#690 = ORIENTED_EDGE ( 'NONE', *, *, #4277, .T. ) ;
#691 = VERTEX_POINT ( 'NONE', #9882 ) ;
#692 = ORIENTED_EDGE ( 'NONE', *, *, #8503, .F. ) ;
#693 = DIRECTION ( 'NONE',  ( 0.000000000000000000, 0.3322574898012568001, 0.9431887194358125059 ) ) ;
#694 = AXIS2_PLACEMENT_3D ( 'NONE', #10379, #2806, #1163 ) ;
#695 = CARTESIAN_POINT ( 'NONE',  ( 0.5719096176471927251, 1.100000000000000311, -1.056606360816380485 ) ) ;
#696 = CARTESIAN_POINT ( 'NONE',  ( -1.024999999999999911, 0.02000000000000000389, -0.5000000000078125284 ) ) ;
#697 = EDGE_CURVE ( 'NONE', #6893, #9910, #5392, .T. ) ;
#698 = CARTESIAN_POINT ( 'NONE',  ( 2.174999999999999822, 0.8000000000000000444, 1.875000000000000000 ) ) ;
#699 = CARTESIAN_POINT ( 'NONE',  ( 0.9364104018852484890, 0.6836941826269008482, -2.332524628536652322 ) ) ;
#700 = CARTESIAN_POINT ( 'NONE',  ( 0.3000000000000000444, 0.1799999999999999933, -0.5000000000000000000 ) ) ;
#701 = AXIS2_PLACEMENT_3D ( 'NONE', #3018, #7516, #4061 ) ;
#702 = CARTESIAN_POINT ( 'NONE',  ( 1.899354628506797038, 0.8240052061208905654, 1.180569541068788197 ) ) ;
#703 = CARTESIAN_POINT ( 'NONE',  ( 1.581666004999999764, 0.8210983760000001297, -1.581666004999999764 ) ) ;
#704 = VERTEX_POINT ( 'NONE', #2706 ) ;
#705 = CARTESIAN_POINT ( 'NONE',  ( -0.9487790593999999578, 1.200000061230000137, -1.663382748639999464 ) ) ;
#706 = CARTESIAN_POINT ( 'NONE',  ( 2.350000000000000089, 0.04999999999999999584, -0.4999999999999998890 ) ) ;
#707 = FACE_OUTER_BOUND ( 'NONE', #10754, .T. ) ;
#708 = CARTESIAN_POINT ( 'NONE',  ( 2.330200932949866743, 0.6859313266184153823, -0.9407242001329647607 ) ) ;
#709 = VECTOR ( 'NONE', #8926, 1000.000000000000000 ) ;
#710 = CARTESIAN_POINT ( 'NONE',  ( -1.814284918195794960, 1.144073566121893037, -0.9201916400181472389 ) ) ;
#711 = EDGE_CURVE ( 'NONE', #4829, #1458, #1610, .T. ) ;
#712 = FACE_OUTER_BOUND ( 'NONE', #9174, .T. ) ;
#713 = EDGE_CURVE ( 'NONE', #4779, #5320, #954, .T. ) ;
#714 = EDGE_CURVE ( 'NONE', #5831, #684, #5515, .T. ) ;
#715 = DIRECTION ( 'NONE',  ( 1.000000000000000000, 0.000000000000000000, 0.000000000000000000 ) ) ;
#716 = ORIENTED_EDGE ( 'NONE', *, *, #3241, .T. ) ;
#717 = CARTESIAN_POINT ( 'NONE',  ( 1.523100129000000136, 1.129587977000000798, 1.367560815999999901 ) ) ;
#718 = CARTESIAN_POINT ( 'NONE',  ( -1.610577704000000221, 0.8000000000000000444, -1.610594037999999895 ) ) ;
#719 = VECTOR ( 'NONE', #8333, 1000.000000000000000 ) ;
#720 = CYLINDRICAL_SURFACE ( 'NONE', #1346, 0.1499999999999999667 ) ;
#721 = ORIENTED_EDGE ( 'NONE', *, *, #2020, .T. ) ;
#722 = VECTOR ( 'NONE', #4084, 1000.000000000000000 ) ;
#723 = CARTESIAN_POINT ( 'NONE',  ( 0.9068047934228044005, 1.199999999999999956, -0.7903981749917253774 ) ) ;
#724 = CARTESIAN_POINT ( 'NONE',  ( -1.513792483999999883, 0.8091943649999999710, 1.660062027000000162 ) ) ;
#725 = ORIENTED_EDGE ( 'NONE', *, *, #5573, .T. ) ;
#726 = FACE_OUTER_BOUND ( 'NONE', #928, .T. ) ;
#727 = CARTESIAN_POINT ( 'NONE',  ( 1.984642640824452187, 0.8000000000952458556, -1.117129299956163058 ) ) ;
#728 = CARTESIAN_POINT ( 'NONE',  ( -0.9190603134914610006, 0.6735100282666758309, 2.340476831957586157 ) ) ;
#729 = ADVANCED_FACE ( 'NONE', ( #5901 ), #10219, .T. ) ;
#730 = CIRCLE ( 'NONE', #6866, 0.3000000000000001554 ) ;
#731 = FACE_OUTER_BOUND ( 'NONE', #5899, .T. ) ;
#732 = DIRECTION ( 'NONE',  ( 0.000000000000000000, -0.9431887185515800409, 0.3322574923113522649 ) ) ;
#733 = DIRECTION ( 'NONE',  ( -0.000000000000000000, 0.000000000000000000, 1.000000000000000000 ) ) ;
#734 = ORIENTED_EDGE ( 'NONE', *, *, #9830, .F. ) ;
#735 = CARTESIAN_POINT ( 'NONE',  ( 0.9887978594399996490, 1.127601842190000037, -1.789610840259999947 ) ) ;
#736 = CARTESIAN_POINT ( 'NONE',  ( 1.672350194000000290, 0.8000000000000000444, -1.524963085999999857 ) ) ;
#737 = CIRCLE ( 'NONE', #4057, 0.2999999999999997113 ) ;
#738 = CARTESIAN_POINT ( 'NONE',  ( -2.293438055000000197, 0.6500000000000001332, -0.9950587360000001658 ) ) ;
#739 = CARTESIAN_POINT ( 'NONE',  ( -1.583502965939999951, 1.200000020299999859, -1.080048757279999938 ) ) ;
#740 = ORIENTED_EDGE ( 'NONE', *, *, #4678, .T. ) ;
#741 = EDGE_LOOP ( 'NONE', ( #6726, #10593, #4174, #8327 ) ) ;
#742 = CARTESIAN_POINT ( 'NONE',  ( -1.650983208400000457, 1.200000040779999999, 0.9713045135200001345 ) ) ;
#743 = CARTESIAN_POINT ( 'NONE',  ( 0.7250000000000000888, 0.02000000000000000389, 0.8500000000000000888 ) ) ;
#744 = EDGE_CURVE ( 'NONE', #8639, #3330, #8467, .T. ) ;
#745 = CARTESIAN_POINT ( 'NONE',  ( 0.8785042870000000503, 0.6450000000000001288, 2.349202828999999326 ) ) ;
#746 = CARTESIAN_POINT ( 'NONE',  ( -2.100000000000000089, 0.1000000000472785894, -2.299999999999999822 ) ) ;
#747 = ORIENTED_EDGE ( 'NONE', *, *, #7690, .F. ) ;
#748 = CARTESIAN_POINT ( 'NONE',  ( 2.323447782000000128, 0.7007647740000000347, -0.9551130330000000557 ) ) ;
#749 = EDGE_LOOP ( 'NONE', ( #4919, #9314, #500, #4198, #5998 ) ) ;
#750 = VERTEX_POINT ( 'NONE', #10105 ) ;
#751 = VERTEX_POINT ( 'NONE', #7592 ) ;
#752 = LINE ( 'NONE', #10787, #5822 ) ;
#753 = CARTESIAN_POINT ( 'NONE',  ( 1.827305730489999558, 1.128274798269999879, -0.9159178912800002292 ) ) ;
#754 = EDGE_CURVE ( 'NONE', #6646, #4457, #551, .T. ) ;
#755 = DIRECTION ( 'NONE',  ( 0.000000000000000000, -1.000000000000000000, 0.000000000000000000 ) ) ;
#756 = CARTESIAN_POINT ( 'NONE',  ( 0.9558291580000002341, 0.6666666670000001016, -2.305050343999999640 ) ) ;
#757 = DIRECTION ( 'NONE',  ( -1.000000000000000000, -0.000000000000000000, 0.000000000000000000 ) ) ;
#758 = DIRECTION ( 'NONE',  ( -1.000000000000000000, 0.000000000000000000, -0.000000000000000000 ) ) ;
#759 = CARTESIAN_POINT ( 'NONE',  ( 1.348206488782824231, 0.8235790279940939929, 1.782804886283301027 ) ) ;
#760 = DIRECTION ( 'NONE',  ( 0.000000000000000000, 1.000000000000000000, 0.000000000000000000 ) ) ;
#761 = ORIENTED_EDGE ( 'NONE', *, *, #10016, .F. ) ;
#762 = CARTESIAN_POINT ( 'NONE',  ( -0.8583625184000001074, 1.200000040999999795, -1.711889479500000144 ) ) ;
#763 = CARTESIAN_POINT ( 'NONE',  ( -2.333150593121078309, 0.6830576546917525027, 0.9352164486015368539 ) ) ;
#764 = DIRECTION ( 'NONE',  ( 0.000000000000000000, 0.000000000000000000, 1.000000000000000000 ) ) ;
#765 = CARTESIAN_POINT ( 'NONE',  ( 2.345506296727337681, 0.6627693499346312134, -0.9030303995329703737 ) ) ;
#766 = DIRECTION ( 'NONE',  ( -1.000000000000000000, 0.000000000000000000, -0.000000000000000000 ) ) ;
#767 = DIRECTION ( 'NONE',  ( 0.000000000000000000, 0.000000000000000000, -1.000000000000000000 ) ) ;
#768 = DIRECTION ( 'NONE',  ( 0.000000000000000000, 0.000000000000000000, 1.000000000000000000 ) ) ;
#769 = ORIENTED_EDGE ( 'NONE', *, *, #4531, .F. ) ;
#770 = CARTESIAN_POINT ( 'NONE',  ( 1.080356770000000077, 1.199999999999999956, 1.583906964999999945 ) ) ;
#771 = CARTESIAN_POINT ( 'NONE',  ( -1.580596589000000440, 0.8235000530000003982, -1.580612617999999969 ) ) ;
#772 = CARTESIAN_POINT ( 'NONE',  ( -1.117129161047307528, 0.8000000000929929911, 1.984642723021972088 ) ) ;
#773 = EDGE_LOOP ( 'NONE', ( #6552, #6631, #7265, #6535 ) ) ;
#774 = ADVANCED_FACE ( 'NONE', ( #9993 ), #4131, .T. ) ;
#775 = CARTESIAN_POINT ( 'NONE',  ( 0.1500883706697498654, 0.1691705324416448719, 2.432506602373463611 ) ) ;
#776 = FACE_BOUND ( 'NONE', #3096, .T. ) ;
#777 = EDGE_CURVE ( 'NONE', #7705, #1359, #2488, .T. ) ;
#778 = DIRECTION ( 'NONE',  ( 0.000000000000000000, 0.000000000000000000, 1.000000000000000000 ) ) ;
#779 = DIRECTION ( 'NONE',  ( 1.000000000000000000, -0.000000000000000000, 0.000000000000000000 ) ) ;
#780 = CARTESIAN_POINT ( 'NONE',  ( -0.9160393663856001290, 1.127832700945800015, 1.827549702289799960 ) ) ;
#781 = CARTESIAN_POINT ( 'NONE',  ( -0.9548787864662814373, 0.6921832581505000803, 2.321708317830913249 ) ) ;
#782 = PLANE ( 'NONE',  #4215 ) ;
#783 = CARTESIAN_POINT ( 'NONE',  ( 1.727535974418750842, 1.129266793023550264, -1.110672947770954710 ) ) ;
#784 = CARTESIAN_POINT ( 'NONE',  ( -2.449999999999999734, -0.05000000000000000971, 0.5000000000000000000 ) ) ;
#785 = B_SPLINE_CURVE_WITH_KNOTS ( 'NONE', 3,
 ( #8043, #4030, #7327, #522, #7222, #9239, #5131, #6835, #10115, #8475, #3536 ),
 .UNSPECIFIED., .F., .F.,
 ( 4, 2, 1, 2, 2, 4 ),
 ( 0.000000000000000000, 0.5000000000000015543, 0.6250000000000017764, 0.6875000000000014433, 0.7500000000000011102, 1.000000000000000000 ),
 .UNSPECIFIED. ) ;
#786 = VERTEX_POINT ( 'NONE', #9344 ) ;
#787 = CARTESIAN_POINT ( 'NONE',  ( 1.151942781000000027, 1.129284417999999901, -1.689261823000000051 ) ) ;
#788 = VECTOR ( 'NONE', #6725, 1000.000000000000000 ) ;
#789 = CARTESIAN_POINT ( 'NONE',  ( 0.5730632861523139443, 1.199999999999999512, 1.055841324137670068 ) ) ;
#790 = EDGE_CURVE ( 'NONE', #10029, #1825, #3413, .T. ) ;
#791 = VECTOR ( 'NONE', #3349, 1000.000000000000000 ) ;
#792 = CARTESIAN_POINT ( 'NONE',  ( -1.000000000000598188, 1.500000000000000222, -2.000000000001195488 ) ) ;
#793 = CARTESIAN_POINT ( 'NONE',  ( -1.494478948000000695, 1.199999999999999956, -1.204602343999999992 ) ) ;
#794 = VERTEX_POINT ( 'NONE', #1009 ) ;
#795 = ORIENTED_EDGE ( 'NONE', *, *, #2839, .F. ) ;
#796 = CARTESIAN_POINT ( 'NONE',  ( -1.747944595215999763, 1.128643715355199806, 1.059793458943500077 ) ) ;
#797 = CARTESIAN_POINT ( 'NONE',  ( 1.000000000000000000, 0.7000000000000000666, -2.399999999999999911 ) ) ;
#798 = AXIS2_PLACEMENT_3D ( 'NONE', #10307, #2791, #6152 ) ;
#799 = DIRECTION ( 'NONE',  ( 0.000000000000000000, 1.000000000000000000, -0.000000000000000000 ) ) ;
#800 = VERTEX_POINT ( 'NONE', #10047 ) ;
#801 = LINE ( 'NONE', #4754, #4522 ) ;
#802 = EDGE_CURVE ( 'NONE', #5487, #1567, #1684, .T. ) ;
#803 = ORIENTED_EDGE ( 'NONE', *, *, #192, .T. ) ;
#804 = AXIS2_PLACEMENT_3D ( 'NONE', #1887, #1229, #1176 ) ;
#805 = ORIENTED_EDGE ( 'NONE', *, *, #10417, .F. ) ;
#806 = ORIENTED_EDGE ( 'NONE', *, *, #6148, .F. ) ;
#807 = LINE ( 'NONE', #6842, #9491 ) ;
#808 = DIRECTION ( 'NONE',  ( 0.000000000000000000, 0.000000000000000000, 1.000000000000000000 ) ) ;
#809 = CARTESIAN_POINT ( 'NONE',  ( 2.299999999999999822, 0.6477454906002756418, 0.9108179583527657996 ) ) ;
#810 = CARTESIAN_POINT ( 'NONE',  ( -1.430453183728044531, 1.129588028102266106, 1.460071108901547898 ) ) ;
#811 = AXIS2_PLACEMENT_3D ( 'NONE', #7955, #8616, #2132 ) ;
#812 = CARTESIAN_POINT ( 'NONE',  ( 0.9450403151842307059, 0.6880138254290514288, -2.327737799164190324 ) ) ;
#813 = CARTESIAN_POINT ( 'NONE',  ( 1.650531678236001110, 1.200000061781700156, -0.9710401369928006732 ) ) ;
#814 = EDGE_CURVE ( 'NONE', #2370, #561, #7145, .T. ) ;
#815 = ORIENTED_EDGE ( 'NONE', *, *, #3361, .F. ) ;
#816 = B_SPLINE_CURVE_WITH_KNOTS ( 'NONE', 3,
 ( #3082, #9878, #6438, #5731 ),
 .UNSPECIFIED., .F., .F.,
 ( 4, 4 ),
 ( 0.000000000000000000, 1.000000000000000000 ),
 .UNSPECIFIED. ) ;
#817 = CARTESIAN_POINT ( 'NONE',  ( -1.012612461792499863, 1.128527169459200952, -1.775866939443999870 ) ) ;
#818 = ORIENTED_EDGE ( 'NONE', *, *, #238, .T. ) ;
#819 = CARTESIAN_POINT ( 'NONE',  ( 2.299999999999999822, 0.000000000000000000, -2.299999999999999822 ) ) ;
#820 = CARTESIAN_POINT ( 'NONE',  ( 1.428323547408488770, 1.199999999998418776, 1.282535817382642884 ) ) ;
#821 = CARTESIAN_POINT ( 'NONE',  ( 1.110655786000000145, 0.8000000000000000444, 1.988339436000000404 ) ) ;
#822 = PLANE ( 'NONE',  #4528 ) ;
#823 = LINE ( 'NONE', #3339, #8242 ) ;
#824 = ORIENTED_EDGE ( 'NONE', *, *, #8280, .T. ) ;
#825 = CARTESIAN_POINT ( 'NONE',  ( 1.355087947900200041, 1.200000020401999823, 1.355050998838599918 ) ) ;
#826 = CARTESIAN_POINT ( 'NONE',  ( -1.507601345993062170, 0.8238429278129093536, -1.653304057887328149 ) ) ;
#827 = CARTESIAN_POINT ( 'NONE',  ( -0.3000000000000000444, 0.02000000000000000389, -0.5000000000000000000 ) ) ;
#828 = VERTEX_POINT ( 'NONE', #403 ) ;
#829 = CARTESIAN_POINT ( 'NONE',  ( 0.1500000000000000222, 0.2169133190000000488, 2.344252537000000469 ) ) ;
#830 = LINE ( 'NONE', #7520, #4295 ) ;
#831 = LINE ( 'NONE', #9272, #7970 ) ;
#832 = ORIENTED_EDGE ( 'NONE', *, *, #1391, .F. ) ;
#833 = VECTOR ( 'NONE', #5608, 1000.000000000000000 ) ;
#834 = CARTESIAN_POINT ( 'NONE',  ( -2.349999999999999645, 0.3499999998680556890, 1.250000000000000000 ) ) ;
#835 = DIRECTION ( 'NONE',  ( 0.000000000000000000, 0.000000000000000000, -1.000000000000000000 ) ) ;
#836 = LINE ( 'NONE', #4177, #8405 ) ;
#837 = EDGE_CURVE ( 'NONE', #9897, #4584, #7467, .T. ) ;
#838 = AXIS2_PLACEMENT_3D ( 'NONE', #10516, #2282, #10572 ) ;
#839 = DIRECTION ( 'NONE',  ( 0.000000000000000000, 0.000000000000000000, -1.000000000000000000 ) ) ;
#840 = DIRECTION ( 'NONE',  ( -1.000000000000000000, 0.000000000000000000, 0.000000000000000000 ) ) ;
#841 = CYLINDRICAL_SURFACE ( 'NONE', #10290, 0.05000000000000012768 ) ;
#842 = ORIENTED_EDGE ( 'NONE', *, *, #2660, .T. ) ;
#843 = CARTESIAN_POINT ( 'NONE',  ( 1.106750219860000106, 1.128329198140000100, -1.719823385400000237 ) ) ;
#844 = CARTESIAN_POINT ( 'NONE',  ( 1.045664773836372424E-15, 1.199999999999999956, 1.199999999999999956 ) ) ;
#845 = DIRECTION ( 'NONE',  ( 0.000000000000000000, -0.9431887184969062199, 0.3322574924665566698 ) ) ;
#846 = CARTESIAN_POINT ( 'NONE',  ( -1.676671741899999901, 1.200000020429999870, -0.9267138589200001331 ) ) ;
#847 = VERTEX_POINT ( 'NONE', #450 ) ;
#848 = ORIENTED_EDGE ( 'NONE', *, *, #7673, .T. ) ;
#849 = CARTESIAN_POINT ( 'NONE',  ( -1.682067307000000067, 1.199997963000000167, 1.020019175000000056 ) ) ;
#850 = AXIS2_PLACEMENT_3D ( 'NONE', #5479, #4653, #9579 ) ;
#851 = CARTESIAN_POINT ( 'NONE',  ( 0.9950587360000001658, 0.7002549249999999725, 2.293438055000000197 ) ) ;
#852 = ADVANCED_FACE ( 'NONE', ( #6118 ), #10273, .T. ) ;
#853 = EDGE_CURVE ( 'NONE', #2621, #10809, #9551, .T. ) ;
#854 = CARTESIAN_POINT ( 'NONE',  ( -1.600000000000000089, 0.1000000000000000056, -2.299999999999999822 ) ) ;
#855 = ADVANCED_FACE ( 'NONE', ( #2909 ), #10383, .T. ) ;
#856 = VERTEX_POINT ( 'NONE', #2862 ) ;
#857 = AXIS2_PLACEMENT_3D ( 'NONE', #5672, #7308, #10649 ) ;
#858 = CARTESIAN_POINT ( 'NONE',  ( -2.347877129392513140, 0.6528644111555178542, 0.8891908108831690916 ) ) ;
#859 = ORIENTED_EDGE ( 'NONE', *, *, #2916, .T. ) ;
#860 = VERTEX_POINT ( 'NONE', #6219 ) ;
#861 = ORIENTED_EDGE ( 'NONE', *, *, #8214, .F. ) ;
#862 = CARTESIAN_POINT ( 'NONE',  ( 1.797159761249499832, 1.163174920663778922, 0.9162385251204175907 ) ) ;
#863 = CARTESIAN_POINT ( 'NONE',  ( -1.273765626002971274, 0.8240641457296982164, 1.845444650215387838 ) ) ;
#864 = DIRECTION ( 'NONE',  ( 0.000000000000000000, 0.000000000000000000, -1.000000000000000000 ) ) ;
#865 = AXIS2_PLACEMENT_3D ( 'NONE', #6145, #7832, #7015 ) ;
#866 = CARTESIAN_POINT ( 'NONE',  ( -2.349202828999999326, 0.6450000000000001288, -0.8785042870000000503 ) ) ;
#867 = EDGE_CURVE ( 'NONE', #8524, #4268, #8694, .T. ) ;
#868 = CARTESIAN_POINT ( 'NONE',  ( 0.9545420628028933319, 0.6920502511532434786, -2.321920924701222688 ) ) ;
#869 = CARTESIAN_POINT ( 'NONE',  ( 1.689688755880000004, 1.128423862360000030, -1.152268612939999715 ) ) ;
#870 = VERTEX_POINT ( 'NONE', #2035 ) ;
#871 = VECTOR ( 'NONE', #10269, 1000.000000000000000 ) ;
#872 = CARTESIAN_POINT ( 'NONE',  ( -0.9646935498110000839, 1.127960638978799945, -1.802607278315599748 ) ) ;
#873 = VERTEX_POINT ( 'NONE', #2086 ) ;
#874 = CARTESIAN_POINT ( 'NONE',  ( -2.349999999999999645, 0.6500000000000005773, 1.249999999999999778 ) ) ;
#875 = DIRECTION ( 'NONE',  ( -0.000000000000000000, -1.000000000000000000, -0.000000000000000000 ) ) ;
#876 = CARTESIAN_POINT ( 'NONE',  ( -2.174999999999999822, 0.3500000000000000333, -1.250000000000000000 ) ) ;
#877 = ADVANCED_FACE ( 'NONE', ( #5287 ), #8852, .F. ) ;
#878 = AXIS2_PLACEMENT_3D ( 'NONE', #5224, #9444, #6817 ) ;
#879 = CARTESIAN_POINT ( 'NONE',  ( 2.335705966846253645, 0.6801979278411927066, 0.9300846758352031562 ) ) ;
#880 = CARTESIAN_POINT ( 'NONE',  ( 1.102131818705701649, 0.8324370153802829186, 1.937835206579515024 ) ) ;
#881 = ORIENTED_EDGE ( 'NONE', *, *, #3810, .T. ) ;
#882 = CARTESIAN_POINT ( 'NONE',  ( 1.657413087999999979, 1.129359736000000058, 1.196111552000000078 ) ) ;
#883 = CARTESIAN_POINT ( 'NONE',  ( -1.936478600000000050, 0.8000000000000000444, -1.201707064000000713 ) ) ;
#884 = DIRECTION ( 'NONE',  ( 0.000000000000000000, 1.000000000000000000, 0.000000000000000000 ) ) ;
#885 = ORIENTED_EDGE ( 'NONE', *, *, #2778, .F. ) ;
#886 = CARTESIAN_POINT ( 'NONE',  ( -0.6000000000000000888, 0.7000000000000000666, -2.250000000000001776 ) ) ;
#887 = FACE_OUTER_BOUND ( 'NONE', #931, .T. ) ;
#888 = LINE ( 'NONE', #5943, #7985 ) ;
#889 = ORIENTED_EDGE ( 'NONE', *, *, #4743, .T. ) ;
#890 = CIRCLE ( 'NONE', #878, 0.09999999999999982514 ) ;
#891 = LINE ( 'NONE', #9383, #1208 ) ;
#892 = DIRECTION ( 'NONE',  ( 0.000000000000000000, 1.000000000000000000, 0.000000000000000000 ) ) ;
#893 = DIRECTION ( 'NONE',  ( 0.000000000000000000, -0.000000000000000000, -1.000000000000000000 ) ) ;
#894 = EDGE_CURVE ( 'NONE', #51, #1165, #1436, .T. ) ;
#895 = VECTOR ( 'NONE', #3464, 1000.000000000000000 ) ;
#896 = CIRCLE ( 'NONE', #2286, 0.2999999999999997113 ) ;
#897 = CARTESIAN_POINT ( 'NONE',  ( 2.299999999999999822, 0.7000000000000000666, -2.399999999999999911 ) ) ;
#898 = DIRECTION ( 'NONE',  ( 0.000000000000000000, 1.000000000000000000, -0.000000000000000000 ) ) ;
#899 = DIRECTION ( 'NONE',  ( 1.000000000000000000, 0.000000000000000000, 0.000000000000000000 ) ) ;
#900 = VERTEX_POINT ( 'NONE', #7415 ) ;
#901 = CARTESIAN_POINT ( 'NONE',  ( 1.152394865099999999, 1.127993510230000052, -1.689926884180000588 ) ) ;
#902 = CARTESIAN_POINT ( 'NONE',  ( -1.121784028565402380, 1.199999999999960876, -1.554088197785514325 ) ) ;
#903 = CARTESIAN_POINT ( 'NONE',  ( -0.9462327053398386090, 0.6885545421955420187, -2.327030791859825420 ) ) ;
#904 = CARTESIAN_POINT ( 'NONE',  ( -1.816539900991800849, 1.127008288028900296, -0.9392343504612000737 ) ) ;
#905 = EDGE_CURVE ( 'NONE', #9783, #6323, #1331, .T. ) ;
#906 = EDGE_LOOP ( 'NONE', ( #8090, #5523, #10837, #496 ) ) ;
#907 = ORIENTED_EDGE ( 'NONE', *, *, #508, .T. ) ;
#908 =( GEOMETRIC_REPRESENTATION_CONTEXT ( 3 ) GLOBAL_UNCERTAINTY_ASSIGNED_CONTEXT ( ( #7135 ) ) GLOBAL_UNIT_ASSIGNED_CONTEXT ( ( #2283, #592, #7282 ) ) REPRESENTATION_CONTEXT ( 'NONE', 'WORKASPACE' ) );
#909 = CARTESIAN_POINT ( 'NONE',  ( -1.582648837599999858, 1.200000060899999887, 1.079501467839999895 ) ) ;
#910 = CARTESIAN_POINT ( 'NONE',  ( 2.100000000000000089, 0.3999999999999999667, 2.405681128000001667 ) ) ;
#911 = VECTOR ( 'NONE', #322, 1000.000000000000000 ) ;
#912 = CARTESIAN_POINT ( 'NONE',  ( -0.8785042870000000503, 0.6450000000000001288, 2.349202828999999326 ) ) ;
#913 = DIRECTION ( 'NONE',  ( 0.000000000000000000, 0.000000000000000000, 1.000000000000000000 ) ) ;
#914 = ORIENTED_EDGE ( 'NONE', *, *, #3776, .F. ) ;
#915 = CARTESIAN_POINT ( 'NONE',  ( -2.343480734528720522, 0.6678297008620814879, 0.9104022868117954692 ) ) ;
#916 = EDGE_LOOP ( 'NONE', ( #8059, #1786, #2266, #1761 ) ) ;
#917 = EDGE_CURVE ( 'NONE', #10457, #9843, #996, .T. ) ;
#918 = ORIENTED_EDGE ( 'NONE', *, *, #10707, .T. ) ;
#919 = ADVANCED_FACE ( 'NONE', ( #887, #7632, #121, #10811, #776 ), #3400, .T. ) ;
#920 = ORIENTED_EDGE ( 'NONE', *, *, #7165, .F. ) ;
#921 = DIRECTION ( 'NONE',  ( 1.000000000000000000, 0.000000000000000000, 0.000000000000000000 ) ) ;
#922 = CARTESIAN_POINT ( 'NONE',  ( -0.9647875800019463099, 1.199999999999999956, -0.7319753087966843763 ) ) ;
#923 = LINE ( 'NONE', #8376, #2411 ) ;
#924 = CARTESIAN_POINT ( 'NONE',  ( -1.323556251939840500, 1.129378956143948676, 1.557407792563539894 ) ) ;
#925 = CARTESIAN_POINT ( 'NONE',  ( -1.055841641349483773, 1.199999999999999956, 0.5730629696523066308 ) ) ;
#926 = CARTESIAN_POINT ( 'NONE',  ( 1.719360979999999817, 1.129190861999999962, -1.106479049999999908 ) ) ;
#927 = B_SPLINE_CURVE_WITH_KNOTS ( 'NONE', 3,
 ( #10390, #10339, #7976, #8738 ),
 .UNSPECIFIED., .F., .F.,
 ( 4, 4 ),
 ( 0.000000000000000000, 1.000000000000000000 ),
 .UNSPECIFIED. ) ;
#928 = EDGE_LOOP ( 'NONE', ( #10103, #358, #1733, #9055 ) ) ;
#929 = CARTESIAN_POINT ( 'NONE',  ( -0.9746156000000001374, 1.199997959000000058, -1.708910409000000019 ) ) ;
#930 = EDGE_CURVE ( 'NONE', #7545, #528, #10147, .T. ) ;
#931 = EDGE_LOOP ( 'NONE', ( #2872, #3575, #8940, #10145, #6344, #132, #7967, #6967, #4530, #6794, #1372, #4365 ) ) ;
#932 = DIRECTION ( 'NONE',  ( -1.000000000000000000, -0.000000000000000000, -0.000000000000000000 ) ) ;
#933 = CARTESIAN_POINT ( 'NONE',  ( -1.102127821908448269, 0.8324359464752625337, 1.937836507009548459 ) ) ;
#934 = CARTESIAN_POINT ( 'NONE',  ( -0.7250000001328125165, 0.2000000000000000111, -2.299999999999999822 ) ) ;
#935 = CARTESIAN_POINT ( 'NONE',  ( -0.1445161610000000318, 0.2401880480000000151, -2.450333332999999669 ) ) ;
#936 = CARTESIAN_POINT ( 'NONE',  ( 2.324585485737352020, 0.6903303161082908757, 0.9502836848436285733 ) ) ;
#937 = LINE ( 'NONE', #6153, #6848 ) ;
#938 = ORIENTED_EDGE ( 'NONE', *, *, #5023, .F. ) ;
#939 = CARTESIAN_POINT ( 'NONE',  ( 1.776095055219999663, 1.128099454960000081, 1.012747211600000474 ) ) ;
#940 = DIRECTION ( 'NONE',  ( -0.9169457093122468372, 0.000000000000000000, -0.3990119875064664368 ) ) ;
#941 = VERTEX_POINT ( 'NONE', #5052 ) ;
#942 = LINE ( 'NONE', #4281, #1262 ) ;
#943 = CARTESIAN_POINT ( 'NONE',  ( -2.349999999999999645, 0.3499999999111111371, 0.4999999999999998890 ) ) ;
#944 = CARTESIAN_POINT ( 'NONE',  ( -0.5999999999999999778, 0.7000000000000000666, -2.299999999999999822 ) ) ;
#945 = ORIENTED_EDGE ( 'NONE', *, *, #3056, .T. ) ;
#946 = CARTESIAN_POINT ( 'NONE',  ( 1.435814071689024196, 0.8242092155437504841, -1.724768317637758175 ) ) ;
#947 = CARTESIAN_POINT ( 'NONE',  ( -1.600000000043749981, 0.06677425077117954411, 2.394318871882728850 ) ) ;
#948 = CARTESIAN_POINT ( 'NONE',  ( -0.9880621614456286395, 0.6997612460793807276, 2.298602237474690835 ) ) ;
#949 = CARTESIAN_POINT ( 'NONE',  ( 0.8581284696460000916, 1.200000062115000432, 1.711420139657500172 ) ) ;
#950 = CARTESIAN_POINT ( 'NONE',  ( 1.823793532256998917, 1.128616006862366072, -0.9223948601558882299 ) ) ;
#951 = CARTESIAN_POINT ( 'NONE',  ( 1.970175539000000642, 0.6500000000000001332, -1.970175539000000642 ) ) ;
#952 = ORIENTED_EDGE ( 'NONE', *, *, #9042, .T. ) ;
#953 = CARTESIAN_POINT ( 'NONE',  ( -1.199999999999999956, 1.100000000000000089, -1.322618543079141247E-16 ) ) ;
#954 = LINE ( 'NONE', #2594, #4494 ) ;
#955 = EDGE_CURVE ( 'NONE', #4210, #4597, #7466, .T. ) ;
#956 = LINE ( 'NONE', #5956, #2942 ) ;
#957 = CARTESIAN_POINT ( 'NONE',  ( -1.700899859379999768, 1.200000020619999885, -0.8815286255200001087 ) ) ;
#958 = ORIENTED_EDGE ( 'NONE', *, *, #10614, .T. ) ;
#959 = CARTESIAN_POINT ( 'NONE',  ( -1.724796981999999756, 1.172221093999999963, 1.045817781000000002 ) ) ;
#960 = DIRECTION ( 'NONE',  ( 0.000000000000000000, -1.000000000000000000, 0.000000000000000000 ) ) ;
#961 = LINE ( 'NONE', #8255, #4694 ) ;
#962 = CARTESIAN_POINT ( 'NONE',  ( -2.100000000000000089, 0.1000000000236392905, -2.300000000002394795 ) ) ;
#963 = LINE ( 'NONE', #3315, #5184 ) ;
#964 = ORIENTED_EDGE ( 'NONE', *, *, #1184, .T. ) ;
#965 = CARTESIAN_POINT ( 'NONE',  ( -2.346667936705355562, 0.6588579178959390603, 0.8974963487896422398 ) ) ;
#966 = EDGE_LOOP ( 'NONE', ( #10300, #259, #8552, #8786, #2116 ) ) ;
#967 = VERTEX_POINT ( 'NONE', #943 ) ;
#968 = VERTEX_POINT ( 'NONE', #7580 ) ;
#969 = CARTESIAN_POINT ( 'NONE',  ( 0.6000000000000000888, 0.7000000000003296918, 2.449999999999999734 ) ) ;
#970 = AXIS2_PLACEMENT_3D ( 'NONE', #8837, #8399, #6648 ) ;
#971 = CARTESIAN_POINT ( 'NONE',  ( -0.7903984161348132087, 1.200000000000000178, -0.9068045517374424547 ) ) ;
#972 = VECTOR ( 'NONE', #6484, 1000.000000000000000 ) ;
#973 = DIRECTION ( 'NONE',  ( -0.000000000000000000, -1.000000000000000000, -0.000000000000000000 ) ) ;
#974 = CARTESIAN_POINT ( 'NONE',  ( -2.293438055000000197, 0.7002549249999999725, -0.9950587360000001658 ) ) ;
#975 = EDGE_CURVE ( 'NONE', #6724, #5685, #830, .T. ) ;
#976 = ADVANCED_FACE ( 'NONE', ( #4229 ), #2636, .T. ) ;
#977 = CARTESIAN_POINT ( 'NONE',  ( 0.9649241275044927457, 0.6955665755891867752, -2.315071858021732432 ) ) ;
#978 = VECTOR ( 'NONE', #4693, 1000.000000000000000 ) ;
#979 = CARTESIAN_POINT ( 'NONE',  ( 1.748171465199999552, 1.128216613039999983, -1.059930434700000035 ) ) ;
#980 = ORIENTED_EDGE ( 'NONE', *, *, #8444, .T. ) ;
#981 = CARTESIAN_POINT ( 'NONE',  ( -1.022718039000000134, 1.172195649999999922, -1.738792694999999666 ) ) ;
#982 = ORIENTED_EDGE ( 'NONE', *, *, #9905, .T. ) ;
#983 = FACE_BOUND ( 'NONE', #9691, .T. ) ;
#984 = DIRECTION ( 'NONE',  ( 0.000000000000000000, 0.000000000000000000, -1.000000000000000000 ) ) ;
#985 = CARTESIAN_POINT ( 'NONE',  ( 0.6000000000000000888, 0.2401880479961543691, 2.449999999999999734 ) ) ;
#986 = DIRECTION ( 'NONE',  ( 0.000000000000000000, 1.000000000000000000, -0.000000000000000000 ) ) ;
#987 = EDGE_CURVE ( 'NONE', #1272, #4475, #7877, .T. ) ;
#988 = EDGE_CURVE ( 'NONE', #8401, #3358, #6972, .T. ) ;
#989 = CARTESIAN_POINT ( 'NONE',  ( 2.336141633540961493, 0.6796680616057383384, 0.9291665995984712545 ) ) ;
#990 = CARTESIAN_POINT ( 'NONE',  ( 0.7250000000000001998, 0.1799999999999999933, -0.5000000000000000000 ) ) ;
#991 = ORIENTED_EDGE ( 'NONE', *, *, #4214, .F. ) ;
#992 = CARTESIAN_POINT ( 'NONE',  ( 1.748177377699999813, 1.128216589780000279, 1.059920669100000046 ) ) ;
#993 = CARTESIAN_POINT ( 'NONE',  ( -1.266245062000000088, 0.8233475089999999774, -1.844904738999999960 ) ) ;
#994 = ORIENTED_EDGE ( 'NONE', *, *, #8591, .T. ) ;
#995 = DIRECTION ( 'NONE',  ( 1.000000000000000000, -3.614007241618349264E-16, 0.000000000000000000 ) ) ;
#996 = LINE ( 'NONE', #9108, #2362 ) ;
#997 = DIRECTION ( 'NONE',  ( -1.000000000000000000, 0.000000000000000000, -0.000000000000000000 ) ) ;
#998 = ORIENTED_EDGE ( 'NONE', *, *, #4591, .T. ) ;
#999 = PLANE ( 'NONE',  #2952 ) ;
#1000 = LINE ( 'NONE', #9385, #6874 ) ;
#1001 = CARTESIAN_POINT ( 'NONE',  ( -0.9910103471648943341, 0.6999386704590067065, 2.296434254164558375 ) ) ;
#1002 = EDGE_CURVE ( 'NONE', #684, #10217, #6932, .T. ) ;
#1003 = CARTESIAN_POINT ( 'NONE',  ( 2.296212748401287186E-18, 0.3500000000039192871, 2.449999999999999734 ) ) ;
#1004 = CARTESIAN_POINT ( 'NONE',  ( 0.9045581560000000021, 1.199997938000000097, 1.747051026000000062 ) ) ;
#1005 = CARTESIAN_POINT ( 'NONE',  ( -1.600000000009876411, 0.1000000000466291367, -2.300000000001843681 ) ) ;
#1006 = DIRECTION ( 'NONE',  ( 0.000000000000000000, 0.000000000000000000, -1.000000000000000000 ) ) ;
#1007 = ORIENTED_EDGE ( 'NONE', *, *, #7082, .F. ) ;
#1008 = CARTESIAN_POINT ( 'NONE',  ( 0.9037531101932997357, 1.200000061963500064, -1.688114884327200249 ) ) ;
#1009 = CARTESIAN_POINT ( 'NONE',  ( -0.1499999999780798343, 0.09237426141778436184, -2.325516358023830499 ) ) ;
#1010 = CARTESIAN_POINT ( 'NONE',  ( -0.9932172307814067791, 0.6999999999960423436, -2.294803036181995548 ) ) ;
#1011 = CARTESIAN_POINT ( 'NONE',  ( -1.638607672000000015, 1.199999999999999956, -0.9937673509999999100 ) ) ;
#1012 = EDGE_LOOP ( 'NONE', ( #3580, #6295, #6903, #9106, #149, #82 ) ) ;
#1013 = CARTESIAN_POINT ( 'NONE',  ( -1.503058841000000090, 1.172453108000000244, 1.349655612999999921 ) ) ;
#1014 = DIRECTION ( 'NONE',  ( 0.000000000000000000, 0.000000000000000000, 1.000000000000000000 ) ) ;
#1015 = CARTESIAN_POINT ( 'NONE',  ( -0.8785042870000000503, 0.6450000000000001288, 2.348692979999999597 ) ) ;
#1016 = AXIS2_PLACEMENT_3D ( 'NONE', #3653, #10451, #2055 ) ;
#1017 = ADVANCED_FACE ( 'NONE', ( #2744 ), #9437, .T. ) ;
#1018 = CARTESIAN_POINT ( 'NONE',  ( -2.100000000000000089, 0.6500000001008524597, -2.299999999999999822 ) ) ;
#1019 = DIRECTION ( 'NONE',  ( 1.000000000000000000, 0.000000000000000000, 0.000000000000000000 ) ) ;
#1020 = ORIENTED_EDGE ( 'NONE', *, *, #1924, .T. ) ;
#1021 = CARTESIAN_POINT ( 'NONE',  ( -2.347970168483893616, 0.6521910194211751888, 0.8882681530007725534 ) ) ;
#1022 = ORIENTED_EDGE ( 'NONE', *, *, #8317, .T. ) ;
#1023 = AXIS2_PLACEMENT_3D ( 'NONE', #2328, #5688, #9018 ) ;
#1024 = VERTEX_POINT ( 'NONE', #9493 ) ;
#1025 = VERTEX_POINT ( 'NONE', #1864 ) ;
#1026 = PLANE ( 'NONE',  #4583 ) ;
#1027 = CARTESIAN_POINT ( 'NONE',  ( -1.823793532257002914, 1.128616006862358079, 0.9223948601558902283 ) ) ;
#1028 = CARTESIAN_POINT ( 'NONE',  ( -0.5944193605650945900, 1.200000000000000178, -1.696049921662077464 ) ) ;
#1029 = AXIS2_PLACEMENT_3D ( 'NONE', #8226, #3065, #4056 ) ;
#1030 = CARTESIAN_POINT ( 'NONE',  ( 0.9727235355099221881, 0.6975516701333215330, -2.309665253347176428 ) ) ;
#1031 = ORIENTED_EDGE ( 'NONE', *, *, #4304, .T. ) ;
#1032 = CARTESIAN_POINT ( 'NONE',  ( -1.059793458943500077, 1.128643715355199806, -1.747944595215999763 ) ) ;
#1033 = VERTEX_POINT ( 'NONE', #6104 ) ;
#1034 = AXIS2_PLACEMENT_3D ( 'NONE', #2696, #5220, #9221 ) ;
#1035 = DIRECTION ( 'NONE',  ( -1.000000000000000000, 0.000000000000000000, 0.000000000000000000 ) ) ;
#1036 = ADVANCED_FACE ( 'NONE', ( #1918 ), #8615, .F. ) ;
#1037 = CARTESIAN_POINT ( 'NONE',  ( 1.664706718479969538, 1.199999999998402345, 0.9495353645671781306 ) ) ;
#1038 = DIRECTION ( 'NONE',  ( -0.000000000000000000, -0.000000000000000000, 1.000000000000000000 ) ) ;
#1039 = DIRECTION ( 'NONE',  ( -0.000000000000000000, 1.000000000000000000, -0.000000000000000000 ) ) ;
#1040 = CARTESIAN_POINT ( 'NONE',  ( 2.331988265251117465, 0.6842345780518729326, 0.9374287661737641386 ) ) ;
#1041 = CARTESIAN_POINT ( 'NONE',  ( -0.1445161610256933127, 0.2401880480133807005, -2.449999999990102761 ) ) ;
#1042 = VECTOR ( 'NONE', #2711, 1000.000000000000227 ) ;
#1043 = VERTEX_POINT ( 'NONE', #284 ) ;
#1044 = CARTESIAN_POINT ( 'NONE',  ( 1.689705197119999891, 1.128423812819999927, 1.152244170400000822 ) ) ;
#1045 = CARTESIAN_POINT ( 'NONE',  ( -1.507529085489593301, 0.8240143662193640806, -1.653224786830992832 ) ) ;
#1046 = ORIENTED_EDGE ( 'NONE', *, *, #2617, .T. ) ;
#1047 = DIRECTION ( 'NONE',  ( 0.000000000000000000, 0.000000000000000000, 1.000000000000000000 ) ) ;
#1048 = CARTESIAN_POINT ( 'NONE',  ( -2.312097435006351009, 0.6967539210429023466, -0.9692553184538145183 ) ) ;
#1049 = FACE_OUTER_BOUND ( 'NONE', #2276, .T. ) ;
#1050 = ORIENTED_EDGE ( 'NONE', *, *, #7537, .T. ) ;
#1051 = CARTESIAN_POINT ( 'NONE',  ( -0.3000000000000000444, 0.6500000000000001332, 2.349999999999999645 ) ) ;
#1052 = EDGE_CURVE ( 'NONE', #4169, #3427, #9589, .T. ) ;
#1053 = EDGE_CURVE ( 'NONE', #2165, #1836, #7845, .T. ) ;
#1054 = DIRECTION ( 'NONE',  ( 0.000000000000000000, 1.000000000000000000, 0.000000000000000000 ) ) ;
#1055 = DIRECTION ( 'NONE',  ( -0.000000000000000000, 1.000000000000000000, -0.000000000000000000 ) ) ;
#1056 = VECTOR ( 'NONE', #4616, 1000.000000000000000 ) ;
#1057 = DIRECTION ( 'NONE',  ( -1.000000000000000000, -0.000000000000000000, -0.000000000000000000 ) ) ;
#1058 = CARTESIAN_POINT ( 'NONE',  ( -0.7250000000796874566, 0.02000000000000000389, -1.750000000000000000 ) ) ;
#1059 = CARTESIAN_POINT ( 'NONE',  ( -1.874999999992786881, 0.7000000000000000666, -2.174999999999999822 ) ) ;
#1060 = CYLINDRICAL_SURFACE ( 'NONE', #5561, 0.05500000000000036110 ) ;
#1061 = VERTEX_POINT ( 'NONE', #2074 ) ;
#1062 = AXIS2_PLACEMENT_3D ( 'NONE', #6479, #8126, #608 ) ;
#1063 = CARTESIAN_POINT ( 'NONE',  ( 1.113717211816935171, 0.8000022975030666172, -1.967799868806893393 ) ) ;
#1064 = CARTESIAN_POINT ( 'NONE',  ( 2.299999999999999822, 0.8000000000000000444, 2.300000000200001171 ) ) ;
#1065 = CARTESIAN_POINT ( 'NONE',  ( -0.9545027093140467933, 0.6920387768617448643, -2.321948083424858478 ) ) ;
#1066 = CARTESIAN_POINT ( 'NONE',  ( -1.791954154999999771, 1.171877376000000082, -0.9269657400000004266 ) ) ;
#1067 = B_SPLINE_CURVE_WITH_KNOTS ( 'NONE', 3,
 ( #1527, #10687, #2348, #7294 ),
 .UNSPECIFIED., .F., .F.,
 ( 4, 4 ),
 ( 2.894084313256163228E-14, 4.862080625370854319E-05 ),
 .UNSPECIFIED. ) ;
#1068 = ORIENTED_EDGE ( 'NONE', *, *, #5987, .T. ) ;
#1069 = EDGE_CURVE ( 'NONE', #9571, #627, #101, .T. ) ;
#1070 = CARTESIAN_POINT ( 'NONE',  ( -1.281859367120000037, 1.200000040400000190, 1.427569514539999807 ) ) ;
#1071 = DIRECTION ( 'NONE',  ( -1.000000000000000000, 0.000000000000000000, 0.000000000000000000 ) ) ;
#1072 = CARTESIAN_POINT ( 'NONE',  ( -1.552007140963129306, 1.129490423651212438, -1.329822189809559685 ) ) ;
#1073 = CARTESIAN_POINT ( 'NONE',  ( 0.9932172307887847662, 0.6999999999961780128, 2.294803036176537248 ) ) ;
#1074 = DIRECTION ( 'NONE',  ( -0.000000000000000000, -1.000000000000000000, -0.000000000000000000 ) ) ;
#1075 = ORIENTED_EDGE ( 'NONE', *, *, #6925, .T. ) ;
#1076 = CARTESIAN_POINT ( 'NONE',  ( -2.344294979179178284, 0.6659532202336536644, 0.9076392588696325925 ) ) ;
#1077 = CIRCLE ( 'NONE', #2470, 0.3000000000000001554 ) ;
#1078 = VECTOR ( 'NONE', #4801, 1000.000000000000000 ) ;
#1079 = ORIENTED_EDGE ( 'NONE', *, *, #567, .F. ) ;
#1080 = ORIENTED_EDGE ( 'NONE', *, *, #2020, .F. ) ;
#1081 = EDGE_CURVE ( 'NONE', #4032, #8409, #1263, .T. ) ;
#1082 = CARTESIAN_POINT ( 'NONE',  ( 1.750000000000000000, 0.6400000000000001243, 2.050000000000000266 ) ) ;
#1083 = CARTESIAN_POINT ( 'NONE',  ( -0.1500156882594143870, 0.09247601193384841212, -2.326105791427193203 ) ) ;
#1084 = CARTESIAN_POINT ( 'NONE',  ( -0.7244486383001300656, 1.199999999999997069, -1.696049903191434893 ) ) ;
#1085 = B_SPLINE_SURFACE_WITH_KNOTS ( 'NONE', 3, 3, ( 
 ( #4639, #6951, #1083, #2000, #4534, #6080, #7772 ),
 ( #9619, #5463, #8696, #10291, #7874, #2775, #4427 ),
 ( #6135, #8645, #5405, #6287, #1132, #8801, #9519 ),
 ( #1289, #4478, #5247, #7060, #417, #1185, #2828 ) ),
 .UNSPECIFIED., .F., .F., .F.,
 ( 4, 4 ),
 ( 4, 3, 4 ),
 ( 0.000000000000000000, 1.000000000000000000 ),
 ( -0.06998188661757848150, 0.000000000000000000, 1.000000000000000000 ),
 .UNSPECIFIED. ) ;
#1086 = VECTOR ( 'NONE', #1568, 1000.000000000000000 ) ;
#1087 = CARTESIAN_POINT ( 'NONE',  ( 1.725574776152059675, 1.129098300618977646, 1.094900728887276076 ) ) ;
#1088 = DIRECTION ( 'NONE',  ( 0.000000000000000000, 0.000000000000000000, 1.000000000000000000 ) ) ;
#1089 = EDGE_LOOP ( 'NONE', ( #7777, #10050, #5430, #9934, #7605, #2704 ) ) ;
#1090 = CARTESIAN_POINT ( 'NONE',  ( -1.152119421949699740, 1.128849861656800124, -1.689469287789399976 ) ) ;
#1091 = VERTEX_POINT ( 'NONE', #5710 ) ;
#1092 = ADVANCED_FACE ( 'NONE', ( #8167 ), #599, .F. ) ;
#1093 = LINE ( 'NONE', #6196, #8612 ) ;
#1094 = LINE ( 'NONE', #4436, #5065 ) ;
#1095 = LINE ( 'NONE', #3661, #6476 ) ;
#1096 = CARTESIAN_POINT ( 'NONE',  ( 0.8785042870000000503, 0.6450000000000001288, -2.348947903999999642 ) ) ;
#1097 = CARTESIAN_POINT ( 'NONE',  ( 2.345833535727784636, 0.6617384650219021447, 0.9015643414075342754 ) ) ;
#1098 = CARTESIAN_POINT ( 'NONE',  ( 0.5999999999999998668, 0.2401880480000000151, 2.349999999999999645 ) ) ;
#1099 = ORIENTED_EDGE ( 'NONE', *, *, #495, .F. ) ;
#1100 = CARTESIAN_POINT ( 'NONE',  ( 1.951561696293076409, 0.8233781958477948137, 1.089707340468321517 ) ) ;
#1101 = CARTESIAN_POINT ( 'NONE',  ( -1.201700740999999795, 0.8000000000000000444, -1.936482202000000097 ) ) ;
#1102 = EDGE_LOOP ( 'NONE', ( #6085, #208, #2520, #4146, #10342 ) ) ;
#1103 = LINE ( 'NONE', #3399, #7572 ) ;
#1104 = DIRECTION ( 'NONE',  ( 0.000000000000000000, 0.000000000000000000, -1.000000000000000000 ) ) ;
#1105 = CYLINDRICAL_SURFACE ( 'NONE', #3585, 0.09999999999999982514 ) ;
#1106 = CARTESIAN_POINT ( 'NONE',  ( 0.000000000000000000, 0.09018804800000002064, -2.300000000058809668 ) ) ;
#1107 = CARTESIAN_POINT ( 'NONE',  ( 2.100000000000000089, 0.1000000000000000056, -2.299999999999999822 ) ) ;
#1108 = CARTESIAN_POINT ( 'NONE',  ( -0.4595745522138842687, 1.099999999999999867, 1.108700736372144391 ) ) ;
#1109 = CARTESIAN_POINT ( 'NONE',  ( 2.299999999999999822, 0.000000000000000000, -2.300000000005223200 ) ) ;
#1110 = EDGE_CURVE ( 'NONE', #6752, #6621, #4772, .T. ) ;
#1111 = EDGE_CURVE ( 'NONE', #2638, #1993, #6312, .T. ) ;
#1112 = PLANE ( 'NONE',  #4925 ) ;
#1113 = PLANE ( 'NONE',  #4202 ) ;
#1114 = DIRECTION ( 'NONE',  ( 0.000000000000000000, -1.000000000000000000, 0.000000000000000000 ) ) ;
#1115 = EDGE_LOOP ( 'NONE', ( #5553, #3541, #5192, #2719, #9833 ) ) ;
#1116 = FACE_OUTER_BOUND ( 'NONE', #7331, .T. ) ;
#1117 = CARTESIAN_POINT ( 'NONE',  ( -1.180516627103181282, 0.8241777021813357917, 1.899261694760195240 ) ) ;
#1118 = CARTESIAN_POINT ( 'NONE',  ( -0.8974963488714207127, 0.6588579179542560782, -2.346667936690173040 ) ) ;
#1119 = CARTESIAN_POINT ( 'NONE',  ( -1.711889554520000134, 1.200000040999999795, -0.8583623684200002435 ) ) ;
#1120 = ORIENTED_EDGE ( 'NONE', *, *, #5505, .F. ) ;
#1121 = CARTESIAN_POINT ( 'NONE',  ( -1.355054574860000027, 1.200000020200000739, 1.355091524020000104 ) ) ;
#1122 = LINE ( 'NONE', #1832, #8573 ) ;
#1123 = CARTESIAN_POINT ( 'NONE',  ( -0.9554791260000000674, 0.6833333330000000982, 2.314042747999999872 ) ) ;
#1124 = EDGE_CURVE ( 'NONE', #5126, #6012, #4714, .T. ) ;
#1125 = DIRECTION ( 'NONE',  ( 0.000000000000000000, 0.000000000000000000, -1.000000000000000000 ) ) ;
#1126 = CARTESIAN_POINT ( 'NONE',  ( 0.7250000000000001998, 0.1799999999999999933, -0.8500000000371095155 ) ) ;
#1127 = ORIENTED_EDGE ( 'NONE', *, *, #3810, .F. ) ;
#1128 = CARTESIAN_POINT ( 'NONE',  ( 1.089707340468321517, 0.8233781958477948137, -1.951561696293076409 ) ) ;
#1129 = ORIENTED_EDGE ( 'NONE', *, *, #714, .T. ) ;
#1130 = ORIENTED_EDGE ( 'NONE', *, *, #1314, .F. ) ;
#1131 = CARTESIAN_POINT ( 'NONE',  ( 0.6760013919724063847, 1.099999999999999867, 0.8796335266379982087 ) ) ;
#1132 = CARTESIAN_POINT ( 'NONE',  ( -0.1497758240000000018, 0.1572615210000000152, -2.309496500999999924 ) ) ;
#1133 = DIRECTION ( 'NONE',  ( -1.000000000000000000, 0.000000000000000000, -0.000000000000000000 ) ) ;
#1134 = ADVANCED_FACE ( 'NONE', ( #9745 ), #7284, .T. ) ;
#1135 = CARTESIAN_POINT ( 'NONE',  ( 1.658609636734559079, 1.129183905733421422, 1.193694234357861372 ) ) ;
#1136 = DIRECTION ( 'NONE',  ( 0.000000000000000000, 1.000000000000000000, -0.000000000000000000 ) ) ;
#1137 = ORIENTED_EDGE ( 'NONE', *, *, #3272, .T. ) ;
#1138 = VECTOR ( 'NONE', #6420, 1000.000000000000000 ) ;
#1139 = CARTESIAN_POINT ( 'NONE',  ( -1.037145934919999624, 1.200000040659999989, -1.611232103380000114 ) ) ;
#1140 = ORIENTED_EDGE ( 'NONE', *, *, #253, .T. ) ;
#1141 = DIRECTION ( 'NONE',  ( 0.000000000000000000, -1.000000000000000000, -0.000000000000000000 ) ) ;
#1142 = CYLINDRICAL_SURFACE ( 'NONE', #5784, 0.04999999999999969746 ) ;
#1143 = CARTESIAN_POINT ( 'NONE',  ( 0.9937765274709191576, 1.199999999998405453, 1.638602176905541663 ) ) ;
#1144 = CARTESIAN_POINT ( 'NONE',  ( 1.000000000000597966, 1.500000000000000000, -3.122849337827215729E-16 ) ) ;
#1145 = CARTESIAN_POINT ( 'NONE',  ( -0.1463463100000000350, 0.2267218800000000423, -2.383333332999999943 ) ) ;
#1146 = AXIS2_PLACEMENT_3D ( 'NONE', #3453, #6809, #4117 ) ;
#1147 = EDGE_CURVE ( 'NONE', #3496, #6897, #1364, .T. ) ;
#1148 = CARTESIAN_POINT ( 'NONE',  ( 2.304651697616016293, 0.6988618810504844125, 0.9797575374892578681 ) ) ;
#1149 = CYLINDRICAL_SURFACE ( 'NONE', #4033, 2.500000000000000444 ) ;
#1150 = ORIENTED_EDGE ( 'NONE', *, *, #8843, .F. ) ;
#1151 = CARTESIAN_POINT ( 'NONE',  ( 1.802601891379999932, 1.127969296919999698, 0.9646923284600006365 ) ) ;
#1152 = CARTESIAN_POINT ( 'NONE',  ( -1.271316541000000022, 0.8091248960000001489, -1.852303558000000017 ) ) ;
#1153 = ORIENTED_EDGE ( 'NONE', *, *, #5690, .F. ) ;
#1154 = CARTESIAN_POINT ( 'NONE',  ( 0.6000000000000000888, 0.7000000000000000666, 2.250000000000001776 ) ) ;
#1155 = DIRECTION ( 'NONE',  ( 1.000000000000000000, -0.000000000000000000, 0.000000000000000000 ) ) ;
#1156 = LINE ( 'NONE', #7187, #8860 ) ;
#1157 = DIRECTION ( 'NONE',  ( 0.000000000000000000, 0.000000000000000000, 1.000000000000000000 ) ) ;
#1158 = AXIS2_PLACEMENT_3D ( 'NONE', #6668, #5965, #1728 ) ;
#1159 = CARTESIAN_POINT ( 'NONE',  ( 2.302249903133082309, 0.6992937672942651783, -0.9830708197698936335 ) ) ;
#1160 = CYLINDRICAL_SURFACE ( 'NONE', #10344, 0.2999999999999999334 ) ;
#1161 = VECTOR ( 'NONE', #6260, 1000.000000000000000 ) ;
#1162 = CARTESIAN_POINT ( 'NONE',  ( 0.9886663682399999820, 1.128034231380000030, 1.789377929220000496 ) ) ;
#1163 = DIRECTION ( 'NONE',  ( 0.000000000000000000, 0.3322574898012535805, 0.9431887194358136162 ) ) ;
#1164 = CARTESIAN_POINT ( 'NONE',  ( 0.000000000000000000, 0.6500000000000001332, 0.000000000000000000 ) ) ;
#1165 = VERTEX_POINT ( 'NONE', #7186 ) ;
#1166 = CARTESIAN_POINT ( 'NONE',  ( 0.9038743710000004539, 1.172051404000000296, -1.803155140000000101 ) ) ;
#1167 = CARTESIAN_POINT ( 'NONE',  ( -1.201707064000000713, 0.8000000000000000444, 1.936478600000000050 ) ) ;
#1168 = LINE ( 'NONE', #4517, #8556 ) ;
#1169 = CARTESIAN_POINT ( 'NONE',  ( 2.348286124483641490, 0.6490852507778230862, 0.8840338866825380171 ) ) ;
#1170 = B_SPLINE_SURFACE_WITH_KNOTS ( 'NONE', 3, 3, ( 
 ( #2281, #4037, #753, #8976, #10788, #8158, #1408, #3269, #1463, #3873 ),
 ( #6570, #7334, #10676, #6407, #10733, #9736, #5698, #2169, #5526, #8866 ),
 ( #7391, #1515, #1351, #3212, #9902, #4865, #8209, #2388, #4760, #8052 ),
 ( #8108, #589, #5145, #3697, #9313, #3329, #2616, #6735, #10189, #3383 ),
 ( #6685, #2676, #48, #2508, #4154, #9253, #4265, #6791, #10070, #7869 ),
 ( #5869, #5979, #6030, #4209, #10846, #7502, #8489, #10018, #1799, #813 ),
 ( #9514, #979, #4317, #2563, #5090, #8438, #7055, #7668, #10392, #9198 ),
 ( #5923, #7614, #1686, #926, #158, #8690, #102, #359, #3436, #5033 ),
 ( #10129, #869, #3492, #1994, #6849, #5348, #7561, #1178, #4526, #5817 ),
 ( #9147, #1631, #4979, #8325, #3031, #2151, #8139, #3962, #6281, #413 ),
 ( #3853, #5398, #7103, #459, #1448, #4794, #8033, #9613, #7211, #2097 ),
 ( #10442, #5508, #10554, #3747, #1231, #1335, #8741, #10606, #1389, #2920 ),
 ( #2261, #624, #2977, #8796, #8848, #5457, #4684, #3798, #4634, #1284 ),
 ( #7978, #7262, #514, #6390, #4580, #7157, #10497, #7318, #2870, #9720 ),
 ( #2207, #6338, #9669, #5565, #4741, #6441, #8091, #3085, #571, #3908 ),
 ( #5624, #6230, #7927, #2371, #2487, #8411, #1609, #1661, #10046, #4959 ),
 ( #901, #4241, #6553, #787, #5900, #9881, #10767, #5010, #4183, #6714 ),
 ( #8247, #843, #4903, #6604, #4848, #9828, #10822, #9120, #3248, #9009 ),
 ( #4130, #9935, #7533, #5849, #679, #3140, #6495, #2320, #4020, #8356 ),
 ( #5681, #5734, #9992, #1498, #7374, #9175, #4076, #23, #2537, #3359 ),
 ( #9229, #10716, #3304, #1717, #8192, #3195, #10658, #9064, #1550, #6660 ),
 ( #735, #7424, #7477, #2425, #5790, #8303, #9284, #8520, #2809, #4348 ),
 ( #133, #1826, #9449, #10327, #5174, #1982, #2705, #6823, #5335, #1008 ),
 ( #244, #4458, #1876, #10218, #1772, #8627, #8466, #3576, #8676, #10162 ),
 ( #5229, #6172, #7756, #6059, #1166, #7591, #2651, #5121, #8571, #5286 ) ),
 .UNSPECIFIED., .F., .F., .F.,
 ( 4, 3, 3, 3, 3, 3, 3, 3, 4 ),
 ( 4, 3, 3, 4 ),
 ( 0.003065304134767601191, 0.003142210613589151158, 0.003219442662379091557, 0.003373906759958980161, 0.003682834955118760405, 0.003991763150278540215, 0.004146227247858430554, 0.004223459296648380060, 0.004300365788434520366 ),
 ( -0.009307970054809334634, 0.0006848153488148641136, 0.9999633557112347360, 1.010056068968895104 ),
 .UNSPECIFIED. ) ;
#1171 = CARTESIAN_POINT ( 'NONE',  ( -1.523062824000000148, 1.129588003000000063, 1.367602374000000065 ) ) ;
#1172 = DIRECTION ( 'NONE',  ( 0.000000000000000000, 0.000000000000000000, 1.000000000000000000 ) ) ;
#1173 = EDGE_CURVE ( 'NONE', #5800, #847, #6368, .T. ) ;
#1174 = CARTESIAN_POINT ( 'NONE',  ( -1.555406860030300153, 1.129419893847651402, -1.325880181420264536 ) ) ;
#1175 = CARTESIAN_POINT ( 'NONE',  ( 0.9803026151176051917, 0.6989299600600920037, 2.304255683796353260 ) ) ;
#1176 = DIRECTION ( 'NONE',  ( 0.000000000000000000, 0.000000000000000000, -1.000000000000000000 ) ) ;
#1177 = VERTEX_POINT ( 'NONE', #2346 ) ;
#1178 = CARTESIAN_POINT ( 'NONE',  ( 1.583483395442000008, 1.200000020502999698, -1.080068818272800213 ) ) ;
#1179 = CARTESIAN_POINT ( 'NONE',  ( 1.446634335999999799, 0.8000000000000000444, -1.740521325999999869 ) ) ;
#1180 = ORIENTED_EDGE ( 'NONE', *, *, #8241, .F. ) ;
#1181 = ORIENTED_EDGE ( 'NONE', *, *, #5573, .F. ) ;
#1182 = CARTESIAN_POINT ( 'NONE',  ( 0.9611650271896836628, 1.100000000000000089, 0.5539808784079891524 ) ) ;
#1183 = VECTOR ( 'NONE', #884, 1000.000000000000000 ) ;
#1184 = EDGE_CURVE ( 'NONE', #5362, #39, #9696, .T. ) ;
#1185 = CARTESIAN_POINT ( 'NONE',  ( -0.1495516660000000275, 0.1901880480000000817, -2.302849076999999411 ) ) ;
#1186 = EDGE_CURVE ( 'NONE', #5211, #4532, #3777, .T. ) ;
#1187 = CARTESIAN_POINT ( 'NONE',  ( -0.6315705827751046941, 1.199999999999999289, -1.696049915248649231 ) ) ;
#1188 = EDGE_CURVE ( 'NONE', #9353, #7214, #2627, .T. ) ;
#1189 = DIRECTION ( 'NONE',  ( 0.000000000000000000, -1.000000000000000000, 0.000000000000000000 ) ) ;
#1190 = AXIS2_PLACEMENT_3D ( 'NONE', #4915, #2439, #5801 ) ;
#1191 = CARTESIAN_POINT ( 'NONE',  ( 1.000000000000000000, 0.7000000000000000666, 2.250000000000001776 ) ) ;
#1192 = VERTEX_POINT ( 'NONE', #2953 ) ;
#1193 = CARTESIAN_POINT ( 'NONE',  ( -1.059653715999999912, 1.129079445999999987, -1.747713141999999831 ) ) ;
#1194 = ORIENTED_EDGE ( 'NONE', *, *, #5207, .T. ) ;
#1195 = CYLINDRICAL_SURFACE ( 'NONE', #1953, 0.2000000000000000944 ) ;
#1196 = DIRECTION ( 'NONE',  ( 1.000000000000000000, -0.000000000000000000, -0.000000000000000000 ) ) ;
#1197 = EDGE_CURVE ( 'NONE', #4426, #3437, #6758, .T. ) ;
#1198 = LINE ( 'NONE', #10303, #10504 ) ;
#1199 = VECTOR ( 'NONE', #10220, 1000.000000000000000 ) ;
#1200 = DIRECTION ( 'NONE',  ( -9.035018104045846042E-17, 1.000000000000000000, -0.000000000000000000 ) ) ;
#1201 = CYLINDRICAL_SURFACE ( 'NONE', #7684, 0.1499999999999999667 ) ;
#1202 = LINE ( 'NONE', #3770, #7974 ) ;
#1203 = CYLINDRICAL_SURFACE ( 'NONE', #6324, 0.2999999999999999334 ) ;
#1204 = ORIENTED_EDGE ( 'NONE', *, *, #9951, .T. ) ;
#1205 = CARTESIAN_POINT ( 'NONE',  ( 1.689022025442400210, 1.200000020654499844, 0.9042359667310998494 ) ) ;
#1206 = CARTESIAN_POINT ( 'NONE',  ( 1.024999999937499684, 0.000000000000000000, 1.750000000150000234 ) ) ;
#1207 = ORIENTED_EDGE ( 'NONE', *, *, #2078, .T. ) ;
#1208 = VECTOR ( 'NONE', #3514, 1000.000000000000000 ) ;
#1209 = CARTESIAN_POINT ( 'NONE',  ( -2.316250531145696012, 0.6950623060815485088, -0.9631920556316176940 ) ) ;
#1210 = LINE ( 'NONE', #5326, #8344 ) ;
#1211 = DIRECTION ( 'NONE',  ( 0.000000000000000000, 0.000000000000000000, 1.000000000000000000 ) ) ;
#1212 = LINE ( 'NONE', #7134, #3666 ) ;
#1213 = AXIS2_PLACEMENT_3D ( 'NONE', #8443, #932, #10800 ) ;
#1214 = CARTESIAN_POINT ( 'NONE',  ( 1.799850069144417031, 1.161241419402069264, -0.9165145945059997024 ) ) ;
#1215 = CARTESIAN_POINT ( 'NONE',  ( 1.152117914969999823, 1.128854164679999883, 1.689467070939999926 ) ) ;
#1216 = CARTESIAN_POINT ( 'NONE',  ( 1.750000000000000000, 0.6400000000000001243, 1.750000000000000000 ) ) ;
#1217 = CARTESIAN_POINT ( 'NONE',  ( 2.293438055000000197, 0.7002549249999999725, 0.9950587360000001658 ) ) ;
#1218 = ORIENTED_EDGE ( 'NONE', *, *, #473, .T. ) ;
#1219 = FACE_OUTER_BOUND ( 'NONE', #8206, .T. ) ;
#1220 = CARTESIAN_POINT ( 'NONE',  ( -1.271308979999999922, 0.8091248930000001227, 1.852309466000000127 ) ) ;
#1221 = ORIENTED_EDGE ( 'NONE', *, *, #7368, .T. ) ;
#1222 = CARTESIAN_POINT ( 'NONE',  ( -0.9159253844940468126, 0.6714973054600519298, -2.341653860890176464 ) ) ;
#1223 = DIRECTION ( 'NONE',  ( 0.000000000000000000, 0.000000000000000000, 1.000000000000000000 ) ) ;
#1224 = ADVANCED_FACE ( 'NONE', ( #5925 ), #50, .T. ) ;
#1225 = CARTESIAN_POINT ( 'NONE',  ( -1.445311819999999914, 1.129587990000000097, 1.445351251999999587 ) ) ;
#1226 = LINE ( 'NONE', #5451, #1561 ) ;
#1227 = VECTOR ( 'NONE', #118, 1000.000000000000000 ) ;
#1228 = CARTESIAN_POINT ( 'NONE',  ( 0.9535835534630606736, 0.6916768415029502792, 2.322528817578102256 ) ) ;
#1229 = DIRECTION ( 'NONE',  ( 1.000000000000000000, 0.000000000000000000, 0.000000000000000000 ) ) ;
#1230 = ORIENTED_EDGE ( 'NONE', *, *, #1690, .F. ) ;
#1231 = CARTESIAN_POINT ( 'NONE',  ( 1.503058841000000090, 1.172453108000000244, -1.349655612999999921 ) ) ;
#1232 = CARTESIAN_POINT ( 'NONE',  ( -2.100000000000000089, 0.6500000000000001332, 2.100000000000000089 ) ) ;
#1233 = ORIENTED_EDGE ( 'NONE', *, *, #5368, .F. ) ;
#1234 = ORIENTED_EDGE ( 'NONE', *, *, #9618, .F. ) ;
#1235 = CARTESIAN_POINT ( 'NONE',  ( 2.100000000000000089, 0.4000000000000000222, 2.405681128000001667 ) ) ;
#1236 = CIRCLE ( 'NONE', #4748, 2.500000000000000444 ) ;
#1237 = CARTESIAN_POINT ( 'NONE',  ( -0.6000000000000000888, 0.8000000000000000444, -2.449999999999999734 ) ) ;
#1238 = DIRECTION ( 'NONE',  ( -1.000000000000000000, 0.000000000000000000, 0.000000000000000000 ) ) ;
#1239 = CIRCLE ( 'NONE', #6161, 0.1499999999999999667 ) ;
#1240 = CARTESIAN_POINT ( 'NONE',  ( -1.000000000000000000, 0.7000000000000000666, 2.250000000000001776 ) ) ;
#1241 = VECTOR ( 'NONE', #1843, 1000.000000000000000 ) ;
#1242 = EDGE_CURVE ( 'NONE', #7840, #10609, #5036, .T. ) ;
#1243 = CARTESIAN_POINT ( 'NONE',  ( 1.056608775844004589, 1.099999999999999867, 0.5719071971648828079 ) ) ;
#1244 = ADVANCED_FACE ( 'NONE', ( #5820 ), #6501, .T. ) ;
#1245 = ORIENTED_EDGE ( 'NONE', *, *, #7205, .T. ) ;
#1246 = CARTESIAN_POINT ( 'NONE',  ( -1.719827896513999921, 1.128320581911400833, -1.106753112168600506 ) ) ;
#1247 = ORIENTED_EDGE ( 'NONE', *, *, #9982, .T. ) ;
#1248 = ORIENTED_EDGE ( 'NONE', *, *, #7351, .F. ) ;
#1249 = CARTESIAN_POINT ( 'NONE',  ( 1.387877699999999992, 0.9236595380000001132, 1.684802193000000115 ) ) ;
#1250 = DIRECTION ( 'NONE',  ( -1.000000000000000000, 0.000000000000000000, -0.000000000000000000 ) ) ;
#1251 = DIRECTION ( 'NONE',  ( 1.000000000000000000, -0.000000000000000000, 0.000000000000000000 ) ) ;
#1252 = VECTOR ( 'NONE', #6676, 1000.000000000000000 ) ;
#1253 = DIRECTION ( 'NONE',  ( 0.000000000000000000, 1.000000000000000000, 0.000000000000000000 ) ) ;
#1254 = CARTESIAN_POINT ( 'NONE',  ( -0.1481698020000000171, 0.1918170400000000497, -2.444040960999999790 ) ) ;
#1255 = CARTESIAN_POINT ( 'NONE',  ( 2.307295972915536009, 0.6982298817002552394, 0.9760666741839615357 ) ) ;
#1256 = CARTESIAN_POINT ( 'NONE',  ( -0.6000000000000000888, 0.8000000000000000444, -2.449999999999999734 ) ) ;
#1257 = ORIENTED_EDGE ( 'NONE', *, *, #3668, .T. ) ;
#1258 = ADVANCED_FACE ( 'NONE', ( #4627 ), #9553, .F. ) ;
#1259 = CARTESIAN_POINT ( 'NONE',  ( 1.959568014000000025, 0.8089859220000000795, 1.094267566000000302 ) ) ;
#1260 = DIRECTION ( 'NONE',  ( 1.000000000000000000, -0.000000000000000000, 0.000000000000000000 ) ) ;
#1261 = ORIENTED_EDGE ( 'NONE', *, *, #536, .T. ) ;
#1262 = VECTOR ( 'NONE', #3509, 1000.000000000000000 ) ;
#1263 = LINE ( 'NONE', #4613, #10602 ) ;
#1264 = CARTESIAN_POINT ( 'NONE',  ( -0.7250000000796874566, 0.02000000000000000389, 0.5000000000000000000 ) ) ;
#1265 = CARTESIAN_POINT ( 'NONE',  ( -0.6000000000000000888, 0.7000000000000000666, 2.250000000000001776 ) ) ;
#1266 = DIRECTION ( 'NONE',  ( -1.000000000000000000, 0.000000000000000000, -0.000000000000000000 ) ) ;
#1267 = CARTESIAN_POINT ( 'NONE',  ( -0.9327571059302386391, 1.102651364883272533, 1.836502778887328713 ) ) ;
#1268 = EDGE_CURVE ( 'NONE', #704, #3750, #8677, .T. ) ;
#1269 = CARTESIAN_POINT ( 'NONE',  ( 0.9646910371000003703, 1.127969293879999668, 1.802602557559999985 ) ) ;
#1270 = CARTESIAN_POINT ( 'NONE',  ( 2.349999999999999645, -0.05000000000000000971, -0.5000000000000000000 ) ) ;
#1271 = CARTESIAN_POINT ( 'NONE',  ( 1.115387573000000243, 1.102668516000000043, 1.836499305999999887 ) ) ;
#1272 = VERTEX_POINT ( 'NONE', #7094 ) ;
#1273 = CARTESIAN_POINT ( 'NONE',  ( 1.543715557137987249, 0.6400000000000001243, -1.532177300005005627 ) ) ;
#1274 = CARTESIAN_POINT ( 'NONE',  ( -1.266055204320924998, 0.8238588324517596151, 1.844644620247767097 ) ) ;
#1275 = EDGE_LOOP ( 'NONE', ( #8346, #1646, #3701, #3467 ) ) ;
#1276 = CARTESIAN_POINT ( 'NONE',  ( -0.8993412315580028293, 0.6601694208056455571, -2.346309132796161823 ) ) ;
#1277 = LINE ( 'NONE', #1986, #4120 ) ;
#1278 = CARTESIAN_POINT ( 'NONE',  ( -0.9718126009999999981, 1.199999999999999956, 1.651862976999999955 ) ) ;
#1279 = CARTESIAN_POINT ( 'NONE',  ( -0.8895695666217484643, 0.6531397475175430012, 2.347832397631846924 ) ) ;
#1280 = EDGE_CURVE ( 'NONE', #5684, #2797, #7808, .T. ) ;
#1281 = CARTESIAN_POINT ( 'NONE',  ( 0.9407242000379367752, 0.6859313265709354734, 2.330200933002732455 ) ) ;
#1282 = DIRECTION ( 'NONE',  ( 0.000000000000000000, 0.000000000000000000, 1.000000000000000000 ) ) ;
#1283 = ORIENTED_EDGE ( 'NONE', *, *, #1443, .F. ) ;
#1284 = CARTESIAN_POINT ( 'NONE',  ( 1.354328642515799874, 1.200000061205999780, -1.354365571700600013 ) ) ;
#1285 = CARTESIAN_POINT ( 'NONE',  ( 1.089814080999999879, 0.8230413180000002438, -1.951749099000000598 ) ) ;
#1286 = VERTEX_POINT ( 'NONE', #10435 ) ;
#1287 = ORIENTED_EDGE ( 'NONE', *, *, #2066, .T. ) ;
#1288 = CARTESIAN_POINT ( 'NONE',  ( -1.700443085819999922, 1.200000041240000037, 0.8813002730800000295 ) ) ;
#1289 = CARTESIAN_POINT ( 'NONE',  ( -0.1500470647782431444, 0.1910185357938846695, -2.309094886357211607 ) ) ;
#1290 = CARTESIAN_POINT ( 'NONE',  ( -0.7250000000398437727, 0.02000000000000001082, -0.8500000000410157242 ) ) ;
#1291 = CARTESIAN_POINT ( 'NONE',  ( 1.503864239145405346, 1.129578330479062087, 1.384339477270955188 ) ) ;
#1292 = LINE ( 'NONE', #9522, #6437 ) ;
#1293 = ORIENTED_EDGE ( 'NONE', *, *, #744, .F. ) ;
#1294 = CARTESIAN_POINT ( 'NONE',  ( -1.635656836999999975, 1.172349034000000234, -1.180452292000000014 ) ) ;
#1295 = ORIENTED_EDGE ( 'NONE', *, *, #8035, .F. ) ;
#1296 = ORIENTED_EDGE ( 'NONE', *, *, #3730, .T. ) ;
#1297 = CARTESIAN_POINT ( 'NONE',  ( 1.337243881000000023, 1.027071126000000056, 1.644032218000000878 ) ) ;
#1298 = CARTESIAN_POINT ( 'NONE',  ( 0.1497758240000000018, 0.1572615210000000152, 2.309496500999999924 ) ) ;
#1299 = CARTESIAN_POINT ( 'NONE',  ( 2.349999999999999645, 0.3500000000000000333, 1.250000000000000000 ) ) ;
#1300 = CARTESIAN_POINT ( 'NONE',  ( 0.000000000000000000, 1.100000000000000089, 0.000000000000000000 ) ) ;
#1301 = CARTESIAN_POINT ( 'NONE',  ( -1.684802193000000115, 0.9236595380000001132, 1.387877699999999992 ) ) ;
#1302 = ADVANCED_FACE ( 'NONE', ( #5289 ), #7969, .F. ) ;
#1303 = CARTESIAN_POINT ( 'NONE',  ( -0.1501325507174437190, 0.2163954090436439048, -2.343980140993398464 ) ) ;
#1304 = CARTESIAN_POINT ( 'NONE',  ( -1.106843105463648058, 0.8233164494695032198, -1.942102885056486761 ) ) ;
#1305 = CARTESIAN_POINT ( 'NONE',  ( -2.100000000000000089, -0.002400000000000000657, 2.501199999999999868 ) ) ;
#1306 = ORIENTED_EDGE ( 'NONE', *, *, #8295, .T. ) ;
#1307 = DIRECTION ( 'NONE',  ( -1.000000000000000000, -0.000000000000000000, -0.000000000000000000 ) ) ;
#1308 = DIRECTION ( 'NONE',  ( 0.000000000000000000, 0.000000000000000000, -1.000000000000000000 ) ) ;
#1309 = EDGE_LOOP ( 'NONE', ( #7819, #5905, #1130, #9744 ) ) ;
#1310 = DIRECTION ( 'NONE',  ( -1.000000000000000000, 0.000000000000000000, -0.000000000000000000 ) ) ;
#1311 = DIRECTION ( 'NONE',  ( 0.000000000000000000, 0.000000000000000000, 1.000000000000000000 ) ) ;
#1312 = DIRECTION ( 'NONE',  ( 1.000000000000000000, 0.000000000000000000, 0.000000000000000000 ) ) ;
#1313 = CARTESIAN_POINT ( 'NONE',  ( 2.301577802598808731, 0.6993943426196858049, -0.9839934562667290718 ) ) ;
#1314 = EDGE_CURVE ( 'NONE', #3, #5684, #2912, .T. ) ;
#1315 = CIRCLE ( 'NONE', #2015, 0.2999999999999997113 ) ;
#1316 = EDGE_CURVE ( 'NONE', #9466, #5106, #1277, .T. ) ;
#1317 = CARTESIAN_POINT ( 'NONE',  ( -0.1896121644707872977, 1.100000000000000089, -1.189297628376369431 ) ) ;
#1318 = ORIENTED_EDGE ( 'NONE', *, *, #9017, .F. ) ;
#1319 = CARTESIAN_POINT ( 'NONE',  ( 0.9518762110000000831, 1.172109289999999859, 1.778526703999999903 ) ) ;
#1320 = LINE ( 'NONE', #8995, #3677 ) ;
#1321 = CARTESIAN_POINT ( 'NONE',  ( 1.828955191848904649, 1.120246226231922826, -0.9235891194309445718 ) ) ;
#1322 = VERTEX_POINT ( 'NONE', #3792 ) ;
#1323 = DIRECTION ( 'NONE',  ( 0.000000000000000000, 0.000000000000000000, 1.000000000000000000 ) ) ;
#1324 = AXIS2_PLACEMENT_3D ( 'NONE', #9521, #2002, #1189 ) ;
#1325 = CARTESIAN_POINT ( 'NONE',  ( -1.507618112387214993, 0.8238429318608452290, 1.653288770373336769 ) ) ;
#1326 = ORIENTED_EDGE ( 'NONE', *, *, #6449, .T. ) ;
#1327 = CARTESIAN_POINT ( 'NONE',  ( -0.9388878664593931500, 0.6850006103774927135, -2.331211526908036902 ) ) ;
#1328 = CARTESIAN_POINT ( 'NONE',  ( -0.9710425764199999144, 1.200000061169999910, 1.650547838050000049 ) ) ;
#1329 = DIRECTION ( 'NONE',  ( 0.000000000000000000, 0.000000000000000000, 1.000000000000000000 ) ) ;
#1330 = EDGE_CURVE ( 'NONE', #10059, #8105, #5520, .T. ) ;
#1331 = CIRCLE ( 'NONE', #970, 0.2999999999999997113 ) ;
#1332 = CARTESIAN_POINT ( 'NONE',  ( 0.9205226476308091543, 0.6744332024695275374, 2.339899722989986941 ) ) ;
#1333 = CYLINDRICAL_SURFACE ( 'NONE', #5895, 0.2999999999999999334 ) ;
#1334 = EDGE_LOOP ( 'NONE', ( #10699, #7201, #7644, #1892, #10222, #1068, #6354 ) ) ;
#1335 = CARTESIAN_POINT ( 'NONE',  ( 1.465987797999999787, 1.199997980000000020, -1.316396977999999995 ) ) ;
#1336 = CARTESIAN_POINT ( 'NONE',  ( 1.586934931000000049, 0.8091943639999999993, -1.586918838000000109 ) ) ;
#1337 = ORIENTED_EDGE ( 'NONE', *, *, #5291, .T. ) ;
#1338 = ORIENTED_EDGE ( 'NONE', *, *, #4163, .T. ) ;
#1339 = CARTESIAN_POINT ( 'NONE',  ( -1.789382616712200447, 1.128025583453800218, 0.9886689450024002124 ) ) ;
#1340 = DIRECTION ( 'NONE',  ( 0.000000000000000000, 0.000000000000000000, 1.000000000000000000 ) ) ;
#1341 = EDGE_CURVE ( 'NONE', #1689, #7950, #1315, .T. ) ;
#1342 = CARTESIAN_POINT ( 'NONE',  ( 2.841960084502053366E-16, 1.100000000000000089, 1.099999999999999867 ) ) ;
#1343 = CARTESIAN_POINT ( 'NONE',  ( 1.399999999999999911, 0.8000000000000001554, 2.174999999999999822 ) ) ;
#1344 = CARTESIAN_POINT ( 'NONE',  ( 2.174999999999999822, 0.8000000000000001554, 1.875000000000000000 ) ) ;
#1345 = ORIENTED_EDGE ( 'NONE', *, *, #7958, .T. ) ;
#1346 = AXIS2_PLACEMENT_3D ( 'NONE', #1898, #1701, #8340 ) ;
#1347 = CARTESIAN_POINT ( 'NONE',  ( -1.696816704000001064, 1.172271964000000333, -1.091999445999999763 ) ) ;
#1348 = EDGE_LOOP ( 'NONE', ( #279, #9900, #9561, #9707, #5854 ) ) ;
#1349 = EDGE_LOOP ( 'NONE', ( #6781, #3967, #3365, #6688, #3667, #310 ) ) ;
#1350 = CARTESIAN_POINT ( 'NONE',  ( -1.836501388266489121, 1.102651602841322687, 0.9327621540089664487 ) ) ;
#1351 = CARTESIAN_POINT ( 'NONE',  ( 1.802366519780000731, 1.128402038939999796, -0.9645654015500000344 ) ) ;
#1352 = EDGE_CURVE ( 'NONE', #8196, #3394, #8654, .T. ) ;
#1353 = CARTESIAN_POINT ( 'NONE',  ( 1.683556681846776648, 1.199999999998400346, -0.9152447276328437020 ) ) ;
#1354 = LINE ( 'NONE', #1410, #4049 ) ;
#1355 = CARTESIAN_POINT ( 'NONE',  ( 0.9551290950000000946, 0.7000000000000000666, -2.323035152000000103 ) ) ;
#1356 = VECTOR ( 'NONE', #2001, 1000.000000000000000 ) ;
#1357 = CARTESIAN_POINT ( 'NONE',  ( 2.294937417231405874, 0.6999999999999647615, 0.9930359364116108090 ) ) ;
#1358 = DIRECTION ( 'NONE',  ( 1.000000000000000000, -0.000000000000000000, 0.000000000000000000 ) ) ;
#1359 = VERTEX_POINT ( 'NONE', #8631 ) ;
#1360 = CARTESIAN_POINT ( 'NONE',  ( 1.430297261000000875, 0.8234688700000000194, 1.720876249999999663 ) ) ;
#1361 = CARTESIAN_POINT ( 'NONE',  ( 0.5676680710851462752, 0.09018804799999999289, 1.763592050376064924 ) ) ;
#1362 = ORIENTED_EDGE ( 'NONE', *, *, #955, .F. ) ;
#1363 = EDGE_CURVE ( 'NONE', #9477, #5990, #6175, .T. ) ;
#1364 = LINE ( 'NONE', #6419, #3421 ) ;
#1365 = DIRECTION ( 'NONE',  ( 0.000000000000000000, 0.000000000000000000, 1.000000000000000000 ) ) ;
#1366 = VECTOR ( 'NONE', #2323, 1000.000000000000000 ) ;
#1367 = PLANE ( 'NONE',  #5409 ) ;
#1368 = CARTESIAN_POINT ( 'NONE',  ( 2.313383523894691152, 0.6962560071654663174, -0.9673896573339192395 ) ) ;
#1369 = DIRECTION ( 'NONE',  ( 0.000000000000000000, 0.000000000000000000, -1.000000000000000000 ) ) ;
#1370 = CARTESIAN_POINT ( 'NONE',  ( -0.3000000000000000444, 0.09018804800000002064, -1.620188048000000158 ) ) ;
#1371 = VECTOR ( 'NONE', #10014, 1000.000000000000000 ) ;
#1372 = ORIENTED_EDGE ( 'NONE', *, *, #7639, .T. ) ;
#1373 = CARTESIAN_POINT ( 'NONE',  ( 0.9974854899999999747, 1.199997961000000224, 1.695697846000000064 ) ) ;
#1374 = CARTESIAN_POINT ( 'NONE',  ( -1.399999999861728295, 0.8000000000000000444, -2.174999999999999822 ) ) ;
#1375 = DIRECTION ( 'NONE',  ( -0.000000000000000000, -1.000000000000000000, -0.000000000000000000 ) ) ;
#1376 = VERTEX_POINT ( 'NONE', #2864 ) ;
#1377 = EDGE_CURVE ( 'NONE', #2301, #751, #5653, .T. ) ;
#1378 = DIRECTION ( 'NONE',  ( -1.000000000000000000, 0.000000000000000000, 0.000000000000000000 ) ) ;
#1379 = CARTESIAN_POINT ( 'NONE',  ( -1.899265319580435873, 0.8241776583544443424, 1.180510316959374473 ) ) ;
#1380 = EDGE_CURVE ( 'NONE', #1790, #828, #10477, .T. ) ;
#1381 = CARTESIAN_POINT ( 'NONE',  ( -1.875000000000000000, 0.7000000000000000666, 2.174999999999999822 ) ) ;
#1382 = CARTESIAN_POINT ( 'NONE',  ( 0.9950587358386051573, 0.7000000000000002887, -2.293438055072462234 ) ) ;
#1383 = CARTESIAN_POINT ( 'NONE',  ( -1.106460989000000117, 1.129190821000000122, 1.719372273999999923 ) ) ;
#1384 = CARTESIAN_POINT ( 'NONE',  ( -0.9089371171028098884, 0.6668365832579736807, 2.343917393660882809 ) ) ;
#1385 = CARTESIAN_POINT ( 'NONE',  ( 0.8805270865962632199, 0.6464993622372454674, 2.348438055000354741 ) ) ;
#1386 = CARTESIAN_POINT ( 'NONE',  ( -0.9223948602530481766, 1.128616006908942815, -1.823793532479613955 ) ) ;
#1387 = VERTEX_POINT ( 'NONE', #8818 ) ;
#1388 = CIRCLE ( 'NONE', #2958, 2.500000000000000000 ) ;
#1389 = CARTESIAN_POINT ( 'NONE',  ( 1.427527037432799961, 1.200000040803999912, -1.281891546095399903 ) ) ;
#1390 = CARTESIAN_POINT ( 'NONE',  ( 1.844727405097707829, 0.8236883946824420377, -1.266123509470946207 ) ) ;
#1391 = EDGE_CURVE ( 'NONE', #9630, #1947, #1202, .T. ) ;
#1392 = CARTESIAN_POINT ( 'NONE',  ( 1.399999999999999911, 0.8000000000000000444, 2.399999999999999911 ) ) ;
#1393 = ORIENTED_EDGE ( 'NONE', *, *, #5689, .T. ) ;
#1394 = ORIENTED_EDGE ( 'NONE', *, *, #6225, .F. ) ;
#1395 = CARTESIAN_POINT ( 'NONE',  ( -1.721674212999999565, 1.199997956999999893, 0.9514489420000000752 ) ) ;
#1396 = CARTESIAN_POINT ( 'NONE',  ( -1.733002684999999765, 1.131580400000000042, -1.100711556999999896 ) ) ;
#1397 = LINE ( 'NONE', #7326, #10119 ) ;
#1398 = VECTOR ( 'NONE', #6765, 1000.000000000000000 ) ;
#1399 = DIRECTION ( 'NONE',  ( 1.000000000000000000, 0.000000000000000000, 0.000000000000000000 ) ) ;
#1400 = CARTESIAN_POINT ( 'NONE',  ( 2.293438055000000197, 0.7007647740000000347, -0.9950587360000001658 ) ) ;
#1401 = EDGE_CURVE ( 'NONE', #3471, #2882, #9037, .T. ) ;
#1402 = VERTEX_POINT ( 'NONE', #4655 ) ;
#1403 = VECTOR ( 'NONE', #4500, 1000.000000000000000 ) ;
#1404 = ORIENTED_EDGE ( 'NONE', *, *, #8087, .F. ) ;
#1405 = EDGE_LOOP ( 'NONE', ( #1079, #6243, #2410, #9342 ) ) ;
#1406 = DIRECTION ( 'NONE',  ( 1.000000000000000000, -0.000000000000000000, 0.000000000000000000 ) ) ;
#1407 = CARTESIAN_POINT ( 'NONE',  ( 0.1497758240000000018, 0.1240909100000000126, 2.313295100999999576 ) ) ;
#1408 = CARTESIAN_POINT ( 'NONE',  ( 1.712800818999999919, 1.199999999999999956, -0.8588169820000004506 ) ) ;
#1409 = CARTESIAN_POINT ( 'NONE',  ( 2.174999999999999822, 0.3500000000000000333, 1.250000000000000000 ) ) ;
#1410 = CARTESIAN_POINT ( 'NONE',  ( 0.3000000000000000444, 0.1799999999999999933, 0.8500000000000000888 ) ) ;
#1411 = CARTESIAN_POINT ( 'NONE',  ( -1.170194539977619019, 1.129327295422716038, 1.675128436998158277 ) ) ;
#1412 = VECTOR ( 'NONE', #7783, 1000.000000000000000 ) ;
#1413 = AXIS2_PLACEMENT_3D ( 'NONE', #4109, #7573, #3175 ) ;
#1414 = APPLICATION_CONTEXT ( 'automotive_design' ) ;
#1415 = CARTESIAN_POINT ( 'NONE',  ( -0.3000000000000000444, 0.1799999999999999933, 0.8500000000000000888 ) ) ;
#1416 = DIRECTION ( 'NONE',  ( -0.000000000000000000, -1.000000000000000000, 0.000000000000000000 ) ) ;
#1417 = CARTESIAN_POINT ( 'NONE',  ( 1.740521325999999869, 0.8000000000000000444, 1.446634335999999799 ) ) ;
#1418 = EDGE_CURVE ( 'NONE', #4426, #10084, #8000, .T. ) ;
#1419 = PLANE ( 'NONE',  #7011 ) ;
#1420 = ORIENTED_EDGE ( 'NONE', *, *, #189, .F. ) ;
#1421 = CARTESIAN_POINT ( 'NONE',  ( -2.293438055000000197, 0.7007647740000000347, 0.9950587360000001658 ) ) ;
#1422 = CARTESIAN_POINT ( 'NONE',  ( -2.330200933052082757, 0.6859313265266117066, 0.9407241999492249596 ) ) ;
#1423 = AXIS2_PLACEMENT_3D ( 'NONE', #143, #2342, #5816 ) ;
#1424 = DIRECTION ( 'NONE',  ( 0.000000000000000000, 0.000000000000000000, 1.000000000000000000 ) ) ;
#1425 = CARTESIAN_POINT ( 'NONE',  ( 2.337572942026290956, 0.6778193806641219510, -0.9260349536387546543 ) ) ;
#1426 = B_SPLINE_CURVE_WITH_KNOTS ( 'NONE', 3,
 ( #1483, #8127, #609, #8887 ),
 .UNSPECIFIED., .F., .F.,
 ( 4, 4 ),
 ( 0.000000000000000000, 1.000000000000000000 ),
 .UNSPECIFIED. ) ;
#1427 = CARTESIAN_POINT ( 'NONE',  ( 0.1499999799260016142, 0.1703640003201034592, 2.432757682951463440 ) ) ;
#1428 = PRESENTATION_LAYER_ASSIGNMENT (  '', '', ( #6178 ) ) ;
#1429 = LINE ( 'NONE', #3943, #4566 ) ;
#1430 = ORIENTED_EDGE ( 'NONE', *, *, #6888, .T. ) ;
#1431 = CARTESIAN_POINT ( 'NONE',  ( 1.120887244475200273, 1.200000061448399657, 1.552842294148199853 ) ) ;
#1432 = CARTESIAN_POINT ( 'NONE',  ( 0.7250000000000000888, 0.02000000000000000389, -0.5000000000000000000 ) ) ;
#1433 = DIRECTION ( 'NONE',  ( 0.000000000000000000, 0.000000000000000000, -1.000000000000000000 ) ) ;
#1434 = ORIENTED_EDGE ( 'NONE', *, *, #9816, .F. ) ;
#1435 = CARTESIAN_POINT ( 'NONE',  ( 0.1500883671449624868, 0.2165680456957626288, 2.344070939662265651 ) ) ;
#1436 = LINE ( 'NONE', #4784, #8148 ) ;
#1437 = ORIENTED_EDGE ( 'NONE', *, *, #1727, .F. ) ;
#1438 = CARTESIAN_POINT ( 'NONE',  ( 0.6000000003631944523, 0.6500000000000002442, -2.450000000000000178 ) ) ;
#1439 = CARTESIAN_POINT ( 'NONE',  ( -1.059643952999999916, 1.129079423000000082, 1.747719052999999745 ) ) ;
#1440 = CARTESIAN_POINT ( 'NONE',  ( -0.9512023738228807535, 0.6907181946030256370, 2.324020987985059961 ) ) ;
#1441 = AXIS2_PLACEMENT_3D ( 'NONE', #9270, #10146, #4446 ) ;
#1442 = EDGE_CURVE ( 'NONE', #8650, #10232, #6362, .T. ) ;
#1443 = EDGE_CURVE ( 'NONE', #8246, #10132, #537, .T. ) ;
#1444 = DIRECTION ( 'NONE',  ( -1.000000000000000000, 0.000000000000000000, -0.000000000000000000 ) ) ;
#1445 = CARTESIAN_POINT ( 'NONE',  ( 0.9297089398277240679, 0.6799899665129188753, 2.335894917462683740 ) ) ;
#1446 = DIRECTION ( 'NONE',  ( -0.000000000000000000, 1.000000000000000000, 0.000000000000000000 ) ) ;
#1447 = ORIENTED_EDGE ( 'NONE', *, *, #4777, .F. ) ;
#1448 = CARTESIAN_POINT ( 'NONE',  ( 1.572754468000000072, 1.172417772000000191, -1.267648341999999761 ) ) ;
#1449 = CARTESIAN_POINT ( 'NONE',  ( 1.720628604589197419, 0.8239825754409018099, -1.430091556526476460 ) ) ;
#1450 = ORIENTED_EDGE ( 'NONE', *, *, #454, .T. ) ;
#1451 = ORIENTED_EDGE ( 'NONE', *, *, #4014, .T. ) ;
#1452 = CARTESIAN_POINT ( 'NONE',  ( -0.9268673173422101730, 0.6500000000683978651, 2.299999999912395676 ) ) ;
#1453 = CARTESIAN_POINT ( 'NONE',  ( -1.490638049000000853, 1.027071126000000056, -1.490638049000000853 ) ) ;
#1454 = CARTESIAN_POINT ( 'NONE',  ( 1.105244309547762205, 0.8262808730321592465, -1.940570127255320410 ) ) ;
#1455 = ADVANCED_FACE ( 'NONE', ( #4707 ), #3879, .T. ) ;
#1456 = CARTESIAN_POINT ( 'NONE',  ( -1.770318207498000618, 0.8000000000000000444, 1.490917063283995425 ) ) ;
#1457 = LINE ( 'NONE', #3263, #489 ) ;
#1458 = VERTEX_POINT ( 'NONE', #10576 ) ;
#1459 = ORIENTED_EDGE ( 'NONE', *, *, #10749, .F. ) ;
#1460 = ORIENTED_EDGE ( 'NONE', *, *, #3679, .F. ) ;
#1461 = CARTESIAN_POINT ( 'NONE',  ( -0.7250000000000000888, 0.000000000000000000, -2.299999999999999822 ) ) ;
#1462 = DIRECTION ( 'NONE',  ( -0.000000000000000000, -1.000000000000000000, -0.000000000000000000 ) ) ;
#1463 = CARTESIAN_POINT ( 'NONE',  ( 1.711880366105000162, 1.200000041409999829, -0.8583579737640001373 ) ) ;
#1464 = DIRECTION ( 'NONE',  ( 1.000000000000000000, 0.000000000000000000, -0.000000000000000000 ) ) ;
#1465 = CARTESIAN_POINT ( 'NONE',  ( -1.080333852544629991, 1.199999999999960876, 1.583922346801160508 ) ) ;
#1466 = EDGE_CURVE ( 'NONE', #4554, #10847, #6627, .T. ) ;
#1467 = CARTESIAN_POINT ( 'NONE',  ( 0.7250000000000000888, 0.1799999999999999933, 0.5000000000000000000 ) ) ;
#1468 = DIRECTION ( 'NONE',  ( -0.000000000000000000, -0.000000000000000000, -1.000000000000000000 ) ) ;
#1469 = CARTESIAN_POINT ( 'NONE',  ( 1.266123509470946207, 0.8236883946824420377, 1.844727405097707829 ) ) ;
#1470 = CARTESIAN_POINT ( 'NONE',  ( 0.3785398163525640070, 0.09018804799999999289, 1.620188048004026715 ) ) ;
#1471 = ORIENTED_EDGE ( 'NONE', *, *, #3135, .T. ) ;
#1472 = DIRECTION ( 'NONE',  ( -1.000000000000000000, 0.000000000000000000, -0.000000000000000000 ) ) ;
#1473 = CARTESIAN_POINT ( 'NONE',  ( -2.320767474469239033, 0.6927294755004218541, 0.9563417237079668842 ) ) ;
#1474 = CARTESIAN_POINT ( 'NONE',  ( 2.349999999999999645, 0.04999999999999998890, -0.1999999999999999001 ) ) ;
#1475 = CARTESIAN_POINT ( 'NONE',  ( 2.326485266164981081, 0.6889698924070248864, -0.9471510260913648116 ) ) ;
#1476 = CARTESIAN_POINT ( 'NONE',  ( 1.094268049000000076, 0.8089859230000000512, 1.959567736000000338 ) ) ;
#1477 = CARTESIAN_POINT ( 'NONE',  ( 0.1495516660000000275, 0.1901880479999996931, 2.302849076999999411 ) ) ;
#1478 = EDGE_CURVE ( 'NONE', #7518, #9856, #4766, .T. ) ;
#1479 = LINE ( 'NONE', #10748, #4917 ) ;
#1480 = ORIENTED_EDGE ( 'NONE', *, *, #9623, .F. ) ;
#1481 = CARTESIAN_POINT ( 'NONE',  ( 1.080068818272800213, 1.200000020502999698, 1.583483395442000008 ) ) ;
#1482 = CARTESIAN_POINT ( 'NONE',  ( -0.1493274900864204058, 0.1901880480000000817, -2.300000000054986948 ) ) ;
#1483 = CARTESIAN_POINT ( 'NONE',  ( -0.1499999953363487792, 0.2169134136929293799, -2.344252586433610119 ) ) ;
#1484 = ORIENTED_EDGE ( 'NONE', *, *, #320, .T. ) ;
#1485 = CARTESIAN_POINT ( 'NONE',  ( 0.1463463590000000369, 0.2159216230000000070, 2.450166666999999965 ) ) ;
#1486 = CARTESIAN_POINT ( 'NONE',  ( -1.816675823000000189, 0.8000000000000000444, 1.373794232999999698 ) ) ;
#1487 = EDGE_LOOP ( 'NONE', ( #7227, #1007, #412, #2111 ) ) ;
#1488 = CARTESIAN_POINT ( 'NONE',  ( 0.3785398163517667003, 0.3500000000037769010, -2.450000000000000178 ) ) ;
#1489 = VECTOR ( 'NONE', #5598, 1000.000000000000000 ) ;
#1490 = CARTESIAN_POINT ( 'NONE',  ( -0.9392343504612000737, 1.127008288028900296, 1.816539900991800849 ) ) ;
#1491 = CARTESIAN_POINT ( 'NONE',  ( -0.9126213254734187874, 0.6693213933252754044, 2.342787187596258480 ) ) ;
#1492 = B_SPLINE_CURVE_WITH_KNOTS ( 'NONE', 3,
 ( #224, #3555, #166, #5042 ),
 .UNSPECIFIED., .F., .F.,
 ( 4, 4 ),
 ( 1.533820882542997398E-14, 4.862080542739661713E-05 ),
 .UNSPECIFIED. ) ;
#1493 = AXIS2_PLACEMENT_3D ( 'NONE', #7643, #2649, #2485 ) ;
#1494 = CARTESIAN_POINT ( 'NONE',  ( -1.542926899374457594, 0.6500000000000001332, -1.967073100621001824 ) ) ;
#1495 = CARTESIAN_POINT ( 'NONE',  ( 0.9223606489958328103, 0.6755829328292951574, 2.339156249707192270 ) ) ;
#1496 = DIRECTION ( 'NONE',  ( 0.000000000000000000, 1.000000000000000000, -0.000000000000000000 ) ) ;
#1497 = ORIENTED_EDGE ( 'NONE', *, *, #8020, .F. ) ;
#1498 = CARTESIAN_POINT ( 'NONE',  ( 1.036235434000000177, 1.129023722999999979, -1.761892442999999808 ) ) ;
#1499 = CARTESIAN_POINT ( 'NONE',  ( 1.951748821000000245, 0.8230413210000000479, -1.089814564000000097 ) ) ;
#1500 = CARTESIAN_POINT ( 'NONE',  ( -2.349999999999999645, 0.3499999998666666889, 1.250000000000000000 ) ) ;
#1501 = EDGE_CURVE ( 'NONE', #10010, #4806, #7445, .T. ) ;
#1502 = ORIENTED_EDGE ( 'NONE', *, *, #5543, .F. ) ;
#1503 = ORIENTED_EDGE ( 'NONE', *, *, #2718, .T. ) ;
#1504 = CARTESIAN_POINT ( 'NONE',  ( -1.776101970887999926, 1.128090802918400248, 1.012745836585000392 ) ) ;
#1505 = CARTESIAN_POINT ( 'NONE',  ( -1.967073100604383562, 0.6500000000000001332, 1.542926899405831165 ) ) ;
#1506 = LINE ( 'NONE', #3148, #4690 ) ;
#1507 = DIRECTION ( 'NONE',  ( -0.000000000000000000, 1.000000000000000000, -0.000000000000000000 ) ) ;
#1508 = CARTESIAN_POINT ( 'NONE',  ( 2.298438055000000091, 0.6450000000000001288, -0.8785042870000000503 ) ) ;
#1509 = ORIENTED_EDGE ( 'NONE', *, *, #3621, .F. ) ;
#1510 = EDGE_CURVE ( 'NONE', #8205, #9864, #5703, .T. ) ;
#1511 = VERTEX_POINT ( 'NONE', #4815 ) ;
#1512 = EDGE_CURVE ( 'NONE', #9477, #9940, #3107, .T. ) ;
#1513 = VERTEX_POINT ( 'NONE', #10736 ) ;
#1514 = FACE_OUTER_BOUND ( 'NONE', #8689, .T. ) ;
#1515 = CARTESIAN_POINT ( 'NONE',  ( 1.802602557559999985, 1.127969293879999668, -0.9646910371000003703 ) ) ;
#1516 = CYLINDRICAL_SURFACE ( 'NONE', #3463, 2.174999999999999822 ) ;
#1517 = CARTESIAN_POINT ( 'NONE',  ( 0.000000000000000000, 0.000000000000000000, 0.000000000000000000 ) ) ;
#1518 = CARTESIAN_POINT ( 'NONE',  ( -1.638602143830335311, 1.199999999999960876, 0.9937765075013255123 ) ) ;
#1519 = CARTESIAN_POINT ( 'NONE',  ( 0.9068524435173681564, 0.6658585617605866647, -2.345389112795027042 ) ) ;
#1520 = CARTESIAN_POINT ( 'NONE',  ( -1.399999999999999911, 0.8000000000000000444, -2.399999999999999911 ) ) ;
#1521 = CARTESIAN_POINT ( 'NONE',  ( 1.580445058183199247, 0.8238429298368775688, 1.580461085649256026 ) ) ;
#1522 = CARTESIAN_POINT ( 'NONE',  ( 1.035724132999999769, 0.9249010410000000348, -1.907778954000000082 ) ) ;
#1523 = EDGE_LOOP ( 'NONE', ( #6884, #4756, #3111, #1956 ) ) ;
#1524 = CARTESIAN_POINT ( 'NONE',  ( -2.323310238000000361, 0.7005098490000000178, 0.9551183869999999576 ) ) ;
#1525 = EDGE_CURVE ( 'NONE', #9398, #10847, #7340, .T. ) ;
#1526 = CARTESIAN_POINT ( 'NONE',  ( -2.309526112558196509, 0.6975944332035648454, 0.9729208970779130716 ) ) ;
#1527 = CARTESIAN_POINT ( 'NONE',  ( 0.9268673180809142709, 0.6500000001207070222, -2.299999999845024679 ) ) ;
#1528 = CARTESIAN_POINT ( 'NONE',  ( 2.321360796071499255, 0.6923897454974257126, -0.9554221317681698133 ) ) ;
#1529 = AXIS2_PLACEMENT_3D ( 'NONE', #8944, #1433, #2304 ) ;
#1530 = CARTESIAN_POINT ( 'NONE',  ( -1.377727649040776087E-17, 0.1901880480000001095, 2.164188047999999753 ) ) ;
#1531 = DIRECTION ( 'NONE',  ( 0.000000000000000000, 0.000000000000000000, -1.000000000000000000 ) ) ;
#1532 = FACE_OUTER_BOUND ( 'NONE', #10564, .T. ) ;
#1533 = ORIENTED_EDGE ( 'NONE', *, *, #4443, .F. ) ;
#1534 = CARTESIAN_POINT ( 'NONE',  ( 1.503095656000000169, 1.172453096000000139, 1.349614607000000133 ) ) ;
#1535 = CARTESIAN_POINT ( 'NONE',  ( -1.907295357999999830, 0.8092662699999999543, -1.185090777999999956 ) ) ;
#1536 = CARTESIAN_POINT ( 'NONE',  ( -1.400000000118518217, 0.7000000000000000666, -2.399999999999999911 ) ) ;
#1537 = ORIENTED_EDGE ( 'NONE', *, *, #1794, .T. ) ;
#1538 = AXIS2_PLACEMENT_3D ( 'NONE', #4588, #10346, #9414 ) ;
#1539 = CARTESIAN_POINT ( 'NONE',  ( 0.1463462860000000476, 0.2321085410000000016, 2.349999999999999645 ) ) ;
#1540 = CARTESIAN_POINT ( 'NONE',  ( -1.660077378000000214, 0.8091943630000000276, 1.513775648999999834 ) ) ;
#1541 = EDGE_CURVE ( 'NONE', #9702, #8183, #4042, .T. ) ;
#1542 = CARTESIAN_POINT ( 'NONE',  ( 1.347111479062088503E-16, 1.399999999999999911, 1.100000000000000089 ) ) ;
#1543 = DIRECTION ( 'NONE',  ( -0.000000000000000000, -0.000000000000000000, 1.000000000000000000 ) ) ;
#1544 = FACE_BOUND ( 'NONE', #8048, .T. ) ;
#1545 = CARTESIAN_POINT ( 'NONE',  ( -0.9594783454502660014, 0.6938596351235782889, 2.318728375415779919 ) ) ;
#1546 = CIRCLE ( 'NONE', #6111, 0.04999999999999969746 ) ;
#1547 = DIRECTION ( 'NONE',  ( 0.000000000000000000, 0.3322574923113522649, 0.9431887185515800409 ) ) ;
#1548 = CARTESIAN_POINT ( 'NONE',  ( 1.430453183739660128, 1.129588028102787023, -1.460071108889689828 ) ) ;
#1549 = ORIENTED_EDGE ( 'NONE', *, *, #382, .T. ) ;
#1550 = CARTESIAN_POINT ( 'NONE',  ( 0.9490286458163998962, 1.200000041228199921, -1.663813812669800107 ) ) ;
#1551 = CARTESIAN_POINT ( 'NONE',  ( 1.844638738146561652, 0.8238588375236630679, -1.266062733206419821 ) ) ;
#1552 = EDGE_CURVE ( 'NONE', #7304, #1947, #7234, .T. ) ;
#1553 = AXIS2_PLACEMENT_3D ( 'NONE', #5490, #5540, #7347 ) ;
#1554 = CARTESIAN_POINT ( 'NONE',  ( 2.449999999999999734, 0.3499999999416667507, -1.250000000000000000 ) ) ;
#1555 = CARTESIAN_POINT ( 'NONE',  ( -1.553696685530000732, 1.200000020279999857, -1.121460721009999828 ) ) ;
#1556 = ORIENTED_EDGE ( 'NONE', *, *, #550, .T. ) ;
#1557 = VERTEX_POINT ( 'NONE', #8271 ) ;
#1558 = CARTESIAN_POINT ( 'NONE',  ( -1.493661030840000015, 1.200000040459999751, 1.204003138959999886 ) ) ;
#1559 = LINE ( 'NONE', #3805, #8085 ) ;
#1560 = FACE_OUTER_BOUND ( 'NONE', #6596, .T. ) ;
#1561 = VECTOR ( 'NONE', #3794, 1000.000000000000000 ) ;
#1562 = CARTESIAN_POINT ( 'NONE',  ( 0.000000000000000000, 0.2000000000000000111, 2.349999999999999645 ) ) ;
#1563 = ORIENTED_EDGE ( 'NONE', *, *, #3485, .F. ) ;
#1564 = DIRECTION ( 'NONE',  ( 0.000000000000000000, -1.000000000000000000, 0.000000000000000000 ) ) ;
#1565 = ORIENTED_EDGE ( 'NONE', *, *, #3207, .F. ) ;
#1566 = ORIENTED_EDGE ( 'NONE', *, *, #3964, .F. ) ;
#1567 = VERTEX_POINT ( 'NONE', #7395 ) ;
#1568 = DIRECTION ( 'NONE',  ( 1.000000000000000000, -0.000000000000000000, 0.000000000000000000 ) ) ;
#1569 = CIRCLE ( 'NONE', #6141, 0.2000000000000000944 ) ;
#1570 = DIRECTION ( 'NONE',  ( 0.000000000000000000, 1.000000000000000000, 0.000000000000000000 ) ) ;
#1571 = CARTESIAN_POINT ( 'NONE',  ( -0.9223949678626668369, 1.128615992765403364, 1.823793474728486519 ) ) ;
#1572 = EDGE_CURVE ( 'NONE', #3394, #2677, #1574, .T. ) ;
#1573 = EDGE_CURVE ( 'NONE', #9353, #5309, #6039, .T. ) ;
#1574 = LINE ( 'NONE', #8112, #1672 ) ;
#1575 = DIRECTION ( 'NONE',  ( 1.000000000000000000, 0.000000000000000000, 0.000000000000000000 ) ) ;
#1576 = AXIS2_PLACEMENT_3D ( 'NONE', #3058, #1308, #6417 ) ;
#1577 = CARTESIAN_POINT ( 'NONE',  ( 1.598648909000000229, 0.8000000000000000444, 1.598665121000000688 ) ) ;
#1578 = CARTESIAN_POINT ( 'NONE',  ( 1.725236886999999664, 0.8210983760000001297, -1.438095122000000003 ) ) ;
#1579 = B_SPLINE_CURVE_WITH_KNOTS ( 'NONE', 3,
 ( #5144, #5089, #8437, #157, #6082, #5977, #1897, #5868, #6789, #9196, #5251, #925, #2615, #4262, #1798, #4536, #2832, #7112 ),
 .UNSPECIFIED., .F., .F.,
 ( 4, 1, 1, 2, 2, 2, 1, 1, 2, 2, 4 ),
 ( 0.5000000000000000000, 0.5625000000000000000, 0.5937500000000000000, 0.6093750000000000000, 0.6250000000000000000, 0.7500000000000002220, 0.8125000000000002220, 0.8437500000000002220, 0.8593750000000002220, 0.8750000000000002220, 1.000000000000000000 ),
 .UNSPECIFIED. ) ;
#1580 = ORIENTED_EDGE ( 'NONE', *, *, #2440, .T. ) ;
#1581 = DIRECTION ( 'NONE',  ( -0.000000000000000000, 1.000000000000000000, -0.000000000000000000 ) ) ;
#1582 = CARTESIAN_POINT ( 'NONE',  ( -2.302920076438829788, 0.6991807433901581215, 0.9821480501929246154 ) ) ;
#1583 = DIRECTION ( 'NONE',  ( 0.000000000000000000, 0.000000000000000000, -1.000000000000000000 ) ) ;
#1584 = CARTESIAN_POINT ( 'NONE',  ( 2.343480734472038307, 0.6678297009863303213, -0.9104022869961228004 ) ) ;
#1585 = AXIS2_PLACEMENT_3D ( 'NONE', #5425, #2176, #7126 ) ;
#1586 = CARTESIAN_POINT ( 'NONE',  ( 0.1493274900522030546, 0.1901880480000001927, 2.300000000050924420 ) ) ;
#1587 = CARTESIAN_POINT ( 'NONE',  ( 0.1463441034626321857, 0.2159783786719509657, 2.449999999997517275 ) ) ;
#1588 = EDGE_CURVE ( 'NONE', #7377, #4647, #10747, .T. ) ;
#1589 = LINE ( 'NONE', #4000, #3684 ) ;
#1590 = ORIENTED_EDGE ( 'NONE', *, *, #2042, .T. ) ;
#1591 = CARTESIAN_POINT ( 'NONE',  ( 1.428323517999999792, 1.199999999999999956, 1.282535790999999925 ) ) ;
#1592 = CARTESIAN_POINT ( 'NONE',  ( -1.653368040686668872, 0.8236714934304225633, -1.507690373693607366 ) ) ;
#1593 = AXIS2_PLACEMENT_3D ( 'NONE', #335, #10370, #7029 ) ;
#1594 = CARTESIAN_POINT ( 'NONE',  ( 2.293438054959683114, 0.6500000000000001332, 0.9950587360666378611 ) ) ;
#1595 = ORIENTED_EDGE ( 'NONE', *, *, #2159, .F. ) ;
#1596 = VECTOR ( 'NONE', #4358, 1000.000000000000000 ) ;
#1597 = CARTESIAN_POINT ( 'NONE',  ( 0.1445161610000000318, 0.2401880480000000151, 2.450166666999999965 ) ) ;
#1598 = CARTESIAN_POINT ( 'NONE',  ( -2.333432437777028134, 0.6827771674528761991, -0.9346845291785997878 ) ) ;
#1599 = ORIENTED_EDGE ( 'NONE', *, *, #10155, .F. ) ;
#1600 = CARTESIAN_POINT ( 'NONE',  ( -0.6000000000000000888, 0.8000000000000000444, -1.920188048000000203 ) ) ;
#1601 = CARTESIAN_POINT ( 'NONE',  ( -0.9836713795055780363, 0.6500000000000000222, -2.294205388129074930 ) ) ;
#1602 = CARTESIAN_POINT ( 'NONE',  ( -0.9172212990129051668, 0.6723294192597955021, 2.341167530620348103 ) ) ;
#1603 = AXIS2_PLACEMENT_3D ( 'NONE', #1764, #1868, #10265 ) ;
#1604 = EDGE_CURVE ( 'NONE', #8972, #1024, #2880, .T. ) ;
#1605 = DIRECTION ( 'NONE',  ( 1.243449787580175325E-14, 0.000000000000000000, 1.000000000000000000 ) ) ;
#1606 = CARTESIAN_POINT ( 'NONE',  ( 1.342014859562933093, 1.129533588797646981, -1.541733065970013472 ) ) ;
#1607 = PLANE ( 'NONE',  #3804 ) ;
#1608 = ORIENTED_EDGE ( 'NONE', *, *, #6683, .F. ) ;
#1609 = CARTESIAN_POINT ( 'NONE',  ( 1.121756681999999783, 1.199999999999999956, -1.554107880000000108 ) ) ;
#1610 = LINE ( 'NONE', #6824, #5343 ) ;
#1611 = AXIS2_PLACEMENT_3D ( 'NONE', #1971, #7844, #6158 ) ;
#1612 = CARTESIAN_POINT ( 'NONE',  ( 0.1495516660000000275, 0.09018804800000002064, 2.308547231000000366 ) ) ;
#1613 = CARTESIAN_POINT ( 'NONE',  ( -1.582664205820000003, 1.200000060899999887, -1.079478567840000069 ) ) ;
#1614 = VERTEX_POINT ( 'NONE', #5921 ) ;
#1615 = ORIENTED_EDGE ( 'NONE', *, *, #1188, .T. ) ;
#1616 = CARTESIAN_POINT ( 'NONE',  ( -1.595207103000000126, 1.199997972000000024, 1.151380844000000181 ) ) ;
#1617 = FACE_OUTER_BOUND ( 'NONE', #9573, .T. ) ;
#1618 = CARTESIAN_POINT ( 'NONE',  ( 0.9177338649999999820, 0.6566122890000000156, 2.315104722000000059 ) ) ;
#1619 = EDGE_CURVE ( 'NONE', #7054, #2845, #4342, .T. ) ;
#1620 = FACE_OUTER_BOUND ( 'NONE', #1405, .T. ) ;
#1621 = EDGE_LOOP ( 'NONE', ( #721, #10121, #6812, #6665, #9359 ) ) ;
#1622 = CARTESIAN_POINT ( 'NONE',  ( 2.293438055000000197, 0.7000000000000000666, -0.9950587360000001658 ) ) ;
#1623 = ORIENTED_EDGE ( 'NONE', *, *, #4743, .F. ) ;
#1624 = ORIENTED_EDGE ( 'NONE', *, *, #4125, .F. ) ;
#1625 = ORIENTED_EDGE ( 'NONE', *, *, #894, .F. ) ;
#1626 = LINE ( 'NONE', #4093, #2999 ) ;
#1627 = CARTESIAN_POINT ( 'NONE',  ( -0.7250000001195313626, 0.02000000000000000389, -1.750000000002083445 ) ) ;
#1628 = CARTESIAN_POINT ( 'NONE',  ( 2.299999999870182776, 0.6500000000998237271, -0.9268673177954588338 ) ) ;
#1629 = CARTESIAN_POINT ( 'NONE',  ( -1.727535974005944608, 1.129266793027292382, 1.110672948577341890 ) ) ;
#1630 = CARTESIAN_POINT ( 'NONE',  ( 0.9389988475884242236, 0.6850452493669781928, -2.331139222132294631 ) ) ;
#1631 = CARTESIAN_POINT ( 'NONE',  ( 1.657827181560000085, 1.128499999579999802, -1.196453904000000401 ) ) ;
#1632 = CARTESIAN_POINT ( 'NONE',  ( 1.216790138999999993, 0.9241006170000001241, -1.809836065999999910 ) ) ;
#1633 = ORIENTED_EDGE ( 'NONE', *, *, #7897, .T. ) ;
#1634 = CARTESIAN_POINT ( 'NONE',  ( -0.9157986500000006025, 1.128708229999999979, -1.827066614999999672 ) ) ;
#1635 = ORIENTED_EDGE ( 'NONE', *, *, #8979, .T. ) ;
#1636 = CARTESIAN_POINT ( 'NONE',  ( 1.400000000118518217, 0.7000000000000000666, -2.399999999999999911 ) ) ;
#1637 = EDGE_CURVE ( 'NONE', #4457, #1387, #1579, .T. ) ;
#1638 = CARTESIAN_POINT ( 'NONE',  ( 2.348199301087103397, 0.6501641823928090425, -0.8855008614428589997 ) ) ;
#1639 = CARTESIAN_POINT ( 'NONE',  ( 1.543715557137987249, 0.6500000000000001332, -1.532177300005005627 ) ) ;
#1640 = CARTESIAN_POINT ( 'NONE',  ( -1.446897561000000110, 0.6500000000000001332, 1.446897561000000110 ) ) ;
#1641 = FACE_OUTER_BOUND ( 'NONE', #2333, .T. ) ;
#1642 = ORIENTED_EDGE ( 'NONE', *, *, #4507, .T. ) ;
#1643 = CARTESIAN_POINT ( 'NONE',  ( 1.196140711000000190, 1.129359784999999894, 1.657392062000000665 ) ) ;
#1644 = CARTESIAN_POINT ( 'NONE',  ( -1.507745866999999906, 0.8235000510000000107, -1.653462599999999894 ) ) ;
#1645 = CARTESIAN_POINT ( 'NONE',  ( -0.9108179583999116424, 0.6477454905977760857, -2.300000000000000266 ) ) ;
#1646 = ORIENTED_EDGE ( 'NONE', *, *, #8152, .T. ) ;
#1647 = CARTESIAN_POINT ( 'NONE',  ( 0.1500000000000000222, 0.1702862780000000131, 2.432905117999999423 ) ) ;
#1648 = CARTESIAN_POINT ( 'NONE',  ( -2.335980953873473709, 0.6798642697395556045, -0.9295060538571316977 ) ) ;
#1649 = CARTESIAN_POINT ( 'NONE',  ( -0.1499999999252776273, 0.1298434183715812262, -2.411445747624032965 ) ) ;
#1650 = ORIENTED_EDGE ( 'NONE', *, *, #7958, .F. ) ;
#1651 = DIRECTION ( 'NONE',  ( 0.000000000000000000, -1.000000000000000000, 0.000000000000000000 ) ) ;
#1652 = EDGE_CURVE ( 'NONE', #8049, #5739, #4981, .T. ) ;
#1653 = EDGE_CURVE ( 'NONE', #6129, #2406, #3705, .T. ) ;
#1654 = CARTESIAN_POINT ( 'NONE',  ( 0.3000000000000000444, 0.02000000000000000389, -0.5000000000000000000 ) ) ;
#1655 = CARTESIAN_POINT ( 'NONE',  ( 0.9892130737005210284, 1.012578678178402081, -1.870278977369992823 ) ) ;
#1656 = B_SPLINE_CURVE_WITH_KNOTS ( 'NONE', 3,
 ( #7689, #2529, #10094, #9167, #5890, #4285, #1763, #8458, #1708, #946, #5999, #10209 ),
 .UNSPECIFIED., .F., .F.,
 ( 4, 2, 2, 2, 2, 4 ),
 ( 0.000000000000000000, 0.2500000000000003331, 0.3750000000000004441, 0.4375000000000004996, 0.5000000000000005551, 1.000000000000000000 ),
 .UNSPECIFIED. ) ;
#1657 = LINE ( 'NONE', #6600, #9999 ) ;
#1658 = CARTESIAN_POINT ( 'NONE',  ( 1.440988925071793325, 1.129588098492606107, -1.449663596445814218 ) ) ;
#1659 = DIRECTION ( 'NONE',  ( 0.000000000000000000, 0.000000000000000000, 1.000000000000000000 ) ) ;
#1660 = ORIENTED_EDGE ( 'NONE', *, *, #4392, .F. ) ;
#1661 = CARTESIAN_POINT ( 'NONE',  ( 1.121457761400099784, 1.200000020482799856, -1.553692573585299996 ) ) ;
#1662 = CIRCLE ( 'NONE', #5541, 2.500000000000000444 ) ;
#1663 = DIRECTION ( 'NONE',  ( 0.000000000000000000, -0.000000000000000000, -1.000000000000000000 ) ) ;
#1664 = CARTESIAN_POINT ( 'NONE',  ( -0.9434783472562864315, 0.6872679118407497567, -2.328635982847826469 ) ) ;
#1665 = CARTESIAN_POINT ( 'NONE',  ( -1.775629646999999478, 1.128963546999999901, -1.012483102000000024 ) ) ;
#1666 = VERTEX_POINT ( 'NONE', #10400 ) ;
#1667 = ORIENTED_EDGE ( 'NONE', *, *, #8564, .F. ) ;
#1668 = EDGE_CURVE ( 'NONE', #4982, #10276, #8699, .T. ) ;
#1669 = CARTESIAN_POINT ( 'NONE',  ( -1.650544829600000041, 1.200000061169999910, 0.9710478372800003255 ) ) ;
#1670 = CARTESIAN_POINT ( 'NONE',  ( 0.1500470647782431444, 0.09267951380154516861, 2.327284658281578267 ) ) ;
#1671 = CARTESIAN_POINT ( 'NONE',  ( -0.9551130330000000557, 0.7007647740000000347, 2.323447782000000128 ) ) ;
#1672 = VECTOR ( 'NONE', #2341, 1000.000000000000000 ) ;
#1673 = CARTESIAN_POINT ( 'NONE',  ( -1.750000000000000000, 0.6400000000000001243, 1.450000000000000400 ) ) ;
#1674 = VERTEX_POINT ( 'NONE', #7935 ) ;
#1675 = CARTESIAN_POINT ( 'NONE',  ( -2.342895043327139160, 0.6690625498650459857, 0.9122434588416525880 ) ) ;
#1676 = VERTEX_POINT ( 'NONE', #7826 ) ;
#1677 = VECTOR ( 'NONE', #799, 1000.000000000000000 ) ;
#1678 = ORIENTED_EDGE ( 'NONE', *, *, #10568, .T. ) ;
#1679 = ORIENTED_EDGE ( 'NONE', *, *, #6352, .T. ) ;
#1680 = ADVANCED_FACE ( 'NONE', ( #10293 ), #2161, .T. ) ;
#1681 = CARTESIAN_POINT ( 'NONE',  ( 2.100000000000000089, 0.4000000000000000222, -2.405681128000001667 ) ) ;
#1682 = CARTESIAN_POINT ( 'NONE',  ( 0.3000000000000000444, 0.1800000000000000211, -0.8500000000000000888 ) ) ;
#1683 = CARTESIAN_POINT ( 'NONE',  ( -1.600166172313445934, 1.129584030462952304, 1.290504948768255833 ) ) ;
#1684 = CIRCLE ( 'NONE', #4468, 0.3000000000000001554 ) ;
#1685 = CARTESIAN_POINT ( 'NONE',  ( 0.9554063114133072299, 0.6923833043090650285, -2.321370761224256896 ) ) ;
#1686 = CARTESIAN_POINT ( 'NONE',  ( 1.719586534259999855, 1.128760050789999969, -1.106623667849999881 ) ) ;
#1687 = ORIENTED_EDGE ( 'NONE', *, *, #4954, .T. ) ;
#1688 = CARTESIAN_POINT ( 'NONE',  ( -1.012879211377499811, 1.127654436377600211, -1.776337002331999981 ) ) ;
#1689 = VERTEX_POINT ( 'NONE', #3807 ) ;
#1690 = EDGE_CURVE ( 'NONE', #6444, #6045, #2053, .T. ) ;
#1691 = DIRECTION ( 'NONE',  ( 1.000000000000000000, -0.000000000000000000, 0.000000000000000000 ) ) ;
#1692 = DIRECTION ( 'NONE',  ( 0.000000000000000000, -1.000000000000000000, 0.000000000000000000 ) ) ;
#1693 = LINE ( 'NONE', #7569, #5095 ) ;
#1694 = CARTESIAN_POINT ( 'NONE',  ( -0.1500441853348749854, 0.1696114557147773150, -2.432926819989575939 ) ) ;
#1695 = CARTESIAN_POINT ( 'NONE',  ( 2.336992597197833810, 0.6785927368568205331, 0.9273303177480435311 ) ) ;
#1696 = CARTESIAN_POINT ( 'NONE',  ( -2.175000000024999824, 0.7000000000000000666, -2.399999999999999911 ) ) ;
#1697 = EDGE_CURVE ( 'NONE', #8608, #8916, #3769, .T. ) ;
#1698 = ORIENTED_EDGE ( 'NONE', *, *, #4234, .T. ) ;
#1699 = CARTESIAN_POINT ( 'NONE',  ( 1.637290672834299743, 1.200000061721100186, 0.9929722054618995708 ) ) ;
#1700 = CARTESIAN_POINT ( 'NONE',  ( -1.844644620247767097, 0.8238588324517596151, -1.266055204320924998 ) ) ;
#1701 = DIRECTION ( 'NONE',  ( -1.000000000000000000, 0.000000000000000000, 0.000000000000000000 ) ) ;
#1702 = EDGE_LOOP ( 'NONE', ( #6905, #517, #3548, #9078, #2382 ) ) ;
#1703 = DIRECTION ( 'NONE',  ( 0.000000000000000000, 0.000000000000000000, 1.000000000000000000 ) ) ;
#1704 = CARTESIAN_POINT ( 'NONE',  ( -2.321370761213761291, 0.6923833043152521904, -0.9554063114296851289 ) ) ;
#1705 = CARTESIAN_POINT ( 'NONE',  ( -0.3000000000000000444, 0.02000000000000000389, -0.5000000000000000000 ) ) ;
#1706 = ORIENTED_EDGE ( 'NONE', *, *, #6189, .T. ) ;
#1707 = CIRCLE ( 'NONE', #1016, 2.500000000000000000 ) ;
#1708 = CARTESIAN_POINT ( 'NONE',  ( 1.598608652020589993, 0.8236258435255442434, -1.562489371276998051 ) ) ;
#1709 = CARTESIAN_POINT ( 'NONE',  ( -0.9159189326928001140, 1.128270466972900010, 1.827308195644899991 ) ) ;
#1710 = CARTESIAN_POINT ( 'NONE',  ( -0.9797575372197452337, 0.6988618810100230005, 2.304651697810366606 ) ) ;
#1711 = AXIS2_PLACEMENT_3D ( 'NONE', #1952, #5306, #7825 ) ;
#1712 = EDGE_CURVE ( 'NONE', #3437, #856, #2779, .T. ) ;
#1713 = CARTESIAN_POINT ( 'NONE',  ( 0.9038745220000000691, 1.172051403000000214, 1.803155066000000195 ) ) ;
#1714 = LINE ( 'NONE', #10101, #10153 ) ;
#1715 = DIRECTION ( 'NONE',  ( -1.000000000000000000, 0.000000000000000000, 0.000000000000000000 ) ) ;
#1716 = ORIENTED_EDGE ( 'NONE', *, *, #10731, .T. ) ;
#1717 = CARTESIAN_POINT ( 'NONE',  ( 1.012483102000000024, 1.128963546999999901, -1.775629646999999478 ) ) ;
#1718 = CARTESIAN_POINT ( 'NONE',  ( 0.9647875800022137627, 1.200000000000000178, 0.7319753087964542271 ) ) ;
#1719 = CARTESIAN_POINT ( 'NONE',  ( -0.9609416973219836455, 0.6943491325205809472, -2.317759448479033590 ) ) ;
#1720 = CARTESIAN_POINT ( 'NONE',  ( -1.734383572000000040, 1.199997954999999950, -0.9283811839999999149 ) ) ;
#1721 = ORIENTED_EDGE ( 'NONE', *, *, #10297, .F. ) ;
#1722 = ORIENTED_EDGE ( 'NONE', *, *, #2617, .F. ) ;
#1723 = CARTESIAN_POINT ( 'NONE',  ( -1.719588789802599882, 1.128755742677900020, 1.106625114028499945 ) ) ;
#1724 = DIRECTION ( 'NONE',  ( 0.000000000000000000, 1.000000000000000000, -0.000000000000000000 ) ) ;
#1725 = CIRCLE ( 'NONE', #494, 2.500000000000000000 ) ;
#1726 = CARTESIAN_POINT ( 'NONE',  ( 0.9950587360000001658, 0.7005098490000000178, 2.293438055000000197 ) ) ;
#1727 = EDGE_CURVE ( 'NONE', #6045, #6748, #3651, .T. ) ;
#1728 = DIRECTION ( 'NONE',  ( 0.000000000000000000, 0.000000000000000000, 1.000000000000000000 ) ) ;
#1729 = ORIENTED_EDGE ( 'NONE', *, *, #4407, .F. ) ;
#1730 = VECTOR ( 'NONE', #3334, 1000.000000000000000 ) ;
#1731 = CARTESIAN_POINT ( 'NONE',  ( -2.174999999999999822, 0.7000000000000000666, -1.875000000000000000 ) ) ;
#1732 = ORIENTED_EDGE ( 'NONE', *, *, #7230, .T. ) ;
#1733 = ORIENTED_EDGE ( 'NONE', *, *, #790, .T. ) ;
#1734 = ORIENTED_EDGE ( 'NONE', *, *, #5638, .T. ) ;
#1735 = PLANE ( 'NONE',  #5646 ) ;
#1736 = CARTESIAN_POINT ( 'NONE',  ( -1.435810122441057324, 0.8242092405875641736, 1.724772244749887440 ) ) ;
#1737 = CARTESIAN_POINT ( 'NONE',  ( 2.299999999888823421, 0.6500000000856803739, 0.9268673175934182273 ) ) ;
#1738 = AXIS2_PLACEMENT_3D ( 'NONE', #250, #1724, #1014 ) ;
#1739 = DIRECTION ( 'NONE',  ( 0.000000000000000000, -0.000000000000000000, -1.000000000000000000 ) ) ;
#1740 = EDGE_CURVE ( 'NONE', #4834, #2883, #4303, .T. ) ;
#1741 = CARTESIAN_POINT ( 'NONE',  ( -2.293438055125959441, 0.6500000000000001332, -0.9950587354424604847 ) ) ;
#1742 = VERTEX_POINT ( 'NONE', #6450 ) ;
#1743 = AXIS2_PLACEMENT_3D ( 'NONE', #5825, #9970, #984 ) ;
#1744 = CARTESIAN_POINT ( 'NONE',  ( -0.8585897502000000570, 1.200000020499999875, -1.712345149250000587 ) ) ;
#1745 = EDGE_LOOP ( 'NONE', ( #9137, #3645, #3402, #10180 ) ) ;
#1746 = DIRECTION ( 'NONE',  ( 0.000000000000000000, 0.000000000000000000, -1.000000000000000000 ) ) ;
#1747 = CARTESIAN_POINT ( 'NONE',  ( 2.347877129373059812, 0.6528644112901811347, -0.8891908110678702348 ) ) ;
#1748 = DIRECTION ( 'NONE',  ( 0.000000000000000000, -7.228014483236698528E-16, -1.000000000000000000 ) ) ;
#1749 = DIRECTION ( 'NONE',  ( 0.000000000000000000, 0.000000000000000000, 1.000000000000000000 ) ) ;
#1750 = VECTOR ( 'NONE', #1260, 1000.000000000000000 ) ;
#1751 = ADVANCED_FACE ( 'NONE', ( #10562 ), #9780, .F. ) ;
#1752 = CARTESIAN_POINT ( 'NONE',  ( 2.342152886359712305, 0.6705316510550105580, 0.9144617758836768306 ) ) ;
#1753 = CARTESIAN_POINT ( 'NONE',  ( 2.293438054923674141, 0.7000000000000000666, 0.9950587360693413652 ) ) ;
#1754 = ORIENTED_EDGE ( 'NONE', *, *, #8122, .F. ) ;
#1755 = CARTESIAN_POINT ( 'NONE',  ( 1.761892442999999808, 1.129023722999999979, 1.036235434000000177 ) ) ;
#1756 = CARTESIAN_POINT ( 'NONE',  ( -1.653447311000000974, 0.8235000550000000086, -1.507762634999999740 ) ) ;
#1757 = ORIENTED_EDGE ( 'NONE', *, *, #8182, .T. ) ;
#1758 = DIRECTION ( 'NONE',  ( 1.000000000000000000, 0.000000000000000000, -0.000000000000000000 ) ) ;
#1759 = CARTESIAN_POINT ( 'NONE',  ( -2.345389112790408070, 0.6658585617721242134, -0.9068524435338620737 ) ) ;
#1760 = DIRECTION ( 'NONE',  ( -0.000000000000000000, -0.000000000000000000, 1.000000000000000000 ) ) ;
#1761 = ORIENTED_EDGE ( 'NONE', *, *, #8626, .F. ) ;
#1762 = VECTOR ( 'NONE', #5770, 1000.000000000000000 ) ;
#1763 = CARTESIAN_POINT ( 'NONE',  ( 1.647446739449147657, 0.8234725331145528182, -1.510909800910048340 ) ) ;
#1764 = CARTESIAN_POINT ( 'NONE',  ( 0.000000000000000000, 1.399999999999999911, 0.000000000000000000 ) ) ;
#1765 = CARTESIAN_POINT ( 'NONE',  ( -0.9769892944801311652, 0.6983970901393461439, 2.306637017074090856 ) ) ;
#1766 = CIRCLE ( 'NONE', #7903, 2.500000000000000444 ) ;
#1767 = VECTOR ( 'NONE', #6088, 1000.000000000000000 ) ;
#1768 = CARTESIAN_POINT ( 'NONE',  ( 0.9161563738400002599, 1.127407934809999679, 1.827783961470000218 ) ) ;
#1769 = CARTESIAN_POINT ( 'NONE',  ( -0.5999999999999999778, 0.1048327089648013605, -2.377052005691743020 ) ) ;
#1770 = CARTESIAN_POINT ( 'NONE',  ( 1.942104152170729625, 0.8233145123187884939, 1.106843486781058372 ) ) ;
#1771 = ORIENTED_EDGE ( 'NONE', *, *, #1314, .T. ) ;
#1772 = CARTESIAN_POINT ( 'NONE',  ( 0.9269657400000004266, 1.171877376000000082, -1.791954154999999771 ) ) ;
#1773 = CARTESIAN_POINT ( 'NONE',  ( -1.204638545606923294, 1.199999999999961542, -1.494450662754235104 ) ) ;
#1774 = CARTESIAN_POINT ( 'NONE',  ( -0.9812253326835784772, 0.6990553517285744700, -2.303587880097025309 ) ) ;
#1775 = CARTESIAN_POINT ( 'NONE',  ( -1.802368214066899954, 1.128397714509599581, -0.9645679490873002582 ) ) ;
#1776 = ORIENTED_EDGE ( 'NONE', *, *, #4082, .T. ) ;
#1777 = CARTESIAN_POINT ( 'NONE',  ( -1.747713141999999831, 1.129079445999999987, 1.059653715999999912 ) ) ;
#1778 = PLANE ( 'NONE',  #4543 ) ;
#1779 = AXIS2_PLACEMENT_3D ( 'NONE', #640, #529, #10621 ) ;
#1780 = EDGE_CURVE ( 'NONE', #9517, #4647, #3917, .T. ) ;
#1781 = EDGE_CURVE ( 'NONE', #5709, #1676, #10726, .T. ) ;
#1782 = CARTESIAN_POINT ( 'NONE',  ( -0.9184446360000001475, 0.6748721830000000699, 2.348947903999999642 ) ) ;
#1783 = LINE ( 'NONE', #4870, #5985 ) ;
#1784 = CARTESIAN_POINT ( 'NONE',  ( 2.349999999999999645, 0.3499999999666667527, -0.5000000000000000000 ) ) ;
#1785 = AXIS2_PLACEMENT_3D ( 'NONE', #3515, #6052, #3981 ) ;
#1786 = ORIENTED_EDGE ( 'NONE', *, *, #9087, .F. ) ;
#1787 = CARTESIAN_POINT ( 'NONE',  ( -2.340621313276257442, 0.6732702626209727814, 0.9186842362570393217 ) ) ;
#1788 = VERTEX_POINT ( 'NONE', #9072 ) ;
#1789 = ORIENTED_EDGE ( 'NONE', *, *, #367, .T. ) ;
#1790 = VERTEX_POINT ( 'NONE', #3039 ) ;
#1791 = DIRECTION ( 'NONE',  ( 0.000000000000000000, 0.000000000000000000, 1.000000000000000000 ) ) ;
#1792 = EDGE_CURVE ( 'NONE', #318, #967, #3260, .T. ) ;
#1793 = CARTESIAN_POINT ( 'NONE',  ( -0.4593160713484186197, 1.200000000000000622, -1.108749036076787986 ) ) ;
#1794 = EDGE_CURVE ( 'NONE', #7247, #248, #689, .T. ) ;
#1795 = CARTESIAN_POINT ( 'NONE',  ( 1.000000000000597966, 1.500000000000000000, -4.041334437186266496E-17 ) ) ;
#1796 = CIRCLE ( 'NONE', #566, 0.04999999999999969746 ) ;
#1797 = LINE ( 'NONE', #6678, #1371 ) ;
#1798 = CARTESIAN_POINT ( 'NONE',  ( -1.108724791381157759, 1.200000000000000178, 0.4593771482568427267 ) ) ;
#1799 = CARTESIAN_POINT ( 'NONE',  ( 1.650974440824001022, 1.200000041187800015, -0.9712993799952002183 ) ) ;
#1800 = ORIENTED_EDGE ( 'NONE', *, *, #10667, .F. ) ;
#1801 = CARTESIAN_POINT ( 'NONE',  ( -0.9937765069999999756, 1.199999999999999956, -1.638602143000000178 ) ) ;
#1802 = EDGE_LOOP ( 'NONE', ( #6784, #3813, #6557, #4596, #9410 ) ) ;
#1803 = FACE_OUTER_BOUND ( 'NONE', #5081, .T. ) ;
#1804 = EDGE_CURVE ( 'NONE', #471, #7102, #7814, .T. ) ;
#1805 = CARTESIAN_POINT ( 'NONE',  ( -1.750000000000000000, 0.6500000000000001332, 1.750000000000000000 ) ) ;
#1806 = LINE ( 'NONE', #5098, #2644 ) ;
#1807 = CARTESIAN_POINT ( 'NONE',  ( 2.316886833897187081, 0.6947556093115796472, 0.9622400021285480998 ) ) ;
#1808 = LINE ( 'NONE', #9373, #8763 ) ;
#1809 = ORIENTED_EDGE ( 'NONE', *, *, #6651, .F. ) ;
#1810 = CARTESIAN_POINT ( 'NONE',  ( 1.610802645181899972, 1.200000061599900247, 1.036846864006999880 ) ) ;
#1811 = CARTESIAN_POINT ( 'NONE',  ( -1.348206488782824231, 0.8235790279940939929, -1.782804886283301027 ) ) ;
#1812 = EDGE_LOOP ( 'NONE', ( #3035, #9066, #2126, #7671, #2260, #3683, #2384, #7769, #7376, #991, #6379, #5187, #9304, #5134, #3961, #2550, #4611, #747, #9434, #1687, #3208, #5082, #4890, #10785, #2325, #5218, #8427, #9067, #761, #373, #6556, #10287, #4838, #5037, #4318, #483, #2166, #27, #3322, #7277 ) ) ;
#1813 = CARTESIAN_POINT ( 'NONE',  ( -0.9439799750000000822, 1.050000000000000044, -1.696049930000000261 ) ) ;
#1814 = CARTESIAN_POINT ( 'NONE',  ( -2.339760780482466718, 0.6746513929506933183, -0.9208699928834559456 ) ) ;
#1815 = CARTESIAN_POINT ( 'NONE',  ( 2.299999999999999822, 0.6499999999999948042, 1.250000000822222068 ) ) ;
#1816 = ORIENTED_EDGE ( 'NONE', *, *, #7426, .F. ) ;
#1817 = FACE_OUTER_BOUND ( 'NONE', #4347, .T. ) ;
#1818 = EDGE_CURVE ( 'NONE', #10640, #5639, #10430, .T. ) ;
#1819 = DIRECTION ( 'NONE',  ( 0.000000000000000000, -1.000000000000000000, -0.000000000000000000 ) ) ;
#1820 = CARTESIAN_POINT ( 'NONE',  ( -0.9930359364712384451, 0.7000000000044872550, 2.294937417187211448 ) ) ;
#1821 = FACE_OUTER_BOUND ( 'NONE', #5872, .T. ) ;
#1822 = CARTESIAN_POINT ( 'NONE',  ( 0.9392304431499999273, 1.127021359010000223, 1.816532905180000768 ) ) ;
#1823 = CARTESIAN_POINT ( 'NONE',  ( -1.399999999999999911, 0.7000000000000000666, -2.399999999999999911 ) ) ;
#1824 = DIRECTION ( 'NONE',  ( -1.000000000000000000, 0.000000000000000000, -0.000000000000000000 ) ) ;
#1825 = VERTEX_POINT ( 'NONE', #6563 ) ;
#1826 = CARTESIAN_POINT ( 'NONE',  ( 0.9646923284600006365, 1.127969296919999698, -1.802601891379999932 ) ) ;
#1827 = CARTESIAN_POINT ( 'NONE',  ( -0.7250000000000000888, 0.2000000000000000111, -2.299999999999999822 ) ) ;
#1828 = PLANE ( 'NONE',  #9595 ) ;
#1829 = CARTESIAN_POINT ( 'NONE',  ( -1.761892442999999808, 1.129023722999999979, -1.036235434000000177 ) ) ;
#1830 = ORIENTED_EDGE ( 'NONE', *, *, #112, .T. ) ;
#1831 = CARTESIAN_POINT ( 'NONE',  ( -1.523264864228300874, 1.129155065439500172, 1.367783636286100224 ) ) ;
#1832 = CARTESIAN_POINT ( 'NONE',  ( 1.875000000000000000, 0.7000000000000000666, 2.174999999999999822 ) ) ;
#1833 = CARTESIAN_POINT ( 'NONE',  ( -1.708319398556138458, 1.129258664995068218, -1.121283550846926547 ) ) ;
#1834 = LINE ( 'NONE', #7446, #3692 ) ;
#1835 = CARTESIAN_POINT ( 'NONE',  ( 1.750000000000000000, 0.6400000000000001243, 1.750000000000000000 ) ) ;
#1836 = VERTEX_POINT ( 'NONE', #4856 ) ;
#1837 = EDGE_CURVE ( 'NONE', #2833, #8904, #5238, .T. ) ;
#1838 = CARTESIAN_POINT ( 'NONE',  ( -2.347299936054520586, 0.6562136425966077491, 0.8938054854840290497 ) ) ;
#1839 = ORIENTED_EDGE ( 'NONE', *, *, #2674, .T. ) ;
#1840 = VERTEX_POINT ( 'NONE', #10780 ) ;
#1841 = ORIENTED_EDGE ( 'NONE', *, *, #6331, .T. ) ;
#1842 = VECTOR ( 'NONE', #3632, 1000.000000000000000 ) ;
#1843 = DIRECTION ( 'NONE',  ( -0.000000000000000000, 7.228014483236698528E-16, 1.000000000000000000 ) ) ;
#1844 = LINE ( 'NONE', #3545, #1356 ) ;
#1845 = CARTESIAN_POINT ( 'NONE',  ( -2.297938473377653779, 0.6500000000000001332, -0.9380768252765452342 ) ) ;
#1846 = EDGE_CURVE ( 'NONE', #5863, #5569, #10063, .T. ) ;
#1847 = AXIS2_PLACEMENT_3D ( 'NONE', #854, #4195, #913 ) ;
#1848 = EDGE_CURVE ( 'NONE', #2910, #9722, #3268, .T. ) ;
#1849 = ORIENTED_EDGE ( 'NONE', *, *, #7499, .T. ) ;
#1850 = CARTESIAN_POINT ( 'NONE',  ( -1.020019175000000056, 1.199997963000000167, -1.682067307000000067 ) ) ;
#1851 = ORIENTED_EDGE ( 'NONE', *, *, #9132, .T. ) ;
#1852 = DIRECTION ( 'NONE',  ( 0.000000000000000000, 0.000000000000000000, -1.000000000000000000 ) ) ;
#1853 = CARTESIAN_POINT ( 'NONE',  ( 1.494478978798681412, 1.199999999998416333, 1.204602368782075716 ) ) ;
#1854 = CARTESIAN_POINT ( 'NONE',  ( 0.000000000000000000, 2.985561945000001938, 2.299999999999999822 ) ) ;
#1855 = CARTESIAN_POINT ( 'NONE',  ( -1.399999999999999911, 0.8000000000000000444, 2.174999999999999822 ) ) ;
#1856 = CARTESIAN_POINT ( 'NONE',  ( 2.325149983745858684, 0.6899424374405284111, 0.9493649954495987364 ) ) ;
#1857 = FACE_OUTER_BOUND ( 'NONE', #7299, .T. ) ;
#1858 = EDGE_LOOP ( 'NONE', ( #2669, #299, #6187, #3482 ) ) ;
#1859 = B_SPLINE_CURVE_WITH_KNOTS ( 'NONE', 3,
 ( #3639, #1073, #1941, #303, #9460, #6227, #254, #9559, #3587, #10338, #1175, #6941, #6069, #5345, #10228, #4577, #2043, #2766, #4523, #3744, #2094, #7864, #5395, #7100, #356, #7711, #7815, #10389, #6127, #8737, #2917, #5296, #6996, #1228, #10439, #6278, #4470, #9403, #1886, #200, #2820, #5454, #8793, #1281, #3535, #6890, #5678, #8956, #3959, #2368, #8136, #2148, #1445, #5562, #9006, #2204, #2974, #5506, #1495, #9717, #1332, #7154, #8845, #7315, #8898, #10655, #676, #8189, #4681, #2317, #8030, #621, #3137, #4738, #6335, #510, #4791, #568, #4844, #6492, #3850, #456, #7975, #7208, #9825, #4016, #3795, #10551, #7371, #10493, #3028, #10713, #1385, #3192 ),
 .UNSPECIFIED., .F., .F.,
 ( 4, 3, 3, 3, 3, 3, 3, 3, 3, 3, 3, 3, 3, 3, 3, 3, 3, 3, 3, 3, 3, 3, 3, 3, 3, 3, 3, 3, 3, 3, 3, 4 ),
 ( 7.260052310022163683E-14, 6.876687057870633517E-06, 1.375334456891346150E-05, 1.719042194605694473E-05, 2.062749924297267745E-05, 2.750415084409771034E-05, 3.094122923663074993E-05, 3.437830873481997841E-05, 3.781538946869940696E-05, 4.469208946597773567E-05, 4.812917254018343413E-05, 5.156625684245911255E-05, 5.844299851385779298E-05, 6.188008459096952074E-05, 6.531717131763032757E-05, 7.219393545942805071E-05, 7.563102266425181762E-05, 7.906810970375630174E-05, 8.594486876430446260E-05, 8.938195481507696903E-05, 9.281903994114751007E-05, 9.625612399584100099E-05, 0.0001031328411371179934, 0.0001065699229356399706, 0.0001100070034061566423, 0.0001168836759875965320, 0.0001203207543724440148, 0.0001237578319762330792, 0.0001306344788774441515, 0.0001340715563631752951, 0.0001375086347423708319, 0.0001450627079936324989 ),
 .UNSPECIFIED. ) ;
#1860 = CARTESIAN_POINT ( 'NONE',  ( 1.748406540049999736, 1.127785173170000377, 1.060059027150000110 ) ) ;
#1861 = PLANE ( 'NONE',  #7719 ) ;
#1862 = ORIENTED_EDGE ( 'NONE', *, *, #6220, .T. ) ;
#1863 = CARTESIAN_POINT ( 'NONE',  ( 1.875000000000000000, 0.8000000000000001554, -1.875000000000000000 ) ) ;
#1864 = CARTESIAN_POINT ( 'NONE',  ( 1.000000000000000000, 0.7000000000000002887, -2.291287847506181752 ) ) ;
#1865 = PLANE ( 'NONE',  #3586 ) ;
#1866 = ORIENTED_EDGE ( 'NONE', *, *, #1552, .F. ) ;
#1867 = CARTESIAN_POINT ( 'NONE',  ( -1.102131820021002184, 0.8324370122780239134, -1.937835207449339903 ) ) ;
#1868 = DIRECTION ( 'NONE',  ( 0.000000000000000000, -1.000000000000000000, 0.000000000000000000 ) ) ;
#1869 = CARTESIAN_POINT ( 'NONE',  ( -0.9852948697029930702, 0.6995321134553565967, 2.300629074637580374 ) ) ;
#1870 = CARTESIAN_POINT ( 'NONE',  ( -0.1500000000000000222, 0.1703637664612591973, -2.432757559888688803 ) ) ;
#1871 = EDGE_CURVE ( 'NONE', #870, #4091, #2330, .T. ) ;
#1872 = CARTESIAN_POINT ( 'NONE',  ( 1.102131818705701649, 0.8324370153802829186, 1.937835206579515024 ) ) ;
#1873 = CYLINDRICAL_SURFACE ( 'NONE', #10336, 0.04999999999999969746 ) ;
#1874 = DIRECTION ( 'NONE',  ( 0.000000000000000000, 1.000000000000000000, 0.000000000000000000 ) ) ;
#1875 = EDGE_LOOP ( 'NONE', ( #10405, #4373, #6512, #9923 ) ) ;
#1876 = CARTESIAN_POINT ( 'NONE',  ( 0.9389926220400001133, 1.127892343630000127, -1.816055488059999945 ) ) ;
#1877 = CARTESIAN_POINT ( 'NONE',  ( 1.750000000000000000, 0.6400000000000001243, -1.750000000000000000 ) ) ;
#1878 = CARTESIAN_POINT ( 'NONE',  ( -0.9563417237894850098, 0.6927294755305374307, -2.320767474416643772 ) ) ;
#1879 = CARTESIAN_POINT ( 'NONE',  ( -1.689475596000000079, 1.199999999999999956, -0.9044773949999999063 ) ) ;
#1880 = ORIENTED_EDGE ( 'NONE', *, *, #7273, .T. ) ;
#1881 = CARTESIAN_POINT ( 'NONE',  ( -1.204284650510000221, 1.200000020229999853, 1.494084124720000073 ) ) ;
#1882 = CARTESIAN_POINT ( 'NONE',  ( 0.6000000000000000888, 0.6500000000000001332, 2.299999999999999822 ) ) ;
#1883 = CARTESIAN_POINT ( 'NONE',  ( -1.615072559517412687, 1.128695454938595910, -1.253292720975713648 ) ) ;
#1884 = VECTOR ( 'NONE', #1088, 1000.000000000000000 ) ;
#1885 = EDGE_CURVE ( 'NONE', #1061, #5719, #9894, .T. ) ;
#1886 = CARTESIAN_POINT ( 'NONE',  ( 0.9462327053471919491, 0.6885545421988955583, 2.327030791855478231 ) ) ;
#1887 = CARTESIAN_POINT ( 'NONE',  ( -1.006999439999999746, 0.6450000000000001288, 2.293438055000000197 ) ) ;
#1888 = ORIENTED_EDGE ( 'NONE', *, *, #10505, .F. ) ;
#1889 = CARTESIAN_POINT ( 'NONE',  ( 1.750000000000000000, 0.6500000000000001332, 1.750000000000000000 ) ) ;
#1890 = VECTOR ( 'NONE', #2546, 1000.000000000000000 ) ;
#1891 = EDGE_LOOP ( 'NONE', ( #7940, #2006, #4538, #2543 ) ) ;
#1892 = ORIENTED_EDGE ( 'NONE', *, *, #9752, .F. ) ;
#1893 = FACE_OUTER_BOUND ( 'NONE', #8124, .T. ) ;
#1894 = LINE ( 'NONE', #5248, #148 ) ;
#1895 = B_SPLINE_CURVE_WITH_KNOTS ( 'NONE', 3,
 ( #10382, #348, #9708, #7043 ),
 .UNSPECIFIED., .F., .F.,
 ( 4, 4 ),
 ( 0.000000000000000000, 1.000000000000000000 ),
 .UNSPECIFIED. ) ;
#1896 = CIRCLE ( 'NONE', #850, 0.3000000000000001554 ) ;
#1897 = CARTESIAN_POINT ( 'NONE',  ( -0.4225597729242072109, 1.200000000000000178, 1.123303906516431860 ) ) ;
#1898 = CARTESIAN_POINT ( 'NONE',  ( -0.1417832580000000231, 0.2401880480000000151, -2.299999999999999822 ) ) ;
#1899 = ORIENTED_EDGE ( 'NONE', *, *, #6026, .T. ) ;
#1900 = CARTESIAN_POINT ( 'NONE',  ( -1.203685435939999993, 1.200000060689999870, -1.493266215260000251 ) ) ;
#1901 = ORIENTED_EDGE ( 'NONE', *, *, #1668, .T. ) ;
#1902 = CARTESIAN_POINT ( 'NONE',  ( 2.299999999999999822, 0.7000000000000000666, -2.399999999999999911 ) ) ;
#1903 = VECTOR ( 'NONE', #7188, 1000.000000000000000 ) ;
#1904 = DIRECTION ( 'NONE',  ( 0.000000000000000000, 0.000000000000000000, 1.000000000000000000 ) ) ;
#1905 = CARTESIAN_POINT ( 'NONE',  ( 1.000000000000597966, 1.500000000000000222, 2.000000000001195488 ) ) ;
#1906 = CARTESIAN_POINT ( 'NONE',  ( -1.000000000000000000, 0.7000000000000000666, -2.174999999999999822 ) ) ;
#1907 = EDGE_CURVE ( 'NONE', #8106, #6511, #2436, .T. ) ;
#1908 = DIRECTION ( 'NONE',  ( 0.000000000000000000, 0.000000000000000000, 1.000000000000000000 ) ) ;
#1909 = ADVANCED_FACE ( 'NONE', ( #633 ), #5691, .T. ) ;
#1910 = CARTESIAN_POINT ( 'NONE',  ( 2.340827800450060892, 0.6729227411518365898, 0.9181408914068532878 ) ) ;
#1911 = CARTESIAN_POINT ( 'NONE',  ( 1.942104152170729625, 0.8233145123187884939, 1.106843486781058372 ) ) ;
#1912 = VECTOR ( 'NONE', #9555, 1000.000000000000000 ) ;
#1913 = VERTEX_POINT ( 'NONE', #8202 ) ;
#1914 = CARTESIAN_POINT ( 'NONE',  ( 1.752359235999999987, 1.172168149000000215, 0.9992776220000001430 ) ) ;
#1915 = CARTESIAN_POINT ( 'NONE',  ( -1.446621385999999676, 0.8000000000000000444, -1.740531306999999694 ) ) ;
#1916 = ORIENTED_EDGE ( 'NONE', *, *, #10596, .F. ) ;
#1917 = DIRECTION ( 'NONE',  ( -0.000000000000000000, -0.000000000000000000, 1.000000000000000000 ) ) ;
#1918 = FACE_OUTER_BOUND ( 'NONE', #5885, .T. ) ;
#1919 = DIRECTION ( 'NONE',  ( -0.000000000000000000, -1.000000000000000000, -0.000000000000000000 ) ) ;
#1920 = FACE_OUTER_BOUND ( 'NONE', #741, .T. ) ;
#1921 = DIRECTION ( 'NONE',  ( 0.000000000000000000, 9.486769009248179575E-16, -1.000000000000000000 ) ) ;
#1922 = CARTESIAN_POINT ( 'NONE',  ( 2.304921198659531267, 0.6987921853050368393, -0.9793798380281226734 ) ) ;
#1923 = AXIS2_PLACEMENT_3D ( 'NONE', #7906, #3728, #7035 ) ;
#1924 = EDGE_CURVE ( 'NONE', #873, #10826, #785, .T. ) ;
#1925 = LINE ( 'NONE', #10213, #4912 ) ;
#1926 = FACE_OUTER_BOUND ( 'NONE', #6351, .T. ) ;
#1927 = DIRECTION ( 'NONE',  ( 0.000000000000000000, 1.000000000000000000, 0.000000000000000000 ) ) ;
#1928 = CYLINDRICAL_SURFACE ( 'NONE', #4513, 0.1499999999999999667 ) ;
#1929 = VERTEX_POINT ( 'NONE', #7712 ) ;
#1930 = AXIS2_PLACEMENT_3D ( 'NONE', #3774, #2290, #5486 ) ;
#1931 = CARTESIAN_POINT ( 'NONE',  ( 2.099999999990382893, 0.6500000000000001332, -2.299999999999999822 ) ) ;
#1932 = CARTESIAN_POINT ( 'NONE',  ( -2.349999999999999645, -0.05000000000000000971, 0.2000000000000000111 ) ) ;
#1933 = CARTESIAN_POINT ( 'NONE',  ( -0.9011857573868288229, 0.6614710686440002929, -2.345913800804370286 ) ) ;
#1934 = DIRECTION ( 'NONE',  ( 0.000000000000000000, -7.228014483236698528E-16, 1.000000000000000000 ) ) ;
#1935 = ORIENTED_EDGE ( 'NONE', *, *, #9193, .T. ) ;
#1936 = CARTESIAN_POINT ( 'NONE',  ( -1.284619167304199783, 1.129077005482199914, 1.593927025544100040 ) ) ;
#1937 = DIRECTION ( 'NONE',  ( 0.000000000000000000, 0.000000000000000000, 1.000000000000000000 ) ) ;
#1938 = EDGE_CURVE ( 'NONE', #7274, #7261, #7457, .T. ) ;
#1939 = CARTESIAN_POINT ( 'NONE',  ( -1.823793474876908460, 1.128615992767299181, -0.9223949679090350795 ) ) ;
#1940 = AXIS2_PLACEMENT_3D ( 'NONE', #6801, #4274, #4384 ) ;
#1941 = CARTESIAN_POINT ( 'NONE',  ( 0.9913734559602425112, 0.6999491739202914342, 2.296165890154955314 ) ) ;
#1942 = CARTESIAN_POINT ( 'NONE',  ( -0.9950587360000001658, 0.7005098490000000178, -2.293438055000000197 ) ) ;
#1943 = ORIENTED_EDGE ( 'NONE', *, *, #3964, .T. ) ;
#1944 = CARTESIAN_POINT ( 'NONE',  ( 1.580385319473883277, 0.8240143682553162652, -1.580369292774798762 ) ) ;
#1945 = AXIS2_PLACEMENT_3D ( 'NONE', #291, #3624, #9279 ) ;
#1946 = VECTOR ( 'NONE', #5865, 1000.000000000000000 ) ;
#1947 = VERTEX_POINT ( 'NONE', #1784 ) ;
#1948 = EDGE_LOOP ( 'NONE', ( #2501, #5069, #3447, #3084 ) ) ;
#1949 =( NAMED_UNIT ( * ) PLANE_ANGLE_UNIT ( ) SI_UNIT ( $, .RADIAN. ) );
#1950 = DIRECTION ( 'NONE',  ( 0.000000000000000000, 0.000000000000000000, 1.000000000000000000 ) ) ;
#1951 = EDGE_CURVE ( 'NONE', #9722, #6727, #9295, .T. ) ;
#1952 = CARTESIAN_POINT ( 'NONE',  ( 0.8890463380000004356, 0.4846053170000000354, 2.348438054999999913 ) ) ;
#1953 = AXIS2_PLACEMENT_3D ( 'NONE', #3658, #4598, #2885 ) ;
#1954 = CARTESIAN_POINT ( 'NONE',  ( 1.473806946442927535, 1.129587179322742552, 1.416330458171489504 ) ) ;
#1955 = DIRECTION ( 'NONE',  ( 0.000000000000000000, -1.000000000000000000, 0.000000000000000000 ) ) ;
#1956 = ORIENTED_EDGE ( 'NONE', *, *, #7909, .F. ) ;
#1957 = CARTESIAN_POINT ( 'NONE',  ( -1.152423831849099800, 1.127980650970400234, -1.689917091368200008 ) ) ;
#1958 = ORIENTED_EDGE ( 'NONE', *, *, #10722, .F. ) ;
#1959 = LINE ( 'NONE', #2010, #7037 ) ;
#1960 = VECTOR ( 'NONE', #2119, 1000.000000000000000 ) ;
#1961 = CARTESIAN_POINT ( 'NONE',  ( -2.349999999999999645, 0.04999999999999998196, 1.250000000000000000 ) ) ;
#1962 = CARTESIAN_POINT ( 'NONE',  ( -0.9268673173422101730, 0.6500000000683978651, 2.299999999912395676 ) ) ;
#1963 = DIRECTION ( 'NONE',  ( -1.000000000000000000, 0.000000000000000000, 0.000000000000000000 ) ) ;
#1964 = CARTESIAN_POINT ( 'NONE',  ( 0.8796335266379973206, 1.100000000000000089, -0.6760013919724073839 ) ) ;
#1965 = LINE ( 'NONE', #10254, #4217 ) ;
#1966 = ORIENTED_EDGE ( 'NONE', *, *, #2214, .T. ) ;
#1967 = CARTESIAN_POINT ( 'NONE',  ( 1.721672806999999805, 1.199997956999999893, 0.9514514940000000642 ) ) ;
#1968 = CARTESIAN_POINT ( 'NONE',  ( -1.430228692842159033, 0.8236401051469675050, -1.720793701529732322 ) ) ;
#1969 = ORIENTED_EDGE ( 'NONE', *, *, #8684, .T. ) ;
#1970 = EDGE_CURVE ( 'NONE', #5719, #4189, #963, .T. ) ;
#1971 = CARTESIAN_POINT ( 'NONE',  ( 1.750000000000000000, 0.6400000000000001243, 1.750000000000000000 ) ) ;
#1972 = DIRECTION ( 'NONE',  ( -0.000000000000000000, -1.000000000000000000, -0.000000000000000000 ) ) ;
#1973 = CARTESIAN_POINT ( 'NONE',  ( 0.1499999799260016142, 0.1703640003201034592, 2.432757682951463440 ) ) ;
#1974 = LINE ( 'NONE', #2851, #3480 ) ;
#1975 = DIRECTION ( 'NONE',  ( 0.000000000000000000, 1.000000000000000000, 0.000000000000000000 ) ) ;
#1976 = DIRECTION ( 'NONE',  ( 0.000000000000000000, 0.000000000000000000, 1.000000000000000000 ) ) ;
#1977 = CARTESIAN_POINT ( 'NONE',  ( 1.036863789553799542, 1.200000061599900247, 1.610792090150700240 ) ) ;
#1978 = LINE ( 'NONE', #9546, #5603 ) ;
#1979 = DIRECTION ( 'NONE',  ( -0.000000000000000000, -0.000000000000000000, -1.000000000000000000 ) ) ;
#1980 = ORIENTED_EDGE ( 'NONE', *, *, #4234, .F. ) ;
#1981 = EDGE_CURVE ( 'NONE', #10446, #3512, #7109, .T. ) ;
#1982 = CARTESIAN_POINT ( 'NONE',  ( 0.9283811839999999149, 1.199997954999999950, -1.734383572000000040 ) ) ;
#1983 = CARTESIAN_POINT ( 'NONE',  ( -1.180675369000000252, 0.8236602140000001127, 1.899540496000000855 ) ) ;
#1984 = EDGE_CURVE ( 'NONE', #2386, #6752, #5076, .T. ) ;
#1985 = CARTESIAN_POINT ( 'NONE',  ( -0.8864232340924084186, 0.6508409459418317278, -2.348131249384481922 ) ) ;
#1986 = CARTESIAN_POINT ( 'NONE',  ( 0.7250000000000000888, 0.000000000000000000, -2.299999999999999822 ) ) ;
#1987 = CARTESIAN_POINT ( 'NONE',  ( -1.196586027577999811, 1.128057160270599990, 1.658072302405300791 ) ) ;
#1988 = LINE ( 'NONE', #5340, #3489 ) ;
#1989 = EDGE_CURVE ( 'NONE', #4597, #7828, #8512, .T. ) ;
#1990 = CYLINDRICAL_SURFACE ( 'NONE', #9435, 0.1500000000000000222 ) ;
#1991 = CARTESIAN_POINT ( 'NONE',  ( -0.6000000000000000888, 0.7000000000000000666, 2.250000000000001776 ) ) ;
#1992 = LINE ( 'NONE', #7924, #3243 ) ;
#1993 = VERTEX_POINT ( 'NONE', #144 ) ;
#1994 = CARTESIAN_POINT ( 'NONE',  ( 1.689245386000000071, 1.129284466999999959, -1.151967217000000376 ) ) ;
#1995 = CARTESIAN_POINT ( 'NONE',  ( 1.373796919999999977, 0.8000000000000000444, -1.816673792999999870 ) ) ;
#1996 = EDGE_CURVE ( 'NONE', #8598, #372, #3130, .T. ) ;
#1997 = EDGE_LOOP ( 'NONE', ( #7792, #1901, #5054, #4336 ) ) ;
#1998 = ORIENTED_EDGE ( 'NONE', *, *, #9692, .F. ) ;
#1999 = CARTESIAN_POINT ( 'NONE',  ( 1.071369944335147206, 1.100000000000000311, 0.2879226727952081677 ) ) ;
#2000 = CARTESIAN_POINT ( 'NONE',  ( -0.1500000000000000222, 0.09237426100000006857, -2.325516358000000228 ) ) ;
#2001 = DIRECTION ( 'NONE',  ( 0.000000000000000000, 0.000000000000000000, -1.000000000000000000 ) ) ;
#2002 = DIRECTION ( 'NONE',  ( -0.000000000000000000, 7.228014483236698528E-16, -1.000000000000000000 ) ) ;
#2003 = B_SPLINE_CURVE_WITH_KNOTS ( 'NONE', 3,
 ( #2874, #5403, #6134, #210 ),
 .UNSPECIFIED., .F., .F.,
 ( 4, 4 ),
 ( 1.982904437551957382E-14, 4.862080576080563774E-05 ),
 .UNSPECIFIED. ) ;
#2004 = CARTESIAN_POINT ( 'NONE',  ( 2.175000000059259087, 0.7000000000000000666, -2.399999999999999911 ) ) ;
#2005 = ADVANCED_FACE ( 'NONE', ( #1620 ), #5858, .F. ) ;
#2006 = ORIENTED_EDGE ( 'NONE', *, *, #2042, .F. ) ;
#2007 = AXIS2_PLACEMENT_3D ( 'NONE', #1932, #6933, #9450 ) ;
#2008 = CARTESIAN_POINT ( 'NONE',  ( -0.9718178660000005298, 1.199999999999999956, -1.651859966000000179 ) ) ;
#2009 = ORIENTED_EDGE ( 'NONE', *, *, #127, .F. ) ;
#2010 = CARTESIAN_POINT ( 'NONE',  ( -0.7250000000000000888, 0.000000000000000000, 1.750000000056250338 ) ) ;
#2011 = LINE ( 'NONE', #426, #9092 ) ;
#2012 = LINE ( 'NONE', #324, #8749 ) ;
#2013 = CARTESIAN_POINT ( 'NONE',  ( -2.755455298081551557E-17, 0.1901880480000000817, 2.164188047999999753 ) ) ;
#2014 = CARTESIAN_POINT ( 'NONE',  ( 0.9950587360000001658, 0.7000000000000000666, -2.293438055000000197 ) ) ;
#2015 = AXIS2_PLACEMENT_3D ( 'NONE', #6222, #10331, #1223 ) ;
#2016 = CARTESIAN_POINT ( 'NONE',  ( -1.845460425342946742, 0.8240639045122067907, -1.273738085053990332 ) ) ;
#2017 = DIRECTION ( 'NONE',  ( -0.000000000000000000, -1.000000000000000000, 0.000000000000000000 ) ) ;
#2018 = VERTEX_POINT ( 'NONE', #1673 ) ;
#2019 = FACE_OUTER_BOUND ( 'NONE', #3450, .T. ) ;
#2020 = EDGE_CURVE ( 'NONE', #4584, #8106, #5020, .T. ) ;
#2021 = CARTESIAN_POINT ( 'NONE',  ( -1.180616144986458060, 0.8238326667848148155, -1.899451187193478718 ) ) ;
#2022 = ORIENTED_EDGE ( 'NONE', *, *, #229, .F. ) ;
#2023 = CARTESIAN_POINT ( 'NONE',  ( -2.307823274052547724, 0.6980854544360958203, -0.9753248678293722218 ) ) ;
#2024 = PLANE ( 'NONE',  #811 ) ;
#2025 = DIRECTION ( 'NONE',  ( 1.000000000000000000, 0.000000000000000000, 0.000000000000000000 ) ) ;
#2026 = CIRCLE ( 'NONE', #4138, 0.04999999999999969746 ) ;
#2027 = LINE ( 'NONE', #7189, #1056 ) ;
#2028 = ADVANCED_FACE ( 'NONE', ( #5186 ), #8529, .T. ) ;
#2029 = DIRECTION ( 'NONE',  ( 1.000000000000000000, 0.000000000000000000, -0.000000000000000000 ) ) ;
#2030 = CARTESIAN_POINT ( 'NONE',  ( 1.012875249749999762, 1.127667397760000467, 1.776330021200000164 ) ) ;
#2031 = LINE ( 'NONE', #241, #871 ) ;
#2032 = CARTESIAN_POINT ( 'NONE',  ( 2.293438055000000197, 0.6666666670000001016, 0.9950587360000001658 ) ) ;
#2033 = ORIENTED_EDGE ( 'NONE', *, *, #8591, .F. ) ;
#2034 = CARTESIAN_POINT ( 'NONE',  ( -1.600000000000000089, 0.1000000000000000056, 2.299999999999999822 ) ) ;
#2035 = CARTESIAN_POINT ( 'NONE',  ( 0.1493274900522030546, 0.1901880480000001927, 2.300000000050924420 ) ) ;
#2036 = DIRECTION ( 'NONE',  ( 1.000000000000000000, -0.000000000000000000, 0.000000000000000000 ) ) ;
#2037 = DIRECTION ( 'NONE',  ( 1.000000000000000000, -0.000000000000000000, 0.000000000000000000 ) ) ;
#2038 = CARTESIAN_POINT ( 'NONE',  ( -1.428288562000000095, 1.199999999999999956, 1.282574754999999733 ) ) ;
#2039 = CARTESIAN_POINT ( 'NONE',  ( -0.1445161610256933127, 0.2401880480133807005, -2.449999999990102761 ) ) ;
#2040 =( BOUNDED_CURVE ( )  B_SPLINE_CURVE ( 3, ( #6146, #1905, #9423, #6250 ),
 .UNSPECIFIED., .F., .T. ) 
 B_SPLINE_CURVE_WITH_KNOTS ( ( 4, 4 ),
 ( 0.000000000000000000, 1.000000000000000000 ),
 .UNSPECIFIED. ) 
 CURVE ( )  GEOMETRIC_REPRESENTATION_ITEM ( )  RATIONAL_B_SPLINE_CURVE ( ( 1.000000000000000000, 0.3333333333333333703, 0.3333333333333333703, 1.000000000000000000 ) ) 
 REPRESENTATION_ITEM ( '' )  );
#2041 = ADVANCED_FACE ( 'NONE', ( #4359 ), #201, .F. ) ;
#2042 = EDGE_CURVE ( 'NONE', #7770, #4089, #5100, .T. ) ;
#2043 = CARTESIAN_POINT ( 'NONE',  ( 0.9719986816560745035, 0.6973954807412916512, 2.310176519979637355 ) ) ;
#2044 = CARTESIAN_POINT ( 'NONE',  ( 1.000000000000597966, 1.500000000000000000, -6.735557395310444981E-17 ) ) ;
#2045 = ORIENTED_EDGE ( 'NONE', *, *, #6083, .T. ) ;
#2046 = CARTESIAN_POINT ( 'NONE',  ( 1.193328224999999909, 0.8000000000000000444, -1.921762816999999846 ) ) ;
#2047 = EDGE_LOOP ( 'NONE', ( #7596, #472, #10671, #3262 ) ) ;
#2048 = ORIENTED_EDGE ( 'NONE', *, *, #6487, .F. ) ;
#2049 = CARTESIAN_POINT ( 'NONE',  ( 0.1439896632895322770, 1.100000000000000311, 1.100000000000000311 ) ) ;
#2050 = LINE ( 'NONE', #262, #2645 ) ;
#2051 = DIRECTION ( 'NONE',  ( 0.000000000000000000, 0.000000000000000000, 1.000000000000000000 ) ) ;
#2052 = ADVANCED_FACE ( 'NONE', ( #33 ), #5480, .T. ) ;
#2053 = LINE ( 'NONE', #5357, #9371 ) ;
#2054 = AXIS2_PLACEMENT_3D ( 'NONE', #4038, #2390, #4813 ) ;
#2055 = DIRECTION ( 'NONE',  ( 0.000000000000000000, 0.000000000000000000, -1.000000000000000000 ) ) ;
#2056 = ORIENTED_EDGE ( 'NONE', *, *, #5638, .F. ) ;
#2057 = CARTESIAN_POINT ( 'NONE',  ( -1.657413087999999979, 1.129359736000000058, -1.196111552000000078 ) ) ;
#2058 = ORIENTED_EDGE ( 'NONE', *, *, #6822, .T. ) ;
#2059 = ORIENTED_EDGE ( 'NONE', *, *, #4378, .T. ) ;
#2060 = CARTESIAN_POINT ( 'NONE',  ( 1.438095122000000003, 0.8210983760000001297, 1.725236886999999664 ) ) ;
#2061 = LINE ( 'NONE', #4377, #4185 ) ;
#2062 = CARTESIAN_POINT ( 'NONE',  ( -2.100000000000000089, 2.168404344971008868E-16, -2.100000000000000089 ) ) ;
#2063 = VECTOR ( 'NONE', #5231, 1000.000000000000000 ) ;
#2064 = CARTESIAN_POINT ( 'NONE',  ( -1.771521287999999528, 1.027568332999999834, 1.158921654999999662 ) ) ;
#2065 = CARTESIAN_POINT ( 'NONE',  ( -0.1500883706697498654, 0.1693279994175405645, -2.432212796113802256 ) ) ;
#2066 = EDGE_CURVE ( 'NONE', #3893, #5685, #3695, .T. ) ;
#2067 = CARTESIAN_POINT ( 'NONE',  ( -1.399365458011431418, 0.8232441778061829751, -1.743542209559128642 ) ) ;
#2068 = DIRECTION ( 'NONE',  ( 0.000000000000000000, 0.000000000000000000, 1.000000000000000000 ) ) ;
#2069 = ORIENTED_EDGE ( 'NONE', *, *, #10156, .F. ) ;
#2070 = CARTESIAN_POINT ( 'NONE',  ( 1.802129815999999884, 1.128834786999999729, 0.9644410570000006011 ) ) ;
#2071 = DIRECTION ( 'NONE',  ( 0.000000000000000000, 0.000000000000000000, 1.000000000000000000 ) ) ;
#2072 = VERTEX_POINT ( 'NONE', #6942 ) ;
#2073 = AXIS2_PLACEMENT_3D ( 'NONE', #2295, #5658, #6529 ) ;
#2074 = CARTESIAN_POINT ( 'NONE',  ( 1.875000000000000000, 0.8000000000000002665, 2.174999999999999822 ) ) ;
#2075 = CARTESIAN_POINT ( 'NONE',  ( -1.542926899352755399, 0.6500000000000001332, 1.967073100638024652 ) ) ;
#2076 = LINE ( 'NONE', #3675, #3650 ) ;
#2077 = DIRECTION ( 'NONE',  ( 0.000000000000000000, 0.000000000000000000, 1.000000000000000000 ) ) ;
#2078 = EDGE_CURVE ( 'NONE', #137, #2833, #4846, .T. ) ;
#2079 = AXIS2_PLACEMENT_3D ( 'NONE', #221, #2838, #8543 ) ;
#2080 = PLANE ( 'NONE',  #9292 ) ;
#2081 = CARTESIAN_POINT ( 'NONE',  ( 0.9746156000000001374, 1.199997959000000058, 1.708910409000000019 ) ) ;
#2082 = CARTESIAN_POINT ( 'NONE',  ( 2.449999999999999734, 0.3499999999555557517, -0.1999999999999998723 ) ) ;
#2083 = CARTESIAN_POINT ( 'NONE',  ( -2.299999999999999822, 0.6500000000000001332, 1.250000000000000000 ) ) ;
#2084 = EDGE_LOOP ( 'NONE', ( #5442, #8424, #6296, #6658 ) ) ;
#2085 = DIRECTION ( 'NONE',  ( -0.000000000000000000, 0.000000000000000000, 1.000000000000000000 ) ) ;
#2086 = CARTESIAN_POINT ( 'NONE',  ( -0.6000000000000000888, 0.1901880479993409701, -1.920188048000000203 ) ) ;
#2087 = ORIENTED_EDGE ( 'NONE', *, *, #9497, .F. ) ;
#2088 = VECTOR ( 'NONE', #1975, 1000.000000000000000 ) ;
#2089 = CARTESIAN_POINT ( 'NONE',  ( 1.117129161047307750, 0.8000000000929931021, -1.984642723021972088 ) ) ;
#2090 = CARTESIAN_POINT ( 'NONE',  ( 2.348033584920586225, 0.6517953016335038541, 0.8877239575531165050 ) ) ;
#2091 = CARTESIAN_POINT ( 'NONE',  ( -1.022712500000000135, 1.172195644000000092, 1.738795874999999880 ) ) ;
#2092 = CARTESIAN_POINT ( 'NONE',  ( -0.8858782010020577191, 0.6504426624832186921, 2.348185020342566709 ) ) ;
#2093 = AXIS2_PLACEMENT_3D ( 'NONE', #5992, #3933, #597 ) ;
#2094 = CARTESIAN_POINT ( 'NONE',  ( 0.9683111114736635550, 0.6965030362038512335, 2.312748706925465747 ) ) ;
#2095 = CARTESIAN_POINT ( 'NONE',  ( -0.8785042870000000503, 0.6450000000000001288, -2.348692979999999597 ) ) ;
#2096 = VERTEX_POINT ( 'NONE', #4632 ) ;
#2097 = CARTESIAN_POINT ( 'NONE',  ( 1.493254370792599817, 1.200000061296899734, -1.203675904849400347 ) ) ;
#2098 = CARTESIAN_POINT ( 'NONE',  ( 1.348144453349936933, 0.8237498690121559664, -1.782717285758345982 ) ) ;
#2099 = EDGE_CURVE ( 'NONE', #9398, #6454, #9560, .T. ) ;
#2100 = ORIENTED_EDGE ( 'NONE', *, *, #9677, .T. ) ;
#2101 = EDGE_CURVE ( 'NONE', #8095, #7430, #927, .T. ) ;
#2102 = ORIENTED_EDGE ( 'NONE', *, *, #10322, .F. ) ;
#2103 = CARTESIAN_POINT ( 'NONE',  ( -0.8785042869927893738, 0.6449999999993585309, 2.300000000000000266 ) ) ;
#2104 = AXIS2_PLACEMENT_3D ( 'NONE', #2892, #10577, #5370 ) ;
#2105 = DIRECTION ( 'NONE',  ( -1.000000000000000000, 0.000000000000000000, 0.000000000000000000 ) ) ;
#2106 = FACE_OUTER_BOUND ( 'NONE', #3524, .T. ) ;
#2107 = VECTOR ( 'NONE', #6638, 1000.000000000000000 ) ;
#2108 = CARTESIAN_POINT ( 'NONE',  ( 1.615072559695439391, 1.128695454823227751, 1.253292720718308217 ) ) ;
#2109 = AXIS2_PLACEMENT_3D ( 'NONE', #10522, #8765, #6363 ) ;
#2110 = CARTESIAN_POINT ( 'NONE',  ( -1.024999999999999911, 0.000000000000000000, 1.750000000284375412 ) ) ;
#2111 = ORIENTED_EDGE ( 'NONE', *, *, #4700, .F. ) ;
#2112 = ADVANCED_FACE ( 'NONE', ( #3640 ), #7101, .T. ) ;
#2113 = CARTESIAN_POINT ( 'NONE',  ( -1.594138432088199941, 1.128643640964400507, -1.284789239608399969 ) ) ;
#2114 = VERTEX_POINT ( 'NONE', #1126 ) ;
#2115 = EDGE_CURVE ( 'NONE', #786, #4363, #255, .T. ) ;
#2116 = ORIENTED_EDGE ( 'NONE', *, *, #2916, .F. ) ;
#2117 = DIRECTION ( 'NONE',  ( 0.000000000000000000, 0.000000000000000000, -1.000000000000000000 ) ) ;
#2118 = CARTESIAN_POINT ( 'NONE',  ( 0.1493274900000000349, 0.1235213810000000273, 2.299999999999999822 ) ) ;
#2119 = DIRECTION ( 'NONE',  ( 0.000000000000000000, 0.000000000000000000, 1.000000000000000000 ) ) ;
#2120 = CARTESIAN_POINT ( 'NONE',  ( -2.449999999999999734, 0.3500000000000000333, -1.250000000000000000 ) ) ;
#2121 = CIRCLE ( 'NONE', #8259, 0.2999999999999997113 ) ;
#2122 = DIRECTION ( 'NONE',  ( -1.000000000000000000, 0.000000000000000000, -0.000000000000000000 ) ) ;
#2123 = CARTESIAN_POINT ( 'NONE',  ( -0.1481698750000000064, 0.2240640910000000485, -2.348013502999999780 ) ) ;
#2124 = CARTESIAN_POINT ( 'NONE',  ( 2.300629074440743160, 0.6995321134813138331, 0.9852948699724544124 ) ) ;
#2125 = DIRECTION ( 'NONE',  ( 1.000000000000000000, -0.000000000000000000, 0.000000000000000000 ) ) ;
#2126 = ORIENTED_EDGE ( 'NONE', *, *, #6651, .T. ) ;
#2127 = CARTESIAN_POINT ( 'NONE',  ( 1.765470275000000200, 1.172138658000000166, 0.9755274960000001050 ) ) ;
#2128 = LINE ( 'NONE', #3006, #5436 ) ;
#2129 = ORIENTED_EDGE ( 'NONE', *, *, #1052, .F. ) ;
#2130 = CARTESIAN_POINT ( 'NONE',  ( -2.298438055000000091, 0.6476198850000001173, 0.9173838330000000374 ) ) ;
#2131 = ADVANCED_FACE ( 'NONE', ( #6182 ), #3588, .T. ) ;
#2132 = DIRECTION ( 'NONE',  ( 0.000000000000000000, 0.000000000000000000, -1.000000000000000000 ) ) ;
#2133 = PLANE ( 'NONE',  #6460 ) ;
#2134 = CARTESIAN_POINT ( 'NONE',  ( -0.6944110897505579860, 1.100000000000000533, 0.9849341393592196958 ) ) ;
#2135 = CARTESIAN_POINT ( 'NONE',  ( -0.9849373593962438278, 1.100000000000000311, -0.6944078624405730649 ) ) ;
#2136 = ORIENTED_EDGE ( 'NONE', *, *, #6413, .F. ) ;
#2137 = CARTESIAN_POINT ( 'NONE',  ( 0.9935114560531999039, 1.200000020573700033, 1.638163144843600261 ) ) ;
#2138 = DIRECTION ( 'NONE',  ( -0.000000000000000000, -1.000000000000000000, -0.000000000000000000 ) ) ;
#2139 = CARTESIAN_POINT ( 'NONE',  ( 2.349999999999999645, 0.04999999999999998196, -1.250000000000000000 ) ) ;
#2140 = VERTEX_POINT ( 'NONE', #9512 ) ;
#2141 = CARTESIAN_POINT ( 'NONE',  ( 0.1500000000000000222, 0.1701311130000000005, 2.433200134999999431 ) ) ;
#2142 = CARTESIAN_POINT ( 'NONE',  ( -1.907298987999999973, 0.8092662499999999648, 1.185084472000000000 ) ) ;
#2143 = EDGE_CURVE ( 'NONE', #7193, #1192, #1992, .T. ) ;
#2144 = VERTEX_POINT ( 'NONE', #10283 ) ;
#2145 = CARTESIAN_POINT ( 'NONE',  ( -2.293438055250580643, 0.7000000000000002887, -0.9950587354881218483 ) ) ;
#2146 = CARTESIAN_POINT ( 'NONE',  ( -1.045808147999999882, 1.172221084000000024, 1.724802817999999904 ) ) ;
#2147 = LINE ( 'NONE', #355, #6654 ) ;
#2148 = CARTESIAN_POINT ( 'NONE',  ( 0.9315450889446716953, 0.6810267998551572388, 2.334996083011402046 ) ) ;
#2149 = LINE ( 'NONE', #8137, #4483 ) ;
#2150 = ORIENTED_EDGE ( 'NONE', *, *, #5748, .F. ) ;
#2151 = CARTESIAN_POINT ( 'NONE',  ( 1.595207103000000126, 1.199997972000000024, -1.151380844000000181 ) ) ;
#2152 = CARTESIAN_POINT ( 'NONE',  ( 1.180516627103181282, 0.8241777021813357917, -1.899261694760195240 ) ) ;
#2153 = ADVANCED_FACE ( 'NONE', ( #3745 ), #6679, .T. ) ;
#2154 = ORIENTED_EDGE ( 'NONE', *, *, #8785, .T. ) ;
#2155 = EDGE_LOOP ( 'NONE', ( #5035, #4394, #1218, #7885, #4541 ) ) ;
#2156 = CARTESIAN_POINT ( 'NONE',  ( -1.688578057099999752, 1.200000040899999787, 0.9039981088399999809 ) ) ;
#2157 = DIRECTION ( 'NONE',  ( 0.9363291765782657539, -0.3511234442304683734, 0.000000000000000000 ) ) ;
#2158 = DIRECTION ( 'NONE',  ( 0.000000000000000000, 0.000000000000000000, -1.000000000000000000 ) ) ;
#2159 = EDGE_CURVE ( 'NONE', #2498, #9702, #3906, .T. ) ;
#2160 = B_SPLINE_CURVE_WITH_KNOTS ( 'NONE', 3,
 ( #1872, #6818, #5225, #9445 ),
 .UNSPECIFIED., .F., .F.,
 ( 4, 4 ),
 ( 0.000000000000000000, 1.000000000000000000 ),
 .UNSPECIFIED. ) ;
#2161 = PLANE ( 'NONE',  #5705 ) ;
#2162 = CARTESIAN_POINT ( 'NONE',  ( 0.000000000000000000, 1.399999999999999911, 0.000000000000000000 ) ) ;
#2163 = ORIENTED_EDGE ( 'NONE', *, *, #2143, .T. ) ;
#2164 = CARTESIAN_POINT ( 'NONE',  ( -1.593927025544100040, 1.129077005482199914, -1.284619167304199783 ) ) ;
#2165 = VERTEX_POINT ( 'NONE', #10552 ) ;
#2166 = ORIENTED_EDGE ( 'NONE', *, *, #4068, .F. ) ;
#2167 = CARTESIAN_POINT ( 'NONE',  ( -1.823793532257002914, 1.128616006862358079, 0.9223948601558902283 ) ) ;
#2168 = CARTESIAN_POINT ( 'NONE',  ( 0.1500156882594143870, 0.09247601193384841212, 2.326105791427193203 ) ) ;
#2169 = CARTESIAN_POINT ( 'NONE',  ( 1.700895457004099942, 1.200000020826199831, -0.8815260113554000965 ) ) ;
#2170 = CARTESIAN_POINT ( 'NONE',  ( 0.1499999799260016142, 0.1703640003201034592, 2.432757682951463440 ) ) ;
#2171 = CARTESIAN_POINT ( 'NONE',  ( -1.216790138999999993, 0.9241006170000001241, 1.809836065999999910 ) ) ;
#2172 = CARTESIAN_POINT ( 'NONE',  ( -0.7250000000796873456, 0.02000000000000000389, 1.350000000010416867 ) ) ;
#2173 = ADVANCED_FACE ( 'NONE', ( #10714 ), #3193, .F. ) ;
#2174 = ADVANCED_FACE ( 'NONE', ( #5563 ), #9769, .T. ) ;
#2175 = CARTESIAN_POINT ( 'NONE',  ( 2.174999999999999822, 0.7000000000000000666, -1.250000000562962787 ) ) ;
#2176 = DIRECTION ( 'NONE',  ( -1.000000000000000000, 0.000000000000000000, 0.000000000000000000 ) ) ;
#2177 = EDGE_LOOP ( 'NONE', ( #4485, #3180, #8360, #423, #10545 ) ) ;
#2178 = VECTOR ( 'NONE', #8521, 1000.000000000000000 ) ;
#2179 = CARTESIAN_POINT ( 'NONE',  ( 1.907295357999999830, 0.8092662699999999543, 1.185090777999999956 ) ) ;
#2180 = FACE_OUTER_BOUND ( 'NONE', #7669, .T. ) ;
#2181 = ORIENTED_EDGE ( 'NONE', *, *, #3520, .T. ) ;
#2182 = EDGE_CURVE ( 'NONE', #4210, #4963, #4900, .T. ) ;
#2183 = CARTESIAN_POINT ( 'NONE',  ( -2.100000000000000089, 0.6500000000000001332, 2.100000000000000089 ) ) ;
#2184 = CARTESIAN_POINT ( 'NONE',  ( -2.334996083054832638, 0.6810267998050597571, 0.9315450888559524412 ) ) ;
#2185 = CARTESIAN_POINT ( 'NONE',  ( -1.399999999999999911, 0.7000000000000000666, 2.174999999999999822 ) ) ;
#2186 = CARTESIAN_POINT ( 'NONE',  ( 2.338768371062175166, 0.6761474308044667092, -0.9232793383401481924 ) ) ;
#2187 = VECTOR ( 'NONE', #2449, 1000.000000000000000 ) ;
#2188 = CARTESIAN_POINT ( 'NONE',  ( -0.8785042870000000503, 0.6450000000000001288, 2.331771387999999945 ) ) ;
#2189 = EDGE_CURVE ( 'NONE', #4862, #2980, #4682, .T. ) ;
#2190 = LINE ( 'NONE', #5547, #9805 ) ;
#2191 = VERTEX_POINT ( 'NONE', #2259 ) ;
#2192 = CARTESIAN_POINT ( 'NONE',  ( 0.9283799420000000691, 1.199997954999999950, 1.734384211999999703 ) ) ;
#2193 = CARTESIAN_POINT ( 'NONE',  ( -1.000000000000000000, 0.7000000000007812195, -2.250000000000001776 ) ) ;
#2194 = PLANE ( 'NONE',  #2926 ) ;
#2195 = VERTEX_POINT ( 'NONE', #10656 ) ;
#2196 = CARTESIAN_POINT ( 'NONE',  ( 0.000000000000000000, 0.6500000000000001332, 0.000000000000000000 ) ) ;
#2197 = VECTOR ( 'NONE', #733, 1000.000000000000000 ) ;
#2198 = CARTESIAN_POINT ( 'NONE',  ( -1.720711153059464760, 0.8238113402939344354, 1.430160124684318301 ) ) ;
#2199 = VERTEX_POINT ( 'NONE', #9667 ) ;
#2200 = LINE ( 'NONE', #9763, #10490 ) ;
#2201 = CARTESIAN_POINT ( 'NONE',  ( -0.9269587860000000346, 1.199999999999999956, 1.677117296999999896 ) ) ;
#2202 = CARTESIAN_POINT ( 'NONE',  ( 2.349999999999999645, 0.6499999999999952482, 1.250000000411111145 ) ) ;
#2203 = CIRCLE ( 'NONE', #7295, 0.3000000000000001554 ) ;
#2204 = CARTESIAN_POINT ( 'NONE',  ( 0.9251165942195258562, 0.6772694141747914731, 2.337981905563604634 ) ) ;
#2205 = DIRECTION ( 'NONE',  ( 0.000000000000000000, 0.000000000000000000, 1.000000000000000000 ) ) ;
#2206 = EDGE_LOOP ( 'NONE', ( #10786, #7435, #3371, #7562 ) ) ;
#2207 = CARTESIAN_POINT ( 'NONE',  ( 1.284954260259999703, 1.128223148659999842, -1.594343559229999707 ) ) ;
#2208 = CARTESIAN_POINT ( 'NONE',  ( 1.720711153059464760, 0.8238113402939344354, -1.430160124684318301 ) ) ;
#2209 = ORIENTED_EDGE ( 'NONE', *, *, #7028, .T. ) ;
#2210 = VERTEX_POINT ( 'NONE', #1386 ) ;
#2211 = CARTESIAN_POINT ( 'NONE',  ( -1.802130481999999922, 1.128834783999999924, 0.9644397660000000316 ) ) ;
#2212 = FACE_OUTER_BOUND ( 'NONE', #7930, .T. ) ;
#2213 = LINE ( 'NONE', #7269, #7492 ) ;
#2214 = EDGE_CURVE ( 'NONE', #9448, #7438, #5679, .T. ) ;
#2215 = CARTESIAN_POINT ( 'NONE',  ( -1.117129161047307528, 0.8000000000929929911, 1.984642723021972088 ) ) ;
#2216 = CARTESIAN_POINT ( 'NONE',  ( 2.348438054999999913, 0.6450000000000001288, -0.8785042870000000503 ) ) ;
#2217 = ORIENTED_EDGE ( 'NONE', *, *, #8895, .T. ) ;
#2218 = AXIS2_PLACEMENT_3D ( 'NONE', #3019, #7303, #8834 ) ;
#2219 = CARTESIAN_POINT ( 'NONE',  ( -1.494084124720000073, 1.200000020229999853, -1.204284650510000221 ) ) ;
#2220 = ORIENTED_EDGE ( 'NONE', *, *, #9395, .T. ) ;
#2221 = ORIENTED_EDGE ( 'NONE', *, *, #6189, .F. ) ;
#2222 = CARTESIAN_POINT ( 'NONE',  ( -1.833188647532703497, 1.111596171676267009, 0.9270631206127116775 ) ) ;
#2223 = DIRECTION ( 'NONE',  ( 0.000000000000000000, -0.3511234442304683734, 0.9363291765782657539 ) ) ;
#2224 = CARTESIAN_POINT ( 'NONE',  ( 0.7895194306069672763, 1.100000000000000311, -0.9073874368261001244 ) ) ;
#2225 = CARTESIAN_POINT ( 'NONE',  ( -1.105244350529618558, 0.8262807634659413702, 1.940570184233394224 ) ) ;
#2226 = CARTESIAN_POINT ( 'NONE',  ( -0.9547009807434029272, 1.128224436536653386, 1.807602027930775401 ) ) ;
#2227 = VECTOR ( 'NONE', #10734, 1000.000000000000000 ) ;
#2228 = CARTESIAN_POINT ( 'NONE',  ( 0.9476304596530926716, 0.6891835075252543685, -2.326198288996061070 ) ) ;
#2229 = CARTESIAN_POINT ( 'NONE',  ( -1.532177299984128327, 0.6400000000000001243, 1.543715557158554352 ) ) ;
#2230 = CARTESIAN_POINT ( 'NONE',  ( 1.879843831999999937, 0.8000000000000000444, 1.290177911000000233 ) ) ;
#2231 = CARTESIAN_POINT ( 'NONE',  ( 2.174999999999999822, 0.7999999999999996003, 1.250000000000000000 ) ) ;
#2232 = ORIENTED_EDGE ( 'NONE', *, *, #8613, .F. ) ;
#2233 = B_SPLINE_CURVE_WITH_KNOTS ( 'NONE', 3,
 ( #5786, #9989, #7642, #3465, #10043, #4956, #2534, #8300, #9932, #2421, #2484, #5118, #74, #5951, #4180, #3356, #4238, #5061, #9117, #1606, #4127, #130, #2648, #6656, #1548, #6819, #1658, #7474, #8463, #783, #950 ),
 .UNSPECIFIED., .F., .F.,
 ( 4, 2, 2, 1, 2, 2, 1, 1, 1, 1, 2, 2, 2, 2, 1, 1, 2, 2, 4 ),
 ( 0.000000000000000000, 0.1250000000000094924, 0.1875000000000141276, 0.2187500000000163758, 0.2343750000000176803, 0.2500000000000189848, 0.3125000000000243139, 0.3437500000000268674, 0.3593750000000282552, 0.3671875000000288658, 0.3710937500000291989, 0.3750000000000294764, 0.4375000000000265343, 0.4687500000000252576, 0.4843750000000247580, 0.4921875000000244804, 0.4960937500000244804, 0.5000000000000244249, 1.000000000000000000 ),
 .UNSPECIFIED. ) ;
#2234 = CARTESIAN_POINT ( 'NONE',  ( 0.9268300165378112743, 1.112062680505558454, -1.832977611507835558 ) ) ;
#2235 = CARTESIAN_POINT ( 'NONE',  ( -2.318969706086871696, 0.6937148313430143709, 0.9591012471015769592 ) ) ;
#2236 = VECTOR ( 'NONE', #5206, 1000.000000000000000 ) ;
#2237 = CARTESIAN_POINT ( 'NONE',  ( -2.295903292922827355, 0.6500000000000003553, 0.9609080587645918436 ) ) ;
#2238 = EDGE_CURVE ( 'NONE', #6245, #8905, #10784, .T. ) ;
#2239 = EDGE_CURVE ( 'NONE', #1676, #8639, #6388, .T. ) ;
#2240 = CARTESIAN_POINT ( 'NONE',  ( 2.334087622288167463, 0.6820551405869011985, -0.9333808734355764081 ) ) ;
#2241 = DIRECTION ( 'NONE',  ( 0.000000000000000000, -1.000000000000000000, 0.000000000000000000 ) ) ;
#2242 = DIRECTION ( 'NONE',  ( -0.000000000000000000, -0.000000000000000000, 1.000000000000000000 ) ) ;
#2243 = VECTOR ( 'NONE', #9821, 1000.000000000000000 ) ;
#2244 = ORIENTED_EDGE ( 'NONE', *, *, #6973, .F. ) ;
#2245 = CARTESIAN_POINT ( 'NONE',  ( 1.284487700000000121, 1.129510422000000069, 1.593685414000000078 ) ) ;
#2246 = CARTESIAN_POINT ( 'NONE',  ( 0.9950587355913473875, 0.7000000000000000666, 2.293438055072888115 ) ) ;
#2247 = FACE_OUTER_BOUND ( 'NONE', #6674, .T. ) ;
#2248 = ORIENTED_EDGE ( 'NONE', *, *, #4424, .T. ) ;
#2249 = PLANE ( 'NONE',  #10193 ) ;
#2250 = CARTESIAN_POINT ( 'NONE',  ( -1.951467716939614627, 0.8235466378435952750, 1.089654453202482776 ) ) ;
#2251 = PLANE ( 'NONE',  #4297 ) ;
#2252 = CARTESIAN_POINT ( 'NONE',  ( 0.4565959976371209428, 0.3823319289225216577, -2.450000000000000178 ) ) ;
#2253 = ADVANCED_FACE ( 'NONE', ( #4074 ), #6439, .T. ) ;
#2254 = CARTESIAN_POINT ( 'NONE',  ( -0.9888017245943999667, 1.127588870301899915, 1.789617871492599877 ) ) ;
#2255 = CARTESIAN_POINT ( 'NONE',  ( -0.8969515047179275058, 0.6584717025159404491, 2.346779980866040116 ) ) ;
#2256 = CIRCLE ( 'NONE', #865, 0.1000000000000004774 ) ;
#2257 = B_SPLINE_CURVE_WITH_KNOTS ( 'NONE', 3,
 ( #474, #9845, #7172, #8208 ),
 .UNSPECIFIED., .F., .F.,
 ( 4, 4 ),
 ( 0.000000000000000000, 1.000000000000000000 ),
 .UNSPECIFIED. ) ;
#2258 = CARTESIAN_POINT ( 'NONE',  ( -1.711935546362721716, 0.8233059092324616079, 1.437938228928476114 ) ) ;
#2259 = CARTESIAN_POINT ( 'NONE',  ( -1.696049974548434092, 1.199999999999989297, 0.8916291299669070192 ) ) ;
#2260 = ORIENTED_EDGE ( 'NONE', *, *, #3258, .F. ) ;
#2261 = CARTESIAN_POINT ( 'NONE',  ( 1.445881072879999785, 1.128302036640000283, -1.445920520539999421 ) ) ;
#2262 = CARTESIAN_POINT ( 'NONE',  ( 1.951467716939614627, 0.8235466378435952750, -1.089654453202482776 ) ) ;
#2263 = CARTESIAN_POINT ( 'NONE',  ( 0.1499999976458038509, 0.09237426141546394021, 2.325516358010388362 ) ) ;
#2264 = B_SPLINE_CURVE_WITH_KNOTS ( 'NONE', 3,
 ( #8115, #5652, #1361, #8983, #1470, #541 ),
 .UNSPECIFIED., .F., .F.,
 ( 4, 2, 4 ),
 ( 0.000000000000000000, 0.5000000000000000000, 1.000000000000000000 ),
 .UNSPECIFIED. ) ;
#2265 = ORIENTED_EDGE ( 'NONE', *, *, #1572, .F. ) ;
#2266 = ORIENTED_EDGE ( 'NONE', *, *, #9017, .T. ) ;
#2267 = EDGE_CURVE ( 'NONE', #10059, #8196, #2975, .T. ) ;
#2268 = CARTESIAN_POINT ( 'NONE',  ( 1.940570267582259811, 0.8262806375273227255, 1.105244366499922748 ) ) ;
#2269 = FACE_OUTER_BOUND ( 'NONE', #6955, .T. ) ;
#2270 = DIRECTION ( 'NONE',  ( 1.000000000000000000, -0.000000000000000000, 0.000000000000000000 ) ) ;
#2271 = VECTOR ( 'NONE', #3783, 1000.000000000000000 ) ;
#2272 = CARTESIAN_POINT ( 'NONE',  ( 0.6000000000000000888, 0.2401880480000000151, 2.299999999999999822 ) ) ;
#2273 = DIRECTION ( 'NONE',  ( 0.000000000000000000, 0.000000000000000000, 1.000000000000000000 ) ) ;
#2274 = VERTEX_POINT ( 'NONE', #8957 ) ;
#2275 = VECTOR ( 'NONE', #7287, 1000.000000000000000 ) ;
#2276 = EDGE_LOOP ( 'NONE', ( #7107, #5870, #10799, #6267 ) ) ;
#2277 = ORIENTED_EDGE ( 'NONE', *, *, #8816, .T. ) ;
#2278 = EDGE_CURVE ( 'NONE', #4232, #5016, #7260, .T. ) ;
#2279 = CARTESIAN_POINT ( 'NONE',  ( -2.100000000000000089, 0.06677425100000003444, 2.394318871999999931 ) ) ;
#2280 = CARTESIAN_POINT ( 'NONE',  ( 1.115387573000000243, 0.8308065689999999393, -1.938447537000000276 ) ) ;
#2281 = CARTESIAN_POINT ( 'NONE',  ( 1.827783961470000218, 1.127407934809999679, -0.9161563738400002599 ) ) ;
#2282 = DIRECTION ( 'NONE',  ( 0.000000000000000000, 0.000000000000000000, 1.000000000000000000 ) ) ;
#2283 =( LENGTH_UNIT ( ) NAMED_UNIT ( * ) SI_UNIT ( .MILLI., .METRE. ) );
#2284 = CARTESIAN_POINT ( 'NONE',  ( -1.984642722803181547, 0.8000000000929995414, -1.117129161346417821 ) ) ;
#2285 = VECTOR ( 'NONE', #9389, 1000.000000000000000 ) ;
#2286 = AXIS2_PLACEMENT_3D ( 'NONE', #6415, #10412, #538 ) ;
#2287 = CARTESIAN_POINT ( 'NONE',  ( 0.9372731946640570078, 0.6841526139279654473, -2.332070799436778863 ) ) ;
#2288 = DIRECTION ( 'NONE',  ( 1.000000000000000000, 0.000000000000000000, 0.000000000000000000 ) ) ;
#2289 = CARTESIAN_POINT ( 'NONE',  ( 1.271316541000000022, 0.8091248960000001489, 1.852303558000000017 ) ) ;
#2290 = DIRECTION ( 'NONE',  ( -0.000000000000000000, 1.000000000000000000, -0.000000000000000000 ) ) ;
#2291 = EDGE_LOOP ( 'NONE', ( #6718, #5889, #93, #10177 ) ) ;
#2292 = CARTESIAN_POINT ( 'NONE',  ( -2.348438054999999913, 0.6745970970000001454, 0.9184339279999998995 ) ) ;
#2293 = CARTESIAN_POINT ( 'NONE',  ( -2.304921198792572401, 0.6987921852766362241, 0.9793798378434068752 ) ) ;
#2294 = AXIS2_PLACEMENT_3D ( 'NONE', #5185, #1575, #10794 ) ;
#2295 = CARTESIAN_POINT ( 'NONE',  ( 2.349999999999999645, 0.3500000000000000333, -0.2000000000000000111 ) ) ;
#2296 = CARTESIAN_POINT ( 'NONE',  ( 2.334996082964881037, 0.6810267999088233104, -0.9315450890397087846 ) ) ;
#2297 = CARTESIAN_POINT ( 'NONE',  ( 1.180616144986458060, 0.8238326667848148155, 1.899451187193478718 ) ) ;
#2298 = CARTESIAN_POINT ( 'NONE',  ( 1.836502778887328713, 1.102651364883272977, 0.9327571059302379730 ) ) ;
#2299 = CARTESIAN_POINT ( 'NONE',  ( -1.600000000000000089, 0.3667742510000000511, 2.500000000000000000 ) ) ;
#2300 = EDGE_CURVE ( 'NONE', #9897, #7054, #2149, .T. ) ;
#2301 = VERTEX_POINT ( 'NONE', #2318 ) ;
#2302 = CARTESIAN_POINT ( 'NONE',  ( 1.354365571700600013, 1.200000061205999780, 1.354328642515799874 ) ) ;
#2303 = DIRECTION ( 'NONE',  ( 0.000000000000000000, 0.000000000000000000, 1.000000000000000000 ) ) ;
#2304 = DIRECTION ( 'NONE',  ( -1.000000000000000000, 0.000000000000000000, -0.000000000000000000 ) ) ;
#2305 = ORIENTED_EDGE ( 'NONE', *, *, #9543, .F. ) ;
#2306 = CARTESIAN_POINT ( 'NONE',  ( 0.1500441853348749854, 0.1696896142208224323, 2.432779614686732650 ) ) ;
#2307 = CARTESIAN_POINT ( 'NONE',  ( -1.844638738146561652, 0.8238588375236630679, 1.266062733206419821 ) ) ;
#2308 = LINE ( 'NONE', #8949, #9883 ) ;
#2309 = ORIENTED_EDGE ( 'NONE', *, *, #252, .T. ) ;
#2310 = CARTESIAN_POINT ( 'NONE',  ( -1.600000000000000089, 0.06677425077319983082, -2.394318871864612674 ) ) ;
#2311 = CARTESIAN_POINT ( 'NONE',  ( -0.9514514940000000642, 1.199997956999999893, 1.721672806999999805 ) ) ;
#2312 = CARTESIAN_POINT ( 'NONE',  ( -0.9346751563678366015, 0.6827734717522974117, 2.333438665524556921 ) ) ;
#2313 = VECTOR ( 'NONE', #7199, 1000.000000000000000 ) ;
#2314 = ADVANCED_FACE ( 'NONE', ( #8846 ), #1333, .T. ) ;
#2315 = EDGE_CURVE ( 'NONE', #4226, #1359, #3466, .T. ) ;
#2316 = CARTESIAN_POINT ( 'NONE',  ( 1.399999999999999911, 0.7000000000000000666, -2.174999999999999822 ) ) ;
#2317 = CARTESIAN_POINT ( 'NONE',  ( 0.9094813745341264744, 0.6672058302752426062, 2.343756054779540410 ) ) ;
#2318 = CARTESIAN_POINT ( 'NONE',  ( 2.348438054999999469, 0.6450000001697385743, 0.8785042870768355883 ) ) ;
#2319 = VERTEX_POINT ( 'NONE', #9173 ) ;
#2320 = CARTESIAN_POINT ( 'NONE',  ( 0.9935023024872997599, 1.200000020573700033, -1.638168672278099924 ) ) ;
#2321 = CARTESIAN_POINT ( 'NONE',  ( -1.651862977837458502, 1.199999999999960876, -0.9718126014903386567 ) ) ;
#2322 = ADVANCED_FACE ( 'NONE', ( #2591 ), #9281, .F. ) ;
#2323 = DIRECTION ( 'NONE',  ( -0.000000000000000000, -0.000000000000000000, 1.000000000000000000 ) ) ;
#2324 = ORIENTED_EDGE ( 'NONE', *, *, #3285, .F. ) ;
#2325 = ORIENTED_EDGE ( 'NONE', *, *, #9939, .F. ) ;
#2326 = CARTESIAN_POINT ( 'NONE',  ( -1.689476216999999725, 1.199999999999999956, 0.9044761839999998498 ) ) ;
#2327 = CARTESIAN_POINT ( 'NONE',  ( 1.000000000000000000, 0.7000000000000000666, 2.250000000000001776 ) ) ;
#2328 = CARTESIAN_POINT ( 'NONE',  ( 1.006999439999999746, 0.6450000000000001288, -2.293438055000000197 ) ) ;
#2329 = ADVANCED_FACE ( 'NONE', ( #4292 ), #7422, .T. ) ;
#2330 = LINE ( 'NONE', #7270, #4124 ) ;
#2331 = CARTESIAN_POINT ( 'NONE',  ( 2.293438055000000197, 0.7005098490000000178, -0.9950587360000001658 ) ) ;
#2332 = ORIENTED_EDGE ( 'NONE', *, *, #10779, .F. ) ;
#2333 = EDGE_LOOP ( 'NONE', ( #7130, #651, #3417, #3126, #9886, #1129, #3366, #9166, #6042 ) ) ;
#2334 = ORIENTED_EDGE ( 'NONE', *, *, #7118, .T. ) ;
#2335 = LINE ( 'NONE', #9901, #7213 ) ;
#2336 = CARTESIAN_POINT ( 'NONE',  ( 0.5929788301066311051, 0.5745774349479113585, -2.350000000000000089 ) ) ;
#2337 = DIRECTION ( 'NONE',  ( -0.000000000000000000, -0.000000000000000000, 1.000000000000000000 ) ) ;
#2338 = CARTESIAN_POINT ( 'NONE',  ( 0.9937673714707324635, 1.199999999998405675, -1.638607705905663847 ) ) ;
#2339 = CARTESIAN_POINT ( 'NONE',  ( -0.9718126014903379906, 1.199999999999960876, 1.651862977837457169 ) ) ;
#2340 = ADVANCED_FACE ( 'NONE', ( #6006 ), #4128, .T. ) ;
#2341 = DIRECTION ( 'NONE',  ( 1.000000000000000000, -0.000000000000000000, -0.000000000000000000 ) ) ;
#2342 = DIRECTION ( 'NONE',  ( 1.000000000000000000, -0.000000000000000000, -0.000000000000000000 ) ) ;
#2343 = CARTESIAN_POINT ( 'NONE',  ( 1.660062027000000162, 0.8091943649999999710, 1.513792483999999883 ) ) ;
#2344 = CARTESIAN_POINT ( 'NONE',  ( 1.100711902000000020, 1.131580398999999959, -1.733002442999999948 ) ) ;
#2345 = ORIENTED_EDGE ( 'NONE', *, *, #5012, .F. ) ;
#2346 = CARTESIAN_POINT ( 'NONE',  ( -1.100000000000000089, 1.100000000000000089, 2.079762069144283003E-16 ) ) ;
#2347 = CARTESIAN_POINT ( 'NONE',  ( -2.296165890220708050, 0.6999491739170261573, 0.9913734558711601030 ) ) ;
#2348 = CARTESIAN_POINT ( 'NONE',  ( 0.8946474345905053305, 0.6464365012914854436, -2.299999999999999822 ) ) ;
#2349 = CARTESIAN_POINT ( 'NONE',  ( 2.340621313205872411, 0.6732702627384468119, -0.9186842364410859885 ) ) ;
#2350 = CARTESIAN_POINT ( 'NONE',  ( -0.7250000000708334280, 0.000000000000000000, -2.299999999999999822 ) ) ;
#2351 = FACE_OUTER_BOUND ( 'NONE', #3054, .T. ) ;
#2352 = CARTESIAN_POINT ( 'NONE',  ( 1.600000000007407275, 0.1000000000897898894, 2.300000000006122924 ) ) ;
#2353 = ORIENTED_EDGE ( 'NONE', *, *, #5259, .T. ) ;
#2354 = CARTESIAN_POINT ( 'NONE',  ( 1.445351251999999587, 1.129587990000000097, 1.445311819999999914 ) ) ;
#2355 = CARTESIAN_POINT ( 'NONE',  ( -1.782802893379172859, 0.8235790300060780167, -1.348209125674968423 ) ) ;
#2356 = DIRECTION ( 'NONE',  ( 1.000000000000000000, -0.000000000000000000, 0.000000000000000000 ) ) ;
#2357 = ORIENTED_EDGE ( 'NONE', *, *, #6473, .F. ) ;
#2358 = CARTESIAN_POINT ( 'NONE',  ( 0.5949446798749924437, 1.200000000000000178, -1.055282399342426736 ) ) ;
#2359 = CARTESIAN_POINT ( 'NONE',  ( -1.430172925461956401, 0.8238113494137736526, 1.720701284018179678 ) ) ;
#2360 = LINE ( 'NONE', #3236, #972 ) ;
#2361 = FACE_OUTER_BOUND ( 'NONE', #10416, .T. ) ;
#2362 = VECTOR ( 'NONE', #8291, 1000.000000000000000 ) ;
#2363 = AXIS2_PLACEMENT_3D ( 'NONE', #5614, #8892, #778 ) ;
#2364 = CARTESIAN_POINT ( 'NONE',  ( -1.836502439761982020, 1.102651530051711681, -0.9327575728701146263 ) ) ;
#2365 = CARTESIAN_POINT ( 'NONE',  ( -0.9052519113223037595, 0.6643106517787928933, 2.344941091258833765 ) ) ;
#2366 = AXIS2_PLACEMENT_3D ( 'NONE', #2602, #10056, #10173 ) ;
#2367 = CARTESIAN_POINT ( 'NONE',  ( 1.000000000000000000, 0.7000000000000000666, 2.250000000000001776 ) ) ;
#2368 = CARTESIAN_POINT ( 'NONE',  ( 0.9333808733405486446, 0.6820551405343993068, 2.334087622336025625 ) ) ;
#2369 = CARTESIAN_POINT ( 'NONE',  ( -2.100000000019234925, 0.3667742510000000511, -2.500000000000000000 ) ) ;
#2370 = VERTEX_POINT ( 'NONE', #8464 ) ;
#2371 = CARTESIAN_POINT ( 'NONE',  ( 1.196111552000000078, 1.129359736000000058, -1.657413087999999979 ) ) ;
#2372 = CARTESIAN_POINT ( 'NONE',  ( -1.683555758859814455, 1.199999999999960876, -0.9152463688150095367 ) ) ;
#2373 = CARTESIAN_POINT ( 'NONE',  ( 0.2999999999701172260, 0.1799999999999999933, -0.8500000000332033068 ) ) ;
#2374 = ORIENTED_EDGE ( 'NONE', *, *, #10667, .T. ) ;
#2375 = ORIENTED_EDGE ( 'NONE', *, *, #2078, .F. ) ;
#2376 = CARTESIAN_POINT ( 'NONE',  ( -1.748407501647999629, 1.127772254065599666, 1.060072944830500852 ) ) ;
#2377 = EDGE_CURVE ( 'NONE', #9273, #7770, #7973, .T. ) ;
#2378 = CARTESIAN_POINT ( 'NONE',  ( -1.907779228000000771, 0.9249010430000005334, -1.035723627999999730 ) ) ;
#2379 = EDGE_CURVE ( 'NONE', #8608, #424, #9024, .T. ) ;
#2380 = LINE ( 'NONE', #797, #1890 ) ;
#2381 = DIRECTION ( 'NONE',  ( 1.000000000000000000, 0.000000000000000000, 0.000000000000000000 ) ) ;
#2382 = ORIENTED_EDGE ( 'NONE', *, *, #7152, .F. ) ;
#2383 = DIRECTION ( 'NONE',  ( 0.000000000000000000, -0.9431887185515800409, 0.3322574923113522649 ) ) ;
#2384 = ORIENTED_EDGE ( 'NONE', *, *, #4368, .F. ) ;
#2385 = ORIENTED_EDGE ( 'NONE', *, *, #4800, .F. ) ;
#2386 = VERTEX_POINT ( 'NONE', #3246 ) ;
#2387 = PLANE ( 'NONE',  #9311 ) ;
#2388 = CARTESIAN_POINT ( 'NONE',  ( 1.689022646250499582, 1.200000020654499844, -0.9042347560441998944 ) ) ;
#2389 = EDGE_CURVE ( 'NONE', #115, #10781, #4337, .T. ) ;
#2390 = DIRECTION ( 'NONE',  ( 0.000000000000000000, 1.000000000000000000, 0.000000000000000000 ) ) ;
#2391 = CARTESIAN_POINT ( 'NONE',  ( -1.121283550201004120, 1.129258664941178658, 1.708319398768197273 ) ) ;
#2392 = CARTESIAN_POINT ( 'NONE',  ( 0.8785042867186774185, 0.6449999999358746461, -2.348438055000000801 ) ) ;
#2393 = DIRECTION ( 'NONE',  ( -1.000000000000000000, 0.000000000000000000, -0.000000000000000000 ) ) ;
#2394 = CARTESIAN_POINT ( 'NONE',  ( 1.580596589000000440, 0.8235000530000003982, 1.580612617999999969 ) ) ;
#2395 = CARTESIAN_POINT ( 'NONE',  ( -1.814269684462868515, 1.144098323007258333, 0.9201840613135403579 ) ) ;
#2396 = ORIENTED_EDGE ( 'NONE', *, *, #2986, .F. ) ;
#2397 = DIRECTION ( 'NONE',  ( 0.000000000000000000, 0.000000000000000000, -1.000000000000000000 ) ) ;
#2398 = CARTESIAN_POINT ( 'NONE',  ( -2.328635982894551315, 0.6872679118018419908, 0.9434783471749100814 ) ) ;
#2399 = CARTESIAN_POINT ( 'NONE',  ( -2.349999999999999645, 0.3499999999925926253, -1.250000000000000000 ) ) ;
#2400 = EDGE_CURVE ( 'NONE', #3856, #4660, #9933, .T. ) ;
#2401 = CARTESIAN_POINT ( 'NONE',  ( 2.339899722952066163, 0.6744332025293872102, -0.9205226477259671469 ) ) ;
#2402 = AXIS2_PLACEMENT_3D ( 'NONE', #2162, #1955, #5359 ) ;
#2403 = LINE ( 'NONE', #2350, #719 ) ;
#2404 = CARTESIAN_POINT ( 'NONE',  ( -0.1497758240000000018, 0.1904321319999995599, -2.305697901000001604 ) ) ;
#2405 = LINE ( 'NONE', #6747, #1762 ) ;
#2406 = VERTEX_POINT ( 'NONE', #7589 ) ;
#2407 = CARTESIAN_POINT ( 'NONE',  ( 1.204638544999999894, 1.199999999999999956, 1.494450661999999985 ) ) ;
#2408 = CARTESIAN_POINT ( 'NONE',  ( -1.740521325999999869, 0.8000000000000000444, -1.446634335999999799 ) ) ;
#2409 = FACE_OUTER_BOUND ( 'NONE', #7977, .T. ) ;
#2410 = ORIENTED_EDGE ( 'NONE', *, *, #473, .F. ) ;
#2411 = VECTOR ( 'NONE', #5086, 1000.000000000000000 ) ;
#2412 = CARTESIAN_POINT ( 'NONE',  ( 0.07582115661971357279, 1.199999999999999956, -1.200095707605328244 ) ) ;
#2413 = CARTESIAN_POINT ( 'NONE',  ( -2.327737799154617093, 0.6880138254366834349, -0.9450403152006178198 ) ) ;
#2414 = CARTESIAN_POINT ( 'NONE',  ( -1.399999999999999911, 0.7000000000000000666, 2.399999999999999911 ) ) ;
#2415 = DIRECTION ( 'NONE',  ( -0.000000000000000000, 1.000000000000000000, -0.000000000000000000 ) ) ;
#2416 = ADVANCED_FACE ( 'NONE', ( #2422 ), #7530, .F. ) ;
#2417 = FACE_OUTER_BOUND ( 'NONE', #8799, .T. ) ;
#2418 = CARTESIAN_POINT ( 'NONE',  ( -0.9521213005280473318, 0.6910954133610901495, 2.323449407294032820 ) ) ;
#2419 = AXIS2_PLACEMENT_3D ( 'NONE', #3284, #10637, #3173 ) ;
#2420 = FACE_OUTER_BOUND ( 'NONE', #1802, .T. ) ;
#2421 = CARTESIAN_POINT ( 'NONE',  ( 1.193694234339033322, 1.129183905733698312, -1.658609636747916616 ) ) ;
#2422 = FACE_OUTER_BOUND ( 'NONE', #1089, .T. ) ;
#2423 = ORIENTED_EDGE ( 'NONE', *, *, #4192, .F. ) ;
#2424 = B_SPLINE_CURVE_WITH_KNOTS ( 'NONE', 3,
 ( #8937, #1587, #7458, #1427 ),
 .UNSPECIFIED., .F., .F.,
 ( 4, 4 ),
 ( 0.000000000000000000, 1.000000000000000000 ),
 .UNSPECIFIED. ) ;
#2425 = CARTESIAN_POINT ( 'NONE',  ( 0.9884113439999999695, 1.128899030999999997, -1.788907716999999842 ) ) ;
#2426 = CARTESIAN_POINT ( 'NONE',  ( 1.660077378000000214, 0.8091943630000000276, -1.513775648999999834 ) ) ;
#2427 = VECTOR ( 'NONE', #7242, 1000.000000000000000 ) ;
#2428 = CARTESIAN_POINT ( 'NONE',  ( 1.000000000000597966, 1.500000000000000000, -4.041334437186266496E-17 ) ) ;
#2429 = CARTESIAN_POINT ( 'NONE',  ( -1.658072302405300791, 1.128057160270599990, -1.196586027577999811 ) ) ;
#2430 = EDGE_LOOP ( 'NONE', ( #3671, #5256, #3386, #7514, #9490, #2033, #1460, #8847, #4860, #9073, #7615, #3200 ) ) ;
#2431 = ORIENTED_EDGE ( 'NONE', *, *, #3800, .T. ) ;
#2432 = CARTESIAN_POINT ( 'NONE',  ( -1.637732839719999944, 1.200000040739999774, 0.9932516536400001206 ) ) ;
#2433 = CARTESIAN_POINT ( 'NONE',  ( 0.7250000000033204328, 0.02000000000000001082, 0.8500000000019531932 ) ) ;
#2434 = DIRECTION ( 'NONE',  ( -0.000000000000000000, -0.000000000000000000, 1.000000000000000000 ) ) ;
#2435 = AXIS2_PLACEMENT_3D ( 'NONE', #6907, #1035, #4489 ) ;
#2436 = LINE ( 'NONE', #746, #978 ) ;
#2437 = EDGE_LOOP ( 'NONE', ( #9681, #8071, #4757, #7146, #2277, #1296 ) ) ;
#2438 = ADVANCED_FACE ( 'NONE', ( #3409 ), #1607, .T. ) ;
#2439 = DIRECTION ( 'NONE',  ( 0.000000000000000000, -1.000000000000000000, 0.000000000000000000 ) ) ;
#2440 = EDGE_CURVE ( 'NONE', #4300, #2114, #6766, .T. ) ;
#2441 = EDGE_LOOP ( 'NONE', ( #920, #10130, #2542, #1698 ) ) ;
#2442 = ORIENTED_EDGE ( 'NONE', *, *, #8006, .T. ) ;
#2443 = EDGE_LOOP ( 'NONE', ( #4525, #10558, #10486, #2334 ) ) ;
#2444 = PLANE ( 'NONE',  #5294 ) ;
#2445 = AXIS2_PLACEMENT_3D ( 'NONE', #237, #2749, #7638 ) ;
#2446 = CARTESIAN_POINT ( 'NONE',  ( -1.129349477944070701, 1.199999999999999956, -0.4060501601480627221 ) ) ;
#2447 = DIRECTION ( 'NONE',  ( 0.000000000000000000, 0.000000000000000000, -1.000000000000000000 ) ) ;
#2448 = CARTESIAN_POINT ( 'NONE',  ( -2.348692979999999597, 0.6747346400000006073, -0.9184392820000000235 ) ) ;
#2449 = DIRECTION ( 'NONE',  ( 0.000000000000000000, 0.000000000000000000, 1.000000000000000000 ) ) ;
#2450 = CARTESIAN_POINT ( 'NONE',  ( 1.823793480397792655, 1.128615982488745395, 0.9223949705300015234 ) ) ;
#2451 = CIRCLE ( 'NONE', #1062, 0.04999999999999969746 ) ;
#2452 = ADVANCED_FACE ( 'NONE', ( #8354 ), #841, .F. ) ;
#2453 = EDGE_CURVE ( 'NONE', #3710, #786, #8674, .T. ) ;
#2454 = CARTESIAN_POINT ( 'NONE',  ( 1.446621385999999676, 0.8000000000000000444, 1.740531306999999694 ) ) ;
#2455 = CARTESIAN_POINT ( 'NONE',  ( 0.000000000000000000, 1.100000000000000089, 0.000000000000000000 ) ) ;
#2456 = ORIENTED_EDGE ( 'NONE', *, *, #6787, .F. ) ;
#2457 = CARTESIAN_POINT ( 'NONE',  ( -0.9388732090000000419, 1.128327845000000051, -1.815817024000000224 ) ) ;
#2458 = EDGE_LOOP ( 'NONE', ( #10672, #10673, #7291, #5926 ) ) ;
#2459 = ADVANCED_FACE ( 'NONE', ( #8624 ), #7855, .T. ) ;
#2460 = LINE ( 'NONE', #1636, #6641 ) ;
#2461 = CARTESIAN_POINT ( 'NONE',  ( 1.204638569782818802, 1.199999999998416333, 1.494450692798080293 ) ) ;
#2462 = AXIS2_PLACEMENT_3D ( 'NONE', #8391, #9047, #6695 ) ;
#2463 = DIRECTION ( 'NONE',  ( 0.000000000000000000, 0.000000000000000000, 1.000000000000000000 ) ) ;
#2464 = CARTESIAN_POINT ( 'NONE',  ( 1.904057680723121537, 0.9225074282637325540, 1.045670423185500963 ) ) ;
#2465 = CARTESIAN_POINT ( 'NONE',  ( 2.100000000000000089, 0.3667742510000000511, -2.500000000000000000 ) ) ;
#2466 = EDGE_LOOP ( 'NONE', ( #8329, #2217, #8739, #3749 ) ) ;
#2467 = ADVANCED_FACE ( 'NONE', ( #5284 ), #1928, .T. ) ;
#2468 = CARTESIAN_POINT ( 'NONE',  ( 1.349655612999999921, 1.172453108000000244, 1.503058841000000090 ) ) ;
#2469 = CARTESIAN_POINT ( 'NONE',  ( -1.580445058183199247, 0.8238429298368775688, -1.580461085649256026 ) ) ;
#2470 = AXIS2_PLACEMENT_3D ( 'NONE', #6962, #2734, #6092 ) ;
#2471 = CARTESIAN_POINT ( 'NONE',  ( 1.469576158976823553E-16, 1.100000000000000089, -1.199999999999999956 ) ) ;
#2472 = ORIENTED_EDGE ( 'NONE', *, *, #579, .F. ) ;
#2473 = VECTOR ( 'NONE', #1125, 1000.000000000000000 ) ;
#2474 = CARTESIAN_POINT ( 'NONE',  ( 0.1445161610000000318, 0.2401880480000000151, 2.349999999999999645 ) ) ;
#2475 = CARTESIAN_POINT ( 'NONE',  ( -2.337959255315078533, 0.6773190630591852113, -0.9251890653722114610 ) ) ;
#2476 = DIRECTION ( 'NONE',  ( 1.000000000000000000, 0.000000000000000000, -0.000000000000000000 ) ) ;
#2477 = ORIENTED_EDGE ( 'NONE', *, *, #256, .F. ) ;
#2478 = DIRECTION ( 'NONE',  ( 0.000000000000000000, -3.614007241618349264E-16, 1.000000000000000000 ) ) ;
#2479 = DIRECTION ( 'NONE',  ( -3.614007241618346010E-15, 0.000000000000000000, 1.000000000000000000 ) ) ;
#2480 = CARTESIAN_POINT ( 'NONE',  ( -0.9070948199908670517, 0.6655802859842578911, 2.344447033082345033 ) ) ;
#2481 = VECTOR ( 'NONE', #4973, 1000.000000000000000 ) ;
#2482 = EDGE_CURVE ( 'NONE', #1825, #7840, #5333, .T. ) ;
#2483 = CARTESIAN_POINT ( 'NONE',  ( -2.299999999869633882, 0.6500000000997725458, 0.9268673177980780720 ) ) ;
#2484 = CARTESIAN_POINT ( 'NONE',  ( 1.221011390098464489, 1.128855010153261507, -1.639173966034728425 ) ) ;
#2485 = DIRECTION ( 'NONE',  ( 0.000000000000000000, 0.000000000000000000, -1.000000000000000000 ) ) ;
#2486 = ORIENTED_EDGE ( 'NONE', *, *, #1989, .T. ) ;
#2487 = CARTESIAN_POINT ( 'NONE',  ( 1.180452292000000014, 1.172349034000000234, -1.635656836999999975 ) ) ;
#2488 = LINE ( 'NONE', #24, #6923 ) ;
#2489 = CIRCLE ( 'NONE', #3712, 2.500000000000000444 ) ;
#2490 = LINE ( 'NONE', #5902, #2063 ) ;
#2491 = CARTESIAN_POINT ( 'NONE',  ( -1.747950506973499740, 1.128643692223900041, -1.059783694630499928 ) ) ;
#2492 = ORIENTED_EDGE ( 'NONE', *, *, #567, .T. ) ;
#2493 = ORIENTED_EDGE ( 'NONE', *, *, #4368, .T. ) ;
#2494 = CARTESIAN_POINT ( 'NONE',  ( -1.738792694999999666, 1.172195649999999922, 1.022718039000000134 ) ) ;
#2495 = DIRECTION ( 'NONE',  ( 0.000000000000000000, 1.000000000000000000, 0.000000000000000000 ) ) ;
#2496 = EDGE_CURVE ( 'NONE', #8904, #4212, #4346, .T. ) ;
#2497 = CARTESIAN_POINT ( 'NONE',  ( 0.03690169323620795527, 0.09018804800000000677, 2.164188047999999309 ) ) ;
#2498 = VERTEX_POINT ( 'NONE', #9447 ) ;
#2499 = CARTESIAN_POINT ( 'NONE',  ( -2.348254792960279502, 0.6494861162929890241, 0.8845787764883729087 ) ) ;
#2500 = ORIENTED_EDGE ( 'NONE', *, *, #10122, .F. ) ;
#2501 = ORIENTED_EDGE ( 'NONE', *, *, #6449, .F. ) ;
#2502 = ORIENTED_EDGE ( 'NONE', *, *, #10375, .F. ) ;
#2503 = LINE ( 'NONE', #6729, #552 ) ;
#2504 = LINE ( 'NONE', #8375, #1946 ) ;
#2505 = CARTESIAN_POINT ( 'NONE',  ( 0.6000000000000001998, 0.1901880479993410256, 1.920188048000000203 ) ) ;
#2506 = EDGE_CURVE ( 'NONE', #10217, #7058, #5219, .T. ) ;
#2507 = CARTESIAN_POINT ( 'NONE',  ( 0.9614604334197587310, 0.6945162477785232769, -2.317412845176984870 ) ) ;
#2508 = CARTESIAN_POINT ( 'NONE',  ( 1.775631907999999815, 1.128963536000000323, -1.012479086999999778 ) ) ;
#2509 = ORIENTED_EDGE ( 'NONE', *, *, #867, .T. ) ;
#2510 = CARTESIAN_POINT ( 'NONE',  ( -0.8815401620000000715, 1.199997949999999980, -1.758367794000000872 ) ) ;
#2511 = ORIENTED_EDGE ( 'NONE', *, *, #10491, .T. ) ;
#2512 = FACE_OUTER_BOUND ( 'NONE', #8808, .T. ) ;
#2513 = DIRECTION ( 'NONE',  ( 0.000000000000000000, 1.000000000000000000, -0.000000000000000000 ) ) ;
#2514 = CARTESIAN_POINT ( 'NONE',  ( 2.449999999999999734, 0.3500000000000000333, 1.250000000000000000 ) ) ;
#2515 = EDGE_CURVE ( 'NONE', #4089, #2993, #10187, .T. ) ;
#2516 = DIRECTION ( 'NONE',  ( -0.000000000000000000, -0.000000000000000000, -1.000000000000000000 ) ) ;
#2517 = EDGE_CURVE ( 'NONE', #3072, #5863, #8882, .T. ) ;
#2518 = CARTESIAN_POINT ( 'NONE',  ( 2.345176233027615798, 0.6636714807633445901, 0.9043301836179304942 ) ) ;
#2519 = DIRECTION ( 'NONE',  ( 0.000000000000000000, -1.000000000000000000, 0.000000000000000000 ) ) ;
#2520 = ORIENTED_EDGE ( 'NONE', *, *, #3693, .F. ) ;
#2521 = CARTESIAN_POINT ( 'NONE',  ( 1.533961275999999652, 1.199997976999999993, 1.236371692999999938 ) ) ;
#2522 = CARTESIAN_POINT ( 'NONE',  ( -1.844910622000000000, 0.8233475040000000078, -1.266237532000000110 ) ) ;
#2523 = CARTESIAN_POINT ( 'NONE',  ( -2.293438055125959441, 0.6500000000000001332, -0.9950587354424604847 ) ) ;
#2524 = EDGE_LOOP ( 'NONE', ( #3912, #9947, #8397, #10454 ) ) ;
#2525 = CARTESIAN_POINT ( 'NONE',  ( 0.1500441847554578323, 0.1854775142551406408, 2.403044048132215504 ) ) ;
#2526 = CARTESIAN_POINT ( 'NONE',  ( -1.600000000000000089, 0.06677425079580673328, -2.394318871864648646 ) ) ;
#2527 = CARTESIAN_POINT ( 'NONE',  ( -1.006999439999999746, 0.7000000000000005107, 2.293438055072888115 ) ) ;
#2528 = EDGE_LOOP ( 'NONE', ( #4157, #6736, #4266, #5627 ) ) ;
#2529 = CARTESIAN_POINT ( 'NONE',  ( 1.890842615272086524, 0.8231220338391994629, -1.195901022544327841 ) ) ;
#2530 = PLANE ( 'NONE',  #5459 ) ;
#2531 = CARTESIAN_POINT ( 'NONE',  ( -0.9732994174418334588, 0.6976794604551700418, 2.309260102116949653 ) ) ;
#2532 = ADVANCED_FACE ( 'NONE', ( #4511 ), #1060, .T. ) ;
#2533 = DIRECTION ( 'NONE',  ( 0.000000000000000000, 1.000000000000000000, -0.000000000000000000 ) ) ;
#2534 = CARTESIAN_POINT ( 'NONE',  ( 1.170194539992261307, 1.129327295422654753, -1.675128436987978864 ) ) ;
#2535 = CARTESIAN_POINT ( 'NONE',  ( 1.600000000000000089, 0.06677425075950733924, -2.394318871851861541 ) ) ;
#2536 = ORIENTED_EDGE ( 'NONE', *, *, #8880, .F. ) ;
#2537 = CARTESIAN_POINT ( 'NONE',  ( 0.9712941177828001704, 1.200000041187800015, -1.650977450107000477 ) ) ;
#2538 = AXIS2_PLACEMENT_3D ( 'NONE', #5217, #3511, #8559 ) ;
#2539 = CARTESIAN_POINT ( 'NONE',  ( 1.123303905251927359, 1.199999999999999956, 0.4225597742086591446 ) ) ;
#2540 = CARTESIAN_POINT ( 'NONE',  ( -0.9591012471831359409, 0.6937148313711233305, -2.318969706033239486 ) ) ;
#2541 = CARTESIAN_POINT ( 'NONE',  ( -1.637738365619999970, 1.200000040739999774, -0.9932425024599998986 ) ) ;
#2542 = ORIENTED_EDGE ( 'NONE', *, *, #6683, .T. ) ;
#2543 = ORIENTED_EDGE ( 'NONE', *, *, #10769, .T. ) ;
#2544 = CARTESIAN_POINT ( 'NONE',  ( -1.689469287789399976, 1.128849861656800124, 1.152119421949699740 ) ) ;
#2545 = LINE ( 'NONE', #5071, #10141 ) ;
#2546 = DIRECTION ( 'NONE',  ( 0.000000000000000000, 0.000000000000000000, 1.000000000000000000 ) ) ;
#2547 = B_SPLINE_CURVE_WITH_KNOTS ( 'NONE', 3,
 ( #3326, #10126, #5809, #7498 ),
 .UNSPECIFIED., .F., .F.,
 ( 4, 4 ),
 ( 0.000000000000000000, 1.000000000000000000 ),
 .UNSPECIFIED. ) ;
#2548 = VECTOR ( 'NONE', #1472, 1000.000000000000000 ) ;
#2549 = CARTESIAN_POINT ( 'NONE',  ( 1.942104152170729625, 0.8233145123187884939, 1.106843486781058372 ) ) ;
#2550 = ORIENTED_EDGE ( 'NONE', *, *, #1794, .F. ) ;
#2551 = CARTESIAN_POINT ( 'NONE',  ( -2.346835145191810579, 0.6581989618618379057, 0.8965737282239001349 ) ) ;
#2552 = ORIENTED_EDGE ( 'NONE', *, *, #7923, .T. ) ;
#2553 = VECTOR ( 'NONE', #1446, 1000.000000000000000 ) ;
#2554 = ORIENTED_EDGE ( 'NONE', *, *, #6126, .T. ) ;
#2555 = ORIENTED_EDGE ( 'NONE', *, *, #10761, .F. ) ;
#2556 = DIRECTION ( 'NONE',  ( -0.000000000000000000, -0.000000000000000000, 1.000000000000000000 ) ) ;
#2557 = DIRECTION ( 'NONE',  ( 0.000000000000000000, -1.000000000000000000, 0.000000000000000000 ) ) ;
#2558 = ADVANCED_FACE ( 'NONE', ( #9598 ), #3768, .T. ) ;
#2559 = CARTESIAN_POINT ( 'NONE',  ( -0.6000000000000000888, 0.2401880480000000151, -2.349999999995503241 ) ) ;
#2560 = CARTESIAN_POINT ( 'NONE',  ( -2.348438054999999913, 0.6745970970000001454, -0.9184339279999998995 ) ) ;
#2561 = VECTOR ( 'NONE', #5711, 1000.000000000000000 ) ;
#2562 = DIRECTION ( 'NONE',  ( 0.000000000000000000, 0.000000000000000000, -1.000000000000000000 ) ) ;
#2563 = CARTESIAN_POINT ( 'NONE',  ( 1.747713141999999831, 1.129079445999999987, -1.059653715999999912 ) ) ;
#2564 = ORIENTED_EDGE ( 'NONE', *, *, #1363, .F. ) ;
#2565 = CARTESIAN_POINT ( 'NONE',  ( -0.9495315799999999307, 1.199999999999999956, -1.664708796999999851 ) ) ;
#2566 = EDGE_LOOP ( 'NONE', ( #9288, #10006, #5980, #1451 ) ) ;
#2567 = LINE ( 'NONE', #10023, #3306 ) ;
#2568 = FACE_OUTER_BOUND ( 'NONE', #8731, .T. ) ;
#2569 = LINE ( 'NONE', #4271, #3863 ) ;
#2570 = CARTESIAN_POINT ( 'NONE',  ( 2.174999999999999822, 0.8000000000000001554, -1.250000000000000000 ) ) ;
#2571 = CARTESIAN_POINT ( 'NONE',  ( 2.333438665386914135, 0.6827734718980567052, 0.9346751566358982855 ) ) ;
#2572 = CARTESIAN_POINT ( 'NONE',  ( -0.6000000000000000888, 0.6500000000000001332, -2.299999999999999822 ) ) ;
#2573 = ORIENTED_EDGE ( 'NONE', *, *, #2189, .T. ) ;
#2574 = CARTESIAN_POINT ( 'NONE',  ( 1.747719052999999745, 1.129079423000000082, 1.059643952999999916 ) ) ;
#2575 = CARTESIAN_POINT ( 'NONE',  ( -1.720701284018179678, 0.8238113494137736526, -1.430172925461956401 ) ) ;
#2576 = CYLINDRICAL_SURFACE ( 'NONE', #9412, 0.2999999999999997113 ) ;
#2577 = ORIENTED_EDGE ( 'NONE', *, *, #7564, .F. ) ;
#2578 = EDGE_CURVE ( 'NONE', #10605, #5068, #664, .T. ) ;
#2579 = CARTESIAN_POINT ( 'NONE',  ( -1.000000000000000000, 0.8000000000000000444, -2.250000000000001776 ) ) ;
#2580 = CARTESIAN_POINT ( 'NONE',  ( -2.325678427202356957, 0.6895642591557167300, -0.9484939173881283825 ) ) ;
#2581 = EDGE_CURVE ( 'NONE', #10644, #10284, #10453, .T. ) ;
#2582 = CARTESIAN_POINT ( 'NONE',  ( 1.102127804942468758, 0.8324359388526573200, -1.937836514151534351 ) ) ;
#2583 = VERTEX_POINT ( 'NONE', #8074 ) ;
#2584 = VECTOR ( 'NONE', #6429, 1000.000000000000000 ) ;
#2585 = FACE_OUTER_BOUND ( 'NONE', #6383, .T. ) ;
#2586 = CARTESIAN_POINT ( 'NONE',  ( -0.9609080587602513157, 0.6500000000000004663, -2.295903292923191064 ) ) ;
#2587 = CARTESIAN_POINT ( 'NONE',  ( -0.9999999991703705238, 0.7000000000000000666, -2.399999999999999911 ) ) ;
#2588 = AXIS2_PLACEMENT_3D ( 'NONE', #5407, #6081, #8748 ) ;
#2589 = PLANE ( 'NONE',  #7032 ) ;
#2590 = CARTESIAN_POINT ( 'NONE',  ( 0.1499999976458038509, 0.09237426141546394021, 2.325516358010388362 ) ) ;
#2591 = FACE_OUTER_BOUND ( 'NONE', #6686, .T. ) ;
#2592 = ORIENTED_EDGE ( 'NONE', *, *, #8309, .F. ) ;
#2593 = DIRECTION ( 'NONE',  ( -0.000000000000000000, -1.000000000000000000, -0.000000000000000000 ) ) ;
#2594 = CARTESIAN_POINT ( 'NONE',  ( -2.349999999999999645, 0.3500000000000000333, 1.250000000000000000 ) ) ;
#2595 = EDGE_CURVE ( 'NONE', #6356, #7980, #5497, .T. ) ;
#2596 = CARTESIAN_POINT ( 'NONE',  ( -2.299999999934275507, 0.6500000000000001332, 2.100000000000000089 ) ) ;
#2597 = CARTESIAN_POINT ( 'NONE',  ( -1.701356799999999891, 1.199999999999999956, -0.8817566440000000894 ) ) ;
#2598 = EDGE_LOOP ( 'NONE', ( #5848, #9329, #3016, #4755, #7399 ) ) ;
#2599 = CARTESIAN_POINT ( 'NONE',  ( -1.593685414000000078, 1.129510422000000069, 1.284487700000000121 ) ) ;
#2600 = DIRECTION ( 'NONE',  ( -1.000000000000000000, 0.000000000000000000, -0.000000000000000000 ) ) ;
#2601 = CARTESIAN_POINT ( 'NONE',  ( 0.9180838960000000659, 0.6656046930000002471, 2.331771387999999945 ) ) ;
#2602 = CARTESIAN_POINT ( 'NONE',  ( 0.000000000000000000, 0.6400000000000001243, 0.000000000000000000 ) ) ;
#2603 = ORIENTED_EDGE ( 'NONE', *, *, #1981, .T. ) ;
#2604 = AXIS2_PLACEMENT_3D ( 'NONE', #4663, #1312, #9698 ) ;
#2605 = DIRECTION ( 'NONE',  ( -0.000000000000000000, -1.000000000000000000, 0.000000000000000000 ) ) ;
#2606 = EDGE_CURVE ( 'NONE', #6633, #7170, #5922, .T. ) ;
#2607 = EDGE_LOOP ( 'NONE', ( #1031, #6609, #5746, #10332, #6862, #889, #3655, #9038 ) ) ;
#2608 = VERTEX_POINT ( 'NONE', #8178 ) ;
#2609 = ORIENTED_EDGE ( 'NONE', *, *, #509, .T. ) ;
#2610 = DIRECTION ( 'NONE',  ( 0.000000000000000000, 0.9431887194358136162, -0.3322574898012535805 ) ) ;
#2611 = CARTESIAN_POINT ( 'NONE',  ( -0.1516423132394301709, 1.200000000000000400, -1.199808584789342714 ) ) ;
#2612 = CARTESIAN_POINT ( 'NONE',  ( 0.9999999999219267854, 0.7000000000000000666, 2.250000000000001776 ) ) ;
#2613 = VECTOR ( 'NONE', #8655, 1000.000000000000000 ) ;
#2614 = CARTESIAN_POINT ( 'NONE',  ( -1.372270759497878911, 1.129570543718057651, 1.514783711858940451 ) ) ;
#2615 = CARTESIAN_POINT ( 'NONE',  ( -1.082803079319748729, 1.200000000000000178, 0.5176771970838132120 ) ) ;
#2616 = CARTESIAN_POINT ( 'NONE',  ( 1.677118664000000203, 1.199999999999999956, -0.9269562990000003166 ) ) ;
#2617 = EDGE_CURVE ( 'NONE', #7699, #4770, #557, .T. ) ;
#2618 = ORIENTED_EDGE ( 'NONE', *, *, #4132, .F. ) ;
#2619 = VECTOR ( 'NONE', #1692, 1000.000000000000000 ) ;
#2620 = CARTESIAN_POINT ( 'NONE',  ( -0.9518762110000000831, 1.172109289999999859, -1.778526703999999903 ) ) ;
#2621 = VERTEX_POINT ( 'NONE', #10592 ) ;
#2622 = CARTESIAN_POINT ( 'NONE',  ( 1.875000000000000000, 0.7000000000000009548, -1.875000000000000000 ) ) ;
#2623 = DIRECTION ( 'NONE',  ( 0.000000000000000000, -0.9431887185515800409, 0.3322574923113522649 ) ) ;
#2624 = CARTESIAN_POINT ( 'NONE',  ( 2.349999999999999645, 0.3500000000000000333, -0.1999999999999998723 ) ) ;
#2625 = CARTESIAN_POINT ( 'NONE',  ( -0.1500441853348749854, 0.1697677717027251953, -2.432632408359744591 ) ) ;
#2626 = AXIS2_PLACEMENT_3D ( 'NONE', #3825, #388, #9642 ) ;
#2627 = B_SPLINE_CURVE_WITH_KNOTS ( 'NONE', 3,
 ( #5538, #8876, #2234, #10472 ),
 .UNSPECIFIED., .F., .F.,
 ( 4, 4 ),
 ( 0.000000000000000000, 1.000000000000000000 ),
 .UNSPECIFIED. ) ;
#2628 = CARTESIAN_POINT ( 'NONE',  ( 2.344447033007874825, 0.6655802861688360217, 0.9070948202599646848 ) ) ;
#2629 = CARTESIAN_POINT ( 'NONE',  ( 2.348438054999999913, 2.985561945000001938, 0.000000000000000000 ) ) ;
#2630 = B_SPLINE_CURVE_WITH_KNOTS ( 'NONE', 3,
 ( #3625, #6982, #6169, #7911, #10425, #6428 ),
 .UNSPECIFIED., .F., .F.,
 ( 4, 2, 4 ),
 ( 0.000000000000000000, 0.5000000000000000000, 1.000000000000000000 ),
 .UNSPECIFIED. ) ;
#2631 = ORIENTED_EDGE ( 'NONE', *, *, #10236, .T. ) ;
#2632 = CARTESIAN_POINT ( 'NONE',  ( 1.762354374360000087, 1.128160284579999839, 1.036505892680000152 ) ) ;
#2633 = CARTESIAN_POINT ( 'NONE',  ( 2.294205388119173072, 0.6500000000000001332, -0.9836713796556204592 ) ) ;
#2634 = ORIENTED_EDGE ( 'NONE', *, *, #10075, .T. ) ;
#2635 = CYLINDRICAL_SURFACE ( 'NONE', #6518, 0.1499999999999999667 ) ;
#2636 = CYLINDRICAL_SURFACE ( 'NONE', #7805, 2.500000000000000000 ) ;
#2637 = CARTESIAN_POINT ( 'NONE',  ( -0.9327617623105296518, 1.102652276333759840, -1.836501120537589182 ) ) ;
#2638 = VERTEX_POINT ( 'NONE', #9867 ) ;
#2639 = AXIS2_PLACEMENT_3D ( 'NONE', #5210, #7626, #6966 ) ;
#2640 = CARTESIAN_POINT ( 'NONE',  ( 0.7250000000000001998, 0.1799999999999999933, 0.5000000000371094266 ) ) ;
#2641 = LINE ( 'NONE', #8618, #9838 ) ;
#2642 = DIRECTION ( 'NONE',  ( 0.000000000000000000, 0.000000000000000000, -1.000000000000000000 ) ) ;
#2643 = EDGE_CURVE ( 'NONE', #7481, #5016, #4005, .T. ) ;
#2644 = VECTOR ( 'NONE', #6909, 1000.000000000000000 ) ;
#2645 = VECTOR ( 'NONE', #6188, 1000.000000000000000 ) ;
#2646 = DIRECTION ( 'NONE',  ( -1.000000000000000000, 0.000000000000000000, -0.000000000000000000 ) ) ;
#2647 = DIRECTION ( 'NONE',  ( -0.000000000000000000, -1.000000000000000000, 0.000000000000000000 ) ) ;
#2648 = CARTESIAN_POINT ( 'NONE',  ( 1.405206962240477697, 1.129585049603453406, -1.484349420069974945 ) ) ;
#2649 = DIRECTION ( 'NONE',  ( 1.000000000000000000, 0.000000000000000000, 0.000000000000000000 ) ) ;
#2650 = EDGE_LOOP ( 'NONE', ( #6672, #6019, #7423, #7597 ) ) ;
#2651 = CARTESIAN_POINT ( 'NONE',  ( 0.8588168320000001410, 1.199999999999999956, -1.712800893999999907 ) ) ;
#2652 = CARTESIAN_POINT ( 'NONE',  ( 0.5176774005481024066, 1.200000000000000178, 1.082802875397869791 ) ) ;
#2653 = CARTESIAN_POINT ( 'NONE',  ( -0.9572613157153985197, 0.6930692055292445586, -2.320174152823781366 ) ) ;
#2654 = CARTESIAN_POINT ( 'NONE',  ( -1.747050862000000038, 1.199997938000000097, -0.9045584920000000473 ) ) ;
#2655 = VERTEX_POINT ( 'NONE', #2963 ) ;
#2656 = CARTESIAN_POINT ( 'NONE',  ( -1.079478567840000069, 1.200000060899999887, 1.582664205820000003 ) ) ;
#2657 = CYLINDRICAL_SURFACE ( 'NONE', #4194, 0.04999999999999969746 ) ;
#2658 = AXIS2_PLACEMENT_3D ( 'NONE', #363, #2722, #7771 ) ;
#2659 = CARTESIAN_POINT ( 'NONE',  ( -0.9561791889999999849, 0.6500000000000001332, 2.296057939999999853 ) ) ;
#2660 = EDGE_CURVE ( 'NONE', #8246, #4834, #8017, .T. ) ;
#2661 = EDGE_CURVE ( 'NONE', #3155, #750, #1426, .T. ) ;
#2662 = FACE_OUTER_BOUND ( 'NONE', #3538, .T. ) ;
#2663 = CARTESIAN_POINT ( 'NONE',  ( 0.07362559241531352328, 0.09018804800000003452, 2.178390378265967708 ) ) ;
#2664 = AXIS2_PLACEMENT_3D ( 'NONE', #2196, #10429, #8077 ) ;
#2665 = EDGE_CURVE ( 'NONE', #7737, #51, #6322, .T. ) ;
#2666 = ORIENTED_EDGE ( 'NONE', *, *, #1792, .F. ) ;
#2667 = CARTESIAN_POINT ( 'NONE',  ( -2.348131249390882580, 0.6508409458818924520, 0.8864232340106438235 ) ) ;
#2668 = VERTEX_POINT ( 'NONE', #3071 ) ;
#2669 = ORIENTED_EDGE ( 'NONE', *, *, #2884, .T. ) ;
#2670 = ORIENTED_EDGE ( 'NONE', *, *, #2684, .T. ) ;
#2671 = LINE ( 'NONE', #7554, #377 ) ;
#2672 = CARTESIAN_POINT ( 'NONE',  ( -2.449999999999999734, 0.6500000000000006883, 1.250000000000000000 ) ) ;
#2673 = LINE ( 'NONE', #4314, #8889 ) ;
#2674 = EDGE_CURVE ( 'NONE', #6943, #1913, #10541, .T. ) ;
#2675 = DIRECTION ( 'NONE',  ( 0.000000000000000000, -1.000000000000000000, 0.000000000000000000 ) ) ;
#2676 = CARTESIAN_POINT ( 'NONE',  ( 1.776097316800000048, 1.128099443840000271, -1.012743195499999915 ) ) ;
#2677 = VERTEX_POINT ( 'NONE', #6378 ) ;
#2678 = CARTESIAN_POINT ( 'NONE',  ( -1.106917242085500019, 1.127885504033700137, -1.720044409407799790 ) ) ;
#2679 = ORIENTED_EDGE ( 'NONE', *, *, #367, .F. ) ;
#2680 = CARTESIAN_POINT ( 'NONE',  ( -1.750000000000000000, 0.6400000000000001243, -1.450000000000000400 ) ) ;
#2681 = CARTESIAN_POINT ( 'NONE',  ( 1.583922378714263335, 1.199999999998410782, 1.080333874239167935 ) ) ;
#2682 = CARTESIAN_POINT ( 'NONE',  ( -2.323820441902625600, 0.6450000000000001288, 0.8785042869999999393 ) ) ;
#2683 = PLANE ( 'NONE',  #6634 ) ;
#2684 = EDGE_CURVE ( 'NONE', #7330, #637, #10643, .T. ) ;
#2685 = B_SPLINE_CURVE_WITH_KNOTS ( 'NONE', 3,
 ( #9791, #3927, #6359, #5699, #5527, #643, #2338, #2998, #3982, #8922, #9903, #8159, #10624, #5754, #8053, #7335, #9082, #10677, #5645, #7175, #8867, #591, #1353, #9737, #8109 ),
 .UNSPECIFIED., .F., .F.,
 ( 4, 3, 3, 3, 3, 3, 3, 3, 4 ),
 ( 0.000000000000000000, 0.03449939489291025535, 0.1009995172066814606, 0.2339997618342163910, 0.5000002510892854746, 0.7660007403443550578, 0.8990009849718885171, 0.9655011072856518606, 1.000000000000000000 ),
 .UNSPECIFIED. ) ;
#2686 = CARTESIAN_POINT ( 'NONE',  ( 2.340114896493310948, 0.6740907625935697034, 0.9199794696199027344 ) ) ;
#2687 = CARTESIAN_POINT ( 'NONE',  ( -1.532177299997032227, 0.6500000000000001332, -1.543715557145747042 ) ) ;
#2688 = ORIENTED_EDGE ( 'NONE', *, *, #3380, .F. ) ;
#2689 = CARTESIAN_POINT ( 'NONE',  ( 1.635656836999999975, 1.172349034000000234, 1.180452292000000014 ) ) ;
#2690 = LINE ( 'NONE', #6205, #1227 ) ;
#2691 = VERTEX_POINT ( 'NONE', #4833 ) ;
#2692 = DIRECTION ( 'NONE',  ( -1.000000000000000000, 0.000000000000000000, -0.000000000000000000 ) ) ;
#2693 = CARTESIAN_POINT ( 'NONE',  ( -2.309054266700977021, 0.6977403340038035306, -0.9735905005138408841 ) ) ;
#2694 = DIRECTION ( 'NONE',  ( -0.000000000000000000, -1.000000000000000000, -0.000000000000000000 ) ) ;
#2695 = VERTEX_POINT ( 'NONE', #7250 ) ;
#2696 = CARTESIAN_POINT ( 'NONE',  ( -0.7250000000000000888, 0.1800000000000000211, -0.8500000000000000888 ) ) ;
#2697 = CARTESIAN_POINT ( 'NONE',  ( -0.6000000000000000888, 0.8000000000000000444, -2.349999999991005950 ) ) ;
#2698 = CARTESIAN_POINT ( 'NONE',  ( -0.9871397886931795318, 0.6996931943676952814, 2.299279001099013620 ) ) ;
#2699 = ADVANCED_FACE ( 'NONE', ( #6480 ), #2194, .F. ) ;
#2700 = CARTESIAN_POINT ( 'NONE',  ( 0.8785042867778679598, 0.6450000000080103879, -2.299999999999999822 ) ) ;
#2701 = CARTESIAN_POINT ( 'NONE',  ( 0.8812957127108000943, 1.200000041652399707, 1.700433947008199942 ) ) ;
#2702 = CARTESIAN_POINT ( 'NONE',  ( 1.532177300039949008, 0.6500000000000001332, -1.543715557103150671 ) ) ;
#2703 = CARTESIAN_POINT ( 'NONE',  ( 2.348947903999999642, 0.6450000000000001288, 0.8785042870000000503 ) ) ;
#2704 = ORIENTED_EDGE ( 'NONE', *, *, #9496, .F. ) ;
#2705 = CARTESIAN_POINT ( 'NONE',  ( 0.9044773949999999063, 1.199999999999999956, -1.689475596000000079 ) ) ;
#2706 = CARTESIAN_POINT ( 'NONE',  ( 2.449999999999999734, 0.6499999999999984679, 1.250000000411111145 ) ) ;
#2707 = CARTESIAN_POINT ( 'NONE',  ( -0.9747656625507553629, 0.6979924103188536177, -2.308225061712690263 ) ) ;
#2708 = CARTESIAN_POINT ( 'NONE',  ( -1.738795874999999880, 1.172195644000000092, -1.022712500000000135 ) ) ;
#2709 = VERTEX_POINT ( 'NONE', #3179 ) ;
#2710 = CARTESIAN_POINT ( 'NONE',  ( -1.427911569640000877, 1.200000020200000739, 1.282236532770000492 ) ) ;
#2711 = DIRECTION ( 'NONE',  ( 0.000000000000000000, -0.9431887185412952679, -0.3322574923405479663 ) ) ;
#2712 = CARTESIAN_POINT ( 'NONE',  ( -1.660090943205290603, 1.129199177301398294, -1.191597877075074585 ) ) ;
#2713 = CARTESIAN_POINT ( 'NONE',  ( 2.175000000019753355, 0.8000000000000000444, -1.250000000375308451 ) ) ;
#2714 = CARTESIAN_POINT ( 'NONE',  ( -0.9950587360000001658, 0.7000000000000000666, -2.293438055000000197 ) ) ;
#2715 = ORIENTED_EDGE ( 'NONE', *, *, #6825, .F. ) ;
#2716 = PLANE ( 'NONE',  #9730 ) ;
#2717 = ORIENTED_EDGE ( 'NONE', *, *, #6089, .T. ) ;
#2718 = EDGE_CURVE ( 'NONE', #7363, #2691, #6538, .T. ) ;
#2719 = ORIENTED_EDGE ( 'NONE', *, *, #5470, .F. ) ;
#2720 = ADVANCED_FACE ( 'NONE', ( #2247 ), #7141, .F. ) ;
#2721 = EDGE_LOOP ( 'NONE', ( #2056, #9347, #10499, #10618 ) ) ;
#2722 = DIRECTION ( 'NONE',  ( -1.000000000000000000, 0.000000000000000000, 0.000000000000000000 ) ) ;
#2723 = AXIS2_PLACEMENT_3D ( 'NONE', #8932, #7131, #1310 ) ;
#2724 = DIRECTION ( 'NONE',  ( 0.000000000000000000, 0.000000000000000000, -1.000000000000000000 ) ) ;
#2725 = CARTESIAN_POINT ( 'NONE',  ( 2.100000000000000089, 0.6500000000000001332, 2.100000000000000089 ) ) ;
#2726 = CARTESIAN_POINT ( 'NONE',  ( -2.294952300395007416, 0.6500000000000005773, -0.9722187034575506814 ) ) ;
#2727 = ORIENTED_EDGE ( 'NONE', *, *, #5208, .F. ) ;
#2728 = CARTESIAN_POINT ( 'NONE',  ( -1.284827855031600352, 1.128643693530000602, -1.594108219109200197 ) ) ;
#2729 = EDGE_CURVE ( 'NONE', #1689, #4657, #4781, .T. ) ;
#2730 = EDGE_LOOP ( 'NONE', ( #6805, #3430, #6620, #401, #7266 ) ) ;
#2731 = CARTESIAN_POINT ( 'NONE',  ( 1.602918502000000966, 1.131354653999999904, 1.286183110000000740 ) ) ;
#2732 = DIRECTION ( 'NONE',  ( 9.035018104045846042E-17, -1.000000000000000000, 0.000000000000000000 ) ) ;
#2733 = DIRECTION ( 'NONE',  ( 0.000000000000000000, -1.000000000000000000, 0.000000000000000000 ) ) ;
#2734 = DIRECTION ( 'NONE',  ( 0.000000000000000000, 1.000000000000000000, 0.000000000000000000 ) ) ;
#2735 = CARTESIAN_POINT ( 'NONE',  ( -0.1481698020000000171, 0.1917095500000000341, -2.444361053000000172 ) ) ;
#2736 = VECTOR ( 'NONE', #1365, 1000.000000000000000 ) ;
#2737 = CARTESIAN_POINT ( 'NONE',  ( 2.319935360440989580, 0.6932158059007681450, 0.9576376385747811248 ) ) ;
#2738 = LINE ( 'NONE', #1098, #7033 ) ;
#2739 = EDGE_LOOP ( 'NONE', ( #1434, #5253 ) ) ;
#2740 = CARTESIAN_POINT ( 'NONE',  ( 1.762123408679999947, 1.128592003789999909, 1.036370663340000053 ) ) ;
#2741 = CARTESIAN_POINT ( 'NONE',  ( -1.089761193734160916, 0.8232097599478651606, -1.951655119646538372 ) ) ;
#2742 = ORIENTED_EDGE ( 'NONE', *, *, #6787, .T. ) ;
#2743 = DIRECTION ( 'NONE',  ( -1.000000000000000000, 0.000000000000000000, 0.000000000000000000 ) ) ;
#2744 = FACE_OUTER_BOUND ( 'NONE', #7939, .T. ) ;
#2745 = EDGE_CURVE ( 'NONE', #2140, #2709, #9782, .T. ) ;
#2746 = CARTESIAN_POINT ( 'NONE',  ( -1.446400000000000574, 0.6400000000000001243, -2.053599999999999870 ) ) ;
#2747 = CARTESIAN_POINT ( 'NONE',  ( -1.600000000000000089, 0.4000000000000000222, 2.405681128000001667 ) ) ;
#2748 = CARTESIAN_POINT ( 'NONE',  ( -2.300000000000000266, 0.6464365012750376005, -0.8946474344056671857 ) ) ;
#2749 = DIRECTION ( 'NONE',  ( -0.000000000000000000, 1.000000000000000000, -0.000000000000000000 ) ) ;
#2750 = DIRECTION ( 'NONE',  ( -1.000000000000000000, -0.000000000000000000, -0.000000000000000000 ) ) ;
#2751 = DIRECTION ( 'NONE',  ( -0.000000000000000000, 2.168404344971021884E-15, 1.000000000000000000 ) ) ;
#2752 = CYLINDRICAL_SURFACE ( 'NONE', #9468, 0.3000000000000001554 ) ;
#2753 = CARTESIAN_POINT ( 'NONE',  ( 0.000000000000000000, 0.6500000000000001332, 0.000000000000000000 ) ) ;
#2754 = ORIENTED_EDGE ( 'NONE', *, *, #5748, .T. ) ;
#2755 = VECTOR ( 'NONE', #5008, 1000.000000000000000 ) ;
#2756 = CARTESIAN_POINT ( 'NONE',  ( 2.299999999999999822, 0.7000000000000000666, -1.250000000099999786 ) ) ;
#2757 = DIRECTION ( 'NONE',  ( 0.000000000000000000, -1.000000000000000000, 0.000000000000000000 ) ) ;
#2758 = ADVANCED_FACE ( 'NONE', ( #5722 ), #2576, .F. ) ;
#2759 = CARTESIAN_POINT ( 'NONE',  ( -0.9048748172609442086, 0.6640536880752934135, -2.345050208117870572 ) ) ;
#2760 = DIRECTION ( 'NONE',  ( 0.000000000000000000, -1.000000000000000000, -1.445602896647339508E-15 ) ) ;
#2761 = EDGE_LOOP ( 'NONE', ( #4246, #10578, #9548, #639, #10298, #6367, #9523, #4943 ) ) ;
#2762 = CARTESIAN_POINT ( 'NONE',  ( -1.445695116939200497, 1.128722114737600313, 1.445734559483599302 ) ) ;
#2763 = CARTESIAN_POINT ( 'NONE',  ( 0.1495516660000000275, 0.1901880480000000817, 2.302849076999999411 ) ) ;
#2764 = CARTESIAN_POINT ( 'NONE',  ( -1.725574770685239345, 1.129098300960626133, -1.094900737892857912 ) ) ;
#2765 = VECTOR ( 'NONE', #10113, 1000.000000000000000 ) ;
#2766 = CARTESIAN_POINT ( 'NONE',  ( 0.9710765684565756395, 0.6971843866612841278, 2.310823481314109085 ) ) ;
#2767 = CARTESIAN_POINT ( 'NONE',  ( -0.9551183869999999576, 0.7005098490000000178, -2.323310238000000361 ) ) ;
#2768 = ORIENTED_EDGE ( 'NONE', *, *, #6776, .T. ) ;
#2769 = B_SPLINE_CURVE_WITH_KNOTS ( 'NONE', 3,
 ( #1962, #2840, #9481, #10461, #273, #6301, #3609 ),
 .UNSPECIFIED., .F., .F.,
 ( 4, 3, 4 ),
 ( 9.736715020673938477E-18, 3.419249360286347839E-05, 6.850611692023916735E-05 ),
 .UNSPECIFIED. ) ;
#2770 = CARTESIAN_POINT ( 'NONE',  ( 1.580461085649256026, 0.8238429298368775688, -1.580445058183199247 ) ) ;
#2771 = VECTOR ( 'NONE', #2036, 1000.000000000000000 ) ;
#2772 = ORIENTED_EDGE ( 'NONE', *, *, #7426, .T. ) ;
#2773 = ORIENTED_EDGE ( 'NONE', *, *, #1804, .T. ) ;
#2774 = CARTESIAN_POINT ( 'NONE',  ( 0.6000000003645834523, 0.8000000000000000444, -2.300000000099999831 ) ) ;
#2775 = CARTESIAN_POINT ( 'NONE',  ( -0.1495516660000000275, 0.1235213810000000273, -2.306647845999999724 ) ) ;
#2776 = PLANE ( 'NONE',  #10645 ) ;
#2777 = AXIS2_PLACEMENT_3D ( 'NONE', #124, #4338, #9274 ) ;
#2778 = EDGE_CURVE ( 'NONE', #6467, #4210, #3097, .T. ) ;
#2779 = LINE ( 'NONE', #9472, #9898 ) ;
#2780 = CARTESIAN_POINT ( 'NONE',  ( -0.1493274900518996584, 0.09018804800000003452, -2.300000000047734083 ) ) ;
#2781 = ORIENTED_EDGE ( 'NONE', *, *, #8785, .F. ) ;
#2782 = CARTESIAN_POINT ( 'NONE',  ( -1.065086544000000135, 1.199997967000000054, -1.654806229000000073 ) ) ;
#2783 = ORIENTED_EDGE ( 'NONE', *, *, #3753, .F. ) ;
#2784 = CARTESIAN_POINT ( 'NONE',  ( 1.216790184000000385, 0.9241006170000001241, 1.809836033999999927 ) ) ;
#2785 = AXIS2_PLACEMENT_3D ( 'NONE', #2899, #6261, #9592 ) ;
#2786 = DIRECTION ( 'NONE',  ( -0.000000000000000000, 1.000000000000000000, -0.000000000000000000 ) ) ;
#2787 = DIRECTION ( 'NONE',  ( 0.000000000000000000, 0.000000000000000000, -1.000000000000000000 ) ) ;
#2788 = DIRECTION ( 'NONE',  ( -0.000000000000000000, -1.000000000000000000, -0.000000000000000000 ) ) ;
#2789 = EDGE_CURVE ( 'NONE', #3839, #10657, #7776, .T. ) ;
#2790 = ADVANCED_FACE ( 'NONE', ( #2409 ), #9417, .T. ) ;
#2791 = DIRECTION ( 'NONE',  ( 0.000000000000000000, -1.000000000000000000, 0.000000000000000000 ) ) ;
#2792 = DIRECTION ( 'NONE',  ( -0.000000000000000000, -1.000000000000000000, -0.000000000000000000 ) ) ;
#2793 = AXIS2_PLACEMENT_3D ( 'NONE', #10407, #8705, #3552 ) ;
#2794 = ORIENTED_EDGE ( 'NONE', *, *, #6838, .F. ) ;
#2795 = CARTESIAN_POINT ( 'NONE',  ( 1.758367868000000112, 1.199997949999999980, 0.8815400110000001233 ) ) ;
#2796 = CARTESIAN_POINT ( 'NONE',  ( 2.100000000000000089, -0.002400000000000000657, 2.299999999999999822 ) ) ;
#2797 = VERTEX_POINT ( 'NONE', #5775 ) ;
#2798 = CARTESIAN_POINT ( 'NONE',  ( 0.6000000002805554455, 0.8000000000000000444, 2.250000000000001776 ) ) ;
#2799 = CARTESIAN_POINT ( 'NONE',  ( -1.399999999792592487, 0.7000000000000000666, 2.399999999999999911 ) ) ;
#2800 = LINE ( 'NONE', #438, #3931 ) ;
#2801 = CARTESIAN_POINT ( 'NONE',  ( -0.2999999999966797004, 0.02000000000000001082, -0.5000000000019531043 ) ) ;
#2802 = CARTESIAN_POINT ( 'NONE',  ( -1.200000000000000178, 1.100000000000000311, 0.07655345563748358617 ) ) ;
#2803 = EDGE_CURVE ( 'NONE', #10037, #2655, #6025, .T. ) ;
#2804 = CARTESIAN_POINT ( 'NONE',  ( 0.4480429556217731535, 0.1901880480000000817, 1.659049397212028820 ) ) ;
#2805 = CARTESIAN_POINT ( 'NONE',  ( 1.037417123184600332, 1.200000020533299905, 1.611655028716900251 ) ) ;
#2806 = DIRECTION ( 'NONE',  ( 0.000000000000000000, 0.9431887194358136162, -0.3322574898012535805 ) ) ;
#2807 = CARTESIAN_POINT ( 'NONE',  ( 2.323172694999999788, 0.7002549249999999725, 0.9551237409999999706 ) ) ;
#2808 = ORIENTED_EDGE ( 'NONE', *, *, #4417, .F. ) ;
#2809 = CARTESIAN_POINT ( 'NONE',  ( 0.9264640332984004356, 1.200000041268600048, -1.676217275698000053 ) ) ;
#2810 = CARTESIAN_POINT ( 'NONE',  ( -1.348144453349936933, 0.8237498690121559664, 1.782717285758345982 ) ) ;
#2811 = CARTESIAN_POINT ( 'NONE',  ( -0.9223606489884746962, 0.6755829328247366927, -2.339156249710240498 ) ) ;
#2812 = CARTESIAN_POINT ( 'NONE',  ( -0.4565959976371209428, 0.3823319289225216577, 2.450000000000000178 ) ) ;
#2813 = ORIENTED_EDGE ( 'NONE', *, *, #7108, .T. ) ;
#2814 = CARTESIAN_POINT ( 'NONE',  ( -1.284449094999999819, 1.129510369999999986, 1.593715618999999917 ) ) ;
#2815 = CARTESIAN_POINT ( 'NONE',  ( 0.000000000000000000, 0.09018804800000002064, 1.620188048000000602 ) ) ;
#2816 = CARTESIAN_POINT ( 'NONE',  ( -1.807602027733834049, 1.128224436680155485, -0.9547009815499370999 ) ) ;
#2817 = CIRCLE ( 'NONE', #1593, 0.2999999999999997113 ) ;
#2818 = VECTOR ( 'NONE', #8501, 1000.000000000000000 ) ;
#2819 = EDGE_CURVE ( 'NONE', #4268, #3072, #6790, .T. ) ;
#2820 = CARTESIAN_POINT ( 'NONE',  ( 0.9443964234992634488, 0.6877035785399431278, 2.328106116607025822 ) ) ;
#2821 = DIRECTION ( 'NONE',  ( 0.000000000000000000, -0.000000000000000000, -1.000000000000000000 ) ) ;
#2822 = EDGE_LOOP ( 'NONE', ( #2934, #9199, #4851, #2631 ) ) ;
#2823 = CARTESIAN_POINT ( 'NONE',  ( 1.000000000000000000, 0.7000000000000000666, -2.250000000000001776 ) ) ;
#2824 = AXIS2_PLACEMENT_3D ( 'NONE', #2928, #1950, #3702 ) ;
#2825 = ORIENTED_EDGE ( 'NONE', *, *, #2819, .F. ) ;
#2826 = ORIENTED_EDGE ( 'NONE', *, *, #9608, .T. ) ;
#2827 = LINE ( 'NONE', #3968, #6340 ) ;
#2828 = CARTESIAN_POINT ( 'NONE',  ( -0.1493274900000000349, 0.1901880480000000817, -2.299999999999999822 ) ) ;
#2829 = DIRECTION ( 'NONE',  ( -0.000000000000000000, -1.000000000000000000, -0.000000000000000000 ) ) ;
#2830 = B_SPLINE_SURFACE_WITH_KNOTS ( 'NONE', 3, 3, ( 
 ( #1768, #10268, #5117, #6981, #1713, #4237, #5060, #7587, #8462, #949 ),
 ( #1822, #4290, #5170, #8516, #10214, #1004, #4344, #7696, #2701, #398 ),
 ( #7086, #1269, #2857, #4562, #1319, #2192, #7910, #4723, #5439, #6213 ),
 ( #3732, #1162, #2961, #7194, #4619, #9596, #4509, #497, #344, #6320 ),
 ( #2030, #6264, #7961, #5549, #10480, #2081, #8072, #555, #9545, #7853 ),
 ( #444, #9500, #3680, #10424, #8885, #1373, #3782, #5381, #7139, #8725 ),
 ( #7039, #2904, #3017, #8832, #3836, #8779, #9655, #2137, #4670, #10539 ),
 ( #5495, #8015, #10378, #6376, #9704, #3894, #10323, #2805, #6168, #1977 ),
 ( #5331, #8672, #1215, #4831, #5606, #8125, #770, #1481, #3945, #8941 ),
 ( #5720, #8231, #662, #1643, #7409, #7301, #10751, #7461, #5664, #1431 ),
 ( #6589, #607, #3229, #2245, #9920, #10806, #2407, #5773, #4003, #10696 ),
 ( #7248, #7356, #10641, #8176, #2468, #3177, #9049, #3123, #6536, #9103 ),
 ( #4944, #9865, #8286, #2354, #9810, #6643, #10590, #825, #4112, #2302 ),
 ( #3288, #9976, #8994, #717, #1534, #4887, #1591, #4060, #5832, #4992 ),
 ( #8338, #3069, #9755, #6698, #117, #2521, #6043, #8394, #3448, #5046 ),
 ( #7628, #5936, #10202, #882, #2689, #4223, #6803, #8504, #7575, #5882 ),
 ( #10030, #1044, #9375, #61, #5157, #228, #9432, #4278, #10085, #10143 ),
 ( #5991, #5104, #9267, #3395, #3560, #6749, #8553, #7738, #4166, #1810 ),
 ( #1860, #992, #6914, #2574, #7681, #5212, #9210, #4, #4386, #1699 ),
 ( #4330, #2632, #2740, #1755, #7515, #170, #10256, #3341, #9327, #8451 ),
 ( #6100, #939, #3506, #6863, #1914, #5266, #8609, #6204, #6365, #7076 ),
 ( #331, #484, #4442, #5535, #2127, #1967, #9488, #5485, #3824, #5321 ),
 ( #3722, #1151, #434, #2070, #4499, #7841, #7951, #1205, #10414, #7789 ),
 ( #7898, #10311, #2949, #8662, #387, #3669, #9534, #4552, #2846, #7128 ),
 ( #10468, #7025, #2894, #5428, #10366, #2795, #6256, #3614, #8821, #6309 ) ),
 .UNSPECIFIED., .F., .F., .F.,
 ( 4, 3, 3, 3, 3, 3, 3, 3, 4 ),
 ( 4, 3, 3, 4 ),
 ( 0.003065304134767580808, 0.003142210613589131209, 0.003219442662379071174, 0.003373906759958970186, 0.003682834955118750430, 0.003991763150278530674, 0.004146227247858420145, 0.004223459296648360110, 0.004300365788434500416 ),
 ( -0.009307970054469351384, 0.0006848153491514720253, 0.9999633557112337368, 1.010056068968890663 ),
 .UNSPECIFIED. ) ;
#2831 = MECHANICAL_DESIGN_GEOMETRIC_PRESENTATION_REPRESENTATION (  '', ( #6178 ), #7385 ) ;
#2832 = CARTESIAN_POINT ( 'NONE',  ( -1.199999999999999734, 1.200000000000000178, 0.1531677933887669318 ) ) ;
#2833 = VERTEX_POINT ( 'NONE', #772 ) ;
#2834 = CARTESIAN_POINT ( 'NONE',  ( -1.106771178056999982, 1.128320623355800079, -1.719816599605199725 ) ) ;
#2835 = ORIENTED_EDGE ( 'NONE', *, *, #7812, .T. ) ;
#2836 = CARTESIAN_POINT ( 'NONE',  ( 1.536339946000000012, 0.9236595380000001132, 1.536339946000000012 ) ) ;
#2837 = AXIS2_PLACEMENT_3D ( 'NONE', #236, #6814, #125 ) ;
#2838 = DIRECTION ( 'NONE',  ( 0.000000000000000000, 1.000000000000000000, -0.000000000000000000 ) ) ;
#2839 = EDGE_CURVE ( 'NONE', #3479, #4793, #5252, .T. ) ;
#2840 = CARTESIAN_POINT ( 'NONE',  ( -0.9380768251816820058, 0.6500000000000001332, 2.297938473376319735 ) ) ;
#2841 = CARTESIAN_POINT ( 'NONE',  ( 1.400000000079012263, 0.7000000000000000666, -2.174999999999999822 ) ) ;
#2842 = CARTESIAN_POINT ( 'NONE',  ( 0.9184392820000000235, 0.6747346400000006073, -2.348692979999999597 ) ) ;
#2843 = CARTESIAN_POINT ( 'NONE',  ( 2.307951724295496554, 0.6980504797662718808, 0.9751442329055891589 ) ) ;
#2844 = CARTESIAN_POINT ( 'NONE',  ( 1.875000000000000000, 0.7000000000000000666, -1.875000000000000000 ) ) ;
#2845 = VERTEX_POINT ( 'NONE', #2523 ) ;
#2846 = CARTESIAN_POINT ( 'NONE',  ( 1.700433779947599700, 1.200000041652399707, 0.8812960466704002904 ) ) ;
#2847 = CARTESIAN_POINT ( 'NONE',  ( -1.430160124684318301, 0.8238113402939344354, -1.720711153059464760 ) ) ;
#2848 = ORIENTED_EDGE ( 'NONE', *, *, #3642, .T. ) ;
#2849 = CARTESIAN_POINT ( 'NONE',  ( -2.304720250581270058, 0.6988455688317838366, -0.9796618729247630331 ) ) ;
#2850 = CARTESIAN_POINT ( 'NONE',  ( -2.175000000046913851, 0.7999999999999994893, -1.250000000000000000 ) ) ;
#2851 = CARTESIAN_POINT ( 'NONE',  ( 2.299999999999999822, 0.8000000000000000444, -2.250000000000001776 ) ) ;
#2852 = EDGE_CURVE ( 'NONE', #7261, #11, #7311, .T. ) ;
#2853 = B_SPLINE_CURVE_WITH_KNOTS ( 'NONE', 3,
 ( #5528, #10358, #10409, #3000 ),
 .UNSPECIFIED., .F., .F.,
 ( 4, 4 ),
 ( 0.000000000000000000, 1.000000000000000000 ),
 .UNSPECIFIED. ) ;
#2854 = ADVANCED_FACE ( 'NONE', ( #3344 ), #720, .T. ) ;
#2855 = CARTESIAN_POINT ( 'NONE',  ( -0.7250000000000000888, 0.000000000000000000, 1.350000000000000089 ) ) ;
#2856 = CARTESIAN_POINT ( 'NONE',  ( -2.449999999999999734, 0.6499999999999986899, -1.250000000294444469 ) ) ;
#2857 = CARTESIAN_POINT ( 'NONE',  ( 0.9645654015500000344, 1.128402038939999796, 1.802366519780000731 ) ) ;
#2858 = DIRECTION ( 'NONE',  ( 0.000000000000000000, 0.000000000000000000, 1.000000000000000000 ) ) ;
#2859 = CARTESIAN_POINT ( 'NONE',  ( 2.323035152000000103, 0.7000000000000000666, 0.9551290950000000946 ) ) ;
#2860 = ORIENTED_EDGE ( 'NONE', *, *, #987, .F. ) ;
#2861 = LINE ( 'NONE', #6380, #6183 ) ;
#2862 = CARTESIAN_POINT ( 'NONE',  ( -0.9268673173422101730, 0.6500000000683978651, 2.299999999912395676 ) ) ;
#2863 = CARTESIAN_POINT ( 'NONE',  ( -0.9140846773470941988, 0.6702903202611631972, -2.342297690203521743 ) ) ;
#2864 = CARTESIAN_POINT ( 'NONE',  ( -2.299999999999359002, 0.7000000000000000666, -1.250000000648147980 ) ) ;
#2865 = EDGE_CURVE ( 'NONE', #3330, #4862, #4114, .T. ) ;
#2866 = CARTESIAN_POINT ( 'NONE',  ( -1.108843324000000186, 1.199997970000000524, 1.625860351999999676 ) ) ;
#2867 = LINE ( 'NONE', #10548, #4719 ) ;
#2868 = CARTESIAN_POINT ( 'NONE',  ( 1.058578643763010696, 1.499999999999649614, -6.735557395310444981E-17 ) ) ;
#2869 = VERTEX_POINT ( 'NONE', #2780 ) ;
#2870 = CARTESIAN_POINT ( 'NONE',  ( 1.281852602881199843, 1.200000040803999912, -1.427561974505400455 ) ) ;
#2871 = CARTESIAN_POINT ( 'NONE',  ( 1.430172925461956401, 0.8238113494137736526, -1.720701284018179678 ) ) ;
#2872 = ORIENTED_EDGE ( 'NONE', *, *, #8330, .T. ) ;
#2873 = ORIENTED_EDGE ( 'NONE', *, *, #1951, .T. ) ;
#2874 = CARTESIAN_POINT ( 'NONE',  ( -2.299999999999999822, 0.6449999999982424237, 0.8785042869802469623 ) ) ;
#2875 = LINE ( 'NONE', #5305, #5811 ) ;
#2876 = DIRECTION ( 'NONE',  ( 0.000000000000000000, 0.000000000000000000, -1.000000000000000000 ) ) ;
#2877 = CARTESIAN_POINT ( 'NONE',  ( -2.174999999999999822, 0.7000000000000000666, 1.875000000000000000 ) ) ;
#2878 = CARTESIAN_POINT ( 'NONE',  ( 1.199999999999999734, 1.100000000000000089, 1.896065049272180182E-16 ) ) ;
#2879 = ORIENTED_EDGE ( 'NONE', *, *, #7488, .T. ) ;
#2880 = CIRCLE ( 'NONE', #9019, 2.174999999999999822 ) ;
#2881 = CARTESIAN_POINT ( 'NONE',  ( -1.236408846999999867, 1.199997976999999993, -1.533932219999999846 ) ) ;
#2882 = VERTEX_POINT ( 'NONE', #7577 ) ;
#2883 = VERTEX_POINT ( 'NONE', #5834 ) ;
#2884 = EDGE_CURVE ( 'NONE', #2140, #347, #3397, .T. ) ;
#2885 = DIRECTION ( 'NONE',  ( 0.000000000000000000, 0.000000000000000000, -1.000000000000000000 ) ) ;
#2886 = CARTESIAN_POINT ( 'NONE',  ( -1.750000000000000000, 0.6500000000000001332, -1.750000000000000000 ) ) ;
#2887 = CARTESIAN_POINT ( 'NONE',  ( 1.347111479062088503E-16, 1.399999999999999911, 1.100000000000000089 ) ) ;
#2888 = CARTESIAN_POINT ( 'NONE',  ( -2.299999999999999822, 0.8000000000000000444, -2.399999999999999911 ) ) ;
#2889 = CARTESIAN_POINT ( 'NONE',  ( -0.1500883671449624868, 0.2165680456957626288, -2.344070939662265651 ) ) ;
#2890 = AXIS2_PLACEMENT_3D ( 'NONE', #6493, #3851, #3083 ) ;
#2891 = CARTESIAN_POINT ( 'NONE',  ( 2.296434254086863636, 0.6999386704599461773, 0.9910103472696673022 ) ) ;
#2892 = CARTESIAN_POINT ( 'NONE',  ( 0.000000000000000000, 0.6500000000000001332, 0.000000000000000000 ) ) ;
#2893 = ORIENTED_EDGE ( 'NONE', *, *, #440, .T. ) ;
#2894 = CARTESIAN_POINT ( 'NONE',  ( 1.827305804489999685, 1.128274801290000129, 0.9159177402800000589 ) ) ;
#2895 = CARTESIAN_POINT ( 'NONE',  ( -2.299999999934413175, 0.6500000000854853077, -0.9268673177026719445 ) ) ;
#2896 = ORIENTED_EDGE ( 'NONE', *, *, #6035, .T. ) ;
#2897 = DIRECTION ( 'NONE',  ( -0.000000000000000000, -1.000000000000000000, -0.000000000000000000 ) ) ;
#2898 = CARTESIAN_POINT ( 'NONE',  ( 0.9950587357664656407, 0.6500000000000001332, -2.293438055039646706 ) ) ;
#2899 = CARTESIAN_POINT ( 'NONE',  ( 1.696049930000000261, 1.050000000000000044, -0.9439799750000000822 ) ) ;
#2900 = CARTESIAN_POINT ( 'NONE',  ( 2.310823481247263889, 0.6971843866835535364, -0.9710765685520349466 ) ) ;
#2901 = CARTESIAN_POINT ( 'NONE',  ( -0.7308058585769995341, 1.100000000000000311, -0.9665492394119472586 ) ) ;
#2902 = EDGE_CURVE ( 'NONE', #5507, #9374, #6543, .T. ) ;
#2903 = EDGE_CURVE ( 'NONE', #637, #3427, #5884, .T. ) ;
#2904 = CARTESIAN_POINT ( 'NONE',  ( 1.059930434700000035, 1.128216613039999983, 1.748171465199999552 ) ) ;
#2905 = DIRECTION ( 'NONE',  ( -1.000000000000000000, 0.000000000000000000, 0.000000000000000000 ) ) ;
#2906 = DIRECTION ( 'NONE',  ( 0.000000000000000000, 0.000000000000000000, -1.000000000000000000 ) ) ;
#2907 = ORIENTED_EDGE ( 'NONE', *, *, #7945, .T. ) ;
#2908 = CARTESIAN_POINT ( 'NONE',  ( 1.600000000000000089, 0.06677425075049829573, 2.394318871852651132 ) ) ;
#2909 = FACE_OUTER_BOUND ( 'NONE', #6481, .T. ) ;
#2910 = VERTEX_POINT ( 'NONE', #10087 ) ;
#2911 = CARTESIAN_POINT ( 'NONE',  ( -0.8873456936564017017, 0.6515159827618081101, -2.348050708924231955 ) ) ;
#2912 = LINE ( 'NONE', #6935, #1842 ) ;
#2913 = CARTESIAN_POINT ( 'NONE',  ( -0.8817566440000000894, 1.199999999999999956, 1.701356799999999891 ) ) ;
#2914 = CARTESIAN_POINT ( 'NONE',  ( -0.8821895668329158280, 0.6477278350022830367, 2.348387228927873327 ) ) ;
#2915 = EDGE_CURVE ( 'NONE', #3750, #4834, #10296, .T. ) ;
#2916 = EDGE_CURVE ( 'NONE', #6258, #4647, #10808, .T. ) ;
#2917 = CARTESIAN_POINT ( 'NONE',  ( 0.9563417237968497853, 0.6927294755332581433, 2.320767474411891573 ) ) ;
#2918 = CARTESIAN_POINT ( 'NONE',  ( -1.058578643763010696, 1.499999999999649614, 6.228292081990728065E-17 ) ) ;
#2919 = ORIENTED_EDGE ( 'NONE', *, *, #5891, .T. ) ;
#2920 = CARTESIAN_POINT ( 'NONE',  ( 1.427146275149199894, 1.200000061205999780, -1.281549941643099988 ) ) ;
#2921 = FACE_OUTER_BOUND ( 'NONE', #6792, .T. ) ;
#2922 = B_SPLINE_CURVE_WITH_KNOTS ( 'NONE', 3,
 ( #3892, #7246, #1317, #4618, #3015, #9701, #9653, #9808, #2901, #443, #2135, #4668, #5662, #3120, #7192, #6318, #8778, #5604 ),
 .UNSPECIFIED., .F., .F.,
 ( 4, 1, 1, 2, 2, 2, 1, 1, 2, 2, 4 ),
 ( 0.5000000000000000000, 0.5624999999999997780, 0.5937499999999996669, 0.6093749999999995559, 0.6249999999999995559, 0.7499999999999998890, 0.8125000000000000000, 0.8437500000000001110, 0.8593750000000002220, 0.8750000000000002220, 1.000000000000000000 ),
 .UNSPECIFIED. ) ;
#2923 = ORIENTED_EDGE ( 'NONE', *, *, #3068, .T. ) ;
#2924 = ORIENTED_EDGE ( 'NONE', *, *, #1197, .F. ) ;
#2925 = DIRECTION ( 'NONE',  ( 0.000000000000000000, 0.000000000000000000, -1.000000000000000000 ) ) ;
#2926 = AXIS2_PLACEMENT_3D ( 'NONE', #1271, #7358, #10698 ) ;
#2927 = B_SPLINE_CURVE_WITH_KNOTS ( 'NONE', 3,
 ( #111, #7734, #7677, #4272, #8497, #9206 ),
 .UNSPECIFIED., .F., .F.,
 ( 4, 2, 4 ),
 ( 0.000000000000000000, 0.5000000000000000000, 1.000000000000000000 ),
 .UNSPECIFIED. ) ;
#2928 = CARTESIAN_POINT ( 'NONE',  ( -2.293438055000000197, 0.6450000000000001288, -1.006999439999999746 ) ) ;
#2929 = CARTESIAN_POINT ( 'NONE',  ( 0.8916295004489533937, 1.199999999999464384, -1.696049906675774377 ) ) ;
#2930 = EDGE_CURVE ( 'NONE', #5241, #4597, #1292, .T. ) ;
#2931 = CARTESIAN_POINT ( 'NONE',  ( 1.484349420112314411, 1.129585049602179758, 1.405206962196841491 ) ) ;
#2932 = VECTOR ( 'NONE', #5469, 1000.000000000000000 ) ;
#2933 = FACE_OUTER_BOUND ( 'NONE', #10381, .T. ) ;
#2934 = ORIENTED_EDGE ( 'NONE', *, *, #3025, .T. ) ;
#2935 = CARTESIAN_POINT ( 'NONE',  ( -1.523302174177300294, 1.129155039298100238, -1.367742072710899981 ) ) ;
#2936 = ORIENTED_EDGE ( 'NONE', *, *, #10550, .T. ) ;
#2937 = EDGE_LOOP ( 'NONE', ( #7142, #3034, #7866, #9844, #3919, #2873, #10581, #716 ) ) ;
#2938 = CARTESIAN_POINT ( 'NONE',  ( -1.962658795441311277, 0.7999999999999999334, -1.112698636914225325 ) ) ;
#2939 = CARTESIAN_POINT ( 'NONE',  ( 0.5265172466900480686, 0.4521179615383671413, -2.349999999999999645 ) ) ;
#2940 = DIRECTION ( 'NONE',  ( 0.000000000000000000, 0.000000000000000000, -1.000000000000000000 ) ) ;
#2941 = CARTESIAN_POINT ( 'NONE',  ( 0.9718178860223497528, 1.199999999998403899, 1.651860000196283540 ) ) ;
#2942 = VECTOR ( 'NONE', #845, 999.9999999999998863 ) ;
#2943 = CARTESIAN_POINT ( 'NONE',  ( -0.3000000000000000444, 0.1901880480000001095, -1.620188048000000380 ) ) ;
#2944 = DIRECTION ( 'NONE',  ( -1.000000000000000000, 0.000000000000000000, 0.000000000000000000 ) ) ;
#2945 = EDGE_CURVE ( 'NONE', #4475, #3429, #1707, .T. ) ;
#2946 = CARTESIAN_POINT ( 'NONE',  ( 2.312491743040375525, 0.6966121531308065995, 0.9686882057964792958 ) ) ;
#2947 = LINE ( 'NONE', #3822, #7723 ) ;
#2948 = ORIENTED_EDGE ( 'NONE', *, *, #1652, .F. ) ;
#2949 = CARTESIAN_POINT ( 'NONE',  ( 1.816055488059999945, 1.127892343630000127, 0.9389926220400001133 ) ) ;
#2950 = DIRECTION ( 'NONE',  ( 0.000000000000000000, 0.000000000000000000, -1.000000000000000000 ) ) ;
#2951 = ORIENTED_EDGE ( 'NONE', *, *, #6807, .F. ) ;
#2952 = AXIS2_PLACEMENT_3D ( 'NONE', #10150, #8347, #3296 ) ;
#2953 = CARTESIAN_POINT ( 'NONE',  ( -2.100000000000000089, 0.4000000000000002442, -2.405681128000000779 ) ) ;
#2954 = LINE ( 'NONE', #7846, #3256 ) ;
#2955 = PLANE ( 'NONE',  #1553 ) ;
#2956 = DIRECTION ( 'NONE',  ( -1.000000000000000000, -0.000000000000000000, 0.000000000000000000 ) ) ;
#2957 = PRODUCT_DEFINITION_CONTEXT ( 'detailed design', #1414, 'design' ) ;
#2958 = AXIS2_PLACEMENT_3D ( 'NONE', #6014, #960, #10278 ) ;
#2959 = EDGE_CURVE ( 'NONE', #5990, #6058, #3756, .T. ) ;
#2960 = DIRECTION ( 'NONE',  ( -1.000000000000000000, -0.000000000000000000, -0.000000000000000000 ) ) ;
#2961 = CARTESIAN_POINT ( 'NONE',  ( 0.9885375301200000075, 1.128466627690000834, 1.789143554609999853 ) ) ;
#2962 = CARTESIAN_POINT ( 'NONE',  ( 1.875000000000000000, 0.7000000000000000666, -2.174999999999999822 ) ) ;
#2963 = CARTESIAN_POINT ( 'NONE',  ( 2.293438054959683114, 0.6500000000000001332, 0.9950587360666378611 ) ) ;
#2964 = ORIENTED_EDGE ( 'NONE', *, *, #602, .F. ) ;
#2965 = PLANE ( 'NONE',  #4421 ) ;
#2966 = CARTESIAN_POINT ( 'NONE',  ( -1.353670383999999949, 0.8091525199999999307, 1.790032034000000216 ) ) ;
#2967 = ORIENTED_EDGE ( 'NONE', *, *, #10688, .F. ) ;
#2968 = CIRCLE ( 'NONE', #5963, 2.174999999999999822 ) ;
#2969 = CARTESIAN_POINT ( 'NONE',  ( -0.8825526757483432849, 0.6479961991002405330, -2.348376725459957459 ) ) ;
#2970 = CARTESIAN_POINT ( 'NONE',  ( -0.9490336626399998865, 1.200000040820000002, 1.663822652979999983 ) ) ;
#2971 = DIRECTION ( 'NONE',  ( -1.000000000000000000, -0.000000000000000000, -0.000000000000000000 ) ) ;
#2972 = ADVANCED_FACE ( 'NONE', ( #3809 ), #4593, .F. ) ;
#2973 = VECTOR ( 'NONE', #9798, 1000.000000000000000 ) ;
#2974 = CARTESIAN_POINT ( 'NONE',  ( 0.9241980276406376316, 0.6767119287527094684, 2.338380492435663704 ) ) ;
#2975 = LINE ( 'NONE', #4845, #9205 ) ;
#2976 = ORIENTED_EDGE ( 'NONE', *, *, #8006, .F. ) ;
#2977 = CARTESIAN_POINT ( 'NONE',  ( 1.445501570959999871, 1.129159338880000307, -1.445541008179999531 ) ) ;
#2978 = CARTESIAN_POINT ( 'NONE',  ( 1.507618112387214993, 0.8238429318608452290, -1.653288770373336769 ) ) ;
#2979 = ORIENTED_EDGE ( 'NONE', *, *, #7485, .T. ) ;
#2980 = VERTEX_POINT ( 'NONE', #6240 ) ;
#2981 = B_SPLINE_SURFACE_WITH_KNOTS ( 'NONE', 3, 3, ( 
 ( #745, #7542, #4085, #7433 ),
 ( #10777, #9238, #3420, #1726 ),
 ( #7484, #6614, #8364, #851 ),
 ( #4302, #3257, #5798, #4139 ),
 ( #9945, #2601, #5072, #5856 ),
 ( #9131, #1618, #7600, #5961 ),
 ( #10831, #4966, #6667, #9291 ) ),
 .UNSPECIFIED., .F., .F., .F.,
 ( 4, 3, 4 ),
 ( 4, 4 ),
 ( -0.01529547625796530246, 0.000000000000000000, 1.000000000000000000 ),
 ( 0.000000000000000000, 1.000000000000000000 ),
 .UNSPECIFIED. ) ;
#2982 = CARTESIAN_POINT ( 'NONE',  ( 0.1500000000000000222, 0.1909167857875295748, 2.308505452368331490 ) ) ;
#2983 = CIRCLE ( 'NONE', #2109, 0.1499999999999999667 ) ;
#2984 = ADVANCED_FACE ( 'NONE', ( #468 ), #7009, .T. ) ;
#2985 = CARTESIAN_POINT ( 'NONE',  ( -1.274317537000000167, 0.8211772470000000546, -1.847946647999999747 ) ) ;
#2986 = EDGE_CURVE ( 'NONE', #10132, #8586, #9570, .T. ) ;
#2987 = CARTESIAN_POINT ( 'NONE',  ( 1.103685395993469154, 0.8293584586540349024, -1.939203316719685821 ) ) ;
#2988 = DIRECTION ( 'NONE',  ( 0.000000000000000000, 1.000000000000000000, 0.000000000000000000 ) ) ;
#2989 = AXIS2_PLACEMENT_3D ( 'NONE', #7051, #9609, #9511 ) ;
#2990 = DIRECTION ( 'NONE',  ( 0.000000000000000000, 1.000000000000000000, -0.000000000000000000 ) ) ;
#2991 = VERTEX_POINT ( 'NONE', #369 ) ;
#2992 = CARTESIAN_POINT ( 'NONE',  ( -1.533961275999999652, 1.199997976999999993, -1.236371692999999938 ) ) ;
#2993 = VERTEX_POINT ( 'NONE', #6350 ) ;
#2994 = EDGE_LOOP ( 'NONE', ( #1729, #3589, #5045, #7658 ) ) ;
#2995 = CARTESIAN_POINT ( 'NONE',  ( -0.1439896632895324713, 1.100000000000000089, -1.099999999999999867 ) ) ;
#2996 = CARTESIAN_POINT ( 'NONE',  ( -0.6000000000000000888, 0.6500000000000001332, 2.250000000000001776 ) ) ;
#2997 = ADVANCED_FACE ( 'NONE', ( #2933 ), #9678, .T. ) ;
#2998 = CARTESIAN_POINT ( 'NONE',  ( 1.037676872367712555, 1.199999999998408784, -1.612097095324289686 ) ) ;
#2999 = VECTOR ( 'NONE', #2556, 1000.000000000000000 ) ;
#3000 = CARTESIAN_POINT ( 'NONE',  ( 1.117129299725009739, 0.8000000000952399715, 1.984642641010058384 ) ) ;
#3001 = CARTESIAN_POINT ( 'NONE',  ( 0.8785042870000000503, 0.6450000000000001288, -2.349202828999999326 ) ) ;
#3002 = CARTESIAN_POINT ( 'NONE',  ( 0.5539808784079894854, 1.099999999999999867, -0.9611650271896834408 ) ) ;
#3003 = CARTESIAN_POINT ( 'NONE',  ( 0.000000000000000000, 0.7000000000000000666, 0.000000000000000000 ) ) ;
#3004 = EDGE_LOOP ( 'NONE', ( #1667, #8166, #2536, #6007 ) ) ;
#3005 = CARTESIAN_POINT ( 'NONE',  ( 1.936478600000000050, 0.8000000000000000444, 1.201707064000000713 ) ) ;
#3006 = CARTESIAN_POINT ( 'NONE',  ( 1.000000000000000000, 0.8000000000000000444, 2.399999999999999911 ) ) ;
#3007 = EDGE_LOOP ( 'NONE', ( #5299, #7182, #8154, #7929, #1318, #3814 ) ) ;
#3008 = VECTOR ( 'NONE', #8947, 1000.000000000000000 ) ;
#3009 = CARTESIAN_POINT ( 'NONE',  ( -2.293438055000000197, 0.7002549249999999725, 0.9950587360000001658 ) ) ;
#3010 = CARTESIAN_POINT ( 'NONE',  ( -2.334546750302205709, 0.6815451190352069810, 0.9324629908532946487 ) ) ;
#3011 = DIRECTION ( 'NONE',  ( 0.000000000000000000, -0.000000000000000000, -1.000000000000000000 ) ) ;
#3012 = EDGE_CURVE ( 'NONE', #5159, #5904, #6292, .T. ) ;
#3013 = CARTESIAN_POINT ( 'NONE',  ( 2.346667936671069654, 0.6588579180276371572, -0.8974963489743235101 ) ) ;
#3014 = CARTESIAN_POINT ( 'NONE',  ( -1.473806945530506507, 1.129587179326738466, -1.416330459115290097 ) ) ;
#3015 = CARTESIAN_POINT ( 'NONE',  ( -0.3707777428051948765, 1.100000000000000311, -1.141554263594914964 ) ) ;
#3016 = ORIENTED_EDGE ( 'NONE', *, *, #5779, .T. ) ;
#3017 = CARTESIAN_POINT ( 'NONE',  ( 1.059792075350000085, 1.128648029520000096, 1.747942303599999692 ) ) ;
#3018 = CARTESIAN_POINT ( 'NONE',  ( 1.750000000000000000, 0.6500000000000001332, -1.750000000000000000 ) ) ;
#3019 = CARTESIAN_POINT ( 'NONE',  ( -1.875000000000000000, 0.7000000000000001776, -1.875000000000000000 ) ) ;
#3020 = ORIENTED_EDGE ( 'NONE', *, *, #7499, .F. ) ;
#3021 = CARTESIAN_POINT ( 'NONE',  ( 2.299999999999999822, 0.000000000000000000, -2.100000000000000089 ) ) ;
#3022 = CARTESIAN_POINT ( 'NONE',  ( -1.430241494230978239, 0.8236401142068870973, 1.720783832009090020 ) ) ;
#3023 = VERTEX_POINT ( 'NONE', #1344 ) ;
#3024 = FACE_OUTER_BOUND ( 'NONE', #3099, .T. ) ;
#3025 = EDGE_CURVE ( 'NONE', #1836, #2018, #10813, .T. ) ;
#3026 = CARTESIAN_POINT ( 'NONE',  ( -0.9645679490873002582, 1.128397714509599581, 1.802368214066899954 ) ) ;
#3027 = LINE ( 'NONE', #10387, #1912 ) ;
#3028 = CARTESIAN_POINT ( 'NONE',  ( 0.8845787765774976164, 0.6494861163585275987, 2.348254792954914016 ) ) ;
#3029 = DIRECTION ( 'NONE',  ( 0.000000000000000000, 0.9431887185515800409, -0.3322574923113522649 ) ) ;
#3030 = EDGE_LOOP ( 'NONE', ( #10538, #4852, #4646, #8745 ) ) ;
#3031 = CARTESIAN_POINT ( 'NONE',  ( 1.635636083999999935, 1.172349056000000056, -1.180481061000000276 ) ) ;
#3032 = CARTESIAN_POINT ( 'NONE',  ( 1.720793701529732322, 0.8236401051469675050, -1.430228692842159033 ) ) ;
#3033 = B_SPLINE_CURVE_WITH_KNOTS ( 'NONE', 3,
 ( #7586, #6815, #1655, #10211 ),
 .UNSPECIFIED., .F., .F.,
 ( 4, 4 ),
 ( 0.000000000000000000, 1.000000000000000000 ),
 .UNSPECIFIED. ) ;
#3034 = ORIENTED_EDGE ( 'NONE', *, *, #2101, .F. ) ;
#3035 = ORIENTED_EDGE ( 'NONE', *, *, #5368, .T. ) ;
#3036 = CARTESIAN_POINT ( 'NONE',  ( -1.712345149250000587, 1.200000020499999875, 0.8585897502000000570 ) ) ;
#3037 = CARTESIAN_POINT ( 'NONE',  ( -1.444550806000000964, 1.131354653999999904, -1.444550806000000964 ) ) ;
#3038 = CARTESIAN_POINT ( 'NONE',  ( -2.175000000040123282, 0.7000000000000000666, -1.250000000316049187 ) ) ;
#3039 = CARTESIAN_POINT ( 'NONE',  ( 1.100000000000000311, 1.100000000000000089, -9.429780353434621002E-17 ) ) ;
#3040 = EDGE_CURVE ( 'NONE', #691, #3724, #380, .T. ) ;
#3041 = CARTESIAN_POINT ( 'NONE',  ( 0.1445161610294539989, 0.2401880479907760602, 2.349999999999999645 ) ) ;
#3042 = EDGE_CURVE ( 'NONE', #1993, #3166, #8751, .T. ) ;
#3043 = ORIENTED_EDGE ( 'NONE', *, *, #1690, .T. ) ;
#3044 = CARTESIAN_POINT ( 'NONE',  ( -1.657632826135100101, 1.128925544090199962, -1.196269710526000063 ) ) ;
#3045 = ORIENTED_EDGE ( 'NONE', *, *, #2778, .T. ) ;
#3046 = EDGE_LOOP ( 'NONE', ( #6738, #7926, #8429, #6839 ) ) ;
#3047 = CARTESIAN_POINT ( 'NONE',  ( 2.174999999999999822, 0.7000000000000000666, 1.875000000000000000 ) ) ;
#3048 = CARTESIAN_POINT ( 'NONE',  ( 1.000000000000000000, 0.8000000000000000444, 2.250000000000001776 ) ) ;
#3049 = CARTESIAN_POINT ( 'NONE',  ( -1.581666004999999764, 0.8210983760000001297, 1.581666004999999764 ) ) ;
#3050 = CARTESIAN_POINT ( 'NONE',  ( -1.282535791646101542, 1.199999999999961542, 1.428323518720203689 ) ) ;
#3051 = B_SPLINE_CURVE_WITH_KNOTS ( 'NONE', 3,
 ( #576, #5570, #7982, #10664 ),
 .UNSPECIFIED., .F., .F.,
 ( 4, 4 ),
 ( 0.000000000000000000, 1.000000000000000000 ),
 .UNSPECIFIED. ) ;
#3052 = CARTESIAN_POINT ( 'NONE',  ( -2.100000000000000089, 0.6500000000000001332, -2.299999999999999822 ) ) ;
#3053 = CARTESIAN_POINT ( 'NONE',  ( -0.8785042868123044135, 0.6450000000072957373, 2.348438054999999913 ) ) ;
#3054 = EDGE_LOOP ( 'NONE', ( #9671, #9234, #6400, #1776 ) ) ;
#3055 = VECTOR ( 'NONE', #4242, 1000.000000000000000 ) ;
#3056 = EDGE_CURVE ( 'NONE', #1091, #6618, #4484, .T. ) ;
#3057 = CARTESIAN_POINT ( 'NONE',  ( 1.280672951000000115, 0.8000000000000000444, 1.865956651000000743 ) ) ;
#3058 = CARTESIAN_POINT ( 'NONE',  ( 2.100000000000000089, 0.000000000000000000, 2.299999999999999822 ) ) ;
#3059 = VERTEX_POINT ( 'NONE', #8805 ) ;
#3060 = CARTESIAN_POINT ( 'NONE',  ( -2.293438055000000197, 0.6500000000000001332, 0.9950587360000001658 ) ) ;
#3061 = CARTESIAN_POINT ( 'NONE',  ( -2.301577802733357103, 0.6993943425995514662, 0.9839934560820263743 ) ) ;
#3062 = FACE_OUTER_BOUND ( 'NONE', #9941, .T. ) ;
#3063 = CARTESIAN_POINT ( 'NONE',  ( 2.321948083359596904, 0.6920387769012998902, -0.9545027094165896564 ) ) ;
#3064 = VECTOR ( 'NONE', #4642, 1000.000000000000000 ) ;
#3065 = DIRECTION ( 'NONE',  ( 0.000000000000000000, -7.228014483236698528E-16, 1.000000000000000000 ) ) ;
#3066 = DIRECTION ( 'NONE',  ( -0.000000000000000000, -0.000000000000000000, 1.000000000000000000 ) ) ;
#3067 = ORIENTED_EDGE ( 'NONE', *, *, #3556, .T. ) ;
#3068 = EDGE_CURVE ( 'NONE', #1025, #5360, #801, .T. ) ;
#3069 = CARTESIAN_POINT ( 'NONE',  ( 1.594134245819999851, 1.128652222439999964, 1.284785871839999816 ) ) ;
#3070 = DIRECTION ( 'NONE',  ( 0.000000000000000000, 0.000000000000000000, -1.000000000000000000 ) ) ;
#3071 = CARTESIAN_POINT ( 'NONE',  ( 0.3000000000153827950, 0.1901880480000001650, 1.620188048000000158 ) ) ;
#3072 = VERTEX_POINT ( 'NONE', #6617 ) ;
#3073 = LINE ( 'NONE', #7914, #5466 ) ;
#3074 = VECTOR ( 'NONE', #1282, 1000.000000000000000 ) ;
#3075 = CARTESIAN_POINT ( 'NONE',  ( -1.988339436000000404, 0.8000000000000000444, 1.110655786000000145 ) ) ;
#3076 = CARTESIAN_POINT ( 'NONE',  ( -0.3000000000000000444, 0.02000000000000000389, -0.5000000000000000000 ) ) ;
#3077 = DIRECTION ( 'NONE',  ( -1.000000000000000000, 0.000000000000000000, -0.000000000000000000 ) ) ;
#3078 = CARTESIAN_POINT ( 'NONE',  ( -1.012749852695999708, 1.128090814039599765, 1.776099709302199514 ) ) ;
#3079 = CARTESIAN_POINT ( 'NONE',  ( -0.9282484583519374777, 0.6791303990431151183, 2.336567115518302540 ) ) ;
#3080 = VECTOR ( 'NONE', #2605, 1000.000000000000000 ) ;
#3081 = ADVANCED_FACE ( 'NONE', ( #582 ), #6319, .T. ) ;
#3082 = CARTESIAN_POINT ( 'NONE',  ( -0.1493274900518996584, 0.09018804800000003452, -2.300000000047734083 ) ) ;
#3083 = DIRECTION ( 'NONE',  ( 0.000000000000000000, 0.000000000000000000, 1.000000000000000000 ) ) ;
#3084 = ORIENTED_EDGE ( 'NONE', *, *, #4954, .F. ) ;
#3085 = CARTESIAN_POINT ( 'NONE',  ( 1.204281473575100181, 1.200000020432299808, -1.494080176487200040 ) ) ;
#3086 = DIRECTION ( 'NONE',  ( -1.000000000000000000, -0.000000000000000000, -0.000000000000000000 ) ) ;
#3087 = DIRECTION ( 'NONE',  ( 0.000000000000000000, 0.000000000000000000, -1.000000000000000000 ) ) ;
#3088 = EDGE_LOOP ( 'NONE', ( #7503, #2772, #5804, #6756 ) ) ;
#3089 = VERTEX_POINT ( 'NONE', #10727 ) ;
#3090 = CARTESIAN_POINT ( 'NONE',  ( -1.775631907999999815, 1.128963536000000323, 1.012479086999999778 ) ) ;
#3091 = CARTESIAN_POINT ( 'NONE',  ( -1.100992199999999865, 0.8213205660000000297, -1.946645568000000326 ) ) ;
#3092 = CARTESIAN_POINT ( 'NONE',  ( -0.6000000000000000888, 0.6500000000000001332, -2.299999999999999822 ) ) ;
#3093 = ADVANCED_FACE ( 'NONE', ( #4969 ), #7436, .T. ) ;
#3094 = CARTESIAN_POINT ( 'NONE',  ( -1.489718696937267550, 0.8000000000000000444, 1.770985082009947975 ) ) ;
#3095 = CARTESIAN_POINT ( 'NONE',  ( 2.293438055000000197, 0.6666666670000001016, -0.9950587360000001658 ) ) ;
#3096 = EDGE_LOOP ( 'NONE', ( #9138, #3627, #2573, #1050 ) ) ;
#3097 = CIRCLE ( 'NONE', #3628, 0.09999999999999982514 ) ;
#3098 = ORIENTED_EDGE ( 'NONE', *, *, #7020, .T. ) ;
#3099 = EDGE_LOOP ( 'NONE', ( #10511, #6023, #3591, #8587 ) ) ;
#3100 = CARTESIAN_POINT ( 'NONE',  ( 1.809836065999999910, 0.9241006170000001241, 1.216790138999999993 ) ) ;
#3101 = CARTESIAN_POINT ( 'NONE',  ( 1.942102885177108273, 0.8233164494204670003, -1.106843105546291950 ) ) ;
#3102 = CARTESIAN_POINT ( 'NONE',  ( 0.7250000001859375764, 0.000000000000000000, -2.299999999999999822 ) ) ;
#3103 = LINE ( 'NONE', #3048, #8371 ) ;
#3104 = EDGE_CURVE ( 'NONE', #2274, #2608, #1457, .T. ) ;
#3105 = CARTESIAN_POINT ( 'NONE',  ( -1.583906965801152644, 1.199999999999960876, 1.080356770544641298 ) ) ;
#3106 = AXIS2_PLACEMENT_3D ( 'NONE', #4805, #1564, #8912 ) ;
#3107 = LINE ( 'NONE', #3987, #3238 ) ;
#3108 = LINE ( 'NONE', #700, #6166 ) ;
#3109 = CARTESIAN_POINT ( 'NONE',  ( 1.430228692842159033, 0.8236401051469675050, 1.720793701529732322 ) ) ;
#3110 = CARTESIAN_POINT ( 'NONE',  ( 0.3000000000000000444, 0.6500000000000001332, -2.349999999999999645 ) ) ;
#3111 = ORIENTED_EDGE ( 'NONE', *, *, #6762, .F. ) ;
#3112 = CARTESIAN_POINT ( 'NONE',  ( -2.298438055000000091, 0.6450000000000001288, 0.8785042870000000503 ) ) ;
#3113 = CARTESIAN_POINT ( 'NONE',  ( 0.6000000000000000888, 0.7000000000000000666, -2.250000000000001776 ) ) ;
#3114 = AXIS2_PLACEMENT_3D ( 'NONE', #3250, #6443, #7320 ) ;
#3115 = DIRECTION ( 'NONE',  ( 0.000000000000000000, -1.000000000000000000, 0.000000000000000000 ) ) ;
#3116 = CARTESIAN_POINT ( 'NONE',  ( 2.344031374966045078, 0.6665819598383384559, -0.9085604624768581772 ) ) ;
#3117 = ADVANCED_FACE ( 'NONE', ( #9949 ), #9729, .T. ) ;
#3118 = CARTESIAN_POINT ( 'NONE',  ( -1.446561046060468758, 1.129588042425242467, -1.444102009377186580 ) ) ;
#3119 = EDGE_CURVE ( 'NONE', #2406, #2140, #10711, .T. ) ;
#3120 = CARTESIAN_POINT ( 'NONE',  ( -1.100192575903698344, 1.100000000000000089, -0.4797360445730672329 ) ) ;
#3121 = AXIS2_PLACEMENT_3D ( 'NONE', #8223, #7402, #9913 ) ;
#3122 = ORIENTED_EDGE ( 'NONE', *, *, #7945, .F. ) ;
#3123 = CARTESIAN_POINT ( 'NONE',  ( 1.282233150547699818, 1.200000020401999823, 1.427907799716400028 ) ) ;
#3124 = DIRECTION ( 'NONE',  ( 0.000000000000000000, 1.000000000000000000, 0.000000000000000000 ) ) ;
#3125 = DIRECTION ( 'NONE',  ( -1.000000000000000000, -0.000000000000000000, 0.000000000000000000 ) ) ;
#3126 = ORIENTED_EDGE ( 'NONE', *, *, #1619, .T. ) ;
#3127 = CARTESIAN_POINT ( 'NONE',  ( 0.1501325560046248009, 0.1687307591081755320, 2.432086989079235373 ) ) ;
#3128 = CARTESIAN_POINT ( 'NONE',  ( -1.507690373693607366, 0.8236714934304225633, 1.653368040686668872 ) ) ;
#3129 = CARTESIAN_POINT ( 'NONE',  ( -1.024999999941406115, 0.000000000000000000, -1.750000000000000000 ) ) ;
#3130 = B_SPLINE_CURVE_WITH_KNOTS ( 'NONE', 3,
 ( #3478, #2497, #2663, #10004, #8423, #9297 ),
 .UNSPECIFIED., .F., .F.,
 ( 4, 2, 4 ),
 ( 0.000000000000000000, 0.5000000000000001110, 1.000000000000000000 ),
 .UNSPECIFIED. ) ;
#3131 = CARTESIAN_POINT ( 'NONE',  ( 2.299999999999999822, 0.7000000000000000666, -1.250000000199999795 ) ) ;
#3132 = CARTESIAN_POINT ( 'NONE',  ( -0.9518774840000000514, 1.172109290999999942, 1.778526046999999721 ) ) ;
#3133 = CARTESIAN_POINT ( 'NONE',  ( -0.9613195638717992875, 0.6944569882259084004, 2.317500605073115505 ) ) ;
#3134 = AXIS2_PLACEMENT_3D ( 'NONE', #8578, #10224, #6831 ) ;
#3135 = EDGE_CURVE ( 'NONE', #1025, #6897, #7324, .T. ) ;
#3136 = PLANE ( 'NONE',  #6855 ) ;
#3137 = CARTESIAN_POINT ( 'NONE',  ( 0.9067178905760312491, 0.6653201199726997972, 2.344546691494257207 ) ) ;
#3138 = CARTESIAN_POINT ( 'NONE',  ( -0.9950587360000001658, 0.6833333330000000982, -2.293438055000000197 ) ) ;
#3139 = ORIENTED_EDGE ( 'NONE', *, *, #2515, .T. ) ;
#3140 = CARTESIAN_POINT ( 'NONE',  ( 1.020009777999999923, 1.199997963000000167, -1.682072991000000295 ) ) ;
#3141 = CARTESIAN_POINT ( 'NONE',  ( 1.727764511999999586, 0.8091801430000002959, -1.436018935000000551 ) ) ;
#3142 = CARTESIAN_POINT ( 'NONE',  ( -1.836502439761982020, 1.102651530051711681, -0.9327575728701146263 ) ) ;
#3143 = ORIENTED_EDGE ( 'NONE', *, *, #8641, .T. ) ;
#3144 = ORIENTED_EDGE ( 'NONE', *, *, #4277, .F. ) ;
#3145 = CARTESIAN_POINT ( 'NONE',  ( -1.827791134934700024, 1.127394931858099580, 0.9161599510784003142 ) ) ;
#3146 = CARTESIAN_POINT ( 'NONE',  ( 2.175000000029629899, 0.7000000000000009548, -1.875000000007691181 ) ) ;
#3147 = EDGE_CURVE ( 'NONE', #59, #10037, #6399, .T. ) ;
#3148 = CARTESIAN_POINT ( 'NONE',  ( -0.7250000000000000888, 0.000000000000000000, -1.750000000056249894 ) ) ;
#3149 = CIRCLE ( 'NONE', #701, 0.3000000000000001554 ) ;
#3150 = DIRECTION ( 'NONE',  ( 1.000000000000000000, -0.000000000000000000, 0.000000000000000000 ) ) ;
#3151 = CARTESIAN_POINT ( 'NONE',  ( 2.299999999999999822, 0.6500000000000001332, -2.100000000000000089 ) ) ;
#3152 = ORIENTED_EDGE ( 'NONE', *, *, #7449, .F. ) ;
#3153 = AXIS2_PLACEMENT_3D ( 'NONE', #9542, #8723, #6926 ) ;
#3154 = ORIENTED_EDGE ( 'NONE', *, *, #10236, .F. ) ;
#3155 = VERTEX_POINT ( 'NONE', #4143 ) ;
#3156 = LINE ( 'NONE', #2279, #7050 ) ;
#3157 = CARTESIAN_POINT ( 'NONE',  ( -2.293438055000000197, 0.6753823869026261972, 0.9950587360000001658 ) ) ;
#3158 = DIRECTION ( 'NONE',  ( 0.000000000000000000, 0.000000000000000000, 1.000000000000000000 ) ) ;
#3159 = FACE_OUTER_BOUND ( 'NONE', #8713, .T. ) ;
#3160 = CIRCLE ( 'NONE', #3190, 0.2999999999999997113 ) ;
#3161 = VECTOR ( 'NONE', #2393, 1000.000000000000000 ) ;
#3162 = CARTESIAN_POINT ( 'NONE',  ( 0.9303691216836009747, 0.6803606708533401770, -2.335569264442115323 ) ) ;
#3163 = LINE ( 'NONE', #4305, #10357 ) ;
#3164 = CARTESIAN_POINT ( 'NONE',  ( 1.852309466000000127, 0.8091248930000001227, 1.271308979999999922 ) ) ;
#3165 = CARTESIAN_POINT ( 'NONE',  ( 1.684802193000000115, 0.9236595380000001132, -1.387877699999999992 ) ) ;
#3166 = VERTEX_POINT ( 'NONE', #6509 ) ;
#3167 = CARTESIAN_POINT ( 'NONE',  ( -2.348947903999999642, 0.6748721830000000699, 0.9184446360000001475 ) ) ;
#3168 = CARTESIAN_POINT ( 'NONE',  ( -2.314018341192177086, 0.6960089779984687253, 0.9664682027173057133 ) ) ;
#3169 = CIRCLE ( 'NONE', #10369, 2.500000000000000444 ) ;
#3170 = CARTESIAN_POINT ( 'NONE',  ( -0.7250000002036457447, 0.02000000000000000389, -1.350000000010416867 ) ) ;
#3171 = CARTESIAN_POINT ( 'NONE',  ( 2.346835145159158031, 0.6581989619939322411, -0.8965737284085945058 ) ) ;
#3172 = CARTESIAN_POINT ( 'NONE',  ( 1.089654453202482776, 0.8235466378435952750, 1.951467716939614627 ) ) ;
#3173 = DIRECTION ( 'NONE',  ( 0.000000000000000000, 0.000000000000000000, 1.000000000000000000 ) ) ;
#3174 = CIRCLE ( 'NONE', #1441, 0.2999999999999999334 ) ;
#3175 = DIRECTION ( 'NONE',  ( -1.000000000000000000, 0.000000000000000000, 0.000000000000000000 ) ) ;
#3176 = ORIENTED_EDGE ( 'NONE', *, *, #5470, .T. ) ;
#3177 = CARTESIAN_POINT ( 'NONE',  ( 1.316396977999999995, 1.199997980000000020, 1.465987797999999787 ) ) ;
#3178 = CARTESIAN_POINT ( 'NONE',  ( -1.951749099000000598, 0.8230413180000002438, -1.089814080999999879 ) ) ;
#3179 = CARTESIAN_POINT ( 'NONE',  ( 0.1499999976451281691, 0.1909167856133076047, 2.308505452397830116 ) ) ;
#3180 = ORIENTED_EDGE ( 'NONE', *, *, #5689, .F. ) ;
#3181 = EDGE_CURVE ( 'NONE', #968, #7247, #9840, .T. ) ;
#3182 = CARTESIAN_POINT ( 'NONE',  ( 0.4059364686621252938, 1.199999999999999956, -1.129394340884067649 ) ) ;
#3183 = CARTESIAN_POINT ( 'NONE',  ( -1.921766434000000023, 0.8000000000000000444, 1.193321910999999957 ) ) ;
#3184 = EDGE_CURVE ( 'NONE', #6444, #4847, #532, .T. ) ;
#3185 = CARTESIAN_POINT ( 'NONE',  ( -1.399999999999999911, 0.8000000000000000444, 2.399999999999999911 ) ) ;
#3186 = VERTEX_POINT ( 'NONE', #3817 ) ;
#3187 = CARTESIAN_POINT ( 'NONE',  ( 0.9062592101602264805, 1.189275593357013161, 1.757298854673919886 ) ) ;
#3188 = CARTESIAN_POINT ( 'NONE',  ( -0.8810725885600004803, 1.200000061860000633, 1.699985978139999521 ) ) ;
#3189 = CARTESIAN_POINT ( 'NONE',  ( -0.9236563958364535365, 0.6763883327699330428, 2.338622694906522081 ) ) ;
#3190 = AXIS2_PLACEMENT_3D ( 'NONE', #6798, #2788, #10137 ) ;
#3191 = DIRECTION ( 'NONE',  ( 1.000000000000000000, -0.000000000000000000, 0.000000000000000000 ) ) ;
#3192 = CARTESIAN_POINT ( 'NONE',  ( 0.8785042868423997842, 0.6450000000080839957, 2.348438055000000801 ) ) ;
#3193 = PLANE ( 'NONE',  #9725 ) ;
#3194 = ORIENTED_EDGE ( 'NONE', *, *, #3789, .F. ) ;
#3195 = CARTESIAN_POINT ( 'NONE',  ( 0.9746194630000001302, 1.199997959000000058, -1.708908234999999776 ) ) ;
#3196 = CARTESIAN_POINT ( 'NONE',  ( 1.803243979000000108, 0.8000000000000000444, -1.363647168000000187 ) ) ;
#3197 = ADVANCED_FACE ( 'NONE', ( #6571 ), #9031, .F. ) ;
#3198 = CARTESIAN_POINT ( 'NONE',  ( -0.3000000000000000444, 0.1799999999999999933, -0.8500000000371095155 ) ) ;
#3199 = ORIENTED_EDGE ( 'NONE', *, *, #7178, .T. ) ;
#3200 = ORIENTED_EDGE ( 'NONE', *, *, #777, .F. ) ;
#3201 = CARTESIAN_POINT ( 'NONE',  ( -1.635636083999999935, 1.172349056000000056, 1.180481061000000276 ) ) ;
#3202 = CARTESIAN_POINT ( 'NONE',  ( -1.387877699999999992, 0.9236595380000001132, -1.684802193000000115 ) ) ;
#3203 = CARTESIAN_POINT ( 'NONE',  ( 2.300000000000000711, 0.6464365013185359166, -0.8946474349077693233 ) ) ;
#3204 = B_SPLINE_CURVE_WITH_KNOTS ( 'NONE', 3,
 ( #2170, #7281, #7392, #3213 ),
 .UNSPECIFIED., .F., .F.,
 ( 4, 4 ),
 ( 0.000000000000000000, 1.000000000000000000 ),
 .UNSPECIFIED. ) ;
#3205 = CARTESIAN_POINT ( 'NONE',  ( -1.836501388266489121, 1.102651602841322687, 0.9327621540089664487 ) ) ;
#3206 = CARTESIAN_POINT ( 'NONE',  ( 2.323310238000000361, 0.7005098490000000178, -0.9551183869999999576 ) ) ;
#3207 = EDGE_CURVE ( 'NONE', #347, #6455, #3204, .T. ) ;
#3208 = ORIENTED_EDGE ( 'NONE', *, *, #9608, .F. ) ;
#3209 = ORIENTED_EDGE ( 'NONE', *, *, #5023, .T. ) ;
#3210 = ORIENTED_EDGE ( 'NONE', *, *, #4529, .F. ) ;
#3211 = DIRECTION ( 'NONE',  ( 1.000000000000000000, -0.000000000000000000, 0.000000000000000000 ) ) ;
#3212 = CARTESIAN_POINT ( 'NONE',  ( 1.802130481999999922, 1.128834783999999924, -0.9644397660000000316 ) ) ;
#3213 = CARTESIAN_POINT ( 'NONE',  ( 0.1499999976458038509, 0.09237426141546394021, 2.325516358010388362 ) ) ;
#3214 = CARTESIAN_POINT ( 'NONE',  ( 0.8785042870000000503, 0.6450000000000001288, -2.298438055000000091 ) ) ;
#3215 = CARTESIAN_POINT ( 'NONE',  ( 0.8916295004489533937, 1.199999999999464384, -1.696049906675774377 ) ) ;
#3216 = CARTESIAN_POINT ( 'NONE',  ( 1.836502778887328713, 1.102651364883272977, 0.9327571059302379730 ) ) ;
#3217 = CARTESIAN_POINT ( 'NONE',  ( 1.507529085489593301, 0.8240143662193640806, 1.653224786830992832 ) ) ;
#3218 = EDGE_CURVE ( 'NONE', #5309, #8355, #2685, .T. ) ;
#3219 = CARTESIAN_POINT ( 'NONE',  ( -1.823793532257002914, 1.128616006862358079, 0.9223948601558902283 ) ) ;
#3220 = EDGE_LOOP ( 'NONE', ( #5191, #623, #3143, #4376 ) ) ;
#3221 = CARTESIAN_POINT ( 'NONE',  ( -1.036377631401000032, 1.128587701688799960, -1.762122497932799847 ) ) ;
#3222 = CARTESIAN_POINT ( 'NONE',  ( -2.308225061770758479, 0.6979924103026511339, 0.9747656624689868821 ) ) ;
#3223 = FACE_OUTER_BOUND ( 'NONE', #7724, .T. ) ;
#3224 = CARTESIAN_POINT ( 'NONE',  ( 2.332185658753019197, 0.6840336163248944557, -0.9370520116635111529 ) ) ;
#3225 = CARTESIAN_POINT ( 'NONE',  ( -2.100000000000000089, -0.002400000000000000657, -2.300000000004788880 ) ) ;
#3226 = DIRECTION ( 'NONE',  ( -0.000000000000000000, -0.000000000000000000, -1.000000000000000000 ) ) ;
#3227 = CARTESIAN_POINT ( 'NONE',  ( -1.000000000090850660, 0.7000000000000000666, -2.399999999999999911 ) ) ;
#3228 = ORIENTED_EDGE ( 'NONE', *, *, #10016, .T. ) ;
#3229 = CARTESIAN_POINT ( 'NONE',  ( 1.284656093580000213, 1.129081348499999971, 1.593894723460000273 ) ) ;
#3230 = EDGE_CURVE ( 'NONE', #2191, #6893, #7661, .T. ) ;
#3231 = CARTESIAN_POINT ( 'NONE',  ( -1.973838048000000178, 0.8000000000000000444, -1.102395468000000101 ) ) ;
#3232 = CARTESIAN_POINT ( 'NONE',  ( 2.299999999888823421, 0.6500000000856803739, 0.9268673175934182273 ) ) ;
#3233 = VERTEX_POINT ( 'NONE', #3874 ) ;
#3234 = CARTESIAN_POINT ( 'NONE',  ( 0.4225597729241538092, 1.199999999999999956, -1.123303906516476491 ) ) ;
#3235 = CARTESIAN_POINT ( 'NONE',  ( -2.338691327943219989, 0.6762592592357589139, -0.9234614810760778392 ) ) ;
#3236 = CARTESIAN_POINT ( 'NONE',  ( 2.299999999999999822, 0.000000000000000000, -2.299999999999999822 ) ) ;
#3237 = DIRECTION ( 'NONE',  ( 0.000000000000000000, 1.000000000000000000, -0.000000000000000000 ) ) ;
#3238 = VECTOR ( 'NONE', #8162, 1000.000000000000000 ) ;
#3239 = CARTESIAN_POINT ( 'NONE',  ( -0.9268673177856542322, 0.6500000000993725324, -2.299999999871395140 ) ) ;
#3240 = CARTESIAN_POINT ( 'NONE',  ( -0.9365110112661808595, 0.6837476036552757597, 2.332471671421920689 ) ) ;
#3241 = EDGE_CURVE ( 'NONE', #137, #6157, #9228, .T. ) ;
#3242 = ADVANCED_FACE ( 'NONE', ( #3159 ), #477, .T. ) ;
#3243 = VECTOR ( 'NONE', #411, 1000.000000000000000 ) ;
#3244 = CARTESIAN_POINT ( 'NONE',  ( 0.9439799750000000822, 1.050000000000000044, 1.696049930000000261 ) ) ;
#3245 = DIRECTION ( 'NONE',  ( 0.000000000000000000, 0.000000000000000000, 1.000000000000000000 ) ) ;
#3246 = CARTESIAN_POINT ( 'NONE',  ( 2.449999999999999734, 0.04999999999999996808, -0.1999999999999999001 ) ) ;
#3247 = ORIENTED_EDGE ( 'NONE', *, *, #8879, .F. ) ;
#3248 = CARTESIAN_POINT ( 'NONE',  ( 1.037123526337999868, 1.200000041066600076, -1.611234117454600101 ) ) ;
#3249 = CARTESIAN_POINT ( 'NONE',  ( -1.677117297851166144, 1.199999999999960876, -0.9269587864678963118 ) ) ;
#3250 = CARTESIAN_POINT ( 'NONE',  ( 0.000000000000000000, 0.6500000000000001332, 0.000000000000000000 ) ) ;
#3251 = CARTESIAN_POINT ( 'NONE',  ( -1.282236532770000492, 1.200000020200000739, -1.427911569640000877 ) ) ;
#3252 = EDGE_LOOP ( 'NONE', ( #1635, #8234, #8872, #2948 ) ) ;
#3253 = EDGE_LOOP ( 'NONE', ( #8984, #4474, #4200, #8642 ) ) ;
#3254 = CARTESIAN_POINT ( 'NONE',  ( -1.611232103380000114, 1.200000040659999989, 1.037145934919999624 ) ) ;
#3255 = DIRECTION ( 'NONE',  ( 1.000000000000000000, -0.000000000000000000, 0.000000000000000000 ) ) ;
#3256 = VECTOR ( 'NONE', #4614, 1000.000000000000000 ) ;
#3257 = CARTESIAN_POINT ( 'NONE',  ( 0.9184339279999998995, 0.6745970970000001454, 2.348438054999999913 ) ) ;
#3258 = EDGE_CURVE ( 'NONE', #1840, #9477, #3103, .T. ) ;
#3259 = ADVANCED_FACE ( 'NONE', ( #6517 ), #5587, .T. ) ;
#3260 = LINE ( 'NONE', #8102, #5358 ) ;
#3261 = ADVANCED_FACE ( 'NONE', ( #9848 ), #1516, .T. ) ;
#3262 = ORIENTED_EDGE ( 'NONE', *, *, #3743, .T. ) ;
#3263 = CARTESIAN_POINT ( 'NONE',  ( 1.600000000000000089, 0.1000000000000000056, -2.299999999999999822 ) ) ;
#3264 = VERTEX_POINT ( 'NONE', #10066 ) ;
#3265 = VERTEX_POINT ( 'NONE', #2505 ) ;
#3266 = ORIENTED_EDGE ( 'NONE', *, *, #2674, .F. ) ;
#3267 = CARTESIAN_POINT ( 'NONE',  ( 2.174999999999999822, 0.7000000000000000666, 1.875000000000000000 ) ) ;
#3268 = B_SPLINE_CURVE_WITH_KNOTS ( 'NONE', 3,
 ( #3205, #4913, #8258, #8858 ),
 .UNSPECIFIED., .F., .F.,
 ( 4, 4 ),
 ( 0.000000000000000000, 1.000000000000000000 ),
 .UNSPECIFIED. ) ;
#3269 = CARTESIAN_POINT ( 'NONE',  ( 1.712340592552499929, 1.200000020704999892, -0.8585874778820000719 ) ) ;
#3270 = CARTESIAN_POINT ( 'NONE',  ( 2.100000000000000089, 0.4000000000000001332, -2.405681128000001223 ) ) ;
#3271 = CARTESIAN_POINT ( 'NONE',  ( -1.664708797844403732, 1.199999999999960876, 0.9495315804791915060 ) ) ;
#3272 = EDGE_CURVE ( 'NONE', #5362, #5990, #9307, .T. ) ;
#3273 = CARTESIAN_POINT ( 'NONE',  ( 0.9329582526399694542, 0.6818279935091363653, -2.334308127878788497 ) ) ;
#3274 = CARTESIAN_POINT ( 'NONE',  ( 1.823793480397792655, 1.128615982488745395, 0.9223949705300015234 ) ) ;
#3275 = VECTOR ( 'NONE', #5308, 1000.000000000000000 ) ;
#3276 = CARTESIAN_POINT ( 'NONE',  ( 1.672334731000000074, 0.8000000000000000444, 1.524980047999999977 ) ) ;
#3277 = CARTESIAN_POINT ( 'NONE',  ( 1.444550806000000964, 1.131354653999999904, -1.444550806000000964 ) ) ;
#3278 = VERTEX_POINT ( 'NONE', #2559 ) ;
#3279 = CARTESIAN_POINT ( 'NONE',  ( -0.9645666579055004464, 1.128397711489399935, -1.802368880157799946 ) ) ;
#3280 = ORIENTED_EDGE ( 'NONE', *, *, #9076, .T. ) ;
#3281 = CARTESIAN_POINT ( 'NONE',  ( 2.293438055084242144, 0.7000000000000000666, -2.399999999999999911 ) ) ;
#3282 = CARTESIAN_POINT ( 'NONE',  ( 1.282574781383445384, 1.199999999998418776, 1.428288591407758101 ) ) ;
#3283 = CARTESIAN_POINT ( 'NONE',  ( -1.799882947374812581, 1.161210731620901271, -0.9165261385213084866 ) ) ;
#3284 = CARTESIAN_POINT ( 'NONE',  ( 0.6000000000000000888, 0.7000000000000000666, 2.293438055000000197 ) ) ;
#3285 = EDGE_CURVE ( 'NONE', #1165, #9856, #5974, .T. ) ;
#3286 = CARTESIAN_POINT ( 'NONE',  ( -1.024999999980468646, 0.02000000000000000389, -1.750000000000000000 ) ) ;
#3287 = ORIENTED_EDGE ( 'NONE', *, *, #36, .F. ) ;
#3288 = CARTESIAN_POINT ( 'NONE',  ( 1.523700263190000292, 1.128302023430000967, 1.368099202270000037 ) ) ;
#3289 = CARTESIAN_POINT ( 'NONE',  ( -1.921762816999999846, 0.8000000000000000444, -1.193328224999999909 ) ) ;
#3290 = CARTESIAN_POINT ( 'NONE',  ( 0.9950587357433454683, 0.7000000000000000666, -2.293438055065114334 ) ) ;
#3291 = ORIENTED_EDGE ( 'NONE', *, *, #2789, .F. ) ;
#3292 = AXIS2_PLACEMENT_3D ( 'NONE', #10725, #9621, #9727 ) ;
#3293 = CARTESIAN_POINT ( 'NONE',  ( 0.1500000000000000222, 0.1858803470000000291, 2.403255918999999352 ) ) ;
#3294 = DIRECTION ( 'NONE',  ( 0.000000000000000000, 0.9431887185400095186, 0.3322574923441976580 ) ) ;
#3295 = CARTESIAN_POINT ( 'NONE',  ( 2.299999999999999822, 0.6500000000261608735, -2.100000000000000089 ) ) ;
#3296 = DIRECTION ( 'NONE',  ( 0.000000000000000000, 0.000000000000000000, -1.000000000000000000 ) ) ;
#3297 = CARTESIAN_POINT ( 'NONE',  ( -0.8815286255200001087, 1.200000020619999885, 1.700899859379999768 ) ) ;
#3298 = CARTESIAN_POINT ( 'NONE',  ( -0.9107794650804079684, 0.6680883281777867388, 2.343375908116810180 ) ) ;
#3299 = VECTOR ( 'NONE', #9884, 1000.000000000000000 ) ;
#3300 = FACE_OUTER_BOUND ( 'NONE', #9611, .T. ) ;
#3301 = FACE_OUTER_BOUND ( 'NONE', #9629, .T. ) ;
#3302 = DIRECTION ( 'NONE',  ( 1.000000000000000000, 0.000000000000000000, 0.000000000000000000 ) ) ;
#3303 = EDGE_LOOP ( 'NONE', ( #7886, #2555, #5537, #1099 ) ) ;
#3304 = CARTESIAN_POINT ( 'NONE',  ( 1.012615156799999916, 1.128531500980000324, -1.775862351109999571 ) ) ;
#3305 = CARTESIAN_POINT ( 'NONE',  ( 1.129349477944070257, 1.199999999999999734, 0.4060501601480659972 ) ) ;
#3306 = VECTOR ( 'NONE', #163, 1000.000000000000000 ) ;
#3307 = CARTESIAN_POINT ( 'NONE',  ( -2.296057939999999853, 0.6500000000000001332, -0.9561791889999999849 ) ) ;
#3308 = CARTESIAN_POINT ( 'NONE',  ( -1.611242661460000392, 1.200000040659999989, -1.037129004799999921 ) ) ;
#3309 = EDGE_CURVE ( 'NONE', #10234, #2195, #923, .T. ) ;
#3310 = ORIENTED_EDGE ( 'NONE', *, *, #1573, .T. ) ;
#3311 = VERTEX_POINT ( 'NONE', #1795 ) ;
#3312 = CARTESIAN_POINT ( 'NONE',  ( -1.593896816554600138, 1.129077057765000003, 1.284657777515801014 ) ) ;
#3313 = LINE ( 'NONE', #9071, #2765 ) ;
#3314 = AXIS2_PLACEMENT_3D ( 'NONE', #3742, #6177, #5504 ) ;
#3315 = CARTESIAN_POINT ( 'NONE',  ( 1.399999999792592487, 0.7000000000000000666, 2.174999999999999822 ) ) ;
#3316 = ORIENTED_EDGE ( 'NONE', *, *, #7774, .T. ) ;
#3317 = CARTESIAN_POINT ( 'NONE',  ( -2.336754861116985271, 0.6789195205195390770, 0.9278720179279742464 ) ) ;
#3318 = EDGE_LOOP ( 'NONE', ( #150, #7680, #4136, #5671 ) ) ;
#3319 = EDGE_CURVE ( 'NONE', #2319, #1286, #6028, .T. ) ;
#3320 = EDGE_LOOP ( 'NONE', ( #769, #4434, #2059, #10364, #10343 ) ) ;
#3321 = EDGE_CURVE ( 'NONE', #10847, #847, #8484, .T. ) ;
#3322 = ORIENTED_EDGE ( 'NONE', *, *, #5814, .F. ) ;
#3323 = CARTESIAN_POINT ( 'NONE',  ( -1.000000000000000000, 0.8000000000000000444, -2.399999999999999911 ) ) ;
#3324 = CARTESIAN_POINT ( 'NONE',  ( 1.600000000000000089, 0.1000000000000000056, 2.299999999999999822 ) ) ;
#3325 = CARTESIAN_POINT ( 'NONE',  ( -0.6000000003624998968, 0.6500000000000002442, 2.450000000000000178 ) ) ;
#3326 = CARTESIAN_POINT ( 'NONE',  ( 1.937835206861480364, 0.8324370142996269095, -1.102131820194691691 ) ) ;
#3327 = CARTESIAN_POINT ( 'NONE',  ( -2.296866078658346577, 0.6500000000000005773, -0.9494570283024533763 ) ) ;
#3328 = VECTOR ( 'NONE', #2138, 1000.000000000000000 ) ;
#3329 = CARTESIAN_POINT ( 'NONE',  ( 1.721674212999999565, 1.199997956999999893, -0.9514489420000000752 ) ) ;
#3330 = VERTEX_POINT ( 'NONE', #8321 ) ;
#3331 = CARTESIAN_POINT ( 'NONE',  ( -1.036650796203000047, 1.127715629066399661, -1.762589047798399644 ) ) ;
#3332 = EDGE_CURVE ( 'NONE', #7226, #6129, #4399, .T. ) ;
#3333 = ORIENTED_EDGE ( 'NONE', *, *, #4802, .F. ) ;
#3334 = DIRECTION ( 'NONE',  ( -1.000000000000000000, -3.614007241618349264E-16, 0.000000000000000000 ) ) ;
#3335 = CARTESIAN_POINT ( 'NONE',  ( 2.347771667151347774, 0.6535357243738902921, -0.8901134752496132618 ) ) ;
#3336 = AXIS2_PLACEMENT_3D ( 'NONE', #7787, #8449, #8551 ) ;
#3337 = DIRECTION ( 'NONE',  ( 0.000000000000000000, 0.000000000000000000, 1.000000000000000000 ) ) ;
#3338 = CARTESIAN_POINT ( 'NONE',  ( 0.000000000000000000, 0.1901880480000000817, -2.299999999999999822 ) ) ;
#3339 = CARTESIAN_POINT ( 'NONE',  ( -0.7250000002390624143, 0.02000000000000000389, -1.750000000000000000 ) ) ;
#3340 = EDGE_LOOP ( 'NONE', ( #10441, #1880, #3374, #9587, #10467, #10610 ) ) ;
#3341 = CARTESIAN_POINT ( 'NONE',  ( 1.651420213553499883, 1.200000020593899874, 0.9715533593914000843 ) ) ;
#3342 = CARTESIAN_POINT ( 'NONE',  ( 0.9999999998704894866, 0.7000000000000000666, -2.291287847534443145 ) ) ;
#3343 = AXIS2_PLACEMENT_3D ( 'NONE', #7456, #2463, #7404 ) ;
#3344 = FACE_OUTER_BOUND ( 'NONE', #4222, .T. ) ;
#3345 = VERTEX_POINT ( 'NONE', #1628 ) ;
#3346 = CIRCLE ( 'NONE', #5453, 0.2999999999999997113 ) ;
#3347 = CARTESIAN_POINT ( 'NONE',  ( 0.1481698510000000191, 0.2133150740000000212, 2.380022655999999959 ) ) ;
#3348 = CARTESIAN_POINT ( 'NONE',  ( -2.331139222123365329, 0.6850452493753830252, -0.9389988476048252153 ) ) ;
#3349 = DIRECTION ( 'NONE',  ( -1.000000000000000000, -0.000000000000000000, -0.000000000000000000 ) ) ;
#3350 = ORIENTED_EDGE ( 'NONE', *, *, #5137, .T. ) ;
#3351 = CARTESIAN_POINT ( 'NONE',  ( -2.296212748401287186E-18, 0.3500000000078384854, -2.449999999999999734 ) ) ;
#3352 = DIRECTION ( 'NONE',  ( -1.000000000000000000, 0.000000000000000000, -0.000000000000000000 ) ) ;
#3353 = CARTESIAN_POINT ( 'NONE',  ( 0.9235890599831948489, 1.120246382121931061, 1.828955114244286362 ) ) ;
#3354 = AXIS2_PLACEMENT_3D ( 'NONE', #271, #5257, #8599 ) ;
#3355 = DIRECTION ( 'NONE',  ( 0.000000000000000000, 0.000000000000000000, 1.000000000000000000 ) ) ;
#3356 = CARTESIAN_POINT ( 'NONE',  ( 1.320996026839655224, 1.129335715482449487, -1.559602620949847696 ) ) ;
#3357 = CARTESIAN_POINT ( 'NONE',  ( 0.7250000000000000888, 0.1799999999999999933, -0.8500000000000000888 ) ) ;
#3358 = VERTEX_POINT ( 'NONE', #7443 ) ;
#3359 = CARTESIAN_POINT ( 'NONE',  ( 0.9710348761742005896, 1.200000061781700156, -1.650534686660500627 ) ) ;
#3360 = DIRECTION ( 'NONE',  ( -0.000000000000000000, 1.000000000000000000, 0.000000000000000000 ) ) ;
#3361 = EDGE_CURVE ( 'NONE', #4135, #2195, #9194, .T. ) ;
#3362 = CIRCLE ( 'NONE', #6694, 1.100000000000000089 ) ;
#3363 = CARTESIAN_POINT ( 'NONE',  ( -0.9766115180679273422, 0.6983419258272517416, -2.306909757669540095 ) ) ;
#3364 = CARTESIAN_POINT ( 'NONE',  ( -1.651862976999999955, 1.199999999999999956, -0.9718126009999999981 ) ) ;
#3365 = ORIENTED_EDGE ( 'NONE', *, *, #8279, .F. ) ;
#3366 = ORIENTED_EDGE ( 'NONE', *, *, #1002, .T. ) ;
#3367 = CARTESIAN_POINT ( 'NONE',  ( -1.761889223000000726, 1.129023737999999888, 1.036241049000000025 ) ) ;
#3368 = DIRECTION ( 'NONE',  ( -0.000000000000000000, -1.000000000000000000, -0.000000000000000000 ) ) ;
#3369 = CARTESIAN_POINT ( 'NONE',  ( -1.750000000000000000, 0.6500000000000001332, 1.750000000000000000 ) ) ;
#3370 = CARTESIAN_POINT ( 'NONE',  ( -1.937835664729505858, 0.8324366112817341845, 1.102130525537351025 ) ) ;
#3371 = ORIENTED_EDGE ( 'NONE', *, *, #350, .F. ) ;
#3372 = CARTESIAN_POINT ( 'NONE',  ( -2.340265977484695004, 0.6738550528510551807, 0.9196035730540891295 ) ) ;
#3373 = ORIENTED_EDGE ( 'NONE', *, *, #5779, .F. ) ;
#3374 = ORIENTED_EDGE ( 'NONE', *, *, #4859, .T. ) ;
#3375 = ORIENTED_EDGE ( 'NONE', *, *, #2278, .T. ) ;
#3376 = DIRECTION ( 'NONE',  ( -1.000000000000000000, 0.000000000000000000, -0.000000000000000000 ) ) ;
#3377 = CARTESIAN_POINT ( 'NONE',  ( 1.696049971799174605, 1.200000000000309708, -0.8916291509791446357 ) ) ;
#3378 = DIRECTION ( 'NONE',  ( 0.9169457169859263068, 0.000000000000000000, 0.3990119698720396291 ) ) ;
#3379 = CARTESIAN_POINT ( 'NONE',  ( -1.320996026814929891, 1.129335715482785885, 1.559602620970401921 ) ) ;
#3380 = EDGE_CURVE ( 'NONE', #2018, #1689, #9759, .T. ) ;
#3381 = EDGE_CURVE ( 'NONE', #8703, #1929, #97, .T. ) ;
#3382 = CARTESIAN_POINT ( 'NONE',  ( 0.9796618729084065613, 0.6988455688293132573, -2.304720250593062847 ) ) ;
#3383 = CARTESIAN_POINT ( 'NONE',  ( 1.675768630865300368, 1.200000061902900095, -0.9262141719171000931 ) ) ;
#3384 = EDGE_LOOP ( 'NONE', ( #1566, #2150, #10850, #6102 ) ) ;
#3385 = DIRECTION ( 'NONE',  ( 0.000000000000000000, -0.3322574923113522649, 0.9431887185515800409 ) ) ;
#3386 = ORIENTED_EDGE ( 'NONE', *, *, #6242, .F. ) ;
#3387 = LINE ( 'NONE', #819, #9607 ) ;
#3388 = CARTESIAN_POINT ( 'NONE',  ( -2.449999999999999734, -0.05000000000000000971, 0.4999999999999997780 ) ) ;
#3389 = PLANE ( 'NONE',  #9812 ) ;
#3390 = CARTESIAN_POINT ( 'NONE',  ( -0.1500883706697498654, 0.1690917984295546295, -2.432653504979152448 ) ) ;
#3391 = EDGE_CURVE ( 'NONE', #10037, #9571, #7934, .T. ) ;
#3392 = CARTESIAN_POINT ( 'NONE',  ( 2.347731822275630265, 0.6538118482478911808, 0.8904922033880851018 ) ) ;
#3393 = DIRECTION ( 'NONE',  ( -0.000000000000000000, 0.000000000000000000, 1.000000000000000000 ) ) ;
#3394 = VERTEX_POINT ( 'NONE', #3325 ) ;
#3395 = CARTESIAN_POINT ( 'NONE',  ( 1.719372273999999923, 1.129190821000000122, 1.106460989000000117 ) ) ;
#3396 = CARTESIAN_POINT ( 'NONE',  ( -1.844821954749255699, 0.8235179468172532102, -1.266176756106975221 ) ) ;
#3397 = LINE ( 'NONE', #6751, #3975 ) ;
#3398 = EDGE_LOOP ( 'NONE', ( #2100, #9013, #6500, #3176, #10512 ) ) ;
#3399 = CARTESIAN_POINT ( 'NONE',  ( 2.099999999980765697, 0.1000000000000000056, -2.299999999999999822 ) ) ;
#3400 = PLANE ( 'NONE',  #1146 ) ;
#3401 = CARTESIAN_POINT ( 'NONE',  ( -1.102131820021002184, 0.8324370122780239134, -1.937835207449339903 ) ) ;
#3402 = ORIENTED_EDGE ( 'NONE', *, *, #3042, .F. ) ;
#3403 = CARTESIAN_POINT ( 'NONE',  ( -1.105245510301005263, 0.8262817999025803273, -1.940568755994568351 ) ) ;
#3404 = CARTESIAN_POINT ( 'NONE',  ( -0.9722812142941965607, 0.6500000000000004663, -2.294948298248711716 ) ) ;
#3405 = CARTESIAN_POINT ( 'NONE',  ( -0.9760666739145086312, 0.6982298816502316985, 2.307295973107684972 ) ) ;
#3406 = EDGE_CURVE ( 'NONE', #5800, #4554, #2673, .T. ) ;
#3407 = LINE ( 'NONE', #1058, #895 ) ;
#3408 = CARTESIAN_POINT ( 'NONE',  ( 1.600000000000000089, 0.06677425075013668221, 2.394318871848560182 ) ) ;
#3409 = FACE_OUTER_BOUND ( 'NONE', #7065, .T. ) ;
#3410 = ORIENTED_EDGE ( 'NONE', *, *, #6487, .T. ) ;
#3411 = PLANE ( 'NONE',  #5829 ) ;
#3412 = VECTOR ( 'NONE', #8742, 1000.000000000000000 ) ;
#3413 = LINE ( 'NONE', #5176, #2178 ) ;
#3414 = CARTESIAN_POINT ( 'NONE',  ( 0.7250000000944443190, 0.2000000000000000111, 2.299999999999999822 ) ) ;
#3415 = CARTESIAN_POINT ( 'NONE',  ( -1.778526046999999721, 1.172109290999999942, -0.9518774840000000514 ) ) ;
#3416 = ORIENTED_EDGE ( 'NONE', *, *, #10626, .F. ) ;
#3417 = ORIENTED_EDGE ( 'NONE', *, *, #2300, .T. ) ;
#3418 = CARTESIAN_POINT ( 'NONE',  ( -1.610804906070000042, 1.200000060990000117, 1.036872007379999738 ) ) ;
#3419 = CARTESIAN_POINT ( 'NONE',  ( 0.1500000000000000222, 0.1909167850000000888, 2.308505452999999541 ) ) ;
#3420 = CARTESIAN_POINT ( 'NONE',  ( 0.9551183869999999576, 0.7005098490000000178, 2.323310238000000361 ) ) ;
#3421 = VECTOR ( 'NONE', #10685, 1000.000000000000000 ) ;
#3422 = ADVANCED_FACE ( 'NONE', ( #6677 ), #10012, .T. ) ;
#3423 = CARTESIAN_POINT ( 'NONE',  ( 1.984642722779335955, 0.8000000000930004296, 1.117129161365465251 ) ) ;
#3424 = VERTEX_POINT ( 'NONE', #10183 ) ;
#3425 = B_SPLINE_CURVE_WITH_KNOTS ( 'NONE', 3,
 ( #9260, #5204, #7674, #5875, #1037, #164, #8332, #3499, #2681, #9368, #1853, #820, #10801, #3282, #2461, #5421, #6091, #3714, #1143, #2941, #7890, #10408, #9635, #9529, #376 ),
 .UNSPECIFIED., .F., .F.,
 ( 4, 3, 3, 3, 3, 3, 3, 3, 4 ),
 ( 0.000000000000000000, 0.03449939578470243018, 0.1009995198174503811, 0.2339997678829545125, 0.5000002640139638022, 0.7660007601449732029, 0.8990010082104855638, 0.9655011322432335286, 1.000000000000000000 ),
 .UNSPECIFIED. ) ;
#3426 = CARTESIAN_POINT ( 'NONE',  ( -2.343756054806152456, 0.6672058302149430631, 0.9094813744451160087 ) ) ;
#3427 = VERTEX_POINT ( 'NONE', #3433 ) ;
#3428 = AXIS2_PLACEMENT_3D ( 'NONE', #951, #10159, #8518 ) ;
#3429 = VERTEX_POINT ( 'NONE', #10125 ) ;
#3430 = ORIENTED_EDGE ( 'NONE', *, *, #9939, .T. ) ;
#3431 = CARTESIAN_POINT ( 'NONE',  ( -1.543715557132336214, 0.6500000000000001332, -1.532177300010359788 ) ) ;
#3432 = DIRECTION ( 'NONE',  ( -0.9363291765782657539, -0.3511234442304683734, 0.000000000000000000 ) ) ;
#3433 = CARTESIAN_POINT ( 'NONE',  ( -1.400000000009876233, 0.7000000000000000666, 2.399999999999999911 ) ) ;
#3434 = PLANE ( 'NONE',  #6283 ) ;
#3435 = CARTESIAN_POINT ( 'NONE',  ( 0.9848675047062878107, 0.6994895718134634954, -2.300941051054033792 ) ) ;
#3436 = CARTESIAN_POINT ( 'NONE',  ( 1.611223559433800245, 1.200000041066600076, -1.037140456369199493 ) ) ;
#3437 = VERTEX_POINT ( 'NONE', #7663 ) ;
#3438 = CARTESIAN_POINT ( 'NONE',  ( -0.9044761839999998498, 1.199999999999999956, -1.689476216999999725 ) ) ;
#3439 = VERTEX_POINT ( 'NONE', #154 ) ;
#3440 = CARTESIAN_POINT ( 'NONE',  ( 0.7250000000000000888, 0.000000000000000000, 1.350000000000000089 ) ) ;
#3441 = ADVANCED_FACE ( 'NONE', ( #6845 ), #4922, .T. ) ;
#3442 = FACE_OUTER_BOUND ( 'NONE', #1012, .T. ) ;
#3443 = DIRECTION ( 'NONE',  ( 0.000000000000000000, -0.3322574898012566891, 0.9431887194358125059 ) ) ;
#3444 = CARTESIAN_POINT ( 'NONE',  ( -0.1481698020000000171, 0.1916558050000001234, -2.444521099000000142 ) ) ;
#3445 = CARTESIAN_POINT ( 'NONE',  ( 2.321117404942303786, 0.6925273982751317670, 0.9557982903867368041 ) ) ;
#3446 = DIRECTION ( 'NONE',  ( 0.000000000000000000, 1.000000000000000000, -0.000000000000000000 ) ) ;
#3447 = ORIENTED_EDGE ( 'NONE', *, *, #2839, .T. ) ;
#3448 = CARTESIAN_POINT ( 'NONE',  ( 1.493681404974400051, 1.200000040864600548, 1.203960603150200148 ) ) ;
#3449 = FACE_OUTER_BOUND ( 'NONE', #3801, .T. ) ;
#3450 = EDGE_LOOP ( 'NONE', ( #10108, #3977 ) ) ;
#3451 = B_SPLINE_CURVE_WITH_KNOTS ( 'NONE', 3,
 ( #3219, #2395, #4100, #7450, #5818, #9148 ),
 .UNSPECIFIED., .F., .F.,
 ( 4, 2, 4 ),
 ( 0.000000000000000000, 0.5000000000000000000, 1.000000000000000000 ),
 .UNSPECIFIED. ) ;
#3452 = CARTESIAN_POINT ( 'NONE',  ( 0.9327620411854731231, 1.102651866285845550, 1.836501306115960963 ) ) ;
#3453 = CARTESIAN_POINT ( 'NONE',  ( -1.024999999999999911, 0.02000000000000000389, -1.750000000000000000 ) ) ;
#3454 = DIRECTION ( 'NONE',  ( -0.000000000000000000, -1.000000000000000000, -0.000000000000000000 ) ) ;
#3455 = VERTEX_POINT ( 'NONE', #9956 ) ;
#3456 = AXIS2_PLACEMENT_3D ( 'NONE', #8569, #7802, #3682 ) ;
#3457 = DIRECTION ( 'NONE',  ( -0.000000000000000000, -1.000000000000000000, -0.000000000000000000 ) ) ;
#3458 = ADVANCED_FACE ( 'NONE', ( #5808 ), #4428, .T. ) ;
#3459 = ADVANCED_FACE ( 'NONE', ( #4369 ), #2776, .F. ) ;
#3460 = CARTESIAN_POINT ( 'NONE',  ( 0.5999999998771831100, 0.7000000000000002887, -2.293438055145842647 ) ) ;
#3461 = CARTESIAN_POINT ( 'NONE',  ( -2.449999999999999734, 0.3500000000000000333, -1.250000000000000000 ) ) ;
#3462 = CARTESIAN_POINT ( 'NONE',  ( 0.3386130941076027079, 0.1901880480000000817, 1.620188048000000380 ) ) ;
#3463 = AXIS2_PLACEMENT_3D ( 'NONE', #4866, #8210, #864 ) ;
#3464 = DIRECTION ( 'NONE',  ( -0.000000000000000000, 0.000000000000000000, 1.000000000000000000 ) ) ;
#3465 = CARTESIAN_POINT ( 'NONE',  ( 1.094900737452323636, 1.129098300876925753, -1.725574770742719144 ) ) ;
#3466 = LINE ( 'NONE', #5787, #8685 ) ;
#3467 = ORIENTED_EDGE ( 'NONE', *, *, #4480, .F. ) ;
#3468 = CARTESIAN_POINT ( 'NONE',  ( -0.9152447091736444218, 1.199999999999960876, -1.683556647832210373 ) ) ;
#3469 = CARTESIAN_POINT ( 'NONE',  ( -0.9627835577127630273, 0.6949378530462172465, -2.316526383330609562 ) ) ;
#3470 = CARTESIAN_POINT ( 'NONE',  ( -1.803155140000000101, 1.172051404000000296, -0.9038743710000004539 ) ) ;
#3471 = VERTEX_POINT ( 'NONE', #9567 ) ;
#3472 = ADVANCED_FACE ( 'NONE', ( #5355 ), #6238, .F. ) ;
#3473 = CARTESIAN_POINT ( 'NONE',  ( -1.493266215260000251, 1.200000060689999870, 1.203685435939999993 ) ) ;
#3474 = DIRECTION ( 'NONE',  ( 0.000000000000000000, 0.000000000000000000, 1.000000000000000000 ) ) ;
#3475 = CIRCLE ( 'NONE', #9767, 2.500000000000000000 ) ;
#3476 = CARTESIAN_POINT ( 'NONE',  ( -0.9950587360000001658, 0.7002549249999999725, 2.293438055000000197 ) ) ;
#3477 = LINE ( 'NONE', #9852, #3865 ) ;
#3478 = CARTESIAN_POINT ( 'NONE',  ( -9.259767438384831374E-18, 0.09018804800000002064, 2.164188047999999753 ) ) ;
#3479 = VERTEX_POINT ( 'NONE', #6952 ) ;
#3480 = VECTOR ( 'NONE', #7081, 1000.000000000000000 ) ;
#3481 = CARTESIAN_POINT ( 'NONE',  ( -2.338768371139824609, 0.6761474306914589949, 0.9232793381562346413 ) ) ;
#3482 = ORIENTED_EDGE ( 'NONE', *, *, #3119, .T. ) ;
#3483 = ORIENTED_EDGE ( 'NONE', *, *, #1938, .T. ) ;
#3484 = ORIENTED_EDGE ( 'NONE', *, *, #3361, .T. ) ;
#3485 = EDGE_CURVE ( 'NONE', #7545, #5063, #7933, .T. ) ;
#3486 = DIRECTION ( 'NONE',  ( -1.000000000000000000, 0.000000000000000000, -0.000000000000000000 ) ) ;
#3487 = CARTESIAN_POINT ( 'NONE',  ( 1.836499305999999887, 1.102668516000000043, -1.115387573000000243 ) ) ;
#3488 = CARTESIAN_POINT ( 'NONE',  ( 2.296212748401287186E-18, 0.3500000000039192871, 2.449999999999999734 ) ) ;
#3489 = VECTOR ( 'NONE', #5391, 1000.000000000000000 ) ;
#3490 = CARTESIAN_POINT ( 'NONE',  ( -1.405206962210250987, 1.129585049602213953, 1.484349420099611461 ) ) ;
#3491 = CARTESIAN_POINT ( 'NONE',  ( 0.9903959415050241910, 0.6998918860028238154, -2.296884916043480995 ) ) ;
#3492 = CARTESIAN_POINT ( 'NONE',  ( 1.689467070939999926, 1.128854164679999883, -1.152117914969999823 ) ) ;
#3493 = ORIENTED_EDGE ( 'NONE', *, *, #674, .T. ) ;
#3494 = AXIS2_PLACEMENT_3D ( 'NONE', #8349, #6873, #2642 ) ;
#3495 = CARTESIAN_POINT ( 'NONE',  ( -1.316396977999999995, 1.199997980000000020, -1.465987797999999787 ) ) ;
#3496 = VERTEX_POINT ( 'NONE', #7773 ) ;
#3497 = ADVANCED_FACE ( 'NONE', ( #4479 ), #10292, .F. ) ;
#3498 = DIRECTION ( 'NONE',  ( -0.000000000000000000, -0.000000000000000000, -1.000000000000000000 ) ) ;
#3499 = CARTESIAN_POINT ( 'NONE',  ( 1.612097095324288576, 1.199999999998408562, 1.037676872367712111 ) ) ;
#3500 = CARTESIAN_POINT ( 'NONE',  ( 1.058578643763010252, 1.499999999999649614, -2.117157287526021392 ) ) ;
#3501 = CARTESIAN_POINT ( 'NONE',  ( -2.175000000019753355, 0.8000000000000000444, 1.250000000375308451 ) ) ;
#3502 = CIRCLE ( 'NONE', #7019, 0.2999999999999999334 ) ;
#3503 = CARTESIAN_POINT ( 'NONE',  ( 2.346430465308120716, 0.6597870067510923642, 0.8987973605047739900 ) ) ;
#3504 = DIRECTION ( 'NONE',  ( 0.000000000000000000, 0.000000000000000000, -1.000000000000000000 ) ) ;
#3505 = EDGE_LOOP ( 'NONE', ( #7408, #690, #5245, #5595 ) ) ;
#3506 = CARTESIAN_POINT ( 'NONE',  ( 1.775862351109999571, 1.128531500980000324, 1.012615156799999916 ) ) ;
#3507 = CARTESIAN_POINT ( 'NONE',  ( -1.436018935000000551, 0.8091801430000002959, -1.727764511999999586 ) ) ;
#3508 = ORIENTED_EDGE ( 'NONE', *, *, #2496, .T. ) ;
#3509 = DIRECTION ( 'NONE',  ( 0.000000000000000000, 1.000000000000000000, 0.000000000000000000 ) ) ;
#3510 = CARTESIAN_POINT ( 'NONE',  ( -2.315071858010588457, 0.6955665755939541839, -0.9649241275208678692 ) ) ;
#3511 = DIRECTION ( 'NONE',  ( 1.000000000000000000, -0.000000000000000000, 0.000000000000000000 ) ) ;
#3512 = VERTEX_POINT ( 'NONE', #4535 ) ;
#3513 = VECTOR ( 'NONE', #5102, 1000.000000000000000 ) ;
#3514 = DIRECTION ( 'NONE',  ( -1.000000000000000000, -0.000000000000000000, -0.000000000000000000 ) ) ;
#3515 = CARTESIAN_POINT ( 'NONE',  ( -0.3000000000000000444, 0.1901880480000000817, -1.920188048000000203 ) ) ;
#3516 = CARTESIAN_POINT ( 'NONE',  ( 0.7249999999999999778, 0.02000000000000000389, -1.350000000005208367 ) ) ;
#3517 = VECTOR ( 'NONE', #2751, 1000.000000000000000 ) ;
#3518 = VECTOR ( 'NONE', #10603, 1000.000000000000000 ) ;
#3519 = CARTESIAN_POINT ( 'NONE',  ( 0.4297420481936815029, 0.1901880480000000817, 1.649540889385916920 ) ) ;
#3520 = EDGE_CURVE ( 'NONE', #2301, #9571, #1894, .T. ) ;
#3521 = LINE ( 'NONE', #129, #4400 ) ;
#3522 = CARTESIAN_POINT ( 'NONE',  ( 1.000000000000000000, 0.7000000000000000666, -2.399999999999999911 ) ) ;
#3523 = CARTESIAN_POINT ( 'NONE',  ( 2.296057939999999853, 0.6500000000000001332, 0.9561791889999999849 ) ) ;
#3524 = EDGE_LOOP ( 'NONE', ( #3901, #9187, #5498, #9135 ) ) ;
#3525 = CARTESIAN_POINT ( 'NONE',  ( 1.937835206861480364, 0.8324370142996269095, -1.102131820194691691 ) ) ;
#3526 = CARTESIAN_POINT ( 'NONE',  ( 0.3008942924804293706, 1.199999999999999734, 1.171721362860006721 ) ) ;
#3527 = CARTESIAN_POINT ( 'NONE',  ( -0.9913734559528609713, 0.6999491739200206508, -2.296165890160403844 ) ) ;
#3528 = CARTESIAN_POINT ( 'NONE',  ( -1.816298887661200290, 1.127448138352600271, -0.9391140816408000136 ) ) ;
#3529 = ORIENTED_EDGE ( 'NONE', *, *, #713, .F. ) ;
#3530 = CARTESIAN_POINT ( 'NONE',  ( -1.426336724000000000, 1.172453102000000191, 1.426375634000000003 ) ) ;
#3531 = CARTESIAN_POINT ( 'NONE',  ( 0.6000000000000000888, 0.09018804800000000677, 2.300000000031319214 ) ) ;
#3532 = CIRCLE ( 'NONE', #9652, 0.09999999999999982514 ) ;
#3533 = CARTESIAN_POINT ( 'NONE',  ( 1.600000000043749981, 0.06677425075192132409, -2.394318871875944055 ) ) ;
#3534 = EDGE_CURVE ( 'NONE', #9910, #5309, #3861, .T. ) ;
#3535 = CARTESIAN_POINT ( 'NONE',  ( 0.9388878664667428264, 0.6850006103812673608, 2.331211526904041875 ) ) ;
#3536 = CARTESIAN_POINT ( 'NONE',  ( -0.3000000000000000444, 0.1901880480000001095, -1.620188048000000380 ) ) ;
#3537 = VECTOR ( 'NONE', #9436, 1000.000000000000000 ) ;
#3538 = EDGE_LOOP ( 'NONE', ( #10022, #3867, #5093, #3761, #5483, #7460 ) ) ;
#3539 = CARTESIAN_POINT ( 'NONE',  ( -2.344546691518585746, 0.6653201199115077458, 0.9067178904869765965 ) ) ;
#3540 = ORIENTED_EDGE ( 'NONE', *, *, #10295, .T. ) ;
#3541 = ORIENTED_EDGE ( 'NONE', *, *, #6382, .T. ) ;
#3542 = ORIENTED_EDGE ( 'NONE', *, *, #647, .F. ) ;
#3543 = FACE_OUTER_BOUND ( 'NONE', #3384, .T. ) ;
#3544 = CARTESIAN_POINT ( 'NONE',  ( 1.967073100561710586, 0.6500000000000001332, 1.542926899450048239 ) ) ;
#3545 = CARTESIAN_POINT ( 'NONE',  ( -2.449999999999999734, 0.04999999999999996808, 1.250000000000000000 ) ) ;
#3546 = ADVANCED_FACE ( 'NONE', ( #9470 ), #10399, .T. ) ;
#3547 = CARTESIAN_POINT ( 'NONE',  ( 0.9666561677063735258, 0.6960603663772343408, -2.313889193220220353 ) ) ;
#3548 = ORIENTED_EDGE ( 'NONE', *, *, #8906, .F. ) ;
#3549 = CARTESIAN_POINT ( 'NONE',  ( -1.196140711000000190, 1.129359784999999894, -1.657392062000000665 ) ) ;
#3550 = ORIENTED_EDGE ( 'NONE', *, *, #1316, .T. ) ;
#3551 = FACE_OUTER_BOUND ( 'NONE', #8096, .T. ) ;
#3552 = DIRECTION ( 'NONE',  ( 0.000000000000000000, 0.000000000000000000, -1.000000000000000000 ) ) ;
#3553 = DIRECTION ( 'NONE',  ( -1.000000000000000000, -0.000000000000000000, -0.000000000000000000 ) ) ;
#3554 = CARTESIAN_POINT ( 'NONE',  ( 0.7250000000000000888, 0.02000000000000000389, -1.350000000000000089 ) ) ;
#3555 = CARTESIAN_POINT ( 'NONE',  ( 0.8946474344561000658, 0.6464365012795252330, 2.299999999999999822 ) ) ;
#3556 = EDGE_CURVE ( 'NONE', #7828, #6467, #7061, .T. ) ;
#3557 = CARTESIAN_POINT ( 'NONE',  ( 2.338622694792340084, 0.6763883329343041151, 0.9236563961047683513 ) ) ;
#3558 = FACE_OUTER_BOUND ( 'NONE', #7160, .T. ) ;
#3559 = VERTEX_POINT ( 'NONE', #3599 ) ;
#3560 = CARTESIAN_POINT ( 'NONE',  ( 1.696816704000001064, 1.172271964000000333, 1.091999445999999763 ) ) ;
#3561 = LINE ( 'NONE', #4444, #1403 ) ;
#3562 = ORIENTED_EDGE ( 'NONE', *, *, #10337, .F. ) ;
#3563 = B_SPLINE_CURVE_WITH_KNOTS ( 'NONE', 3,
 ( #9276, #3353, #6053, #4287 ),
 .UNSPECIFIED., .F., .F.,
 ( 4, 4 ),
 ( 0.000000000000000000, 1.000000000000000000 ),
 .UNSPECIFIED. ) ;
#3564 = CARTESIAN_POINT ( 'NONE',  ( 2.449999999999999734, 0.6500000000000003553, -1.250000000000000000 ) ) ;
#3565 = CARTESIAN_POINT ( 'NONE',  ( -2.296884916081460837, 0.6998918860004387232, -0.9903959414534889705 ) ) ;
#3566 = CARTESIAN_POINT ( 'NONE',  ( 0.9268673180809142709, 0.6500000001207070222, -2.299999999845024679 ) ) ;
#3567 = LINE ( 'NONE', #4505, #8211 ) ;
#3568 = CARTESIAN_POINT ( 'NONE',  ( -2.449999999999999734, -0.05000000000000000971, 0.1999999999999998723 ) ) ;
#3569 = CARTESIAN_POINT ( 'NONE',  ( -0.7249999999999999778, 0.000000000000000000, 2.299999999999999822 ) ) ;
#3570 = EDGE_CURVE ( 'NONE', #2199, #5953, #1844, .T. ) ;
#3571 = CARTESIAN_POINT ( 'NONE',  ( 0.4978820384767500551, 0.1901880480000001372, 1.693670801319808517 ) ) ;
#3572 = LINE ( 'NONE', #5282, #2285 ) ;
#3573 = PLANE ( 'NONE',  #4374 ) ;
#3574 = DIRECTION ( 'NONE',  ( 0.000000000000000000, 1.000000000000000000, -1.445602896647339508E-15 ) ) ;
#3575 = ORIENTED_EDGE ( 'NONE', *, *, #8722, .T. ) ;
#3576 = CARTESIAN_POINT ( 'NONE',  ( 0.8815263453352004674, 1.200000020826199831, -1.700895289973799684 ) ) ;
#3577 = CARTESIAN_POINT ( 'NONE',  ( -1.089707340468321517, 0.8233781958477948137, 1.951561696293076409 ) ) ;
#3578 = CARTESIAN_POINT ( 'NONE',  ( -0.9517448976559305107, 0.6909528352873133272, -2.323690503294529197 ) ) ;
#3579 = CARTESIAN_POINT ( 'NONE',  ( -0.3785398163517667003, 0.3500000000037769010, 2.450000000000000178 ) ) ;
#3580 = ORIENTED_EDGE ( 'NONE', *, *, #7437, .F. ) ;
#3581 = CARTESIAN_POINT ( 'NONE',  ( -1.106899173752900145, 1.127885462367099967, 1.720055707770999920 ) ) ;
#3582 = DIRECTION ( 'NONE',  ( -1.000000000000000000, 0.000000000000000000, 0.000000000000000000 ) ) ;
#3583 = ADVANCED_FACE ( 'NONE', ( #8537 ), #7721, .T. ) ;
#3584 = CARTESIAN_POINT ( 'NONE',  ( -1.639173966031235663, 1.128855010252229896, -1.221011390200595681 ) ) ;
#3585 = AXIS2_PLACEMENT_3D ( 'NONE', #9494, #8718, #7132 ) ;
#3586 = AXIS2_PLACEMENT_3D ( 'NONE', #1705, #6048, #5838 ) ;
#3587 = CARTESIAN_POINT ( 'NONE',  ( 0.9821480502821093861, 0.6991807434014805089, 2.302920076374133540 ) ) ;
#3588 = CYLINDRICAL_SURFACE ( 'NONE', #804, 0.05500000000000036110 ) ;
#3589 = ORIENTED_EDGE ( 'NONE', *, *, #9854, .T. ) ;
#3590 = CARTESIAN_POINT ( 'NONE',  ( 1.280665334000000044, 0.8000000000000000444, -1.865962600999999887 ) ) ;
#3591 = ORIENTED_EDGE ( 'NONE', *, *, #5330, .F. ) ;
#3592 = ORIENTED_EDGE ( 'NONE', *, *, #2930, .T. ) ;
#3593 = CARTESIAN_POINT ( 'NONE',  ( -0.06488352251398728232, 0.3390887046280752770, -2.449999999999998845 ) ) ;
#3594 = B_SPLINE_CURVE_WITH_KNOTS ( 'NONE', 3,
 ( #8121, #2404, #9751, #5769 ),
 .UNSPECIFIED., .F., .F.,
 ( 4, 4 ),
 ( 0.000000000000000000, 1.000000000000000000 ),
 .UNSPECIFIED. ) ;
#3595 = EDGE_CURVE ( 'NONE', #8439, #7699, #341, .T. ) ;
#3596 = VECTOR ( 'NONE', #9794, 1000.000000000000000 ) ;
#3597 = CARTESIAN_POINT ( 'NONE',  ( -0.9165145921146696795, 1.161241432808120422, -1.799850055633894774 ) ) ;
#3598 = EDGE_CURVE ( 'NONE', #7001, #209, #8840, .T. ) ;
#3599 = CARTESIAN_POINT ( 'NONE',  ( -0.7250000000000000888, 0.2000000000000000111, 1.349999999999999867 ) ) ;
#3600 = CARTESIAN_POINT ( 'NONE',  ( 0.9223949866034328871, 1.128615981232784726, 1.823793471519853382 ) ) ;
#3601 = VECTOR ( 'NONE', #5575, 1000.000000000000000 ) ;
#3602 = CARTESIAN_POINT ( 'NONE',  ( 1.948243478626998870, 0.8130873026164369133, -1.108665067810583604 ) ) ;
#3603 = ORIENTED_EDGE ( 'NONE', *, *, #6289, .F. ) ;
#3604 = CARTESIAN_POINT ( 'NONE',  ( -1.367964898572200383, 1.128722127879000059, -1.523466904456600046 ) ) ;
#3605 = ORIENTED_EDGE ( 'NONE', *, *, #6341, .T. ) ;
#3606 = CARTESIAN_POINT ( 'NONE',  ( -1.948139592686046750, 0.8129012772651120766, -1.109081373319355412 ) ) ;
#3607 = DIRECTION ( 'NONE',  ( -0.000000000000000000, -0.000000000000000000, 1.000000000000000000 ) ) ;
#3608 = ADVANCED_FACE ( 'NONE', ( #8646 ), #3860, .T. ) ;
#3609 = CARTESIAN_POINT ( 'NONE',  ( -0.9950587362887856058, 0.6500000000000001332, 2.293438054900504230 ) ) ;
#3610 = DIRECTION ( 'NONE',  ( 0.000000000000000000, -0.9854252423974366737, -0.1701090580949561337 ) ) ;
#3611 = CARTESIAN_POINT ( 'NONE',  ( 2.345622441647380541, 0.6623854263558217603, 0.9024864546073292360 ) ) ;
#3612 = CARTESIAN_POINT ( 'NONE',  ( -1.600000000000000089, 0.3667742510000000511, 2.500000000000000000 ) ) ;
#3613 = EDGE_LOOP ( 'NONE', ( #3855, #1287, #10704, #4687 ) ) ;
#3614 = CARTESIAN_POINT ( 'NONE',  ( 1.712340667562599839, 1.200000020704999892, 0.8585873278921001273 ) ) ;
#3615 = CARTESIAN_POINT ( 'NONE',  ( -1.348141816565648021, 0.8237498669881880842, -1.782719278566602394 ) ) ;
#3616 = EDGE_LOOP ( 'NONE', ( #7688, #824, #6946, #2848 ) ) ;
#3617 = CARTESIAN_POINT ( 'NONE',  ( 0.6000000000000000888, 0.2401880480000000151, 2.349999999999999645 ) ) ;
#3618 = CARTESIAN_POINT ( 'NONE',  ( -2.318555375556897946, 0.6939297476804383580, -0.9597300366420937756 ) ) ;
#3619 = PLANE ( 'NONE',  #9191 ) ;
#3620 = PLANE ( 'NONE',  #3827 ) ;
#3621 = EDGE_CURVE ( 'NONE', #8263, #5970, #9778, .T. ) ;
#3622 = CARTESIAN_POINT ( 'NONE',  ( -2.349999999999999645, 0.04999999999999998890, 0.1999999999999999001 ) ) ;
#3623 = CARTESIAN_POINT ( 'NONE',  ( 0.5691320179000159962, 0.1901880480000000817, 1.765596862968138892 ) ) ;
#3624 = DIRECTION ( 'NONE',  ( 0.000000000000000000, 1.000000000000000000, 0.000000000000000000 ) ) ;
#3625 = CARTESIAN_POINT ( 'NONE',  ( -0.9223949678626668369, 1.128615992765403364, 1.823793474728486519 ) ) ;
#3626 = CARTESIAN_POINT ( 'NONE',  ( 1.117129299725009739, 0.8000000000952399715, 1.984642641010058384 ) ) ;
#3627 = ORIENTED_EDGE ( 'NONE', *, *, #2865, .T. ) ;
#3628 = AXIS2_PLACEMENT_3D ( 'NONE', #10753, #9922, #5938 ) ;
#3629 = DIRECTION ( 'NONE',  ( -1.000000000000000000, 0.000000000000000000, -0.000000000000000000 ) ) ;
#3630 = CARTESIAN_POINT ( 'NONE',  ( -1.185090777999999956, 0.8092662699999999543, 1.907295357999999830 ) ) ;
#3631 = CARTESIAN_POINT ( 'NONE',  ( -0.9002636053446431141, 0.6608220469643943940, -2.346117515500985906 ) ) ;
#3632 = DIRECTION ( 'NONE',  ( 0.000000000000000000, 0.000000000000000000, 1.000000000000000000 ) ) ;
#3633 = ORIENTED_EDGE ( 'NONE', *, *, #9042, .F. ) ;
#3634 = EDGE_CURVE ( 'NONE', #8156, #3893, #1397, .T. ) ;
#3635 = CARTESIAN_POINT ( 'NONE',  ( -1.267610252999999743, 1.172417748000000204, 1.572784278000000757 ) ) ;
#3636 = CARTESIAN_POINT ( 'NONE',  ( -0.6000000000000000888, 0.7000000000001651568, -2.293438055130022857 ) ) ;
#3637 = CARTESIAN_POINT ( 'NONE',  ( -0.8785042870000000503, 0.6450000000000001288, 2.298438055000000091 ) ) ;
#3638 = VECTOR ( 'NONE', #973, 1000.000000000000000 ) ;
#3639 = CARTESIAN_POINT ( 'NONE',  ( 0.9950587357956738321, 0.7000000000000003997, 2.293438055036444378 ) ) ;
#3640 = FACE_OUTER_BOUND ( 'NONE', #4863, .T. ) ;
#3641 = EDGE_LOOP ( 'NONE', ( #3410, #6895, #10508, #2163 ) ) ;
#3642 = EDGE_CURVE ( 'NONE', #528, #5693, #5634, .T. ) ;
#3643 = CYLINDRICAL_SURFACE ( 'NONE', #6422, 0.2000000000000000944 ) ;
#3644 = VECTOR ( 'NONE', #7264, 1000.000000000000114 ) ;
#3645 = ORIENTED_EDGE ( 'NONE', *, *, #5135, .F. ) ;
#3646 = EDGE_LOOP ( 'NONE', ( #10309, #187, #6948, #1537 ) ) ;
#3647 = SURFACE_STYLE_FILL_AREA ( #7821 ) ;
#3648 = DIRECTION ( 'NONE',  ( -0.000000000000000000, -0.000000000000000000, 1.000000000000000000 ) ) ;
#3649 = DIRECTION ( 'NONE',  ( 0.000000000000000000, 0.000000000000000000, 1.000000000000000000 ) ) ;
#3650 = VECTOR ( 'NONE', #7034, 1000.000000000000000 ) ;
#3651 = LINE ( 'NONE', #7008, #5531 ) ;
#3652 = EDGE_CURVE ( 'NONE', #2695, #6664, #4692, .T. ) ;
#3653 = CARTESIAN_POINT ( 'NONE',  ( 0.000000000000000000, 0.7000000000000003997, 0.000000000000000000 ) ) ;
#3654 = ADVANCED_FACE ( 'NONE', ( #5574 ), #8147, .T. ) ;
#3655 = ORIENTED_EDGE ( 'NONE', *, *, #1401, .T. ) ;
#3656 = CARTESIAN_POINT ( 'NONE',  ( -1.136897420000000158, 1.172314698999999960, -1.667076891999999866 ) ) ;
#3657 = EDGE_LOOP ( 'NONE', ( #6186, #1899, #5021, #3738, #9454, #5556, #8913, #7185 ) ) ;
#3658 = CARTESIAN_POINT ( 'NONE',  ( -2.100000000000000089, 0.6500000000000001332, -2.100000000000000089 ) ) ;
#3659 = AXIS2_PLACEMENT_3D ( 'NONE', #2886, #8760, #1904 ) ;
#3660 = CARTESIAN_POINT ( 'NONE',  ( 2.299999999999999822, 0.6500000000000001332, -1.250000000000000000 ) ) ;
#3661 = CARTESIAN_POINT ( 'NONE',  ( 0.1417832580000000231, 0.2401880479923086953, 2.449999999999999734 ) ) ;
#3662 = CARTESIAN_POINT ( 'NONE',  ( -2.174999999999999822, 0.8000000000000001554, 1.250000000000000000 ) ) ;
#3663 = CARTESIAN_POINT ( 'NONE',  ( -1.875000000000000000, 0.8000000000000000444, 2.174999999999999822 ) ) ;
#3664 = CARTESIAN_POINT ( 'NONE',  ( -1.546273343498676400, 0.8235739876942965720, -1.614297599310469122 ) ) ;
#3665 = CARTESIAN_POINT ( 'NONE',  ( -2.299999999999999822, 0.6449999999982424237, 0.8785042869802469623 ) ) ;
#3666 = VECTOR ( 'NONE', #2956, 1000.000000000000000 ) ;
#3667 = ORIENTED_EDGE ( 'NONE', *, *, #5750, .T. ) ;
#3668 = EDGE_CURVE ( 'NONE', #900, #6943, #2213, .T. ) ;
#3669 = CARTESIAN_POINT ( 'NONE',  ( 1.747050862000000038, 1.199997938000000097, 0.9045584920000000473 ) ) ;
#3670 = CARTESIAN_POINT ( 'NONE',  ( 2.295903292915196570, 0.6500000000000004663, -0.9609080588554634872 ) ) ;
#3671 = ORIENTED_EDGE ( 'NONE', *, *, #8419, .F. ) ;
#3672 = DIRECTION ( 'NONE',  ( 1.000000000000000000, 0.000000000000000000, -0.000000000000000000 ) ) ;
#3673 = CARTESIAN_POINT ( 'NONE',  ( -2.319692868511006534, 0.6933331944851309769, -0.9580000850678603852 ) ) ;
#3674 = FACE_OUTER_BOUND ( 'NONE', #3046, .T. ) ;
#3675 = CARTESIAN_POINT ( 'NONE',  ( -2.293438055252229102, 0.7000000000000005107, -1.006999439999999746 ) ) ;
#3676 = FACE_OUTER_BOUND ( 'NONE', #7574, .T. ) ;
#3677 = VECTOR ( 'NONE', #9705, 1000.000000000000000 ) ;
#3678 = FACE_OUTER_BOUND ( 'NONE', #8798, .T. ) ;
#3679 = EDGE_CURVE ( 'NONE', #8179, #3358, #1506, .T. ) ;
#3680 = CARTESIAN_POINT ( 'NONE',  ( 1.036376279100000186, 1.128592018879999825, 1.762120188279999944 ) ) ;
#3681 = DIRECTION ( 'NONE',  ( 0.000000000000000000, -1.000000000000000000, 0.000000000000000000 ) ) ;
#3682 = DIRECTION ( 'NONE',  ( 0.000000000000000000, 0.000000000000000000, 1.000000000000000000 ) ) ;
#3683 = ORIENTED_EDGE ( 'NONE', *, *, #7000, .F. ) ;
#3684 = VECTOR ( 'NONE', #10028, 1000.000000000000000 ) ;
#3685 = DIRECTION ( 'NONE',  ( 0.000000000000000000, 0.9431887194358136162, 0.3322574898012535805 ) ) ;
#3686 = CARTESIAN_POINT ( 'NONE',  ( -1.436031787999999754, 0.8091801469999999608, 1.727754601999999640 ) ) ;
#3687 = CARTESIAN_POINT ( 'NONE',  ( -0.8891908109649565572, 0.6528644112151480439, -2.347877129383900030 ) ) ;
#3688 = CARTESIAN_POINT ( 'NONE',  ( -0.3000000000144261159, 0.3500000000039193426, 2.449999999999999734 ) ) ;
#3689 = CARTESIAN_POINT ( 'NONE',  ( -1.281521155180000093, 1.200000060600000085, 1.427192512809999814 ) ) ;
#3690 = CARTESIAN_POINT ( 'NONE',  ( 0.9950587358062944476, 0.6500000000000001332, 2.293438055060923020 ) ) ;
#3691 = VECTOR ( 'NONE', #8567, 1000.000000000000000 ) ;
#3692 = VECTOR ( 'NONE', #5704, 1000.000000000000000 ) ;
#3693 = EDGE_CURVE ( 'NONE', #6664, #9834, #10613, .T. ) ;
#3694 = CARTESIAN_POINT ( 'NONE',  ( 2.100000000000000089, 0.4000000000000003553, -2.405681128000000335 ) ) ;
#3695 = LINE ( 'NONE', #5297, #3074 ) ;
#3696 = VERTEX_POINT ( 'NONE', #9675 ) ;
#3697 = CARTESIAN_POINT ( 'NONE',  ( 1.788909179999999877, 1.128899024000000084, -0.9884086920000001442 ) ) ;
#3698 = CARTESIAN_POINT ( 'NONE',  ( 1.271308979999999922, 0.8091248930000001227, -1.852309466000000127 ) ) ;
#3699 = VECTOR ( 'NONE', #6247, 1000.000000000000000 ) ;
#3700 = VERTEX_POINT ( 'NONE', #3038 ) ;
#3701 = ORIENTED_EDGE ( 'NONE', *, *, #8241, .T. ) ;
#3702 = DIRECTION ( 'NONE',  ( 1.000000000000000000, 0.000000000000000000, 0.000000000000000000 ) ) ;
#3703 = CARTESIAN_POINT ( 'NONE',  ( 0.1930803820180056474, 1.199999999999934674, -1.696050061195252479 ) ) ;
#3704 = AXIS2_PLACEMENT_3D ( 'NONE', #1681, #2610, #9190 ) ;
#3705 = LINE ( 'NONE', #9676, #3064 ) ;
#3706 = CARTESIAN_POINT ( 'NONE',  ( 0.3170541103947570050, 1.100000000000000311, 1.158622664286951487 ) ) ;
#3707 = VERTEX_POINT ( 'NONE', #7383 ) ;
#3708 = CARTESIAN_POINT ( 'NONE',  ( -1.036872007379999738, 1.200000060990000117, -1.610804906070000042 ) ) ;
#3709 = ORIENTED_EDGE ( 'NONE', *, *, #8419, .T. ) ;
#3710 = VERTEX_POINT ( 'NONE', #1290 ) ;
#3711 = CARTESIAN_POINT ( 'NONE',  ( -1.984642722803181547, 0.8000000000929995414, -1.117129161346417821 ) ) ;
#3712 = AXIS2_PLACEMENT_3D ( 'NONE', #8783, #6269, #3736 ) ;
#3713 = DIRECTION ( 'NONE',  ( 0.000000000000000000, 1.000000000000000000, -7.228014483236697541E-16 ) ) ;
#3714 = CARTESIAN_POINT ( 'NONE',  ( 1.037693811368057828, 1.199999999998408562, 1.612086531324057992 ) ) ;
#3715 = CARTESIAN_POINT ( 'NONE',  ( -0.6000000000000000888, 0.8000000000000000444, -2.300000000099999831 ) ) ;
#3716 = ADVANCED_FACE ( 'NONE', ( #6506 ), #8909, .T. ) ;
#3717 = CARTESIAN_POINT ( 'NONE',  ( -0.1500441853348749854, 0.1698459302087702849, -2.432485203056899969 ) ) ;
#3718 = ADVANCED_FACE ( 'NONE', ( #2106 ), #4855, .F. ) ;
#3719 = CARTESIAN_POINT ( 'NONE',  ( 2.308607475767555428, 0.6978710778070920107, 0.9742217914976621929 ) ) ;
#3720 = PLANE ( 'NONE',  #1585 ) ;
#3721 = ORIENTED_EDGE ( 'NONE', *, *, #256, .T. ) ;
#3722 = CARTESIAN_POINT ( 'NONE',  ( 1.802837929070000067, 1.127536551879999571, 0.9648179641900006542 ) ) ;
#3723 = FACE_OUTER_BOUND ( 'NONE', #2437, .T. ) ;
#3724 = VERTEX_POINT ( 'NONE', #6347 ) ;
#3725 = CARTESIAN_POINT ( 'NONE',  ( -2.298029412329132715, 0.6998200189202304911, -0.9888429541258280109 ) ) ;
#3726 = LINE ( 'NONE', #1264, #1161 ) ;
#3727 = DIRECTION ( 'NONE',  ( 1.000000000000000000, 0.000000000000000000, -0.000000000000000000 ) ) ;
#3728 = DIRECTION ( 'NONE',  ( 0.000000000000000000, 0.000000000000000000, 1.000000000000000000 ) ) ;
#3729 = ADVANCED_FACE ( 'NONE', ( #4750 ), #5464, .F. ) ;
#3730 = EDGE_CURVE ( 'NONE', #1177, #6588, #10281, .T. ) ;
#3731 = CARTESIAN_POINT ( 'NONE',  ( 1.757299144168858573, 1.189275468194096019, -0.9062593275271161319 ) ) ;
#3732 = CARTESIAN_POINT ( 'NONE',  ( 0.9887952063599998453, 1.127601835069999892, 1.789612303829999584 ) ) ;
#3733 = DIRECTION ( 'NONE',  ( 0.000000000000000000, 0.000000000000000000, -1.000000000000000000 ) ) ;
#3734 = CARTESIAN_POINT ( 'NONE',  ( 2.315104722000000059, 0.6450000000000001288, 0.8785042870000000503 ) ) ;
#3735 = ORIENTED_EDGE ( 'NONE', *, *, #5560, .F. ) ;
#3736 = DIRECTION ( 'NONE',  ( 0.000000000000000000, 0.000000000000000000, 1.000000000000000000 ) ) ;
#3737 = CARTESIAN_POINT ( 'NONE',  ( -2.100000000000000089, 0.6500000000000001332, -2.100000000000000089 ) ) ;
#3738 = ORIENTED_EDGE ( 'NONE', *, *, #6397, .T. ) ;
#3739 = CARTESIAN_POINT ( 'NONE',  ( -0.9104022868934172896, 0.6678297009170999221, -2.343480734503621932 ) ) ;
#3740 = CARTESIAN_POINT ( 'NONE',  ( -1.712345224259999910, 1.200000020499999875, -0.8585896002100001922 ) ) ;
#3741 = CARTESIAN_POINT ( 'NONE',  ( -0.9388735440000000043, 1.128327839000000221, 1.815816861000000060 ) ) ;
#3742 = CARTESIAN_POINT ( 'NONE',  ( 2.053599999999999870, 0.6400000000000001243, -2.053599999999999870 ) ) ;
#3743 = EDGE_CURVE ( 'NONE', #10166, #8972, #7220, .T. ) ;
#3744 = CARTESIAN_POINT ( 'NONE',  ( 0.9692328394467446540, 0.6967381780421932902, 2.312109535722971287 ) ) ;
#3745 = FACE_OUTER_BOUND ( 'NONE', #1348, .T. ) ;
#3746 = ORIENTED_EDGE ( 'NONE', *, *, #10156, .T. ) ;
#3747 = CARTESIAN_POINT ( 'NONE',  ( 1.523062824000000148, 1.129588003000000063, -1.367602374000000065 ) ) ;
#3748 = CARTESIAN_POINT ( 'NONE',  ( 1.180569541068788197, 0.8240052061208905654, -1.899354628506797038 ) ) ;
#3749 = ORIENTED_EDGE ( 'NONE', *, *, #9231, .F. ) ;
#3750 = VERTEX_POINT ( 'NONE', #4911 ) ;
#3751 = DIRECTION ( 'NONE',  ( 1.000000000000000000, -0.000000000000000000, 0.000000000000000000 ) ) ;
#3752 = CARTESIAN_POINT ( 'NONE',  ( -0.9223948602530481766, 1.128616006908942815, -1.823793532479613955 ) ) ;
#3753 = EDGE_CURVE ( 'NONE', #5351, #424, #8545, .T. ) ;
#3754 = CARTESIAN_POINT ( 'NONE',  ( -1.024999999999999911, 0.000000000000000000, -1.750000000000000000 ) ) ;
#3755 = CARTESIAN_POINT ( 'NONE',  ( 1.585593731869468170, 1.128922017794525168, 1.290023944366146980 ) ) ;
#3756 = LINE ( 'NONE', #1191, #8710 ) ;
#3757 = ORIENTED_EDGE ( 'NONE', *, *, #8122, .T. ) ;
#3758 = VECTOR ( 'NONE', #3294, 1000.000000000000227 ) ;
#3759 = CARTESIAN_POINT ( 'NONE',  ( -1.445926213225400048, 1.128289177106400309, -1.445886765408799679 ) ) ;
#3760 = EDGE_LOOP ( 'NONE', ( #5471, #3144, #8381, #3122 ) ) ;
#3761 = ORIENTED_EDGE ( 'NONE', *, *, #2745, .F. ) ;
#3762 = DIRECTION ( 'NONE',  ( -0.000000000000000000, -1.000000000000000000, -0.000000000000000000 ) ) ;
#3763 = FACE_OUTER_BOUND ( 'NONE', #9188, .T. ) ;
#3764 = DIRECTION ( 'NONE',  ( 0.000000000000000000, 0.000000000000000000, -1.000000000000000000 ) ) ;
#3765 = CARTESIAN_POINT ( 'NONE',  ( -1.750000000000000000, 0.6400000000000001243, -1.450000000000000400 ) ) ;
#3766 = CARTESIAN_POINT ( 'NONE',  ( -1.644032218000000878, 1.027071126000000056, 1.337243881000000023 ) ) ;
#3767 = CARTESIAN_POINT ( 'NONE',  ( -0.1463463350000000496, 0.2213352180000001390, -2.416666666999999435 ) ) ;
#3768 = B_SPLINE_SURFACE_WITH_KNOTS ( 'NONE', 3, 3, ( 
 ( #10380, #5441, #346, #7754 ),
 ( #293, #8727, #6983, #2703 ),
 ( #1217, #2807, #242, #6115 ),
 ( #6170, #2859, #9502, #8781 ),
 ( #6215, #9547, #4564, #7912 ),
 ( #2032, #186, #400, #3734 ),
 ( #7088, #3523, #6879, #10216 ) ),
 .UNSPECIFIED., .F., .F., .F.,
 ( 4, 3, 4 ),
 ( 4, 4 ),
 ( -0.01529547625797090214, 0.000000000000000000, 1.000000000000000000 ),
 ( 0.000000000000000000, 1.000000000000000000 ),
 .UNSPECIFIED. ) ;
#3769 = CIRCLE ( 'NONE', #6068, 2.500000000000000000 ) ;
#3770 = CARTESIAN_POINT ( 'NONE',  ( 2.449999999999999734, 0.3500000000000000333, -0.4999999999999998890 ) ) ;
#3771 = LINE ( 'NONE', #10466, #2275 ) ;
#3772 = ORIENTED_EDGE ( 'NONE', *, *, #8309, .T. ) ;
#3773 = DIRECTION ( 'NONE',  ( 0.000000000000000000, 0.000000000000000000, 1.000000000000000000 ) ) ;
#3774 = CARTESIAN_POINT ( 'NONE',  ( 0.000000000000000000, 0.6500000000000001332, 0.000000000000000000 ) ) ;
#3775 = ORIENTED_EDGE ( 'NONE', *, *, #5012, .T. ) ;
#3776 = EDGE_CURVE ( 'NONE', #627, #3345, #86, .T. ) ;
#3777 = LINE ( 'NONE', #5488, #7447 ) ;
#3778 = FACE_OUTER_BOUND ( 'NONE', #9643, .T. ) ;
#3779 = CARTESIAN_POINT ( 'NONE',  ( -0.9270630286993708502, 1.111596253426520242, -1.833188638177591034 ) ) ;
#3780 = CARTESIAN_POINT ( 'NONE',  ( -1.189468245159364335, 1.100000000000000089, 0.1891827537998771736 ) ) ;
#3781 = CARTESIAN_POINT ( 'NONE',  ( -0.3785398163397447613, 0.09018804800000000677, -1.620188048000000158 ) ) ;
#3782 = CARTESIAN_POINT ( 'NONE',  ( 0.9718178660000005298, 1.199999999999999956, 1.651859966000000179 ) ) ;
#3783 = DIRECTION ( 'NONE',  ( -0.000000000000000000, -1.000000000000000000, 0.000000000000000000 ) ) ;
#3784 = CARTESIAN_POINT ( 'NONE',  ( -1.750000000000000000, 0.6400000000000001243, 2.049999999999999822 ) ) ;
#3785 = EDGE_LOOP ( 'NONE', ( #9266, #7659, #2477, #9125 ) ) ;
#3786 = EDGE_CURVE ( 'NONE', #10009, #1025, #2380, .T. ) ;
#3787 = DIRECTION ( 'NONE',  ( -0.000000000000000000, 0.000000000000000000, 1.000000000000000000 ) ) ;
#3788 = CARTESIAN_POINT ( 'NONE',  ( -1.110655302000000066, 0.8000000000000000444, 1.988339712000000148 ) ) ;
#3789 = EDGE_CURVE ( 'NONE', #1674, #6356, #961, .T. ) ;
#3790 = EDGE_LOOP ( 'NONE', ( #1127, #9244, #4991, #2794, #3802 ) ) ;
#3791 = CARTESIAN_POINT ( 'NONE',  ( -0.9315450889373212418, 0.6810267998510068921, -2.334996083015000945 ) ) ;
#3792 = CARTESIAN_POINT ( 'NONE',  ( -2.449999999999999734, 0.3499999999629630487, -1.250000000000000000 ) ) ;
#3793 = CARTESIAN_POINT ( 'NONE',  ( -1.012616477347999977, 1.128527180519799833, 1.775864678151099607 ) ) ;
#3794 = DIRECTION ( 'NONE',  ( 1.000000000000000000, -0.000000000000000000, 0.000000000000000000 ) ) ;
#3795 = CARTESIAN_POINT ( 'NONE',  ( 0.8882681530899428912, 0.6521910194863126398, 2.347970168475304487 ) ) ;
#3796 = CARTESIAN_POINT ( 'NONE',  ( -0.9551237409999999706, 0.7002549249999999725, -2.323172694999999788 ) ) ;
#3797 = ORIENTED_EDGE ( 'NONE', *, *, #5812, .F. ) ;
#3798 = CARTESIAN_POINT ( 'NONE',  ( 1.355050998838599918, 1.200000020401999823, -1.355087947900200041 ) ) ;
#3799 = CARTESIAN_POINT ( 'NONE',  ( 1.102395468000000101, 0.8000000000000000444, -1.973838048000000178 ) ) ;
#3800 = EDGE_CURVE ( 'NONE', #8264, #3, #6560, .T. ) ;
#3801 = EDGE_LOOP ( 'NONE', ( #6140, #6255, #6566, #9695 ) ) ;
#3802 = ORIENTED_EDGE ( 'NONE', *, *, #10015, .T. ) ;
#3803 = LINE ( 'NONE', #2982, #390 ) ;
#3804 = AXIS2_PLACEMENT_3D ( 'NONE', #784, #4239, #10820 ) ;
#3805 = CARTESIAN_POINT ( 'NONE',  ( 1.115387573000000243, 1.102653139307394170, 1.836505072259776661 ) ) ;
#3806 = DIRECTION ( 'NONE',  ( 0.000000000000000000, 0.000000000000000000, -1.000000000000000000 ) ) ;
#3807 = CARTESIAN_POINT ( 'NONE',  ( -1.750000000000000000, 0.6400000000000001243, 2.049999999999999822 ) ) ;
#3808 = AXIS2_PLACEMENT_3D ( 'NONE', #1409, #6459, #1464 ) ;
#3809 = FACE_OUTER_BOUND ( 'NONE', #3760, .T. ) ;
#3810 = EDGE_CURVE ( 'NONE', #5821, #3233, #3313, .T. ) ;
#3811 = EDGE_LOOP ( 'NONE', ( #9257, #9682, #7210, #8831 ) ) ;
#3812 = CARTESIAN_POINT ( 'NONE',  ( -1.720055707770999920, 1.127885462367099967, -1.106899173752900145 ) ) ;
#3813 = ORIENTED_EDGE ( 'NONE', *, *, #9497, .T. ) ;
#3814 = ORIENTED_EDGE ( 'NONE', *, *, #7118, .F. ) ;
#3815 = CARTESIAN_POINT ( 'NONE',  ( 0.9950587357956738321, 0.7000000000000003997, 2.293438055036444378 ) ) ;
#3816 = CARTESIAN_POINT ( 'NONE',  ( -2.449999999999999734, 0.3499999999555557517, 0.1999999999999998723 ) ) ;
#3817 = CARTESIAN_POINT ( 'NONE',  ( -2.449999999999999734, 0.6500000000000003553, 1.249999999999999778 ) ) ;
#3818 = VECTOR ( 'NONE', #2415, 1000.000000000000000 ) ;
#3819 = CARTESIAN_POINT ( 'NONE',  ( -0.6000000005000000192, 0.7000000000000000666, -2.250000000000001776 ) ) ;
#3820 = CARTESIAN_POINT ( 'NONE',  ( -0.1500000000000000222, 0.1703638610000000053, -2.432757609999999460 ) ) ;
#3821 = CARTESIAN_POINT ( 'NONE',  ( -1.437626469042921018, 0.8233051024540779528, -1.712199018102064985 ) ) ;
#3822 = CARTESIAN_POINT ( 'NONE',  ( -1.006999439999999746, 0.7000000000000005107, 2.293438054951619787 ) ) ;
#3823 = ORIENTED_EDGE ( 'NONE', *, *, #2377, .T. ) ;
#3824 = CARTESIAN_POINT ( 'NONE',  ( 1.676217275698000053, 1.200000041268600048, 0.9264640332984004356 ) ) ;
#3825 = CARTESIAN_POINT ( 'NONE',  ( 0.000000000000000000, 1.399999999999999911, 0.000000000000000000 ) ) ;
#3826 = ORIENTED_EDGE ( 'NONE', *, *, #5406, .F. ) ;
#3827 = AXIS2_PLACEMENT_3D ( 'NONE', #7848, #6107, #235 ) ;
#3828 = CARTESIAN_POINT ( 'NONE',  ( -2.331771387999999945, 0.6656046930000002471, 0.9180838960000000659 ) ) ;
#3829 = CARTESIAN_POINT ( 'NONE',  ( 0.9722187038166546502, 0.6500000000000001332, -2.294952300370042497 ) ) ;
#3830 = CARTESIAN_POINT ( 'NONE',  ( 2.100000000000000089, 0.6500000000000001332, -2.100000000000000089 ) ) ;
#3831 = CARTESIAN_POINT ( 'NONE',  ( -1.129349477944070701, 1.100000000000000311, 0.4062797338267061242 ) ) ;
#3832 = CARTESIAN_POINT ( 'NONE',  ( -0.8785042870000000503, 0.6450000000000001288, 2.315104722000000059 ) ) ;
#3833 = VECTOR ( 'NONE', #1250, 1000.000000000000000 ) ;
#3834 = DIRECTION ( 'NONE',  ( -0.000000000000000000, -1.000000000000000000, -0.000000000000000000 ) ) ;
#3835 = VERTEX_POINT ( 'NONE', #6722 ) ;
#3836 = CARTESIAN_POINT ( 'NONE',  ( 1.045817781000000002, 1.172221093999999963, 1.724796981999999756 ) ) ;
#3837 = CARTESIAN_POINT ( 'NONE',  ( -0.3000000000000000444, 0.1799999999999999933, -0.5000000000000000000 ) ) ;
#3838 = CARTESIAN_POINT ( 'NONE',  ( 1.833188640873420372, 1.111596249313175022, -0.9270630280585533400 ) ) ;
#3839 = VERTEX_POINT ( 'NONE', #5019 ) ;
#3840 = CARTESIAN_POINT ( 'NONE',  ( 0.1445161610000000318, 0.2401880480000000151, 2.450333332999999669 ) ) ;
#3841 = CARTESIAN_POINT ( 'NONE',  ( -1.653383328943663910, 0.8236714894064547376, 1.507673606496531038 ) ) ;
#3842 = ORIENTED_EDGE ( 'NONE', *, *, #7824, .T. ) ;
#3843 = VECTOR ( 'NONE', #898, 1000.000000000000000 ) ;
#3844 = CARTESIAN_POINT ( 'NONE',  ( -0.9278720180093658065, 0.6789195205674067868, -2.336754861079502810 ) ) ;
#3845 = CARTESIAN_POINT ( 'NONE',  ( -0.9715559261399999702, 1.200000020389999866, 1.651424597350000800 ) ) ;
#3846 = CARTESIAN_POINT ( 'NONE',  ( -0.8904922031185846798, 0.6538118480519662379, 2.347731822307430605 ) ) ;
#3847 = ADVANCED_FACE ( 'NONE', ( #1560 ), #2981, .T. ) ;
#3848 = ADVANCED_FACE ( 'NONE', ( #5129 ), #5629, .T. ) ;
#3849 = VECTOR ( 'NONE', #10540, 1000.000000000000000 ) ;
#3850 = CARTESIAN_POINT ( 'NONE',  ( 0.8965737283130730262, 0.6581989619256150004, 2.346835145176045856 ) ) ;
#3851 = DIRECTION ( 'NONE',  ( -1.000000000000000000, 0.000000000000000000, 0.000000000000000000 ) ) ;
#3852 = ORIENTED_EDGE ( 'NONE', *, *, #382, .F. ) ;
#3853 = CARTESIAN_POINT ( 'NONE',  ( 1.594313342380000442, 1.128223201499999773, -1.284992880740000176 ) ) ;
#3854 = CARTESIAN_POINT ( 'NONE',  ( 1.753513805999999953, 0.8000000000000000444, -1.457402880000000067 ) ) ;
#3855 = ORIENTED_EDGE ( 'NONE', *, *, #3634, .T. ) ;
#3856 = VERTEX_POINT ( 'NONE', #3533 ) ;
#3857 = CARTESIAN_POINT ( 'NONE',  ( -1.827549628289799832, 1.127832697905400083, 0.9160395173856002993 ) ) ;
#3858 = VECTOR ( 'NONE', #3834, 1000.000000000000000 ) ;
#3859 = CARTESIAN_POINT ( 'NONE',  ( -1.337243880000000607, 1.027071126000000056, -1.644032219000000072 ) ) ;
#3860 = PLANE ( 'NONE',  #7847 ) ;
#3861 = B_SPLINE_CURVE_WITH_KNOTS ( 'NONE', 3,
 ( #366, #5195, #1084, #1187, #1028, #10239, #7875, #6136, #3703, #10448, #2929 ),
 .UNSPECIFIED., .F., .F.,
 ( 4, 1, 2, 2, 1, 1, 4 ),
 ( 0.000000000000000000, 0.1250000000000000278, 0.1562500000000000278, 0.1875000000000000555, 0.2500000000000000555, 0.5000000000000000000, 1.000000000000000000 ),
 .UNSPECIFIED. ) ;
#3862 = ADVANCED_FACE ( 'NONE', ( #6994 ), #5544, .F. ) ;
#3863 = VECTOR ( 'NONE', #9261, 1000.000000000000000 ) ;
#3864 = DIRECTION ( 'NONE',  ( 0.000000000000000000, 0.000000000000000000, 1.000000000000000000 ) ) ;
#3865 = VECTOR ( 'NONE', #8474, 1000.000000000000000 ) ;
#3866 = DIRECTION ( 'NONE',  ( -1.000000000000000000, 0.000000000000000000, -0.000000000000000000 ) ) ;
#3867 = ORIENTED_EDGE ( 'NONE', *, *, #1871, .F. ) ;
#3868 = CARTESIAN_POINT ( 'NONE',  ( -1.593715618999999917, 1.129510369999999986, -1.284449094999999819 ) ) ;
#3869 = ORIENTED_EDGE ( 'NONE', *, *, #9242, .F. ) ;
#3870 = ORIENTED_EDGE ( 'NONE', *, *, #7751, .F. ) ;
#3871 = DIRECTION ( 'NONE',  ( 0.000000000000000000, -0.9431887185515800409, -0.3322574923113522649 ) ) ;
#3872 = CARTESIAN_POINT ( 'NONE',  ( 0.1500000000000000222, 0.1580692770000001468, 2.314175753999999863 ) ) ;
#3873 = CARTESIAN_POINT ( 'NONE',  ( 1.711420139657500172, 1.200000062115000432, -0.8581284696460000916 ) ) ;
#3874 = CARTESIAN_POINT ( 'NONE',  ( -0.6000000002333334415, 0.7000000000001099787, -2.250000000000001776 ) ) ;
#3875 = VECTOR ( 'NONE', #8050, 1000.000000000000000 ) ;
#3876 = CARTESIAN_POINT ( 'NONE',  ( -1.602918481000000117, 1.131354653999999904, 1.286183131000000257 ) ) ;
#3877 = CARTESIAN_POINT ( 'NONE',  ( -2.100000000009617729, 0.06677425077239847184, -2.394318871888112543 ) ) ;
#3878 = ADVANCED_FACE ( 'NONE', ( #10280 ), #1990, .F. ) ;
#3879 = CYLINDRICAL_SURFACE ( 'NONE', #798, 2.500000000000000000 ) ;
#3880 = LINE ( 'NONE', #3930, #7904 ) ;
#3881 = ORIENTED_EDGE ( 'NONE', *, *, #1525, .F. ) ;
#3882 = CARTESIAN_POINT ( 'NONE',  ( 1.348077144348471812, 0.8239207059822821755, 1.782633670849904206 ) ) ;
#3883 = CARTESIAN_POINT ( 'NONE',  ( 1.750000000000000000, 0.6400000000000001243, -1.750000000000000000 ) ) ;
#3884 = ORIENTED_EDGE ( 'NONE', *, *, #9677, .F. ) ;
#3885 = VECTOR ( 'NONE', #2692, 1000.000000000000000 ) ;
#3886 = CARTESIAN_POINT ( 'NONE',  ( -1.024999999999999911, 0.02000000000000000389, -1.350000000015625146 ) ) ;
#3887 = CARTESIAN_POINT ( 'NONE',  ( -2.323690503345238856, 0.6909528352539308083, 0.9517448975744757789 ) ) ;
#3888 = CARTESIAN_POINT ( 'NONE',  ( 0.7249999999999999778, 0.2000000000000000111, -2.299999999999999822 ) ) ;
#3889 = CARTESIAN_POINT ( 'NONE',  ( 2.316526383261515498, 0.6949378530781611385, -0.9627835578154616547 ) ) ;
#3890 = DIRECTION ( 'NONE',  ( 1.000000000000000000, -0.000000000000000000, 0.000000000000000000 ) ) ;
#3891 = EDGE_CURVE ( 'NONE', #5795, #941, #4357, .T. ) ;
#3892 = CARTESIAN_POINT ( 'NONE',  ( -1.552824450779415523E-15, 1.100000000000000089, -1.200000000000000178 ) ) ;
#3893 = VERTEX_POINT ( 'NONE', #6939 ) ;
#3894 = CARTESIAN_POINT ( 'NONE',  ( 1.065086544000000135, 1.199997967000000054, 1.654806229000000073 ) ) ;
#3895 = LINE ( 'NONE', #2193, #4028 ) ;
#3896 = DIRECTION ( 'NONE',  ( 0.000000000000000000, 0.000000000000000000, 1.000000000000000000 ) ) ;
#3897 = ORIENTED_EDGE ( 'NONE', *, *, #46, .F. ) ;
#3898 = DIRECTION ( 'NONE',  ( 0.000000000000000000, 0.000000000000000000, 1.000000000000000000 ) ) ;
#3899 = CARTESIAN_POINT ( 'NONE',  ( -1.753513805999999953, 0.8000000000000000444, 1.457402880000000067 ) ) ;
#3900 = DIRECTION ( 'NONE',  ( 1.000000000000000000, 0.000000000000000000, -0.000000000000000000 ) ) ;
#3901 = ORIENTED_EDGE ( 'NONE', *, *, #8649, .F. ) ;
#3902 = DIRECTION ( 'NONE',  ( -0.000000000000000000, -1.000000000000000000, -0.000000000000000000 ) ) ;
#3903 = CARTESIAN_POINT ( 'NONE',  ( -1.036235434000000177, 1.129023722999999979, 1.761892442999999808 ) ) ;
#3904 = CARTESIAN_POINT ( 'NONE',  ( -0.9015643411382026073, 0.6617384648326090080, 2.345833535788258040 ) ) ;
#3905 = DIRECTION ( 'NONE',  ( 0.000000000000000000, 0.9431887184969055538, 0.3322574924665582796 ) ) ;
#3906 = LINE ( 'NONE', #10494, #2553 ) ;
#3907 = ORIENTED_EDGE ( 'NONE', *, *, #10565, .F. ) ;
#3908 = CARTESIAN_POINT ( 'NONE',  ( 1.203639732725300115, 1.200000061296899734, -1.493282633461600062 ) ) ;
#3909 = CARTESIAN_POINT ( 'NONE',  ( 1.959567736000000338, 0.8089859230000000512, -1.094268049000000076 ) ) ;
#3910 = CARTESIAN_POINT ( 'NONE',  ( -2.298438055000000091, 0.6450000000000001288, -0.8785042870000000503 ) ) ;
#3911 = EDGE_CURVE ( 'NONE', #5265, #2210, #7406, .T. ) ;
#3912 = ORIENTED_EDGE ( 'NONE', *, *, #10491, .F. ) ;
#3913 = ORIENTED_EDGE ( 'NONE', *, *, #3406, .T. ) ;
#3914 = CARTESIAN_POINT ( 'NONE',  ( -1.676673108510000842, 1.200000020429999870, 0.9267113725700000249 ) ) ;
#3915 = DIRECTION ( 'NONE',  ( -0.000000000000000000, -1.000000000000000000, -0.000000000000000000 ) ) ;
#3916 = CARTESIAN_POINT ( 'NONE',  ( -0.2879226727952075571, 1.100000000000000089, 1.071369944335147206 ) ) ;
#3917 = LINE ( 'NONE', #8969, #3601 ) ;
#3918 = CARTESIAN_POINT ( 'NONE',  ( 2.349202828999999326, 0.6450000000000001288, -0.8785042870000000503 ) ) ;
#3919 = ORIENTED_EDGE ( 'NONE', *, *, #1848, .T. ) ;
#3920 = EDGE_CURVE ( 'NONE', #3072, #8524, #1725, .T. ) ;
#3921 = ORIENTED_EDGE ( 'NONE', *, *, #8817, .F. ) ;
#3922 = ADVANCED_FACE ( 'NONE', ( #712 ), #5602, .T. ) ;
#3923 = ORIENTED_EDGE ( 'NONE', *, *, #4871, .T. ) ;
#3924 = CARTESIAN_POINT ( 'NONE',  ( -0.6760013919724066067, 1.100000000000000089, -0.8796335266379982087 ) ) ;
#3925 = CARTESIAN_POINT ( 'NONE',  ( 0.4545911850451324621, 0.3808679821151707556, -2.349999999999999645 ) ) ;
#3926 = CARTESIAN_POINT ( 'NONE',  ( 0.6944110897506008406, 1.100000000000000089, -0.9849341393591627414 ) ) ;
#3927 = CARTESIAN_POINT ( 'NONE',  ( 0.9034689896060550396, 1.199999999998396127, -1.689864765878081876 ) ) ;
#3928 = DIRECTION ( 'NONE',  ( -0.000000000000000000, -0.000000000000000000, 1.000000000000000000 ) ) ;
#3929 = CARTESIAN_POINT ( 'NONE',  ( 0.9223949678626013338, 1.128615992765412912, -1.823793474728519826 ) ) ;
#3930 = CARTESIAN_POINT ( 'NONE',  ( -1.600000000000000089, 0.06677425079802376540, 2.394318871865429355 ) ) ;
#3931 = VECTOR ( 'NONE', #5489, 1000.000000000000000 ) ;
#3932 = CARTESIAN_POINT ( 'NONE',  ( 1.536340054999999927, 0.8000000000000000444, 1.684830931000000254 ) ) ;
#3933 = DIRECTION ( 'NONE',  ( 0.000000000000000000, 0.9431887194358136162, 0.3322574898012535805 ) ) ;
#3934 = EDGE_LOOP ( 'NONE', ( #1295, #5401, #2244, #10495, #6669 ) ) ;
#3935 = CARTESIAN_POINT ( 'NONE',  ( -2.331771387999999945, 0.6450000000000001288, 0.8785042870000000503 ) ) ;
#3936 = EDGE_CURVE ( 'NONE', #6129, #347, #2424, .T. ) ;
#3937 = CARTESIAN_POINT ( 'NONE',  ( -0.6000000000000000888, 0.09018804800000007615, -2.449999999999999734 ) ) ;
#3938 = CARTESIAN_POINT ( 'NONE',  ( -2.299999999869633882, 0.6500000000997725458, 0.9268673177980780720 ) ) ;
#3939 = CARTESIAN_POINT ( 'NONE',  ( 2.340265977412832932, 0.6738550529676766709, -0.9196035732381070416 ) ) ;
#3940 = AXIS2_PLACEMENT_3D ( 'NONE', #353, #1934, #2760 ) ;
#3941 = LINE ( 'NONE', #7297, #6980 ) ;
#3942 = B_SPLINE_CURVE_WITH_KNOTS ( 'NONE', 3,
 ( #3566, #6974, #5271, #8008, #3829, #8826, #2898 ),
 .UNSPECIFIED., .F., .F.,
 ( 4, 3, 4 ),
 ( 2.035867785452853976E-15, 3.419249298469423241E-05, 6.850611564763038576E-05 ),
 .UNSPECIFIED. ) ;
#3943 = CARTESIAN_POINT ( 'NONE',  ( -1.000000000000000000, 0.7000000000000000666, 2.174999999999999378 ) ) ;
#3944 = ORIENTED_EDGE ( 'NONE', *, *, #2606, .T. ) ;
#3945 = CARTESIAN_POINT ( 'NONE',  ( 1.079780866545600349, 1.200000041005999663, 1.583059825884000071 ) ) ;
#3946 = CARTESIAN_POINT ( 'NONE',  ( 0.6000000003083332256, 0.7000000000000000666, 2.250000000000001776 ) ) ;
#3947 = CARTESIAN_POINT ( 'NONE',  ( 1.836501306109988629, 1.102651866309820372, -0.9327620411714970805 ) ) ;
#3948 = ORIENTED_EDGE ( 'NONE', *, *, #4068, .T. ) ;
#3949 = CARTESIAN_POINT ( 'NONE',  ( 0.1500000000000000222, 0.1702086960000000204, 2.433052626999999468 ) ) ;
#3950 = VECTOR ( 'NONE', #3029, 1000.000000000000000 ) ;
#3951 = CARTESIAN_POINT ( 'NONE',  ( -1.672350194000000290, 0.8000000000000000444, 1.524963085999999857 ) ) ;
#3952 = ADVANCED_FACE ( 'NONE', ( #604 ), #5827, .T. ) ;
#3953 = DIRECTION ( 'NONE',  ( 0.000000000000000000, 1.000000000000000000, 0.000000000000000000 ) ) ;
#3954 = CARTESIAN_POINT ( 'NONE',  ( -0.7250000000000000888, 0.1799999999999999933, -0.5000000000000000000 ) ) ;
#3955 = CARTESIAN_POINT ( 'NONE',  ( -0.9044773949999999063, 1.199999999999999956, 1.689475596000000079 ) ) ;
#3956 = CARTESIAN_POINT ( 'NONE',  ( -0.9411000318910094364, 0.6861086951209018903, 2.329983174239172339 ) ) ;
#3957 = VECTOR ( 'NONE', #10117, 1000.000000000000000 ) ;
#3958 = CARTESIAN_POINT ( 'NONE',  ( -0.6000000000000000888, 0.7000000000000000666, 2.250000000000001776 ) ) ;
#3959 = CARTESIAN_POINT ( 'NONE',  ( 0.9342986610034105244, 0.6825563976304728220, 2.333619107711724983 ) ) ;
#3960 = DIRECTION ( 'NONE',  ( 0.000000000000000000, 0.000000000000000000, 1.000000000000000000 ) ) ;
#3961 = ORIENTED_EDGE ( 'NONE', *, *, #9951, .F. ) ;
#3962 = CARTESIAN_POINT ( 'NONE',  ( 1.553672896049399954, 1.200000020482799856, -1.121485100158400749 ) ) ;
#3963 = CARTESIAN_POINT ( 'NONE',  ( 1.936482202000000097, 0.8000000000000000444, -1.201700740999999795 ) ) ;
#3964 = EDGE_CURVE ( 'NONE', #10350, #3696, #10587, .T. ) ;
#3965 = CARTESIAN_POINT ( 'NONE',  ( 0.000000000000000000, 0.7000000000000000666, 0.000000000000000000 ) ) ;
#3966 = ORIENTED_EDGE ( 'NONE', *, *, #4938, .T. ) ;
#3967 = ORIENTED_EDGE ( 'NONE', *, *, #2595, .F. ) ;
#3968 = CARTESIAN_POINT ( 'NONE',  ( 1.024999999999999911, 0.02000000000000000389, -1.750000000000000000 ) ) ;
#3969 = CARTESIAN_POINT ( 'NONE',  ( 1.399999999999999911, 0.7000000000000000666, 2.399999999999999911 ) ) ;
#3970 = DIRECTION ( 'NONE',  ( -1.000000000000000000, -0.000000000000000000, -0.000000000000000000 ) ) ;
#3971 = ADVANCED_FACE ( 'NONE', ( #9862 ), #6586, .T. ) ;
#3972 = DIRECTION ( 'NONE',  ( 1.000000000000000000, 0.000000000000000000, -0.000000000000000000 ) ) ;
#3973 = B_SPLINE_CURVE_WITH_KNOTS ( 'NONE', 3,
 ( #7026, #6044, #10367, #9376 ),
 .UNSPECIFIED., .F., .F.,
 ( 4, 4 ),
 ( 0.000000000000000000, 1.000000000000000000 ),
 .UNSPECIFIED. ) ;
#3974 = ORIENTED_EDGE ( 'NONE', *, *, #8366, .T. ) ;
#3975 = VECTOR ( 'NONE', #4994, 1000.000000000000114 ) ;
#3976 = B_SPLINE_CURVE_WITH_KNOTS ( 'NONE', 3,
 ( #4078, #1612, #9122, #2263 ),
 .UNSPECIFIED., .F., .F.,
 ( 4, 4 ),
 ( 0.000000000000000000, 1.000000000000000000 ),
 .UNSPECIFIED. ) ;
#3977 = ORIENTED_EDGE ( 'NONE', *, *, #4378, .F. ) ;
#3978 = ORIENTED_EDGE ( 'NONE', *, *, #2865, .F. ) ;
#3979 = LINE ( 'NONE', #4036, #6689 ) ;
#3980 = FACE_OUTER_BOUND ( 'NONE', #3220, .T. ) ;
#3981 = DIRECTION ( 'NONE',  ( 0.000000000000000000, 9.035018104045865764E-17, -1.000000000000000000 ) ) ;
#3982 = CARTESIAN_POINT ( 'NONE',  ( 1.080333874239168823, 1.199999999998411004, -1.583922378714264223 ) ) ;
#3983 = PRODUCT_CONTEXT ( 'NONE', #5342, 'mechanical' ) ;
#3984 = VECTOR ( 'NONE', #2270, 1000.000000000000000 ) ;
#3985 = EDGE_CURVE ( 'NONE', #750, #4432, #3594, .T. ) ;
#3986 = EDGE_CURVE ( 'NONE', #800, #2072, #3941, .T. ) ;
#3987 = CARTESIAN_POINT ( 'NONE',  ( 0.6000000000000000888, 0.8000000000000000444, 2.250000000000001776 ) ) ;
#3988 = CARTESIAN_POINT ( 'NONE',  ( 1.836505072259776439, 1.102653139307394614, -1.115387573000000243 ) ) ;
#3989 = CARTESIAN_POINT ( 'NONE',  ( 1.782631678137518438, 0.8239207080182340270, 1.348079781024905444 ) ) ;
#3990 = DIRECTION ( 'NONE',  ( 0.000000000000000000, 0.000000000000000000, 1.000000000000000000 ) ) ;
#3991 = VERTEX_POINT ( 'NONE', #4108 ) ;
#3992 = CARTESIAN_POINT ( 'NONE',  ( -2.348947903999999642, 0.6450000000000001288, 0.8785042870000000503 ) ) ;
#3993 = CARTESIAN_POINT ( 'NONE',  ( -2.316526383385518972, 0.6949378530208314420, 0.9627835576311474242 ) ) ;
#3994 = AXIS2_PLACEMENT_3D ( 'NONE', #9045, #7245, #4776 ) ;
#3995 = LINE ( 'NONE', #5712, #2427 ) ;
#3996 = CARTESIAN_POINT ( 'NONE',  ( 2.346990056734448160, 0.6575372688409938382, -0.8956510922866711688 ) ) ;
#3997 = CARTESIAN_POINT ( 'NONE',  ( -1.823793474876908460, 1.128615992767299181, -0.9223949679090350795 ) ) ;
#3998 = FACE_OUTER_BOUND ( 'NONE', #9731, .T. ) ;
#3999 = ADVANCED_FACE ( 'NONE', ( #10693 ), #10803, .F. ) ;
#4000 = CARTESIAN_POINT ( 'NONE',  ( -1.024999999999999911, 0.02000000000000000389, 0.8500000000078126172 ) ) ;
#4001 = AXIS2_PLACEMENT_3D ( 'NONE', #1051, #1157, #2025 ) ;
#4002 = ORIENTED_EDGE ( 'NONE', *, *, #10565, .T. ) ;
#4003 = CARTESIAN_POINT ( 'NONE',  ( 1.203996784899599604, 1.200000040864600548, 1.493653134528399873 ) ) ;
#4004 = DIRECTION ( 'NONE',  ( 1.000000000000000000, 0.000000000000000000, 0.000000000000000000 ) ) ;
#4005 = LINE ( 'NONE', #9757, #7837 ) ;
#4006 = VERTEX_POINT ( 'NONE', #9807 ) ;
#4007 = CARTESIAN_POINT ( 'NONE',  ( 0.1481698750000000064, 0.2240640910000000485, 2.348013502999999780 ) ) ;
#4008 = CARTESIAN_POINT ( 'NONE',  ( -1.782633670849904206, 0.8239207059822821755, 1.348077144348471812 ) ) ;
#4009 = FACE_OUTER_BOUND ( 'NONE', #2177, .T. ) ;
#4010 = CARTESIAN_POINT ( 'NONE',  ( 0.9165144982022240816, 1.161241648926253145, 1.799849820283313306 ) ) ;
#4011 = CARTESIAN_POINT ( 'NONE',  ( -0.8585896002100001922, 1.200000020499999875, 1.712345224259999910 ) ) ;
#4012 = CARTESIAN_POINT ( 'NONE',  ( -0.8941831848604475663, 0.6564831435790416947, 2.347230240322218719 ) ) ;
#4013 = VECTOR ( 'NONE', #5583, 1000.000000000000000 ) ;
#4014 = EDGE_CURVE ( 'NONE', #2709, #870, #6095, .T. ) ;
#4015 = DIRECTION ( 'NONE',  ( 1.000000000000000000, -0.000000000000000000, 0.000000000000000000 ) ) ;
#4016 = CARTESIAN_POINT ( 'NONE',  ( 0.8891908109723456466, 0.6528644112205356231, 2.347877129383121098 ) ) ;
#4017 = CARTESIAN_POINT ( 'NONE',  ( -0.9558291580000002341, 0.6666666670000001016, -2.305050343999999640 ) ) ;
#4018 = ORIENTED_EDGE ( 'NONE', *, *, #10638, .F. ) ;
#4019 = VECTOR ( 'NONE', #6908, 1000.000000000000000 ) ;
#4020 = CARTESIAN_POINT ( 'NONE',  ( 0.9932372539745997209, 1.200000041147400109, -1.637729672556199834 ) ) ;
#4021 = CARTESIAN_POINT ( 'NONE',  ( 1.844904738999999960, 0.8233475089999999774, -1.266245062000000088 ) ) ;
#4022 = DIRECTION ( 'NONE',  ( 1.000000000000000000, 0.000000000000000000, 0.000000000000000000 ) ) ;
#4023 = ORIENTED_EDGE ( 'NONE', *, *, #7313, .T. ) ;
#4024 = EDGE_LOOP ( 'NONE', ( #2248, #3842, #6121, #3542 ) ) ;
#4025 = CARTESIAN_POINT ( 'NONE',  ( -1.734384211999999703, 1.199997954999999950, 0.9283799420000000691 ) ) ;
#4026 = CARTESIAN_POINT ( 'NONE',  ( -1.438095121000000143, 0.8210983760000001297, -1.725236887999999746 ) ) ;
#4027 = DIRECTION ( 'NONE',  ( 0.000000000000000000, -0.9431887184969056648, -0.3322574924665582796 ) ) ;
#4028 = VECTOR ( 'NONE', #3070, 1000.000000000000000 ) ;
#4029 = EDGE_CURVE ( 'NONE', #2319, #8555, #5962, .T. ) ;
#4030 = CARTESIAN_POINT ( 'NONE',  ( -0.6000000000000003109, 0.1901880480000001650, -1.837901181013638308 ) ) ;
#4031 = CARTESIAN_POINT ( 'NONE',  ( 2.314042747999999872, 0.6833333330000000982, -0.9554791260000000674 ) ) ;
#4032 = VERTEX_POINT ( 'NONE', #8173 ) ;
#4033 = AXIS2_PLACEMENT_3D ( 'NONE', #2629, #7736, #7839 ) ;
#4034 = EDGE_LOOP ( 'NONE', ( #10061, #8262, #1393, #4972 ) ) ;
#4035 = ORIENTED_EDGE ( 'NONE', *, *, #6807, .T. ) ;
#4036 = CARTESIAN_POINT ( 'NONE',  ( 2.299999999999999822, 0.000000000000000000, -1.750000000168750569 ) ) ;
#4037 = CARTESIAN_POINT ( 'NONE',  ( 1.827544845979999444, 1.127841366539999779, -0.9160371325600003001 ) ) ;
#4038 = CARTESIAN_POINT ( 'NONE',  ( -1.750000000000000000, 0.6400000000000001243, 1.750000000000000000 ) ) ;
#4039 = CARTESIAN_POINT ( 'NONE',  ( -1.193694234369620411, 1.129183905733305737, 1.658609636726182224 ) ) ;
#4040 = VECTOR ( 'NONE', #1200, 1000.000000000000000 ) ;
#4041 = AXIS2_PLACEMENT_3D ( 'NONE', #1305, #1358, #8057 ) ;
#4042 = LINE ( 'NONE', #3052, #6226 ) ;
#4043 = CARTESIAN_POINT ( 'NONE',  ( 0.9268673180809142709, 0.6500000001207070222, -2.299999999845024679 ) ) ;
#4044 = CARTESIAN_POINT ( 'NONE',  ( 1.580369292774798762, 0.8240143682553162652, 1.580385319473883277 ) ) ;
#4045 = CARTESIAN_POINT ( 'NONE',  ( 1.274317496000000105, 0.8211772470000000546, -1.847946677999999787 ) ) ;
#4046 = ORIENTED_EDGE ( 'NONE', *, *, #8295, .F. ) ;
#4047 = CARTESIAN_POINT ( 'NONE',  ( -0.8588169820000004506, 1.199999999999999956, -1.712800818999999919 ) ) ;
#4048 = CARTESIAN_POINT ( 'NONE',  ( -2.300233356653067052, 0.6995955299181524367, 0.9858390654201326653 ) ) ;
#4049 = VECTOR ( 'NONE', #4705, 1000.000000000000000 ) ;
#4050 = AXIS2_PLACEMENT_3D ( 'NONE', #7366, #9275, #5893 ) ;
#4051 = CARTESIAN_POINT ( 'NONE',  ( -2.100000000000000089, 0.06677425077350698790, 2.394318871888502898 ) ) ;
#4052 = ADVANCED_FACE ( 'NONE', ( #3998 ), #9156, .F. ) ;
#4053 = ADVANCED_FACE ( 'NONE', ( #2351 ), #549, .T. ) ;
#4054 = CARTESIAN_POINT ( 'NONE',  ( 2.333150593026030339, 0.6830576547909348317, -0.9352164487852658858 ) ) ;
#4055 = DIRECTION ( 'NONE',  ( 0.000000000000000000, 0.000000000000000000, -1.000000000000000000 ) ) ;
#4056 = DIRECTION ( 'NONE',  ( 0.000000000000000000, -1.000000000000000000, -1.445602896647339508E-15 ) ) ;
#4057 = AXIS2_PLACEMENT_3D ( 'NONE', #6117, #2593, #4294 ) ;
#4058 = CYLINDRICAL_SURFACE ( 'NONE', #5272, 0.04999999999999969746 ) ;
#4059 = EDGE_LOOP ( 'NONE', ( #5164, #4875, #3592, #1362 ) ) ;
#4060 = CARTESIAN_POINT ( 'NONE',  ( 1.427942746252699902, 1.200000020401999823, 1.282194196940599884 ) ) ;
#4061 = DIRECTION ( 'NONE',  ( -4.336808689942015369E-15, 0.000000000000000000, 1.000000000000000000 ) ) ;
#4062 = DIRECTION ( 'NONE',  ( -0.000000000000000000, -0.000000000000000000, -1.000000000000000000 ) ) ;
#4063 = EDGE_LOOP ( 'NONE', ( #2232, #7464, #462, #8766 ) ) ;
#4064 = CARTESIAN_POINT ( 'NONE',  ( 0.1463463350000000496, 0.2213352180000001390, 2.416666666999999435 ) ) ;
#4065 = CARTESIAN_POINT ( 'NONE',  ( -1.865956651000000743, 0.8000000000000000444, 1.280672951000000115 ) ) ;
#4066 = FACE_OUTER_BOUND ( 'NONE', #2650, .T. ) ;
#4067 = DIRECTION ( 'NONE',  ( 0.000000000000000000, 0.000000000000000000, -1.000000000000000000 ) ) ;
#4068 = EDGE_CURVE ( 'NONE', #4169, #7330, #4882, .T. ) ;
#4069 = ADVANCED_FACE ( 'NONE', ( #9370 ), #822, .T. ) ;
#4070 = CARTESIAN_POINT ( 'NONE',  ( -2.100000000000000089, 0.1000000000000000056, 2.299999999999999822 ) ) ;
#4071 = CARTESIAN_POINT ( 'NONE',  ( -0.9475280692813126127, 0.6891348869518097997, 2.326257435764284232 ) ) ;
#4072 = CARTESIAN_POINT ( 'NONE',  ( -2.299999999999359002, 0.7000000000000000666, 1.250000000099999786 ) ) ;
#4073 = CARTESIAN_POINT ( 'NONE',  ( -0.7250000000332031957, 0.02000000000000001082, -0.5000000000019531043 ) ) ;
#4074 = FACE_OUTER_BOUND ( 'NONE', #7057, .T. ) ;
#4075 = ORIENTED_EDGE ( 'NONE', *, *, #975, .T. ) ;
#4076 = CARTESIAN_POINT ( 'NONE',  ( 0.9718126009999999981, 1.199999999999999956, -1.651862976999999955 ) ) ;
#4077 = CARTESIAN_POINT ( 'NONE',  ( -1.750000000000000000, 0.6500000000000001332, -2.049999999999999822 ) ) ;
#4078 = CARTESIAN_POINT ( 'NONE',  ( 0.1493274900522030546, 0.09018804800000003452, 2.300000000050924420 ) ) ;
#4079 = CARTESIAN_POINT ( 'NONE',  ( -1.719600085256999922, 1.128755701455700144, -1.106607050584300866 ) ) ;
#4080 = VERTEX_POINT ( 'NONE', #6038 ) ;
#4081 = ORIENTED_EDGE ( 'NONE', *, *, #7550, .T. ) ;
#4082 = EDGE_CURVE ( 'NONE', #2096, #8246, #8334, .T. ) ;
#4083 = CARTESIAN_POINT ( 'NONE',  ( -1.664266780879999796, 1.200000020409999868, 0.9492807397999999397 ) ) ;
#4084 = DIRECTION ( 'NONE',  ( -1.000000000000000000, 0.000000000000000000, 0.000000000000000000 ) ) ;
#4085 = CARTESIAN_POINT ( 'NONE',  ( 0.9551130330000000557, 0.7007647740000000347, 2.323447782000000128 ) ) ;
#4086 = CARTESIAN_POINT ( 'NONE',  ( 1.875000000000000000, 0.8000000000000000444, -2.174999999999999822 ) ) ;
#4087 = VERTEX_POINT ( 'NONE', #7570 ) ;
#4088 = CARTESIAN_POINT ( 'NONE',  ( 0.1481720459064172768, 0.2240557221983703606, 2.348009061911389583 ) ) ;
#4089 = VERTEX_POINT ( 'NONE', #5877 ) ;
#4090 = VERTEX_POINT ( 'NONE', #5153 ) ;
#4091 = VERTEX_POINT ( 'NONE', #9262 ) ;
#4092 = ADVANCED_FACE ( 'NONE', ( #8388 ), #2683, .T. ) ;
#4093 = CARTESIAN_POINT ( 'NONE',  ( 2.348438054999999913, 0.6450000003394771309, -0.8890463380000004356 ) ) ;
#4094 = CARTESIAN_POINT ( 'NONE',  ( 0.4595745522138781070, 1.100000000000000089, -1.108700736372141060 ) ) ;
#4095 = DIRECTION ( 'NONE',  ( 0.000000000000000000, -0.000000000000000000, -1.000000000000000000 ) ) ;
#4096 = CARTESIAN_POINT ( 'NONE',  ( -0.8916295004494582122, 1.199999999999975753, 1.696049851274399778 ) ) ;
#4097 = CARTESIAN_POINT ( 'NONE',  ( 0.9162432880815445380, 1.163148006527688016, -1.797191724195004392 ) ) ;
#4098 = CARTESIAN_POINT ( 'NONE',  ( -0.7250000000796873456, 0.02000000000000000389, 1.750000000056250560 ) ) ;
#4099 = CARTESIAN_POINT ( 'NONE',  ( 1.782802893379172859, 0.8235790300060780167, 1.348209125674968423 ) ) ;
#4100 = CARTESIAN_POINT ( 'NONE',  ( -1.799850609493119924, 1.161240915992815648, 0.9165148038948647269 ) ) ;
#4101 = ORIENTED_EDGE ( 'NONE', *, *, #9649, .F. ) ;
#4102 = CARTESIAN_POINT ( 'NONE',  ( -0.9391137466610000040, 1.127448144433399913, -1.816299050661200454 ) ) ;
#4103 = CARTESIAN_POINT ( 'NONE',  ( -2.333619107757008759, 0.6825563975820244655, 0.9342986609147015953 ) ) ;
#4104 = EDGE_CURVE ( 'NONE', #847, #6454, #8548, .T. ) ;
#4105 = DIRECTION ( 'NONE',  ( 0.000000000000000000, 1.000000000000000000, -0.000000000000000000 ) ) ;
#4106 = CARTESIAN_POINT ( 'NONE',  ( 2.346309132775243445, 0.6601694208785556794, -0.8993412316608871970 ) ) ;
#4107 = CARTESIAN_POINT ( 'NONE',  ( 0.07233885076972441930, 0.1901880480000000817, 2.177449458025196627 ) ) ;
#4108 = CARTESIAN_POINT ( 'NONE',  ( -1.100000000000000311, 1.399999999999999911, 6.735557395310440051E-17 ) ) ;
#4109 = CARTESIAN_POINT ( 'NONE',  ( 0.000000000000000000, 2.985561945000001938, 2.348438054999999913 ) ) ;
#4110 = EDGE_CURVE ( 'NONE', #7538, #9897, #8447, .T. ) ;
#4111 = ORIENTED_EDGE ( 'NONE', *, *, #10626, .T. ) ;
#4112 = CARTESIAN_POINT ( 'NONE',  ( 1.354726759800400027, 1.200000040803999912, 1.354689820677199785 ) ) ;
#4113 = CARTESIAN_POINT ( 'NONE',  ( -1.580520823591599733, 0.8236714914184388725, -1.580536851824627664 ) ) ;
#4114 = LINE ( 'NONE', #8396, #312 ) ;
#4115 = ORIENTED_EDGE ( 'NONE', *, *, #36, .T. ) ;
#4116 = CARTESIAN_POINT ( 'NONE',  ( 0.1500000000000000222, 0.1703638610000000053, 2.432757609999999460 ) ) ;
#4117 = DIRECTION ( 'NONE',  ( 0.000000000000000000, -0.000000000000000000, -1.000000000000000000 ) ) ;
#4118 = CARTESIAN_POINT ( 'NONE',  ( 2.349999999999999645, 0.3500000000000000333, -1.250000000000000000 ) ) ;
#4119 = DIRECTION ( 'NONE',  ( 1.000000000000000000, 0.000000000000000000, 0.000000000000000000 ) ) ;
#4120 = VECTOR ( 'NONE', #7918, 1000.000000000000000 ) ;
#4121 = CARTESIAN_POINT ( 'NONE',  ( 1.024999999906249792, 0.000000000000000000, 1.750000000000000000 ) ) ;
#4122 = CARTESIAN_POINT ( 'NONE',  ( -0.9557982901181659718, 0.6925273981746147278, 2.321117405114898169 ) ) ;
#4123 = ADVANCED_FACE ( 'NONE', ( #4381 ), #4219, .F. ) ;
#4124 = VECTOR ( 'NONE', #1399, 1000.000000000000000 ) ;
#4125 = EDGE_CURVE ( 'NONE', #3696, #4432, #2927, .T. ) ;
#4126 = DIRECTION ( 'NONE',  ( 0.000000000000000000, 0.000000000000000000, -1.000000000000000000 ) ) ;
#4127 = CARTESIAN_POINT ( 'NONE',  ( 1.372270759544637064, 1.129570543719897291, -1.514783711815222533 ) ) ;
#4128 = PLANE ( 'NONE',  #6236 ) ;
#4129 = ORIENTED_EDGE ( 'NONE', *, *, #9193, .F. ) ;
#4130 = CARTESIAN_POINT ( 'NONE',  ( 1.060059027150000110, 1.127785173170000377, -1.748406540049999736 ) ) ;
#4131 = PLANE ( 'NONE',  #290 ) ;
#4132 = EDGE_CURVE ( 'NONE', #1674, #5569, #1492, .T. ) ;
#4133 = DIRECTION ( 'NONE',  ( 0.000000000000000000, -1.000000000000000000, 0.000000000000000000 ) ) ;
#4134 = CARTESIAN_POINT ( 'NONE',  ( -1.611669861730000264, 1.200000020329999861, -1.037402927899999883 ) ) ;
#4135 = VERTEX_POINT ( 'NONE', #3501 ) ;
#4136 = ORIENTED_EDGE ( 'NONE', *, *, #6411, .T. ) ;
#4137 = CARTESIAN_POINT ( 'NONE',  ( -1.720044409407799790, 1.127885504033700137, 1.106917242085500019 ) ) ;
#4138 = AXIS2_PLACEMENT_3D ( 'NONE', #1815, #7582, #67 ) ;
#4139 = CARTESIAN_POINT ( 'NONE',  ( 0.9950587360000001658, 0.7000000000000000666, 2.293438055000000197 ) ) ;
#4140 = ADVANCED_FACE ( 'NONE', ( #10855 ), #4830, .T. ) ;
#4141 = CARTESIAN_POINT ( 'NONE',  ( -1.099999999999999867, 1.399999999999999911, 2.199999999999999734 ) ) ;
#4142 = ORIENTED_EDGE ( 'NONE', *, *, #1501, .T. ) ;
#4143 = CARTESIAN_POINT ( 'NONE',  ( -0.1499999953363487792, 0.2169134136929293799, -2.344252586433610119 ) ) ;
#4144 = ORIENTED_EDGE ( 'NONE', *, *, #5702, .T. ) ;
#4145 = ORIENTED_EDGE ( 'NONE', *, *, #2278, .F. ) ;
#4146 = ORIENTED_EDGE ( 'NONE', *, *, #10573, .F. ) ;
#4147 = CARTESIAN_POINT ( 'NONE',  ( -0.7250000000000000888, 0.1799999999999999933, 0.8500000000000000888 ) ) ;
#4148 = FACE_OUTER_BOUND ( 'NONE', #7872, .T. ) ;
#4149 = CARTESIAN_POINT ( 'NONE',  ( -1.750000000000000000, 0.6400000000000001243, 1.750000000000000000 ) ) ;
#4150 = CARTESIAN_POINT ( 'NONE',  ( -1.325880181482741893, 1.129419893832193100, 1.555406859942956022 ) ) ;
#4151 = ADVANCED_FACE ( 'NONE', ( #10306 ), #1201, .T. ) ;
#4152 = CARTESIAN_POINT ( 'NONE',  ( 0.9657900218420449878, 0.6958186691185205275, -2.314482617817696486 ) ) ;
#4153 = VECTOR ( 'NONE', #3125, 1000.000000000000000 ) ;
#4154 = CARTESIAN_POINT ( 'NONE',  ( 1.752361467999999922, 1.172168144000000245, -0.9992736620000001180 ) ) ;
#4155 = ORIENTED_EDGE ( 'NONE', *, *, #697, .T. ) ;
#4156 = CARTESIAN_POINT ( 'NONE',  ( -0.9039981088399999809, 1.200000040899999787, -1.688578057099999752 ) ) ;
#4157 = ORIENTED_EDGE ( 'NONE', *, *, #3406, .F. ) ;
#4158 = CARTESIAN_POINT ( 'NONE',  ( -0.6000000000000000888, 0.1901880479986818306, -2.449999999999999734 ) ) ;
#4159 = DIRECTION ( 'NONE',  ( -0.000000000000000000, -1.000000000000000000, -0.000000000000000000 ) ) ;
#4160 = AXIS2_PLACEMENT_3D ( 'NONE', #5183, #6887, #1369 ) ;
#4161 = CARTESIAN_POINT ( 'NONE',  ( 1.102395951999999957, 0.8000000000000000444, 1.973837771000000352 ) ) ;
#4162 = CARTESIAN_POINT ( 'NONE',  ( -0.1500000000000000222, 0.1702086960000000204, -2.433052626999999468 ) ) ;
#4163 = EDGE_CURVE ( 'NONE', #1567, #4087, #1896, .T. ) ;
#4164 = DIRECTION ( 'NONE',  ( -1.000000000000000000, 0.000000000000000000, -0.000000000000000000 ) ) ;
#4165 = EDGE_LOOP ( 'NONE', ( #1020, #1140, #1943, #8370, #4257, #8476 ) ) ;
#4166 = CARTESIAN_POINT ( 'NONE',  ( 1.611234117454600101, 1.200000041066600076, 1.037123526337999868 ) ) ;
#4167 = CARTESIAN_POINT ( 'NONE',  ( -1.696049877516262461, 1.199999999999986633, -0.8916295004494524390 ) ) ;
#4168 = CARTESIAN_POINT ( 'NONE',  ( 1.942102885177108273, 0.8233164494204670003, -1.106843105546291950 ) ) ;
#4169 = VERTEX_POINT ( 'NONE', #10463 ) ;
#4170 = AXIS2_PLACEMENT_3D ( 'NONE', #7405, #2241, #9098 ) ;
#4171 = DIRECTION ( 'NONE',  ( -1.000000000000000000, 0.000000000000000000, 1.224646799147351482E-16 ) ) ;
#4172 = CARTESIAN_POINT ( 'NONE',  ( -2.348438055000000801, 0.6449999999679227880, -0.8785042867268416655 ) ) ;
#4173 = CARTESIAN_POINT ( 'NONE',  ( -2.175000000070370199, 0.3500000000000000333, -1.250000000000000000 ) ) ;
#4174 = ORIENTED_EDGE ( 'NONE', *, *, #8954, .F. ) ;
#4175 = DIRECTION ( 'NONE',  ( 0.000000000000000000, 0.000000000000000000, -1.000000000000000000 ) ) ;
#4176 = DIRECTION ( 'NONE',  ( 0.000000000000000000, -9.486769009248179575E-16, 1.000000000000000000 ) ) ;
#4177 = CARTESIAN_POINT ( 'NONE',  ( -0.6000000000000000888, 0.2401880479999999873, -2.349999999999999645 ) ) ;
#4178 = AXIS2_PLACEMENT_3D ( 'NONE', #654, #4716, #4774 ) ;
#4179 = DIRECTION ( 'NONE',  ( -0.000000000000000000, -1.000000000000000000, 0.000000000000000000 ) ) ;
#4180 = CARTESIAN_POINT ( 'NONE',  ( 1.317151282165565762, 1.129272700271072294, -1.562888776399381507 ) ) ;
#4181 = CARTESIAN_POINT ( 'NONE',  ( -0.6000000000000000888, 0.6500000000000001332, -2.299999999999999822 ) ) ;
#4182 = EDGE_LOOP ( 'NONE', ( #3152, #9719, #2136, #3978 ) ) ;
#4183 = CARTESIAN_POINT ( 'NONE',  ( 1.079757960665599814, 1.200000041005999663, -1.583075198278800055 ) ) ;
#4184 = DIRECTION ( 'NONE',  ( 0.000000000000000000, 0.000000000000000000, -1.000000000000000000 ) ) ;
#4185 = VECTOR ( 'NONE', #2786, 1000.000000000000000 ) ;
#4186 = CARTESIAN_POINT ( 'NONE',  ( -0.9784571763500923280, 0.6986421169713158408, -2.305583971467509485 ) ) ;
#4187 = CARTESIAN_POINT ( 'NONE',  ( -1.688128356720000056, 1.200000061349999925, -0.9037602813299998594 ) ) ;
#4188 = ORIENTED_EDGE ( 'NONE', *, *, #2729, .T. ) ;
#4189 = VERTEX_POINT ( 'NONE', #4603 ) ;
#4190 = CARTESIAN_POINT ( 'NONE',  ( -1.638167491359999950, 1.200000020369999865, 0.9935140803199999926 ) ) ;
#4191 = EDGE_CURVE ( 'NONE', #7330, #2583, #10410, .T. ) ;
#4192 = EDGE_CURVE ( 'NONE', #4432, #860, #7072, .T. ) ;
#4193 = DIRECTION ( 'NONE',  ( 0.000000000000000000, 0.000000000000000000, 1.000000000000000000 ) ) ;
#4194 = AXIS2_PLACEMENT_3D ( 'NONE', #1882, #3582, #6938 ) ;
#4195 = DIRECTION ( 'NONE',  ( -1.000000000000000000, 0.000000000000000000, 0.000000000000000000 ) ) ;
#4196 = ORIENTED_EDGE ( 'NONE', *, *, #6892, .F. ) ;
#4197 = CARTESIAN_POINT ( 'NONE',  ( -2.348050708931370689, 0.6515159827019683103, 0.8873456935746284469 ) ) ;
#4198 = ORIENTED_EDGE ( 'NONE', *, *, #1377, .T. ) ;
#4199 = ORIENTED_EDGE ( 'NONE', *, *, #4617, .T. ) ;
#4200 = ORIENTED_EDGE ( 'NONE', *, *, #1572, .T. ) ;
#4201 = CARTESIAN_POINT ( 'NONE',  ( 1.696049895013669317, 1.199999999999355360, 0.8916295004489538378 ) ) ;
#4202 = AXIS2_PLACEMENT_3D ( 'NONE', #3522, #6878, #9501 ) ;
#4203 = FACE_OUTER_BOUND ( 'NONE', #6427, .T. ) ;
#4204 = ADVANCED_FACE ( 'NONE', ( #6303 ), #9309, .T. ) ;
#4205 = DIRECTION ( 'NONE',  ( -0.000000000000000000, -0.000000000000000000, -1.000000000000000000 ) ) ;
#4206 = CARTESIAN_POINT ( 'NONE',  ( -1.329822188530656701, 1.129490423620053363, 1.552007142028859921 ) ) ;
#4207 = CARTESIAN_POINT ( 'NONE',  ( 0.9562707984614577938, 0.6927065910858170028, -2.320814944683700531 ) ) ;
#4208 = VECTOR ( 'NONE', #4874, 1000.000000000000000 ) ;
#4209 = CARTESIAN_POINT ( 'NONE',  ( 1.761889223000000726, 1.129023737999999888, -1.036241049000000025 ) ) ;
#4210 = VERTEX_POINT ( 'NONE', #3877 ) ;
#4211 = CARTESIAN_POINT ( 'NONE',  ( -0.9885388185012001783, 1.128462303726900151, -1.789145898356099718 ) ) ;
#4212 = VERTEX_POINT ( 'NONE', #2284 ) ;
#4213 = DIRECTION ( 'NONE',  ( 0.000000000000000000, 0.000000000000000000, 1.000000000000000000 ) ) ;
#4214 = EDGE_CURVE ( 'NONE', #9513, #3023, #7233, .T. ) ;
#4215 = AXIS2_PLACEMENT_3D ( 'NONE', #9005, #8955, #1444 ) ;
#4216 = CARTESIAN_POINT ( 'NONE',  ( 2.347560704478394822, 0.6548785938889486458, -0.8919591380742573072 ) ) ;
#4217 = VECTOR ( 'NONE', #10308, 1000.000000000000000 ) ;
#4218 = DIRECTION ( 'NONE',  ( -0.000000000000000000, -1.000000000000000000, -0.000000000000000000 ) ) ;
#4219 = CYLINDRICAL_SURFACE ( 'NONE', #7328, 0.2999999999999997113 ) ;
#4220 = CARTESIAN_POINT ( 'NONE',  ( 2.326257435603646950, 0.6891348870712603603, 0.9475280695495484906 ) ) ;
#4221 = CARTESIAN_POINT ( 'NONE',  ( -0.9186285210000001422, 0.6500000000000001332, -2.299999999999999822 ) ) ;
#4222 = EDGE_LOOP ( 'NONE', ( #5311, #4046, #3966, #10471, #10728, #2835 ) ) ;
#4223 = CARTESIAN_POINT ( 'NONE',  ( 1.595227327000000805, 1.199997972000000024, 1.151352781000000158 ) ) ;
#4224 = CARTESIAN_POINT ( 'NONE',  ( -1.899540496000000855, 0.8236602140000001127, -1.180675369000000252 ) ) ;
#4225 = DIRECTION ( 'NONE',  ( -1.000000000000000000, 0.000000000000000000, -0.000000000000000000 ) ) ;
#4226 = VERTEX_POINT ( 'NONE', #9849 ) ;
#4227 = AXIS2_PLACEMENT_3D ( 'NONE', #3969, #8855, #8146 ) ;
#4228 = LINE ( 'NONE', #5995, #3885 ) ;
#4229 = FACE_OUTER_BOUND ( 'NONE', #9785, .T. ) ;
#4230 = B_SPLINE_CURVE_WITH_KNOTS ( 'NONE', 3,
 ( #5971, #4258, #862, #5083, #5806, #4201 ),
 .UNSPECIFIED., .F., .F.,
 ( 4, 2, 4 ),
 ( 0.000000000000000000, 0.5000000000000000000, 1.000000000000000000 ),
 .UNSPECIFIED. ) ;
#4231 = LINE ( 'NONE', #4283, #631 ) ;
#4232 = VERTEX_POINT ( 'NONE', #8978 ) ;
#4233 = CARTESIAN_POINT ( 'NONE',  ( -1.832999588627678866, 1.112018082274135677, -0.9268590907426277337 ) ) ;
#4234 = EDGE_CURVE ( 'NONE', #9814, #2191, #584, .T. ) ;
#4235 = PLANE ( 'NONE',  #4050 ) ;
#4236 = CARTESIAN_POINT ( 'NONE',  ( -1.750000000000000000, 0.6500000000000001332, 1.450000000000000400 ) ) ;
#4237 = CARTESIAN_POINT ( 'NONE',  ( 0.8815401620000000715, 1.199997949999999980, 1.758367794000000872 ) ) ;
#4238 = CARTESIAN_POINT ( 'NONE',  ( 1.323556251951771845, 1.129378956143784141, -1.557407792553583414 ) ) ;
#4239 = DIRECTION ( 'NONE',  ( 0.000000000000000000, 0.000000000000000000, 1.000000000000000000 ) ) ;
#4240 = ORIENTED_EDGE ( 'NONE', *, *, #754, .F. ) ;
#4241 = CARTESIAN_POINT ( 'NONE',  ( 1.152244170400000822, 1.128423812819999927, -1.689705197119999891 ) ) ;
#4242 = DIRECTION ( 'NONE',  ( 0.000000000000000000, -0.000000000000000000, -1.000000000000000000 ) ) ;
#4243 = VECTOR ( 'NONE', #2337, 1000.000000000000000 ) ;
#4244 = CARTESIAN_POINT ( 'NONE',  ( -0.9453145644690218452, 0.6881290603906407011, -2.327568454204434811 ) ) ;
#4245 = CARTESIAN_POINT ( 'NONE',  ( -1.789381153328399865, 1.128025590534599942, -0.9886715977296000046 ) ) ;
#4246 = ORIENTED_EDGE ( 'NONE', *, *, #10225, .F. ) ;
#4247 = VERTEX_POINT ( 'NONE', #2172 ) ;
#4248 = EDGE_CURVE ( 'NONE', #8095, #8312, #7003, .T. ) ;
#4249 = CARTESIAN_POINT ( 'NONE',  ( -1.664708796999999851, 1.199999999999999956, 0.9495315799999999307 ) ) ;
#4250 = CARTESIAN_POINT ( 'NONE',  ( -0.6000000008249998240, 0.6500000000000001332, 2.299999999999999822 ) ) ;
#4251 = CARTESIAN_POINT ( 'NONE',  ( -0.9950587360000001658, 0.7005098490000000178, 2.293438055000000197 ) ) ;
#4252 = ORIENTED_EDGE ( 'NONE', *, *, #4214, .T. ) ;
#4253 = EDGE_CURVE ( 'NONE', #5487, #2991, #5867, .T. ) ;
#4254 = CARTESIAN_POINT ( 'NONE',  ( 1.750000000000000000, 0.6400000000000001243, 1.750000000000000000 ) ) ;
#4255 = ORIENTED_EDGE ( 'NONE', *, *, #7350, .T. ) ;
#4256 = VERTEX_POINT ( 'NONE', #9308 ) ;
#4257 = ORIENTED_EDGE ( 'NONE', *, *, #4192, .T. ) ;
#4258 = CARTESIAN_POINT ( 'NONE',  ( 1.813117121298123857, 1.145955880650618930, 0.9199226936298696700 ) ) ;
#4259 = CARTESIAN_POINT ( 'NONE',  ( -0.5730632861524908028, 1.199999999999999734, -1.055841324137518855 ) ) ;
#4260 = DIRECTION ( 'NONE',  ( 0.000000000000000000, 1.000000000000000000, 0.000000000000000000 ) ) ;
#4261 = CARTESIAN_POINT ( 'NONE',  ( -1.342014859515463732, 1.129533588795816668, 1.541733066012617392 ) ) ;
#4262 = CARTESIAN_POINT ( 'NONE',  ( -1.099918599298443711, 1.200000000000000178, 0.4801488204615115829 ) ) ;
#4263 = ADVANCED_FACE ( 'NONE', ( #4315 ), #3434, .T. ) ;
#4264 = EDGE_CURVE ( 'NONE', #1286, #5507, #2547, .T. ) ;
#4265 = CARTESIAN_POINT ( 'NONE',  ( 1.664708796999999851, 1.199999999999999956, -0.9495315799999999307 ) ) ;
#4266 = ORIENTED_EDGE ( 'NONE', *, *, #350, .T. ) ;
#4267 = CARTESIAN_POINT ( 'NONE',  ( -0.8815282915400000086, 1.200000020619999885, -1.700900026410000043 ) ) ;
#4268 = VERTEX_POINT ( 'NONE', #6626 ) ;
#4269 = FACE_OUTER_BOUND ( 'NONE', #8481, .T. ) ;
#4270 = DIRECTION ( 'NONE',  ( 1.000000000000000000, -0.000000000000000000, 0.000000000000000000 ) ) ;
#4271 = CARTESIAN_POINT ( 'NONE',  ( -1.024999999999999911, 0.02000000000000000389, -1.750000000000000000 ) ) ;
#4272 = CARTESIAN_POINT ( 'NONE',  ( -0.1295115532616930576, 0.1901880480000000817, -2.228988776440691488 ) ) ;
#4273 = CARTESIAN_POINT ( 'NONE',  ( 2.324020987818808059, 0.6907181947142378986, 0.9512023740912486369 ) ) ;
#4274 = DIRECTION ( 'NONE',  ( 0.000000000000000000, -1.000000000000000000, 0.000000000000000000 ) ) ;
#4275 = B_SPLINE_CURVE_WITH_KNOTS ( 'NONE', 3,
 ( #5055, #4233, #6650, #6050 ),
 .UNSPECIFIED., .F., .F.,
 ( 4, 4 ),
 ( 0.000000000000000000, 1.000000000000000000 ),
 .UNSPECIFIED. ) ;
#4276 = ORIENTED_EDGE ( 'NONE', *, *, #229, .T. ) ;
#4277 = EDGE_CURVE ( 'NONE', #8863, #267, #1797, .T. ) ;
#4278 = CARTESIAN_POINT ( 'NONE',  ( 1.583498772139400712, 1.200000020502999698, 1.080045906332799843 ) ) ;
#4279 = CARTESIAN_POINT ( 'NONE',  ( -1.653209500060004666, 0.8240143702912677837, -1.507545851080822619 ) ) ;
#4280 = ORIENTED_EDGE ( 'NONE', *, *, #590, .F. ) ;
#4281 = CARTESIAN_POINT ( 'NONE',  ( -0.7250000001328124055, 0.02000000000000000389, -1.350000000000000089 ) ) ;
#4282 = CARTESIAN_POINT ( 'NONE',  ( 1.600000000000000089, 0.1000000000694794694, 2.300000000012733192 ) ) ;
#4283 = CARTESIAN_POINT ( 'NONE',  ( 0.000000000000000000, 0.1901880480000000817, -1.620188048000000602 ) ) ;
#4284 = VERTEX_POINT ( 'NONE', #10844 ) ;
#4285 = CARTESIAN_POINT ( 'NONE',  ( 1.663807029089237943, 0.8234268760925278485, -1.492858701289248247 ) ) ;
#4286 = CARTESIAN_POINT ( 'NONE',  ( -1.940569858115965829, 0.8262800816755586641, -1.105245792743297706 ) ) ;
#4287 = CARTESIAN_POINT ( 'NONE',  ( 0.9327620411854731231, 1.102651866285845550, 1.836501306115960963 ) ) ;
#4288 = CARTESIAN_POINT ( 'NONE',  ( -0.8785042870000000503, 0.6450000000000001288, 2.323820441902626488 ) ) ;
#4289 = ADVANCED_FACE ( 'NONE', ( #5142 ), #386, .T. ) ;
#4290 = CARTESIAN_POINT ( 'NONE',  ( 0.9391113651000003726, 1.127456854340000536, 1.816294278119999994 ) ) ;
#4291 = CARTESIAN_POINT ( 'NONE',  ( -0.2999999999966797004, 0.02000000000000001082, 0.5000000000527342614 ) ) ;
#4292 = FACE_OUTER_BOUND ( 'NONE', #9880, .T. ) ;
#4293 = ORIENTED_EDGE ( 'NONE', *, *, #3381, .T. ) ;
#4294 = DIRECTION ( 'NONE',  ( -1.445602896647340692E-15, 0.000000000000000000, 1.000000000000000000 ) ) ;
#4295 = VECTOR ( 'NONE', #4949, 1000.000000000000000 ) ;
#4296 = CARTESIAN_POINT ( 'NONE',  ( -0.9937765075013268445, 1.199999999999960876, -1.638602143830335978 ) ) ;
#4297 = AXIS2_PLACEMENT_3D ( 'NONE', #1381, #4729, #3900 ) ;
#4298 = CARTESIAN_POINT ( 'NONE',  ( -2.100000000003418688, 0.3667742510000000511, 2.500000000000000000 ) ) ;
#4299 = CARTESIAN_POINT ( 'NONE',  ( -1.789617871492599877, 1.127588870301899915, -0.9888017245943999667 ) ) ;
#4300 = VERTEX_POINT ( 'NONE', #2373 ) ;
#4301 = CARTESIAN_POINT ( 'NONE',  ( -1.651859966000000179, 1.199999999999999956, 0.9718178660000005298 ) ) ;
#4302 = CARTESIAN_POINT ( 'NONE',  ( 0.8785042870000000503, 0.6450000000000001288, 2.348438054999999913 ) ) ;
#4303 = CIRCLE ( 'NONE', #1324, 0.1499999999999999667 ) ;
#4304 = EDGE_CURVE ( 'NONE', #9465, #9357, #4514, .T. ) ;
#4305 = CARTESIAN_POINT ( 'NONE',  ( 0.6000000000000000888, 0.3500000000000000333, 2.349999999999999645 ) ) ;
#4306 = CARTESIAN_POINT ( 'NONE',  ( 2.449999999999999734, -0.05000000000000000971, -0.1999999999999998723 ) ) ;
#4307 = ORIENTED_EDGE ( 'NONE', *, *, #7550, .F. ) ;
#4308 = DIRECTION ( 'NONE',  ( 0.000000000000000000, 0.000000000000000000, 1.000000000000000000 ) ) ;
#4309 = ORIENTED_EDGE ( 'NONE', *, *, #674, .F. ) ;
#4310 = ORIENTED_EDGE ( 'NONE', *, *, #9790, .T. ) ;
#4311 = ORIENTED_EDGE ( 'NONE', *, *, #7764, .F. ) ;
#4312 = DIRECTION ( 'NONE',  ( -0.000000000000000000, -0.000000000000000000, -1.000000000000000000 ) ) ;
#4313 = CARTESIAN_POINT ( 'NONE',  ( -0.6959493144243280582, 1.199999999999999734, -0.9839140904540143451 ) ) ;
#4314 = CARTESIAN_POINT ( 'NONE',  ( -0.7250000000531251487, 0.02000000000000000389, 0.8500000000000000888 ) ) ;
#4315 = FACE_OUTER_BOUND ( 'NONE', #7871, .T. ) ;
#4316 = CARTESIAN_POINT ( 'NONE',  ( 0.9770594475060347950, 0.6984089923045233572, -2.306586732314304555 ) ) ;
#4317 = CARTESIAN_POINT ( 'NONE',  ( 1.747942303599999692, 1.128648029520000096, -1.059792075350000085 ) ) ;
#4318 = ORIENTED_EDGE ( 'NONE', *, *, #5545, .F. ) ;
#4319 = CARTESIAN_POINT ( 'NONE',  ( -1.367602374000000065, 1.129588003000000063, -1.523062824000000148 ) ) ;
#4320 = ORIENTED_EDGE ( 'NONE', *, *, #2884, .F. ) ;
#4321 = LINE ( 'NONE', #3281, #5588 ) ;
#4322 = CARTESIAN_POINT ( 'NONE',  ( 1.532177300012657728, 0.6500000000000001332, 1.543715557130238336 ) ) ;
#4323 = CARTESIAN_POINT ( 'NONE',  ( 0.7250000000033204328, 0.02000000000000001082, -0.5000000000019531043 ) ) ;
#4324 = EDGE_CURVE ( 'NONE', #372, #6455, #3976, .T. ) ;
#4325 = DIRECTION ( 'NONE',  ( 0.000000000000000000, 0.000000000000000000, -1.000000000000000000 ) ) ;
#4326 = EDGE_CURVE ( 'NONE', #3559, #4360, #682, .T. ) ;
#4327 = CARTESIAN_POINT ( 'NONE',  ( 2.315020014737428244, 0.6955933200091058977, 0.9650025606859357064 ) ) ;
#4328 = PLANE ( 'NONE',  #9987 ) ;
#4329 = ORIENTED_EDGE ( 'NONE', *, *, #2379, .T. ) ;
#4330 = CARTESIAN_POINT ( 'NONE',  ( 1.762585340040000226, 1.127728565369999991, 1.036641122020000028 ) ) ;
#4331 = CARTESIAN_POINT ( 'NONE',  ( -1.089814564000000097, 0.8230413210000000479, -1.951748821000000245 ) ) ;
#4332 = VERTEX_POINT ( 'NONE', #10719 ) ;
#4333 = DIRECTION ( 'NONE',  ( 0.000000000000000000, 0.000000000000000000, 1.000000000000000000 ) ) ;
#4334 = CARTESIAN_POINT ( 'NONE',  ( -2.334308127870568406, 0.6818279935182577356, -0.9329582526563909850 ) ) ;
#4335 = FACE_OUTER_BOUND ( 'NONE', #4413, .T. ) ;
#4336 = ORIENTED_EDGE ( 'NONE', *, *, #463, .F. ) ;
#4337 = CIRCLE ( 'NONE', #8365, 0.1499999999999999667 ) ;
#4338 = DIRECTION ( 'NONE',  ( 0.000000000000000000, -1.000000000000000000, 0.000000000000000000 ) ) ;
#4339 = CARTESIAN_POINT ( 'NONE',  ( -2.299999999934413175, 0.6500000000854853077, -0.9268673177026719445 ) ) ;
#4340 = CARTESIAN_POINT ( 'NONE',  ( 1.600000000087500096, 8.809142651444723526E-17, -2.300000000002611511 ) ) ;
#4341 = EDGE_CURVE ( 'NONE', #5375, #5106, #8961, .T. ) ;
#4342 = B_SPLINE_CURVE_WITH_KNOTS ( 'NONE', 3,
 ( #9362, #1845, #3327, #9252, #2726, #6682, #1741 ),
 .UNSPECIFIED., .F., .F.,
 ( 4, 3, 4 ),
 ( 9.037394913330976823E-14, 3.419249307208884218E-05, 6.850611579616014738E-05 ),
 .UNSPECIFIED. ) ;
#4343 = DIRECTION ( 'NONE',  ( 0.000000000000000000, 0.000000000000000000, -1.000000000000000000 ) ) ;
#4344 = CARTESIAN_POINT ( 'NONE',  ( 0.8817563100000000986, 1.199999999999999956, 1.701356966999999942 ) ) ;
#4345 = CARTESIAN_POINT ( 'NONE',  ( -0.3000000000000000444, 0.02000000000000000389, 0.8500000000000000888 ) ) ;
#4346 = LINE ( 'NONE', #10270, #9930 ) ;
#4347 = EDGE_LOOP ( 'NONE', ( #2209, #6701, #3154, #6494 ) ) ;
#4348 = CARTESIAN_POINT ( 'NONE',  ( 0.9262166569476000255, 1.200000061902900095, -1.675767265047000132 ) ) ;
#4349 = CARTESIAN_POINT ( 'NONE',  ( 1.189468245159364557, 1.199999999999999956, 0.1883256787329575244 ) ) ;
#4350 = CARTESIAN_POINT ( 'NONE',  ( -0.9876848217835640931, 0.6997469653269230427, -2.298880717640547910 ) ) ;
#4351 = CARTESIAN_POINT ( 'NONE',  ( -1.651424597350000800, 1.200000020389999866, -0.9715559261399999702 ) ) ;
#4352 = ORIENTED_EDGE ( 'NONE', *, *, #3381, .F. ) ;
#4353 = CARTESIAN_POINT ( 'NONE',  ( -1.354339370579999757, 1.200000060600000085, 1.354376300059999982 ) ) ;
#4354 = CARTESIAN_POINT ( 'NONE',  ( 1.399999999861728295, 0.8000000000000000444, 2.174999999999999822 ) ) ;
#4355 = VECTOR ( 'NONE', #2516, 1000.000000000000000 ) ;
#4356 = ADVANCED_FACE ( 'NONE', ( #4961 ), #6555, .T. ) ;
#4357 = LINE ( 'NONE', #10335, #10652 ) ;
#4358 = DIRECTION ( 'NONE',  ( -0.000000000000000000, -0.000000000000000000, -1.000000000000000000 ) ) ;
#4359 = FACE_OUTER_BOUND ( 'NONE', #159, .T. ) ;
#4360 = VERTEX_POINT ( 'NONE', #8141 ) ;
#4361 = CIRCLE ( 'NONE', #162, 0.3000000000000001554 ) ;
#4362 = CARTESIAN_POINT ( 'NONE',  ( 0.6000000001124999871, 0.8000000000000000444, 2.300000000100000719 ) ) ;
#4363 = VERTEX_POINT ( 'NONE', #3198 ) ;
#4364 = ORIENTED_EDGE ( 'NONE', *, *, #9293, .F. ) ;
#4365 = ORIENTED_EDGE ( 'NONE', *, *, #1081, .F. ) ;
#4366 = SURFACE_SIDE_STYLE ('',( #3647 ) ) ;
#4367 = CARTESIAN_POINT ( 'NONE',  ( -1.158750626874177625, 1.199999999999999734, -0.3160892460916001623 ) ) ;
#4368 = EDGE_CURVE ( 'NONE', #5719, #1557, #9832, .T. ) ;
#4369 = FACE_OUTER_BOUND ( 'NONE', #9048, .T. ) ;
#4370 = VECTOR ( 'NONE', #4574, 1000.000000000000000 ) ;
#4371 = B_SPLINE_CURVE_WITH_KNOTS ( 'NONE', 3,
 ( #9433, #2633, #332, #3670, #8610, #7790, #8715 ),
 .UNSPECIFIED., .F., .F.,
 ( 4, 3, 4 ),
 ( 6.032776090291843923E-15, 3.423954060219312631E-05, 6.854578424196008403E-05 ),
 .UNSPECIFIED. ) ;
#4372 = CARTESIAN_POINT ( 'NONE',  ( 0.9597300366257167648, 0.6939297476748871318, -2.318555375567710630 ) ) ;
#4373 = ORIENTED_EDGE ( 'NONE', *, *, #109, .T. ) ;
#4374 = AXIS2_PLACEMENT_3D ( 'NONE', #4345, #3733, #9446 ) ;
#4375 = CARTESIAN_POINT ( 'NONE',  ( -1.080071669280000091, 1.200000020299999859, -1.583487589199999990 ) ) ;
#4376 = ORIENTED_EDGE ( 'NONE', *, *, #173, .F. ) ;
#4377 = CARTESIAN_POINT ( 'NONE',  ( -2.293438055217784211, 0.7000000000000000666, -0.9950587353914676081 ) ) ;
#4378 = EDGE_CURVE ( 'NONE', #5025, #3311, #6131, .T. ) ;
#4379 = CARTESIAN_POINT ( 'NONE',  ( 2.348438054999999913, 0.6450000003100566648, -0.8785042874538353530 ) ) ;
#4380 = CARTESIAN_POINT ( 'NONE',  ( 1.099999999999999867, 1.399999999999999911, -2.200000000000000622 ) ) ;
#4381 = FACE_OUTER_BOUND ( 'NONE', #7683, .T. ) ;
#4382 = AXIS2_PLACEMENT_3D ( 'NONE', #10470, #10580, #2950 ) ;
#4383 = CARTESIAN_POINT ( 'NONE',  ( 2.341507260519040567, 0.6717360978420755524, 0.9163017073541098734 ) ) ;
#4384 = DIRECTION ( 'NONE',  ( 0.000000000000000000, 0.000000000000000000, -1.000000000000000000 ) ) ;
#4385 = ORIENTED_EDGE ( 'NONE', *, *, #5330, .T. ) ;
#4386 = CARTESIAN_POINT ( 'NONE',  ( 1.637729672556199834, 1.200000041147400109, 0.9932372539745997209 ) ) ;
#4387 = CARTESIAN_POINT ( 'NONE',  ( -1.348271161000000218, 0.8234081889999999015, -1.782890493999999881 ) ) ;
#4388 = VERTEX_POINT ( 'NONE', #1554 ) ;
#4389 = EDGE_CURVE ( 'NONE', #5693, #10619, #7479, .T. ) ;
#4390 = DIRECTION ( 'NONE',  ( 0.000000000000000000, 0.000000000000000000, 1.000000000000000000 ) ) ;
#4391 = CARTESIAN_POINT ( 'NONE',  ( -2.319126547671587879, 0.6936365454102872974, -0.9588649792186552112 ) ) ;
#4392 = EDGE_CURVE ( 'NONE', #4779, #967, #573, .T. ) ;
#4393 = CARTESIAN_POINT ( 'NONE',  ( 1.875000000000000000, 0.8000000000000001554, -2.174999999999999822 ) ) ;
#4394 = ORIENTED_EDGE ( 'NONE', *, *, #6562, .F. ) ;
#4395 = CIRCLE ( 'NONE', #7549, 1.100000000000000089 ) ;
#4396 = FACE_OUTER_BOUND ( 'NONE', #2598, .T. ) ;
#4397 = DIRECTION ( 'NONE',  ( 0.000000000000000000, 1.000000000000000000, 0.000000000000000000 ) ) ;
#4398 = CARTESIAN_POINT ( 'NONE',  ( 0.7250000000000000888, 0.2000000000055555394, -1.349999999999999867 ) ) ;
#4399 = B_SPLINE_CURVE_WITH_KNOTS ( 'NONE', 3,
 ( #3488, #7556, #7609, #9142 ),
 .UNSPECIFIED., .F., .F.,
 ( 4, 4 ),
 ( 0.000000000000000000, 1.000000000000000000 ),
 .UNSPECIFIED. ) ;
#4400 = VECTOR ( 'NONE', #4403, 1000.000000000000000 ) ;
#4401 = AXIS2_PLACEMENT_3D ( 'NONE', #3487, #3432, #6786 ) ;
#4402 = CYLINDRICAL_SURFACE ( 'NONE', #3153, 2.174999999999999822 ) ;
#4403 = DIRECTION ( 'NONE',  ( -0.000000000000000000, 1.000000000000000000, -0.000000000000000000 ) ) ;
#4404 = CARTESIAN_POINT ( 'NONE',  ( 1.199999999999999956, 1.199999999999999956, 1.896065049272180182E-16 ) ) ;
#4405 = DIRECTION ( 'NONE',  ( 1.000000000000000000, -0.000000000000000000, 0.000000000000000000 ) ) ;
#4406 = ORIENTED_EDGE ( 'NONE', *, *, #1818, .F. ) ;
#4407 = EDGE_CURVE ( 'NONE', #1376, #4232, #1546, .T. ) ;
#4408 = LINE ( 'NONE', #10104, #10376 ) ;
#4409 = DIRECTION ( 'NONE',  ( 0.000000000000000000, 0.000000000000000000, 1.000000000000000000 ) ) ;
#4410 = EDGE_CURVE ( 'NONE', #1165, #4080, #3475, .T. ) ;
#4411 = DIRECTION ( 'NONE',  ( 0.000000000000000000, -0.3322574898012535805, 0.9431887194358136162 ) ) ;
#4412 = CARTESIAN_POINT ( 'NONE',  ( -1.789144435164199853, 1.128462310767299970, -0.9885414708647999316 ) ) ;
#4413 = EDGE_LOOP ( 'NONE', ( #2554, #9316, #7251, #6728, #3373 ) ) ;
#4414 = CARTESIAN_POINT ( 'NONE',  ( -1.136873310999999998, 1.172314676999999916, 1.667093116999999847 ) ) ;
#4415 = LINE ( 'NONE', #5960, #8919 ) ;
#4416 = VECTOR ( 'NONE', #8460, 1000.000000000000000 ) ;
#4417 = EDGE_CURVE ( 'NONE', #6311, #10457, #6451, .T. ) ;
#4418 = CARTESIAN_POINT ( 'NONE',  ( -0.9180838960000000659, 0.6656046930000002471, 2.331771387999999945 ) ) ;
#4419 = CARTESIAN_POINT ( 'NONE',  ( -0.6000000000000000888, 0.3500000000156769375, -2.349999999999999645 ) ) ;
#4420 = CARTESIAN_POINT ( 'NONE',  ( -1.110305024660642959, 0.8091680161612284650, 1.951236778283334861 ) ) ;
#4421 = AXIS2_PLACEMENT_3D ( 'NONE', #5499, #3685, #8729 ) ;
#4422 = ORIENTED_EDGE ( 'NONE', *, *, #7271, .F. ) ;
#4423 = CARTESIAN_POINT ( 'NONE',  ( -2.348438055001478286, 0.6464993621877859198, 0.8805270865295369287 ) ) ;
#4424 = EDGE_CURVE ( 'NONE', #3835, #9409, #10661, .T. ) ;
#4425 = ORIENTED_EDGE ( 'NONE', *, *, #5812, .T. ) ;
#4426 = VERTEX_POINT ( 'NONE', #2596 ) ;
#4427 = CARTESIAN_POINT ( 'NONE',  ( -0.1493274900000000349, 0.1235213810000000273, -2.299999999999999822 ) ) ;
#4428 = PLANE ( 'NONE',  #2588 ) ;
#4429 = CARTESIAN_POINT ( 'NONE',  ( 1.460071108907396775, 1.129588028102237462, 1.430453183722106170 ) ) ;
#4430 = CARTESIAN_POINT ( 'NONE',  ( 0.1499999976451281691, 0.1909167856133076047, 2.308505452397830116 ) ) ;
#4431 = EDGE_CURVE ( 'NONE', #1929, #4660, #956, .T. ) ;
#4432 = VERTEX_POINT ( 'NONE', #6770 ) ;
#4433 = CARTESIAN_POINT ( 'NONE',  ( -1.080356770000000077, 1.199999999999999956, -1.583906964999999945 ) ) ;
#4434 = ORIENTED_EDGE ( 'NONE', *, *, #9892, .T. ) ;
#4435 = CARTESIAN_POINT ( 'NONE',  ( 0.6000000000000001998, 0.09018804800000000677, 1.920188048000000203 ) ) ;
#4436 = CARTESIAN_POINT ( 'NONE',  ( 1.024999999999999911, 0.02000000000000000389, 1.750000000000000000 ) ) ;
#4437 = CARTESIAN_POINT ( 'NONE',  ( 1.058578643763010696, 1.499999999999649614, -3.266325634991279107E-16 ) ) ;
#4438 = CARTESIAN_POINT ( 'NONE',  ( -0.1463462860000000476, 0.2321085410000000016, -2.349999999999999645 ) ) ;
#4439 = CARTESIAN_POINT ( 'NONE',  ( 2.344941091188998517, 0.6643106519650519015, 0.9052519115914858805 ) ) ;
#4440 = CARTESIAN_POINT ( 'NONE',  ( 2.299999999999999822, 0.7000000000000000666, -2.399999999999999911 ) ) ;
#4441 = ORIENTED_EDGE ( 'NONE', *, *, #4029, .F. ) ;
#4442 = CARTESIAN_POINT ( 'NONE',  ( 1.789142091419999803, 1.128466634729999862, 0.9885401824799998627 ) ) ;
#4443 = EDGE_CURVE ( 'NONE', #6511, #7193, #2490, .T. ) ;
#4444 = CARTESIAN_POINT ( 'NONE',  ( 0.7250000001333334332, 0.000000000000000000, -2.299999999999999822 ) ) ;
#4445 = EDGE_LOOP ( 'NONE', ( #1595, #2592, #4958, #1732, #3550, #7937, #6836, #5839, #2781, #7116, #1080, #22, #7655, #6499, #227, #231 ) ) ;
#4446 = DIRECTION ( 'NONE',  ( 0.000000000000000000, 0.000000000000000000, 1.000000000000000000 ) ) ;
#4447 = CARTESIAN_POINT ( 'NONE',  ( -2.300941051042109553, 0.6994895718151052932, -0.9848675047226254087 ) ) ;
#4448 = PLANE ( 'NONE',  #9218 ) ;
#4449 = DIRECTION ( 'NONE',  ( 0.000000000000000000, 0.000000000000000000, 1.000000000000000000 ) ) ;
#4450 = CARTESIAN_POINT ( 'NONE',  ( 2.348438054999999913, 0.4846053170000000354, -0.8890463380000004356 ) ) ;
#4451 = LINE ( 'NONE', #8776, #5789 ) ;
#4452 = EDGE_CURVE ( 'NONE', #4226, #2638, #5124, .T. ) ;
#4453 = CARTESIAN_POINT ( 'NONE',  ( -1.600000000000000089, 0.4000000000000001887, -2.405681128000000779 ) ) ;
#4454 = DIRECTION ( 'NONE',  ( 0.000000000000000000, 0.000000000000000000, 1.000000000000000000 ) ) ;
#4455 = DIRECTION ( 'NONE',  ( 0.000000000000000000, 0.000000000000000000, -1.000000000000000000 ) ) ;
#4456 = CARTESIAN_POINT ( 'NONE',  ( 2.293438055000000197, 0.6450000000000001288, 1.006999439999999746 ) ) ;
#4457 = VERTEX_POINT ( 'NONE', #8522 ) ;
#4458 = CARTESIAN_POINT ( 'NONE',  ( 0.9391117000799998893, 1.127456848260000255, -1.816294115119999830 ) ) ;
#4459 = CARTESIAN_POINT ( 'NONE',  ( -1.290177911000000233, 0.8000000000000000444, 1.879843831999999937 ) ) ;
#4460 = CARTESIAN_POINT ( 'NONE',  ( -0.9196035731355739484, 0.6738550529026960945, -2.340265977452873347 ) ) ;
#4461 = CARTESIAN_POINT ( 'NONE',  ( 0.7250000000000000888, 0.000000000000000000, -1.350000000000000089 ) ) ;
#4462 = VERTEX_POINT ( 'NONE', #3414 ) ;
#4463 = CARTESIAN_POINT ( 'NONE',  ( -1.367742072710899981, 1.129155039298100238, 1.523302174177300294 ) ) ;
#4464 = LINE ( 'NONE', #6330, #4370 ) ;
#4465 = CARTESIAN_POINT ( 'NONE',  ( -0.9950587360000001658, 0.6500000000000001332, 2.293438055000000197 ) ) ;
#4466 = ADVANCED_FACE ( 'NONE', ( #6062 ), #1828, .T. ) ;
#4467 = EDGE_CURVE ( 'NONE', #10445, #2144, #6249, .T. ) ;
#4468 = AXIS2_PLACEMENT_3D ( 'NONE', #1877, #5230, #8572 ) ;
#4469 = VECTOR ( 'NONE', #669, 1000.000000000000000 ) ;
#4470 = CARTESIAN_POINT ( 'NONE',  ( 0.9480694453741330685, 0.6893747577954858485, 2.325932375589789824 ) ) ;
#4471 = CARTESIAN_POINT ( 'NONE',  ( -0.8785042870000000503, 0.6450000000000001288, -2.348438054999999913 ) ) ;
#4472 = ORIENTED_EDGE ( 'NONE', *, *, #7812, .F. ) ;
#4473 = CARTESIAN_POINT ( 'NONE',  ( 1.266115980213950110, 0.8236883896345064127, -1.844733287498511398 ) ) ;
#4474 = ORIENTED_EDGE ( 'NONE', *, *, #5626, .F. ) ;
#4475 = VERTEX_POINT ( 'NONE', #2145 ) ;
#4476 = FILL_AREA_STYLE_COLOUR ( '', #34 ) ;
#4477 = AXIS2_PLACEMENT_3D ( 'NONE', #5431, #7030, #8770 ) ;
#4478 = CARTESIAN_POINT ( 'NONE',  ( -0.1500313765188287796, 0.1909846188625898000, -2.308898408571473215 ) ) ;
#4479 = FACE_OUTER_BOUND ( 'NONE', #1745, .T. ) ;
#4480 = EDGE_CURVE ( 'NONE', #5016, #1322, #1168, .T. ) ;
#4481 = B_SPLINE_CURVE_WITH_KNOTS ( 'NONE', 3,
 ( #9280, #7529, #20, #1769, #7588, #5897 ),
 .UNSPECIFIED., .F., .F.,
 ( 4, 2, 4 ),
 ( 0.000000000000000000, 0.5000000000000000000, 1.000000000000000000 ),
 .UNSPECIFIED. ) ;
#4482 = CARTESIAN_POINT ( 'NONE',  ( 1.446561045722409178, 1.129588042425213157, 1.444102009715408474 ) ) ;
#4483 = VECTOR ( 'NONE', #3960, 1000.000000000000000 ) ;
#4484 = LINE ( 'NONE', #317, #2932 ) ;
#4485 = ORIENTED_EDGE ( 'NONE', *, *, #10417, .T. ) ;
#4486 = CARTESIAN_POINT ( 'NONE',  ( -1.121192091679999780, 1.200000040559999759, -1.553265818880000149 ) ) ;
#4487 = VERTEX_POINT ( 'NONE', #2089 ) ;
#4488 = CARTESIAN_POINT ( 'NONE',  ( -0.8785042869927893738, 0.6449999999993585309, 2.300000000000000266 ) ) ;
#4489 = DIRECTION ( 'NONE',  ( 0.000000000000000000, 0.000000000000000000, 1.000000000000000000 ) ) ;
#4490 = B_SPLINE_CURVE_WITH_KNOTS ( 'NONE', 3,
 ( #1041, #9486, #278, #5319 ),
 .UNSPECIFIED., .F., .F.,
 ( 4, 4 ),
 ( 0.000000000000000000, 1.000000000000000000 ),
 .UNSPECIFIED. ) ;
#4491 = CARTESIAN_POINT ( 'NONE',  ( 0.9950587357664656407, 0.6500000000000001332, -2.293438055039646706 ) ) ;
#4492 = LINE ( 'NONE', #8446, #7547 ) ;
#4493 = CARTESIAN_POINT ( 'NONE',  ( -0.1500000000000000222, 0.2013968330000001083, -2.373754228000000133 ) ) ;
#4494 = VECTOR ( 'NONE', #3360, 1000.000000000000000 ) ;
#4495 = CARTESIAN_POINT ( 'NONE',  ( 2.293438055003957921, 0.7000000000000005107, 0.9950587358843001606 ) ) ;
#4496 = LINE ( 'NONE', #4440, #3513 ) ;
#4497 = VERTEX_POINT ( 'NONE', #8839 ) ;
#4498 = B_SPLINE_SURFACE_WITH_KNOTS ( 'NONE', 3, 3, ( 
 ( #9636, #6251, #5478, #429 ),
 ( #9578, #10574, #2064, #533 ),
 ( #7017, #1301, #3766, #3876 ),
 ( #3049, #8868, #7232, #6360 ),
 ( #7176, #5422, #7123, #9687 ),
 ( #7998, #2171, #4763, #10517 ),
 ( #8762, #10462, #8814, #4652 ) ),
 .UNSPECIFIED., .F., .F., .F.,
 ( 4, 3, 4 ),
 ( 4, 4 ),
 ( -0.007957291313095781957, 0.4999999999999991118, 1.007957357998429782 ),
 ( 0.05328457583229679467, 0.8299065093923129188 ),
 .UNSPECIFIED. ) ;
#4499 = CARTESIAN_POINT ( 'NONE',  ( 1.778526046999999721, 1.172109290999999942, 0.9518774840000000514 ) ) ;
#4500 = DIRECTION ( 'NONE',  ( 0.000000000000000000, 0.000000000000000000, 1.000000000000000000 ) ) ;
#4501 = ORIENTED_EDGE ( 'NONE', *, *, #8824, .F. ) ;
#4502 = PLANE ( 'NONE',  #9665 ) ;
#4503 = DIRECTION ( 'NONE',  ( 0.000000000000000000, -1.000000000000000000, -0.000000000000000000 ) ) ;
#4504 = FACE_OUTER_BOUND ( 'NONE', #4797, .T. ) ;
#4505 = CARTESIAN_POINT ( 'NONE',  ( 0.6000000000000000888, 0.1901880480000000817, 1.620188048000000380 ) ) ;
#4506 = CARTESIAN_POINT ( 'NONE',  ( 2.304255683727372439, 0.6989299600739288243, -0.9803026152131397719 ) ) ;
#4507 = EDGE_CURVE ( 'NONE', #1272, #6603, #8787, .T. ) ;
#4508 = CARTESIAN_POINT ( 'NONE',  ( -2.323820441902626488, 0.6450000000000001288, -0.8785042870000000503 ) ) ;
#4509 = CARTESIAN_POINT ( 'NONE',  ( 0.9269562990000003166, 1.199999999999999956, 1.677118664000000203 ) ) ;
#4510 = FACE_OUTER_BOUND ( 'NONE', #3613, .T. ) ;
#4511 = FACE_OUTER_BOUND ( 'NONE', #6453, .T. ) ;
#4512 = VERTEX_POINT ( 'NONE', #352 ) ;
#4513 = AXIS2_PLACEMENT_3D ( 'NONE', #2083, #6057, #3574 ) ;
#4514 = B_SPLINE_CURVE_WITH_KNOTS ( 'NONE', 3,
 ( #6662, #4796, #9995, #3142 ),
 .UNSPECIFIED., .F., .F.,
 ( 4, 4 ),
 ( 0.000000000000000000, 1.000000000000000000 ),
 .UNSPECIFIED. ) ;
#4515 = CARTESIAN_POINT ( 'NONE',  ( 2.349999999999999645, -0.05000000000000000971, -0.1999999999999998723 ) ) ;
#4516 = CARTESIAN_POINT ( 'NONE',  ( -1.280665334000000044, 0.8000000000000000444, 1.865962600999999887 ) ) ;
#4517 = CARTESIAN_POINT ( 'NONE',  ( -2.174999999999999822, 0.3499999999888889213, -1.250000000000000000 ) ) ;
#4518 = CARTESIAN_POINT ( 'NONE',  ( -1.758367868000000112, 1.199997949999999980, -0.8815400110000001233 ) ) ;
#4519 = CARTESIAN_POINT ( 'NONE',  ( -1.284959311912599933, 1.128210276446599991, 1.594349838632300065 ) ) ;
#4520 = DIRECTION ( 'NONE',  ( 0.000000000000000000, 0.000000000000000000, -1.000000000000000000 ) ) ;
#4521 = CARTESIAN_POINT ( 'NONE',  ( -0.9950587360000001658, 0.7000000000000000666, 2.293438055000000197 ) ) ;
#4522 = VECTOR ( 'NONE', #2273, 1000.000000000000000 ) ;
#4523 = CARTESIAN_POINT ( 'NONE',  ( 0.9701547040393397880, 0.6969612823729584017, 2.311466508457380886 ) ) ;
#4524 = CARTESIAN_POINT ( 'NONE',  ( -1.000000000000597966, 1.500000000000000000, 5.510910596170412403E-17 ) ) ;
#4525 = ORIENTED_EDGE ( 'NONE', *, *, #9087, .T. ) ;
#4526 = CARTESIAN_POINT ( 'NONE',  ( 1.583059825884000071, 1.200000041005999663, -1.079780866545600349 ) ) ;
#4527 = CARTESIAN_POINT ( 'NONE',  ( -1.400000000079012263, 0.7000000000000000666, 2.174999999999999822 ) ) ;
#4528 = AXIS2_PLACEMENT_3D ( 'NONE', #876, #4325, #7510 ) ;
#4529 = EDGE_CURVE ( 'NONE', #5063, #471, #7045, .T. ) ;
#4530 = ORIENTED_EDGE ( 'NONE', *, *, #9231, .T. ) ;
#4531 = EDGE_CURVE ( 'NONE', #3991, #4006, #10479, .T. ) ;
#4532 = VERTEX_POINT ( 'NONE', #10705 ) ;
#4533 = SURFACE_STYLE_USAGE ( .BOTH. , #4366 ) ;
#4534 = CARTESIAN_POINT ( 'NONE',  ( -0.1497758240000000018, 0.09092030000000002332, -2.317093701000000117 ) ) ;
#4535 = CARTESIAN_POINT ( 'NONE',  ( 1.532177300010045373, 0.6400000000000001243, 1.543715557132830929 ) ) ;
#4536 = CARTESIAN_POINT ( 'NONE',  ( -1.171915320424971485, 1.199999999999999734, 0.3004056772135168529 ) ) ;
#4537 = CARTESIAN_POINT ( 'NONE',  ( 0.4223500576628108072, 1.100000000000000089, 1.123439598015505636 ) ) ;
#4538 = ORIENTED_EDGE ( 'NONE', *, *, #2377, .F. ) ;
#4539 = CARTESIAN_POINT ( 'NONE',  ( -1.284487700000000121, 1.129510422000000069, -1.593685414000000078 ) ) ;
#4540 = EDGE_CURVE ( 'NONE', #9672, #10132, #4786, .T. ) ;
#4541 = ORIENTED_EDGE ( 'NONE', *, *, #3920, .F. ) ;
#4542 = CARTESIAN_POINT ( 'NONE',  ( 1.750000000000000000, 0.6500000000000001332, -1.750000000000000000 ) ) ;
#4543 = AXIS2_PLACEMENT_3D ( 'NONE', #84, #5908, #3474 ) ;
#4544 = CARTESIAN_POINT ( 'NONE',  ( 0.000000000000000000, 0.1901880480000000817, 2.314188048000000109 ) ) ;
#4545 = LINE ( 'NONE', #6711, #5254 ) ;
#4546 = CARTESIAN_POINT ( 'NONE',  ( -1.399999999999999911, 0.8000000000000000444, -2.399999999999999911 ) ) ;
#4547 = CARTESIAN_POINT ( 'NONE',  ( -0.1500441841518983521, 0.2011090983015109968, -2.373602893231676170 ) ) ;
#4548 = CARTESIAN_POINT ( 'NONE',  ( -1.724795526070372453, 0.8242093127915658402, -1.435786778280714104 ) ) ;
#4549 = DIRECTION ( 'NONE',  ( 0.000000000000000000, 0.000000000000000000, 1.000000000000000000 ) ) ;
#4550 = VECTOR ( 'NONE', #6262, 1000.000000000000000 ) ;
#4551 = EDGE_LOOP ( 'NONE', ( #1678, #8430, #881, #8197, #9012, #105, #2442, #9723, #10271, #9151, #5461, #10033, #9189 ) ) ;
#4552 = CARTESIAN_POINT ( 'NONE',  ( 1.700895289973799684, 1.200000020826199831, 0.8815263453352004674 ) ) ;
#4553 = DIRECTION ( 'NONE',  ( -1.000000000000000000, 0.000000000000000000, 0.000000000000000000 ) ) ;
#4554 = VERTEX_POINT ( 'NONE', #7417 ) ;
#4555 = DIRECTION ( 'NONE',  ( -0.000000000000000000, -1.000000000000000000, -0.000000000000000000 ) ) ;
#4556 = EDGE_CURVE ( 'NONE', #385, #873, #9056, .T. ) ;
#4557 = FACE_OUTER_BOUND ( 'NONE', #8383, .T. ) ;
#4558 = FACE_OUTER_BOUND ( 'NONE', #9240, .T. ) ;
#4559 = CARTESIAN_POINT ( 'NONE',  ( 2.298880717565045195, 0.6997469653344302598, -0.9876848218864453521 ) ) ;
#4560 = VECTOR ( 'NONE', #8833, 1000.000000000000000 ) ;
#4561 = CARTESIAN_POINT ( 'NONE',  ( 1.728828181867251734, 1.199999995441370704, -0.8996733872018688460 ) ) ;
#4562 = CARTESIAN_POINT ( 'NONE',  ( 0.9644397660000000316, 1.128834783999999924, 1.802130481999999922 ) ) ;
#4563 = DIRECTION ( 'NONE',  ( 0.000000000000000000, 0.000000000000000000, 1.000000000000000000 ) ) ;
#4564 = CARTESIAN_POINT ( 'NONE',  ( 2.331771387999999945, 0.6656046930000002471, 0.9180838960000000659 ) ) ;
#4565 = ORIENTED_EDGE ( 'NONE', *, *, #10225, .T. ) ;
#4566 = VECTOR ( 'NONE', #9594, 1000.000000000000000 ) ;
#4567 = LINE ( 'NONE', #8836, #2313 ) ;
#4568 = DIRECTION ( 'NONE',  ( 1.000000000000000000, -0.000000000000000000, 0.000000000000000000 ) ) ;
#4569 = EDGE_CURVE ( 'NONE', #3023, #1061, #4878, .T. ) ;
#4570 = VERTEX_POINT ( 'NONE', #10598 ) ;
#4571 = CARTESIAN_POINT ( 'NONE',  ( -0.9251165942121707397, 0.6772694141703476944, -2.337981905566824281 ) ) ;
#4572 = DIRECTION ( 'NONE',  ( 0.000000000000000000, 0.000000000000000000, -1.000000000000000000 ) ) ;
#4573 = CARTESIAN_POINT ( 'NONE',  ( -1.203649263530000235, 1.200000060689999870, 1.493294478159999938 ) ) ;
#4574 = DIRECTION ( 'NONE',  ( -0.000000000000000000, 1.000000000000000000, 0.000000000000000000 ) ) ;
#4575 = VECTOR ( 'NONE', #7835, 1000.000000000000000 ) ;
#4576 = VECTOR ( 'NONE', #4708, 1000.000000000000000 ) ;
#4577 = CARTESIAN_POINT ( 'NONE',  ( 0.9729208971670491035, 0.6975944332227943523, 2.309526112495331684 ) ) ;
#4578 = CARTESIAN_POINT ( 'NONE',  ( -1.117129161047307528, 0.8000000000929929911, 1.984642723021972088 ) ) ;
#4579 = ORIENTED_EDGE ( 'NONE', *, *, #1173, .T. ) ;
#4580 = CARTESIAN_POINT ( 'NONE',  ( 1.349614607000000133, 1.172453096000000139, -1.503095656000000169 ) ) ;
#4581 = CARTESIAN_POINT ( 'NONE',  ( 1.185090777999999956, 0.8092662699999999543, -1.907295357999999830 ) ) ;
#4582 = PRODUCT_DEFINITION_FORMATION_WITH_SPECIFIED_SOURCE ( 'ANY', '', #5372, .NOT_KNOWN. ) ;
#4583 = AXIS2_PLACEMENT_3D ( 'NONE', #1235, #5352, #5304 ) ;
#4584 = VERTEX_POINT ( 'NONE', #8238 ) ;
#4585 = EDGE_LOOP ( 'NONE', ( #3484, #3199, #5564, #7387 ) ) ;
#4586 = FACE_OUTER_BOUND ( 'NONE', #916, .T. ) ;
#4587 = DIRECTION ( 'NONE',  ( 0.000000000000000000, 0.000000000000000000, 1.000000000000000000 ) ) ;
#4588 = CARTESIAN_POINT ( 'NONE',  ( -1.750000000000000000, 0.6400000000000001243, -1.750000000000000000 ) ) ;
#4589 = PRODUCT_DEFINITION_SHAPE ( 'NONE', 'NONE',  #5546 ) ;
#4590 = AXIS2_PLACEMENT_3D ( 'NONE', #1107, #10151, #1921 ) ;
#4591 = EDGE_CURVE ( 'NONE', #7705, #4916, #9927, .T. ) ;
#4592 = CARTESIAN_POINT ( 'NONE',  ( 1.562888776423592807, 1.129272700271403362, 1.317151282136391099 ) ) ;
#4593 = PLANE ( 'NONE',  #10114 ) ;
#4594 = ORIENTED_EDGE ( 'NONE', *, *, #9322, .T. ) ;
#4595 = CARTESIAN_POINT ( 'NONE',  ( -1.554107880000000108, 1.199999999999999956, -1.121756681999999783 ) ) ;
#4596 = ORIENTED_EDGE ( 'NONE', *, *, #8754, .F. ) ;
#4597 = VERTEX_POINT ( 'NONE', #2310 ) ;
#4598 = DIRECTION ( 'NONE',  ( 0.000000000000000000, -1.000000000000000000, 0.000000000000000000 ) ) ;
#4599 = AXIS2_PLACEMENT_3D ( 'NONE', #6655, #4015, #7420 ) ;
#4600 = LINE ( 'NONE', #7781, #6826 ) ;
#4601 = DIRECTION ( 'NONE',  ( 0.000000000000000000, 1.000000000000000000, 0.000000000000000000 ) ) ;
#4602 = LINE ( 'NONE', #6199, #29 ) ;
#4603 = CARTESIAN_POINT ( 'NONE',  ( 1.400000000009876233, 0.7000000000000000666, 2.174999999999999822 ) ) ;
#4604 = ADVANCED_FACE ( 'NONE', ( #726 ), #10758, .T. ) ;
#4605 = EDGE_CURVE ( 'NONE', #9355, #6245, #9948, .T. ) ;
#4606 = CARTESIAN_POINT ( 'NONE',  ( -1.024999999999999911, 0.02000000000000000389, -0.8500000000703125114 ) ) ;
#4607 = LINE ( 'NONE', #7949, #4576 ) ;
#4608 = ORIENTED_EDGE ( 'NONE', *, *, #1510, .F. ) ;
#4609 = FACE_OUTER_BOUND ( 'NONE', #1891, .T. ) ;
#4610 = LINE ( 'NONE', #5429, #1750 ) ;
#4611 = ORIENTED_EDGE ( 'NONE', *, *, #3181, .F. ) ;
#4612 = ADVANCED_FACE ( 'NONE', ( #4951 ), #5781, .F. ) ;
#4613 = CARTESIAN_POINT ( 'NONE',  ( 0.7250000000000000888, 0.02000000000000000389, 1.350000000000000089 ) ) ;
#4614 = DIRECTION ( 'NONE',  ( 1.000000000000000000, 0.000000000000000000, -0.000000000000000000 ) ) ;
#4615 = FACE_OUTER_BOUND ( 'NONE', #2528, .T. ) ;
#4616 = DIRECTION ( 'NONE',  ( 0.000000000000000000, 1.000000000000000000, 9.035018104045859601E-17 ) ) ;
#4617 = EDGE_CURVE ( 'NONE', #2993, #2833, #10546, .T. ) ;
#4618 = CARTESIAN_POINT ( 'NONE',  ( -0.3170541103949806594, 1.099999999999999867, -1.158622664286930171 ) ) ;
#4619 = CARTESIAN_POINT ( 'NONE',  ( 0.9755248800000000386, 1.172138654999999918, 1.765471718999999773 ) ) ;
#4620 = DIRECTION ( 'NONE',  ( -0.000000000000000000, -1.000000000000000000, -9.035018104045859601E-17 ) ) ;
#4621 = CARTESIAN_POINT ( 'NONE',  ( 0.1499999825415490873, 0.2169135539442335336, 2.344252660106158626 ) ) ;
#4622 = EDGE_LOOP ( 'NONE', ( #7075, #4908, #5474, #2357 ) ) ;
#4623 = LINE ( 'NONE', #7857, #8268 ) ;
#4624 = CARTESIAN_POINT ( 'NONE',  ( -1.373796919999999977, 0.8000000000000000444, 1.816673792999999870 ) ) ;
#4625 = ORIENTED_EDGE ( 'NONE', *, *, #1069, .T. ) ;
#4626 = CARTESIAN_POINT ( 'NONE',  ( -0.8984187901499345319, 0.6595136693339015421, -2.346488534755765798 ) ) ;
#4627 = FACE_OUTER_BOUND ( 'NONE', #7476, .T. ) ;
#4628 = CARTESIAN_POINT ( 'NONE',  ( -1.020009777999999923, 1.199997963000000167, 1.682072991000000295 ) ) ;
#4629 = CARTESIAN_POINT ( 'NONE',  ( -1.000000000000000000, 0.7000000000000000666, 2.250000000000001776 ) ) ;
#4630 = ADVANCED_FACE ( 'NONE', ( #3024 ), #9711, .T. ) ;
#4631 = CARTESIAN_POINT ( 'NONE',  ( -1.942103571128826811, 0.8233152902040442589, 1.106843478249420309 ) ) ;
#4632 = CARTESIAN_POINT ( 'NONE',  ( 2.174999999999999822, 0.8000000000000001554, -1.875000000007691181 ) ) ;
#4633 = ORIENTED_EDGE ( 'NONE', *, *, #6810, .F. ) ;
#4634 = CARTESIAN_POINT ( 'NONE',  ( 1.354689820677199785, 1.200000040803999912, -1.354726759800400027 ) ) ;
#4635 = CARTESIAN_POINT ( 'NONE',  ( 1.430241494230978239, 0.8236401142068870973, -1.720783832009090020 ) ) ;
#4636 = ORIENTED_EDGE ( 'NONE', *, *, #1525, .T. ) ;
#4637 = ORIENTED_EDGE ( 'NONE', *, *, #2903, .T. ) ;
#4638 = CARTESIAN_POINT ( 'NONE',  ( -1.827066614999999672, 1.128708229999999979, 0.9157986500000006025 ) ) ;
#4639 = CARTESIAN_POINT ( 'NONE',  ( -0.1500470647782431444, 0.09267951380154516861, -2.327284658281578267 ) ) ;
#4640 = CARTESIAN_POINT ( 'NONE',  ( 0.7250000000000000888, 0.02000000000000000389, -1.350000000000000089 ) ) ;
#4641 = EDGE_CURVE ( 'NONE', #9227, #10781, #2200, .T. ) ;
#4642 = DIRECTION ( 'NONE',  ( -0.000000000000000000, -0.000000000000000000, -1.000000000000000000 ) ) ;
#4643 = DIRECTION ( 'NONE',  ( 0.000000000000000000, -0.9431887185047168609, 0.3322574924443840727 ) ) ;
#4644 = ORIENTED_EDGE ( 'NONE', *, *, #7205, .F. ) ;
#4645 = CARTESIAN_POINT ( 'NONE',  ( -1.689709630861200074, 1.128415206768200063, -1.152247184294000304 ) ) ;
#4646 = ORIENTED_EDGE ( 'NONE', *, *, #8336, .T. ) ;
#4647 = VERTEX_POINT ( 'NONE', #1382 ) ;
#4648 = LINE ( 'NONE', #7333, #9831 ) ;
#4649 = CARTESIAN_POINT ( 'NONE',  ( 0.3822868669983238155, 0.3500000000156771596, -2.349999999999999201 ) ) ;
#4650 = DIRECTION ( 'NONE',  ( 0.000000000000000000, 1.000000000000000000, 0.000000000000000000 ) ) ;
#4651 = CARTESIAN_POINT ( 'NONE',  ( -1.103685424203480148, 0.8293584063883342461, 1.939203338915009844 ) ) ;
#4652 = CARTESIAN_POINT ( 'NONE',  ( -0.9052386089999999719, 1.131981452999999860, 1.830075853000000086 ) ) ;
#4653 = DIRECTION ( 'NONE',  ( 0.000000000000000000, 1.000000000000000000, 0.000000000000000000 ) ) ;
#4654 = VECTOR ( 'NONE', #622, 1000.000000000000114 ) ;
#4655 = CARTESIAN_POINT ( 'NONE',  ( 2.348438054999999913, 0.6450000003100566648, -0.8785042874538353530 ) ) ;
#4656 = CYLINDRICAL_SURFACE ( 'NONE', #8946, 2.500000000000000000 ) ;
#4657 = VERTEX_POINT ( 'NONE', #4732 ) ;
#4658 = CARTESIAN_POINT ( 'NONE',  ( 1.951749099000000598, 0.8230413180000002438, 1.089814080999999879 ) ) ;
#4659 = CYLINDRICAL_SURFACE ( 'NONE', #10509, 0.3000000000000000444 ) ;
#4660 = VERTEX_POINT ( 'NONE', #9002 ) ;
#4661 = CARTESIAN_POINT ( 'NONE',  ( -2.349202828999999326, 0.6750097260000001986, 0.9184499900000000494 ) ) ;
#4662 = DIRECTION ( 'NONE',  ( -1.000000000000000000, -0.000000000000000000, -0.000000000000000000 ) ) ;
#4663 = CARTESIAN_POINT ( 'NONE',  ( 1.600000000087500096, 0.1000000000000000056, -2.299999999999999822 ) ) ;
#4664 = EDGE_CURVE ( 'NONE', #6618, #3059, #10020, .T. ) ;
#4665 = EDGE_CURVE ( 'NONE', #786, #6045, #614, .T. ) ;
#4666 = AXIS2_PLACEMENT_3D ( 'NONE', #4254, #7714, #7603 ) ;
#4667 = CARTESIAN_POINT ( 'NONE',  ( -0.4797369090310987239, 1.100000000000000089, 1.100191713393780857 ) ) ;
#4668 = CARTESIAN_POINT ( 'NONE',  ( -1.056608775844191106, 1.100000000000000089, -0.5719071971646729757 ) ) ;
#4669 = EDGE_LOOP ( 'NONE', ( #3375, #8479, #1679, #10821, #3280, #4276, #7482, #9658 ) ) ;
#4670 = CARTESIAN_POINT ( 'NONE',  ( 0.9932464051063997212, 1.200000041147400109, 1.637724146687200344 ) ) ;
#4671 = DIRECTION ( 'NONE',  ( 0.000000000000000000, -1.000000000000000000, -0.000000000000000000 ) ) ;
#4672 = DIRECTION ( 'NONE',  ( 0.000000000000000000, -0.000000000000000000, -1.000000000000000000 ) ) ;
#4673 = ORIENTED_EDGE ( 'NONE', *, *, #9088, .F. ) ;
#4674 = CARTESIAN_POINT ( 'NONE',  ( -0.9950587360812482851, 0.7000000000000000666, 2.293438054905877266 ) ) ;
#4675 = CARTESIAN_POINT ( 'NONE',  ( -1.740531306999999694, 0.8000000000000000444, 1.446621385999999676 ) ) ;
#4676 = ORIENTED_EDGE ( 'NONE', *, *, #140, .T. ) ;
#4677 = CARTESIAN_POINT ( 'NONE',  ( -0.9260349535363163742, 0.6778193806027760226, -2.337572942071909132 ) ) ;
#4678 = EDGE_CURVE ( 'NONE', #5739, #3455, #6772, .T. ) ;
#4679 = CARTESIAN_POINT ( 'NONE',  ( -0.9885414708647999316, 1.128462310767299970, 1.789144435164199853 ) ) ;
#4680 = CARTESIAN_POINT ( 'NONE',  ( 0.9892171826829713188, 1.012578220993386457, 1.870277125338656310 ) ) ;
#4681 = CARTESIAN_POINT ( 'NONE',  ( 0.9104022869007907248, 0.6678297009220696134, 2.343480734501352636 ) ) ;
#4682 = LINE ( 'NONE', #8190, #2197 ) ;
#4683 = EDGE_LOOP ( 'NONE', ( #5911, #10663, #7042, #9640, #2509, #8143, #8144, #9091, #1556 ) ) ;
#4684 = CARTESIAN_POINT ( 'NONE',  ( 1.355412177000000051, 1.199999999999999956, -1.355449136000000054 ) ) ;
#4685 = CARTESIAN_POINT ( 'NONE',  ( -1.355449136683163802, 1.199999999999961542, -1.355412177683144925 ) ) ;
#4686 = ORIENTED_EDGE ( 'NONE', *, *, #9427, .F. ) ;
#4687 = ORIENTED_EDGE ( 'NONE', *, *, #10792, .T. ) ;
#4688 = ADVANCED_FACE ( 'NONE', ( #2361 ), #5727, .T. ) ;
#4689 = CARTESIAN_POINT ( 'NONE',  ( -1.816058037330600339, 1.127887994716699982, 0.9389934778305000229 ) ) ;
#4690 = VECTOR ( 'NONE', #6396, 1000.000000000000000 ) ;
#4691 = CARTESIAN_POINT ( 'NONE',  ( -1.750000000000000000, 0.6400000000000001243, -1.750000000000000000 ) ) ;
#4692 = LINE ( 'NONE', #687, #10294 ) ;
#4693 = DIRECTION ( 'NONE',  ( 1.000000000000000000, 0.000000000000000000, -0.000000000000000000 ) ) ;
#4694 = VECTOR ( 'NONE', #2434, 1000.000000000000000 ) ;
#4695 = DIRECTION ( 'NONE',  ( 1.000000000000000000, 0.000000000000000000, -0.000000000000000000 ) ) ;
#4696 = ORIENTED_EDGE ( 'NONE', *, *, #9623, .T. ) ;
#4697 = CARTESIAN_POINT ( 'NONE',  ( -1.654817089000000241, 1.199997967000000054, -1.065069161000000042 ) ) ;
#4698 = ORIENTED_EDGE ( 'NONE', *, *, #309, .T. ) ;
#4699 = ORIENTED_EDGE ( 'NONE', *, *, #6889, .T. ) ;
#4700 = EDGE_CURVE ( 'NONE', #2991, #10457, #4361, .T. ) ;
#4701 = CARTESIAN_POINT ( 'NONE',  ( 1.907778954000000082, 0.9249010410000000348, 1.035724132999999769 ) ) ;
#4702 = CARTESIAN_POINT ( 'NONE',  ( 0.1500313765188287796, 0.1581823335776134098, 2.314830679905801603 ) ) ;
#4703 = LINE ( 'NONE', #3102, #9143 ) ;
#4704 = CARTESIAN_POINT ( 'NONE',  ( -1.696049994649870163, 1.199999999999999734, -0.2972099569873390967 ) ) ;
#4705 = DIRECTION ( 'NONE',  ( -0.000000000000000000, -0.000000000000000000, 1.000000000000000000 ) ) ;
#4706 = CARTESIAN_POINT ( 'NONE',  ( -1.154885930219576418, 1.129332228506445990, 1.685657997041335454 ) ) ;
#4707 = FACE_OUTER_BOUND ( 'NONE', #1334, .T. ) ;
#4708 = DIRECTION ( 'NONE',  ( -0.000000000000000000, -1.000000000000000000, -0.000000000000000000 ) ) ;
#4709 = EDGE_LOOP ( 'NONE', ( #9536, #7491, #3316, #7505 ) ) ;
#4710 = CARTESIAN_POINT ( 'NONE',  ( 1.430091556526476460, 0.8239825754409018099, 1.720628604589197419 ) ) ;
#4711 = CARTESIAN_POINT ( 'NONE',  ( 1.847946645999999804, 0.8211772470000000546, -1.274317539000000332 ) ) ;
#4712 = ORIENTED_EDGE ( 'NONE', *, *, #7706, .T. ) ;
#4713 = AXIS2_PLACEMENT_3D ( 'NONE', #4985, #8331, #1746 ) ;
#4714 = LINE ( 'NONE', #3886, #1489 ) ;
#4715 = CARTESIAN_POINT ( 'NONE',  ( -2.303587880156222401, 0.6990553517174585840, 0.9812253326017834620 ) ) ;
#4716 = DIRECTION ( 'NONE',  ( 0.000000000000000000, 1.000000000000000000, 0.000000000000000000 ) ) ;
#4717 = CARTESIAN_POINT ( 'NONE',  ( 2.325932375532545393, 0.6893747578374040952, -0.9480694454692228934 ) ) ;
#4718 = CARTESIAN_POINT ( 'NONE',  ( -1.449663596300782231, 1.129588098492513737, -1.440988925217231209 ) ) ;
#4719 = VECTOR ( 'NONE', #6224, 1000.000000000000000 ) ;
#4720 = CARTESIAN_POINT ( 'NONE',  ( -1.000000000000000000, 0.7000000000000000666, 2.399999999999999911 ) ) ;
#4721 = EDGE_CURVE ( 'NONE', #7214, #7755, #891, .T. ) ;
#4722 = ORIENTED_EDGE ( 'NONE', *, *, #1637, .F. ) ;
#4723 = CARTESIAN_POINT ( 'NONE',  ( 0.9042347560441998944, 1.200000020654499844, 1.689022646250499582 ) ) ;
#4724 = DIRECTION ( 'NONE',  ( 1.000000000000000000, -0.000000000000000000, 0.000000000000000000 ) ) ;
#4725 = CARTESIAN_POINT ( 'NONE',  ( 0.000000000000000000, 0.09018804800000002064, -1.620188048000000602 ) ) ;
#4726 = VERTEX_POINT ( 'NONE', #10814 ) ;
#4727 = DIRECTION ( 'NONE',  ( -0.000000000000000000, -1.000000000000000000, -0.000000000000000000 ) ) ;
#4728 = CARTESIAN_POINT ( 'NONE',  ( -1.951748821000000245, 0.8230413210000000479, 1.089814564000000097 ) ) ;
#4729 = DIRECTION ( 'NONE',  ( 0.000000000000000000, 0.000000000000000000, 1.000000000000000000 ) ) ;
#4730 = ORIENTED_EDGE ( 'NONE', *, *, #1781, .T. ) ;
#4731 = CIRCLE ( 'NONE', #2445, 2.500000000000000000 ) ;
#4732 = CARTESIAN_POINT ( 'NONE',  ( -1.750000000000000000, 0.6500000000000001332, 2.049999999999999822 ) ) ;
#4733 = CARTESIAN_POINT ( 'NONE',  ( -1.037129004799999921, 1.200000040659999989, 1.611242661460000392 ) ) ;
#4734 = CARTESIAN_POINT ( 'NONE',  ( -0.9383465741442793551, 0.6847125379308690585, 2.331495709890244239 ) ) ;
#4735 = VECTOR ( 'NONE', #7302, 1000.000000000000000 ) ;
#4736 = EDGE_CURVE ( 'NONE', #751, #5362, #5771, .T. ) ;
#4737 = ADVANCED_FACE ( 'NONE', ( #7469 ), #7523, .F. ) ;
#4738 = CARTESIAN_POINT ( 'NONE',  ( 0.9048748172683253044, 0.6640536880804104314, 2.345050208115982304 ) ) ;
#4739 = CARTESIAN_POINT ( 'NONE',  ( -0.9561791889999999849, 0.6500000000000001332, -2.296057939999999853 ) ) ;
#4740 = ORIENTED_EDGE ( 'NONE', *, *, #1053, .F. ) ;
#4741 = CARTESIAN_POINT ( 'NONE',  ( 1.267610252999999743, 1.172417748000000204, -1.572784278000000757 ) ) ;
#4742 = CARTESIAN_POINT ( 'NONE',  ( 1.907298987999999973, 0.8092662499999999648, -1.185084472000000000 ) ) ;
#4743 = EDGE_CURVE ( 'NONE', #6851, #3471, #9249, .T. ) ;
#4744 = DIRECTION ( 'NONE',  ( 0.000000000000000000, 0.000000000000000000, -1.000000000000000000 ) ) ;
#4745 = ORIENTED_EDGE ( 'NONE', *, *, #6382, .F. ) ;
#4746 = ORIENTED_EDGE ( 'NONE', *, *, #3321, .T. ) ;
#4747 = CARTESIAN_POINT ( 'NONE',  ( -1.758367794000000872, 1.199997949999999980, 0.8815401620000000715 ) ) ;
#4748 = AXIS2_PLACEMENT_3D ( 'NONE', #10804, #6640, #4942 ) ;
#4749 = CARTESIAN_POINT ( 'NONE',  ( -0.7250000001859373544, 0.000000000000000000, -2.299999999999999822 ) ) ;
#4750 = FACE_OUTER_BOUND ( 'NONE', #2466, .T. ) ;
#4751 = ADVANCED_FACE ( 'NONE', ( #2585 ), #999, .T. ) ;
#4752 = DIRECTION ( 'NONE',  ( 1.000000000000000000, -0.000000000000000000, 0.000000000000000000 ) ) ;
#4753 = VECTOR ( 'NONE', #3255, 1000.000000000000000 ) ;
#4754 = CARTESIAN_POINT ( 'NONE',  ( 1.000000000000000000, 0.7000000000000002887, -2.399999999999999911 ) ) ;
#4755 = ORIENTED_EDGE ( 'NONE', *, *, #3285, .T. ) ;
#4756 = ORIENTED_EDGE ( 'NONE', *, *, #8709, .T. ) ;
#4757 = ORIENTED_EDGE ( 'NONE', *, *, #4531, .T. ) ;
#4758 = PLANE ( 'NONE',  #5116 ) ;
#4759 = CARTESIAN_POINT ( 'NONE',  ( 0.1500313765188287796, 0.09257776286769679730, 2.326695224854385735 ) ) ;
#4760 = CARTESIAN_POINT ( 'NONE',  ( 1.688569075500999883, 1.200000041308999954, -0.9039933280883998279 ) ) ;
#4761 = CARTESIAN_POINT ( 'NONE',  ( -1.696049974548434092, 1.199999999999989297, 0.8916291299669070192 ) ) ;
#4762 = AXIS2_PLACEMENT_3D ( 'NONE', #6079, #9565, #9360 ) ;
#4763 = CARTESIAN_POINT ( 'NONE',  ( -1.158921607999999770, 1.027568332999999834, 1.771521321999999676 ) ) ;
#4764 = CARTESIAN_POINT ( 'NONE',  ( 0.8785042870000000503, 0.6450000000000001288, -2.315104722000000059 ) ) ;
#4765 = ADVANCED_FACE ( 'NONE', ( #1817 ), #5840, .T. ) ;
#4766 = LINE ( 'NONE', #8925, #4826 ) ;
#4767 = DIRECTION ( 'NONE',  ( -1.000000000000000000, -0.000000000000000000, -0.000000000000000000 ) ) ;
#4768 = CARTESIAN_POINT ( 'NONE',  ( 1.653447311000000974, 0.8235000550000000086, 1.507762634999999740 ) ) ;
#4769 = CARTESIAN_POINT ( 'NONE',  ( 2.299999999999999822, 0.7000000000000000666, 2.174999999999999378 ) ) ;
#4770 = VERTEX_POINT ( 'NONE', #3351 ) ;
#4771 = VECTOR ( 'NONE', #7579, 1000.000000000000000 ) ;
#4772 = LINE ( 'NONE', #8064, #6575 ) ;
#4773 = CARTESIAN_POINT ( 'NONE',  ( -2.327568454252098018, 0.6881290603529242045, 0.9453145643876323945 ) ) ;
#4774 = DIRECTION ( 'NONE',  ( 0.000000000000000000, 0.000000000000000000, 1.000000000000000000 ) ) ;
#4775 = CARTESIAN_POINT ( 'NONE',  ( 2.319574723433039498, 0.6933977391707824012, -0.9581811914868505475 ) ) ;
#4776 = DIRECTION ( 'NONE',  ( 1.000000000000000000, 9.035018104045853438E-17, 0.000000000000000000 ) ) ;
#4777 = EDGE_CURVE ( 'NONE', #9357, #5265, #4275, .T. ) ;
#4778 = LINE ( 'NONE', #4720, #6162 ) ;
#4779 = VERTEX_POINT ( 'NONE', #834 ) ;
#4780 = LINE ( 'NONE', #7140, #5084 ) ;
#4781 = LINE ( 'NONE', #3784, #6964 ) ;
#4782 = VERTEX_POINT ( 'NONE', #6813 ) ;
#4783 = CARTESIAN_POINT ( 'NONE',  ( 0.1500441835724812545, 0.2167406823478813249, 2.344161738331132838 ) ) ;
#4784 = CARTESIAN_POINT ( 'NONE',  ( -1.000000000000000000, 0.7000000000000000666, -2.399999999999999911 ) ) ;
#4785 = ORIENTED_EDGE ( 'NONE', *, *, #5949, .T. ) ;
#4786 = LINE ( 'NONE', #3131, #673 ) ;
#4787 = CARTESIAN_POINT ( 'NONE',  ( -0.9262240047600002191, 1.200000061289999698, 1.675780631699999912 ) ) ;
#4788 = CARTESIAN_POINT ( 'NONE',  ( -0.9218181251544500521, 0.6752524481344741591, 2.339390890392552436 ) ) ;
#4789 = ADVANCED_FACE ( 'NONE', ( #6757 ), #6871, .T. ) ;
#4790 = PLANE ( 'NONE',  #7730 ) ;
#4791 = CARTESIAN_POINT ( 'NONE',  ( 0.9002636053520290949, 0.6608220469696107768, 2.346117515499418715 ) ) ;
#4792 = DIRECTION ( 'NONE',  ( -0.000000000000000000, -1.000000000000000000, -0.000000000000000000 ) ) ;
#4793 = VERTEX_POINT ( 'NONE', #7584 ) ;
#4794 = CARTESIAN_POINT ( 'NONE',  ( 1.533932219999999846, 1.199997976999999993, -1.236408846999999867 ) ) ;
#4795 = CARTESIAN_POINT ( 'NONE',  ( 1.720876249999999663, 0.8234688700000000194, -1.430297261000000875 ) ) ;
#4796 = CARTESIAN_POINT ( 'NONE',  ( -1.904057601480081852, 0.9225078316714027116, -1.045670040463204886 ) ) ;
#4797 = EDGE_LOOP ( 'NONE', ( #7494, #7634, #10051, #8643 ) ) ;
#4798 = EDGE_LOOP ( 'NONE', ( #4129, #1916, #1394, #2964, #2825 ) ) ;
#4799 = CARTESIAN_POINT ( 'NONE',  ( -1.700900026410000043, 1.200000020619999885, 0.8815282915400000086 ) ) ;
#4800 = EDGE_CURVE ( 'NONE', #8355, #4284, #5945, .T. ) ;
#4801 = DIRECTION ( 'NONE',  ( -0.000000000000000000, -0.000000000000000000, -1.000000000000000000 ) ) ;
#4802 = EDGE_CURVE ( 'NONE', #2018, #5969, #10038, .T. ) ;
#4803 = CARTESIAN_POINT ( 'NONE',  ( 1.102127804942468758, 0.8324359388526573200, -1.937836514151534351 ) ) ;
#4804 = CARTESIAN_POINT ( 'NONE',  ( 0.9722812142052729145, 0.6500000000000001332, 2.294948298254239294 ) ) ;
#4805 = CARTESIAN_POINT ( 'NONE',  ( 2.449999999999999734, 0.3500000000000000333, -1.250000000000000000 ) ) ;
#4806 = VERTEX_POINT ( 'NONE', #2640 ) ;
#4807 = ORIENTED_EDGE ( 'NONE', *, *, #6762, .T. ) ;
#4808 = ORIENTED_EDGE ( 'NONE', *, *, #3985, .T. ) ;
#4809 = CARTESIAN_POINT ( 'NONE',  ( 1.946645606000001028, 0.8213205660000000297, 1.100992135000000038 ) ) ;
#4810 = DIRECTION ( 'NONE',  ( 0.000000000000000000, 0.000000000000000000, 1.000000000000000000 ) ) ;
#4811 = CARTESIAN_POINT ( 'NONE',  ( 0.2988264455571612022, 1.100000000000000089, -1.172107760497125062 ) ) ;
#4812 = EDGE_CURVE ( 'NONE', #5507, #7001, #1656, .T. ) ;
#4813 = DIRECTION ( 'NONE',  ( 0.000000000000000000, 0.000000000000000000, 1.000000000000000000 ) ) ;
#4814 = CARTESIAN_POINT ( 'NONE',  ( -1.651859966837455174, 1.199999999999960876, 0.9718178664903409647 ) ) ;
#4815 = CARTESIAN_POINT ( 'NONE',  ( -2.349999999999999645, 0.04999999999999998890, 0.4999999999999998890 ) ) ;
#4816 = LINE ( 'NONE', #3694, #9647 ) ;
#4817 = VECTOR ( 'NONE', #9085, 1000.000000000000000 ) ;
#4818 = CARTESIAN_POINT ( 'NONE',  ( 1.790032034000000216, 0.8091525199999999307, 1.353670383999999949 ) ) ;
#4819 = LINE ( 'NONE', #8165, #9110 ) ;
#4820 = ORIENTED_EDGE ( 'NONE', *, *, #9526, .T. ) ;
#4821 = CARTESIAN_POINT ( 'NONE',  ( -2.305050343999999640, 0.6666666670000001016, 0.9558291580000002341 ) ) ;
#4822 = CARTESIAN_POINT ( 'NONE',  ( -2.310823481376511168, 0.6971843866404944245, 0.9710765683674610349 ) ) ;
#4823 = LINE ( 'NONE', #601, #1903 ) ;
#4824 = CARTESIAN_POINT ( 'NONE',  ( 2.345913800781644465, 0.6614710687163944947, -0.9011857574896898759 ) ) ;
#4825 = CARTESIAN_POINT ( 'NONE',  ( 1.089707823468321735, 0.8233781988957304954, 1.951561418293076500 ) ) ;
#4826 = VECTOR ( 'NONE', #9959, 1000.000000000000000 ) ;
#4827 = CARTESIAN_POINT ( 'NONE',  ( 1.870278964657208665, 1.012578683735400498, 0.9892130902907209089 ) ) ;
#4828 = DIRECTION ( 'NONE',  ( -1.000000000000000000, -0.000000000000000000, 0.000000000000000000 ) ) ;
#4829 = VERTEX_POINT ( 'NONE', #6920 ) ;
#4830 = B_SPLINE_SURFACE_WITH_KNOTS ( 'NONE', 3, 3, ( 
 ( #9426, #6910, #3444, #10197, #1694, #3390, #6799 ),
 ( #935, #56, #2735, #4162, #4988, #6093, #6743 ),
 ( #10026, #10079, #7621, #10138, #2625, #9637, #8815 ),
 ( #5317, #8658, #1254, #3820, #3717, #2065, #8605 ),
 ( #275, #3767, #6149, #8708, #9484, #7018, #5367 ),
 ( #7946, #1145, #430, #4493, #4547, #6252, #7836 ),
 ( #379, #4438, #2123, #7124, #327, #2889, #1303 ) ),
 .UNSPECIFIED., .F., .F., .F.,
 ( 4, 3, 4 ),
 ( 4, 3, 4 ),
 ( -0.005000000000000000971, 0.000000000000000000, 1.000000000000000000 ),
 ( 0.000000000000000000, 1.000000000000000000, 1.024142379608622200 ),
 .UNSPECIFIED. ) ;
#4831 = CARTESIAN_POINT ( 'NONE',  ( 1.151967217000000376, 1.129284466999999959, 1.689245386000000071 ) ) ;
#4832 = CARTESIAN_POINT ( 'NONE',  ( -1.102131820021002184, 0.8324370122780239134, -1.937835207449339903 ) ) ;
#4833 = CARTESIAN_POINT ( 'NONE',  ( 0.000000000000000000, 0.09018804800000002064, -1.620188048000000824 ) ) ;
#4834 = VERTEX_POINT ( 'NONE', #9540 ) ;
#4835 = DIRECTION ( 'NONE',  ( -1.224646799147353207E-16, 0.000000000000000000, -1.000000000000000000 ) ) ;
#4836 = AXIS2_PLACEMENT_3D ( 'NONE', #9062, #1496, #2205 ) ;
#4837 = CARTESIAN_POINT ( 'NONE',  ( -1.790034034999999912, 0.8091525189999999590, 1.353667737999999954 ) ) ;
#4838 = ORIENTED_EDGE ( 'NONE', *, *, #6084, .F. ) ;
#4839 = CARTESIAN_POINT ( 'NONE',  ( 0.9223949866034328871, 1.128615981232784726, 1.823793471519853382 ) ) ;
#4840 = ADVANCED_FACE ( 'NONE', ( #286 ), #339, .T. ) ;
#4841 = CARTESIAN_POINT ( 'NONE',  ( -0.6000000000000000888, 0.8000000000000000444, -2.449999999999999734 ) ) ;
#4842 = CARTESIAN_POINT ( 'NONE',  ( -0.9438540830027267736, 0.6874568623335023387, 2.328428021669758596 ) ) ;
#4843 = DIRECTION ( 'NONE',  ( 0.000000000000000000, 0.000000000000000000, 1.000000000000000000 ) ) ;
#4844 = CARTESIAN_POINT ( 'NONE',  ( 0.8984187901573218449, 0.6595136693391531191, 2.346488534754328725 ) ) ;
#4845 = CARTESIAN_POINT ( 'NONE',  ( -0.3000000000144261714, 0.3500000000000001443, 2.349999999999999645 ) ) ;
#4846 = B_SPLINE_CURVE_WITH_KNOTS ( 'NONE', 3,
 ( #304, #4420, #6279, #4578 ),
 .UNSPECIFIED., .F., .F.,
 ( 4, 4 ),
 ( 3.647319713453455489E-05, 1.000000000000000000 ),
 .UNSPECIFIED. ) ;
#4847 = VERTEX_POINT ( 'NONE', #2801 ) ;
#4848 = CARTESIAN_POINT ( 'NONE',  ( 1.091999445999999763, 1.172271964000000333, -1.696816704000001064 ) ) ;
#4849 = CARTESIAN_POINT ( 'NONE',  ( 1.653462599999999894, 0.8235000510000000107, -1.507745866999999906 ) ) ;
#4850 = CARTESIAN_POINT ( 'NONE',  ( -2.331771387999999945, 0.6450000000000001288, -0.8785042870000000503 ) ) ;
#4851 = ORIENTED_EDGE ( 'NONE', *, *, #1341, .T. ) ;
#4852 = ORIENTED_EDGE ( 'NONE', *, *, #10689, .F. ) ;
#4853 = CARTESIAN_POINT ( 'NONE',  ( -1.775866939443999870, 1.128527169459200952, 1.012612461792499863 ) ) ;
#4854 = DIRECTION ( 'NONE',  ( 0.000000000000000000, 1.000000000000000000, -0.000000000000000000 ) ) ;
#4855 = PLANE ( 'NONE',  #3292 ) ;
#4856 = CARTESIAN_POINT ( 'NONE',  ( -1.543715557129888394, 0.6400000000000001243, 1.532177300012677934 ) ) ;
#4857 = ADVANCED_FACE ( 'NONE', ( #1920 ), #3620, .F. ) ;
#4858 = DIRECTION ( 'NONE',  ( -0.000000000000000000, -0.000000000000000000, 1.000000000000000000 ) ) ;
#4859 = EDGE_CURVE ( 'NONE', #2668, #4829, #3567, .T. ) ;
#4860 = ORIENTED_EDGE ( 'NONE', *, *, #1111, .F. ) ;
#4861 = VECTOR ( 'NONE', #3896, 1000.000000000000000 ) ;
#4862 = VERTEX_POINT ( 'NONE', #10262 ) ;
#4863 = EDGE_LOOP ( 'NONE', ( #1754, #1757, #3493, #5103 ) ) ;
#4864 = CARTESIAN_POINT ( 'NONE',  ( 1.830075853000000086, 1.131981452999999860, 0.9052386089999999719 ) ) ;
#4865 = CARTESIAN_POINT ( 'NONE',  ( 1.734384211999999703, 1.199997954999999950, -0.9283799420000000691 ) ) ;
#4866 = CARTESIAN_POINT ( 'NONE',  ( 0.000000000000000000, 0.6500000000000001332, 0.000000000000000000 ) ) ;
#4867 = CARTESIAN_POINT ( 'NONE',  ( 0.8785042870000000503, 0.6450000000000001288, -2.348438054999999913 ) ) ;
#4868 = AXIS2_PLACEMENT_3D ( 'NONE', #4149, #4260, #7497 ) ;
#4869 = CARTESIAN_POINT ( 'NONE',  ( 0.9269163975386481846, 0.6783540623465298403, -2.337189275228508833 ) ) ;
#4870 = CARTESIAN_POINT ( 'NONE',  ( 1.600000000087500096, 0.000000000000000000, -2.299999999999999822 ) ) ;
#4871 = EDGE_CURVE ( 'NONE', #10232, #4300, #6976, .T. ) ;
#4872 = ADVANCED_FACE ( 'NONE', ( #5273 ), #8617, .T. ) ;
#4873 = CARTESIAN_POINT ( 'NONE',  ( 1.507601345993062170, 0.8238429278129093536, 1.653304057887328149 ) ) ;
#4874 = DIRECTION ( 'NONE',  ( 0.000000000000000000, 0.9431887185515800409, 0.3322574923113522649 ) ) ;
#4875 = ORIENTED_EDGE ( 'NONE', *, *, #7351, .T. ) ;
#4876 = CARTESIAN_POINT ( 'NONE',  ( -0.9886689450024002124, 1.128025583453800218, -1.789382616712200447 ) ) ;
#4877 = LINE ( 'NONE', #3113, #2561 ) ;
#4878 = CIRCLE ( 'NONE', #5765, 0.2999999999999999334 ) ;
#4879 = CARTESIAN_POINT ( 'NONE',  ( -1.000000000000597966, 1.500000000000000000, 1.198016373758627971E-16 ) ) ;
#4880 = CARTESIAN_POINT ( 'NONE',  ( 2.314018341065668949, 0.6960089780495095635, -0.9664682029017427345 ) ) ;
#4881 = CARTESIAN_POINT ( 'NONE',  ( 9.184850993605147205E-18, 0.09018804800000002064, -2.164188048000000197 ) ) ;
#4882 = LINE ( 'NONE', #1855, #4355 ) ;
#4883 = PLANE ( 'NONE',  #7369 ) ;
#4884 = VECTOR ( 'NONE', #10194, 1000.000000000000000 ) ;
#4885 = ORIENTED_EDGE ( 'NONE', *, *, #6957, .F. ) ;
#4886 = EDGE_CURVE ( 'NONE', #4080, #4475, #2076, .T. ) ;
#4887 = CARTESIAN_POINT ( 'NONE',  ( 1.466023690999999740, 1.199997980000000020, 1.316356985000000090 ) ) ;
#4888 = FACE_OUTER_BOUND ( 'NONE', #2291, .T. ) ;
#4889 = CARTESIAN_POINT ( 'NONE',  ( 2.299999999999999822, 0.8000000000000000444, -2.399999999999999911 ) ) ;
#4890 = ORIENTED_EDGE ( 'NONE', *, *, #9337, .F. ) ;
#4891 = CARTESIAN_POINT ( 'NONE',  ( 0.1445161610000000318, 0.2401880480000000151, 2.416666666999999435 ) ) ;
#4892 = CARTESIAN_POINT ( 'NONE',  ( -1.899451187193478718, 0.8238326667848148155, 1.180616144986458060 ) ) ;
#4893 = DIRECTION ( 'NONE',  ( -0.000000000000000000, -0.000000000000000000, -1.000000000000000000 ) ) ;
#4894 = CARTESIAN_POINT ( 'NONE',  ( 1.875000000000000000, 0.8000000000000003775, 1.875000000000000000 ) ) ;
#4895 = LINE ( 'NONE', #4121, #6508 ) ;
#4896 = CARTESIAN_POINT ( 'NONE',  ( -0.9163017070854697632, 0.6717360976675951223, 2.341507260616086938 ) ) ;
#4897 = ADVANCED_FACE ( 'NONE', ( #7745 ), #8720, .T. ) ;
#4898 = CARTESIAN_POINT ( 'NONE',  ( 0.2999999999601563050, 0.02000000000000001082, -0.8500000000410157242 ) ) ;
#4899 = CARTESIAN_POINT ( 'NONE',  ( -2.100000000000000089, 0.1000000000000000056, -2.299999999999999822 ) ) ;
#4900 = LINE ( 'NONE', #2369, #3950 ) ;
#4901 = ORIENTED_EDGE ( 'NONE', *, *, #3534, .T. ) ;
#4902 = VECTOR ( 'NONE', #5283, 1000.000000000000000 ) ;
#4903 = CARTESIAN_POINT ( 'NONE',  ( 1.106605604430000112, 1.128760009570000111, -1.719597829700000080 ) ) ;
#4904 = CARTESIAN_POINT ( 'NONE',  ( 1.899358253386957296, 0.8240051625696295234, -1.180563230972916822 ) ) ;
#4905 = CARTESIAN_POINT ( 'NONE',  ( -2.315104722000000059, 0.6566122890000000156, -0.9177338649999999820 ) ) ;
#4906 = CARTESIAN_POINT ( 'NONE',  ( -1.552874296589999759, 1.200000060839999660, -1.120868799029999918 ) ) ;
#4907 = ORIENTED_EDGE ( 'NONE', *, *, #6317, .T. ) ;
#4908 = ORIENTED_EDGE ( 'NONE', *, *, #3652, .T. ) ;
#4909 = CARTESIAN_POINT ( 'NONE',  ( -1.708910409000000019, 1.199997959000000058, 0.9746156000000001374 ) ) ;
#4910 = DIRECTION ( 'NONE',  ( 1.000000000000000000, -0.000000000000000000, 0.000000000000000000 ) ) ;
#4911 = CARTESIAN_POINT ( 'NONE',  ( 2.299999999999999822, 0.7999999999999997113, 1.250000000411111145 ) ) ;
#4912 = VECTOR ( 'NONE', #2029, 1000.000000000000000 ) ;
#4913 = CARTESIAN_POINT ( 'NONE',  ( -1.870277133413419612, 1.012578234836775115, 0.9892171489513709171 ) ) ;
#4914 = ORIENTED_EDGE ( 'NONE', *, *, #1280, .T. ) ;
#4915 = CARTESIAN_POINT ( 'NONE',  ( 0.000000000000000000, 0.7000000000000002887, 0.000000000000000000 ) ) ;
#4916 = VERTEX_POINT ( 'NONE', #9648 ) ;
#4917 = VECTOR ( 'NONE', #4828, 1000.000000000000000 ) ;
#4918 = ORIENTED_EDGE ( 'NONE', *, *, #1573, .F. ) ;
#4919 = ORIENTED_EDGE ( 'NONE', *, *, #2803, .F. ) ;
#4920 = DIRECTION ( 'NONE',  ( 0.000000000000000000, 0.000000000000000000, -1.000000000000000000 ) ) ;
#4921 = CARTESIAN_POINT ( 'NONE',  ( 1.123439598425306718, 1.099999999999999867, -0.4223500571272444382 ) ) ;
#4922 = PLANE ( 'NONE',  #316 ) ;
#4923 = EDGE_CURVE ( 'NONE', #2210, #7755, #5196, .T. ) ;
#4924 = CARTESIAN_POINT ( 'NONE',  ( -1.612086498816095448, 1.199999999999960876, 1.037693790523295911 ) ) ;
#4925 = AXIS2_PLACEMENT_3D ( 'NONE', #897, #2533, #6877 ) ;
#4926 = AXIS2_PLACEMENT_3D ( 'NONE', #10628, #2288, #5649 ) ;
#4927 = CARTESIAN_POINT ( 'NONE',  ( 0.9234614810596110113, 0.6762592592256569946, -2.338691327950198406 ) ) ;
#4928 = LINE ( 'NONE', #3988, #10700 ) ;
#4929 = CARTESIAN_POINT ( 'NONE',  ( 1.363647168000000187, 0.8000000000000000444, 1.803243979000000108 ) ) ;
#4930 = CARTESIAN_POINT ( 'NONE',  ( 1.158921607999999770, 1.027568332999999834, -1.771521321999999676 ) ) ;
#4931 = ORIENTED_EDGE ( 'NONE', *, *, #8754, .T. ) ;
#4932 = CARTESIAN_POINT ( 'NONE',  ( 2.100000000000000089, 0.06677425100000003444, 2.394318871999999931 ) ) ;
#4933 = CARTESIAN_POINT ( 'NONE',  ( -2.320174152876735452, 0.6930692054997916740, 0.9572613156338671825 ) ) ;
#4934 = AXIS2_PLACEMENT_3D ( 'NONE', #1654, #5003, #3764 ) ;
#4935 = CARTESIAN_POINT ( 'NONE',  ( -1.600000000000000089, 0.3667742510000001066, -2.499999999999999556 ) ) ;
#4936 = CARTESIAN_POINT ( 'NONE',  ( 2.343756054751035656, 0.6672058303398366030, -0.9094813746294746482 ) ) ;
#4937 = LINE ( 'NONE', #10854, #9300 ) ;
#4938 = EDGE_CURVE ( 'NONE', #2869, #1513, #10475, .T. ) ;
#4939 = DIRECTION ( 'NONE',  ( -1.000000000000000000, -0.000000000000000000, 0.000000000000000000 ) ) ;
#4940 = EDGE_CURVE ( 'NONE', #4782, #2498, #10318, .T. ) ;
#4941 = CIRCLE ( 'NONE', #1611, 0.3000000000000001554 ) ;
#4942 = DIRECTION ( 'NONE',  ( 0.000000000000000000, 0.000000000000000000, -1.000000000000000000 ) ) ;
#4943 = ORIENTED_EDGE ( 'NONE', *, *, #5115, .F. ) ;
#4944 = CARTESIAN_POINT ( 'NONE',  ( 1.445920520539999421, 1.128302036640000283, 1.445881072879999785 ) ) ;
#4945 = CARTESIAN_POINT ( 'NONE',  ( -1.598648909000000229, 0.8000000000000000444, -1.598665121000000688 ) ) ;
#4946 = CARTESIAN_POINT ( 'NONE',  ( 1.750000000000000000, 0.6500000000000001332, 1.750000000000000000 ) ) ;
#4947 = ORIENTED_EDGE ( 'NONE', *, *, #8194, .F. ) ;
#4948 = CARTESIAN_POINT ( 'NONE',  ( 0.1481698020000000171, 0.1917632950000000558, 2.444201007000000203 ) ) ;
#4949 = DIRECTION ( 'NONE',  ( -0.000000000000000000, -1.000000000000000000, -0.000000000000000000 ) ) ;
#4950 = DIRECTION ( 'NONE',  ( 0.000000000000000000, 0.000000000000000000, 1.000000000000000000 ) ) ;
#4951 = FACE_OUTER_BOUND ( 'NONE', #361, .T. ) ;
#4952 = CARTESIAN_POINT ( 'NONE',  ( -0.8813006070400004610, 1.200000041240000037, 1.700442918759999644 ) ) ;
#4953 = CARTESIAN_POINT ( 'NONE',  ( -0.9484464286039848702, 0.6895438504499157295, 2.325707469331768085 ) ) ;
#4954 = EDGE_CURVE ( 'NONE', #4570, #4793, #1974, .T. ) ;
#4955 = CYLINDRICAL_SURFACE ( 'NONE', #545, 0.3000000000000001554 ) ;
#4956 = CARTESIAN_POINT ( 'NONE',  ( 1.154885930236701386, 1.129332228506372715, -1.685657997029709865 ) ) ;
#4957 = CARTESIAN_POINT ( 'NONE',  ( 1.437612862879638742, 0.8233050531690627727, 1.712210524693615010 ) ) ;
#4958 = ORIENTED_EDGE ( 'NONE', *, *, #8168, .F. ) ;
#4959 = CARTESIAN_POINT ( 'NONE',  ( 1.120859920200299786, 1.200000061448399657, -1.552861960755900217 ) ) ;
#4960 = CARTESIAN_POINT ( 'NONE',  ( 0.7250000000132814648, 0.02000000000000000389, -1.750000000000000000 ) ) ;
#4961 = FACE_OUTER_BOUND ( 'NONE', #10326, .T. ) ;
#4962 = CARTESIAN_POINT ( 'NONE',  ( -1.523706264531900167, 1.128289163894300451, -1.368104586132700140 ) ) ;
#4963 = VERTEX_POINT ( 'NONE', #5433 ) ;
#4964 = ORIENTED_EDGE ( 'NONE', *, *, #6225, .T. ) ;
#4965 = CARTESIAN_POINT ( 'NONE',  ( -1.554088197000000005, 1.199999999999999956, 1.121784027999999989 ) ) ;
#4966 = CARTESIAN_POINT ( 'NONE',  ( 0.9173838330000000374, 0.6476198850000001173, 2.298438055000000091 ) ) ;
#4967 = CARTESIAN_POINT ( 'NONE',  ( 1.100000000000000311, 1.399999999999999911, 2.199999999999999734 ) ) ;
#4968 = EDGE_LOOP ( 'NONE', ( #10208, #6705 ) ) ;
#4969 = FACE_OUTER_BOUND ( 'NONE', #2822, .T. ) ;
#4970 = ORIENTED_EDGE ( 'NONE', *, *, #2581, .F. ) ;
#4971 = ORIENTED_EDGE ( 'NONE', *, *, #4605, .T. ) ;
#4972 = ORIENTED_EDGE ( 'NONE', *, *, #5494, .T. ) ;
#4973 = DIRECTION ( 'NONE',  ( 0.000000000000000000, 0.000000000000000000, -1.000000000000000000 ) ) ;
#4974 = CARTESIAN_POINT ( 'NONE',  ( -0.5176774005482154273, 1.199999999999999956, -1.082802875397772091 ) ) ;
#4975 = ADVANCED_FACE ( 'NONE', ( #4396 ), #2133, .T. ) ;
#4976 = DIRECTION ( 'NONE',  ( -0.000000000000000000, -1.000000000000000000, 0.000000000000000000 ) ) ;
#4977 = DIRECTION ( 'NONE',  ( 0.000000000000000000, 1.000000000000000000, 0.000000000000000000 ) ) ;
#4978 = CARTESIAN_POINT ( 'NONE',  ( 0.9407245590639695676, 0.6859213030680125778, -2.330192141497955838 ) ) ;
#4979 = CARTESIAN_POINT ( 'NONE',  ( 1.657609621780000042, 1.128929892289999737, -1.196297307500000295 ) ) ;
#4980 = CARTESIAN_POINT ( 'NONE',  ( -2.175000000012500045, 0.7000000000000001776, -1.875000000000000000 ) ) ;
#4981 = B_SPLINE_CURVE_WITH_KNOTS ( 'NONE', 3,
 ( #7988, #8647, #5467, #1087, #5517, #6349, #6239, #8750, #6953, #1135, #7063, #2108, #3755, #368, #4592, #5307, #7878, #419, #8804, #5410, #10450, #1291, #2931, #1954, #4429, #7775, #265, #4482, #6291, #9624, #3600 ),
 .UNSPECIFIED., .F., .F.,
 ( 4, 2, 2, 1, 2, 2, 1, 1, 1, 1, 2, 2, 2, 2, 1, 1, 2, 2, 4 ),
 ( 0.000000000000000000, 0.1249999999999782951, 0.1874999999999674982, 0.2187499999999622247, 0.2343749999999596989, 0.2499999999999571454, 0.3124999999999462652, 0.3437499999999408806, 0.3593749999999384936, 0.3671874999999371059, 0.3710937499999364397, 0.3749999999999357736, 0.4374999999999407696, 0.4687499999999431566, 0.4843749999999443223, 0.4921874999999448774, 0.4960937499999452660, 0.4999999999999457101, 1.000000000000000000 ),
 .UNSPECIFIED. ) ;
#4982 = VERTEX_POINT ( 'NONE', #8668 ) ;
#4983 = CARTESIAN_POINT ( 'NONE',  ( -0.8581352866000001578, 1.200000061499999715, -1.711433809750000146 ) ) ;
#4984 = ORIENTED_EDGE ( 'NONE', *, *, #3012, .F. ) ;
#4985 = CARTESIAN_POINT ( 'NONE',  ( 0.6000000000000000888, 0.09018804800000002064, 2.449999999999999734 ) ) ;
#4986 = DIRECTION ( 'NONE',  ( 1.000000000000000000, -0.000000000000000000, -0.000000000000000000 ) ) ;
#4987 = CARTESIAN_POINT ( 'NONE',  ( 1.185084472000000000, 0.8092662499999999648, 1.907298987999999973 ) ) ;
#4988 = CARTESIAN_POINT ( 'NONE',  ( -0.1500441853348749854, 0.1696896142208224323, -2.432779614686732650 ) ) ;
#4989 = AXIS2_PLACEMENT_3D ( 'NONE', #1889, #8531, #9186 ) ;
#4990 = CARTESIAN_POINT ( 'NONE',  ( -0.9950587362887856058, 0.6500000000000001332, 2.293438054900504230 ) ) ;
#4991 = ORIENTED_EDGE ( 'NONE', *, *, #9620, .T. ) ;
#4992 = CARTESIAN_POINT ( 'NONE',  ( 1.427181202758099676, 1.200000061205999780, 1.281511008821799802 ) ) ;
#4993 = CARTESIAN_POINT ( 'NONE',  ( -1.507673606496531038, 0.8236714894064547376, -1.653383328943663910 ) ) ;
#4994 = DIRECTION ( 'NONE',  ( -0.000000000000000000, -0.4654947489980827968, 0.8850506418591039814 ) ) ;
#4995 = EDGE_LOOP ( 'NONE', ( #1230, #6568, #10631, #5493 ) ) ;
#4996 = ADVANCED_FACE ( 'NONE', ( #4558 ), #7905, .T. ) ;
#4997 = CARTESIAN_POINT ( 'NONE',  ( 0.1500441853348749854, 0.1698459302087702849, 2.432485203056899969 ) ) ;
#4998 = CARTESIAN_POINT ( 'NONE',  ( -2.335148932244733633, 0.6808497241201417749, -0.9312320695481268729 ) ) ;
#4999 = ADVANCED_FACE ( 'NONE', ( #4615 ), #2955, .T. ) ;
#5000 = CARTESIAN_POINT ( 'NONE',  ( -0.1499999999252776273, 0.1001623807732180543, -2.370632177291989606 ) ) ;
#5001 = ORIENTED_EDGE ( 'NONE', *, *, #6697, .F. ) ;
#5002 = DIRECTION ( 'NONE',  ( 1.000000000000000000, 0.000000000000000000, -0.000000000000000000 ) ) ;
#5003 = DIRECTION ( 'NONE',  ( 1.000000000000000000, -0.000000000000000000, 0.000000000000000000 ) ) ;
#5004 = LINE ( 'NONE', #2587, #6137 ) ;
#5005 = AXIS2_PLACEMENT_3D ( 'NONE', #8899, #5622, #677 ) ;
#5006 = FACE_OUTER_BOUND ( 'NONE', #9919, .T. ) ;
#5007 = CARTESIAN_POINT ( 'NONE',  ( 1.000000000000000000, 0.7000000000000000666, -2.250000000000001776 ) ) ;
#5008 = DIRECTION ( 'NONE',  ( 1.000000000000000000, -0.000000000000000000, 0.000000000000000000 ) ) ;
#5009 = ORIENTED_EDGE ( 'NONE', *, *, #4389, .F. ) ;
#5010 = CARTESIAN_POINT ( 'NONE',  ( 1.080045906332799843, 1.200000020502999698, -1.583498772139400712 ) ) ;
#5011 = CARTESIAN_POINT ( 'NONE',  ( -1.037693790523297022, 1.199999999999960876, -1.612086498816096780 ) ) ;
#5012 = EDGE_CURVE ( 'NONE', #4256, #318, #9041, .T. ) ;
#5013 = CARTESIAN_POINT ( 'NONE',  ( -0.9425604134953713409, 0.6868224393781933168, -2.329157567377399207 ) ) ;
#5014 = CARTESIAN_POINT ( 'NONE',  ( -1.663822652979999983, 1.200000040820000002, -0.9490336626399998865 ) ) ;
#5015 = ORIENTED_EDGE ( 'NONE', *, *, #5949, .F. ) ;
#5016 = VERTEX_POINT ( 'NONE', #2399 ) ;
#5017 = CARTESIAN_POINT ( 'NONE',  ( -1.654806229000000073, 1.199997967000000054, 1.065086544000000135 ) ) ;
#5018 = CARTESIAN_POINT ( 'NONE',  ( 0.1500470647782431444, 0.1254591879389553577, 2.321221400570139703 ) ) ;
#5019 = CARTESIAN_POINT ( 'NONE',  ( -1.552824450779415523E-15, 1.100000000000000089, -1.200000000000000178 ) ) ;
#5020 = LINE ( 'NONE', #8367, #6585 ) ;
#5021 = ORIENTED_EDGE ( 'NONE', *, *, #1188, .F. ) ;
#5022 = CARTESIAN_POINT ( 'NONE',  ( -2.346309132812786302, 0.6601694207477026843, 0.8993412314762387894 ) ) ;
#5023 = EDGE_CURVE ( 'NONE', #8916, #10160, #5584, .T. ) ;
#5024 = ORIENTED_EDGE ( 'NONE', *, *, #10535, .F. ) ;
#5025 = VERTEX_POINT ( 'NONE', #4879 ) ;
#5026 = VERTEX_POINT ( 'NONE', #4051 ) ;
#5027 = CARTESIAN_POINT ( 'NONE',  ( 1.750000000000000000, 0.6400000000000001243, 2.050000000000000266 ) ) ;
#5028 = CARTESIAN_POINT ( 'NONE',  ( -4.686222782939109901E-16, 1.199999999999999956, -1.199999999999999734 ) ) ;
#5029 = CARTESIAN_POINT ( 'NONE',  ( -1.600000000000000089, 0.3667742510000000511, -2.500000000000000000 ) ) ;
#5030 = CARTESIAN_POINT ( 'NONE',  ( -1.440988925069003557, 1.129588098492437798, 1.449663596448742098 ) ) ;
#5031 = CARTESIAN_POINT ( 'NONE',  ( 0.9919510787918944805, 0.6999638525751916696, -2.295738835352498786 ) ) ;
#5032 = VECTOR ( 'NONE', #8595, 1000.000000000000000 ) ;
#5033 = CARTESIAN_POINT ( 'NONE',  ( 1.610792090150700240, 1.200000061599900247, -1.036863789553799542 ) ) ;
#5034 = ADVANCED_FACE ( 'NONE', ( #8987 ), #9803, .T. ) ;
#5035 = ORIENTED_EDGE ( 'NONE', *, *, #602, .T. ) ;
#5036 = LINE ( 'NONE', #8276, #10252 ) ;
#5037 = ORIENTED_EDGE ( 'NONE', *, *, #10830, .F. ) ;
#5038 = DIRECTION ( 'NONE',  ( 0.000000000000000000, 0.000000000000000000, 1.000000000000000000 ) ) ;
#5039 = LINE ( 'NONE', #4322, #2619 ) ;
#5040 = AXIS2_PLACEMENT_3D ( 'NONE', #5029, #6625, #6731 ) ;
#5041 = CARTESIAN_POINT ( 'NONE',  ( -1.446897561000000110, 0.6500000000000001332, -1.970175539000000642 ) ) ;
#5042 = CARTESIAN_POINT ( 'NONE',  ( 0.9268673174694519457, 0.6500000000770351782, 2.299999999900302239 ) ) ;
#5043 = CARTESIAN_POINT ( 'NONE',  ( 2.330493195539613094, 0.6856495673312830164, 0.9401821497612017353 ) ) ;
#5044 = PLANE ( 'NONE',  #2462 ) ;
#5045 = ORIENTED_EDGE ( 'NONE', *, *, #9471, .F. ) ;
#5046 = CARTESIAN_POINT ( 'NONE',  ( 1.493282633461600062, 1.200000061296899734, 1.203639732725300115 ) ) ;
#5047 = EDGE_CURVE ( 'NONE', #5982, #3856, #8902, .T. ) ;
#5048 = CARTESIAN_POINT ( 'NONE',  ( -1.816673792999999870, 0.8000000000000000444, -1.373796919999999977 ) ) ;
#5049 = DIRECTION ( 'NONE',  ( 0.000000000000000000, 0.000000000000000000, 1.000000000000000000 ) ) ;
#5050 = ORIENTED_EDGE ( 'NONE', *, *, #5077, .T. ) ;
#5051 = DIRECTION ( 'NONE',  ( 1.000000000000000000, 0.000000000000000000, -0.000000000000000000 ) ) ;
#5052 = CARTESIAN_POINT ( 'NONE',  ( -1.000000000000000000, 0.7000000000005208722, -2.250000000031763037 ) ) ;
#5053 = DIRECTION ( 'NONE',  ( -1.385558334732195615E-13, 0.000000000000000000, 1.000000000000000000 ) ) ;
#5054 = ORIENTED_EDGE ( 'NONE', *, *, #10398, .T. ) ;
#5055 = CARTESIAN_POINT ( 'NONE',  ( -1.836502439761982020, 1.102651530051711681, -0.9327575728701146263 ) ) ;
#5056 = CARTESIAN_POINT ( 'NONE',  ( 1.542926899401350305, 0.6500000000000001332, -1.967073100599159741 ) ) ;
#5057 = CARTESIAN_POINT ( 'NONE',  ( -1.024999999976562437, 0.000000000000000000, -2.299999999999999822 ) ) ;
#5058 = CIRCLE ( 'NONE', #334, 2.500000000000000000 ) ;
#5059 = ADVANCED_FACE ( 'NONE', ( #3223 ), #490, .T. ) ;
#5060 = CARTESIAN_POINT ( 'NONE',  ( 0.8588169820000004506, 1.199999999999999956, 1.712800818999999919 ) ) ;
#5061 = CARTESIAN_POINT ( 'NONE',  ( 1.325880181479227815, 1.129419893832134258, -1.555406859945983156 ) ) ;
#5062 = CARTESIAN_POINT ( 'NONE',  ( -1.984650023000000374, 0.8500000000000000888, -1.130538914000000172 ) ) ;
#5063 = VERTEX_POINT ( 'NONE', #6371 ) ;
#5064 = CARTESIAN_POINT ( 'NONE',  ( 0.4593160713484757407, 1.200000000000000400, 1.108749036076779104 ) ) ;
#5065 = VECTOR ( 'NONE', #3607, 1000.000000000000000 ) ;
#5066 = CARTESIAN_POINT ( 'NONE',  ( -0.9581811913842408490, 0.6933977391345634844, -2.319574723500108515 ) ) ;
#5067 = CARTESIAN_POINT ( 'NONE',  ( -1.802606612133800024, 1.127960642019199655, -0.9646948411746002483 ) ) ;
#5068 = VERTEX_POINT ( 'NONE', #1474 ) ;
#5069 = ORIENTED_EDGE ( 'NONE', *, *, #636, .F. ) ;
#5070 = CARTESIAN_POINT ( 'NONE',  ( -1.583906964999999945, 1.199999999999999956, 1.080356770000000077 ) ) ;
#5071 = CARTESIAN_POINT ( 'NONE',  ( -1.937836520929312911, 0.8324359451185739944, -1.130538914000000172 ) ) ;
#5072 = CARTESIAN_POINT ( 'NONE',  ( 0.9554791260000000674, 0.6833333330000000982, 2.314042747999999872 ) ) ;
#5073 = EDGE_CURVE ( 'NONE', #8183, #7274, #1067, .T. ) ;
#5074 = ADVANCED_FACE ( 'NONE', ( #707 ), #1367, .F. ) ;
#5075 = CIRCLE ( 'NONE', #3494, 0.04999999999999969746 ) ;
#5076 = LINE ( 'NONE', #4306, #1677 ) ;
#5077 = EDGE_CURVE ( 'NONE', #10609, #8650, #4823, .T. ) ;
#5078 = ORIENTED_EDGE ( 'NONE', *, *, #10829, .F. ) ;
#5079 = LINE ( 'NONE', #6671, #3957 ) ;
#5080 = ORIENTED_EDGE ( 'NONE', *, *, #4132, .T. ) ;
#5081 = EDGE_LOOP ( 'NONE', ( #2045, #10500, #4696, #1221 ) ) ;
#5082 = ORIENTED_EDGE ( 'NONE', *, *, #4641, .T. ) ;
#5083 = CARTESIAN_POINT ( 'NONE',  ( 1.753964128942374412, 1.190170546370203919, 0.9058711741715242960 ) ) ;
#5084 = VECTOR ( 'NONE', #8886, 1000.000000000000000 ) ;
#5085 = CARTESIAN_POINT ( 'NONE',  ( -1.199999999999999956, 1.200000000000000178, -0.07606369845638080718 ) ) ;
#5086 = DIRECTION ( 'NONE',  ( 1.000000000000000000, -0.000000000000000000, 0.000000000000000000 ) ) ;
#5087 = CARTESIAN_POINT ( 'NONE',  ( -1.436743473055235754, 1.129588104336198384, 1.453869131823414707 ) ) ;
#5088 = ADVANCED_FACE ( 'NONE', ( #10634 ), #8119, .F. ) ;
#5089 = CARTESIAN_POINT ( 'NONE',  ( -0.07582115661956090324, 1.200000000000000178, 1.200095707605295825 ) ) ;
#5090 = CARTESIAN_POINT ( 'NONE',  ( 1.724796981999999756, 1.172221093999999963, -1.045817781000000002 ) ) ;
#5091 = ORIENTED_EDGE ( 'NONE', *, *, #9293, .T. ) ;
#5092 = CARTESIAN_POINT ( 'NONE',  ( -0.9492807397999999397, 1.200000020409999868, -1.664266780879999796 ) ) ;
#5093 = ORIENTED_EDGE ( 'NONE', *, *, #4014, .F. ) ;
#5094 = CARTESIAN_POINT ( 'NONE',  ( -0.1481698750000000064, 0.2240640910000000485, -2.348013502999999780 ) ) ;
#5095 = VECTOR ( 'NONE', #3443, 1000.000000000000114 ) ;
#5096 = DIRECTION ( 'NONE',  ( -0.000000000000000000, -1.000000000000000000, -0.000000000000000000 ) ) ;
#5097 = AXIS2_PLACEMENT_3D ( 'NONE', #2327, #4854, #7381 ) ;
#5098 = CARTESIAN_POINT ( 'NONE',  ( 2.175000000070370199, 0.3500000000000000333, 1.250000000000000000 ) ) ;
#5099 = CARTESIAN_POINT ( 'NONE',  ( -2.300000000000000266, 0.6500000000000001332, -2.100000000000000089 ) ) ;
#5100 = B_SPLINE_CURVE_WITH_KNOTS ( 'NONE', 3,
 ( #2549, #7544, #7601, #3423 ),
 .UNSPECIFIED., .F., .F.,
 ( 4, 4 ),
 ( 3.647450298095306087E-05, 1.000000000000000000 ),
 .UNSPECIFIED. ) ;
#5101 = CARTESIAN_POINT ( 'NONE',  ( 2.329464854858981582, 0.6865580280080865183, 0.9420179341555919850 ) ) ;
#5102 = DIRECTION ( 'NONE',  ( -1.000000000000000000, 0.000000000000000000, -0.000000000000000000 ) ) ;
#5103 = ORIENTED_EDGE ( 'NONE', *, *, #2267, .F. ) ;
#5104 = CARTESIAN_POINT ( 'NONE',  ( 1.719823385400000237, 1.128329198140000100, 1.106750219860000106 ) ) ;
#5105 = CARTESIAN_POINT ( 'NONE',  ( -1.653288770373336769, 0.8238429318608452290, -1.507618112387214993 ) ) ;
#5106 = VERTEX_POINT ( 'NONE', #3888 ) ;
#5107 = CIRCLE ( 'NONE', #7741, 0.3000000000000001554 ) ;
#5108 = DIRECTION ( 'NONE',  ( -1.000000000000000000, 0.000000000000000000, 0.000000000000000000 ) ) ;
#5109 = CARTESIAN_POINT ( 'NONE',  ( -2.332524628528021005, 0.6836941826356199847, -0.9364104019016581404 ) ) ;
#5110 = DIRECTION ( 'NONE',  ( -0.000000000000000000, -0.000000000000000000, -1.000000000000000000 ) ) ;
#5111 = ORIENTED_EDGE ( 'NONE', *, *, #6084, .T. ) ;
#5112 = CARTESIAN_POINT ( 'NONE',  ( -2.100000000000000089, 0.000000000000000000, -2.299999999999999822 ) ) ;
#5113 = LINE ( 'NONE', #2697, #4416 ) ;
#5114 = CARTESIAN_POINT ( 'NONE',  ( -0.9742217912282570280, 0.6978710777523163822, 2.308607475958472044 ) ) ;
#5115 = EDGE_CURVE ( 'NONE', #9630, #6870, #3995, .T. ) ;
#5116 = AXIS2_PLACEMENT_3D ( 'NONE', #9683, #5582, #10732 ) ;
#5117 = CARTESIAN_POINT ( 'NONE',  ( 0.9159178912800002292, 1.128274798269999879, 1.827305730489999558 ) ) ;
#5118 = CARTESIAN_POINT ( 'NONE',  ( 1.253292720846745256, 1.128695454821645239, -1.615072559597471091 ) ) ;
#5119 = DIRECTION ( 'NONE',  ( 4.440892098500626162E-15, 0.000000000000000000, -1.000000000000000000 ) ) ;
#5120 = ORIENTED_EDGE ( 'NONE', *, *, #4507, .F. ) ;
#5121 = CARTESIAN_POINT ( 'NONE',  ( 0.8585873278921001273, 1.200000020704999892, -1.712340667562599839 ) ) ;
#5122 = CARTESIAN_POINT ( 'NONE',  ( -0.9495315804791921721, 1.199999999999960876, -1.664708797844405064 ) ) ;
#5123 = AXIS2_PLACEMENT_3D ( 'NONE', #10755, #4835, #4171 ) ;
#5124 = LINE ( 'NONE', #193, #1199 ) ;
#5125 = CARTESIAN_POINT ( 'NONE',  ( -1.699985978139999521, 1.200000061860000633, -0.8810725885600004803 ) ) ;
#5126 = VERTEX_POINT ( 'NONE', #3170 ) ;
#5127 = CARTESIAN_POINT ( 'NONE',  ( -1.663382748639999464, 1.200000061230000137, 0.9487790593999999578 ) ) ;
#5128 = FACE_OUTER_BOUND ( 'NONE', #5413, .T. ) ;
#5129 = FACE_OUTER_BOUND ( 'NONE', #5578, .T. ) ;
#5130 = DIRECTION ( 'NONE',  ( -0.000000000000000000, 1.000000000000000000, 0.000000000000000000 ) ) ;
#5131 = CARTESIAN_POINT ( 'NONE',  ( -0.4297420481835323991, 0.1901880480000001095, -1.649540889381042819 ) ) ;
#5132 = ORIENTED_EDGE ( 'NONE', *, *, #6027, .T. ) ;
#5133 = CARTESIAN_POINT ( 'NONE',  ( -2.347771667172459775, 0.6535357242394992383, 0.8901134750649039029 ) ) ;
#5134 = ORIENTED_EDGE ( 'NONE', *, *, #4082, .F. ) ;
#5135 = EDGE_CURVE ( 'NONE', #3166, #7565, #8009, .T. ) ;
#5136 = ORIENTED_EDGE ( 'NONE', *, *, #8045, .T. ) ;
#5137 = EDGE_CURVE ( 'NONE', #9702, #8205, #6816, .T. ) ;
#5138 = ORIENTED_EDGE ( 'NONE', *, *, #4104, .F. ) ;
#5139 = LINE ( 'NONE', #41, #10710 ) ;
#5140 = FACE_OUTER_BOUND ( 'NONE', #6916, .T. ) ;
#5141 = CARTESIAN_POINT ( 'NONE',  ( 1.937836521877225993, 0.8324359425921001865, 1.130538914000000172 ) ) ;
#5142 = FACE_OUTER_BOUND ( 'NONE', #660, .T. ) ;
#5143 = B_SPLINE_CURVE_WITH_KNOTS ( 'NONE', 3,
 ( #4339, #7746, #2748, #476 ),
 .UNSPECIFIED., .F., .F.,
 ( 4, 4 ),
 ( 9.726183690567579834E-14, 4.862080568652892557E-05 ),
 .UNSPECIFIED. ) ;
#5144 = CARTESIAN_POINT ( 'NONE',  ( 1.045664773836372424E-15, 1.199999999999999956, 1.199999999999999956 ) ) ;
#5145 = CARTESIAN_POINT ( 'NONE',  ( 1.789143554609999853, 1.128466627690000834, -0.9885375301200000075 ) ) ;
#5146 = ORIENTED_EDGE ( 'NONE', *, *, #2578, .T. ) ;
#5147 = CARTESIAN_POINT ( 'NONE',  ( -1.204320841979999779, 1.200000020229999853, -1.494055846420000000 ) ) ;
#5148 = ADVANCED_FACE ( 'NONE', ( #3062 ), #6421, .T. ) ;
#5149 = ORIENTED_EDGE ( 'NONE', *, *, #7564, .T. ) ;
#5150 = PLANE ( 'NONE',  #7513 ) ;
#5151 = PLANE ( 'NONE',  #8058 ) ;
#5152 = LINE ( 'NONE', #8496, #8773 ) ;
#5153 = CARTESIAN_POINT ( 'NONE',  ( 1.400000000079012263, 0.7000000000000000666, 2.399999999999999911 ) ) ;
#5154 = CARTESIAN_POINT ( 'NONE',  ( 2.316267755888607116, 0.6950426795166351202, 0.9631607361683696134 ) ) ;
#5155 = LINE ( 'NONE', #7023, #2818 ) ;
#5156 = ORIENTED_EDGE ( 'NONE', *, *, #3272, .F. ) ;
#5157 = CARTESIAN_POINT ( 'NONE',  ( 1.667093116999999847, 1.172314676999999916, 1.136873310999999998 ) ) ;
#5158 = CARTESIAN_POINT ( 'NONE',  ( -1.280672951000000115, 0.8000000000000000444, -1.865956651000000743 ) ) ;
#5159 = VERTEX_POINT ( 'NONE', #9859 ) ;
#5160 = PLANE ( 'NONE',  #9317 ) ;
#5161 = CARTESIAN_POINT ( 'NONE',  ( -2.339413872751544776, 0.6751933476444896831, -0.9217339781586481040 ) ) ;
#5162 = EDGE_CURVE ( 'NONE', #7102, #9864, #3387, .T. ) ;
#5163 = CARTESIAN_POINT ( 'NONE',  ( 0.7250000000000000888, 0.2000000000000000111, 1.350000000000000089 ) ) ;
#5164 = ORIENTED_EDGE ( 'NONE', *, *, #2182, .T. ) ;
#5165 = CARTESIAN_POINT ( 'NONE',  ( -1.750000000000000000, 0.6400000000000001243, 1.450000000000000400 ) ) ;
#5166 = CARTESIAN_POINT ( 'NONE',  ( -1.024999999999999911, 0.02000000000000000389, 1.750000000056250560 ) ) ;
#5167 = CARTESIAN_POINT ( 'NONE',  ( 2.100000000000000089, 0.000000000000000000, -2.100000000000000089 ) ) ;
#5168 = VECTOR ( 'NONE', #8345, 1000.000000000000000 ) ;
#5169 = CARTESIAN_POINT ( 'NONE',  ( -1.875000000000000000, 0.7000000000000000666, 1.875000000000000000 ) ) ;
#5170 = CARTESIAN_POINT ( 'NONE',  ( 0.9389922870500000407, 1.127892349670000183, 1.816055651060000109 ) ) ;
#5171 = CARTESIAN_POINT ( 'NONE',  ( 2.099999999999359268, 0.6500000000000001332, 2.299999999999999822 ) ) ;
#5172 = DIRECTION ( 'NONE',  ( 0.000000000000000000, 0.000000000000000000, 1.000000000000000000 ) ) ;
#5173 = EDGE_LOOP ( 'NONE', ( #1771, #1862, #5522, #9963, #1233, #2069, #2431 ) ) ;
#5174 = CARTESIAN_POINT ( 'NONE',  ( 0.9518774840000000514, 1.172109290999999942, -1.778526046999999721 ) ) ;
#5175 = AXIS2_PLACEMENT_3D ( 'NONE', #4932, #3385, #9093 ) ;
#5176 = CARTESIAN_POINT ( 'NONE',  ( 0.2999999999468750400, 0.02000000000000000389, -0.5000000000000000000 ) ) ;
#5177 = ADVANCED_FACE ( 'NONE', ( #6795 ), #10074, .T. ) ;
#5178 = DIRECTION ( 'NONE',  ( 1.000000000000000000, -0.000000000000000000, 0.000000000000000000 ) ) ;
#5179 = CARTESIAN_POINT ( 'NONE',  ( -1.827791208934700151, 1.127394934918699798, -0.9161598000784001439 ) ) ;
#5180 = ORIENTED_EDGE ( 'NONE', *, *, #7300, .F. ) ;
#5181 = CARTESIAN_POINT ( 'NONE',  ( -1.079763662560000004, 1.200000040599999762, 1.583083585880000754 ) ) ;
#5182 = CARTESIAN_POINT ( 'NONE',  ( 0.1500156882594143870, 0.1909507019312949305, 2.308701930785736600 ) ) ;
#5183 = CARTESIAN_POINT ( 'NONE',  ( 1.600000000000000089, -0.002400000000000000657, -2.299999999999999822 ) ) ;
#5184 = VECTOR ( 'NONE', #6778, 1000.000000000000000 ) ;
#5185 = CARTESIAN_POINT ( 'NONE',  ( -2.348438054999999913, 2.985561945000001938, 0.000000000000000000 ) ) ;
#5186 = FACE_OUTER_BOUND ( 'NONE', #9008, .T. ) ;
#5187 = ORIENTED_EDGE ( 'NONE', *, *, #2915, .T. ) ;
#5188 = LINE ( 'NONE', #1731, #3080 ) ;
#5189 = ADVANCED_FACE ( 'NONE', ( #1803, #983 ), #6854, .F. ) ;
#5190 = ORIENTED_EDGE ( 'NONE', *, *, #9480, .T. ) ;
#5191 = ORIENTED_EDGE ( 'NONE', *, *, #4721, .F. ) ;
#5192 = ORIENTED_EDGE ( 'NONE', *, *, #714, .F. ) ;
#5193 = VECTOR ( 'NONE', #3454, 1000.000000000000000 ) ;
#5194 = DIRECTION ( 'NONE',  ( 0.000000000000000000, 0.000000000000000000, 1.000000000000000000 ) ) ;
#5195 = CARTESIAN_POINT ( 'NONE',  ( -0.8173266938251555480, 1.200000000000000178, -1.696049911016004552 ) ) ;
#5196 = B_SPLINE_CURVE_WITH_KNOTS ( 'NONE', 3,
 ( #7956, #8775, #3779, #5378 ),
 .UNSPECIFIED., .F., .F.,
 ( 4, 4 ),
 ( 0.000000000000000000, 1.000000000000000000 ),
 .UNSPECIFIED. ) ;
#5197 = EDGE_CURVE ( 'NONE', #2845, #5831, #5058, .T. ) ;
#5198 = EDGE_CURVE ( 'NONE', #873, #860, #6739, .T. ) ;
#5199 = CARTESIAN_POINT ( 'NONE',  ( 0.9831326640955942997, 0.6992969034850040622, -2.302204255541866029 ) ) ;
#5200 = ORIENTED_EDGE ( 'NONE', *, *, #8906, .T. ) ;
#5201 = CARTESIAN_POINT ( 'NONE',  ( -1.037693789999999616, 1.199999999999999956, -1.612086498000000923 ) ) ;
#5202 = ORIENTED_EDGE ( 'NONE', *, *, #7909, .T. ) ;
#5203 = CARTESIAN_POINT ( 'NONE',  ( 1.000000000000000000, 0.7000000000000001776, -2.250000000000001776 ) ) ;
#5204 = CARTESIAN_POINT ( 'NONE',  ( 1.689864765878082320, 1.199999999998395905, 0.9034689896060509318 ) ) ;
#5205 = FACE_OUTER_BOUND ( 'NONE', #3320, .T. ) ;
#5206 = DIRECTION ( 'NONE',  ( 0.000000000000000000, -0.000000000000000000, -1.000000000000000000 ) ) ;
#5207 = EDGE_CURVE ( 'NONE', #2883, #4388, #9152, .T. ) ;
#5208 = EDGE_CURVE ( 'NONE', #4090, #4189, #2460, .T. ) ;
#5209 = CARTESIAN_POINT ( 'NONE',  ( 2.347493406721108400, 0.6551498251367864345, 0.8923376903715157793 ) ) ;
#5210 = CARTESIAN_POINT ( 'NONE',  ( 2.349999999999999645, -0.05000000000000000971, -1.250000000000000000 ) ) ;
#5211 = VERTEX_POINT ( 'NONE', #10135 ) ;
#5212 = CARTESIAN_POINT ( 'NONE',  ( 1.682072991000000295, 1.199997963000000167, 1.020009777999999923 ) ) ;
#5213 = CARTESIAN_POINT ( 'NONE',  ( -1.430297261000000875, 0.8234688700000000194, -1.720876249999999663 ) ) ;
#5214 = ORIENTED_EDGE ( 'NONE', *, *, #1727, .T. ) ;
#5215 = CARTESIAN_POINT ( 'NONE',  ( 1.000000000000000000, 0.7000000000000000666, -2.399999999999999911 ) ) ;
#5216 = CARTESIAN_POINT ( 'NONE',  ( -2.293438055250580643, 0.7000000000000002887, -0.9950587354881218483 ) ) ;
#5217 = CARTESIAN_POINT ( 'NONE',  ( -1.000000000000000000, 0.7000000000000000666, 2.399999999999999911 ) ) ;
#5218 = ORIENTED_EDGE ( 'NONE', *, *, #9115, .F. ) ;
#5219 = CIRCLE ( 'NONE', #656, 2.500000000000000000 ) ;
#5220 = DIRECTION ( 'NONE',  ( 0.000000000000000000, -1.000000000000000000, 0.000000000000000000 ) ) ;
#5221 = CARTESIAN_POINT ( 'NONE',  ( 0.7250000000888888740, 0.000000000000000000, -2.300000000003481926 ) ) ;
#5222 = CARTESIAN_POINT ( 'NONE',  ( 0.000000000000000000, 0.6400000000000001243, 0.000000000000000000 ) ) ;
#5223 = EDGE_CURVE ( 'NONE', #9374, #4089, #2567, .T. ) ;
#5224 = CARTESIAN_POINT ( 'NONE',  ( 2.099999999994873079, 0.1000000000000000056, 2.299999999999999822 ) ) ;
#5225 = CARTESIAN_POINT ( 'NONE',  ( 1.105246760484087654, 0.8262817487048665921, 1.940568077506203304 ) ) ;
#5226 = LINE ( 'NONE', #9340, #10329 ) ;
#5227 = DIRECTION ( 'NONE',  ( 0.000000000000000000, 0.000000000000000000, -1.000000000000000000 ) ) ;
#5228 = ORIENTED_EDGE ( 'NONE', *, *, #5404, .T. ) ;
#5229 = CARTESIAN_POINT ( 'NONE',  ( 0.9161562228400000896, 1.127407937870000154, -1.827784035470000346 ) ) ;
#5230 = DIRECTION ( 'NONE',  ( 0.000000000000000000, 1.000000000000000000, 0.000000000000000000 ) ) ;
#5231 = DIRECTION ( 'NONE',  ( 0.000000000000000000, 0.9431887185412959340, -0.3322574923405461900 ) ) ;
#5232 = CARTESIAN_POINT ( 'NONE',  ( -1.664264668489999988, 1.200000020409999868, -0.9492845038199999586 ) ) ;
#5233 = ORIENTED_EDGE ( 'NONE', *, *, #3598, .F. ) ;
#5234 = CARTESIAN_POINT ( 'NONE',  ( -1.121756681999999783, 1.199999999999999956, 1.554107880000000108 ) ) ;
#5235 = LINE ( 'NONE', #10111, #7526 ) ;
#5236 = CARTESIAN_POINT ( 'NONE',  ( -0.9551290950000000946, 0.7000000000000000666, 2.323035152000000103 ) ) ;
#5237 = ADVANCED_FACE ( 'NONE', ( #2512 ), #5927, .T. ) ;
#5238 = B_SPLINE_CURVE_WITH_KNOTS ( 'NONE', 3,
 ( #2215, #3094, #1456, #10615 ),
 .UNSPECIFIED., .F., .F.,
 ( 4, 4 ),
 ( 0.000000000000000000, 1.000000000000000000 ),
 .UNSPECIFIED. ) ;
#5239 = LINE ( 'NONE', #4419, #7207 ) ;
#5240 = CARTESIAN_POINT ( 'NONE',  ( -0.9184392820000000235, 0.6747346400000006073, -2.348692979999999597 ) ) ;
#5241 = VERTEX_POINT ( 'NONE', #4935 ) ;
#5242 = AXIS2_PLACEMENT_3D ( 'NONE', #7635, #1651, #4175 ) ;
#5243 = CARTESIAN_POINT ( 'NONE',  ( -2.348376725461992276, 0.6479961990552974838, 0.8825526756874938483 ) ) ;
#5244 = ORIENTED_EDGE ( 'NONE', *, *, #9102, .T. ) ;
#5245 = ORIENTED_EDGE ( 'NONE', *, *, #10568, .F. ) ;
#5246 =( NAMED_UNIT ( * ) SI_UNIT ( $, .STERADIAN. ) SOLID_ANGLE_UNIT ( ) );
#5247 = CARTESIAN_POINT ( 'NONE',  ( -0.1500156882594143870, 0.1909507019312949305, -2.308701930785736600 ) ) ;
#5248 = CARTESIAN_POINT ( 'NONE',  ( 2.348438054999999913, 0.6450000002604581173, 0.8785042873185355816 ) ) ;
#5249 = AXIS2_PLACEMENT_3D ( 'NONE', #8600, #375, #3713 ) ;
#5250 = EDGE_CURVE ( 'NONE', #8586, #2621, #10843, .T. ) ;
#5251 = CARTESIAN_POINT ( 'NONE',  ( -0.9839145134033001616, 1.199999999999999956, 0.6959488924240823104 ) ) ;
#5252 = LINE ( 'NONE', #6700, #5032 ) ;
#5253 = ORIENTED_EDGE ( 'NONE', *, *, #9015, .T. ) ;
#5254 = VECTOR ( 'NONE', #9172, 1000.000000000000000 ) ;
#5255 = CARTESIAN_POINT ( 'NONE',  ( -1.036241049000000025, 1.129023737999999888, -1.761889223000000726 ) ) ;
#5256 = ORIENTED_EDGE ( 'NONE', *, *, #6925, .F. ) ;
#5257 = DIRECTION ( 'NONE',  ( 0.000000000000000000, -1.000000000000000000, 0.000000000000000000 ) ) ;
#5258 = CYLINDRICAL_SURFACE ( 'NONE', #5249, 0.1499999999999999667 ) ;
#5259 = EDGE_CURVE ( 'NONE', #8439, #3155, #6561, .T. ) ;
#5260 = CARTESIAN_POINT ( 'NONE',  ( 1.750000000000000000, 0.6500000000000001332, -2.050000000000000266 ) ) ;
#5261 = CARTESIAN_POINT ( 'NONE',  ( -4.686222782939109901E-16, 1.199999999999999956, -1.199999999999999734 ) ) ;
#5262 = CARTESIAN_POINT ( 'NONE',  ( 0.9184446360000001475, 0.6748721830000000699, -2.348947903999999642 ) ) ;
#5263 = CARTESIAN_POINT ( 'NONE',  ( 2.317500604893842464, 0.6944569883131292976, 0.9613195641406424574 ) ) ;
#5264 = DIRECTION ( 'NONE',  ( 0.000000000000000000, 0.000000000000000000, 1.000000000000000000 ) ) ;
#5265 = VERTEX_POINT ( 'NONE', #5983 ) ;
#5266 = CARTESIAN_POINT ( 'NONE',  ( 1.708908234999999776, 1.199997959000000058, 0.9746194630000001302 ) ) ;
#5267 = CARTESIAN_POINT ( 'NONE',  ( -1.180563230972916822, 0.8240051625696295234, -1.899358253386957296 ) ) ;
#5268 = ORIENTED_EDGE ( 'NONE', *, *, #3668, .F. ) ;
#5269 = CARTESIAN_POINT ( 'NONE',  ( 2.299999999888823421, 0.6500000000856803739, 0.9268673175934182273 ) ) ;
#5270 = CARTESIAN_POINT ( 'NONE',  ( -2.313889193208977790, 0.6960603663817368503, -0.9666561677227482052 ) ) ;
#5271 = CARTESIAN_POINT ( 'NONE',  ( 0.9494570287211574477, 0.6500000000000001332, -2.296866078617934459 ) ) ;
#5272 = AXIS2_PLACEMENT_3D ( 'NONE', #2572, #8992, #7407 ) ;
#5273 = FACE_OUTER_BOUND ( 'NONE', #4034, .T. ) ;
#5274 = ADVANCED_FACE ( 'NONE', ( #4269 ), #5150, .T. ) ;
#5275 = EDGE_CURVE ( 'NONE', #6897, #751, #4321, .T. ) ;
#5276 = DIRECTION ( 'NONE',  ( 0.000000000000000000, -2.168404344971021884E-15, -1.000000000000000000 ) ) ;
#5277 = CARTESIAN_POINT ( 'NONE',  ( 2.306909757596013577, 0.6983419258458212209, -0.9766115181708368009 ) ) ;
#5278 = CIRCLE ( 'NONE', #10529, 2.174999999999999822 ) ;
#5279 = AXIS2_PLACEMENT_3D ( 'NONE', #3324, #10065, #5973 ) ;
#5280 = CYLINDRICAL_SURFACE ( 'NONE', #8753, 0.3000000000000001554 ) ;
#5281 = B_SPLINE_CURVE_WITH_KNOTS ( 'NONE', 3,
 ( #9650, #2802, #3780, #6164, #5491, #3831, #8669, #5379, #441, #8619, #2134, #9593, #8721, #4667, #1108, #6109, #10476, #8828 ),
 .UNSPECIFIED., .F., .F.,
 ( 4, 1, 1, 2, 2, 2, 1, 1, 2, 2, 4 ),
 ( 0.000000000000000000, 0.06250000000000013878, 0.09375000000000016653, 0.1093750000000001527, 0.1250000000000001388, 0.2499999999999997224, 0.3124999999999995004, 0.3437499999999995559, 0.3593749999999995559, 0.3749999999999996114, 0.5000000000000000000 ),
 .UNSPECIFIED. ) ;
#5282 = CARTESIAN_POINT ( 'NONE',  ( 2.449999999999999734, 0.3499999999125001926, -1.250000000000000000 ) ) ;
#5283 = DIRECTION ( 'NONE',  ( -0.000000000000000000, 1.000000000000000000, -0.000000000000000000 ) ) ;
#5284 = FACE_OUTER_BOUND ( 'NONE', #3030, .T. ) ;
#5285 = VERTEX_POINT ( 'NONE', #8385 ) ;
#5286 = CARTESIAN_POINT ( 'NONE',  ( 0.8581283196763002108, 1.200000062115000432, -1.711420214687800367 ) ) ;
#5287 = FACE_OUTER_BOUND ( 'NONE', #5402, .T. ) ;
#5288 = CARTESIAN_POINT ( 'NONE',  ( -0.9232793382376730529, 0.6761474307414999663, -2.338768371105441002 ) ) ;
#5289 = FACE_OUTER_BOUND ( 'NONE', #9842, .T. ) ;
#5290 = EDGE_LOOP ( 'NONE', ( #524, #918, #294, #7127 ) ) ;
#5291 = EDGE_CURVE ( 'NONE', #3455, #9814, #9259, .T. ) ;
#5292 = CARTESIAN_POINT ( 'NONE',  ( -1.523668944684900106, 1.128289190318500168, 1.368146160858300320 ) ) ;
#5293 = PLANE ( 'NONE',  #3134 ) ;
#5294 = AXIS2_PLACEMENT_3D ( 'NONE', #5917, #8374, #9305 ) ;
#5295 = CARTESIAN_POINT ( 'NONE',  ( -1.557407792563154647, 1.129378956166010362, -1.323556251976639953 ) ) ;
#5296 = CARTESIAN_POINT ( 'NONE',  ( 0.9554221316729745173, 0.6923897454614772462, 2.321360796132510895 ) ) ;
#5297 = CARTESIAN_POINT ( 'NONE',  ( -1.400000000118518217, 0.7000000000000000666, -2.399999999999999911 ) ) ;
#5298 = CIRCLE ( 'NONE', #5123, 0.1000000000000004774 ) ;
#5299 = ORIENTED_EDGE ( 'NONE', *, *, #7750, .F. ) ;
#5300 = DIRECTION ( 'NONE',  ( 0.000000000000000000, 0.000000000000000000, -1.000000000000000000 ) ) ;
#5301 = ORIENTED_EDGE ( 'NONE', *, *, #2789, .T. ) ;
#5302 = EDGE_LOOP ( 'NONE', ( #8151, #4145, #3540, #3529, #6154, #8823, #516, #10413 ) ) ;
#5303 = EDGE_CURVE ( 'NONE', #9227, #3059, #7867, .T. ) ;
#5304 = DIRECTION ( 'NONE',  ( 0.000000000000000000, 0.9431887185515800409, 0.3322574923113522649 ) ) ;
#5305 = CARTESIAN_POINT ( 'NONE',  ( 0.7250000000000000888, 0.1799999999999999933, -0.5000000000000000000 ) ) ;
#5306 = DIRECTION ( 'NONE',  ( 0.000000000000000000, 0.000000000000000000, 1.000000000000000000 ) ) ;
#5307 = CARTESIAN_POINT ( 'NONE',  ( 1.559602620964069652, 1.129335715482625790, 1.320996026822600866 ) ) ;
#5308 = DIRECTION ( 'NONE',  ( -0.000000000000000000, 1.000000000000000000, -0.000000000000000000 ) ) ;
#5309 = VERTEX_POINT ( 'NONE', #7507 ) ;
#5310 = CARTESIAN_POINT ( 'NONE',  ( -1.045817781000000002, 1.172221093999999963, -1.724796981999999756 ) ) ;
#5311 = ORIENTED_EDGE ( 'NONE', *, *, #153, .T. ) ;
#5312 = EDGE_CURVE ( 'NONE', #372, #5639, #6690, .T. ) ;
#5313 = CARTESIAN_POINT ( 'NONE',  ( -0.1499999985315921547, 0.1703638022365417670, -2.432757578769044748 ) ) ;
#5314 = DIRECTION ( 'NONE',  ( 1.000000000000000000, 0.000000000000000000, 0.000000000000000000 ) ) ;
#5315 = FACE_OUTER_BOUND ( 'NONE', #433, .T. ) ;
#5316 = CARTESIAN_POINT ( 'NONE',  ( -2.299999999999999822, 0.6499999999999983569, -1.250000000588888716 ) ) ;
#5317 = CARTESIAN_POINT ( 'NONE',  ( -0.1445161610000000318, 0.2401880480000000151, -2.449999999999999734 ) ) ;
#5318 = CARTESIAN_POINT ( 'NONE',  ( 2.313758174934621881, 0.6961086365093959172, 0.9668451324900285693 ) ) ;
#5319 = CARTESIAN_POINT ( 'NONE',  ( -0.1499999985315921547, 0.1703638022365417670, -2.432757578769044748 ) ) ;
#5320 = VERTEX_POINT ( 'NONE', #874 ) ;
#5321 = CARTESIAN_POINT ( 'NONE',  ( 1.675767265047000132, 1.200000061902900095, 0.9262166569476000255 ) ) ;
#5322 = CARTESIAN_POINT ( 'NONE',  ( -1.094268049000000076, 0.8089859230000000512, -1.959567736000000338 ) ) ;
#5323 = EDGE_LOOP ( 'NONE', ( #10060, #8018, #10190, #10255 ) ) ;
#5324 = CARTESIAN_POINT ( 'NONE',  ( 0.7250000001239583769, 0.000000000000000000, 1.750000000152083679 ) ) ;
#5325 = CARTESIAN_POINT ( 'NONE',  ( -2.314482617806501885, 0.6958186691231559307, -0.9657900218584198893 ) ) ;
#5326 = CARTESIAN_POINT ( 'NONE',  ( -0.6000000000000000888, 0.6500000000000001332, -2.449999999999999734 ) ) ;
#5327 = DIRECTION ( 'NONE',  ( 0.000000000000000000, 1.000000000000000000, 0.000000000000000000 ) ) ;
#5328 = CARTESIAN_POINT ( 'NONE',  ( 2.300233356517992878, 0.6995955299349653211, -0.9858390656048148237 ) ) ;
#5329 = CARTESIAN_POINT ( 'NONE',  ( 0.9327579243525810915, 1.102651775988117144, -1.836502507236611681 ) ) ;
#5330 = EDGE_CURVE ( 'NONE', #4497, #10009, #4600, .T. ) ;
#5331 = CARTESIAN_POINT ( 'NONE',  ( 1.152419310909999606, 1.127993560039999954, 1.689910440820000082 ) ) ;
#5332 = CARTESIAN_POINT ( 'NONE',  ( -2.299999999999999822, 0.6500000000000001332, 1.250000000000000000 ) ) ;
#5333 = LINE ( 'NONE', #10426, #9580 ) ;
#5334 = ORIENTED_EDGE ( 'NONE', *, *, #3230, .T. ) ;
#5335 = CARTESIAN_POINT ( 'NONE',  ( 0.9039945384621997926, 1.200000041308999954, -1.688568454884800341 ) ) ;
#5336 = DIRECTION ( 'NONE',  ( 0.000000000000000000, 0.000000000000000000, -1.000000000000000000 ) ) ;
#5337 = CARTESIAN_POINT ( 'NONE',  ( -0.9361342569216620779, 0.6835502102411973313, -2.332672633061620537 ) ) ;
#5338 = CARTESIAN_POINT ( 'NONE',  ( 2.348438054995031887, 0.6463649812226495150, 0.8803457922735424823 ) ) ;
#5339 = CARTESIAN_POINT ( 'NONE',  ( -1.121460721009999828, 1.200000020279999857, 1.553696685530000732 ) ) ;
#5340 = CARTESIAN_POINT ( 'NONE',  ( -1.006999439999999746, 0.7000000000000005107, 2.293438055145776033 ) ) ;
#5341 = CARTESIAN_POINT ( 'NONE',  ( -1.685657996794530877, 1.129332228541930494, -1.154885930862283860 ) ) ;
#5342 = APPLICATION_CONTEXT ( 'automotive_design' ) ;
#5343 = VECTOR ( 'NONE', #6769, 1000.000000000000000 ) ;
#5344 = ADVANCED_FACE ( 'NONE', ( #3763 ), #9479, .T. ) ;
#5345 = CARTESIAN_POINT ( 'NONE',  ( 0.9766115180753162095, 0.6983419258285851194, 2.306909757664260763 ) ) ;
#5346 = CARTESIAN_POINT ( 'NONE',  ( -0.3000000000000000444, 0.02000000000000000389, 0.5000000000000000000 ) ) ;
#5347 = ORIENTED_EDGE ( 'NONE', *, *, #1541, .T. ) ;
#5348 = CARTESIAN_POINT ( 'NONE',  ( 1.625844545000000085, 1.199997970000000524, -1.108866841999999853 ) ) ;
#5349 = FACE_OUTER_BOUND ( 'NONE', #8063, .T. ) ;
#5350 = ORIENTED_EDGE ( 'NONE', *, *, #6611, .F. ) ;
#5351 = VERTEX_POINT ( 'NONE', #10246 ) ;
#5352 = DIRECTION ( 'NONE',  ( 0.000000000000000000, 0.3322574923113522649, -0.9431887185515800409 ) ) ;
#5353 = AXIS2_PLACEMENT_3D ( 'NONE', #10385, #2037, #6120 ) ;
#5354 = CARTESIAN_POINT ( 'NONE',  ( -1.770985086187202295, 0.8000000000000000444, -1.489718692765469532 ) ) ;
#5355 = FACE_OUTER_BOUND ( 'NONE', #3004, .T. ) ;
#5356 = ADVANCED_FACE ( 'NONE', ( #7070 ), #1142, .F. ) ;
#5357 = CARTESIAN_POINT ( 'NONE',  ( -0.7250000000531251487, 0.02000000000000000389, -0.5000000000000000000 ) ) ;
#5358 = VECTOR ( 'NONE', #6398, 1000.000000000000000 ) ;
#5359 = DIRECTION ( 'NONE',  ( 0.000000000000000000, 0.000000000000000000, -1.000000000000000000 ) ) ;
#5360 = VERTEX_POINT ( 'NONE', #5203 ) ;
#5361 = CARTESIAN_POINT ( 'NONE',  ( -0.9935140803199999926, 1.200000020369999865, -1.638167491359999950 ) ) ;
#5362 = VERTEX_POINT ( 'NONE', #9528 ) ;
#5363 = CARTESIAN_POINT ( 'NONE',  ( 1.444550806000000964, 1.131354653999999904, 1.444550806000000964 ) ) ;
#5364 = CARTESIAN_POINT ( 'NONE',  ( -0.7250000000398437727, 0.02000000000000001082, 0.5000000000410156353 ) ) ;
#5365 = DIRECTION ( 'NONE',  ( -1.000000000000000000, 0.000000000000000000, -0.000000000000000000 ) ) ;
#5366 = LINE ( 'NONE', #2013, #4040 ) ;
#5367 = CARTESIAN_POINT ( 'NONE',  ( -0.1501325542663735080, 0.1846718487654218643, -2.402620306396648253 ) ) ;
#5368 = EDGE_CURVE ( 'NONE', #800, #2370, #7120, .T. ) ;
#5369 = CARTESIAN_POINT ( 'NONE',  ( -1.942103853638844857, 0.8233140778840664087, -1.106845740442097714 ) ) ;
#5370 = DIRECTION ( 'NONE',  ( 0.000000000000000000, 0.000000000000000000, -1.000000000000000000 ) ) ;
#5371 = ORIENTED_EDGE ( 'NONE', *, *, #1316, .F. ) ;
#5372 = PRODUCT ( 'EVQ-PLD_PLH_PLM_3PL_PT5_PT9-A15', 'EVQ-PLD_PLH_PLM_3PL_PT5_PT9-A15', '', ( #3983 ) ) ;
#5373 = DIRECTION ( 'NONE',  ( 0.000000000000000000, 1.000000000000000000, -0.000000000000000000 ) ) ;
#5374 = CARTESIAN_POINT ( 'NONE',  ( -1.353667737999999954, 0.8091525189999999590, -1.790034034999999912 ) ) ;
#5375 = VERTEX_POINT ( 'NONE', #9576 ) ;
#5376 = CARTESIAN_POINT ( 'NONE',  ( -2.307206406978099977, 0.6982526145006840990, -0.9761920813401085972 ) ) ;
#5377 = CARTESIAN_POINT ( 'NONE',  ( 0.1493274900867846144, 0.1901880480000000817, 2.300000000058815441 ) ) ;
#5378 = CARTESIAN_POINT ( 'NONE',  ( -0.9327617623105296518, 1.102652276333759840, -1.836501120537589182 ) ) ;
#5379 = CARTESIAN_POINT ( 'NONE',  ( -1.054196864071652140, 1.100000000000000089, 0.5966224062504136283 ) ) ;
#5380 = CARTESIAN_POINT ( 'NONE',  ( -1.600000000000000089, 0.3667742509999999956, 2.500000000000000000 ) ) ;
#5381 = CARTESIAN_POINT ( 'NONE',  ( 0.9715586229976002075, 1.200000020593899874, 1.651417203412000267 ) ) ;
#5382 = CARTESIAN_POINT ( 'NONE',  ( 1.599999999999999867, 0.3667742510000001066, 2.500000000000000000 ) ) ;
#5383 = CARTESIAN_POINT ( 'NONE',  ( 1.770985087314531192, 0.8000000000000000444, 1.489718691648581173 ) ) ;
#5384 = ORIENTED_EDGE ( 'NONE', *, *, #8152, .F. ) ;
#5385 = AXIS2_PLACEMENT_3D ( 'NONE', #10507, #5518, #10349 ) ;
#5386 = CYLINDRICAL_SURFACE ( 'NONE', #10549, 0.09999999999999982514 ) ;
#5387 = CARTESIAN_POINT ( 'NONE',  ( -1.094267566000000302, 0.8089859220000000795, 1.959568014000000025 ) ) ;
#5388 = VERTEX_POINT ( 'NONE', #5364 ) ;
#5389 = CARTESIAN_POINT ( 'NONE',  ( 0.6000000000000000888, 0.7000000000000000666, 2.299999999999999822 ) ) ;
#5390 = CARTESIAN_POINT ( 'NONE',  ( -1.445503468469599762, 1.129155052368800982, 1.445542905741799444 ) ) ;
#5391 = DIRECTION ( 'NONE',  ( -1.000000000000000000, -0.000000000000000000, -0.000000000000000000 ) ) ;
#5392 = B_SPLINE_CURVE_WITH_KNOTS ( 'NONE', 3,
 ( #10659, #7425, #2372, #3249, #9829, #2321, #6605, #5682, #9936, #9010, #5791, #9121, #4685, #7701, #1773, #902, #6881, #5011, #4296, #6061, #5122, #10823, #3468, #5850, #8412 ),
 .UNSPECIFIED., .F., .F.,
 ( 4, 3, 3, 3, 3, 3, 3, 3, 4 ),
 ( 0.000000000000000000, 0.03449937820690091722, 0.1009995016588269706, 0.2339997485626872931, 0.5000002423704008603, 0.7660007361781140389, 0.8990009830819657433, 0.9655011065339004217, 1.000000000000000000 ),
 .UNSPECIFIED. ) ;
#5393 = EDGE_CURVE ( 'NONE', #1359, #9448, #7702, .T. ) ;
#5394 = VECTOR ( 'NONE', #3378, 1000.000000000000114 ) ;
#5395 = CARTESIAN_POINT ( 'NONE',  ( 0.9664682028063538155, 0.6960089780231116796, 2.314018341131097944 ) ) ;
#5396 = CARTESIAN_POINT ( 'NONE',  ( -0.3000000000000000444, 0.1799999999999999933, -0.8500000000000000888 ) ) ;
#5397 = ORIENTED_EDGE ( 'NONE', *, *, #10583, .F. ) ;
#5398 = CARTESIAN_POINT ( 'NONE',  ( 1.594104032920000247, 1.128652274999999872, -1.284824487160000972 ) ) ;
#5399 = DIRECTION ( 'NONE',  ( 1.000000000000000000, -0.000000000000000000, 0.000000000000000000 ) ) ;
#5400 = AXIS2_PLACEMENT_3D ( 'NONE', #8184, #6384, #563 ) ;
#5401 = ORIENTED_EDGE ( 'NONE', *, *, #3776, .T. ) ;
#5402 = EDGE_LOOP ( 'NONE', ( #8415, #6539, #2375, #10721 ) ) ;
#5403 = CARTESIAN_POINT ( 'NONE',  ( -2.299999999999999822, 0.6464365012889298212, 0.8946474345617853041 ) ) ;
#5404 = EDGE_CURVE ( 'NONE', #3089, #3311, #2256, .T. ) ;
#5405 = CARTESIAN_POINT ( 'NONE',  ( -0.1500156882594143870, 0.1581258052888067367, -2.314503216952900733 ) ) ;
#5406 = EDGE_CURVE ( 'NONE', #2845, #4475, #2061, .T. ) ;
#5407 = CARTESIAN_POINT ( 'NONE',  ( 2.053599999999999870, 0.6400000000000001243, 1.446400000000000574 ) ) ;
#5408 = EDGE_CURVE ( 'NONE', #1511, #6075, #6197, .T. ) ;
#5409 = AXIS2_PLACEMENT_3D ( 'NONE', #547, #8934, #1424 ) ;
#5410 = CARTESIAN_POINT ( 'NONE',  ( 1.541733066030462895, 1.129533588795781807, 1.342014859494884416 ) ) ;
#5411 = B_SPLINE_CURVE_WITH_KNOTS ( 'NONE', 3,
 ( #70, #1601, #3404, #2586, #5946, #10759, #3239 ),
 .UNSPECIFIED., .F., .F.,
 ( 4, 3, 4 ),
 ( 7.685950278397574985E-14, 3.423954051820517463E-05, 6.854578407406133520E-05 ),
 .UNSPECIFIED. ) ;
#5412 = DIRECTION ( 'NONE',  ( 0.000000000000000000, 1.000000000000000000, 0.000000000000000000 ) ) ;
#5413 = EDGE_LOOP ( 'NONE', ( #8835, #4914, #8850, #8862 ) ) ;
#5414 = CARTESIAN_POINT ( 'NONE',  ( -1.748413414920499509, 1.127772230671699960, -1.060063177891499953 ) ) ;
#5415 = ORIENTED_EDGE ( 'NONE', *, *, #1341, .F. ) ;
#5416 = ORIENTED_EDGE ( 'NONE', *, *, #2745, .T. ) ;
#5417 = LINE ( 'NONE', #1902, #1767 ) ;
#5418 = VECTOR ( 'NONE', #5419, 1000.000000000000000 ) ;
#5419 = DIRECTION ( 'NONE',  ( 0.000000000000000000, 1.000000000000000000, 0.000000000000000000 ) ) ;
#5420 = ADVANCED_FACE ( 'NONE', ( #10354 ), #6034, .T. ) ;
#5421 = CARTESIAN_POINT ( 'NONE',  ( 1.121784051087364231, 1.199999999998412337, 1.554088229075314187 ) ) ;
#5422 = CARTESIAN_POINT ( 'NONE',  ( -1.387877680999999974, 0.9236595380000001132, 1.684802212000000132 ) ) ;
#5423 = DIRECTION ( 'NONE',  ( -1.000000000000000000, -0.000000000000000000, 0.000000000000000000 ) ) ;
#5424 = CARTESIAN_POINT ( 'NONE',  ( -2.300000000000000266, 0.6500000000000001332, 2.100000000000000089 ) ) ;
#5425 = CARTESIAN_POINT ( 'NONE',  ( -0.6000000000000000888, 0.6500000000000001332, 2.250000000000001776 ) ) ;
#5426 = VECTOR ( 'NONE', #5096, 1000.000000000000000 ) ;
#5427 = ORIENTED_EDGE ( 'NONE', *, *, #790, .F. ) ;
#5428 = CARTESIAN_POINT ( 'NONE',  ( 1.827066688999999799, 1.128708233000000227, 0.9157984990000000991 ) ) ;
#5429 = CARTESIAN_POINT ( 'NONE',  ( 2.299999999999999822, 0.000000000000000000, 2.299999999999999822 ) ) ;
#5430 = ORIENTED_EDGE ( 'NONE', *, *, #6945, .F. ) ;
#5431 = CARTESIAN_POINT ( 'NONE',  ( 2.299999999999999822, 2.985561945000001938, 0.000000000000000000 ) ) ;
#5432 = CARTESIAN_POINT ( 'NONE',  ( -0.3000000000000000444, 0.02000000000000000389, 0.5000000000000000000 ) ) ;
#5433 = CARTESIAN_POINT ( 'NONE',  ( -2.100000000012823165, 0.3667742510000002731, -2.500000000000000000 ) ) ;
#5434 = ADVANCED_FACE ( 'NONE', ( #10302 ), #7729, .F. ) ;
#5435 = CARTESIAN_POINT ( 'NONE',  ( 2.294803036105972804, 0.6999999999979313881, -0.9932172308841620278 ) ) ;
#5436 = VECTOR ( 'NONE', #10630, 1000.000000000000000 ) ;
#5437 = CARTESIAN_POINT ( 'NONE',  ( -0.3000000000000000444, 0.09018804800000002064, -1.620188048000000158 ) ) ;
#5438 = B_SPLINE_SURFACE_WITH_KNOTS ( 'NONE', 3, 3, ( 
 ( #258, #3799, #8640, #1285, #7158, #1128, #8797 ),
 ( #360, #2046, #4581, #7818, #10341, #3748, #2152 ),
 ( #7928, #3590, #3698, #6130, #9614, #4473, #7056 ),
 ( #1995, #10393, #9515, #6282, #6185, #2098, #8691 ),
 ( #414, #1179, #7870, #5458, #4635, #2871, #7979 ),
 ( #6231, #10443, #9562, #10498, #9464, #2978, #6339 ),
 ( #5509, #8849, #1336, #6944, #10286, #2770, #1944 ),
 ( #9065, #736, #2426, #4849, #9721, #5735, #625 ),
 ( #3854, #8193, #3141, #4795, #3032, #2208, #1449 ),
 ( #9771, #3196, #5566, #8034, #515, #7212, #8901 ),
 ( #6554, #10555, #572, #4021, #6391, #1390, #1551 ),
 ( #3963, #680, #4742, #8140, #7375, #4904, #8092 ),
 ( #10768, #6496, #3909, #1499, #5625, #8248, #2262 ) ),
 .UNSPECIFIED., .F., .F., .F.,
 ( 4, 3, 3, 3, 4 ),
 ( 4, 3, 4 ),
 ( 0.001628345122372170349, 0.001942699881473560364, 0.002257054640574960788, 0.002571409399676350804, 0.002885764158777750794 ),
 ( 0.000000000000000000, 1.000000000000000000, 1.011983932996071811 ),
 .UNSPECIFIED. ) ;
#5439 = CARTESIAN_POINT ( 'NONE',  ( 0.9039933280883998279, 1.200000041308999954, 1.688569075500999883 ) ) ;
#5440 = PLANE ( 'NONE',  #7190 ) ;
#5441 = CARTESIAN_POINT ( 'NONE',  ( 2.323447782000000128, 0.7007647740000000347, 0.9551130330000000557 ) ) ;
#5442 = ORIENTED_EDGE ( 'NONE', *, *, #9443, .T. ) ;
#5443 = AXIS2_PLACEMENT_3D ( 'NONE', #432, #595, #4549 ) ;
#5444 = CARTESIAN_POINT ( 'NONE',  ( -0.8916295004494582122, 1.199999999999975753, 1.696049851274399778 ) ) ;
#5445 = CARTESIAN_POINT ( 'NONE',  ( -1.089653970202482558, 0.8235466347716920987, 1.951467994939614536 ) ) ;
#5446 = ORIENTED_EDGE ( 'NONE', *, *, #5468, .T. ) ;
#5447 = CARTESIAN_POINT ( 'NONE',  ( -0.9076392589512953801, 0.6659532202895157571, -2.344294979156162473 ) ) ;
#5448 = DIRECTION ( 'NONE',  ( -0.000000000000000000, -1.000000000000000000, 0.000000000000000000 ) ) ;
#5449 = EDGE_CURVE ( 'NONE', #6323, #1788, #323, .T. ) ;
#5450 = CARTESIAN_POINT ( 'NONE',  ( -1.037402927899999883, 1.200000020329999861, 1.611669861730000264 ) ) ;
#5451 = CARTESIAN_POINT ( 'NONE',  ( 0.8890463380000004356, 0.6449999999891804503, -2.348438054999999913 ) ) ;
#5452 = VECTOR ( 'NONE', #4843, 1000.000000000000000 ) ;
#5453 = AXIS2_PLACEMENT_3D ( 'NONE', #4691, #7268, #1340 ) ;
#5454 = CARTESIAN_POINT ( 'NONE',  ( 0.9434783472636382173, 0.6872679118442650559, 2.328635982843606289 ) ) ;
#5455 = CARTESIAN_POINT ( 'NONE',  ( -0.3000000000000000444, 0.3500000000000000333, 2.349999999999999645 ) ) ;
#5456 = ORIENTED_EDGE ( 'NONE', *, *, #6150, .F. ) ;
#5457 = CARTESIAN_POINT ( 'NONE',  ( 1.391172391000000008, 1.199997980000000020, -1.391210334000000159 ) ) ;
#5458 = CARTESIAN_POINT ( 'NONE',  ( 1.430310063000000076, 0.8234688789999999869, -1.720866379999999696 ) ) ;
#5459 = AXIS2_PLACEMENT_3D ( 'NONE', #8239, #835, #3352 ) ;
#5460 = ORIENTED_EDGE ( 'NONE', *, *, #10653, .F. ) ;
#5461 = ORIENTED_EDGE ( 'NONE', *, *, #5198, .T. ) ;
#5462 = CARTESIAN_POINT ( 'NONE',  ( 1.106845078288430262, 0.8233166248663973397, 1.942102243374207449 ) ) ;
#5463 = CARTESIAN_POINT ( 'NONE',  ( -0.1500313765188287796, 0.1253800482926368809, -2.320762952380092781 ) ) ;
#5464 = PLANE ( 'NONE',  #5756 ) ;
#5465 = B_SPLINE_SURFACE_WITH_KNOTS ( 'NONE', 3, 3, ( 
 ( #8714, #8003, #1259, #4658, #7183, #1100, #10524 ),
 ( #3005, #9693, #2179, #6968, #6155, #702, #8164 ),
 ( #2230, #5759, #3164, #649, #10579, #9908, #9742 ),
 ( #10795, #596, #4818, #6523, #4099, #9035, #3989 ),
 ( #9961, #1417, #6416, #7342, #9853, #8060, #5593 ),
 ( #7448, #3276, #2343, #4768, #5706, #8114, #8928 ),
 ( #9797, #1577, #7397, #2394, #10682, #1521, #4044 ),
 ( #3932, #7289, #10629, #10738, #6629, #4873, #3217 ),
 ( #8217, #2454, #8873, #1360, #3109, #6576, #4710 ),
 ( #9089, #4929, #540, #8273, #759, #6465, #3882 ),
 ( #7237, #3057, #2289, #5650, #8982, #1469, #8172 ),
 ( #5768, #6692, #4987, #10692, #2297, #5660, #8989 ),
 ( #821, #4161, #1476, #5714, #9154, #4825, #3172 ) ),
 .UNSPECIFIED., .F., .F., .F.,
 ( 4, 3, 3, 3, 4 ),
 ( 4, 3, 4 ),
 ( 0.001628345122372160374, 0.001942699881473560364, 0.002257054640574950814, 0.002571409399676340829, 0.002885764158777740819 ),
 ( 0.000000000000000000, 1.000000000000000000, 1.011983932996071811 ),
 .UNSPECIFIED. ) ;
#5466 = VECTOR ( 'NONE', #3787, 1000.000000000000000 ) ;
#5467 = CARTESIAN_POINT ( 'NONE',  ( 1.782081101875059748, 1.128295319402990327, 1.003155651887948974 ) ) ;
#5468 = EDGE_CURVE ( 'NONE', #10445, #5821, #2011, .T. ) ;
#5469 = DIRECTION ( 'NONE',  ( 0.000000000000000000, 0.000000000000000000, -1.000000000000000000 ) ) ;
#5470 = EDGE_CURVE ( 'NONE', #1788, #5831, #9779, .T. ) ;
#5471 = ORIENTED_EDGE ( 'NONE', *, *, #10226, .F. ) ;
#5472 = CARTESIAN_POINT ( 'NONE',  ( -1.493689301439999895, 1.200000040459999751, -1.203966957020000228 ) ) ;
#5473 = ORIENTED_EDGE ( 'NONE', *, *, #5892, .T. ) ;
#5474 = ORIENTED_EDGE ( 'NONE', *, *, #3693, .T. ) ;
#5475 = PLANE ( 'NONE',  #6857 ) ;
#5476 = CARTESIAN_POINT ( 'NONE',  ( 0.5706471586206192104, 0.5202579518214908161, -2.349999999999999645 ) ) ;
#5477 = CARTESIAN_POINT ( 'NONE',  ( 2.299999999999999822, 0.6450000001392882654, 0.8785042872610732134 ) ) ;
#5478 = CARTESIAN_POINT ( 'NONE',  ( -1.868922332000000797, 1.028454669999999904, 0.9704730320000001242 ) ) ;
#5479 = CARTESIAN_POINT ( 'NONE',  ( 1.750000000000000000, 0.6400000000000001243, -1.750000000000000000 ) ) ;
#5480 =( BOUNDED_SURFACE ( )  B_SPLINE_SURFACE ( 3, 3, ( 
 ( #9133, #4967, #4141, #5910 ),
 ( #88, #7766, #7052, #6070 ),
 ( #2868, #8583, #6228, #2918 ),
 ( #2044, #6997, #6128, #4524 ) ),
 .UNSPECIFIED., .F., .F., .F. ) 
 B_SPLINE_SURFACE_WITH_KNOTS ( ( 4, 4 ),
 ( 4, 4 ),
 ( 0.000000000000000000, 1.000000000000000000 ),
 ( 0.000000000000000000, 1.000000000000000000 ),
 .UNSPECIFIED. ) 
 GEOMETRIC_REPRESENTATION_ITEM ( )  RATIONAL_B_SPLINE_SURFACE ( (
 ( 1.000000000000000000, 0.3333333333333334259, 0.3333333333333334259, 1.000000000000000000),
 ( 0.8047378541257761420, 0.2682459513752588065, 0.2682459513752588065, 0.8047378541257761420),
 ( 0.8047378541257761420, 0.2682459513752588065, 0.2682459513752588065, 0.8047378541257761420),
 ( 1.000000000000000000, 0.3333333333333334259, 0.3333333333333334259, 1.000000000000000000) ) ) 
 REPRESENTATION_ITEM ( '' )  SURFACE ( )  );
#5481 = CARTESIAN_POINT ( 'NONE',  ( 0.2879226727952084453, 1.100000000000000089, -1.071369944335147428 ) ) ;
#5482 = FACE_OUTER_BOUND ( 'NONE', #7630, .T. ) ;
#5483 = ORIENTED_EDGE ( 'NONE', *, *, #3119, .F. ) ;
#5484 = ADVANCED_FACE ( 'NONE', ( #7888 ), #5258, .T. ) ;
#5485 = CARTESIAN_POINT ( 'NONE',  ( 1.676667286348999975, 1.200000020634300002, 0.9267114096492000686 ) ) ;
#5486 = DIRECTION ( 'NONE',  ( 4.440892098500626162E-15, 0.000000000000000000, -1.000000000000000000 ) ) ;
#5487 = VERTEX_POINT ( 'NONE', #272 ) ;
#5488 = CARTESIAN_POINT ( 'NONE',  ( 1.024999999999999911, 0.000000000000000000, -1.750000000268749911 ) ) ;
#5489 = DIRECTION ( 'NONE',  ( 1.000000000000000000, 0.000000000000000000, -0.000000000000000000 ) ) ;
#5490 = CARTESIAN_POINT ( 'NONE',  ( -0.7250000000000000888, 0.02000000000000000389, 0.8500000000000000888 ) ) ;
#5491 = CARTESIAN_POINT ( 'NONE',  ( -1.141636525258145296, 1.100000000000000089, 0.3705707055174344844 ) ) ;
#5492 = LINE ( 'NONE', #8830, #5632 ) ;
#5493 = ORIENTED_EDGE ( 'NONE', *, *, #4665, .T. ) ;
#5494 = EDGE_CURVE ( 'NONE', #8611, #4916, #9367, .T. ) ;
#5495 = CARTESIAN_POINT ( 'NONE',  ( 1.106912903549999827, 1.127898428369999762, 1.720037642779999931 ) ) ;
#5496 = DIRECTION ( 'NONE',  ( 0.000000000000000000, 0.000000000000000000, -1.000000000000000000 ) ) ;
#5497 = LINE ( 'NONE', #10482, #4153 ) ;
#5498 = ORIENTED_EDGE ( 'NONE', *, *, #8100, .F. ) ;
#5499 = CARTESIAN_POINT ( 'NONE',  ( -1.600000000000000089, 0.3667742510000000511, 2.500000000000000000 ) ) ;
#5500 = CARTESIAN_POINT ( 'NONE',  ( -1.844727405097707829, 0.8236883946824420377, 1.266123509470946207 ) ) ;
#5501 = EDGE_LOOP ( 'NONE', ( #9243, #7779, #6779, #4364, #1590, #9950 ) ) ;
#5502 = DIRECTION ( 'NONE',  ( -1.000000000000000000, 0.000000000000000000, -0.000000000000000000 ) ) ;
#5503 = CARTESIAN_POINT ( 'NONE',  ( -1.060063177891499953, 1.127772230671699960, 1.748413414920499509 ) ) ;
#5504 = DIRECTION ( 'NONE',  ( 0.000000000000000000, 0.000000000000000000, 1.000000000000000000 ) ) ;
#5505 = EDGE_CURVE ( 'NONE', #4532, #7715, #1094, .T. ) ;
#5506 = CARTESIAN_POINT ( 'NONE',  ( 0.9232793382450301678, 0.6761474307460207944, 2.338768371102335486 ) ) ;
#5507 = VERTEX_POINT ( 'NONE', #3101 ) ;
#5508 = CARTESIAN_POINT ( 'NONE',  ( 1.523462903660000256, 1.128730700900000272, -1.367961309220000254 ) ) ;
#5509 = CARTESIAN_POINT ( 'NONE',  ( 1.610594037999999895, 0.8000000000000000444, -1.610577704000000221 ) ) ;
#5510 = ORIENTED_EDGE ( 'NONE', *, *, #3595, .T. ) ;
#5511 = ORIENTED_EDGE ( 'NONE', *, *, #1197, .T. ) ;
#5512 = CARTESIAN_POINT ( 'NONE',  ( -1.688128977149999654, 1.200000061349999925, 0.9037590712599999909 ) ) ;
#5513 = CARTESIAN_POINT ( 'NONE',  ( -1.938447537000000276, 0.8308065689999999393, -1.115387573000000243 ) ) ;
#5514 = CARTESIAN_POINT ( 'NONE',  ( -0.6760013919724066067, 1.100000000000000533, 0.8796335266379987639 ) ) ;
#5515 = CIRCLE ( 'NONE', #615, 0.2999999999999997113 ) ;
#5516 = VECTOR ( 'NONE', #10703, 1000.000000000000000 ) ;
#5517 = CARTESIAN_POINT ( 'NONE',  ( 1.708319407128813916, 1.129258664868100004, 1.121283537504417449 ) ) ;
#5518 = DIRECTION ( 'NONE',  ( -1.000000000000000000, 0.000000000000000000, 0.000000000000000000 ) ) ;
#5519 = ORIENTED_EDGE ( 'NONE', *, *, #7382, .T. ) ;
#5520 = CIRCLE ( 'NONE', #619, 0.3000000000000000444 ) ;
#5521 = CARTESIAN_POINT ( 'NONE',  ( -1.445542905741799444, 1.129155052368800982, -1.445503468469599762 ) ) ;
#5522 = ORIENTED_EDGE ( 'NONE', *, *, #9568, .T. ) ;
#5523 = ORIENTED_EDGE ( 'NONE', *, *, #2115, .F. ) ;
#5524 = CARTESIAN_POINT ( 'NONE',  ( -0.8796335266379983198, 1.100000000000000089, -0.6760013919724060516 ) ) ;
#5525 = CARTESIAN_POINT ( 'NONE',  ( 0.1497758240000000018, 0.09092030000000002332, 2.317093701000000117 ) ) ;
#5526 = CARTESIAN_POINT ( 'NONE',  ( 1.700433947008199942, 1.200000041652399707, -0.8812957127108000943 ) ) ;
#5527 = CARTESIAN_POINT ( 'NONE',  ( 0.9495353645671787968, 1.199999999998402345, -1.664706718479970649 ) ) ;
#5528 = CARTESIAN_POINT ( 'NONE',  ( 1.106845078288430262, 0.8233166248663973397, 1.942102243374207449 ) ) ;
#5529 = ADVANCED_FACE ( 'NONE', ( #3980 ), #641, .F. ) ;
#5530 = CARTESIAN_POINT ( 'NONE',  ( -1.689865235656714537, 1.199999999999960654, 0.9034680136157707819 ) ) ;
#5531 = VECTOR ( 'NONE', #6191, 1000.000000000000000 ) ;
#5532 = CARTESIAN_POINT ( 'NONE',  ( 2.301973779259008257, 0.6993336121693951579, 0.9834495479083328329 ) ) ;
#5533 = CARTESIAN_POINT ( 'NONE',  ( -0.7250000000000000888, 0.000000000000000000, 1.350000000000000089 ) ) ;
#5534 = ORIENTED_EDGE ( 'NONE', *, *, #6892, .T. ) ;
#5535 = CARTESIAN_POINT ( 'NONE',  ( 1.788907716999999842, 1.128899030999999997, 0.9884113439999999695 ) ) ;
#5536 = CYLINDRICAL_SURFACE ( 'NONE', #2626, 1.100000000000000089 ) ;
#5537 = ORIENTED_EDGE ( 'NONE', *, *, #1996, .T. ) ;
#5538 = CARTESIAN_POINT ( 'NONE',  ( 0.9223949678626013338, 1.128615992765412912, -1.823793474728519826 ) ) ;
#5539 = CARTESIAN_POINT ( 'NONE',  ( -2.335894917504855783, 0.6799899664617479189, 0.9297089397389948218 ) ) ;
#5540 = DIRECTION ( 'NONE',  ( 1.000000000000000000, -0.000000000000000000, 0.000000000000000000 ) ) ;
#5541 = AXIS2_PLACEMENT_3D ( 'NONE', #10317, #7080, #9645 ) ;
#5542 = CARTESIAN_POINT ( 'NONE',  ( 2.327030791799270304, 0.6885545422422471029, -0.9462327054422617900 ) ) ;
#5543 = EDGE_CURVE ( 'NONE', #8916, #4080, #10622, .T. ) ;
#5544 = PLANE ( 'NONE',  #4160 ) ;
#5545 = EDGE_CURVE ( 'NONE', #2583, #4982, #10320, .T. ) ;
#5546 = PRODUCT_DEFINITION ( 'UNKNOWN', '', #4582, #2957 ) ;
#5547 = CARTESIAN_POINT ( 'NONE',  ( -0.1445161610230273064, 0.2401880480138864349, -2.349999999999999645 ) ) ;
#5548 = ORIENTED_EDGE ( 'NONE', *, *, #5948, .F. ) ;
#5549 = CARTESIAN_POINT ( 'NONE',  ( 1.012479086999999778, 1.128963536000000323, 1.775631907999999815 ) ) ;
#5550 = CARTESIAN_POINT ( 'NONE',  ( 9.184850993605147205E-18, 0.09018804800000002064, -2.164188048000000197 ) ) ;
#5551 = DIRECTION ( 'NONE',  ( 0.000000000000000000, 0.000000000000000000, -1.000000000000000000 ) ) ;
#5552 = B_SPLINE_CURVE_WITH_KNOTS ( 'NONE', 3,
 ( #2637, #6755, #10207, #3401 ),
 .UNSPECIFIED., .F., .F.,
 ( 4, 4 ),
 ( 0.000000000000000000, 1.000000000000000000 ),
 .UNSPECIFIED. ) ;
#5553 = ORIENTED_EDGE ( 'NONE', *, *, #905, .F. ) ;
#5554 = CARTESIAN_POINT ( 'NONE',  ( 0.1445161610000000318, 0.2401880480000000151, 2.450499999999999901 ) ) ;
#5555 = CARTESIAN_POINT ( 'NONE',  ( -1.782719278566602394, 0.8237498669881880842, 1.348141816565648021 ) ) ;
#5556 = ORIENTED_EDGE ( 'NONE', *, *, #9692, .T. ) ;
#5557 = CARTESIAN_POINT ( 'NONE',  ( -2.100000000005127987, 0.6500000000000001332, 2.300000000000000266 ) ) ;
#5558 = CARTESIAN_POINT ( 'NONE',  ( -0.9646948411746002483, 1.127960642019199655, 1.802606612133800024 ) ) ;
#5559 = CARTESIAN_POINT ( 'NONE',  ( -0.8923376901020069196, 0.6551498249417330166, 2.347493406757732881 ) ) ;
#5560 = EDGE_CURVE ( 'NONE', #2980, #5709, #10459, .T. ) ;
#5561 = AXIS2_PLACEMENT_3D ( 'NONE', #4456, #2906, #6266 ) ;
#5562 = CARTESIAN_POINT ( 'NONE',  ( 0.9278720180167185916, 0.6789195205717306614, 2.336754861076116629 ) ) ;
#5563 = FACE_OUTER_BOUND ( 'NONE', #4585, .T. ) ;
#5564 = ORIENTED_EDGE ( 'NONE', *, *, #1668, .F. ) ;
#5565 = CARTESIAN_POINT ( 'NONE',  ( 1.284449094999999819, 1.129510369999999986, -1.593715618999999917 ) ) ;
#5566 = CARTESIAN_POINT ( 'NONE',  ( 1.790034034999999912, 0.8091525189999999590, -1.353667737999999954 ) ) ;
#5567 = DIRECTION ( 'NONE',  ( 0.000000000000000000, 0.000000000000000000, -1.000000000000000000 ) ) ;
#5568 = EDGE_LOOP ( 'NONE', ( #6767, #10427, #1150, #7993, #10192 ) ) ;
#5569 = VERTEX_POINT ( 'NONE', #6515 ) ;
#5570 = CARTESIAN_POINT ( 'NONE',  ( -1.108665067858303210, 0.8130873023838640634, -1.948243478770402826 ) ) ;
#5571 = VECTOR ( 'NONE', #9248, 999.9999999999998863 ) ;
#5572 = CARTESIAN_POINT ( 'NONE',  ( -1.809836298999999649, 0.9241006180000000958, -1.216789821000000105 ) ) ;
#5573 = EDGE_CURVE ( 'NONE', #1091, #3439, #9969, .T. ) ;
#5574 = FACE_OUTER_BOUND ( 'NONE', #8024, .T. ) ;
#5575 = DIRECTION ( 'NONE',  ( 1.000000000000000000, -0.000000000000000000, -0.000000000000000000 ) ) ;
#5576 = VECTOR ( 'NONE', #1039, 1000.000000000000000 ) ;
#5577 = CARTESIAN_POINT ( 'NONE',  ( 2.298438055000000091, 0.6476198850000001173, -0.9173838330000000374 ) ) ;
#5578 = EDGE_LOOP ( 'NONE', ( #5914, #5680, #4255, #6719, #8191 ) ) ;
#5579 = CARTESIAN_POINT ( 'NONE',  ( -1.493294478159999938, 1.200000060689999870, -1.203649263530000235 ) ) ;
#5580 = ORIENTED_EDGE ( 'NONE', *, *, #1619, .F. ) ;
#5581 = ORIENTED_EDGE ( 'NONE', *, *, #1380, .T. ) ;
#5582 = DIRECTION ( 'NONE',  ( 0.000000000000000000, 0.000000000000000000, 1.000000000000000000 ) ) ;
#5583 = DIRECTION ( 'NONE',  ( 0.000000000000000000, 1.000000000000000000, 0.000000000000000000 ) ) ;
#5584 = B_SPLINE_CURVE_WITH_KNOTS ( 'NONE', 3,
 ( #10531, #8066, #9747, #2237, #8827, #10743, #3938 ),
 .UNSPECIFIED., .F., .F.,
 ( 4, 3, 4 ),
 ( 1.835092312231913415E-14, 3.423954050665703913E-05, 6.854578405083159892E-05 ),
 .UNSPECIFIED. ) ;
#5585 = CARTESIAN_POINT ( 'NONE',  ( 0.1535976663274285225, 1.100000000000000089, -1.200194990609138035 ) ) ;
#5586 = ADVANCED_FACE ( 'NONE', ( #530 ), #10449, .T. ) ;
#5587 = PLANE ( 'NONE',  #3808 ) ;
#5588 = VECTOR ( 'NONE', #764, 1000.000000000000000 ) ;
#5589 = CARTESIAN_POINT ( 'NONE',  ( -0.3000000000000000444, 0.1799999999999999933, 0.8500000000000000888 ) ) ;
#5590 = CARTESIAN_POINT ( 'NONE',  ( -0.9034689833357968380, 1.199999999999960654, 1.689864725285853631 ) ) ;
#5591 = CARTESIAN_POINT ( 'NONE',  ( 0.9312320695316980146, 0.6808497241108313336, -2.335148932252736564 ) ) ;
#5592 = DIRECTION ( 'NONE',  ( 0.000000000000000000, 0.000000000000000000, 1.000000000000000000 ) ) ;
#5593 = CARTESIAN_POINT ( 'NONE',  ( 1.720618736027269557, 0.8239825846206606519, 1.430104356692934564 ) ) ;
#5594 = DIRECTION ( 'NONE',  ( 0.000000000000000000, 1.000000000000000000, 0.000000000000000000 ) ) ;
#5595 = ORIENTED_EDGE ( 'NONE', *, *, #7313, .F. ) ;
#5596 = AXIS2_PLACEMENT_3D ( 'NONE', #4544, #2732, #5314 ) ;
#5597 = ADVANCED_FACE ( 'NONE', ( #6721 ), #7762, .F. ) ;
#5598 = DIRECTION ( 'NONE',  ( 1.000000000000000000, 0.000000000000000000, 0.000000000000000000 ) ) ;
#5599 = CARTESIAN_POINT ( 'NONE',  ( -2.327030791907951368, 0.6885545421584255976, 0.9462327052584420528 ) ) ;
#5600 = DIRECTION ( 'NONE',  ( 0.000000000000000000, 0.000000000000000000, 1.000000000000000000 ) ) ;
#5601 = CARTESIAN_POINT ( 'NONE',  ( 2.329157567319218636, 0.6868224394278835687, -0.9425604135977624365 ) ) ;
#5602 = CYLINDRICAL_SURFACE ( 'NONE', #1029, 0.1499999999999999667 ) ;
#5603 = VECTOR ( 'NONE', #7753, 1000.000000000000000 ) ;
#5604 = CARTESIAN_POINT ( 'NONE',  ( -1.199999999999999956, 1.100000000000000089, -1.322618543079141247E-16 ) ) ;
#5605 = ORIENTED_EDGE ( 'NONE', *, *, #1081, .T. ) ;
#5606 = CARTESIAN_POINT ( 'NONE',  ( 1.136897420000000158, 1.172314698999999960, 1.667076891999999866 ) ) ;
#5607 = CARTESIAN_POINT ( 'NONE',  ( -0.1493274900518996584, 0.09018804800000003452, -2.300000000047734083 ) ) ;
#5608 = DIRECTION ( 'NONE',  ( -0.000000000000000000, -1.000000000000000000, 0.000000000000000000 ) ) ;
#5609 = ORIENTED_EDGE ( 'NONE', *, *, #7437, .T. ) ;
#5610 = EDGE_CURVE ( 'NONE', #8264, #9326, #5235, .T. ) ;
#5611 = LINE ( 'NONE', #4515, #3008 ) ;
#5612 = CARTESIAN_POINT ( 'NONE',  ( -1.586934931000000049, 0.8091943639999999993, 1.586918838000000109 ) ) ;
#5613 = ADVANCED_FACE ( 'NONE', ( #6123 ), #5293, .T. ) ;
#5614 = CARTESIAN_POINT ( 'NONE',  ( -1.600000000000000089, -0.002400000000000000657, 2.299999999999999822 ) ) ;
#5615 = AXIS2_PLACEMENT_3D ( 'NONE', #8244, #840, #3245 ) ;
#5616 = CARTESIAN_POINT ( 'NONE',  ( 0.5676680710850087186, 0.4934040023757511051, -2.449999999999998401 ) ) ;
#5617 = CARTESIAN_POINT ( 'NONE',  ( -0.9755274960000001050, 1.172138658000000166, 1.765470275000000200 ) ) ;
#5618 = CARTESIAN_POINT ( 'NONE',  ( -0.8932604076753928313, 0.6558176286467273242, 2.347368015090104620 ) ) ;
#5619 = VECTOR ( 'NONE', #9338, 1000.000000000000000 ) ;
#5620 = CARTESIAN_POINT ( 'NONE',  ( 1.836501306109988629, 1.102651866309820372, -0.9327620411714970805 ) ) ;
#5621 = CARTESIAN_POINT ( 'NONE',  ( -1.663608389889685180, 0.8234275291187833634, 1.493079625420083323 ) ) ;
#5622 = DIRECTION ( 'NONE',  ( -0.000000000000000000, -1.000000000000000000, -0.000000000000000000 ) ) ;
#5623 = ORIENTED_EDGE ( 'NONE', *, *, #6810, .T. ) ;
#5624 = CARTESIAN_POINT ( 'NONE',  ( 1.196581329799999871, 1.128070057059999964, -1.658065775530000785 ) ) ;
#5625 = CARTESIAN_POINT ( 'NONE',  ( 1.951655119646538372, 0.8232097599478651606, -1.089761193734160916 ) ) ;
#5626 = EDGE_CURVE ( 'NONE', #3394, #2370, #8051, .T. ) ;
#5627 = ORIENTED_EDGE ( 'NONE', *, *, #9088, .T. ) ;
#5628 = EDGE_LOOP ( 'NONE', ( #7740, #8002, #1338, #7578 ) ) ;
#5629 = B_SPLINE_SURFACE_WITH_KNOTS ( 'NONE', 3, 3, ( 
 ( #8421, #1671, #9183, #912 ),
 ( #4251, #85, #1782, #6180 ),
 ( #3476, #6832, #10169, #1015 ),
 ( #4521, #5236, #7709, #9350 ),
 ( #9457, #1123, #4418, #2188 ),
 ( #198, #302, #492, #3832 ),
 ( #4465, #2659, #8527, #3637 ) ),
 .UNSPECIFIED., .F., .F., .F.,
 ( 4, 3, 4 ),
 ( 4, 4 ),
 ( -0.01529547625797110164, 0.000000000000000000, 1.000000000000000000 ),
 ( 0.000000000000000000, 1.000000000000000000 ),
 .UNSPECIFIED. ) ;
#5630 = AXIS2_PLACEMENT_3D ( 'NONE', #2367, #19, #3355 ) ;
#5631 = CARTESIAN_POINT ( 'NONE',  ( 1.939203380592396053, 0.8293583434250991759, 1.103685432115014020 ) ) ;
#5632 = VECTOR ( 'NONE', #8123, 1000.000000000000000 ) ;
#5633 = CARTESIAN_POINT ( 'NONE',  ( -1.847946906999999861, 0.8211772470000000546, -1.274317192000000931 ) ) ;
#5634 = LINE ( 'NONE', #8201, #9069 ) ;
#5635 = DIRECTION ( 'NONE',  ( 0.000000000000000000, 0.000000000000000000, -1.000000000000000000 ) ) ;
#5636 = AXIS2_PLACEMENT_3D ( 'NONE', #743, #2117, #9527 ) ;
#5637 = CARTESIAN_POINT ( 'NONE',  ( 2.293438055000000197, 0.6833333330000000982, -0.9950587360000001658 ) ) ;
#5638 = EDGE_CURVE ( 'NONE', #9357, #2910, #4415, .T. ) ;
#5639 = VERTEX_POINT ( 'NONE', #3531 ) ;
#5640 = ORIENTED_EDGE ( 'NONE', *, *, #1780, .T. ) ;
#5641 = ORIENTED_EDGE ( 'NONE', *, *, #127, .T. ) ;
#5642 = CARTESIAN_POINT ( 'NONE',  ( 1.771521321999999676, 1.027568332999999834, 1.158921607999999770 ) ) ;
#5643 = CARTESIAN_POINT ( 'NONE',  ( 0.5611386507954039260, 0.5019570443933726311, -2.349999999999999201 ) ) ;
#5644 = CARTESIAN_POINT ( 'NONE',  ( 0.6000000000000000888, 0.8000000000000000444, -2.250000000000001776 ) ) ;
#5645 = CARTESIAN_POINT ( 'NONE',  ( 1.638602176905542995, 1.199999999998405675, -0.9937765274709202679 ) ) ;
#5646 = AXIS2_PLACEMENT_3D ( 'NONE', #8318, #151, #3486 ) ;
#5647 = CARTESIAN_POINT ( 'NONE',  ( -1.696049974548434092, 1.199999999999989297, 0.8916291299669070192 ) ) ;
#5648 = CARTESIAN_POINT ( 'NONE',  ( 0.9415874683067296802, 0.6863465884886736923, -2.329707320506051005 ) ) ;
#5649 = DIRECTION ( 'NONE',  ( 0.000000000000000000, 0.000000000000000000, -1.000000000000000000 ) ) ;
#5650 = CARTESIAN_POINT ( 'NONE',  ( 1.266245062000000088, 0.8233475089999999774, 1.844904738999999960 ) ) ;
#5651 = ADVANCED_FACE ( 'NONE', ( #9401 ), #1778, .F. ) ;
#5652 = CARTESIAN_POINT ( 'NONE',  ( 0.6000000000000006439, 0.09018804799999996513, 1.841648231662818880 ) ) ;
#5653 = B_SPLINE_CURVE_WITH_KNOTS ( 'NONE', 3,
 ( #9506, #5338, #8680, #1169, #9604, #2090, #8788, #3392, #7786, #5209, #10199, #7678, #8550, #10081, #3503, #9429, #1097, #3611, #7625, #2518, #4439, #5879, #2628, #167, #9263, #6860, #8606, #1752, #5988, #4383, #6911, #1910, #277, #2686, #7571, #3557, #9323, #57, #1695, #6040, #989, #879, #6746, #10139, #2571, #113, #1040, #5932, #9207, #5043, #8390, #5101, #7735, #225, #4220, #8448, #1856, #936, #4273, #10253, #6800, #6965, #9372, #3445, #2737, #6096, #5263, #1807, #5154, #8500, #4327, #10465, #5318, #2946, #10521, #6305, #9638, #3719, #2843, #1255, #7948, #7073, #1148, #383, #5532, #10411, #2124, #431, #9485, #481, #6201, #2891, #1357, #4495 ),
 .UNSPECIFIED., .F., .F.,
 ( 4, 3, 3, 3, 3, 3, 3, 3, 3, 3, 3, 3, 3, 3, 3, 3, 3, 3, 3, 3, 3, 3, 3, 3, 3, 3, 3, 3, 3, 3, 3, 4 ),
 ( 1.734420380411486915E-13, 6.876687053125773481E-06, 1.375334455942326539E-05, 1.719042193419512921E-05, 2.062749922873917985E-05, 2.750415082511586463E-05, 3.094122921527680539E-05, 3.437830871109308123E-05, 3.781538944259907602E-05, 4.469208943510539052E-05, 4.812917250693630675E-05, 5.156625680683607130E-05, 5.844299847345192937E-05, 6.188008454818637446E-05, 6.531717127246967501E-05, 7.219393540950982415E-05, 7.563102261195748068E-05, 7.906810964908706060E-05, 8.594486870491554033E-05, 8.938195475331639516E-05, 9.281903987701661275E-05, 9.625612392934045785E-05, 0.0001031328410658995717, 0.0001065699228620520657, 0.0001100070033301985087, 0.0001168836759069073468, 0.0001203207542893840453, 0.0001237578318908019324, 0.0001306344787872691865, 0.0001340715562706283940, 0.0001375086346474522114, 0.0001450627076987149797 ),
 .UNSPECIFIED. ) ;
#5654 = ORIENTED_EDGE ( 'NONE', *, *, #8330, .F. ) ;
#5655 = VECTOR ( 'NONE', #1819, 1000.000000000000000 ) ;
#5656 = CARTESIAN_POINT ( 'NONE',  ( -2.315104722000000059, 0.6566122890000000156, 0.9177338649999999820 ) ) ;
#5657 = CARTESIAN_POINT ( 'NONE',  ( -2.306909757727972021, 0.6983419258124948792, 0.9766115179861446505 ) ) ;
#5658 = DIRECTION ( 'NONE',  ( 0.000000000000000000, -1.000000000000000000, 0.000000000000000000 ) ) ;
#5659 = CARTESIAN_POINT ( 'NONE',  ( 2.322528817517976130, 0.6916768415404238590, -0.9535835535582268818 ) ) ;
#5660 = CARTESIAN_POINT ( 'NONE',  ( 1.180563230972916822, 0.8240051625696295234, 1.899358253386957296 ) ) ;
#5661 = CARTESIAN_POINT ( 'NONE',  ( 0.1499999976451281691, 0.1909167856133076047, 2.308505452397830116 ) ) ;
#5662 = CARTESIAN_POINT ( 'NONE',  ( -1.083296237209204760, 1.099999999999999867, -0.5169342004846180227 ) ) ;
#5663 = ORIENTED_EDGE ( 'NONE', *, *, #9365, .F. ) ;
#5664 = CARTESIAN_POINT ( 'NONE',  ( 1.121186172316800622, 1.200000040965599757, 1.553257595098800570 ) ) ;
#5665 = CARTESIAN_POINT ( 'NONE',  ( -2.299999999868550304, 0.6500000000000001332, 0.9186285210000001422 ) ) ;
#5666 = CARTESIAN_POINT ( 'NONE',  ( 2.299999999999999822, 0.7000000000000000666, 1.250000000474073669 ) ) ;
#5667 = VERTEX_POINT ( 'NONE', #7708 ) ;
#5668 = CARTESIAN_POINT ( 'NONE',  ( 0.1500883695109156701, 0.1850746815102812526, 2.402832177264432101 ) ) ;
#5669 = CARTESIAN_POINT ( 'NONE',  ( -1.580385319473883277, 0.8240143682553162652, 1.580369292774798762 ) ) ;
#5670 = LINE ( 'NONE', #3185, #7099 ) ;
#5671 = ORIENTED_EDGE ( 'NONE', *, *, #10761, .T. ) ;
#5672 = CARTESIAN_POINT ( 'NONE',  ( 1.750000000000000000, 0.6500000000000001332, -1.750000000000000000 ) ) ;
#5673 = CARTESIAN_POINT ( 'NONE',  ( -1.065069161000000042, 1.199997967000000054, 1.654817089000000241 ) ) ;
#5674 = CARTESIAN_POINT ( 'NONE',  ( -0.9199794693514335986, 0.6740907624239473872, 2.340114896599025052 ) ) ;
#5675 = ADVANCED_FACE ( 'NONE', ( #31 ), #9456, .F. ) ;
#5676 = ADVANCED_FACE ( 'NONE', ( #5128 ), #2657, .F. ) ;
#5677 = CARTESIAN_POINT ( 'NONE',  ( -2.174999999999999822, 0.7999999999999999334, -1.875000000000000000 ) ) ;
#5678 = CARTESIAN_POINT ( 'NONE',  ( 0.9361342569290116433, 0.6835502102451179729, 2.332672633057770284 ) ) ;
#5679 = LINE ( 'NONE', #511, #4654 ) ;
#5680 = ORIENTED_EDGE ( 'NONE', *, *, #9278, .T. ) ;
#5681 = CARTESIAN_POINT ( 'NONE',  ( 1.036641122020000028, 1.127728565369999991, -1.762585340040000226 ) ) ;
#5682 = CARTESIAN_POINT ( 'NONE',  ( -1.612097062816101989, 1.199999999999960876, -1.037676851523288368 ) ) ;
#5683 = CARTESIAN_POINT ( 'NONE',  ( -1.000000000000597966, 1.500000000000000000, 1.198016373758627971E-16 ) ) ;
#5684 = VERTEX_POINT ( 'NONE', #6886 ) ;
#5685 = VERTEX_POINT ( 'NONE', #8418 ) ;
#5686 = CARTESIAN_POINT ( 'NONE',  ( -1.788909179999999877, 1.128899024000000084, 0.9884086920000001442 ) ) ;
#5687 = CARTESIAN_POINT ( 'NONE',  ( -1.536339946000000012, 0.9236595380000001132, -1.536339946000000012 ) ) ;
#5688 = DIRECTION ( 'NONE',  ( -1.000000000000000000, 0.000000000000000000, 0.000000000000000000 ) ) ;
#5689 = EDGE_CURVE ( 'NONE', #10352, #8611, #8634, .T. ) ;
#5690 = EDGE_CURVE ( 'NONE', #2655, #8524, #1388, .T. ) ;
#5691 = PLANE ( 'NONE',  #629 ) ;
#5692 = CARTESIAN_POINT ( 'NONE',  ( 2.315104722000000059, 0.6566122890000000156, -0.9177338649999999820 ) ) ;
#5693 = VERTEX_POINT ( 'NONE', #910 ) ;
#5694 = ORIENTED_EDGE ( 'NONE', *, *, #9557, .T. ) ;
#5695 = ORIENTED_EDGE ( 'NONE', *, *, #5560, .T. ) ;
#5696 = CARTESIAN_POINT ( 'NONE',  ( -2.293438055093223404, 0.6500000000000001332, 0.9950587357318478876 ) ) ;
#5697 = CARTESIAN_POINT ( 'NONE',  ( 0.6000000000000000888, 0.6113869059027521313, -2.350000000000000089 ) ) ;
#5698 = CARTESIAN_POINT ( 'NONE',  ( 1.701356966999999942, 1.199999999999999956, -0.8817563100000000986 ) ) ;
#5699 = CARTESIAN_POINT ( 'NONE',  ( 0.9269588051058420541, 1.199999999998401012, -1.677117331756080576 ) ) ;
#5700 = DIRECTION ( 'NONE',  ( 1.000000000000000000, 0.000000000000000000, 0.000000000000000000 ) ) ;
#5701 = CARTESIAN_POINT ( 'NONE',  ( -1.355412177683144259, 1.199999999999961542, 1.355449136683162470 ) ) ;
#5702 = EDGE_CURVE ( 'NONE', #7102, #59, #9237, .T. ) ;
#5703 = LINE ( 'NONE', #6574, #10778 ) ;
#5704 = DIRECTION ( 'NONE',  ( 1.000000000000000000, -0.000000000000000000, -0.000000000000000000 ) ) ;
#5705 = AXIS2_PLACEMENT_3D ( 'NONE', #1240, #6138, #467 ) ;
#5706 = CARTESIAN_POINT ( 'NONE',  ( 1.653368040686668872, 0.8236714934304225633, 1.507690373693607366 ) ) ;
#5707 = VECTOR ( 'NONE', #4893, 1000.000000000000000 ) ;
#5708 = CARTESIAN_POINT ( 'NONE',  ( 0.9704729579999999967, 1.028454669999999904, -1.868922369999999944 ) ) ;
#5709 = VERTEX_POINT ( 'NONE', #6066 ) ;
#5710 = CARTESIAN_POINT ( 'NONE',  ( 0.3000000000144261159, 0.3500000000078385964, -2.349999999999999645 ) ) ;
#5711 = DIRECTION ( 'NONE',  ( 0.000000000000000000, 0.000000000000000000, -1.000000000000000000 ) ) ;
#5712 = CARTESIAN_POINT ( 'NONE',  ( 2.449999999999999734, -0.05000000000000000971, -0.4999999999999998890 ) ) ;
#5713 = CARTESIAN_POINT ( 'NONE',  ( 2.311466508390804364, 0.6969612823960577019, -0.9701547041347859945 ) ) ;
#5714 = CARTESIAN_POINT ( 'NONE',  ( 1.089814564000000097, 0.8230413210000000479, 1.951748821000000245 ) ) ;
#5715 = AXIS2_PLACEMENT_3D ( 'NONE', #2272, #7434, #5635 ) ;
#5716 = CARTESIAN_POINT ( 'NONE',  ( 2.174999999999999822, 0.7000000000000000666, -1.250000000000000000 ) ) ;
#5717 = EDGE_CURVE ( 'NONE', #1061, #5772, #1122, .T. ) ;
#5718 = CARTESIAN_POINT ( 'NONE',  ( 1.750000000000000000, 0.6500000000000001332, 1.449999999999999956 ) ) ;
#5719 = VERTEX_POINT ( 'NONE', #4354 ) ;
#5720 = CARTESIAN_POINT ( 'NONE',  ( 1.196610500500000507, 1.128070106869999645, 1.658044741340000794 ) ) ;
#5721 = CARTESIAN_POINT ( 'NONE',  ( -1.753503752999999721, 0.8000000000000000444, -1.457415929000000832 ) ) ;
#5722 = FACE_OUTER_BOUND ( 'NONE', #6308, .T. ) ;
#5723 = EDGE_LOOP ( 'NONE', ( #9282, #1046, #1484, #6713 ) ) ;
#5724 = CARTESIAN_POINT ( 'NONE',  ( 0.1501325560046248009, 0.1686514506624673948, 2.432233590060195905 ) ) ;
#5725 = CARTESIAN_POINT ( 'NONE',  ( -1.782890493999999881, 0.8234081889999999015, 1.348271161000000218 ) ) ;
#5726 = LINE ( 'NONE', #3295, #5168 ) ;
#5727 = CYLINDRICAL_SURFACE ( 'NONE', #9442, 0.09999999999999982514 ) ;
#5728 = CARTESIAN_POINT ( 'NONE',  ( -0.9038743710000004539, 1.172051404000000296, 1.803155140000000101 ) ) ;
#5729 = CARTESIAN_POINT ( 'NONE',  ( -0.8951058464356245192, 0.6571459163132304937, 2.347080172006249743 ) ) ;
#5730 = CYLINDRICAL_SURFACE ( 'NONE', #5984, 0.1499999999999999667 ) ;
#5731 = CARTESIAN_POINT ( 'NONE',  ( -0.1499999999780798343, 0.09237426141778436184, -2.325516358023830499 ) ) ;
#5732 = DIRECTION ( 'NONE',  ( -0.000000000000000000, -1.000000000000000000, -0.000000000000000000 ) ) ;
#5733 = ORIENTED_EDGE ( 'NONE', *, *, #8709, .F. ) ;
#5734 = CARTESIAN_POINT ( 'NONE',  ( 1.036505892680000152, 1.128160284579999839, -1.762354374360000087 ) ) ;
#5735 = CARTESIAN_POINT ( 'NONE',  ( 1.653304057887328149, 0.8238429278129093536, -1.507601345993062170 ) ) ;
#5736 = DIRECTION ( 'NONE',  ( 0.000000000000000000, -1.000000000000000000, 0.000000000000000000 ) ) ;
#5737 = EDGE_CURVE ( 'NONE', #9465, #9722, #2545, .T. ) ;
#5738 = EDGE_LOOP ( 'NONE', ( #6445, #1234, #7168, #1599, #7236, #4885, #469, #5993, #5751, #305, #8806, #3210 ) ) ;
#5739 = VERTEX_POINT ( 'NONE', #10489 ) ;
#5740 = CARTESIAN_POINT ( 'NONE',  ( -1.494055846420000000, 1.200000020229999853, 1.204320841979999779 ) ) ;
#5741 = CARTESIAN_POINT ( 'NONE',  ( -1.868922641999999801, 1.028454672999999930, -0.9704724320000001070 ) ) ;
#5742 = CARTESIAN_POINT ( 'NONE',  ( -0.6000000000000000888, 0.7000000000000000666, 2.250000000000001776 ) ) ;
#5743 = CARTESIAN_POINT ( 'NONE',  ( 0.7250000000000000888, 0.1799999999999999933, 0.8500000000000000888 ) ) ;
#5744 = ORIENTED_EDGE ( 'NONE', *, *, #8816, .F. ) ;
#5745 = CARTESIAN_POINT ( 'NONE',  ( 2.348692979999999597, 0.6747346400000006073, -0.9184392820000000235 ) ) ;
#5746 = ORIENTED_EDGE ( 'NONE', *, *, #3911, .T. ) ;
#5747 = AXIS2_PLACEMENT_3D ( 'NONE', #10765, #8301, #5119 ) ;
#5748 = EDGE_CURVE ( 'NONE', #2691, #10350, #4464, .T. ) ;
#5749 = EDGE_LOOP ( 'NONE', ( #5050, #416, #8005, #574 ) ) ;
#5750 = EDGE_CURVE ( 'NONE', #103, #3, #1988, .T. ) ;
#5751 = ORIENTED_EDGE ( 'NONE', *, *, #6015, .F. ) ;
#5752 = DIRECTION ( 'NONE',  ( 0.000000000000000000, 1.000000000000000000, -0.000000000000000000 ) ) ;
#5753 = CARTESIAN_POINT ( 'NONE',  ( 1.199999999999999734, 1.100000000000000089, -0.07655345563738130688 ) ) ;
#5754 = CARTESIAN_POINT ( 'NONE',  ( 1.428288591407759212, 1.199999999998418998, -1.282574781383446272 ) ) ;
#5755 = CARTESIAN_POINT ( 'NONE',  ( 0.9554791260000000674, 0.6833333330000000982, -2.314042747999999872 ) ) ;
#5756 = AXIS2_PLACEMENT_3D ( 'NONE', #8802, #2158, #7987 ) ;
#5757 = DIRECTION ( 'NONE',  ( -0.000000000000000000, -0.000000000000000000, 1.000000000000000000 ) ) ;
#5758 = CARTESIAN_POINT ( 'NONE',  ( 2.299999999999999822, 0.6500000000130805589, -2.100000000000000089 ) ) ;
#5759 = CARTESIAN_POINT ( 'NONE',  ( 1.865962600999999887, 0.8000000000000000444, 1.280665334000000044 ) ) ;
#5760 = CARTESIAN_POINT ( 'NONE',  ( 1.771521287999999528, 1.027568332999999834, -1.158921654999999662 ) ) ;
#5761 = EDGE_LOOP ( 'NONE', ( #6392, #1430, #1509, #9733 ) ) ;
#5762 = CARTESIAN_POINT ( 'NONE',  ( -0.9269654040000000483, 1.171877378000000025, -1.791954317999999713 ) ) ;
#5763 = EDGE_CURVE ( 'NONE', #7950, #5351, #7811, .T. ) ;
#5764 = CARTESIAN_POINT ( 'NONE',  ( -2.293438055126114872, 0.7000000000000002887, 0.9950587356560396390 ) ) ;
#5765 = AXIS2_PLACEMENT_3D ( 'NONE', #4894, #3902, #6597 ) ;
#5766 = DIRECTION ( 'NONE',  ( 0.000000000000000000, -1.000000000000000000, 0.000000000000000000 ) ) ;
#5767 = CARTESIAN_POINT ( 'NONE',  ( 2.342297690168489765, 0.6702903203288416156, -0.9140846774497284333 ) ) ;
#5768 = CARTESIAN_POINT ( 'NONE',  ( 1.201700740999999795, 0.8000000000000000444, 1.936482202000000097 ) ) ;
#5769 = CARTESIAN_POINT ( 'NONE',  ( -0.1493274900518996584, 0.1901880480000000262, -2.300000000047734083 ) ) ;
#5770 = DIRECTION ( 'NONE',  ( 0.000000000000000000, 0.000000000000000000, 1.000000000000000000 ) ) ;
#5771 = CIRCLE ( 'NONE', #5242, 2.500000000000000000 ) ;
#5772 = VERTEX_POINT ( 'NONE', #8682 ) ;
#5773 = CARTESIAN_POINT ( 'NONE',  ( 1.204317664949799749, 1.200000020432299808, 1.494051898264199929 ) ) ;
#5774 = CARTESIAN_POINT ( 'NONE',  ( -1.720783832009090020, 0.8236401142068870973, -1.430241494230978239 ) ) ;
#5775 = CARTESIAN_POINT ( 'NONE',  ( 0.5999999999999999778, 0.6999999999999998446, 2.299999999999999822 ) ) ;
#5776 = ORIENTED_EDGE ( 'NONE', *, *, #9649, .T. ) ;
#5777 = CARTESIAN_POINT ( 'NONE',  ( 1.055841641349556825, 1.199999999999999956, -0.5730629696521875038 ) ) ;
#5778 = CARTESIAN_POINT ( 'NONE',  ( -2.326711402113310623, 0.6887936567538852639, -0.9467671739599800018 ) ) ;
#5779 = EDGE_CURVE ( 'NONE', #9326, #1165, #506, .T. ) ;
#5780 = CARTESIAN_POINT ( 'NONE',  ( 0.6000000000499999819, 0.7000000000001651568, 2.293438055127554165 ) ) ;
#5781 = PLANE ( 'NONE',  #9258 ) ;
#5782 = PLANE ( 'NONE',  #4934 ) ;
#5783 = CARTESIAN_POINT ( 'NONE',  ( -0.9686882055272778569, 0.6966121530619110436, 2.312491743227006236 ) ) ;
#5784 = AXIS2_PLACEMENT_3D ( 'NONE', #3660, #6960, #7942 ) ;
#5785 = LINE ( 'NONE', #620, #7206 ) ;
#5786 = CARTESIAN_POINT ( 'NONE',  ( 0.9223949678626013338, 1.128615992765412912, -1.823793474728519826 ) ) ;
#5787 = CARTESIAN_POINT ( 'NONE',  ( 2.100000000000000089, 0.000000000000000000, 2.299999999999999822 ) ) ;
#5788 = ORIENTED_EDGE ( 'NONE', *, *, #7665, .F. ) ;
#5789 = VECTOR ( 'NONE', #1266, 1000.000000000000000 ) ;
#5790 = CARTESIAN_POINT ( 'NONE',  ( 0.9755274960000001050, 1.172138658000000166, -1.765470275000000200 ) ) ;
#5791 = CARTESIAN_POINT ( 'NONE',  ( -1.494478948754250913, 1.199999999999961542, -1.204602344606905850 ) ) ;
#5792 = CARTESIAN_POINT ( 'NONE',  ( -2.298438055000000091, 0.6476198850000001173, -0.9173838330000000374 ) ) ;
#5793 = CARTESIAN_POINT ( 'NONE',  ( -1.281898310539999919, 1.200000040400000190, -1.427534577280000105 ) ) ;
#5794 = EDGE_LOOP ( 'NONE', ( #5968, #216, #5935, #1624 ) ) ;
#5795 = VERTEX_POINT ( 'NONE', #8735 ) ;
#5796 = CARTESIAN_POINT ( 'NONE',  ( -1.689693189578800103, 1.128415256313600068, 1.152271626899399770 ) ) ;
#5797 = CARTESIAN_POINT ( 'NONE',  ( 0.7250000000033204328, 0.02000000000000001082, -0.8500000000527343502 ) ) ;
#5798 = CARTESIAN_POINT ( 'NONE',  ( 0.9551290950000000946, 0.7000000000000000666, 2.323035152000000103 ) ) ;
#5799 = DIRECTION ( 'NONE',  ( 0.000000000000000000, 0.000000000000000000, -1.000000000000000000 ) ) ;
#5800 = VERTEX_POINT ( 'NONE', #8897 ) ;
#5801 = DIRECTION ( 'NONE',  ( 0.000000000000000000, 0.000000000000000000, -1.000000000000000000 ) ) ;
#5802 = VERTEX_POINT ( 'NONE', #2815 ) ;
#5803 = AXIS2_PLACEMENT_3D ( 'NONE', #4221, #9158, #768 ) ;
#5804 = ORIENTED_EDGE ( 'NONE', *, *, #2684, .F. ) ;
#5805 = ORIENTED_EDGE ( 'NONE', *, *, #4923, .F. ) ;
#5806 = CARTESIAN_POINT ( 'NONE',  ( 1.726622509952035811, 1.199998759811965243, 0.8991327185052808701 ) ) ;
#5807 = CARTESIAN_POINT ( 'NONE',  ( -1.123303905251922918, 1.200000000000000178, -0.4225597742086678599 ) ) ;
#5808 = FACE_OUTER_BOUND ( 'NONE', #9710, .T. ) ;
#5809 = CARTESIAN_POINT ( 'NONE',  ( 1.940568756396821470, 0.8262818000711495969, -1.105245510528257702 ) ) ;
#5810 = AXIS2_PLACEMENT_3D ( 'NONE', #280, #5373, #3773 ) ;
#5811 = VECTOR ( 'NONE', #3648, 1000.000000000000000 ) ;
#5812 = EDGE_CURVE ( 'NONE', #2144, #7377, #1226, .T. ) ;
#5813 = B_SPLINE_CURVE_WITH_KNOTS ( 'NONE', 3,
 ( #7059, #10396, #261, #3593, #6950, #10289 ),
 .UNSPECIFIED., .F., .F.,
 ( 4, 2, 4 ),
 ( 0.000000000000000000, 0.5000000000000000000, 1.000000000000000000 ),
 .UNSPECIFIED. ) ;
#5814 = EDGE_CURVE ( 'NONE', #2072, #7737, #3027, .T. ) ;
#5815 = CARTESIAN_POINT ( 'NONE',  ( 0.9381360304270943695, 0.6846030893172412313, -2.331608873625833134 ) ) ;
#5816 = DIRECTION ( 'NONE',  ( 0.000000000000000000, 1.445602896647339508E-15, 1.000000000000000000 ) ) ;
#5817 = CARTESIAN_POINT ( 'NONE',  ( 1.582636256326000357, 1.200000061508999627, -1.079492914818400262 ) ) ;
#5818 = CARTESIAN_POINT ( 'NONE',  ( -1.728828654571911594, 1.199999999999999956, 0.8996735206198428481 ) ) ;
#5819 = VERTEX_POINT ( 'NONE', #2202 ) ;
#5820 = FACE_OUTER_BOUND ( 'NONE', #9418, .T. ) ;
#5821 = VERTEX_POINT ( 'NONE', #3636 ) ;
#5822 = VECTOR ( 'NONE', #6622, 1000.000000000000000 ) ;
#5823 = DIRECTION ( 'NONE',  ( -0.000000000000000000, -0.000000000000000000, -1.000000000000000000 ) ) ;
#5824 = B_SPLINE_CURVE_WITH_KNOTS ( 'NONE', 3,
 ( #6003, #7695, #3623, #3571, #7851, #2804, #3519, #7640, #128, #3462, #6876 ),
 .UNSPECIFIED., .F., .F.,
 ( 4, 2, 1, 2, 2, 4 ),
 ( 0.000000000000000000, 0.5000000000000001110, 0.6250000000000002220, 0.6875000000000003331, 0.7500000000000004441, 1.000000000000000000 ),
 .UNSPECIFIED. ) ;
#5825 = CARTESIAN_POINT ( 'NONE',  ( -1.130538914000000172, 0.8500000000000000888, 1.984650023000000374 ) ) ;
#5826 = CARTESIAN_POINT ( 'NONE',  ( -0.5999999999999998668, 0.6500000000000001332, -2.299999999999999822 ) ) ;
#5827 = CYLINDRICAL_SURFACE ( 'NONE', #4170, 0.1999999999999996503 ) ;
#5828 = EDGE_CURVE ( 'NONE', #4091, #4332, #10496, .T. ) ;
#5829 = AXIS2_PLACEMENT_3D ( 'NONE', #9343, #295, #3629 ) ;
#5830 = LINE ( 'NONE', #8229, #18 ) ;
#5831 = VERTEX_POINT ( 'NONE', #9664 ) ;
#5832 = CARTESIAN_POINT ( 'NONE',  ( 1.427561974505400455, 1.200000040803999912, 1.281852602881199843 ) ) ;
#5833 = CARTESIAN_POINT ( 'NONE',  ( -1.524963085999999857, 0.8000000000000000444, -1.672350194000000290 ) ) ;
#5834 = CARTESIAN_POINT ( 'NONE',  ( 2.449999999999999734, 0.6500000000000002442, -1.249999999999999778 ) ) ;
#5835 = ORIENTED_EDGE ( 'NONE', *, *, #320, .F. ) ;
#5836 = CARTESIAN_POINT ( 'NONE',  ( 0.1501325507174437190, 0.2163954090436439048, 2.343980140993398464 ) ) ;
#5837 = CARTESIAN_POINT ( 'NONE',  ( -2.337189275221062790, 0.6783540623562980265, -0.9269163975550969159 ) ) ;
#5838 = DIRECTION ( 'NONE',  ( 0.000000000000000000, 0.000000000000000000, -1.000000000000000000 ) ) ;
#5839 = ORIENTED_EDGE ( 'NONE', *, *, #616, .F. ) ;
#5840 = CYLINDRICAL_SURFACE ( 'NONE', #2777, 2.174999999999999822 ) ;
#5841 = CARTESIAN_POINT ( 'NONE',  ( -1.750000000000000000, 0.6400000000000001243, -1.750000000000000000 ) ) ;
#5842 = CARTESIAN_POINT ( 'NONE',  ( -0.9392643618306875108, 0.6851810525696885312, 2.330994452782437332 ) ) ;
#5843 = B_SPLINE_CURVE_WITH_KNOTS ( 'NONE', 3,
 ( #9847, #5753, #9685, #9789, #531, #10623, #4921, #6458, #642, #2224, #3926, #695, #8266, #7280, #4094, #4811, #5585, #7442 ),
 .UNSPECIFIED., .F., .F.,
 ( 4, 1, 1, 2, 2, 2, 1, 1, 2, 2, 4 ),
 ( 0.000000000000000000, 0.06249999999999987510, 0.09374999999999977796, 0.1093749999999997502, 0.1249999999999997224, 0.2499999999999999445, 0.3125000000000000555, 0.3437500000000000555, 0.3593750000000000000, 0.3750000000000000000, 0.5000000000000000000 ),
 .UNSPECIFIED. ) ;
#5844 = EDGE_CURVE ( 'NONE', #5859, #7553, #2147, .T. ) ;
#5845 = DIRECTION ( 'NONE',  ( 0.000000000000000000, -0.9431887185515800409, 0.3322574923113522649 ) ) ;
#5846 = CARTESIAN_POINT ( 'NONE',  ( -0.5999999999999998668, 0.6500000000000001332, -2.349999999995502797 ) ) ;
#5847 = CARTESIAN_POINT ( 'NONE',  ( 1.562488038377651822, 0.8236258387956326699, 1.598609989100635786 ) ) ;
#5848 = ORIENTED_EDGE ( 'NONE', *, *, #3800, .F. ) ;
#5849 = CARTESIAN_POINT ( 'NONE',  ( 1.059643952999999916, 1.129079423000000082, -1.747719052999999745 ) ) ;
#5850 = CARTESIAN_POINT ( 'NONE',  ( -0.9034680445620520972, 1.199999999999960654, -1.689865219079287328 ) ) ;
#5851 = CARTESIAN_POINT ( 'NONE',  ( -0.9480694453667781740, 0.6893747577922432201, -2.325932375594217394 ) ) ;
#5852 = CARTESIAN_POINT ( 'NONE',  ( -1.747719052999999745, 1.129079423000000082, -1.059643952999999916 ) ) ;
#5853 = EDGE_LOOP ( 'NONE', ( #2154, #9762, #6064, #7355, #1533 ) ) ;
#5854 = ORIENTED_EDGE ( 'NONE', *, *, #4467, .T. ) ;
#5855 = CARTESIAN_POINT ( 'NONE',  ( -1.696805554000000216, 1.172271983000000128, 1.092017265000000181 ) ) ;
#5856 = CARTESIAN_POINT ( 'NONE',  ( 0.9950587360000001658, 0.6833333330000000982, 2.293438055000000197 ) ) ;
#5857 = ADVANCED_FACE ( 'NONE', ( #10334 ), #9606, .T. ) ;
#5858 = CYLINDRICAL_SURFACE ( 'NONE', #449, 0.3000000000000001554 ) ;
#5859 = VERTEX_POINT ( 'NONE', #6386 ) ;
#5860 = CARTESIAN_POINT ( 'NONE',  ( -2.338380492473840722, 0.6767119286986018611, 0.9241980275518535404 ) ) ;
#5861 = ORIENTED_EDGE ( 'NONE', *, *, #777, .T. ) ;
#5862 = ORIENTED_EDGE ( 'NONE', *, *, #3319, .T. ) ;
#5863 = VERTEX_POINT ( 'NONE', #3690 ) ;
#5864 = LINE ( 'NONE', #10062, #1086 ) ;
#5865 = DIRECTION ( 'NONE',  ( 1.000000000000000000, 0.000000000000000000, -0.000000000000000000 ) ) ;
#5866 = CARTESIAN_POINT ( 'NONE',  ( -2.174999999999999822, 0.7000000000000000666, 1.250000000562962787 ) ) ;
#5867 = LINE ( 'NONE', #8377, #6124 ) ;
#5868 = CARTESIAN_POINT ( 'NONE',  ( -0.5949446798745423592, 1.199999999999999734, 1.055282399342805988 ) ) ;
#5869 = CARTESIAN_POINT ( 'NONE',  ( 1.762582118840000600, 1.127728580639999700, -1.036646739300000286 ) ) ;
#5870 = ORIENTED_EDGE ( 'NONE', *, *, #238, .F. ) ;
#5871 = CARTESIAN_POINT ( 'NONE',  ( -0.9884086920000001442, 1.128899024000000084, -1.788909179999999877 ) ) ;
#5872 = EDGE_LOOP ( 'NONE', ( #4018, #3897, #362, #10783 ) ) ;
#5873 = CARTESIAN_POINT ( 'NONE',  ( -0.1499999953363487792, 0.2169134136929293799, -2.344252586433610119 ) ) ;
#5874 = EDGE_CURVE ( 'NONE', #7247, #10809, #6992, .T. ) ;
#5875 = CARTESIAN_POINT ( 'NONE',  ( 1.677117331756079688, 1.199999999998400790, 0.9269588051058413880 ) ) ;
#5876 = DIRECTION ( 'NONE',  ( 1.000000000000000000, 0.000000000000000000, 0.000000000000000000 ) ) ;
#5877 = CARTESIAN_POINT ( 'NONE',  ( 1.984642722779335955, 0.8000000000930004296, 1.117129161365465251 ) ) ;
#5878 = AXIS2_PLACEMENT_3D ( 'NONE', #7902, #392, #338 ) ;
#5879 = CARTESIAN_POINT ( 'NONE',  ( 2.344694062124844880, 0.6649454689990798029, 0.9061733658272186354 ) ) ;
#5880 = DIRECTION ( 'NONE',  ( 0.000000000000000000, 0.000000000000000000, -1.000000000000000000 ) ) ;
#5881 = VERTEX_POINT ( 'NONE', #7049 ) ;
#5882 = CARTESIAN_POINT ( 'NONE',  ( 1.552861960755900217, 1.200000061448399657, 1.120859920200299786 ) ) ;
#5883 = CARTESIAN_POINT ( 'NONE',  ( -1.899447562253398614, 0.8238327100604453390, -1.180622455034394003 ) ) ;
#5884 = LINE ( 'NONE', #1536, #1884 ) ;
#5885 = EDGE_LOOP ( 'NONE', ( #9533, #2048, #10045, #10120, #885 ) ) ;
#5886 = CARTESIAN_POINT ( 'NONE',  ( 0.1463463100000000350, 0.2267218800000000423, 2.383333332999999943 ) ) ;
#5887 = CARTESIAN_POINT ( 'NONE',  ( -2.323021433812132663, 0.6913840345693343936, -0.9528132794329439159 ) ) ;
#5888 = LINE ( 'NONE', #10, #8320 ) ;
#5889 = ORIENTED_EDGE ( 'NONE', *, *, #8477, .F. ) ;
#5890 = CARTESIAN_POINT ( 'NONE',  ( 1.712198935128401045, 0.8233051024031029508, -1.437626567433315294 ) ) ;
#5891 = EDGE_CURVE ( 'NONE', #3265, #4091, #2867, .T. ) ;
#5892 = EDGE_CURVE ( 'NONE', #9926, #7606, #10775, .T. ) ;
#5893 = DIRECTION ( 'NONE',  ( -1.000000000000000000, 0.000000000000000000, -0.000000000000000000 ) ) ;
#5894 = CARTESIAN_POINT ( 'NONE',  ( -0.9834495476388396273, 0.6993336121385915760, 2.301973779455086966 ) ) ;
#5895 = AXIS2_PLACEMENT_3D ( 'NONE', #21, #6602, #5172 ) ;
#5896 = DIRECTION ( 'NONE',  ( -1.000000000000000000, 0.000000000000000000, 0.000000000000000000 ) ) ;
#5897 = CARTESIAN_POINT ( 'NONE',  ( -0.6000000000000000888, 0.09018804800000004840, -2.300000000058809668 ) ) ;
#5898 = DIRECTION ( 'NONE',  ( 0.000000000000000000, 0.000000000000000000, -1.000000000000000000 ) ) ;
#5899 = EDGE_LOOP ( 'NONE', ( #832, #9668, #2609, #2456 ) ) ;
#5900 = CARTESIAN_POINT ( 'NONE',  ( 1.136873310999999998, 1.172314676999999916, -1.667093116999999847 ) ) ;
#5901 = FACE_OUTER_BOUND ( 'NONE', #5761, .T. ) ;
#5902 = CARTESIAN_POINT ( 'NONE',  ( -1.600000000000000089, 0.1000000000589311294, -2.300000000010321788 ) ) ;
#5903 = CARTESIAN_POINT ( 'NONE',  ( -1.765470275000000200, 1.172138658000000166, -0.9755274960000001050 ) ) ;
#5904 = VERTEX_POINT ( 'NONE', #2039 ) ;
#5905 = ORIENTED_EDGE ( 'NONE', *, *, #1280, .F. ) ;
#5906 = EDGE_CURVE ( 'NONE', #7980, #9856, #6582, .T. ) ;
#5907 = CARTESIAN_POINT ( 'NONE',  ( -1.612086498000000923, 1.199999999999999956, 1.037693789999999616 ) ) ;
#5908 = DIRECTION ( 'NONE',  ( 0.000000000000000000, 1.000000000000000000, -0.000000000000000000 ) ) ;
#5909 = AXIS2_PLACEMENT_3D ( 'NONE', #7091, #10431, #4409 ) ;
#5910 = CARTESIAN_POINT ( 'NONE',  ( -1.100000000000000311, 1.399999999999999911, 6.735557395310442516E-17 ) ) ;
#5911 = ORIENTED_EDGE ( 'NONE', *, *, #7706, .F. ) ;
#5912 = LINE ( 'NONE', #90, #788 ) ;
#5913 = ORIENTED_EDGE ( 'NONE', *, *, #10596, .T. ) ;
#5914 = ORIENTED_EDGE ( 'NONE', *, *, #6343, .F. ) ;
#5915 = ORIENTED_EDGE ( 'NONE', *, *, #1466, .F. ) ;
#5916 = EDGE_CURVE ( 'NONE', #1993, #8179, #6761, .T. ) ;
#5917 = CARTESIAN_POINT ( 'NONE',  ( -2.449999999999999734, -0.05000000000000000971, 1.250000000000000000 ) ) ;
#5918 = DIRECTION ( 'NONE',  ( -1.000000000000000000, -0.000000000000000000, -0.000000000000000000 ) ) ;
#5919 = CARTESIAN_POINT ( 'NONE',  ( -0.3000000000000000444, 0.02000000000000000389, 0.8500000000000000888 ) ) ;
#5920 = CARTESIAN_POINT ( 'NONE',  ( -2.348438054999999913, 0.6450000000000001288, -0.8785042870000000503 ) ) ;
#5921 = CARTESIAN_POINT ( 'NONE',  ( 1.400000000009876233, 0.7000000000000000666, -2.399999999999999911 ) ) ;
#5922 = CIRCLE ( 'NONE', #2218, 0.2999999999999999334 ) ;
#5923 = CARTESIAN_POINT ( 'NONE',  ( 1.720037642779999931, 1.127898428369999762, -1.106912903549999827 ) ) ;
#5924 = EDGE_LOOP ( 'NONE', ( #503, #5301, #9235, #4722, #8576, #8453 ) ) ;
#5925 = FACE_OUTER_BOUND ( 'NONE', #4622, .T. ) ;
#5926 = ORIENTED_EDGE ( 'NONE', *, *, #3621, .T. ) ;
#5927 = PLANE ( 'NONE',  #4713 ) ;
#5928 = CARTESIAN_POINT ( 'NONE',  ( -0.6000000000000000888, 0.6500000000000001332, 2.299999999999999822 ) ) ;
#5929 = VECTOR ( 'NONE', #1133, 1000.000000000000000 ) ;
#5930 = DIRECTION ( 'NONE',  ( -1.000000000000000000, 0.000000000000000000, -0.000000000000000000 ) ) ;
#5931 = DIRECTION ( 'NONE',  ( 0.000000000000000000, 1.000000000000000000, 0.000000000000000000 ) ) ;
#5932 = CARTESIAN_POINT ( 'NONE',  ( 2.331495709745535549, 0.6847125380695469055, 0.9383465744123419272 ) ) ;
#5933 = LINE ( 'NONE', #1753, #199 ) ;
#5934 = EDGE_CURVE ( 'NONE', #6970, #9363, #5004, .T. ) ;
#5935 = ORIENTED_EDGE ( 'NONE', *, *, #6850, .F. ) ;
#5936 = CARTESIAN_POINT ( 'NONE',  ( 1.657848213020000072, 1.128499950040000810, 1.196424737200000088 ) ) ;
#5937 = CARTESIAN_POINT ( 'NONE',  ( -1.684815353000000959, 0.8000000000000000444, -1.536357145000000202 ) ) ;
#5938 = DIRECTION ( 'NONE',  ( 0.000000000000000000, 0.000000000000000000, 1.000000000000000000 ) ) ;
#5939 = ORIENTED_EDGE ( 'NONE', *, *, #4700, .T. ) ;
#5940 = VECTOR ( 'NONE', #4411, 1000.000000000000000 ) ;
#5941 = FACE_OUTER_BOUND ( 'NONE', #2761, .T. ) ;
#5942 = CARTESIAN_POINT ( 'NONE',  ( -2.335569264434221637, 0.6803606708627449873, -0.9303691217000333857 ) ) ;
#5943 = CARTESIAN_POINT ( 'NONE',  ( 2.299999999999999822, 0.8000000000000000444, -1.984643122338672461 ) ) ;
#5944 = ORIENTED_EDGE ( 'NONE', *, *, #4802, .T. ) ;
#5945 = LINE ( 'NONE', #69, #7164 ) ;
#5946 = CARTESIAN_POINT ( 'NONE',  ( -0.9495193486935458171, 0.6500000000000004663, -2.296859593699210222 ) ) ;
#5947 = LINE ( 'NONE', #3569, #8910 ) ;
#5948 = EDGE_CURVE ( 'NONE', #8915, #4226, #5947, .T. ) ;
#5949 = EDGE_CURVE ( 'NONE', #5739, #9926, #3563, .T. ) ;
#5950 = CARTESIAN_POINT ( 'NONE',  ( 0.000000000000000000, 0.1901880480000000817, -1.620188048000000824 ) ) ;
#5951 = CARTESIAN_POINT ( 'NONE',  ( 1.308149483924343492, 1.129138584007066681, -1.570513872115242293 ) ) ;
#5952 = CARTESIAN_POINT ( 'NONE',  ( 1.546268921459682533, 0.8235739719751506982, 1.614301878244261079 ) ) ;
#5953 = VERTEX_POINT ( 'NONE', #8404 ) ;
#5954 = CARTESIAN_POINT ( 'NONE',  ( 1.904055624292319671, 0.9225075251103309615, -1.045674034812698716 ) ) ;
#5955 = CARTESIAN_POINT ( 'NONE',  ( 0.6959493144240931350, 1.199999999999999956, 0.9839140904542166277 ) ) ;
#5956 = CARTESIAN_POINT ( 'NONE',  ( 2.100000000000000089, 0.3667742510000000511, -2.500000000000000000 ) ) ;
#5957 = CARTESIAN_POINT ( 'NONE',  ( -1.776099709302199514, 1.128090814039599765, -1.012749852695999708 ) ) ;
#5958 = ORIENTED_EDGE ( 'NONE', *, *, #2959, .T. ) ;
#5959 = CARTESIAN_POINT ( 'NONE',  ( -1.533932219999999846, 1.199997976999999993, 1.236408846999999867 ) ) ;
#5960 = CARTESIAN_POINT ( 'NONE',  ( -1.836505072474836187, 1.102653138733901805, -1.115387573000000243 ) ) ;
#5961 = CARTESIAN_POINT ( 'NONE',  ( 0.9950587360000001658, 0.6666666670000001016, 2.293438055000000197 ) ) ;
#5962 = B_SPLINE_CURVE_WITH_KNOTS ( 'NONE', 3,
 ( #9972, #2464, #4827, #2298 ),
 .UNSPECIFIED., .F., .F.,
 ( 4, 4 ),
 ( 0.000000000000000000, 1.000000000000000000 ),
 .UNSPECIFIED. ) ;
#5963 = AXIS2_PLACEMENT_3D ( 'NONE', #5222, #7747, #10266 ) ;
#5964 = ADVANCED_FACE ( 'NONE', ( #9336 ), #9386, .T. ) ;
#5965 = DIRECTION ( 'NONE',  ( -1.000000000000000000, 0.000000000000000000, 0.000000000000000000 ) ) ;
#5966 = ORIENTED_EDGE ( 'NONE', *, *, #4410, .T. ) ;
#5967 = CARTESIAN_POINT ( 'NONE',  ( -2.346117515518328034, 0.6608220469066499181, 0.9002636052628877339 ) ) ;
#5968 = ORIENTED_EDGE ( 'NONE', *, *, #6099, .F. ) ;
#5969 = VERTEX_POINT ( 'NONE', #4236 ) ;
#5970 = VERTEX_POINT ( 'NONE', #4398 ) ;
#5971 = CARTESIAN_POINT ( 'NONE',  ( 1.823793480397792655, 1.128615982488745395, 0.9223949705300015234 ) ) ;
#5972 = VECTOR ( 'NONE', #4620, 1000.000000000000000 ) ;
#5973 = DIRECTION ( 'NONE',  ( 0.000000000000000000, 0.000000000000000000, -1.000000000000000000 ) ) ;
#5974 = LINE ( 'NONE', #10789, #5394 ) ;
#5975 = CARTESIAN_POINT ( 'NONE',  ( -1.444102009382494556, 1.129588042425244465, 1.446561046055288235 ) ) ;
#5976 = EDGE_CURVE ( 'NONE', #4087, #9843, #2968, .T. ) ;
#5977 = CARTESIAN_POINT ( 'NONE',  ( -0.4059364686620519636, 1.200000000000000178, 1.129394340884054326 ) ) ;
#5978 = VECTOR ( 'NONE', #9974, 1000.000000000000000 ) ;
#5979 = CARTESIAN_POINT ( 'NONE',  ( 1.762351153559999828, 1.128160299759999763, -1.036511509200000791 ) ) ;
#5980 = ORIENTED_EDGE ( 'NONE', *, *, #9254, .F. ) ;
#5981 = CARTESIAN_POINT ( 'NONE',  ( -0.9283799420000000691, 1.199997954999999950, -1.734384211999999703 ) ) ;
#5982 = VERTEX_POINT ( 'NONE', #4340 ) ;
#5983 = CARTESIAN_POINT ( 'NONE',  ( -1.823793474876908460, 1.128615992767299181, -0.9223949679090350795 ) ) ;
#5984 = AXIS2_PLACEMENT_3D ( 'NONE', #3244, #6055, #73 ) ;
#5985 = VECTOR ( 'NONE', #5130, 1000.000000000000000 ) ;
#5986 = CARTESIAN_POINT ( 'NONE',  ( -1.100000000000000089, 1.458578643762412197, 6.735557395310437586E-17 ) ) ;
#5987 = EDGE_CURVE ( 'NONE', #10217, #5831, #4731, .T. ) ;
#5988 = CARTESIAN_POINT ( 'NONE',  ( 2.341835794123692249, 0.6711366685201921589, 0.9153818316838662206 ) ) ;
#5989 = CARTESIAN_POINT ( 'NONE',  ( -2.296212748401287186E-18, 0.3500000000078384854, -2.349999999999999645 ) ) ;
#5990 = VERTEX_POINT ( 'NONE', #6922 ) ;
#5991 = CARTESIAN_POINT ( 'NONE',  ( 1.720048941100000617, 1.127898386709999867, 1.106894835290000101 ) ) ;
#5992 = CARTESIAN_POINT ( 'NONE',  ( 2.100000000000000089, 0.3667742510000000511, 2.500000000000000000 ) ) ;
#5993 = ORIENTED_EDGE ( 'NONE', *, *, #60, .F. ) ;
#5994 = VECTOR ( 'NONE', #6785, 1000.000000000000000 ) ;
#5995 = CARTESIAN_POINT ( 'NONE',  ( -1.000000000000000000, 0.7000000000000000666, -1.250000000474073891 ) ) ;
#5996 = CARTESIAN_POINT ( 'NONE',  ( -2.348438055019917758, 0.6554078882404399398, -0.8925456384544643296 ) ) ;
#5997 = DIRECTION ( 'NONE',  ( -0.000000000000000000, -1.000000000000000000, 0.000000000000000000 ) ) ;
#5998 = ORIENTED_EDGE ( 'NONE', *, *, #7673, .F. ) ;
#5999 = CARTESIAN_POINT ( 'NONE',  ( 1.273770381160924448, 0.8240641708792872944, -1.845441903236230141 ) ) ;
#6000 = FACE_OUTER_BOUND ( 'NONE', #1487, .T. ) ;
#6001 = CARTESIAN_POINT ( 'NONE',  ( -0.7250000000232421637, 0.1799999999999999933, -0.5000000000000000000 ) ) ;
#6002 = CIRCLE ( 'NONE', #4590, 0.09999999999999982514 ) ;
#6003 = CARTESIAN_POINT ( 'NONE',  ( 0.6000000000000001998, 0.1901880479993410256, 1.920188048000000203 ) ) ;
#6004 = CARTESIAN_POINT ( 'NONE',  ( -1.600000000087500096, 0.000000000000000000, 2.299999999999999822 ) ) ;
#6005 = LINE ( 'NONE', #4899, #9973 ) ;
#6006 = FACE_OUTER_BOUND ( 'NONE', #35, .T. ) ;
#6007 = ORIENTED_EDGE ( 'NONE', *, *, #3743, .F. ) ;
#6008 = LINE ( 'NONE', #77, #7748 ) ;
#6009 = CARTESIAN_POINT ( 'NONE',  ( 1.199999999999999956, 1.199999999999999734, 0.07606369845638678850 ) ) ;
#6010 = CARTESIAN_POINT ( 'NONE',  ( -0.9839934561638136179, 0.6993943426084670012, -2.301577802673778095 ) ) ;
#6011 = CARTESIAN_POINT ( 'NONE',  ( -1.637303712429999836, 1.200000061109999683, -0.9929800781899998929 ) ) ;
#6012 = VERTEX_POINT ( 'NONE', #3516 ) ;
#6013 = CARTESIAN_POINT ( 'NONE',  ( -1.106753112168600506, 1.128320581911400833, 1.719827896513999921 ) ) ;
#6014 = CARTESIAN_POINT ( 'NONE',  ( 0.000000000000000000, 0.6500000000000001332, 0.000000000000000000 ) ) ;
#6015 = EDGE_CURVE ( 'NONE', #9864, #4782, #9277, .T. ) ;
#6016 = CARTESIAN_POINT ( 'NONE',  ( -1.782081112416650237, 1.128295320694046922, -1.003155633602780261 ) ) ;
#6017 = CARTESIAN_POINT ( 'NONE',  ( 1.828619837734686060, 1.120780687030401124, 0.9233426730429622475 ) ) ;
#6018 = DIRECTION ( 'NONE',  ( 0.000000000000000000, 0.000000000000000000, 1.000000000000000000 ) ) ;
#6019 = ORIENTED_EDGE ( 'NONE', *, *, #7413, .T. ) ;
#6020 = CARTESIAN_POINT ( 'NONE',  ( -2.345050208138780512, 0.6640536880186511670, 0.9048748171792422301 ) ) ;
#6021 = ORIENTED_EDGE ( 'NONE', *, *, #6684, .F. ) ;
#6022 = EDGE_LOOP ( 'NONE', ( #6284, #3508, #147, #2309, #10093, #7617, #3139, #4199 ) ) ;
#6023 = ORIENTED_EDGE ( 'NONE', *, *, #7764, .T. ) ;
#6024 = LINE ( 'NONE', #969, #2481 ) ;
#6025 = B_SPLINE_CURVE_WITH_KNOTS ( 'NONE', 3,
 ( #3232, #8233, #9212, #7517, #9161, #9105, #1594 ),
 .UNSPECIFIED., .F., .F.,
 ( 4, 3, 4 ),
 ( 7.915443016046058100E-15, 3.419249336225038661E-05, 6.850611643494451512E-05 ),
 .UNSPECIFIED. ) ;
#6026 = EDGE_CURVE ( 'NONE', #209, #7214, #3033, .T. ) ;
#6027 = EDGE_CURVE ( 'NONE', #8863, #3439, #5075, .T. ) ;
#6028 = LINE ( 'NONE', #5141, #9591 ) ;
#6029 = CARTESIAN_POINT ( 'NONE',  ( 0.9631920556152420154, 0.6950623060765168670, -2.316250531156739179 ) ) ;
#6030 = CARTESIAN_POINT ( 'NONE',  ( 1.762120188279999944, 1.128592018879999825, -1.036376279100000186 ) ) ;
#6031 = ORIENTED_EDGE ( 'NONE', *, *, #3258, .T. ) ;
#6032 = CARTESIAN_POINT ( 'NONE',  ( -1.108866841999999853, 1.199997970000000524, -1.625844545000000085 ) ) ;
#6033 = ORIENTED_EDGE ( 'NONE', *, *, #3891, .F. ) ;
#6034 = PLANE ( 'NONE',  #2079 ) ;
#6035 = EDGE_CURVE ( 'NONE', #3278, #8439, #836, .T. ) ;
#6036 = LINE ( 'NONE', #3388, #5426 ) ;
#6037 = LINE ( 'NONE', #1906, #4575 ) ;
#6038 = CARTESIAN_POINT ( 'NONE',  ( -2.293438055126114872, 0.7000000000000002887, 0.9950587356560396390 ) ) ;
#6039 = B_SPLINE_CURVE_WITH_KNOTS ( 'NONE', 3,
 ( #3929, #9033, #4097, #9906, #6521, #3215 ),
 .UNSPECIFIED., .F., .F.,
 ( 4, 2, 4 ),
 ( 0.000000000000000000, 0.5000000000000000000, 1.000000000000000000 ),
 .UNSPECIFIED. ) ;
#6040 = CARTESIAN_POINT ( 'NONE',  ( 2.336567115394026839, 0.6791303992001567202, 0.9282484586201106280 ) ) ;
#6041 = CARTESIAN_POINT ( 'NONE',  ( -2.299999999999999822, 0.7999999999999994893, -1.250000000294444469 ) ) ;
#6042 = ORIENTED_EDGE ( 'NONE', *, *, #9407, .T. ) ;
#6043 = CARTESIAN_POINT ( 'NONE',  ( 1.494478948000000695, 1.199999999999999956, 1.204602343999999992 ) ) ;
#6044 = CARTESIAN_POINT ( 'NONE',  ( -1.948243886048928841, 0.8130866533143183972, 1.108665189628413650 ) ) ;
#6045 = VERTEX_POINT ( 'NONE', #6001 ) ;
#6046 = DIRECTION ( 'NONE',  ( 7.228014483236697541E-16, 0.000000000000000000, 1.000000000000000000 ) ) ;
#6047 = CARTESIAN_POINT ( 'NONE',  ( -2.306586732302597920, 0.6984089923074050521, -0.9770594475223973729 ) ) ;
#6048 = DIRECTION ( 'NONE',  ( 1.000000000000000000, -0.000000000000000000, 0.000000000000000000 ) ) ;
#6049 = ORIENTED_EDGE ( 'NONE', *, *, #454, .F. ) ;
#6050 = CARTESIAN_POINT ( 'NONE',  ( -1.823793474876908460, 1.128615992767299181, -0.9223949679090350795 ) ) ;
#6051 = ADVANCED_FACE ( 'NONE', ( #3676 ), #9498, .T. ) ;
#6052 = DIRECTION ( 'NONE',  ( -0.000000000000000000, -1.000000000000000000, -4.517509052022935347E-17 ) ) ;
#6053 = CARTESIAN_POINT ( 'NONE',  ( 0.9270629243377639384, 1.111596411930096284, 1.833188580802494805 ) ) ;
#6054 = LINE ( 'NONE', #1870, #5619 ) ;
#6055 = DIRECTION ( 'NONE',  ( -1.000000000000000000, -3.614007241618349264E-16, 0.000000000000000000 ) ) ;
#6056 = DIRECTION ( 'NONE',  ( 0.000000000000000000, -1.000000000000000000, 0.000000000000000000 ) ) ;
#6057 = DIRECTION ( 'NONE',  ( 0.000000000000000000, -7.228014483236698528E-16, -1.000000000000000000 ) ) ;
#6058 = VERTEX_POINT ( 'NONE', #9441 ) ;
#6059 = CARTESIAN_POINT ( 'NONE',  ( 0.9157984990000000991, 1.128708233000000227, -1.827066688999999799 ) ) ;
#6060 = VECTOR ( 'NONE', #5448, 1000.000000000000000 ) ;
#6061 = CARTESIAN_POINT ( 'NONE',  ( -0.9718178664903416308, 1.199999999999960876, -1.651859966837456506 ) ) ;
#6062 = FACE_OUTER_BOUND ( 'NONE', #10230, .T. ) ;
#6063 = CARTESIAN_POINT ( 'NONE',  ( -1.650547838050000049, 1.200000061169999910, -0.9710425764199999144 ) ) ;
#6064 = ORIENTED_EDGE ( 'NONE', *, *, #2930, .F. ) ;
#6065 = CARTESIAN_POINT ( 'NONE',  ( -1.236371692999999938, 1.199997976999999993, 1.533961275999999652 ) ) ;
#6066 = CARTESIAN_POINT ( 'NONE',  ( 0.2999999999767578585, 0.1799999999999999933, 0.8500000000000000888 ) ) ;
#6067 = CARTESIAN_POINT ( 'NONE',  ( -1.570513872080970375, 1.129138584060991990, -1.308149483986320361 ) ) ;
#6068 = AXIS2_PLACEMENT_3D ( 'NONE', #10348, #7166, #10506 ) ;
#6069 = CARTESIAN_POINT ( 'NONE',  ( 0.9784571763574820835, 0.6986421169725177682, 2.305583971462201287 ) ) ;
#6070 = CARTESIAN_POINT ( 'NONE',  ( -1.100000000000000089, 1.458578643762412197, 6.735557395310440051E-17 ) ) ;
#6071 = ORIENTED_EDGE ( 'NONE', *, *, #6732, .F. ) ;
#6072 = EDGE_CURVE ( 'NONE', #8675, #3265, #10374, .T. ) ;
#6073 = B_SPLINE_CURVE_WITH_KNOTS ( 'NONE', 3,
 ( #9247, #5085, #8432, #4367, #9306, #2446, #5807, #7720, #922, #971, #4313, #4259, #4974, #7662, #1793, #7608, #2611, #5028 ),
 .UNSPECIFIED., .F., .F.,
 ( 4, 1, 1, 2, 2, 2, 1, 1, 2, 2, 4 ),
 ( 0.000000000000000000, 0.06250000000000006939, 0.09375000000000013878, 0.1093750000000001665, 0.1250000000000001943, 0.2500000000000002220, 0.3125000000000002220, 0.3437500000000002220, 0.3593750000000001665, 0.3750000000000001110, 0.5000000000000000000 ),
 .UNSPECIFIED. ) ;
#6074 = CARTESIAN_POINT ( 'NONE',  ( -2.348438055000000801, 0.6449999999679227880, 0.8785042867268416655 ) ) ;
#6075 = VERTEX_POINT ( 'NONE', #3622 ) ;
#6076 = ORIENTED_EDGE ( 'NONE', *, *, #6548, .T. ) ;
#6077 = ORIENTED_EDGE ( 'NONE', *, *, #10109, .F. ) ;
#6078 = AXIS2_PLACEMENT_3D ( 'NONE', #3737, #2757, #5336 ) ;
#6079 = CARTESIAN_POINT ( 'NONE',  ( 0.3000000000000000444, 0.1901880480000000817, 1.620188048000001046 ) ) ;
#6080 = CARTESIAN_POINT ( 'NONE',  ( -0.1495516660000000275, 0.09018804800000002064, -2.308547231000000366 ) ) ;
#6081 = DIRECTION ( 'NONE',  ( 0.000000000000000000, 1.000000000000000000, -0.000000000000000000 ) ) ;
#6082 = CARTESIAN_POINT ( 'NONE',  ( -0.3699528282210606256, 1.200000000000000400, 1.141717278550114179 ) ) ;
#6083 = EDGE_CURVE ( 'NONE', #9654, #691, #5281, .T. ) ;
#6084 = EDGE_CURVE ( 'NONE', #4135, #4512, #1212, .T. ) ;
#6085 = ORIENTED_EDGE ( 'NONE', *, *, #3485, .T. ) ;
#6086 = CARTESIAN_POINT ( 'NONE',  ( -1.204638544999999894, 1.199999999999999956, -1.494450661999999985 ) ) ;
#6087 = ORIENTED_EDGE ( 'NONE', *, *, #1363, .T. ) ;
#6088 = DIRECTION ( 'NONE',  ( -0.000000000000000000, -0.000000000000000000, -1.000000000000000000 ) ) ;
#6089 = EDGE_CURVE ( 'NONE', #6984, #10118, #4451, .T. ) ;
#6090 = DIRECTION ( 'NONE',  ( -0.000000000000000000, -1.000000000000000000, 0.000000000000000000 ) ) ;
#6091 = CARTESIAN_POINT ( 'NONE',  ( 1.080356792239635988, 1.199999999998410782, 1.583906997713930842 ) ) ;
#6092 = DIRECTION ( 'NONE',  ( 0.000000000000000000, 0.000000000000000000, 1.000000000000000000 ) ) ;
#6093 = CARTESIAN_POINT ( 'NONE',  ( -0.1500883706697498654, 0.1691705324416448719, -2.432506602373463611 ) ) ;
#6094 = AXIS2_PLACEMENT_3D ( 'NONE', #9625, #5412, #8044 ) ;
#6095 = B_SPLINE_CURVE_WITH_KNOTS ( 'NONE', 3,
 ( #5661, #8990, #1477, #6639 ),
 .UNSPECIFIED., .F., .F.,
 ( 4, 4 ),
 ( 0.000000000000000000, 1.000000000000000000 ),
 .UNSPECIFIED. ) ;
#6096 = CARTESIAN_POINT ( 'NONE',  ( 2.318728375238559902, 0.6938596352153044711, 0.9594783457190160236 ) ) ;
#6097 = DIRECTION ( 'NONE',  ( -0.000000000000000000, -0.000000000000000000, -1.000000000000000000 ) ) ;
#6098 = ORIENTED_EDGE ( 'NONE', *, *, #6611, .T. ) ;
#6099 = EDGE_CURVE ( 'NONE', #10523, #3696, #2027, .T. ) ;
#6100 = CARTESIAN_POINT ( 'NONE',  ( 1.776327759329999756, 1.127667408940000060, 1.012879266399999922 ) ) ;
#6101 = CARTESIAN_POINT ( 'NONE',  ( -1.373794232999999698, 0.8000000000000000444, -1.816675823000000189 ) ) ;
#6102 = ORIENTED_EDGE ( 'NONE', *, *, #6099, .T. ) ;
#6103 = CARTESIAN_POINT ( 'NONE',  ( -0.6000000000000000888, 0.2401880480000000151, -2.449999999999999734 ) ) ;
#6104 = CARTESIAN_POINT ( 'NONE',  ( 0.5999999999999998668, 0.6500000000000001332, 2.349999999999999645 ) ) ;
#6105 = DIRECTION ( 'NONE',  ( 0.000000000000000000, -1.000000000000000000, -0.000000000000000000 ) ) ;
#6106 = AXIS2_PLACEMENT_3D ( 'NONE', #8150, #8970, #8103 ) ;
#6107 = DIRECTION ( 'NONE',  ( 0.000000000000000000, 1.000000000000000000, -0.000000000000000000 ) ) ;
#6108 = CARTESIAN_POINT ( 'NONE',  ( -1.939203191682826510, 0.8293580786767360546, -1.103686101423488664 ) ) ;
#6109 = CARTESIAN_POINT ( 'NONE',  ( -0.2988264455571333356, 1.100000000000000311, 1.172107760497094642 ) ) ;
#6110 = CARTESIAN_POINT ( 'NONE',  ( -0.8785042869239164665, 0.6450000000490808683, -2.299999999999999822 ) ) ;
#6111 = AXIS2_PLACEMENT_3D ( 'NONE', #8094, #8195, #10608 ) ;
#6112 = ADVANCED_FACE ( 'NONE', ( #287 ), #491, .F. ) ;
#6113 = CARTESIAN_POINT ( 'NONE',  ( -2.349999999999999645, 0.6500000000000009104, 1.250000000000000000 ) ) ;
#6114 = CARTESIAN_POINT ( 'NONE',  ( 2.841960084502053366E-16, 1.100000000000000089, 1.099999999999999867 ) ) ;
#6115 = CARTESIAN_POINT ( 'NONE',  ( 2.348692979999999597, 0.6450000000000001288, 0.8785042870000000503 ) ) ;
#6116 = ORIENTED_EDGE ( 'NONE', *, *, #579, .T. ) ;
#6117 = CARTESIAN_POINT ( 'NONE',  ( -1.750000000000000000, 0.6500000000000001332, -1.750000000000000000 ) ) ;
#6118 = FACE_OUTER_BOUND ( 'NONE', #3318, .T. ) ;
#6119 = CARTESIAN_POINT ( 'NONE',  ( -0.9030303994301337456, 0.6627693498627673652, -2.345506296751864728 ) ) ;
#6120 = DIRECTION ( 'NONE',  ( 0.000000000000000000, 0.000000000000000000, -1.000000000000000000 ) ) ;
#6121 = ORIENTED_EDGE ( 'NONE', *, *, #7219, .T. ) ;
#6122 = CARTESIAN_POINT ( 'NONE',  ( -1.284789239608399969, 1.128643640964400507, 1.594138432088199941 ) ) ;
#6123 = FACE_OUTER_BOUND ( 'NONE', #4995, .T. ) ;
#6124 = VECTOR ( 'NONE', #4977, 1000.000000000000000 ) ;
#6125 = CARTESIAN_POINT ( 'NONE',  ( -1.665922776253864868, 1.129258928861939903, -1.183323532961752189 ) ) ;
#6126 = EDGE_CURVE ( 'NONE', #9326, #2072, #8010, .T. ) ;
#6127 = CARTESIAN_POINT ( 'NONE',  ( 0.9581811913916077339, 0.6933977391371634047, 2.319574723495292368 ) ) ;
#6128 = CARTESIAN_POINT ( 'NONE',  ( -1.000000000000597744, 1.500000000000000000, 2.000000000001195488 ) ) ;
#6129 = VERTEX_POINT ( 'NONE', #6977 ) ;
#6130 = CARTESIAN_POINT ( 'NONE',  ( 1.266237532000000110, 0.8233475040000000078, -1.844910622000000000 ) ) ;
#6131 =( BOUNDED_CURVE ( )  B_SPLINE_CURVE ( 3, ( #5683, #792, #10770, #2428 ),
 .UNSPECIFIED., .F., .T. ) 
 B_SPLINE_CURVE_WITH_KNOTS ( ( 4, 4 ),
 ( 0.000000000000000000, 1.000000000000000000 ),
 .UNSPECIFIED. ) 
 CURVE ( )  GEOMETRIC_REPRESENTATION_ITEM ( )  RATIONAL_B_SPLINE_CURVE ( ( 1.000000000000000000, 0.3333333333333333703, 0.3333333333333333703, 1.000000000000000000 ) ) 
 REPRESENTATION_ITEM ( '' )  );
#6132 = EDGE_LOOP ( 'NONE', ( #3869, #1623, #330, #5233, #5776, #8373 ) ) ;
#6133 = ORIENTED_EDGE ( 'NONE', *, *, #3985, .F. ) ;
#6134 = CARTESIAN_POINT ( 'NONE',  ( -2.300000000000001599, 0.6477454905985466915, 0.9108179584072935153 ) ) ;
#6135 = CARTESIAN_POINT ( 'NONE',  ( -0.1500470647782431444, 0.1582388618664200830, -2.315158142858702472 ) ) ;
#6136 = CARTESIAN_POINT ( 'NONE',  ( -0.3144587773720799451, 1.199999999999994182, -1.696049988707899248 ) ) ;
#6137 = VECTOR ( 'NONE', #8514, 1000.000000000000000 ) ;
#6138 = DIRECTION ( 'NONE',  ( 0.000000000000000000, 0.000000000000000000, 1.000000000000000000 ) ) ;
#6139 = CARTESIAN_POINT ( 'NONE',  ( 1.083296237209084634, 1.100000000000000089, 0.5169342004847535810 ) ) ;
#6140 = ORIENTED_EDGE ( 'NONE', *, *, #9543, .T. ) ;
#6141 = AXIS2_PLACEMENT_3D ( 'NONE', #2062, #8761, #7834 ) ;
#6142 = CARTESIAN_POINT ( 'NONE',  ( -1.151380844000000181, 1.199997972000000024, -1.595207103000000126 ) ) ;
#6143 = EDGE_LOOP ( 'NONE', ( #7197, #1181, #945, #7882 ) ) ;
#6144 = CARTESIAN_POINT ( 'NONE',  ( -0.7250000000000000888, 0.02000000000000000389, 1.350000000000000089 ) ) ;
#6145 = CARTESIAN_POINT ( 'NONE',  ( 0.9999999999999997780, 1.399999999999999467, -6.735557395310444981E-17 ) ) ;
#6146 = CARTESIAN_POINT ( 'NONE',  ( 1.000000000000597966, 1.500000000000000000, -4.041334437186266496E-17 ) ) ;
#6147 = CARTESIAN_POINT ( 'NONE',  ( -1.100000000000000311, 1.458578643762412641, -2.199999999999999734 ) ) ;
#6148 = EDGE_CURVE ( 'NONE', #6897, #1402, #8269, .T. ) ;
#6149 = CARTESIAN_POINT ( 'NONE',  ( -0.1481698260000000045, 0.2025660570000000216, -2.412031808999999694 ) ) ;
#6150 = EDGE_CURVE ( 'NONE', #4657, #8608, #9787, .T. ) ;
#6151 = CIRCLE ( 'NONE', #6843, 2.500000000000000000 ) ;
#6152 = DIRECTION ( 'NONE',  ( 0.000000000000000000, 0.000000000000000000, -1.000000000000000000 ) ) ;
#6153 = CARTESIAN_POINT ( 'NONE',  ( 1.600000000000000089, 0.06677425074832787910, -2.394318871883597044 ) ) ;
#6154 = ORIENTED_EDGE ( 'NONE', *, *, #4392, .T. ) ;
#6155 = CARTESIAN_POINT ( 'NONE',  ( 1.899447562253398614, 0.8238327100604453390, 1.180622455034394003 ) ) ;
#6156 = FACE_OUTER_BOUND ( 'NONE', #9139, .T. ) ;
#6157 = VERTEX_POINT ( 'NONE', #933 ) ;
#6158 = DIRECTION ( 'NONE',  ( 0.000000000000000000, 0.000000000000000000, 1.000000000000000000 ) ) ;
#6159 = CARTESIAN_POINT ( 'NONE',  ( 0.3000000000000000444, 0.1800000000000000211, 0.5000000000000000000 ) ) ;
#6160 = CYLINDRICAL_SURFACE ( 'NONE', #5878, 0.2999999999999999334 ) ;
#6161 = AXIS2_PLACEMENT_3D ( 'NONE', #5316, #1748, #6741 ) ;
#6162 = VECTOR ( 'NONE', #493, 1000.000000000000000 ) ;
#6163 = CARTESIAN_POINT ( 'NONE',  ( 2.100000000000000089, -0.002400000000000000657, -2.299999999999999822 ) ) ;
#6164 = CARTESIAN_POINT ( 'NONE',  ( -1.158750626874177625, 1.100000000000000311, 0.3167320523917980246 ) ) ;
#6165 = ADVANCED_FACE ( 'NONE', ( #6856 ), #9319, .T. ) ;
#6166 = VECTOR ( 'NONE', #6464, 1000.000000000000000 ) ;
#6167 = CARTESIAN_POINT ( 'NONE',  ( 0.7250000001711806030, 0.000000000000000000, 2.299999999999999822 ) ) ;
#6168 = CARTESIAN_POINT ( 'NONE',  ( 1.037140456369199493, 1.200000041066600076, 1.611223559433800245 ) ) ;
#6169 = CARTESIAN_POINT ( 'NONE',  ( -0.9162385002212090068, 1.163174999289136258, 1.797159674780692162 ) ) ;
#6170 = CARTESIAN_POINT ( 'NONE',  ( 2.293438055000000197, 0.7000000000000000666, 0.9950587360000001658 ) ) ;
#6171 = ORIENTED_EDGE ( 'NONE', *, *, #1653, .F. ) ;
#6172 = CARTESIAN_POINT ( 'NONE',  ( 0.9160369815600001298, 1.127841369580000697, -1.827544919980000016 ) ) ;
#6173 = CARTESIAN_POINT ( 'NONE',  ( -1.348079781024905444, 0.8239207080182340270, 1.782631678137518438 ) ) ;
#6174 = CARTESIAN_POINT ( 'NONE',  ( -0.8965737283056843809, 0.6581989619203305608, -2.346835145177352366 ) ) ;
#6175 = LINE ( 'NONE', #7046, #6060 ) ;
#6176 = CARTESIAN_POINT ( 'NONE',  ( -1.203966957020000228, 1.200000040459999751, 1.493689301439999895 ) ) ;
#6177 = DIRECTION ( 'NONE',  ( 0.000000000000000000, 1.000000000000000000, -0.000000000000000000 ) ) ;
#6178 = STYLED_ITEM ( 'NONE', ( #7931 ), #9182 ) ;
#6179 = ADVANCED_FACE ( 'NONE', ( #10853 ), #5151, .T. ) ;
#6180 = CARTESIAN_POINT ( 'NONE',  ( -0.8785042870000000503, 0.6450000000000001288, 2.348947903999999642 ) ) ;
#6181 = CARTESIAN_POINT ( 'NONE',  ( -2.449999999999999734, 0.3499999999111112481, 1.250000000000000000 ) ) ;
#6182 = FACE_OUTER_BOUND ( 'NONE', #1349, .T. ) ;
#6183 = VECTOR ( 'NONE', #4727, 1000.000000000000000 ) ;
#6184 = ORIENTED_EDGE ( 'NONE', *, *, #6232, .F. ) ;
#6185 = CARTESIAN_POINT ( 'NONE',  ( 1.348209125674968423, 0.8235790300060780167, -1.782802893379172859 ) ) ;
#6186 = ORIENTED_EDGE ( 'NONE', *, *, #3598, .T. ) ;
#6187 = ORIENTED_EDGE ( 'NONE', *, *, #1653, .T. ) ;
#6188 = DIRECTION ( 'NONE',  ( 0.000000000000000000, 1.000000000000000000, 0.000000000000000000 ) ) ;
#6189 = EDGE_CURVE ( 'NONE', #318, #2199, #6036, .T. ) ;
#6190 = CARTESIAN_POINT ( 'NONE',  ( 1.106843420226708119, 0.8233148284566546016, -1.942103954704705204 ) ) ;
#6191 = DIRECTION ( 'NONE',  ( 1.000000000000000000, -0.000000000000000000, 0.000000000000000000 ) ) ;
#6192 = CARTESIAN_POINT ( 'NONE',  ( 1.100192575903631287, 1.100000000000000533, 0.4797360445731435052 ) ) ;
#6193 = VERTEX_POINT ( 'NONE', #9153 ) ;
#6194 = CARTESIAN_POINT ( 'NONE',  ( -0.9929892269600001375, 1.200000061109999683, -1.637298188080000605 ) ) ;
#6195 = ORIENTED_EDGE ( 'NONE', *, *, #8028, .F. ) ;
#6196 = CARTESIAN_POINT ( 'NONE',  ( -1.600000000014814683, 0.000000000000000000, -2.299999999999999822 ) ) ;
#6197 = LINE ( 'NONE', #1961, #8392 ) ;
#6198 = LINE ( 'NONE', #2120, #6833 ) ;
#6199 = CARTESIAN_POINT ( 'NONE',  ( -2.349999999999999645, -0.05000000000000000971, 0.1999999999999998723 ) ) ;
#6200 = CARTESIAN_POINT ( 'NONE',  ( 0.9551237409999999706, 0.7002549249999999725, -2.323172694999999788 ) ) ;
#6201 = CARTESIAN_POINT ( 'NONE',  ( 2.297924171312670794, 0.6998167379586677228, 0.9889842464848629389 ) ) ;
#6202 = CARTESIAN_POINT ( 'NONE',  ( -1.000000000000000000, 0.7000000000000000666, -2.250000000000001776 ) ) ;
#6203 = ORIENTED_EDGE ( 'NONE', *, *, #4641, .F. ) ;
#6204 = CARTESIAN_POINT ( 'NONE',  ( 1.664260248334900050, 1.200000020614099938, 0.9492819954081999079 ) ) ;
#6205 = CARTESIAN_POINT ( 'NONE',  ( -2.299999999999999822, 0.000000000000000000, -2.299999999999999822 ) ) ;
#6206 = ORIENTED_EDGE ( 'NONE', *, *, #1111, .T. ) ;
#6207 = ADVANCED_FACE ( 'NONE', ( #3442 ), #10076, .F. ) ;
#6208 = CARTESIAN_POINT ( 'NONE',  ( -2.301573588924359814, 0.6993987242092367662, -0.9840000848972407788 ) ) ;
#6209 = LINE ( 'NONE', #5377, #1138 ) ;
#6210 = DIRECTION ( 'NONE',  ( -1.000000000000000000, 0.000000000000000000, -0.000000000000000000 ) ) ;
#6211 = CARTESIAN_POINT ( 'NONE',  ( 2.305583971393581066, 0.6986421169880554505, -0.9784571764530106686 ) ) ;
#6212 = CARTESIAN_POINT ( 'NONE',  ( -1.399999999999999911, 0.8000000000000000444, 2.174999999999999822 ) ) ;
#6213 = CARTESIAN_POINT ( 'NONE',  ( 0.9037519001325997614, 1.200000061963500064, 1.688115504751499518 ) ) ;
#6214 = LINE ( 'NONE', #5171, #182 ) ;
#6215 = CARTESIAN_POINT ( 'NONE',  ( 2.293438055000000197, 0.6833333330000000982, 0.9950587360000001658 ) ) ;
#6216 = ORIENTED_EDGE ( 'NONE', *, *, #1652, .T. ) ;
#6217 = ADVANCED_FACE ( 'NONE', ( #2568 ), #8495, .F. ) ;
#6218 = FACE_OUTER_BOUND ( 'NONE', #9734, .T. ) ;
#6219 = CARTESIAN_POINT ( 'NONE',  ( -0.6000000000000000888, 0.1901880479993407758, -2.300000000058809668 ) ) ;
#6220 = EDGE_CURVE ( 'NONE', #5684, #8105, #8927, .T. ) ;
#6221 = CARTESIAN_POINT ( 'NONE',  ( -0.9094813745267515959, 0.6672058302702470467, -2.343756054781746645 ) ) ;
#6222 = CARTESIAN_POINT ( 'NONE',  ( -1.750000000000000000, 0.6400000000000001243, 1.750000000000000000 ) ) ;
#6223 = CARTESIAN_POINT ( 'NONE',  ( -1.368104586132700140, 1.128289163894300451, 1.523706264531900167 ) ) ;
#6224 = DIRECTION ( 'NONE',  ( -0.000000000000000000, -0.000000000000000000, 1.000000000000000000 ) ) ;
#6225 = EDGE_CURVE ( 'NONE', #6896, #3512, #5039, .T. ) ;
#6226 = VECTOR ( 'NONE', #757, 1000.000000000000000 ) ;
#6227 = CARTESIAN_POINT ( 'NONE',  ( 0.9858390655092996724, 0.6995955299262699434, 2.300233356587851219 ) ) ;
#6228 = CARTESIAN_POINT ( 'NONE',  ( -1.058578643763010474, 1.499999999999649614, 2.117157287526020948 ) ) ;
#6229 = EDGE_LOOP ( 'NONE', ( #4293, #1888, #8752, #861 ) ) ;
#6230 = CARTESIAN_POINT ( 'NONE',  ( 1.196424737200000088, 1.128499950040000810, -1.657848213020000072 ) ) ;
#6231 = CARTESIAN_POINT ( 'NONE',  ( 1.536357145000000202, 0.8000000000000000444, -1.684815353000000959 ) ) ;
#6232 = EDGE_CURVE ( 'NONE', #4284, #3455, #3425, .T. ) ;
#6233 = ORIENTED_EDGE ( 'NONE', *, *, #10505, .T. ) ;
#6234 = ORIENTED_EDGE ( 'NONE', *, *, #6276, .T. ) ;
#6235 = CARTESIAN_POINT ( 'NONE',  ( 0.5539808784079894854, 1.099999999999999867, 0.9611650271896836628 ) ) ;
#6236 = AXIS2_PLACEMENT_3D ( 'NONE', #8408, #9341, #1824 ) ;
#6237 = PLANE ( 'NONE',  #8774 ) ;
#6238 = CYLINDRICAL_SURFACE ( 'NONE', #1538, 0.2999999999999997113 ) ;
#6239 = CARTESIAN_POINT ( 'NONE',  ( 1.675128444573550146, 1.129327295514907403, 1.170194529026465258 ) ) ;
#6240 = CARTESIAN_POINT ( 'NONE',  ( 0.2999999999667969375, 0.02000000000000001082, 0.8500000000019531932 ) ) ;
#6241 = AXIS2_PLACEMENT_3D ( 'NONE', #7744, #5997, #5053 ) ;
#6242 = EDGE_CURVE ( 'NONE', #6467, #7538, #1569, .T. ) ;
#6243 = ORIENTED_EDGE ( 'NONE', *, *, #5844, .T. ) ;
#6244 = CARTESIAN_POINT ( 'NONE',  ( -1.204003138959999886, 1.200000040459999751, -1.493661030840000015 ) ) ;
#6245 = VERTEX_POINT ( 'NONE', #5260 ) ;
#6246 = ORIENTED_EDGE ( 'NONE', *, *, #10398, .F. ) ;
#6247 = DIRECTION ( 'NONE',  ( 0.000000000000000000, 0.000000000000000000, 1.000000000000000000 ) ) ;
#6248 = CARTESIAN_POINT ( 'NONE',  ( 2.100000000000000089, 0.1000000000922315474, 2.299999999999999822 ) ) ;
#6249 = B_SPLINE_CURVE_WITH_KNOTS ( 'NONE', 3,
 ( #9286, #1010, #3527, #6827, #4350, #246, #6010, #25, #10164, #1774, #6882, #79, #4186, #3363, #2707, #7594, #10048, #7535, #8468, #7647, #6716, #8574, #7758, #135, #9232, #3469, #1719, #2540, #5066, #2653, #1878, #7703, #1065, #9345, #3578, #6934, #5851, #8413, #903, #4244, #9177, #1664, #5013, #8358, #1327, #10384, #5337, #6328, #6988, #9661, #10330, #3791, #10274, #3844, #4677, #4571, #7093, #5288, #2811, #8732, #452, #4460, #9452, #10434, #1222, #2863, #8630, #7807, #3739, #6221, #7147, #5447, #297, #2759, #6119, #1933, #3631, #1276, #4626, #1118, #6174, #9505, #9552, #7917, #405, #3687, #8025, #2911, #1985, #6272, #10487, #2969, #8679, #9603 ),
 .UNSPECIFIED., .F., .F.,
 ( 4, 3, 3, 3, 3, 3, 3, 3, 3, 3, 3, 3, 3, 3, 3, 3, 3, 3, 3, 3, 3, 3, 3, 3, 3, 3, 3, 3, 3, 3, 3, 4 ),
 ( 7.469698333702016644E-14, 6.876687059389047648E-06, 1.375334457195017626E-05, 1.719042194985241127E-05, 2.062749924752692627E-05, 2.750415085016963215E-05, 3.094122924346119651E-05, 3.437830874240911579E-05, 3.781538947704732323E-05, 4.469208947584431426E-05, 4.812917255080890680E-05, 5.156625685384307273E-05, 5.844299852675971074E-05, 6.188008460463035969E-05, 6.531717133204994542E-05, 7.219393547536561936E-05, 7.563102268094835489E-05, 7.906810972121136041E-05, 8.594486878327782444E-05, 8.938195483480910976E-05, 9.281903996163852455E-05, 9.625612401709076726E-05, 0.0001031328411598858732, 0.0001065699229591670358, 0.0001100070034304423644, 0.0001168836760134008419, 0.0001203207543990071442, 0.0001237578320035553805, 0.0001306344789062849321, 0.0001340715563927748547, 0.0001375086347727293330, 0.0001450627080619208101 ),
 .UNSPECIFIED. ) ;
#6250 = CARTESIAN_POINT ( 'NONE',  ( -1.000000000000597966, 1.500000000000000000, 1.198016373758627971E-16 ) ) ;
#6251 = CARTESIAN_POINT ( 'NONE',  ( -1.907778916000000935, 0.9249010410000000348, 1.035724203999999649 ) ) ;
#6252 = CARTESIAN_POINT ( 'NONE',  ( -0.1500883683037966820, 0.2008213636030219407, -2.373451558463349098 ) ) ;
#6253 = CARTESIAN_POINT ( 'NONE',  ( 1.071369944335147428, 1.100000000000000311, -0.2879226727952090559 ) ) ;
#6254 = FACE_OUTER_BOUND ( 'NONE', #1812, .T. ) ;
#6255 = ORIENTED_EDGE ( 'NONE', *, *, #3642, .F. ) ;
#6256 = CARTESIAN_POINT ( 'NONE',  ( 1.712800893999999907, 1.199999999999999956, 0.8588168320000001410 ) ) ;
#6257 = DIRECTION ( 'NONE',  ( 0.000000000000000000, 1.000000000000000000, -0.000000000000000000 ) ) ;
#6258 = VERTEX_POINT ( 'NONE', #4491 ) ;
#6259 = CARTESIAN_POINT ( 'NONE',  ( -1.750000000000000000, 0.6500000000000001332, -1.750000000000000000 ) ) ;
#6260 = DIRECTION ( 'NONE',  ( 0.000000000000000000, 1.000000000000000000, 0.000000000000000000 ) ) ;
#6261 = DIRECTION ( 'NONE',  ( 0.000000000000000000, -3.614007241618349264E-16, 1.000000000000000000 ) ) ;
#6262 = DIRECTION ( 'NONE',  ( 0.000000000000000000, 1.000000000000000000, 0.000000000000000000 ) ) ;
#6263 = CARTESIAN_POINT ( 'NONE',  ( -0.6000000000000003109, 0.09018804800000006228, -1.841648231660255597 ) ) ;
#6264 = CARTESIAN_POINT ( 'NONE',  ( 1.012743195499999915, 1.128099443840000271, 1.776097316800000048 ) ) ;
#6265 = LINE ( 'NONE', #8016, #10161 ) ;
#6266 = DIRECTION ( 'NONE',  ( -1.000000000000000000, 0.000000000000000000, 0.000000000000000000 ) ) ;
#6267 = ORIENTED_EDGE ( 'NONE', *, *, #9443, .F. ) ;
#6268 = VECTOR ( 'NONE', #2356, 1000.000000000000000 ) ;
#6269 = DIRECTION ( 'NONE',  ( -1.000000000000000000, 0.000000000000000000, 0.000000000000000000 ) ) ;
#6270 = DIRECTION ( 'NONE',  ( -0.000000000000000000, -1.000000000000000000, -0.000000000000000000 ) ) ;
#6271 = EDGE_LOOP ( 'NONE', ( #7489, #818, #1437, #8971 ) ) ;
#6272 = CARTESIAN_POINT ( 'NONE',  ( -0.8855008613399878437, 0.6501641823172743528, -2.348199301094226588 ) ) ;
#6273 = CARTESIAN_POINT ( 'NONE',  ( -0.6000000003624998968, 0.6500000000000002442, 2.450000000000000178 ) ) ;
#6274 = CARTESIAN_POINT ( 'NONE',  ( -1.059923436260999940, 1.128207961447800001, 1.748181960946999514 ) ) ;
#6275 = CARTESIAN_POINT ( 'NONE',  ( -0.8840338864132407659, 0.6490852505796208538, 2.348286124498404348 ) ) ;
#6276 = EDGE_CURVE ( 'NONE', #38, #6588, #7016, .T. ) ;
#6277 = EDGE_CURVE ( 'NONE', #3311, #5025, #2040, .T. ) ;
#6278 = CARTESIAN_POINT ( 'NONE',  ( 0.9499066269846445643, 0.6901846397978602665, 2.324826387926531179 ) ) ;
#6279 = CARTESIAN_POINT ( 'NONE',  ( -1.113717229919721108, 0.8000022974944652754, 1.967799931876403008 ) ) ;
#6280 = ORIENTED_EDGE ( 'NONE', *, *, #9618, .T. ) ;
#6281 = CARTESIAN_POINT ( 'NONE',  ( 1.553257595098800570, 1.200000040965599757, -1.121186172316800622 ) ) ;
#6282 = CARTESIAN_POINT ( 'NONE',  ( 1.348273797999999912, 0.8234081909999999560, -1.782888501000000181 ) ) ;
#6283 = AXIS2_PLACEMENT_3D ( 'NONE', #10184, #6788, #1739 ) ;
#6284 = ORIENTED_EDGE ( 'NONE', *, *, #1837, .T. ) ;
#6285 = ORIENTED_EDGE ( 'NONE', *, *, #4886, .T. ) ;
#6286 = CARTESIAN_POINT ( 'NONE',  ( -1.675781997529999900, 1.200000061289999698, 0.9262215197099998854 ) ) ;
#6287 = CARTESIAN_POINT ( 'NONE',  ( -0.1500000000000000222, 0.1580692770000001468, -2.314175753999999863 ) ) ;
#6288 = DIRECTION ( 'NONE',  ( 1.000000000000000000, 0.000000000000000000, 0.000000000000000000 ) ) ;
#6289 = EDGE_CURVE ( 'NONE', #39, #4090, #7782, .T. ) ;
#6290 = VECTOR ( 'NONE', #9495, 1000.000000000000000 ) ;
#6291 = CARTESIAN_POINT ( 'NONE',  ( 1.290504991496067566, 1.129584030464096056, 1.600166129583591612 ) ) ;
#6292 = LINE ( 'NONE', #8859, #7143 ) ;
#6293 = ORIENTED_EDGE ( 'NONE', *, *, #3332, .F. ) ;
#6294 = CARTESIAN_POINT ( 'NONE',  ( -1.427569514539999807, 1.200000040400000190, -1.281859367120000037 ) ) ;
#6295 = ORIENTED_EDGE ( 'NONE', *, *, #521, .F. ) ;
#6296 = ORIENTED_EDGE ( 'NONE', *, *, #10310, .T. ) ;
#6297 = FACE_OUTER_BOUND ( 'NONE', #7024, .T. ) ;
#6298 = VECTOR ( 'NONE', #7204, 1000.000000000000000 ) ;
#6299 = CARTESIAN_POINT ( 'NONE',  ( 0.1500156882594143870, 0.1253009086463184318, 2.320304504190046302 ) ) ;
#6300 = LINE ( 'NONE', #6921, #10536 ) ;
#6301 = CARTESIAN_POINT ( 'NONE',  ( -0.9836401408628128173, 0.6500000000000001332, 2.294207493134682974 ) ) ;
#6302 = DIRECTION ( 'NONE',  ( -0.000000000000000000, -0.000000000000000000, -1.000000000000000000 ) ) ;
#6303 = FACE_OUTER_BOUND ( 'NONE', #966, .T. ) ;
#6304 = ADVANCED_FACE ( 'NONE', ( #7943 ), #222, .F. ) ;
#6305 = CARTESIAN_POINT ( 'NONE',  ( 2.309909123606772141, 0.6974757458160536494, 0.9723772656692821759 ) ) ;
#6306 = FACE_OUTER_BOUND ( 'NONE', #1702, .T. ) ;
#6307 = AXIS2_PLACEMENT_3D ( 'NONE', #7731, #2787, #5365 ) ;
#6308 = EDGE_LOOP ( 'NONE', ( #3333, #626, #4740, #1800 ) ) ;
#6309 = CARTESIAN_POINT ( 'NONE',  ( 1.711420214687800367, 1.200000062115000432, 0.8581283196763002108 ) ) ;
#6310 = CARTESIAN_POINT ( 'NONE',  ( 0.6000000000000000888, 0.6500000000000001332, 2.349999999999999645 ) ) ;
#6311 = VERTEX_POINT ( 'NONE', #428 ) ;
#6312 = LINE ( 'NONE', #9801, #2548 ) ;
#6313 = CARTESIAN_POINT ( 'NONE',  ( -2.449999999999999734, 0.3499999999562500852, 0.4999999999999997780 ) ) ;
#6314 = CARTESIAN_POINT ( 'NONE',  ( 1.000000000000000000, 0.7000000000000000666, 2.399999999999999911 ) ) ;
#6315 = CARTESIAN_POINT ( 'NONE',  ( 2.296165890084520989, 0.6999491739237889698, -0.9913734560556676234 ) ) ;
#6316 = CIRCLE ( 'NONE', #1930, 2.500000000000000000 ) ;
#6317 = EDGE_CURVE ( 'NONE', #1840, #39, #2012, .T. ) ;
#6318 = CARTESIAN_POINT ( 'NONE',  ( -1.171915320424972151, 1.099999999999999867, -0.2993090713508048673 ) ) ;
#6319 = B_SPLINE_SURFACE_WITH_KNOTS ( 'NONE', 3, 3, ( 
 ( #3918, #9896, #748, #1400 ),
 ( #7329, #9136, #3206, #2331 ),
 ( #6452, #5745, #7490, #6565 ),
 ( #2216, #7272, #635, #1622 ),
 ( #8204, #9781, #4031, #5637 ),
 ( #10616, #5692, #7386, #3095 ),
 ( #1508, #5577, #10782, #9075 ) ),
 .UNSPECIFIED., .F., .F., .F.,
 ( 4, 3, 4 ),
 ( 4, 4 ),
 ( -0.01529547625798570280, 0.000000000000000000, 1.000000000000000000 ),
 ( 0.000000000000000000, 1.000000000000000000 ),
 .UNSPECIFIED. ) ;
#6320 = CARTESIAN_POINT ( 'NONE',  ( 0.9262141719171000931, 1.200000061902900095, 1.675768630865300368 ) ) ;
#6321 = DIRECTION ( 'NONE',  ( 0.000000000000000000, -1.000000000000000000, 0.000000000000000000 ) ) ;
#6322 = LINE ( 'NONE', #8996, #480 ) ;
#6323 = VERTEX_POINT ( 'NONE', #3765 ) ;
#6324 = AXIS2_PLACEMENT_3D ( 'NONE', #2844, #7235, #5592 ) ;
#6325 = LINE ( 'NONE', #9600, #8792 ) ;
#6326 = CARTESIAN_POINT ( 'NONE',  ( -1.536357145000000202, 0.8000000000000000444, 1.684815353000000959 ) ) ;
#6327 = ORIENTED_EDGE ( 'NONE', *, *, #4540, .T. ) ;
#6328 = CARTESIAN_POINT ( 'NONE',  ( -0.9352164486828939971, 0.6830576547356719264, -2.333150593078991086 ) ) ;
#6329 = CARTESIAN_POINT ( 'NONE',  ( -0.9886715977296000046, 1.128025590534599942, 1.789381153328399865 ) ) ;
#6330 = CARTESIAN_POINT ( 'NONE',  ( 0.000000000000000000, 0.09018804800000002064, -1.620188048000001046 ) ) ;
#6331 = EDGE_CURVE ( 'NONE', #10640, #6129, #1095, .T. ) ;
#6332 = VECTOR ( 'NONE', #875, 1000.000000000000000 ) ;
#6333 = B_SPLINE_CURVE_WITH_KNOTS ( 'NONE', 3,
 ( #9165, #1649, #5000, #6704 ),
 .UNSPECIFIED., .F., .F.,
 ( 4, 4 ),
 ( 0.000000000000000000, 1.000000000000000000 ),
 .UNSPECIFIED. ) ;
#6334 = VECTOR ( 'NONE', #646, 1000.000000000000000 ) ;
#6335 = CARTESIAN_POINT ( 'NONE',  ( 0.9030303994375169507, 0.6627693498679265716, 2.345506296750103470 ) ) ;
#6336 = CARTESIAN_POINT ( 'NONE',  ( -2.349999999999999645, 0.3500000000000000333, -1.250000000000000000 ) ) ;
#6337 = ORIENTED_EDGE ( 'NONE', *, *, #5137, .F. ) ;
#6338 = CARTESIAN_POINT ( 'NONE',  ( 1.284785871839999816, 1.128652222439999964, -1.594134245819999851 ) ) ;
#6339 = CARTESIAN_POINT ( 'NONE',  ( 1.507545851080822619, 0.8240143702912677837, -1.653209500060004666 ) ) ;
#6340 = VECTOR ( 'NONE', #685, 1000.000000000000000 ) ;
#6341 = EDGE_CURVE ( 'NONE', #3439, #3059, #7122, .T. ) ;
#6342 = ORIENTED_EDGE ( 'NONE', *, *, #7300, .T. ) ;
#6343 = EDGE_CURVE ( 'NONE', #856, #7518, #2769, .T. ) ;
#6344 = ORIENTED_EDGE ( 'NONE', *, *, #10638, .T. ) ;
#6345 = CARTESIAN_POINT ( 'NONE',  ( -1.827308121644899863, 1.128270463952699920, 0.9159190836928002843 ) ) ;
#6346 = LINE ( 'NONE', #4749, #1078 ) ;
#6347 = CARTESIAN_POINT ( 'NONE',  ( 1.199999999999999734, 1.100000000000000089, 1.896065049272180182E-16 ) ) ;
#6348 = AXIS2_PLACEMENT_3D ( 'NONE', #8614, #1703, #5051 ) ;
#6349 = CARTESIAN_POINT ( 'NONE',  ( 1.685658005581915031, 1.129332228567456520, 1.154885917632024084 ) ) ;
#6350 = CARTESIAN_POINT ( 'NONE',  ( 1.117129299725009739, 0.8000000000952399715, 1.984642641010058384 ) ) ;
#6351 = EDGE_LOOP ( 'NONE', ( #4311, #8584, #7856, #9954, #2396, #8490, #5733, #3266, #5268, #9301, #7713, #2727, #3603, #389, #9770, #9303, #678, #7453 ) ) ;
#6352 = EDGE_CURVE ( 'NONE', #1322, #7322, #6198, .T. ) ;
#6353 = CARTESIAN_POINT ( 'NONE',  ( -1.689933534791800085, 1.127980601152299922, -1.152399385941000443 ) ) ;
#6354 = ORIENTED_EDGE ( 'NONE', *, *, #5197, .F. ) ;
#6355 = ADVANCED_FACE ( 'NONE', ( #5315 ), #8813, .T. ) ;
#6356 = VERTEX_POINT ( 'NONE', #10248 ) ;
#6357 = DIRECTION ( 'NONE',  ( 0.000000000000000000, 0.000000000000000000, -1.000000000000000000 ) ) ;
#6358 = FACE_OUTER_BOUND ( 'NONE', #8533, .T. ) ;
#6359 = CARTESIAN_POINT ( 'NONE',  ( 0.9152463813546231064, 1.199999999998400124, -1.683555796128447968 ) ) ;
#6360 = CARTESIAN_POINT ( 'NONE',  ( -1.444550806000000964, 1.131354653999999904, 1.444550806000000964 ) ) ;
#6361 = CARTESIAN_POINT ( 'NONE',  ( 0.9950587360000001658, 0.7005098490000000178, -2.293438055000000197 ) ) ;
#6362 = LINE ( 'NONE', #4606, #7623 ) ;
#6363 = DIRECTION ( 'NONE',  ( 0.000000000000000000, 1.000000000000000000, 0.000000000000000000 ) ) ;
#6364 = ORIENTED_EDGE ( 'NONE', *, *, #6352, .F. ) ;
#6365 = CARTESIAN_POINT ( 'NONE',  ( 1.663813812669800107, 1.200000041228199921, 0.9490286458163998962 ) ) ;
#6366 = DIRECTION ( 'NONE',  ( 1.000000000000000000, -0.000000000000000000, 0.000000000000000000 ) ) ;
#6367 = ORIENTED_EDGE ( 'NONE', *, *, #1984, .F. ) ;
#6368 = LINE ( 'NONE', #652, #8844 ) ;
#6369 = EDGE_CURVE ( 'NONE', #8046, #5881, #1198, .T. ) ;
#6370 = CARTESIAN_POINT ( 'NONE',  ( -2.321948083476724101, 0.6920387768303103426, 0.9545027092325552021 ) ) ;
#6371 = CARTESIAN_POINT ( 'NONE',  ( 1.600000000043749981, 8.809142651444723526E-17, 2.299999999999999822 ) ) ;
#6372 = CARTESIAN_POINT ( 'NONE',  ( 2.337981905521979709, 0.6772694142322500666, -0.9251165943146200110 ) ) ;
#6373 = CARTESIAN_POINT ( 'NONE',  ( -1.460071108412513530, 1.129588028103339470, -1.430453184224787622 ) ) ;
#6374 = CARTESIAN_POINT ( 'NONE',  ( -2.349999999999999645, 0.3500000000000000333, 0.1999999999999998723 ) ) ;
#6375 = ORIENTED_EDGE ( 'NONE', *, *, #590, .T. ) ;
#6376 = CARTESIAN_POINT ( 'NONE',  ( 1.106479049999999908, 1.129190861999999962, 1.719360979999999817 ) ) ;
#6377 = DIRECTION ( 'NONE',  ( 0.000000000000000000, 0.000000000000000000, -1.000000000000000000 ) ) ;
#6378 = CARTESIAN_POINT ( 'NONE',  ( 0.6000000000000000888, 0.6500000000000001332, 2.449999999999999734 ) ) ;
#6379 = ORIENTED_EDGE ( 'NONE', *, *, #7095, .F. ) ;
#6380 = CARTESIAN_POINT ( 'NONE',  ( 0.6000000000000000888, 0.09018804800000002064, 2.449999999999999734 ) ) ;
#6381 = CARTESIAN_POINT ( 'NONE',  ( -1.430104356692934564, 0.8239825846206606519, 1.720618736027269557 ) ) ;
#6382 = EDGE_CURVE ( 'NONE', #9783, #684, #4545, .T. ) ;
#6383 = EDGE_LOOP ( 'NONE', ( #3735, #7913, #10750, #7092 ) ) ;
#6384 = DIRECTION ( 'NONE',  ( 0.000000000000000000, -1.000000000000000000, 0.000000000000000000 ) ) ;
#6385 = CARTESIAN_POINT ( 'NONE',  ( -0.9932425024599998986, 1.200000040739999774, 1.637738365619999970 ) ) ;
#6386 = CARTESIAN_POINT ( 'NONE',  ( 1.750000000000000000, 0.6400000000000001243, 1.449999999999999956 ) ) ;
#6387 = CARTESIAN_POINT ( 'NONE',  ( 2.100000000000000089, 0.1000000000919467752, 2.299999999999999822 ) ) ;
#6388 = LINE ( 'NONE', #9718, #6412 ) ;
#6389 = ORIENTED_EDGE ( 'NONE', *, *, #1512, .T. ) ;
#6390 = CARTESIAN_POINT ( 'NONE',  ( 1.367560815999999901, 1.129587977000000798, -1.523100129000000136 ) ) ;
#6391 = CARTESIAN_POINT ( 'NONE',  ( 1.844816072048853783, 0.8235179518412210076, -1.266184285735473036 ) ) ;
#6392 = ORIENTED_EDGE ( 'NONE', *, *, #4341, .T. ) ;
#6393 = ORIENTED_EDGE ( 'NONE', *, *, #6547, .F. ) ;
#6394 = CARTESIAN_POINT ( 'NONE',  ( -1.802368880157799946, 1.128397711489399935, 0.9645666579055004464 ) ) ;
#6395 = CARTESIAN_POINT ( 'NONE',  ( -1.602918649000000029, 1.131354653999999904, -1.286182963000000345 ) ) ;
#6396 = DIRECTION ( 'NONE',  ( 1.000000000000000000, -0.000000000000000000, 0.000000000000000000 ) ) ;
#6397 = EDGE_CURVE ( 'NONE', #9353, #10644, #2233, .T. ) ;
#6398 = DIRECTION ( 'NONE',  ( 1.000000000000000000, 0.000000000000000000, 0.000000000000000000 ) ) ;
#6399 = LINE ( 'NONE', #3151, #666 ) ;
#6400 = ORIENTED_EDGE ( 'NONE', *, *, #8045, .F. ) ;
#6401 = VECTOR ( 'NONE', #5757, 1000.000000000000000 ) ;
#6402 = CARTESIAN_POINT ( 'NONE',  ( -1.523100129000000136, 1.129587977000000798, -1.367560815999999901 ) ) ;
#6403 = ORIENTED_EDGE ( 'NONE', *, *, #9790, .F. ) ;
#6404 = ORIENTED_EDGE ( 'NONE', *, *, #10297, .T. ) ;
#6405 = CARTESIAN_POINT ( 'NONE',  ( -1.100000000000000089, 1.100000000000000089, -0.1439896632895319994 ) ) ;
#6406 = CARTESIAN_POINT ( 'NONE',  ( 0.1495516660000000275, 0.1568547140000000062, 2.304748460999999526 ) ) ;
#6407 = CARTESIAN_POINT ( 'NONE',  ( 1.815817024000000224, 1.128327845000000051, -0.9388732090000000419 ) ) ;
#6408 = DIRECTION ( 'NONE',  ( -0.000000000000000000, -0.000000000000000000, -1.000000000000000000 ) ) ;
#6409 = DIRECTION ( 'NONE',  ( -0.000000000000000000, -1.000000000000000000, -0.000000000000000000 ) ) ;
#6410 = CARTESIAN_POINT ( 'NONE',  ( 0.9950587360000001658, 0.6500000000000001332, -2.293438055000000197 ) ) ;
#6411 = EDGE_CURVE ( 'NONE', #5802, #8598, #7421, .T. ) ;
#6412 = VECTOR ( 'NONE', #5732, 1000.000000000000000 ) ;
#6413 = EDGE_CURVE ( 'NONE', #4862, #10010, #1714, .T. ) ;
#6414 = CARTESIAN_POINT ( 'NONE',  ( 0.9295060538406952899, 0.6798642697300578686, -2.335980953881256816 ) ) ;
#6415 = CARTESIAN_POINT ( 'NONE',  ( -1.750000000000000000, 0.6500000000000001332, 1.750000000000000000 ) ) ;
#6416 = CARTESIAN_POINT ( 'NONE',  ( 1.727754601999999640, 0.8091801469999999608, 1.436031787999999754 ) ) ;
#6417 = DIRECTION ( 'NONE',  ( -1.000000000000000000, 0.000000000000000000, -0.000000000000000000 ) ) ;
#6418 = ORIENTED_EDGE ( 'NONE', *, *, #802, .F. ) ;
#6419 = CARTESIAN_POINT ( 'NONE',  ( 2.293438055000000197, 0.6753823869026267523, -0.9950587360000001658 ) ) ;
#6420 = DIRECTION ( 'NONE',  ( 9.035018104045846042E-17, -1.000000000000000000, 0.000000000000000000 ) ) ;
#6421 = PLANE ( 'NONE',  #2073 ) ;
#6422 = AXIS2_PLACEMENT_3D ( 'NONE', #1232, #6999, #5300 ) ;
#6423 = CARTESIAN_POINT ( 'NONE',  ( 2.324826387868265343, 0.6901846398383346681, -0.9499066270797558165 ) ) ;
#6424 = CARTESIAN_POINT ( 'NONE',  ( -1.110672947527455490, 1.129266793073270048, -1.727535975070840557 ) ) ;
#6425 = ADVANCED_FACE ( 'NONE', ( #3301 ), #8407, .T. ) ;
#6426 = CARTESIAN_POINT ( 'NONE',  ( 0.000000000000000000, 1.399999999999999911, 0.000000000000000000 ) ) ;
#6427 = EDGE_LOOP ( 'NONE', ( #1580, #9025, #9616, #8893 ) ) ;
#6428 = CARTESIAN_POINT ( 'NONE',  ( -0.8916295004494582122, 1.199999999999975753, 1.696049851274399778 ) ) ;
#6429 = DIRECTION ( 'NONE',  ( 1.000000000000000000, -0.000000000000000000, 0.000000000000000000 ) ) ;
#6430 = VERTEX_POINT ( 'NONE', #5846 ) ;
#6431 = CARTESIAN_POINT ( 'NONE',  ( 0.1463463600000000364, 0.2158946900000000280, 2.450333332999999669 ) ) ;
#6432 = CARTESIAN_POINT ( 'NONE',  ( -1.959567736000000338, 0.8089859230000000512, 1.094268049000000076 ) ) ;
#6433 = DIRECTION ( 'NONE',  ( -0.000000000000000000, -1.000000000000000000, -0.000000000000000000 ) ) ;
#6434 = DIRECTION ( 'NONE',  ( 0.000000000000000000, 0.000000000000000000, -1.000000000000000000 ) ) ;
#6435 = CARTESIAN_POINT ( 'NONE',  ( -1.012483102000000024, 1.128963546999999901, 1.775629646999999478 ) ) ;
#6436 = CARTESIAN_POINT ( 'NONE',  ( -0.9374287659057047861, 0.6842345779113965243, 2.331988265394087545 ) ) ;
#6437 = VECTOR ( 'NONE', #4643, 1000.000000000000114 ) ;
#6438 = CARTESIAN_POINT ( 'NONE',  ( -0.1497758240000000018, 0.09092030000000002332, -2.317093701000000117 ) ) ;
#6439 = PLANE ( 'NONE',  #4836 ) ;
#6440 = ORIENTED_EDGE ( 'NONE', *, *, #10041, .T. ) ;
#6441 = CARTESIAN_POINT ( 'NONE',  ( 1.236371692999999938, 1.199997976999999993, -1.533961275999999652 ) ) ;
#6442 = CARTESIAN_POINT ( 'NONE',  ( -0.9327571059302386391, 1.102651364883272533, 1.836502778887328713 ) ) ;
#6443 = DIRECTION ( 'NONE',  ( 0.000000000000000000, -1.000000000000000000, 0.000000000000000000 ) ) ;
#6444 = VERTEX_POINT ( 'NONE', #4073 ) ;
#6445 = ORIENTED_EDGE ( 'NONE', *, *, #7020, .F. ) ;
#6446 = CARTESIAN_POINT ( 'NONE',  ( -1.711433809750000146, 1.200000061499999715, 0.8581352866000001578 ) ) ;
#6447 = CARTESIAN_POINT ( 'NONE',  ( -1.684802350000000448, 0.9236595380000001132, -1.387877543000000102 ) ) ;
#6448 = CARTESIAN_POINT ( 'NONE',  ( 0.7250000000000000888, 0.2000000000166666514, -1.350000000000000089 ) ) ;
#6449 = EDGE_CURVE ( 'NONE', #5360, #4570, #6601, .T. ) ;
#6450 = CARTESIAN_POINT ( 'NONE',  ( -0.2999999999966797004, 0.02000000000000001082, -0.8500000000527343502 ) ) ;
#6451 = CIRCLE ( 'NONE', #3114, 2.174999999999999822 ) ;
#6452 = CARTESIAN_POINT ( 'NONE',  ( 2.348692979999999597, 0.6450000000000001288, -0.8785042870000000503 ) ) ;
#6453 = EDGE_LOOP ( 'NONE', ( #806, #8457, #8958, #308 ) ) ;
#6454 = VERTEX_POINT ( 'NONE', #4291 ) ;
#6455 = VERTEX_POINT ( 'NONE', #2590 ) ;
#6456 = CARTESIAN_POINT ( 'NONE',  ( -0.7250000000000000888, 0.2000000000000000111, 1.350000000000000089 ) ) ;
#6457 = DIRECTION ( 'NONE',  ( 0.000000000000000000, -0.9363291765782656428, -0.3511234442304683179 ) ) ;
#6458 = CARTESIAN_POINT ( 'NONE',  ( 1.054196864071789808, 1.100000000000000311, -0.5966224062502929470 ) ) ;
#6459 = DIRECTION ( 'NONE',  ( 0.000000000000000000, 0.000000000000000000, 1.000000000000000000 ) ) ;
#6460 = AXIS2_PLACEMENT_3D ( 'NONE', #1265, #10420, #1211 ) ;
#6461 = DIRECTION ( 'NONE',  ( 0.000000000000000000, 0.000000000000000000, 1.000000000000000000 ) ) ;
#6462 = CARTESIAN_POINT ( 'NONE',  ( -1.308149483841887006, 1.129138584008178681, 1.570513872182811355 ) ) ;
#6463 = CARTESIAN_POINT ( 'NONE',  ( 0.9225978321829760853, 0.6757294452051550993, -2.339057303552150913 ) ) ;
#6464 = DIRECTION ( 'NONE',  ( -0.000000000000000000, -0.000000000000000000, 1.000000000000000000 ) ) ;
#6465 = CARTESIAN_POINT ( 'NONE',  ( 1.348141816565648021, 0.8237498669881880842, 1.782719278566602394 ) ) ;
#6466 = CARTESIAN_POINT ( 'NONE',  ( -0.9950587357990673398, 0.6500000000000001332, -2.293438055064058734 ) ) ;
#6467 = VERTEX_POINT ( 'NONE', #10158 ) ;
#6468 = VECTOR ( 'NONE', #9788, 1000.000000000000000 ) ;
#6469 = CARTESIAN_POINT ( 'NONE',  ( -2.349202828999999326, 0.6450000000000001288, 0.8785042870000000503 ) ) ;
#6470 = CARTESIAN_POINT ( 'NONE',  ( 1.600000000003703793, 0.3999999999999999667, 2.405681128000001667 ) ) ;
#6471 = DIRECTION ( 'NONE',  ( 0.000000000000000000, 0.000000000000000000, -1.000000000000000000 ) ) ;
#6472 = EDGE_CURVE ( 'NONE', #5159, #1513, #4481, .T. ) ;
#6473 = EDGE_CURVE ( 'NONE', #1666, #9834, #9225, .T. ) ;
#6474 = CARTESIAN_POINT ( 'NONE',  ( 2.318969705965752581, 0.6937148314064931487, -0.9591012472857631810 ) ) ;
#6475 = DIRECTION ( 'NONE',  ( -0.000000000000000000, 1.000000000000000000, -0.000000000000000000 ) ) ;
#6476 = VECTOR ( 'NONE', #3553, 1000.000000000000000 ) ;
#6477 = CARTESIAN_POINT ( 'NONE',  ( 0.8785042867186774185, 0.6449999999358746461, -2.348438055000000801 ) ) ;
#6478 = ORIENTED_EDGE ( 'NONE', *, *, #3730, .F. ) ;
#6479 = CARTESIAN_POINT ( 'NONE',  ( 2.299999999999999822, 0.6500000000000001332, -1.249999999999999778 ) ) ;
#6480 = FACE_OUTER_BOUND ( 'NONE', #4063, .T. ) ;
#6481 = EDGE_LOOP ( 'NONE', ( #5384, #5078, #10368, #5694 ) ) ;
#6482 = CARTESIAN_POINT ( 'NONE',  ( 0.1500883706697498654, 0.1692492654054503498, 2.432359698719489760 ) ) ;
#6483 = CARTESIAN_POINT ( 'NONE',  ( -1.653304057887328149, 0.8238429278129093536, 1.507601345993062170 ) ) ;
#6484 = DIRECTION ( 'NONE',  ( -1.000000000000000000, 0.000000000000000000, -0.000000000000000000 ) ) ;
#6485 = VECTOR ( 'NONE', #2242, 1000.000000000000000 ) ;
#6486 = CARTESIAN_POINT ( 'NONE',  ( 2.299999999999999822, 0.8000000000000000444, 1.984643122278030525 ) ) ;
#6487 = EDGE_CURVE ( 'NONE', #1192, #8106, #6005, .T. ) ;
#6488 = CARTESIAN_POINT ( 'NONE',  ( -0.9039993192199998751, 1.200000040899999787, 1.688577436480000804 ) ) ;
#6489 = CARTESIAN_POINT ( 'NONE',  ( -0.9080161131901730576, 0.6662108263527694030, 2.344188086445737618 ) ) ;
#6490 = AXIS2_PLACEMENT_3D ( 'NONE', #6202, #2125, #7895 ) ;
#6491 = LINE ( 'NONE', #3958, #8943 ) ;
#6492 = CARTESIAN_POINT ( 'NONE',  ( 0.8974963488788088029, 0.6588579179595246416, 2.346667936688801248 ) ) ;
#6493 = CARTESIAN_POINT ( 'NONE',  ( -2.174999999999999822, 0.7000000000000000666, 1.250000000000000000 ) ) ;
#6494 = ORIENTED_EDGE ( 'NONE', *, *, #5763, .T. ) ;
#6495 = CARTESIAN_POINT ( 'NONE',  ( 0.9937673509999999100, 1.199999999999999956, -1.638607672000000015 ) ) ;
#6496 = CARTESIAN_POINT ( 'NONE',  ( 1.973837771000000352, 0.8000000000000000444, -1.102395951999999957 ) ) ;
#6497 = CARTESIAN_POINT ( 'NONE',  ( -2.100000000000000089, 0.2000000000000000111, -2.299999999999999822 ) ) ;
#6498 = B_SPLINE_CURVE_WITH_KNOTS ( 'NONE', 3,
 ( #1530, #9097, #4107, #8387, #9971, #1586 ),
 .UNSPECIFIED., .F., .F.,
 ( 4, 2, 4 ),
 ( 0.000000000000000000, 0.5000000000000000000, 1.000000000000000000 ),
 .UNSPECIFIED. ) ;
#6499 = ORIENTED_EDGE ( 'NONE', *, *, #1938, .F. ) ;
#6500 = ORIENTED_EDGE ( 'NONE', *, *, #8880, .T. ) ;
#6501 = B_SPLINE_SURFACE_WITH_KNOTS ( 'NONE', 3, 3, ( 
 ( #6579, #9150, #104, #1634, #7563, #2510, #4047, #1744, #762, #4983 ),
 ( #9911, #4102, #10131, #2457, #5762, #8440, #6737, #4267, #10021, #7452 ),
 ( #10798, #872, #3279, #7400, #2620, #5981, #3438, #8382, #4156, #9315 ),
 ( #10072, #4876, #4211, #5871, #10741, #6632, #8328, #6793, #8221, #9200 ),
 ( #1688, #9964, #817, #7504, #10849, #929, #2565, #5092, #7616, #705 ),
 ( #3331, #6687, #3221, #5255, #981, #10403, #2008, #7829, #9364, #217 ),
 ( #10351, #9419, #1032, #1193, #5310, #1850, #1801, #5361, #10191, #6194 ),
 ( #2678, #2834, #8651, #8597, #6956, #2782, #5201, #8541, #1139, #3708 ),
 ( #1957, #8491, #1090, #160, #3656, #6032, #4433, #4375, #6904, #7778 ),
 ( #319, #7725, #7012, #3549, #269, #6142, #10242, #7066, #4486, #9476 ),
 ( #9524, #2728, #8702, #4539, #371, #2881, #6086, #5147, #6244, #1900 ),
 ( #10299, #3604, #7884, #4319, #7670, #3495, #6852, #3251, #5793, #7480 ),
 ( #3759, #10771, #5521, #7115, #8755, #9732, #8047, #9680, #7938, #10455 ),
 ( #4962, #526, #2935, #6402, #10510, #6607, #7169, #422, #6294, #9938 ),
 ( #9628, #2113, #2164, #3868, #10566, #2992, #793, #2219, #5472, #5579 ),
 ( #2429, #8807, #3044, #2057, #1294, #8914, #4595, #1555, #9123, #4906 ),
 ( #6353, #4645, #7225, #8250, #8861, #10824, #7991, #739, #470, #1613 ),
 ( #3812, #1246, #4079, #7428, #1347, #4697, #8306, #4134, #3308, #9572 ),
 ( #5414, #9996, #2491, #5852, #7536, #8523, #1011, #9178, #2541, #6011 ),
 ( #26, #9346, #80, #1829, #2708, #10221, #3364, #4351, #6717, #6063 ),
 ( #9233, #5957, #7704, #1665, #9397, #6828, #9287, #5232, #5014, #6663 ),
 ( #4299, #4245, #4412, #8359, #5903, #7595, #10107, #846, #7759, #6883 ),
 ( #10049, #5067, #1775, #194, #3415, #1720, #1879, #10165, #8414, #4187 ),
 ( #904, #3528, #8575, #6771, #1066, #2654, #2597, #957, #7648, #5125 ),
 ( #5179, #247, #8469, #136, #3470, #4518, #9453, #3740, #1119, #7860 ) ),
 .UNSPECIFIED., .F., .F., .F.,
 ( 4, 3, 3, 3, 3, 3, 3, 3, 4 ),
 ( 4, 3, 3, 4 ),
 ( 0.003065304134767601191, 0.003142210613589311186, 0.003219442662379451078, 0.003373906759959710479, 0.003682834955120240557, 0.003991763150280771069, 0.004146227247861040445, 0.004223459296651170362, 0.004300365788434580214 ),
 ( -0.009407897908678108587, 0.0006848153489806361321, 0.9999633557112327376, 1.009956141114855210 ),
 .UNSPECIFIED. ) ;
#6502 = ADVANCED_FACE ( 'NONE', ( #9390 ), #8673, .T. ) ;
#6503 = CIRCLE ( 'NONE', #7925, 0.04999999999999969746 ) ;
#6504 = CARTESIAN_POINT ( 'NONE',  ( 1.942104152170729625, 0.8233145123187884939, 1.106843486781058372 ) ) ;
#6505 = CARTESIAN_POINT ( 'NONE',  ( -1.874999999985573984, 0.7000000000000000666, -2.174999999999999822 ) ) ;
#6506 = FACE_OUTER_BOUND ( 'NONE', #10483, .T. ) ;
#6507 = CARTESIAN_POINT ( 'NONE',  ( 0.9836713794737167449, 0.6500000000000001332, 2.294205388131251855 ) ) ;
#6508 = VECTOR ( 'NONE', #8296, 1000.000000000000000 ) ;
#6509 = CARTESIAN_POINT ( 'NONE',  ( -1.024999999999999911, 0.02000000000000000389, 1.750000000132292177 ) ) ;
#6510 = ORIENTED_EDGE ( 'NONE', *, *, #3068, .F. ) ;
#6511 = VERTEX_POINT ( 'NONE', #1005 ) ;
#6512 = ORIENTED_EDGE ( 'NONE', *, *, #7833, .F. ) ;
#6513 = ADVANCED_FACE ( 'NONE', ( #4510 ), #8726, .T. ) ;
#6514 = CARTESIAN_POINT ( 'NONE',  ( -0.2879226727952089449, 1.100000000000000089, -1.071369944335147428 ) ) ;
#6515 = CARTESIAN_POINT ( 'NONE',  ( 0.9268673174694519457, 0.6500000000770351782, 2.299999999900302239 ) ) ;
#6516 = DIRECTION ( 'NONE',  ( -0.9169457174100463792, 0.000000000000000000, 0.3990119688973945977 ) ) ;
#6517 = FACE_OUTER_BOUND ( 'NONE', #7159, .T. ) ;
#6518 = AXIS2_PLACEMENT_3D ( 'NONE', #1813, #995, #10315 ) ;
#6519 = SHAPE_DEFINITION_REPRESENTATION ( #4589, #9130 ) ;
#6520 = CARTESIAN_POINT ( 'NONE',  ( -1.191597876835884806, 1.129199177251205999, 1.660090943234740379 ) ) ;
#6521 = CARTESIAN_POINT ( 'NONE',  ( 0.8991393049364311274, 1.199998758721505299, -1.726649397266012187 ) ) ;
#6522 = CARTESIAN_POINT ( 'NONE',  ( -2.174999999999999822, 0.7999999999999996003, -1.875000000000000000 ) ) ;
#6523 = CARTESIAN_POINT ( 'NONE',  ( 1.782888501000000181, 0.8234081909999999560, 1.348273797999999912 ) ) ;
#6524 = CARTESIAN_POINT ( 'NONE',  ( 1.438095102999999986, 0.8210983760000001297, -1.725236905999999903 ) ) ;
#6525 = EDGE_LOOP ( 'NONE', ( #842, #10526, #1194, #6998, #4115, #4807, #6327, #1283 ) ) ;
#6526 = AXIS2_PLACEMENT_3D ( 'NONE', #1863, #10089, #6046 ) ;
#6527 = CARTESIAN_POINT ( 'NONE',  ( -2.293438055000000197, 0.6833333330000000982, 0.9950587360000001658 ) ) ;
#6528 = CARTESIAN_POINT ( 'NONE',  ( -2.319574723553408102, 0.6933977391057796202, 0.9581811913026958560 ) ) ;
#6529 = DIRECTION ( 'NONE',  ( 0.000000000000000000, -0.000000000000000000, -1.000000000000000000 ) ) ;
#6530 = CARTESIAN_POINT ( 'NONE',  ( 2.312748706859441672, 0.6965030362286064314, -0.9683111115690822279 ) ) ;
#6531 = DIRECTION ( 'NONE',  ( 1.000000000000000000, -0.000000000000000000, 0.000000000000000000 ) ) ;
#6532 = DIRECTION ( 'NONE',  ( 0.000000000000000000, 0.000000000000000000, 1.000000000000000000 ) ) ;
#6533 = CARTESIAN_POINT ( 'NONE',  ( -2.100000000007692158, 0.000000000000000000, 2.299999999999999822 ) ) ;
#6534 = EDGE_CURVE ( 'NONE', #4087, #6311, #345, .T. ) ;
#6535 = ORIENTED_EDGE ( 'NONE', *, *, #1352, .T. ) ;
#6536 = CARTESIAN_POINT ( 'NONE',  ( 1.281891546095399903, 1.200000040803999912, 1.427527037432799961 ) ) ;
#6537 = CARTESIAN_POINT ( 'NONE',  ( -1.790032034000000216, 0.8091525199999999307, -1.353670383999999949 ) ) ;
#6538 = LINE ( 'NONE', #4725, #6268 ) ;
#6539 = ORIENTED_EDGE ( 'NONE', *, *, #1837, .F. ) ;
#6540 = CARTESIAN_POINT ( 'NONE',  ( 0.1500441841518983521, 0.2011090983015109968, 2.373602893231676170 ) ) ;
#6541 = CARTESIAN_POINT ( 'NONE',  ( -1.973837771000000352, 0.8000000000000000444, 1.102395951999999957 ) ) ;
#6542 = CARTESIAN_POINT ( 'NONE',  ( -0.6000000000000000888, 0.6500000000000001332, -2.449999999999999734 ) ) ;
#6543 = B_SPLINE_CURVE_WITH_KNOTS ( 'NONE', 3,
 ( #4168, #3602, #6954, #10032 ),
 .UNSPECIFIED., .F., .F.,
 ( 4, 4 ),
 ( 0.000000000000000000, 1.000000000000000000 ),
 .UNSPECIFIED. ) ;
#6544 = CARTESIAN_POINT ( 'NONE',  ( 0.8996733272209851418, 1.199999982287094813, 1.728827998777135777 ) ) ;
#6545 = CARTESIAN_POINT ( 'NONE',  ( 0.9223949678626013338, 1.128615992765412912, -1.823793474728519826 ) ) ;
#6546 = CARTESIAN_POINT ( 'NONE',  ( -0.9310026093289223148, 0.6807195122175636604, 2.335260494514703300 ) ) ;
#6547 = EDGE_CURVE ( 'NONE', #4006, #828, #5226, .T. ) ;
#6548 = EDGE_CURVE ( 'NONE', #10619, #471, #6214, .T. ) ;
#6549 = DIRECTION ( 'NONE',  ( -0.000000000000000000, -0.000000000000000000, 1.000000000000000000 ) ) ;
#6550 = LINE ( 'NONE', #8088, #9128 ) ;
#6551 = DIRECTION ( 'NONE',  ( 0.000000000000000000, 0.000000000000000000, -1.000000000000000000 ) ) ;
#6552 = ORIENTED_EDGE ( 'NONE', *, *, #9568, .F. ) ;
#6553 = CARTESIAN_POINT ( 'NONE',  ( 1.152093475700000091, 1.128854115410000025, -1.689483510059999860 ) ) ;
#6554 = CARTESIAN_POINT ( 'NONE',  ( 1.879837839000000121, 0.8000000000000000444, -1.290185586000000217 ) ) ;
#6555 = CYLINDRICAL_SURFACE ( 'NONE', #7852, 2.500000000000000000 ) ;
#6556 = ORIENTED_EDGE ( 'NONE', *, *, #9076, .F. ) ;
#6557 = ORIENTED_EDGE ( 'NONE', *, *, #4605, .F. ) ;
#6558 = CARTESIAN_POINT ( 'NONE',  ( -1.552854629820000110, 1.200000060839999660, 1.120896123519999676 ) ) ;
#6559 = CARTESIAN_POINT ( 'NONE',  ( -1.725237039999999888, 0.8210983760000001297, -1.438094969999999861 ) ) ;
#6560 = LINE ( 'NONE', #5742, #10817 ) ;
#6561 = B_SPLINE_CURVE_WITH_KNOTS ( 'NONE', 3,
 ( #8278, #9968, #5094, #5873 ),
 .UNSPECIFIED., .F., .F.,
 ( 4, 4 ),
 ( 0.000000000000000000, 1.000000000000000000 ),
 .UNSPECIFIED. ) ;
#6562 = EDGE_CURVE ( 'NONE', #7078, #6896, #7710, .T. ) ;
#6563 = CARTESIAN_POINT ( 'NONE',  ( 0.2999999999767578585, 0.1799999999999999933, -0.5000000000000000000 ) ) ;
#6564 = ORIENTED_EDGE ( 'NONE', *, *, #4326, .F. ) ;
#6565 = CARTESIAN_POINT ( 'NONE',  ( 2.293438055000000197, 0.7002549249999999725, -0.9950587360000001658 ) ) ;
#6566 = ORIENTED_EDGE ( 'NONE', *, *, #10573, .T. ) ;
#6567 = ORIENTED_EDGE ( 'NONE', *, *, #6562, .T. ) ;
#6568 = ORIENTED_EDGE ( 'NONE', *, *, #10310, .F. ) ;
#6569 = FACE_OUTER_BOUND ( 'NONE', #2430, .T. ) ;
#6570 = CARTESIAN_POINT ( 'NONE',  ( 1.816532905180000768, 1.127021359010000223, -0.9392304431499999273 ) ) ;
#6571 = FACE_OUTER_BOUND ( 'NONE', #7156, .T. ) ;
#6572 = CARTESIAN_POINT ( 'NONE',  ( 0.9184339279999998995, 0.6745970970000001454, -2.348438054999999913 ) ) ;
#6573 = ADVANCED_FACE ( 'NONE', ( #7854 ), #3573, .T. ) ;
#6574 = CARTESIAN_POINT ( 'NONE',  ( 2.299999999999999822, 0.6500000000000001332, -2.100000000000000089 ) ) ;
#6575 = VECTOR ( 'NONE', #543, 1000.000000000000000 ) ;
#6576 = CARTESIAN_POINT ( 'NONE',  ( 1.430160124684318301, 0.8238113402939344354, 1.720711153059464760 ) ) ;
#6577 = CARTESIAN_POINT ( 'NONE',  ( 1.286183110000000740, 1.131354653999999904, -1.602918502000000966 ) ) ;
#6578 = ORIENTED_EDGE ( 'NONE', *, *, #3218, .F. ) ;
#6579 = CARTESIAN_POINT ( 'NONE',  ( -0.9161599510784003142, 1.127394931858099580, -1.827791134934700024 ) ) ;
#6580 = CARTESIAN_POINT ( 'NONE',  ( -2.328106116658489988, 0.6877035784981645472, 0.9443964234105292066 ) ) ;
#6581 = CARTESIAN_POINT ( 'NONE',  ( -1.024999999999999911, 0.02000000000000000389, -1.750000000000000000 ) ) ;
#6582 = B_SPLINE_CURVE_WITH_KNOTS ( 'NONE', 3,
 ( #8027, #10437, #2914, #6275, #2092, #8791, #1279, #3846, #9714, #5559, #5618, #4012, #5729, #2255, #10601, #10709, #3904, #9113, #7419, #8952, #2365, #10816, #2480, #6489, #1384, #3298, #1491, #7310, #8297, #4896, #1602, #8240, #728, #5674, #4788, #3189, #9874, #9823, #9986, #3079, #618, #9004, #6546, #8134, #2312, #3240, #6436, #4734, #5842, #6653, #3956, #8083, #4842, #9765, #4071, #4953, #9059, #672, #1440, #2418, #10651, #7367, #781, #4122, #7471, #1545, #3133, #8186, #10760, #565, #6599, #9929, #7258, #5783, #7525, #181, #2531, #5114, #10040, #3405, #1765, #10152, #1710, #6708, #5894, #10098, #1869, #7693, #2698, #948, #126, #1001, #1820, #9223 ),
 .UNSPECIFIED., .F., .F.,
 ( 4, 3, 3, 3, 3, 3, 3, 3, 3, 3, 3, 3, 3, 3, 3, 3, 3, 3, 3, 3, 3, 3, 3, 3, 3, 3, 3, 3, 3, 3, 3, 4 ),
 ( 1.480383068815490908E-13, 6.876687053127170239E-06, 1.375334455942517121E-05, 1.719042193419689104E-05, 2.062749922874062658E-05, 2.750415082511595949E-05, 3.094122921527654111E-05, 3.437830871109263399E-05, 3.781538944259843905E-05, 4.469208943510296462E-05, 4.812917250693302026E-05, 5.156625680683253409E-05, 5.844299847344667777E-05, 6.188008454818057398E-05, 6.531717127246360348E-05, 7.219393540950273618E-05, 7.563102261194995903E-05, 7.906810964907926790E-05, 8.594486870490738171E-05, 8.938195475330823654E-05, 9.281903987700806111E-05, 9.625612392933164871E-05, 0.0001031328410658902204, 0.0001065699228620420775, 0.0001100070033301884528, 0.0001168836759068970875, 0.0001203207542893733252, 0.0001237578318907912259, 0.0001306344787872577753, 0.0001340715562706175249, 0.0001375086346474411255, 0.0001450627082503203990 ),
 .UNSPECIFIED. ) ;
#6583 = CARTESIAN_POINT ( 'NONE',  ( 2.335894917417510541, 0.6799899665677348048, -0.9297089399227717044 ) ) ;
#6584 = FACE_OUTER_BOUND ( 'NONE', #5290, .T. ) ;
#6585 = VECTOR ( 'NONE', #8311, 1000.000000000000000 ) ;
#6586 = CYLINDRICAL_SURFACE ( 'NONE', #3994, 0.3000000000000005440 ) ;
#6587 = DIRECTION ( 'NONE',  ( 0.000000000000000000, 0.000000000000000000, -1.000000000000000000 ) ) ;
#6588 = VERTEX_POINT ( 'NONE', #6114 ) ;
#6589 = CARTESIAN_POINT ( 'NONE',  ( 1.284992880740000176, 1.128223201499999773, 1.594313342380000442 ) ) ;
#6590 = CARTESIAN_POINT ( 'NONE',  ( -1.803241963000000947, 0.8000000000000000444, -1.363649834999999921 ) ) ;
#6591 = DIRECTION ( 'NONE',  ( 0.000000000000000000, 0.000000000000000000, 1.000000000000000000 ) ) ;
#6592 = ORIENTED_EDGE ( 'NONE', *, *, #6072, .T. ) ;
#6593 = CARTESIAN_POINT ( 'NONE',  ( 0.7319748254259620390, 1.200000000000000178, -0.9647880622881207513 ) ) ;
#6594 = CARTESIAN_POINT ( 'NONE',  ( -2.331608873617000643, 0.6846030893257525340, -0.9381360304434976927 ) ) ;
#6595 = PLANE ( 'NONE',  #2363 ) ;
#6596 = EDGE_LOOP ( 'NONE', ( #3194, #5080, #8820, #321, #10142 ) ) ;
#6597 = DIRECTION ( 'NONE',  ( 0.000000000000000000, 0.000000000000000000, 1.000000000000000000 ) ) ;
#6598 = CARTESIAN_POINT ( 'NONE',  ( -2.100000000002279155, 0.3667742510000000511, 2.500000000000000000 ) ) ;
#6599 = CARTESIAN_POINT ( 'NONE',  ( -0.9650025604169077953, 0.6955933199309738413, 2.315020014920591063 ) ) ;
#6600 = CARTESIAN_POINT ( 'NONE',  ( 1.024999999953124741, 0.000000000000000000, -2.299999999999999822 ) ) ;
#6601 = LINE ( 'NONE', #5007, #3843 ) ;
#6602 = DIRECTION ( 'NONE',  ( 0.000000000000000000, 1.000000000000000000, 0.000000000000000000 ) ) ;
#6603 = VERTEX_POINT ( 'NONE', #7040 ) ;
#6604 = CARTESIAN_POINT ( 'NONE',  ( 1.106460989000000117, 1.129190821000000122, -1.719372273999999923 ) ) ;
#6605 = CARTESIAN_POINT ( 'NONE',  ( -1.638607672830338924, 1.199999999999960876, -0.9937673515013215608 ) ) ;
#6606 = CARTESIAN_POINT ( 'NONE',  ( -2.314042747999999872, 0.6833333330000000982, -0.9554791260000000674 ) ) ;
#6607 = CARTESIAN_POINT ( 'NONE',  ( -1.466023690999999740, 1.199997980000000020, -1.316356985000000090 ) ) ;
#6608 = ORIENTED_EDGE ( 'NONE', *, *, #2379, .F. ) ;
#6609 = ORIENTED_EDGE ( 'NONE', *, *, #4777, .T. ) ;
#6610 = CARTESIAN_POINT ( 'NONE',  ( -1.651421587200000207, 1.200000020389999866, 0.9715611897600001656 ) ) ;
#6611 = EDGE_CURVE ( 'NONE', #7363, #10826, #6928, .T. ) ;
#6612 = LINE ( 'NONE', #9944, #4753 ) ;
#6613 = ADVANCED_FACE ( 'NONE', ( #8623 ), #1873, .F. ) ;
#6614 = CARTESIAN_POINT ( 'NONE',  ( 0.9184392820000000235, 0.6747346400000006073, 2.348692979999999597 ) ) ;
#6615 = CARTESIAN_POINT ( 'NONE',  ( 2.100000000000000089, 1.084202172485504434E-16, 2.100000000000000089 ) ) ;
#6616 = ORIENTED_EDGE ( 'NONE', *, *, #9841, .T. ) ;
#6617 = CARTESIAN_POINT ( 'NONE',  ( 1.542926899423753273, 0.6500000000000001332, 1.967073100582335643 ) ) ;
#6618 = VERTEX_POINT ( 'NONE', #10324 ) ;
#6619 = AXIS2_PLACEMENT_3D ( 'NONE', #4946, #8288, #5049 ) ;
#6620 = ORIENTED_EDGE ( 'NONE', *, *, #3891, .T. ) ;
#6621 = VERTEX_POINT ( 'NONE', #10215 ) ;
#6622 = DIRECTION ( 'NONE',  ( 1.000000000000000000, -0.000000000000000000, 0.000000000000000000 ) ) ;
#6623 = PLANE ( 'NONE',  #6681 ) ;
#6624 = ADVANCED_FACE ( 'NONE', ( #185 ), #1113, .T. ) ;
#6625 = DIRECTION ( 'NONE',  ( 0.000000000000000000, -0.3322574923113522649, -0.9431887185515800409 ) ) ;
#6626 = CARTESIAN_POINT ( 'NONE',  ( 1.750000000000000000, 0.6500000000000001332, 2.050000000000000266 ) ) ;
#6627 = LINE ( 'NONE', #1415, #3596 ) ;
#6628 = CYLINDRICAL_SURFACE ( 'NONE', #2294, 2.500000000000000444 ) ;
#6629 = CARTESIAN_POINT ( 'NONE',  ( 1.507673606496531038, 0.8236714894064547376, 1.653383328943663910 ) ) ;
#6630 = CARTESIAN_POINT ( 'NONE',  ( 1.100992135000000038, 0.8213205660000000297, -1.946645606000001028 ) ) ;
#6631 = ORIENTED_EDGE ( 'NONE', *, *, #1330, .F. ) ;
#6632 = CARTESIAN_POINT ( 'NONE',  ( -0.9514489420000000752, 1.199997956999999893, -1.721674212999999565 ) ) ;
#6633 = VERTEX_POINT ( 'NONE', #1059 ) ;
#6634 = AXIS2_PLACEMENT_3D ( 'NONE', #3338, #986, #1749 ) ;
#6635 = CARTESIAN_POINT ( 'NONE',  ( 0.6000000000000000888, 0.1901880480000000817, 2.299999999999999822 ) ) ;
#6636 = EDGE_CURVE ( 'NONE', #3264, #9398, #1978, .T. ) ;
#6637 = CARTESIAN_POINT ( 'NONE',  ( -1.600000000000000089, 0.1000000000000000056, -2.299999999999999822 ) ) ;
#6638 = DIRECTION ( 'NONE',  ( -0.000000000000000000, 1.000000000000000000, 0.000000000000000000 ) ) ;
#6639 = CARTESIAN_POINT ( 'NONE',  ( 0.1493274900522030546, 0.1901880480000001927, 2.300000000050924420 ) ) ;
#6640 = DIRECTION ( 'NONE',  ( -1.000000000000000000, -0.000000000000000000, -0.000000000000000000 ) ) ;
#6641 = VECTOR ( 'NONE', #5823, 1000.000000000000000 ) ;
#6642 = ORIENTED_EDGE ( 'NONE', *, *, #6343, .T. ) ;
#6643 = CARTESIAN_POINT ( 'NONE',  ( 1.391210334000000159, 1.199997980000000020, 1.391172391000000008 ) ) ;
#6644 = CARTESIAN_POINT ( 'NONE',  ( -1.852309466000000127, 0.8091248930000001227, -1.271308979999999922 ) ) ;
#6645 = CARTESIAN_POINT ( 'NONE',  ( 0.1500000000000000222, 0.1938785735044764313, 2.324569192262263329 ) ) ;
#6646 = VERTEX_POINT ( 'NONE', #4404 ) ;
#6647 = DIRECTION ( 'NONE',  ( 0.000000000000000000, -1.000000000000000000, 0.000000000000000000 ) ) ;
#6648 = DIRECTION ( 'NONE',  ( 0.000000000000000000, 0.000000000000000000, 1.000000000000000000 ) ) ;
#6649 = ORIENTED_EDGE ( 'NONE', *, *, #7007, .F. ) ;
#6650 = CARTESIAN_POINT ( 'NONE',  ( -1.828765089110791386, 1.120668476475494391, -0.9233878620401670956 ) ) ;
#6651 = EDGE_CURVE ( 'NONE', #561, #9940, #2031, .T. ) ;
#6652 = CARTESIAN_POINT ( 'NONE',  ( -1.000000000000000000, 0.7000000000000000666, 2.250000000000001776 ) ) ;
#6653 = CARTESIAN_POINT ( 'NONE',  ( -0.9401821494931247303, 0.6856495671962712368, 2.330493195687722174 ) ) ;
#6654 = VECTOR ( 'NONE', #301, 1000.000000000000000 ) ;
#6655 = CARTESIAN_POINT ( 'NONE',  ( 1.600000000000000089, -0.002400000000000000657, 2.501199999999999868 ) ) ;
#6656 = CARTESIAN_POINT ( 'NONE',  ( 1.416330458204586806, 1.129587179323729762, -1.473806946410177066 ) ) ;
#6657 = DIRECTION ( 'NONE',  ( 1.000000000000000000, 0.000000000000000000, 0.000000000000000000 ) ) ;
#6658 = ORIENTED_EDGE ( 'NONE', *, *, #3184, .T. ) ;
#6659 = AXIS2_PLACEMENT_3D ( 'NONE', #3461, #8461, #893 ) ;
#6660 = CARTESIAN_POINT ( 'NONE',  ( 0.9487752962245998845, 1.200000061842300125, -1.663367377004699943 ) ) ;
#6661 = CARTESIAN_POINT ( 'NONE',  ( 0.1516423132391289397, 1.199999999999999956, 1.199808584789408883 ) ) ;
#6662 = CARTESIAN_POINT ( 'NONE',  ( -1.937836436134688034, 0.8324361959841091174, -1.102127593054806898 ) ) ;
#6663 = CARTESIAN_POINT ( 'NONE',  ( -1.663380637469999979, 1.200000061230000137, -0.9487828214599998145 ) ) ;
#6664 = VERTEX_POINT ( 'NONE', #5382 ) ;
#6665 = ORIENTED_EDGE ( 'NONE', *, *, #4110, .T. ) ;
#6666 = CARTESIAN_POINT ( 'NONE',  ( -1.658051268133400091, 1.128057210088699858, 1.196615198395000634 ) ) ;
#6667 = CARTESIAN_POINT ( 'NONE',  ( 0.9561791889999999849, 0.6500000000000001332, 2.296057939999999853 ) ) ;
#6668 = CARTESIAN_POINT ( 'NONE',  ( -1.600000000000000089, 0.1000000000000000056, -2.299999999999999822 ) ) ;
#6669 = ORIENTED_EDGE ( 'NONE', *, *, #6148, .T. ) ;
#6670 = ADVANCED_FACE ( 'NONE', ( #7801 ), #2752, .F. ) ;
#6671 = CARTESIAN_POINT ( 'NONE',  ( 0.7250000001416665452, 0.000000000000000000, 2.299999999999999822 ) ) ;
#6672 = ORIENTED_EDGE ( 'NONE', *, *, #1052, .T. ) ;
#6673 = VECTOR ( 'NONE', #9863, 1000.000000000000000 ) ;
#6674 = EDGE_LOOP ( 'NONE', ( #1721, #6564, #1633, #5654 ) ) ;
#6675 = EDGE_LOOP ( 'NONE', ( #7, #8851, #2511, #7657 ) ) ;
#6676 = DIRECTION ( 'NONE',  ( 1.000000000000000000, -0.000000000000000000, 0.000000000000000000 ) ) ;
#6677 = FACE_OUTER_BOUND ( 'NONE', #4059, .T. ) ;
#6678 = CARTESIAN_POINT ( 'NONE',  ( 0.6000000000000000888, 0.7000000000000000666, -2.299999999999999822 ) ) ;
#6679 = B_SPLINE_SURFACE_WITH_KNOTS ( 'NONE', 3, 3, ( 
 ( #10440, #8688, #9461, #7865 ),
 ( #357, #457, #2767, #1942 ),
 ( #2095, #5240, #3796, #8794 ),
 ( #4471, #7816, #7155, #2714 ),
 ( #9404, #9826, #8245, #3138 ),
 ( #7316, #569, #4017, #8089 ),
 ( #8031, #7372, #4739, #7209 ) ),
 .UNSPECIFIED., .F., .F., .F.,
 ( 4, 3, 4 ),
 ( 4, 4 ),
 ( -0.01529547625797660244, 0.000000000000000000, 1.000000000000000000 ),
 ( 0.000000000000000000, 1.000000000000000000 ),
 .UNSPECIFIED. ) ;
#6680 = VECTOR ( 'NONE', #2647, 1000.000000000000000 ) ;
#6681 = AXIS2_PLACEMENT_3D ( 'NONE', #6730, #808, #7555 ) ;
#6682 = CARTESIAN_POINT ( 'NONE',  ( -2.294207493174490686, 0.6500000000000001332, -0.9836401402631950175 ) ) ;
#6683 = EDGE_CURVE ( 'NONE', #8095, #9814, #2630, .T. ) ;
#6684 = EDGE_CURVE ( 'NONE', #9940, #6058, #9756, .T. ) ;
#6685 = CARTESIAN_POINT ( 'NONE',  ( 1.776330021200000164, 1.127667397760000467, -1.012875249749999762 ) ) ;
#6686 = EDGE_LOOP ( 'NONE', ( #2808, #4931, #6649, #4699, #5939 ) ) ;
#6687 = CARTESIAN_POINT ( 'NONE',  ( -1.036514213802000040, 1.128151665377599810, -1.762355772865599857 ) ) ;
#6688 = ORIENTED_EDGE ( 'NONE', *, *, #189, .T. ) ;
#6689 = VECTOR ( 'NONE', #3211, 1000.000000000000000 ) ;
#6690 = LINE ( 'NONE', #9202, #688 ) ;
#6691 = DIRECTION ( 'NONE',  ( 0.000000000000000000, 0.3322574923113522649, 0.9431887185515800409 ) ) ;
#6692 = CARTESIAN_POINT ( 'NONE',  ( 1.193321910999999957, 0.8000000000000000444, 1.921766434000000023 ) ) ;
#6693 = DIRECTION ( 'NONE',  ( 0.000000000000000000, 0.000000000000000000, 1.000000000000000000 ) ) ;
#6694 = AXIS2_PLACEMENT_3D ( 'NONE', #8342, #6647, #9163 ) ;
#6695 = DIRECTION ( 'NONE',  ( 1.000000000000000000, 0.000000000000000000, -0.000000000000000000 ) ) ;
#6696 = ORIENTED_EDGE ( 'NONE', *, *, #7947, .T. ) ;
#6697 = EDGE_CURVE ( 'NONE', #8930, #5362, #9597, .T. ) ;
#6698 = CARTESIAN_POINT ( 'NONE',  ( 1.593715618999999917, 1.129510369999999986, 1.284449094999999819 ) ) ;
#6699 = CARTESIAN_POINT ( 'NONE',  ( -1.879843831999999937, 0.8000000000000000444, -1.290177911000000233 ) ) ;
#6700 = CARTESIAN_POINT ( 'NONE',  ( 0.6000000000000000888, 0.7000000000000000666, -2.250000000000001776 ) ) ;
#6701 = ORIENTED_EDGE ( 'NONE', *, *, #1053, .T. ) ;
#6702 = CARTESIAN_POINT ( 'NONE',  ( 0.3157709099309748413, 1.199999999999999734, -1.158876243106170989 ) ) ;
#6703 = CARTESIAN_POINT ( 'NONE',  ( -2.326198288986237817, 0.6891835075325364324, -0.9476304596694762328 ) ) ;
#6704 = CARTESIAN_POINT ( 'NONE',  ( -0.1499999999780798343, 0.09237426141778436184, -2.325516358023830499 ) ) ;
#6705 = ORIENTED_EDGE ( 'NONE', *, *, #7774, .F. ) ;
#6706 = CARTESIAN_POINT ( 'NONE',  ( -1.103687851615889004, 0.8293593502337917034, -1.939201253379999157 ) ) ;
#6707 = CARTESIAN_POINT ( 'NONE',  ( -0.8581351366300002947, 1.200000061499999715, 1.711433884780000136 ) ) ;
#6708 = CARTESIAN_POINT ( 'NONE',  ( -0.9816038848142035755, 0.6991226494636300082, 2.303316648969841118 ) ) ;
#6709 = EDGE_CURVE ( 'NONE', #2691, #10523, #4780, .T. ) ;
#6710 = FACE_OUTER_BOUND ( 'NONE', #1102, .T. ) ;
#6711 = CARTESIAN_POINT ( 'NONE',  ( -1.750000000000000000, 0.6400000000000001243, -2.049999999999999822 ) ) ;
#6712 = CARTESIAN_POINT ( 'NONE',  ( 1.984650023000000374, 0.8500000000000000888, 1.130538914000000172 ) ) ;
#6713 = ORIENTED_EDGE ( 'NONE', *, *, #3056, .F. ) ;
#6714 = CARTESIAN_POINT ( 'NONE',  ( 1.079470014998399785, 1.200000061508999627, -1.582651624418200065 ) ) ;
#6715 = DIRECTION ( 'NONE',  ( 1.000000000000000000, -0.000000000000000000, 0.000000000000000000 ) ) ;
#6716 = CARTESIAN_POINT ( 'NONE',  ( -0.9683111114662829033, 0.6965030362019363208, -2.312748706930572773 ) ) ;
#6717 = CARTESIAN_POINT ( 'NONE',  ( -1.650986217700000092, 1.200000040779999999, -0.9712992512799999423 ) ) ;
#6718 = ORIENTED_EDGE ( 'NONE', *, *, #9242, .T. ) ;
#6719 = ORIENTED_EDGE ( 'NONE', *, *, #5906, .T. ) ;
#6720 = CARTESIAN_POINT ( 'NONE',  ( -1.611659300690000185, 1.200000020329999861, 1.037419862459999509 ) ) ;
#6721 = FACE_OUTER_BOUND ( 'NONE', #5738, .T. ) ;
#6722 = CARTESIAN_POINT ( 'NONE',  ( -2.100000000006267076, 0.3999999999999999112, 2.405681128000001667 ) ) ;
#6723 = DIRECTION ( 'NONE',  ( -0.000000000000000000, -0.000000000000000000, -1.000000000000000000 ) ) ;
#6724 = VERTEX_POINT ( 'NONE', #1374 ) ;
#6725 = DIRECTION ( 'NONE',  ( 1.000000000000000000, -0.000000000000000000, 0.000000000000000000 ) ) ;
#6726 = ORIENTED_EDGE ( 'NONE', *, *, #509, .F. ) ;
#6727 = VERTEX_POINT ( 'NONE', #8073 ) ;
#6728 = ORIENTED_EDGE ( 'NONE', *, *, #894, .T. ) ;
#6729 = CARTESIAN_POINT ( 'NONE',  ( -0.8785042868980397213, 0.6450000001026294782, -2.348438054999999913 ) ) ;
#6730 = CARTESIAN_POINT ( 'NONE',  ( -2.449999999999999734, 0.3500000000000000333, 1.250000000000000000 ) ) ;
#6731 = DIRECTION ( 'NONE',  ( 0.000000000000000000, 0.9431887185515800409, -0.3322574923113522649 ) ) ;
#6732 = EDGE_CURVE ( 'NONE', #248, #2621, #7249, .T. ) ;
#6733 = CARTESIAN_POINT ( 'NONE',  ( -2.293438055000000197, 0.7000000000000000666, -0.9950587360000001658 ) ) ;
#6734 = CARTESIAN_POINT ( 'NONE',  ( 0.9571354418337535419, 0.6930198928105735234, -2.320253906552553147 ) ) ;
#6735 = CARTESIAN_POINT ( 'NONE',  ( 1.676668652955100258, 1.200000020634300002, -0.9267089233057000941 ) ) ;
#6736 = ORIENTED_EDGE ( 'NONE', *, *, #9841, .F. ) ;
#6737 = CARTESIAN_POINT ( 'NONE',  ( -0.8817563100000000986, 1.199999999999999956, -1.701356966999999942 ) ) ;
#6738 = ORIENTED_EDGE ( 'NONE', *, *, #9380, .T. ) ;
#6739 = LINE ( 'NONE', #4158, #4884 ) ;
#6740 = DIRECTION ( 'NONE',  ( 0.000000000000000000, 0.000000000000000000, 1.000000000000000000 ) ) ;
#6741 = DIRECTION ( 'NONE',  ( 0.000000000000000000, 1.000000000000000000, -1.445602896647339508E-15 ) ) ;
#6742 = EDGE_CURVE ( 'NONE', #10523, #2869, #10083, .T. ) ;
#6743 = CARTESIAN_POINT ( 'NONE',  ( -0.1501325560046248009, 0.1686514506624673948, -2.432233590060195905 ) ) ;
#6744 = ADVANCED_FACE ( 'NONE', ( #8780 ), #5440, .F. ) ;
#6745 = VECTOR ( 'NONE', #7966, 1000.000000000000000 ) ;
#6746 = CARTESIAN_POINT ( 'NONE',  ( 2.335260494384589158, 0.6807195123699095740, 0.9310026095970349580 ) ) ;
#6747 = CARTESIAN_POINT ( 'NONE',  ( 2.449999999999999734, 0.04999999999999996808, -1.250000000000000000 ) ) ;
#6748 = VERTEX_POINT ( 'NONE', #3837 ) ;
#6749 = CARTESIAN_POINT ( 'NONE',  ( 1.654817089000000241, 1.199997967000000054, 1.065069161000000042 ) ) ;
#6750 = CARTESIAN_POINT ( 'NONE',  ( -1.727754601999999640, 0.8091801469999999608, -1.436031787999999754 ) ) ;
#6751 = CARTESIAN_POINT ( 'NONE',  ( 0.1499999534878472263, 0.1935225807378252449, 2.388726527829565960 ) ) ;
#6752 = VERTEX_POINT ( 'NONE', #2082 ) ;
#6753 = LINE ( 'NONE', #2579, #7221 ) ;
#6754 = DIRECTION ( 'NONE',  ( 1.000000000000000000, -0.000000000000000000, -0.000000000000000000 ) ) ;
#6755 = CARTESIAN_POINT ( 'NONE',  ( -0.9892168684169815318, 1.012578723002385273, -1.870276937126714278 ) ) ;
#6756 = ORIENTED_EDGE ( 'NONE', *, *, #4191, .T. ) ;
#6757 = FACE_OUTER_BOUND ( 'NONE', #6271, .T. ) ;
#6758 = CIRCLE ( 'NONE', #9715, 0.2000000000000000944 ) ;
#6759 = CIRCLE ( 'NONE', #6241, 2.174999999999999822 ) ;
#6760 = DIRECTION ( 'NONE',  ( 0.000000000000000000, 1.000000000000000000, -0.000000000000000000 ) ) ;
#6761 = LINE ( 'NONE', #5057, #10848 ) ;
#6762 = EDGE_CURVE ( 'NONE', #9333, #9672, #2451, .T. ) ;
#6763 = VECTOR ( 'NONE', #1074, 1000.000000000000000 ) ;
#6764 = LINE ( 'NONE', #7641, #6680 ) ;
#6765 = DIRECTION ( 'NONE',  ( -1.000000000000000000, -0.000000000000000000, -0.000000000000000000 ) ) ;
#6766 = LINE ( 'NONE', #3357, #2755 ) ;
#6767 = ORIENTED_EDGE ( 'NONE', *, *, #8168, .T. ) ;
#6768 = CARTESIAN_POINT ( 'NONE',  ( -0.3000000000000000444, 0.02000000000000000389, -0.8500000000000000888 ) ) ;
#6769 = DIRECTION ( 'NONE',  ( 0.000000000000000000, 0.000000000000000000, 1.000000000000000000 ) ) ;
#6770 = CARTESIAN_POINT ( 'NONE',  ( -0.1493274900518996584, 0.1901880480000000262, -2.300000000047734083 ) ) ;
#6771 = CARTESIAN_POINT ( 'NONE',  ( -1.815816861000000060, 1.128327839000000221, -0.9388735440000000043 ) ) ;
#6772 = B_SPLINE_CURVE_WITH_KNOTS ( 'NONE', 3,
 ( #4839, #670, #4010, #3187, #6544, #9872 ),
 .UNSPECIFIED., .F., .F.,
 ( 4, 2, 4 ),
 ( 0.000000000000000000, 0.5000000000000000000, 1.000000000000000000 ),
 .UNSPECIFIED. ) ;
#6773 = ORIENTED_EDGE ( 'NONE', *, *, #4529, .T. ) ;
#6774 = CARTESIAN_POINT ( 'NONE',  ( -1.719816599605199725, 1.128320623355800079, 1.106771178056999982 ) ) ;
#6775 = CARTESIAN_POINT ( 'NONE',  ( 0.1493274900000000349, 0.1901880480000000817, 2.299999999999999822 ) ) ;
#6776 = EDGE_CURVE ( 'NONE', #5772, #900, #3502, .T. ) ;
#6777 = CARTESIAN_POINT ( 'NONE',  ( -1.543715557129322180, 0.6400000000000001243, -1.532177300013212840 ) ) ;
#6778 = DIRECTION ( 'NONE',  ( 0.000000000000000000, -1.000000000000000000, -0.000000000000000000 ) ) ;
#6779 = ORIENTED_EDGE ( 'NONE', *, *, #3319, .F. ) ;
#6780 = DIRECTION ( 'NONE',  ( 0.000000000000000000, 1.000000000000000000, -0.000000000000000000 ) ) ;
#6781 = ORIENTED_EDGE ( 'NONE', *, *, #5906, .F. ) ;
#6782 = B_SPLINE_CURVE_WITH_KNOTS ( 'NONE', 3,
 ( #10025, #9861, #8282, #3283, #710, #3997 ),
 .UNSPECIFIED., .F., .F.,
 ( 4, 2, 4 ),
 ( 0.000000000000000000, 0.5000000000000000000, 1.000000000000000000 ),
 .UNSPECIFIED. ) ;
#6783 = ORIENTED_EDGE ( 'NONE', *, *, #5259, .F. ) ;
#6784 = ORIENTED_EDGE ( 'NONE', *, *, #4163, .F. ) ;
#6785 = DIRECTION ( 'NONE',  ( 0.000000000000000000, 0.000000000000000000, -1.000000000000000000 ) ) ;
#6786 = DIRECTION ( 'NONE',  ( 0.3511234442304683179, -0.9363291765782656428, 0.000000000000000000 ) ) ;
#6787 = EDGE_CURVE ( 'NONE', #1947, #10605, #7962, .T. ) ;
#6788 = DIRECTION ( 'NONE',  ( 0.000000000000000000, -1.000000000000000000, 0.000000000000000000 ) ) ;
#6789 = CARTESIAN_POINT ( 'NONE',  ( -0.7319748254260679543, 1.200000000000000178, 0.9647880622879473345 ) ) ;
#6790 = CIRCLE ( 'NONE', #6619, 0.3000000000000001554 ) ;
#6791 = CARTESIAN_POINT ( 'NONE',  ( 1.664262360718799849, 1.200000020614099938, -0.9492782313979999387 ) ) ;
#6792 = EDGE_LOOP ( 'NONE', ( #2924, #10258, #3709, #998, #5149 ) ) ;
#6793 = CARTESIAN_POINT ( 'NONE',  ( -0.9267113725700000249, 1.200000020429999870, -1.676673108510000842 ) ) ;
#6794 = ORIENTED_EDGE ( 'NONE', *, *, #5505, .T. ) ;
#6795 = FACE_OUTER_BOUND ( 'NONE', #3340, .T. ) ;
#6796 = DIRECTION ( 'NONE',  ( 0.000000000000000000, 0.000000000000000000, 1.000000000000000000 ) ) ;
#6797 = VECTOR ( 'NONE', #4858, 1000.000000000000000 ) ;
#6798 = CARTESIAN_POINT ( 'NONE',  ( -1.750000000000000000, 0.6500000000000001332, 1.750000000000000000 ) ) ;
#6799 = CARTESIAN_POINT ( 'NONE',  ( -0.1501325560046248009, 0.1685721411443319440, -2.432380189968728956 ) ) ;
#6800 = CARTESIAN_POINT ( 'NONE',  ( 2.322871257455215943, 0.6914616679990536197, 0.9530403754530646365 ) ) ;
#6801 = CARTESIAN_POINT ( 'NONE',  ( 2.100000000000000089, 0.6500000000000001332, 2.100000000000000089 ) ) ;
#6802 = ORIENTED_EDGE ( 'NONE', *, *, #3570, .F. ) ;
#6803 = CARTESIAN_POINT ( 'NONE',  ( 1.554107880000000108, 1.199999999999999956, 1.121756681999999783 ) ) ;
#6804 = PLANE ( 'NONE',  #2093 ) ;
#6805 = ORIENTED_EDGE ( 'NONE', *, *, #5934, .F. ) ;
#6806 = VECTOR ( 'NONE', #3226, 1000.000000000000000 ) ;
#6807 = EDGE_CURVE ( 'NONE', #8905, #3496, #6151, .T. ) ;
#6808 = DIRECTION ( 'NONE',  ( 1.000000000000000000, -0.000000000000000000, 0.000000000000000000 ) ) ;
#6809 = DIRECTION ( 'NONE',  ( 0.000000000000000000, -1.000000000000000000, 0.000000000000000000 ) ) ;
#6810 = EDGE_CURVE ( 'NONE', #10160, #4426, #9811, .T. ) ;
#6811 = FACE_OUTER_BOUND ( 'NONE', #1948, .T. ) ;
#6812 = ORIENTED_EDGE ( 'NONE', *, *, #6242, .T. ) ;
#6813 = CARTESIAN_POINT ( 'NONE',  ( 2.100000000000000089, 8.809142651444723526E-17, -2.299999999999999822 ) ) ;
#6814 = DIRECTION ( 'NONE',  ( 0.000000000000000000, 1.000000000000000000, 0.000000000000000000 ) ) ;
#6815 = CARTESIAN_POINT ( 'NONE',  ( 1.045670407100219634, 0.9225074229953692528, -1.904057693366670634 ) ) ;
#6816 = CIRCLE ( 'NONE', #7863, 0.1999999999999996503 ) ;
#6817 = DIRECTION ( 'NONE',  ( 0.000000000000000000, 0.000000000000000000, -1.000000000000000000 ) ) ;
#6818 = CARTESIAN_POINT ( 'NONE',  ( 1.103688477212155128, 0.8293593253417543831, 1.939200914145165822 ) ) ;
#6819 = CARTESIAN_POINT ( 'NONE',  ( 1.436743473061617982, 1.129588104336511467, -1.453869131816831084 ) ) ;
#6820 = DIRECTION ( 'NONE',  ( -1.000000000000000000, 0.000000000000000000, -0.000000000000000000 ) ) ;
#6821 = ORIENTED_EDGE ( 'NONE', *, *, #2661, .F. ) ;
#6822 = EDGE_CURVE ( 'NONE', #691, #4457, #1320, .T. ) ;
#6823 = CARTESIAN_POINT ( 'NONE',  ( 0.9042359667310998494, 1.200000020654499844, -1.689022025442400210 ) ) ;
#6824 = CARTESIAN_POINT ( 'NONE',  ( 0.000000000000000000, 0.1901880480000000817, 2.299999999999999822 ) ) ;
#6825 = EDGE_CURVE ( 'NONE', #6157, #7606, #6265, .T. ) ;
#6826 = VECTOR ( 'NONE', #6090, 1000.000000000000000 ) ;
#6827 = CARTESIAN_POINT ( 'NONE',  ( -0.9895291363724587619, 0.6998480694866562324, -2.297523305737345645 ) ) ;
#6828 = CARTESIAN_POINT ( 'NONE',  ( -1.708908234999999776, 1.199997959000000058, -0.9746194630000001302 ) ) ;
#6829 = ORIENTED_EDGE ( 'NONE', *, *, #10171, .F. ) ;
#6830 = CARTESIAN_POINT ( 'NONE',  ( -1.080048757279999938, 1.200000020299999859, 1.583502965939999951 ) ) ;
#6831 = DIRECTION ( 'NONE',  ( 0.000000000000000000, 0.000000000000000000, -1.000000000000000000 ) ) ;
#6832 = CARTESIAN_POINT ( 'NONE',  ( -0.9551237409999999706, 0.7002549249999999725, 2.323172694999999788 ) ) ;
#6833 = VECTOR ( 'NONE', #6961, 1000.000000000000000 ) ;
#6834 = CARTESIAN_POINT ( 'NONE',  ( -1.024999999964843811, 0.000000000000000000, -1.750000000037500003 ) ) ;
#6835 = CARTESIAN_POINT ( 'NONE',  ( -0.4191798748220663673, 0.1901880480000001095, -1.644762142628149793 ) ) ;
#6836 = ORIENTED_EDGE ( 'NONE', *, *, #10492, .F. ) ;
#6837 = CARTESIAN_POINT ( 'NONE',  ( -2.339533468498203650, 0.6750113520833871394, 0.9214417222001957120 ) ) ;
#6838 = EDGE_CURVE ( 'NONE', #941, #3429, #3895, .T. ) ;
#6839 = ORIENTED_EDGE ( 'NONE', *, *, #215, .T. ) ;
#6840 = ORIENTED_EDGE ( 'NONE', *, *, #1970, .F. ) ;
#6841 = ORIENTED_EDGE ( 'NONE', *, *, #7612, .F. ) ;
#6842 = CARTESIAN_POINT ( 'NONE',  ( 0.3000000000153828505, 0.1901880480000000817, 1.620188047999999714 ) ) ;
#6843 = AXIS2_PLACEMENT_3D ( 'NONE', #10591, #6321, #5496 ) ;
#6844 = CYLINDRICAL_SURFACE ( 'NONE', #10178, 0.05000000000000012768 ) ;
#6845 = FACE_OUTER_BOUND ( 'NONE', #3785, .T. ) ;
#6846 = CARTESIAN_POINT ( 'NONE',  ( -2.293438055000000197, 0.7005098490000000178, -0.9950587360000001658 ) ) ;
#6847 = CARTESIAN_POINT ( 'NONE',  ( 0.9580000850514835964, 0.6933331944793235113, -2.319692868521697537 ) ) ;
#6848 = VECTOR ( 'NONE', #10140, 1000.000000000000114 ) ;
#6849 = CARTESIAN_POINT ( 'NONE',  ( 1.667076891999999866, 1.172314698999999960, -1.136897420000000158 ) ) ;
#6850 = EDGE_CURVE ( 'NONE', #4432, #2869, #498, .T. ) ;
#6851 = VERTEX_POINT ( 'NONE', #4832 ) ;
#6852 = CARTESIAN_POINT ( 'NONE',  ( -1.282574754999999733, 1.199999999999999956, -1.428288562000000095 ) ) ;
#6853 = EDGE_LOOP ( 'NONE', ( #5120, #2679 ) ) ;
#6854 = PLANE ( 'NONE',  #507 ) ;
#6855 = AXIS2_PLACEMENT_3D ( 'NONE', #9931, #1547, #5845 ) ;
#6856 = FACE_OUTER_BOUND ( 'NONE', #5323, .T. ) ;
#6857 = AXIS2_PLACEMENT_3D ( 'NONE', #9421, #6959, #8653 ) ;
#6858 = CARTESIAN_POINT ( 'NONE',  ( 2.349999999999999645, 0.04999999999999998890, -0.5000000000000000000 ) ) ;
#6859 = DIRECTION ( 'NONE',  ( -0.000000000000000000, -0.000000000000000000, 1.000000000000000000 ) ) ;
#6860 = CARTESIAN_POINT ( 'NONE',  ( 2.343375908033164645, 0.6680883283587104593, 0.9107794653493258563 ) ) ;
#6861 = LINE ( 'NONE', #2687, #10520 ) ;
#6862 = ORIENTED_EDGE ( 'NONE', *, *, #173, .T. ) ;
#6863 = CARTESIAN_POINT ( 'NONE',  ( 1.775629646999999478, 1.128963546999999901, 1.012483102000000024 ) ) ;
#6864 = CARTESIAN_POINT ( 'NONE',  ( -1.363647168000000187, 0.8000000000000000444, -1.803243979000000108 ) ) ;
#6865 = ORIENTED_EDGE ( 'NONE', *, *, #9905, .F. ) ;
#6866 = AXIS2_PLACEMENT_3D ( 'NONE', #8403, #9985, #2479 ) ;
#6867 = CARTESIAN_POINT ( 'NONE',  ( 1.199999999999999956, 1.199999999999999956, 1.896065049272180182E-16 ) ) ;
#6868 = CARTESIAN_POINT ( 'NONE',  ( -2.310887424326022899, 0.6971742813496324409, -0.9709893249931218495 ) ) ;
#6869 = DIRECTION ( 'NONE',  ( 0.000000000000000000, 1.000000000000000000, 0.000000000000000000 ) ) ;
#6870 = VERTEX_POINT ( 'NONE', #10481 ) ;
#6871 = PLANE ( 'NONE',  #1034 ) ;
#6872 = CYLINDRICAL_SURFACE ( 'NONE', #2837, 0.3000000000000001554 ) ;
#6873 = DIRECTION ( 'NONE',  ( -1.000000000000000000, -0.000000000000000000, -0.000000000000000000 ) ) ;
#6874 = VECTOR ( 'NONE', #10210, 999.9999999999998863 ) ;
#6875 = EDGE_CURVE ( 'NONE', #10029, #10609, #8177, .T. ) ;
#6876 = CARTESIAN_POINT ( 'NONE',  ( 0.3000000000153827950, 0.1901880480000001650, 1.620188048000000158 ) ) ;
#6877 = DIRECTION ( 'NONE',  ( 0.000000000000000000, 0.000000000000000000, 1.000000000000000000 ) ) ;
#6878 = DIRECTION ( 'NONE',  ( -1.000000000000000000, 0.000000000000000000, 0.000000000000000000 ) ) ;
#6879 = CARTESIAN_POINT ( 'NONE',  ( 2.298438055000000091, 0.6476198850000001173, 0.9173838330000000374 ) ) ;
#6880 = ORIENTED_EDGE ( 'NONE', *, *, #5844, .F. ) ;
#6881 = CARTESIAN_POINT ( 'NONE',  ( -1.080356770544641964, 1.199999999999960876, -1.583906965801153977 ) ) ;
#6882 = CARTESIAN_POINT ( 'NONE',  ( -0.9803026151102151031, 0.6989299600590220818, -2.304255683801689436 ) ) ;
#6883 = CARTESIAN_POINT ( 'NONE',  ( -1.675780631699999912, 1.200000061289999698, -0.9262240047600002191 ) ) ;
#6884 = ORIENTED_EDGE ( 'NONE', *, *, #264, .F. ) ;
#6885 = CARTESIAN_POINT ( 'NONE',  ( -1.367560815999999901, 1.129587977000000798, 1.523100129000000136 ) ) ;
#6886 = CARTESIAN_POINT ( 'NONE',  ( -0.6000000000000000888, 0.6999999999989583443, 2.299999999999999822 ) ) ;
#6887 = DIRECTION ( 'NONE',  ( 1.000000000000000000, -0.000000000000000000, 0.000000000000000000 ) ) ;
#6888 = EDGE_CURVE ( 'NONE', #5106, #5970, #7357, .T. ) ;
#6889 = EDGE_CURVE ( 'NONE', #8905, #2991, #3149, .T. ) ;
#6890 = CARTESIAN_POINT ( 'NONE',  ( 0.9370520115684899398, 0.6840336162748442694, 2.332185658803439310 ) ) ;
#6891 = CARTESIAN_POINT ( 'NONE',  ( -0.3000000000000000444, 0.02000000000000000389, 0.8500000000000000888 ) ) ;
#6892 = EDGE_CURVE ( 'NONE', #1025, #4647, #5, .T. ) ;
#6893 = VERTEX_POINT ( 'NONE', #4167 ) ;
#6894 = CARTESIAN_POINT ( 'NONE',  ( -2.346990056765461574, 0.6575372687085289103, 0.8956510921019674720 ) ) ;
#6895 = ORIENTED_EDGE ( 'NONE', *, *, #1907, .T. ) ;
#6896 = VERTEX_POINT ( 'NONE', #10752 ) ;
#6897 = VERTEX_POINT ( 'NONE', #8232 ) ;
#6898 = CARTESIAN_POINT ( 'NONE',  ( 1.100000000000000089, 1.100000000000000089, 0.1439896632895321382 ) ) ;
#6899 = CARTESIAN_POINT ( 'NONE',  ( -0.9062593245069517911, 1.189275479157513082, -1.757299120690661631 ) ) ;
#6900 = DIRECTION ( 'NONE',  ( 0.000000000000000000, -1.000000000000000000, 0.000000000000000000 ) ) ;
#6901 = ADVANCED_FACE ( 'NONE', ( #4888 ), #7919, .F. ) ;
#6902 = CARTESIAN_POINT ( 'NONE',  ( 0.9692553184374411712, 0.6967539210387999615, -2.312097435017730795 ) ) ;
#6903 = ORIENTED_EDGE ( 'NONE', *, *, #4938, .F. ) ;
#6904 = CARTESIAN_POINT ( 'NONE',  ( -1.079786568559999882, 1.200000040599999762, -1.583068213399999813 ) ) ;
#6905 = ORIENTED_EDGE ( 'NONE', *, *, #4591, .F. ) ;
#6906 = CARTESIAN_POINT ( 'NONE',  ( 1.684802212000000132, 0.9236595380000001132, 1.387877680999999974 ) ) ;
#6907 = CARTESIAN_POINT ( 'NONE',  ( -1.600000000087500096, 0.1000000000000000056, 2.299999999999999822 ) ) ;
#6908 = DIRECTION ( 'NONE',  ( 0.000000000000000000, 0.000000000000000000, -1.000000000000000000 ) ) ;
#6909 = DIRECTION ( 'NONE',  ( 0.000000000000000000, -1.000000000000000000, -0.000000000000000000 ) ) ;
#6910 = CARTESIAN_POINT ( 'NONE',  ( -0.1463463600000000364, 0.2158677570000000212, -2.450499999999999901 ) ) ;
#6911 = CARTESIAN_POINT ( 'NONE',  ( 2.341167530521117257, 0.6723294194330939888, 0.9172212992815014232 ) ) ;
#6912 = DIRECTION ( 'NONE',  ( -0.000000000000000000, 1.000000000000000000, -0.000000000000000000 ) ) ;
#6913 = ORIENTED_EDGE ( 'NONE', *, *, #3595, .F. ) ;
#6914 = CARTESIAN_POINT ( 'NONE',  ( 1.747948215350000556, 1.128648006390000180, 1.059782311049999981 ) ) ;
#6915 = CARTESIAN_POINT ( 'NONE',  ( -1.110655786000000145, 0.8000000000000000444, -1.988339436000000404 ) ) ;
#6916 = EDGE_LOOP ( 'NONE', ( #6783, #8285, #3921, #2423, #6133, #6821 ) ) ;
#6917 = LINE ( 'NONE', #3617, #43 ) ;
#6918 = CARTESIAN_POINT ( 'NONE',  ( -2.305964638144817780, 0.6985545022806004534, -0.9779268300530550295 ) ) ;
#6919 = DIRECTION ( 'NONE',  ( 0.000000000000000000, -0.3322574898012577438, -0.9431887194358121729 ) ) ;
#6920 = CARTESIAN_POINT ( 'NONE',  ( 0.000000000000000000, 0.1901880480000000817, 1.620188048000000602 ) ) ;
#6921 = CARTESIAN_POINT ( 'NONE',  ( -0.2999999999867187794, 0.02000000000000000389, -1.750000000000000000 ) ) ;
#6922 = CARTESIAN_POINT ( 'NONE',  ( 0.9999999999479514123, 0.7000000000000000666, 2.250000000000001776 ) ) ;
#6923 = VECTOR ( 'NONE', #6715, 1000.000000000000000 ) ;
#6924 = AXIS2_PLACEMENT_3D ( 'NONE', #7521, #6869, #10036 ) ;
#6925 = EDGE_CURVE ( 'NONE', #7538, #10084, #2690, .T. ) ;
#6926 = DIRECTION ( 'NONE',  ( 0.000000000000000000, 0.000000000000000000, -1.000000000000000000 ) ) ;
#6927 = CYLINDRICAL_SURFACE ( 'NONE', #8426, 0.05000000000000012768 ) ;
#6928 = LINE ( 'NONE', #8568, #7532 ) ;
#6929 = CARTESIAN_POINT ( 'NONE',  ( -0.7250000000796874566, 0.02000000000000000389, -0.8500000000000000888 ) ) ;
#6930 = ORIENTED_EDGE ( 'NONE', *, *, #10492, .T. ) ;
#6931 = CARTESIAN_POINT ( 'NONE',  ( 1.106843420226708119, 0.8233148284566546016, -1.942103954704705204 ) ) ;
#6932 = CIRCLE ( 'NONE', #7098, 0.2999999999999997113 ) ;
#6933 = DIRECTION ( 'NONE',  ( 0.000000000000000000, 0.000000000000000000, -1.000000000000000000 ) ) ;
#6934 = CARTESIAN_POINT ( 'NONE',  ( -0.9499066269772878934, 0.6901846397947293266, -2.324826387931037353 ) ) ;
#6935 = CARTESIAN_POINT ( 'NONE',  ( -0.6000000000000000888, 0.6999999999979167331, 2.250000000000001776 ) ) ;
#6936 = ORIENTED_EDGE ( 'NONE', *, *, #6015, .T. ) ;
#6937 = CARTESIAN_POINT ( 'NONE',  ( -1.427534577280000105, 1.200000040400000190, 1.281898310539999919 ) ) ;
#6938 = DIRECTION ( 'NONE',  ( 0.000000000000000000, 0.000000000000000000, 1.000000000000000000 ) ) ;
#6939 = CARTESIAN_POINT ( 'NONE',  ( -1.400000000079012263, 0.7000000000000000666, -2.399999999999999911 ) ) ;
#6940 = AXIS2_PLACEMENT_3D ( 'NONE', #5455, #8638, #2821 ) ;
#6941 = CARTESIAN_POINT ( 'NONE',  ( 0.9793798379325898695, 0.6987921852903482556, 2.304921198728338005 ) ) ;
#6942 = CARTESIAN_POINT ( 'NONE',  ( -1.000000000000000000, 0.8000000000000000444, 2.250000000000001776 ) ) ;
#6943 = VERTEX_POINT ( 'NONE', #9535 ) ;
#6944 = CARTESIAN_POINT ( 'NONE',  ( 1.580612617999999969, 0.8235000530000003982, -1.580596589000000440 ) ) ;
#6945 = EDGE_CURVE ( 'NONE', #6727, #8904, #3973, .T. ) ;
#6946 = ORIENTED_EDGE ( 'NONE', *, *, #930, .T. ) ;
#6947 = ADVANCED_FACE ( 'NONE', ( #6156 ), #1861, .F. ) ;
#6948 = ORIENTED_EDGE ( 'NONE', *, *, #5874, .F. ) ;
#6949 = VECTOR ( 'NONE', #7031, 1000.000000000000000 ) ;
#6950 = CARTESIAN_POINT ( 'NONE',  ( -0.03248906352819495857, 0.3500000000000000333, -2.449999999999999734 ) ) ;
#6951 = CARTESIAN_POINT ( 'NONE',  ( -0.1500313765188287796, 0.09257776286769679730, -2.326695224854385735 ) ) ;
#6952 = CARTESIAN_POINT ( 'NONE',  ( 0.5999999999181220289, 0.7000000000000000666, -2.250000000000001776 ) ) ;
#6953 = CARTESIAN_POINT ( 'NONE',  ( 1.660090945981402832, 1.129199177295134193, 1.191597872949788250 ) ) ;
#6954 = CARTESIAN_POINT ( 'NONE',  ( 1.962671943539329611, 0.8000000000000000444, -1.112229615705123242 ) ) ;
#6955 = EDGE_LOOP ( 'NONE', ( #1450, #7896, #6840, #2493 ) ) ;
#6956 = CARTESIAN_POINT ( 'NONE',  ( -1.092017265000000181, 1.172271983000000128, -1.696805554000000216 ) ) ;
#6957 = EDGE_CURVE ( 'NONE', #9466, #8046, #3561, .T. ) ;
#6958 = ORIENTED_EDGE ( 'NONE', *, *, #2300, .F. ) ;
#6959 = DIRECTION ( 'NONE',  ( 0.000000000000000000, -0.3322574923113522649, 0.9431887185515800409 ) ) ;
#6960 = DIRECTION ( 'NONE',  ( 0.000000000000000000, -2.168404344971021884E-15, 1.000000000000000000 ) ) ;
#6961 = DIRECTION ( 'NONE',  ( 0.000000000000000000, 1.000000000000000000, 0.000000000000000000 ) ) ;
#6962 = CARTESIAN_POINT ( 'NONE',  ( 1.750000000000000000, 0.6400000000000001243, 1.750000000000000000 ) ) ;
#6963 = CARTESIAN_POINT ( 'NONE',  ( 0.9950587360000001658, 0.7002549249999999725, -2.293438055000000197 ) ) ;
#6964 = VECTOR ( 'NONE', #9813, 1000.000000000000000 ) ;
#6965 = CARTESIAN_POINT ( 'NONE',  ( 2.322293107891127750, 0.6918279224600331068, 0.9539594499393452276 ) ) ;
#6966 = DIRECTION ( 'NONE',  ( 0.000000000000000000, 0.000000000000000000, 1.000000000000000000 ) ) ;
#6967 = ORIENTED_EDGE ( 'NONE', *, *, #10722, .T. ) ;
#6968 = CARTESIAN_POINT ( 'NONE',  ( 1.899540496000000855, 0.8236602140000001127, 1.180675369000000252 ) ) ;
#6969 = CARTESIAN_POINT ( 'NONE',  ( -1.266184285735473036, 0.8235179518412210076, -1.844816072048853783 ) ) ;
#6970 = VERTEX_POINT ( 'NONE', #10144 ) ;
#6971 = FACE_OUTER_BOUND ( 'NONE', #10838, .T. ) ;
#6972 = LINE ( 'NONE', #10260, #8324 ) ;
#6973 = EDGE_CURVE ( 'NONE', #3496, #3345, #4371, .T. ) ;
#6974 = CARTESIAN_POINT ( 'NONE',  ( 0.9380768257255700515, 0.6499999999999999112, -2.297938473329008691 ) ) ;
#6975 = VECTOR ( 'NONE', #4205, 1000.000000000000000 ) ;
#6976 = LINE ( 'NONE', #7133, #8736 ) ;
#6977 = CARTESIAN_POINT ( 'NONE',  ( 0.1445161610321938073, 0.2401880479874412555, 2.449999999942704232 ) ) ;
#6978 = B_SPLINE_CURVE_WITH_KNOTS ( 'NONE', 3,
 ( #4631, #9666, #7259, #9768, #2258, #5621, #42, #211, #8536, #1736, #863, #10840 ),
 .UNSPECIFIED., .F., .F.,
 ( 4, 2, 2, 2, 2, 4 ),
 ( 0.000000000000000000, 0.2499999999999997224, 0.3749999999999994449, 0.4374999999999993894, 0.4999999999999994449, 1.000000000000000000 ),
 .UNSPECIFIED. ) ;
#6979 = LINE ( 'NONE', #7749, #9796 ) ;
#6980 = VECTOR ( 'NONE', #4939, 1000.000000000000000 ) ;
#6981 = CARTESIAN_POINT ( 'NONE',  ( 0.9157986500000006025, 1.128708229999999979, 1.827066614999999672 ) ) ;
#6982 = CARTESIAN_POINT ( 'NONE',  ( -0.9199226833120949243, 1.145955947293856525, 1.813117078818712313 ) ) ;
#6983 = CARTESIAN_POINT ( 'NONE',  ( 2.348947903999999642, 0.6748721830000000699, 0.9184446360000001475 ) ) ;
#6984 = VERTEX_POINT ( 'NONE', #1206 ) ;
#6985 = LINE ( 'NONE', #6768, #10718 ) ;
#6986 = CARTESIAN_POINT ( 'NONE',  ( -1.363649834999999921, 0.8000000000000000444, 1.803241963000000947 ) ) ;
#6987 = ADVANCED_FACE ( 'NONE', ( #3449 ), #6804, .T. ) ;
#6988 = CARTESIAN_POINT ( 'NONE',  ( -0.9342986609960608479, 0.6825563976264598098, -2.333619107715478425 ) ) ;
#6989 = DIRECTION ( 'NONE',  ( -0.000000000000000000, -0.000000000000000000, -1.000000000000000000 ) ) ;
#6990 = ORIENTED_EDGE ( 'NONE', *, *, #1147, .F. ) ;
#6991 = CARTESIAN_POINT ( 'NONE',  ( -1.465987797999999787, 1.199997980000000020, 1.316396977999999995 ) ) ;
#6992 = LINE ( 'NONE', #8842, #9451 ) ;
#6993 = AXIS2_PLACEMENT_3D ( 'NONE', #8894, #6434, #8132 ) ;
#6994 = FACE_OUTER_BOUND ( 'NONE', #5568, .T. ) ;
#6995 = B_SPLINE_CURVE_WITH_KNOTS ( 'NONE', 3,
 ( #1452, #7161, #9617, #2103 ),
 .UNSPECIFIED., .F., .F.,
 ( 4, 4 ),
 ( 1.753910347206186067E-14, 4.862080528924765085E-05 ),
 .UNSPECIFIED. ) ;
#6996 = CARTESIAN_POINT ( 'NONE',  ( 0.9545027093214091263, 0.6920387768645845927, 2.321948083420172892 ) ) ;
#6997 = CARTESIAN_POINT ( 'NONE',  ( 1.000000000000597966, 1.500000000000000000, 2.000000000001195488 ) ) ;
#6998 = ORIENTED_EDGE ( 'NONE', *, *, #10375, .T. ) ;
#6999 = DIRECTION ( 'NONE',  ( 0.000000000000000000, -1.000000000000000000, 0.000000000000000000 ) ) ;
#7000 = EDGE_CURVE ( 'NONE', #1557, #1840, #2128, .T. ) ;
#7001 = VERTEX_POINT ( 'NONE', #7290 ) ;
#7002 = VERTEX_POINT ( 'NONE', #7238 ) ;
#7003 = B_SPLINE_CURVE_WITH_KNOTS ( 'NONE', 3,
 ( #1571, #2226, #8869, #8924, #2391, #4706, #1411, #8110, #6520, #4039, #593, #10625, #8160, #6462, #7610, #3379, #924, #4150, #4206, #4261, #2614, #99, #3490, #8435, #810, #5087, #5030, #5975, #1683, #1629, #8322 ),
 .UNSPECIFIED., .F., .F.,
 ( 4, 2, 2, 1, 2, 2, 1, 1, 1, 1, 2, 2, 2, 2, 1, 1, 2, 2, 4 ),
 ( 0.000000000000000000, 0.1250000000000200673, 0.1875000000000299760, 0.2187500000000346112, 0.2343750000000371092, 0.2500000000000395795, 0.3125000000000487943, 0.3437500000000535683, 0.3593750000000559552, 0.3671875000000573430, 0.3710937500000580092, 0.3750000000000586753, 0.4375000000000534572, 0.4687500000000507372, 0.4843750000000492384, 0.4921875000000484612, 0.4960937500000481282, 0.5000000000000477396, 1.000000000000000000 ),
 .UNSPECIFIED. ) ;
#7004 = FACE_OUTER_BOUND ( 'NONE', #4551, .T. ) ;
#7005 = CARTESIAN_POINT ( 'NONE',  ( -0.06779059119973543379, 0.3500000000063528960, -2.349999999999999645 ) ) ;
#7006 = AXIS2_PLACEMENT_3D ( 'NONE', #1805, #4159, #6740 ) ;
#7007 = EDGE_CURVE ( 'NONE', #8905, #9355, #6316, .T. ) ;
#7008 = CARTESIAN_POINT ( 'NONE',  ( -0.3000000000000000444, 0.1799999999999999933, -0.5000000000000000000 ) ) ;
#7009 = PLANE ( 'NONE',  #5385 ) ;
#7010 = ORIENTED_EDGE ( 'NONE', *, *, #7824, .F. ) ;
#7011 = AXIS2_PLACEMENT_3D ( 'NONE', #8822, #6257, #8768 ) ;
#7012 = CARTESIAN_POINT ( 'NONE',  ( -1.196298873465000412, 1.128925593362899882, -1.657611797377800844 ) ) ;
#7013 = ORIENTED_EDGE ( 'NONE', *, *, #1740, .F. ) ;
#7014 = CARTESIAN_POINT ( 'NONE',  ( 1.100992202999999892, 0.8213205660000000297, 1.946645567000000243 ) ) ;
#7015 = DIRECTION ( 'NONE',  ( 1.000000000000000000, 0.000000000000000000, 0.000000000000000000 ) ) ;
#7016 = LINE ( 'NONE', #2887, #7181 ) ;
#7017 = CARTESIAN_POINT ( 'NONE',  ( -1.725236886999999664, 0.8210983760000001297, 1.438095122000000003 ) ) ;
#7018 = CARTESIAN_POINT ( 'NONE',  ( -0.1500883695109156701, 0.1850746815102812526, -2.402832177264432101 ) ) ;
#7019 = AXIS2_PLACEMENT_3D ( 'NONE', #10642, #3124, #2303 ) ;
#7020 = EDGE_CURVE ( 'NONE', #7321, #5063, #4610, .T. ) ;
#7021 = ADVANCED_FACE ( 'NONE', ( #8004 ), #1419, .F. ) ;
#7022 = CARTESIAN_POINT ( 'NONE',  ( 0.1439896632895320827, 1.100000000000000311, -1.100000000000000755 ) ) ;
#7023 = CARTESIAN_POINT ( 'NONE',  ( 1.399999999792592487, 0.7000000000000000666, -2.399999999999999911 ) ) ;
#7024 = EDGE_LOOP ( 'NONE', ( #9809, #4947, #6216, #4785, #5473, #76, #3823, #5091 ) ) ;
#7025 = CARTESIAN_POINT ( 'NONE',  ( 1.827544919980000016, 1.127841369580000697, 0.9160369815600001298 ) ) ;
#7026 = CARTESIAN_POINT ( 'NONE',  ( -1.942103571128826811, 0.8233152902040442589, 1.106843478249420309 ) ) ;
#7027 = ORIENTED_EDGE ( 'NONE', *, *, #9544, .F. ) ;
#7028 = EDGE_CURVE ( 'NONE', #5351, #2165, #10681, .T. ) ;
#7029 = DIRECTION ( 'NONE',  ( 1.445602896647340692E-15, 0.000000000000000000, 1.000000000000000000 ) ) ;
#7030 = DIRECTION ( 'NONE',  ( 1.000000000000000000, -0.000000000000000000, -0.000000000000000000 ) ) ;
#7031 = DIRECTION ( 'NONE',  ( -0.000000000000000000, -1.000000000000000000, -0.000000000000000000 ) ) ;
#7032 = AXIS2_PLACEMENT_3D ( 'NONE', #10157, #8622, #4454 ) ;
#7033 = VECTOR ( 'NONE', #2792, 1000.000000000000000 ) ;
#7034 = DIRECTION ( 'NONE',  ( -0.000000000000000000, -0.000000000000000000, -1.000000000000000000 ) ) ;
#7035 = DIRECTION ( 'NONE',  ( 1.000000000000000000, 0.000000000000000000, 0.000000000000000000 ) ) ;
#7036 = ADVANCED_FACE ( 'NONE', ( #2180 ), #7952, .F. ) ;
#7037 = VECTOR ( 'NONE', #9478, 1000.000000000000000 ) ;
#7038 = LINE ( 'NONE', #1109, #7543 ) ;
#7039 = CARTESIAN_POINT ( 'NONE',  ( 1.060068794050000207, 1.127785196560000092, 1.748400626799999413 ) ) ;
#7040 = CARTESIAN_POINT ( 'NONE',  ( -2.348438055000000801, 0.6449999999679227880, 0.8785042867268416655 ) ) ;
#7041 = CARTESIAN_POINT ( 'NONE',  ( 1.490917065237627792, 0.8000000000000000444, 1.770318205524885391 ) ) ;
#7042 = ORIENTED_EDGE ( 'NONE', *, *, #2803, .T. ) ;
#7043 = CARTESIAN_POINT ( 'NONE',  ( 1.984642640824452187, 0.8000000000952458556, -1.117129299956163058 ) ) ;
#7044 = CARTESIAN_POINT ( 'NONE',  ( -1.430310063000000076, 0.8234688789999999869, 1.720866379999999696 ) ) ;
#7045 = LINE ( 'NONE', #504, #2771 ) ;
#7046 = CARTESIAN_POINT ( 'NONE',  ( 1.000000000000000000, 0.7000000000000000666, 2.250000000000001776 ) ) ;
#7047 = B_SPLINE_SURFACE_WITH_KNOTS ( 'NONE', 3, 3, ( 
 ( #7077, #9694, #10415, #8874 ),
 ( #4711, #10796, #5760, #8274 ),
 ( #1578, #3165, #9090, #8218 ),
 ( #703, #7343, #10683, #3277 ),
 ( #6524, #9855, #7398, #6577 ),
 ( #4045, #1632, #4930, #2344 ),
 ( #6630, #1522, #5708, #9036 ) ),
 .UNSPECIFIED., .F., .F., .F.,
 ( 4, 3, 4 ),
 ( 4, 4 ),
 ( -0.007957291313091630763, 0.5000000000000009992, 1.007957357998429782 ),
 ( 0.05328457583229869593, 0.8299065093923119196 ),
 .UNSPECIFIED. ) ;
#7048 = CARTESIAN_POINT ( 'NONE',  ( -1.152094982647000165, 1.128849812384099982, 1.689485726930600062 ) ) ;
#7049 = CARTESIAN_POINT ( 'NONE',  ( 0.7250000001111113201, 0.02000000000000000389, -1.750000000018750335 ) ) ;
#7050 = VECTOR ( 'NONE', #3871, 1000.000000000000000 ) ;
#7051 = CARTESIAN_POINT ( 'NONE',  ( -0.3000000000000000444, 0.02000000000000000389, -0.8500000000000000888 ) ) ;
#7052 = CARTESIAN_POINT ( 'NONE',  ( -1.099999999999999867, 1.458578643762412641, 2.199999999999999734 ) ) ;
#7053 = AXIS2_PLACEMENT_3D ( 'NONE', #4450, #10515, #2940 ) ;
#7054 = VERTEX_POINT ( 'NONE', #2895 ) ;
#7055 = CARTESIAN_POINT ( 'NONE',  ( 1.638602143000000178, 1.199999999999999956, -0.9937765069999999756 ) ) ;
#7056 = CARTESIAN_POINT ( 'NONE',  ( 1.266055204320924998, 0.8238588324517596151, -1.844644620247767097 ) ) ;
#7057 = EDGE_LOOP ( 'NONE', ( #5641, #6337, #5347, #4698, #1345, #4971, #7114, #4035, #9162 ) ) ;
#7058 = VERTEX_POINT ( 'NONE', #6466 ) ;
#7059 = CARTESIAN_POINT ( 'NONE',  ( -0.1445161610256933127, 0.2401880480133807005, -2.449999999990102761 ) ) ;
#7060 = CARTESIAN_POINT ( 'NONE',  ( -0.1500000000000000222, 0.1909167850000000888, -2.308505452999999541 ) ) ;
#7061 = LINE ( 'NONE', #263, #5929 ) ;
#7062 = ADVANCED_FACE ( 'NONE', ( #9586 ), #4659, .T. ) ;
#7063 = CARTESIAN_POINT ( 'NONE',  ( 1.639173966088120826, 1.128855010154165006, 1.221011390023418075 ) ) ;
#7064 = CARTESIAN_POINT ( 'NONE',  ( 0.5966224019657478950, 1.100000000000000089, 1.054196867350192246 ) ) ;
#7065 = EDGE_LOOP ( 'NONE', ( #2666, #1706, #8038, #1497 ) ) ;
#7066 = CARTESIAN_POINT ( 'NONE',  ( -1.121488059839999885, 1.200000020279999857, -1.553677007939999966 ) ) ;
#7067 = ORIENTED_EDGE ( 'NONE', *, *, #7488, .F. ) ;
#7068 = EDGE_LOOP ( 'NONE', ( #1565, #4320, #5416, #7843 ) ) ;
#7069 = CARTESIAN_POINT ( 'NONE',  ( 1.274317539000000332, 0.8211772470000000546, 1.847946645999999804 ) ) ;
#7070 = FACE_OUTER_BOUND ( 'NONE', #1523, .T. ) ;
#7071 = FACE_OUTER_BOUND ( 'NONE', #2937, .T. ) ;
#7072 = LINE ( 'NONE', #7892, #9251 ) ;
#7073 = CARTESIAN_POINT ( 'NONE',  ( 2.305975323728014725, 0.6985520017608989329, 0.9779119308714635528 ) ) ;
#7074 = FACE_BOUND ( 'NONE', #6022, .T. ) ;
#7075 = ORIENTED_EDGE ( 'NONE', *, *, #8294, .T. ) ;
#7076 = CARTESIAN_POINT ( 'NONE',  ( 1.663367377004699943, 1.200000061842300125, 0.9487752962245998845 ) ) ;
#7077 = CARTESIAN_POINT ( 'NONE',  ( 1.946645567000000243, 0.8213205660000000297, -1.100992202999999892 ) ) ;
#7078 = VERTEX_POINT ( 'NONE', #9743 ) ;
#7079 = CARTESIAN_POINT ( 'NONE',  ( -2.299170782632609100, 0.6997124052381935577, -0.9872889056692277787 ) ) ;
#7080 = DIRECTION ( 'NONE',  ( 1.000000000000000000, 0.000000000000000000, 0.000000000000000000 ) ) ;
#7081 = DIRECTION ( 'NONE',  ( -1.000000000000000000, 0.000000000000000000, -0.000000000000000000 ) ) ;
#7082 = EDGE_CURVE ( 'NONE', #9843, #5487, #7883, .T. ) ;
#7083 = EDGE_CURVE ( 'NONE', #4189, #5772, #435, .T. ) ;
#7084 = CARTESIAN_POINT ( 'NONE',  ( 0.6000000000000000888, 0.09018804800000002064, 1.920188048000000203 ) ) ;
#7085 = CARTESIAN_POINT ( 'NONE',  ( 1.823793532256998917, 1.128616006862366072, -0.9223948601558882299 ) ) ;
#7086 = CARTESIAN_POINT ( 'NONE',  ( 0.9648166726500004842, 1.127536548819999540, 1.802838595340000127 ) ) ;
#7087 = DIRECTION ( 'NONE',  ( 0.000000000000000000, -2.168404344971021884E-15, -1.000000000000000000 ) ) ;
#7088 = CARTESIAN_POINT ( 'NONE',  ( 2.293438055000000197, 0.6500000000000001332, 0.9950587360000001658 ) ) ;
#7089 = ORIENTED_EDGE ( 'NONE', *, *, #1637, .T. ) ;
#7090 = CYLINDRICAL_SURFACE ( 'NONE', #2664, 2.174999999999999822 ) ;
#7091 = CARTESIAN_POINT ( 'NONE',  ( 0.000000000000000000, 0.09018804800000002064, 1.620188048000001046 ) ) ;
#7092 = ORIENTED_EDGE ( 'NONE', *, *, #10779, .T. ) ;
#7093 = CARTESIAN_POINT ( 'NONE',  ( -0.9241980276332814048, 0.6767119287482262768, -2.338380492438825620 ) ) ;
#7094 = CARTESIAN_POINT ( 'NONE',  ( -2.348438055000000801, 0.6449999999679227880, -0.8785042867268416655 ) ) ;
#7095 = EDGE_CURVE ( 'NONE', #3750, #9513, #485, .T. ) ;
#7096 = CARTESIAN_POINT ( 'NONE',  ( -0.9269657400000004266, 1.171877376000000082, 1.791954154999999771 ) ) ;
#7097 = CARTESIAN_POINT ( 'NONE',  ( 0.9327620411854731231, 1.102651866285845550, 1.836501306115960963 ) ) ;
#7098 = AXIS2_PLACEMENT_3D ( 'NONE', #6259, #1972, #8558 ) ;
#7099 = VECTOR ( 'NONE', #9820, 1000.000000000000000 ) ;
#7100 = CARTESIAN_POINT ( 'NONE',  ( 0.9655469096077865521, 0.6957500313843072437, 2.314648881499788313 ) ) ;
#7101 = PLANE ( 'NONE',  #6940 ) ;
#7102 = VERTEX_POINT ( 'NONE', #8929 ) ;
#7103 = CARTESIAN_POINT ( 'NONE',  ( 1.593894723460000273, 1.129081348499999971, -1.284656093580000213 ) ) ;
#7104 = LINE ( 'NONE', #9670, #268 ) ;
#7105 = ORIENTED_EDGE ( 'NONE', *, *, #9679, .F. ) ;
#7106 = B_SPLINE_CURVE_WITH_KNOTS ( 'NONE', 3,
 ( #7637, #4286, #6108, #8812 ),
 .UNSPECIFIED., .F., .F.,
 ( 4, 4 ),
 ( 0.000000000000000000, 1.000000000000000000 ),
 .UNSPECIFIED. ) ;
#7107 = ORIENTED_EDGE ( 'NONE', *, *, #87, .F. ) ;
#7108 = EDGE_CURVE ( 'NONE', #8105, #1033, #7899, .T. ) ;
#7109 = CIRCLE ( 'NONE', #2366, 2.174999999999999822 ) ;
#7110 = LINE ( 'NONE', #10447, #8603 ) ;
#7111 = DIRECTION ( 'NONE',  ( -1.000000000000000000, 0.000000000000000000, 0.000000000000000000 ) ) ;
#7112 = CARTESIAN_POINT ( 'NONE',  ( -1.199999999999999956, 1.199999999999999956, -1.322618543079141247E-16 ) ) ;
#7113 = CARTESIAN_POINT ( 'NONE',  ( 0.1896121644704891473, 1.100000000000000311, 1.189297628376396299 ) ) ;
#7114 = ORIENTED_EDGE ( 'NONE', *, *, #2238, .T. ) ;
#7115 = CARTESIAN_POINT ( 'NONE',  ( -1.445351251999999587, 1.129587990000000097, -1.445311819999999914 ) ) ;
#7116 = ORIENTED_EDGE ( 'NONE', *, *, #1907, .F. ) ;
#7117 = EDGE_LOOP ( 'NONE', ( #2345, #451, #7717, #6364, #1180, #10394, #6802, #2221 ) ) ;
#7118 = EDGE_CURVE ( 'NONE', #8675, #5667, #2264, .T. ) ;
#7119 = CARTESIAN_POINT ( 'NONE',  ( 1.490638049000000853, 1.027071126000000056, 1.490638049000000853 ) ) ;
#7120 = LINE ( 'NONE', #9422, #2613 ) ;
#7121 = CARTESIAN_POINT ( 'NONE',  ( -1.937836436134688034, 0.8324361959841091174, -1.102127593054806898 ) ) ;
#7122 = LINE ( 'NONE', #10356, #4019 ) ;
#7123 = CARTESIAN_POINT ( 'NONE',  ( -1.337243861000000145, 1.027071126000000056, 1.644032238000000090 ) ) ;
#7124 = CARTESIAN_POINT ( 'NONE',  ( -0.1500000000000000222, 0.2169133190000000488, -2.344252537000000469 ) ) ;
#7125 = CARTESIAN_POINT ( 'NONE',  ( -1.280535999923768209, 0.8231222596676986969, -1.834430176380809518 ) ) ;
#7126 = DIRECTION ( 'NONE',  ( 0.000000000000000000, 0.000000000000000000, 1.000000000000000000 ) ) ;
#7127 = ORIENTED_EDGE ( 'NONE', *, *, #9115, .T. ) ;
#7128 = CARTESIAN_POINT ( 'NONE',  ( 1.699972269921399493, 1.200000062478599583, 0.8810657480056001134 ) ) ;
#7129 = DIRECTION ( 'NONE',  ( -1.000000000000000000, -0.000000000000000000, 0.000000000000000000 ) ) ;
#7130 = ORIENTED_EDGE ( 'NONE', *, *, #8086, .T. ) ;
#7131 = DIRECTION ( 'NONE',  ( 0.000000000000000000, 0.000000000000000000, -1.000000000000000000 ) ) ;
#7132 = DIRECTION ( 'NONE',  ( 0.000000000000000000, 0.000000000000000000, -1.000000000000000000 ) ) ;
#7133 = CARTESIAN_POINT ( 'NONE',  ( 0.2999999999203125656, 0.02000000000000000389, -0.8500000000000000888 ) ) ;
#7134 = CARTESIAN_POINT ( 'NONE',  ( -2.449999999999999734, 0.8000000000000000444, 1.250000000000000000 ) ) ;
#7135 = UNCERTAINTY_MEASURE_WITH_UNIT (LENGTH_MEASURE( 1.000000000000000082E-05 ), #2283, 'distance_accuracy_value', 'NONE');
#7136 = CARTESIAN_POINT ( 'NONE',  ( 0.7250000000000001998, 0.02000000000000000389, 0.5000000000000000000 ) ) ;
#7137 = ADVANCED_FACE ( 'NONE', ( #3723 ), #5536, .T. ) ;
#7138 = ADVANCED_FACE ( 'NONE', ( #10525 ), #7047, .T. ) ;
#7139 = CARTESIAN_POINT ( 'NONE',  ( 0.9712993799952002183, 1.200000041187800015, 1.650974440824001022 ) ) ;
#7140 = CARTESIAN_POINT ( 'NONE',  ( 0.000000000000000000, 0.09018804800000002064, -1.620188048000001046 ) ) ;
#7141 = PLANE ( 'NONE',  #1529 ) ;
#7142 = ORIENTED_EDGE ( 'NONE', *, *, #661, .T. ) ;
#7143 = VECTOR ( 'NONE', #4695, 1000.000000000000000 ) ;
#7144 = DIRECTION ( 'NONE',  ( -0.000000000000000000, -1.000000000000000000, -0.000000000000000000 ) ) ;
#7145 = LINE ( 'NONE', #1064, #10599 ) ;
#7146 = ORIENTED_EDGE ( 'NONE', *, *, #6547, .T. ) ;
#7147 = CARTESIAN_POINT ( 'NONE',  ( -0.9085604623741176944, 0.6665819597683895203, -2.344031374995883432 ) ) ;
#7148 = DIRECTION ( 'NONE',  ( 1.000000000000000000, 0.000000000000000000, 0.000000000000000000 ) ) ;
#7149 = CARTESIAN_POINT ( 'NONE',  ( -0.9992776220000001430, 1.172168149000000215, 1.752359235999999987 ) ) ;
#7150 = CARTESIAN_POINT ( 'NONE',  ( 0.6000000000000000888, 0.2401880480000000151, 2.299999999999999822 ) ) ;
#7151 = VECTOR ( 'NONE', #2495, 1000.000000000000000 ) ;
#7152 = EDGE_CURVE ( 'NONE', #4916, #3835, #9909, .T. ) ;
#7153 = ADVANCED_FACE ( 'NONE', ( #9962 ), #650, .F. ) ;
#7154 = CARTESIAN_POINT ( 'NONE',  ( 0.9196035731429347271, 0.6738550529073612516, 2.340265977449998314 ) ) ;
#7155 = CARTESIAN_POINT ( 'NONE',  ( -0.9551290950000000946, 0.7000000000000000666, -2.323035152000000103 ) ) ;
#7156 = EDGE_LOOP ( 'NONE', ( #5415, #4188, #9180, #2783, #9431 ) ) ;
#7157 = CARTESIAN_POINT ( 'NONE',  ( 1.316356985000000090, 1.199997980000000020, -1.466023690999999740 ) ) ;
#7158 = CARTESIAN_POINT ( 'NONE',  ( 1.089760710734160698, 0.8232097569238975288, -1.951655397646538281 ) ) ;
#7159 = EDGE_LOOP ( 'NONE', ( #4820, #1245, #2936, #7332, #8175, #1716, #1839, #7992 ) ) ;
#7160 = EDGE_LOOP ( 'NONE', ( #4625, #10567, #7767, #2181 ) ) ;
#7161 = CARTESIAN_POINT ( 'NONE',  ( -0.9108179581148335702, 0.6477454905783677219, 2.299999999999999822 ) ) ;
#7162 = CARTESIAN_POINT ( 'NONE',  ( -1.532177300002269593, 0.6400000000000001243, -1.543715557140548533 ) ) ;
#7163 = CARTESIAN_POINT ( 'NONE',  ( -1.071369944335147650, 1.100000000000000311, 0.2879226727952078901 ) ) ;
#7164 = VECTOR ( 'NONE', #2478, 1000.000000000000000 ) ;
#7165 = EDGE_CURVE ( 'NONE', #8312, #2191, #3451, .T. ) ;
#7166 = DIRECTION ( 'NONE',  ( 0.000000000000000000, -1.000000000000000000, 0.000000000000000000 ) ) ;
#7167 = DIRECTION ( 'NONE',  ( -0.000000000000000000, -0.000000000000000000, -1.000000000000000000 ) ) ;
#7168 = ORIENTED_EDGE ( 'NONE', *, *, #6089, .F. ) ;
#7169 = CARTESIAN_POINT ( 'NONE',  ( -1.428323517999999792, 1.199999999999999956, -1.282535790999999925 ) ) ;
#7170 = VERTEX_POINT ( 'NONE', #4980 ) ;
#7171 = ORIENTED_EDGE ( 'NONE', *, *, #9428, .F. ) ;
#7172 = CARTESIAN_POINT ( 'NONE',  ( -0.6000000000000000888, 0.2117635299124889237, -2.349682985267302460 ) ) ;
#7173 = CARTESIAN_POINT ( 'NONE',  ( 0.1495516660000000275, 0.09018804800000002064, 2.308547231000000366 ) ) ;
#7174 = LINE ( 'NONE', #1299, #5655 ) ;
#7175 = CARTESIAN_POINT ( 'NONE',  ( 1.651860000196284650, 1.199999999998403899, -0.9718178860223505300 ) ) ;
#7176 = CARTESIAN_POINT ( 'NONE',  ( -1.438095102999999986, 0.8210983760000001297, 1.725236905999999903 ) ) ;
#7177 = CARTESIAN_POINT ( 'NONE',  ( 0.9551130330000000557, 0.7007647740000000347, -2.323447782000000128 ) ) ;
#7178 = EDGE_CURVE ( 'NONE', #2195, #10276, #4819, .T. ) ;
#7179 = CARTESIAN_POINT ( 'NONE',  ( -1.562485970222921461, 0.8236258313695695721, -1.598612063696628560 ) ) ;
#7180 = FACE_OUTER_BOUND ( 'NONE', #2730, .T. ) ;
#7181 = VECTOR ( 'NONE', #2733, 1000.000000000000000 ) ;
#7182 = ORIENTED_EDGE ( 'NONE', *, *, #5312, .F. ) ;
#7183 = CARTESIAN_POINT ( 'NONE',  ( 1.951655397646538281, 0.8232097569238975288, 1.089760710734160698 ) ) ;
#7184 = DIRECTION ( 'NONE',  ( -1.000000000000000000, 0.000000000000000000, 0.000000000000000000 ) ) ;
#7185 = ORIENTED_EDGE ( 'NONE', *, *, #4812, .T. ) ;
#7186 = CARTESIAN_POINT ( 'NONE',  ( -1.000000000000000000, 0.7000000000000000666, 2.291287847498569175 ) ) ;
#7187 = CARTESIAN_POINT ( 'NONE',  ( -1.875000000000000000, 0.7000000000000000666, 2.174999999999999822 ) ) ;
#7188 = DIRECTION ( 'NONE',  ( 0.000000000000000000, -0.000000000000000000, -1.000000000000000000 ) ) ;
#7189 = CARTESIAN_POINT ( 'NONE',  ( 1.836970198721029441E-17, 0.1901880480000000817, -2.164188048000000197 ) ) ;
#7190 = AXIS2_PLACEMENT_3D ( 'NONE', #1432, #4724, #6377 ) ;
#7191 = CARTESIAN_POINT ( 'NONE',  ( -1.484349418935839049, 1.129585049610070113, -1.405206963437859446 ) ) ;
#7192 = CARTESIAN_POINT ( 'NONE',  ( -1.108724791381160424, 1.099999999999999867, -0.4595142239896754521 ) ) ;
#7193 = VERTEX_POINT ( 'NONE', #4453 ) ;
#7194 = CARTESIAN_POINT ( 'NONE',  ( 0.9884086920000001442, 1.128899024000000084, 1.788909179999999877 ) ) ;
#7195 = CARTESIAN_POINT ( 'NONE',  ( -1.024999999999999911, 0.02000000000000000389, -0.5000000000078125284 ) ) ;
#7196 = DIRECTION ( 'NONE',  ( 1.000000000000000000, -0.000000000000000000, 0.000000000000000000 ) ) ;
#7197 = ORIENTED_EDGE ( 'NONE', *, *, #6341, .F. ) ;
#7198 = CIRCLE ( 'NONE', #8422, 2.500000000000000000 ) ;
#7199 = DIRECTION ( 'NONE',  ( -0.000000000000000000, 1.000000000000000000, -0.000000000000000000 ) ) ;
#7200 = CARTESIAN_POINT ( 'NONE',  ( -1.727764511999999586, 0.8091801430000002959, 1.436018935000000551 ) ) ;
#7201 = ORIENTED_EDGE ( 'NONE', *, *, #2945, .T. ) ;
#7202 = DIRECTION ( 'NONE',  ( 0.000000000000000000, 0.000000000000000000, -1.000000000000000000 ) ) ;
#7203 = CARTESIAN_POINT ( 'NONE',  ( -0.9648217332619002384, 1.127523569528799730, 1.802845010200700093 ) ) ;
#7204 = DIRECTION ( 'NONE',  ( -0.000000000000000000, 1.000000000000000000, -0.000000000000000000 ) ) ;
#7205 = EDGE_CURVE ( 'NONE', #10805, #6621, #1925, .T. ) ;
#7206 = VECTOR ( 'NONE', #9116, 1000.000000000000000 ) ;
#7207 = VECTOR ( 'NONE', #10282, 1000.000000000000000 ) ;
#7208 = CARTESIAN_POINT ( 'NONE',  ( 0.8919591379787197294, 0.6548785938197251300, 2.347560704491029604 ) ) ;
#7209 = CARTESIAN_POINT ( 'NONE',  ( -0.9950587360000001658, 0.6500000000000001332, -2.293438055000000197 ) ) ;
#7210 = ORIENTED_EDGE ( 'NONE', *, *, #5976, .F. ) ;
#7211 = CARTESIAN_POINT ( 'NONE',  ( 1.493653134528399873, 1.200000040864600548, -1.203996784899599604 ) ) ;
#7212 = CARTESIAN_POINT ( 'NONE',  ( 1.782719278566602394, 0.8237498669881880842, -1.348141816565648021 ) ) ;
#7213 = VECTOR ( 'NONE', #693, 1000.000000000000000 ) ;
#7214 = VERTEX_POINT ( 'NONE', #5329 ) ;
#7215 = ORIENTED_EDGE ( 'NONE', *, *, #7165, .T. ) ;
#7216 = CARTESIAN_POINT ( 'NONE',  ( -1.789145898356099718, 1.128462303726900151, 0.9885388185012001783 ) ) ;
#7217 = ADVANCED_FACE ( 'NONE', ( #3678 ), #5280, .F. ) ;
#7218 = CARTESIAN_POINT ( 'NONE',  ( -1.581666004999999764, 0.8210983760000001297, -1.581666004999999764 ) ) ;
#7219 = EDGE_CURVE ( 'NONE', #7438, #10352, #239, .T. ) ;
#7220 = LINE ( 'NONE', #6777, #7151 ) ;
#7221 = VECTOR ( 'NONE', #1917, 1000.000000000000000 ) ;
#7222 = CARTESIAN_POINT ( 'NONE',  ( -0.4744815888703532436, 0.1901880480000000817, -1.674531335071505644 ) ) ;
#7223 = CARTESIAN_POINT ( 'NONE',  ( 0.3707777428050504920, 1.099999999999999867, 1.141554263594927399 ) ) ;
#7224 = ORIENTED_EDGE ( 'NONE', *, *, #8087, .T. ) ;
#7225 = CARTESIAN_POINT ( 'NONE',  ( -1.689485726930600062, 1.128849812384099982, -1.152094982647000165 ) ) ;
#7226 = VERTEX_POINT ( 'NONE', #1003 ) ;
#7227 = ORIENTED_EDGE ( 'NONE', *, *, #4253, .F. ) ;
#7228 = FACE_OUTER_BOUND ( 'NONE', #8230, .T. ) ;
#7229 = FACE_OUTER_BOUND ( 'NONE', #9998, .T. ) ;
#7230 = EDGE_CURVE ( 'NONE', #5982, #9466, #7038, .T. ) ;
#7231 = CARTESIAN_POINT ( 'NONE',  ( -1.106843521103890504, 0.8233145215229985547, 1.942104130440612808 ) ) ;
#7232 = CARTESIAN_POINT ( 'NONE',  ( -1.490638049000000853, 1.027071126000000056, 1.490638049000000853 ) ) ;
#7233 = LINE ( 'NONE', #698, #7500 ) ;
#7234 = LINE ( 'NONE', #10627, #2187 ) ;
#7235 = DIRECTION ( 'NONE',  ( 0.000000000000000000, 1.000000000000000000, 0.000000000000000000 ) ) ;
#7236 = ORIENTED_EDGE ( 'NONE', *, *, #8895, .F. ) ;
#7237 = CARTESIAN_POINT ( 'NONE',  ( 1.290185586000000217, 0.8000000000000000444, 1.879837839000000121 ) ) ;
#7238 = CARTESIAN_POINT ( 'NONE',  ( -0.6000000002416666645, 0.8000000000000000444, -2.250000000015881962 ) ) ;
#7239 = ORIENTED_EDGE ( 'NONE', *, *, #4940, .F. ) ;
#7240 = CARTESIAN_POINT ( 'NONE',  ( -2.315104722000000059, 0.6450000000000001288, 0.8785042870000000503 ) ) ;
#7241 = CARTESIAN_POINT ( 'NONE',  ( -2.325932375643229300, 0.6893747577563537066, 0.9480694452853639653 ) ) ;
#7242 = DIRECTION ( 'NONE',  ( -0.000000000000000000, -1.000000000000000000, 0.000000000000000000 ) ) ;
#7243 = ADVANCED_FACE ( 'NONE', ( #1821 ), #8671, .F. ) ;
#7244 = CARTESIAN_POINT ( 'NONE',  ( 2.314648881434672401, 0.6957500314115221407, -0.9655469097031599279 ) ) ;
#7245 = DIRECTION ( 'NONE',  ( 4.517509052022926719E-17, -1.000000000000000000, 0.000000000000000000 ) ) ;
#7246 = CARTESIAN_POINT ( 'NONE',  ( -0.07679883316371935442, 1.100000000000000311, -1.199902504695431471 ) ) ;
#7247 = VERTEX_POINT ( 'NONE', #7799 ) ;
#7248 = CARTESIAN_POINT ( 'NONE',  ( 1.368140776830000460, 1.128302049850000266, 1.523662943490000421 ) ) ;
#7249 = LINE ( 'NONE', #2962, #3328 ) ;
#7250 = CARTESIAN_POINT ( 'NONE',  ( 2.099999999996581490, 0.3667742510000000511, 2.500000000000000000 ) ) ;
#7251 = ORIENTED_EDGE ( 'NONE', *, *, #2665, .T. ) ;
#7252 = CARTESIAN_POINT ( 'NONE',  ( 0.1501325560046248009, 0.1685721411443319440, 2.432380189968728956 ) ) ;
#7253 = CARTESIAN_POINT ( 'NONE',  ( -1.653224786830992832, 0.8240143662193640806, 1.507529085489593301 ) ) ;
#7254 = CARTESIAN_POINT ( 'NONE',  ( 2.299999999999999822, 0.6500000000000001332, 2.100000000000000089 ) ) ;
#7255 = CARTESIAN_POINT ( 'NONE',  ( 0.7250000000000000888, 0.02000000000000000389, -0.5000000000000000000 ) ) ;
#7256 = ADVANCED_FACE ( 'NONE', ( #9499 ), #1160, .T. ) ;
#7257 = CARTESIAN_POINT ( 'NONE',  ( -1.091999445999999763, 1.172271964000000333, 1.696816704000001064 ) ) ;
#7258 = CARTESIAN_POINT ( 'NONE',  ( -0.9668451322209129506, 0.6961086364358752832, 2.313758175119538851 ) ) ;
#7259 = CARTESIAN_POINT ( 'NONE',  ( -1.834176582104266151, 0.8231226697856133256, 1.280899441057454791 ) ) ;
#7260 = LINE ( 'NONE', #6336, #7636 ) ;
#7261 = VERTEX_POINT ( 'NONE', #6110 ) ;
#7262 = CARTESIAN_POINT ( 'NONE',  ( 1.367919740180000510, 1.128730674620000318, -1.523500218460000166 ) ) ;
#7263 = CARTESIAN_POINT ( 'NONE',  ( -1.102127821908448269, 0.8324359464752625337, 1.937836507009548459 ) ) ;
#7264 = DIRECTION ( 'NONE',  ( 0.000000000000000000, -0.9431887185293243991, -0.3322574923745297282 ) ) ;
#7265 = ORIENTED_EDGE ( 'NONE', *, *, #2267, .T. ) ;
#7266 = ORIENTED_EDGE ( 'NONE', *, *, #7652, .T. ) ;
#7267 = CARTESIAN_POINT ( 'NONE',  ( -1.712800818999999919, 1.199999999999999956, 0.8588169820000004506 ) ) ;
#7268 = DIRECTION ( 'NONE',  ( 0.000000000000000000, 1.000000000000000000, 0.000000000000000000 ) ) ;
#7269 = CARTESIAN_POINT ( 'NONE',  ( 2.175000000024999824, 0.7000000000000000666, -2.399999999999999911 ) ) ;
#7270 = CARTESIAN_POINT ( 'NONE',  ( 0.1417832580000000231, 0.1901880480000003037, 2.300000000062638161 ) ) ;
#7271 = EDGE_CURVE ( 'NONE', #6193, #1272, #8515, .T. ) ;
#7272 = CARTESIAN_POINT ( 'NONE',  ( 2.348438054999999913, 0.6745970970000001454, -0.9184339279999998995 ) ) ;
#7273 = EDGE_CURVE ( 'NONE', #3265, #2668, #5824, .T. ) ;
#7274 = VERTEX_POINT ( 'NONE', #2700 ) ;
#7275 = AXIS2_PLACEMENT_3D ( 'NONE', #8666, #1155, #1104 ) ;
#7276 = EDGE_LOOP ( 'NONE', ( #5510, #9124, #725, #4023, #7171, #2896 ) ) ;
#7277 = ORIENTED_EDGE ( 'NONE', *, *, #3986, .F. ) ;
#7278 = CARTESIAN_POINT ( 'NONE',  ( -1.071369944335147206, 1.100000000000000089, -0.2879226727952085008 ) ) ;
#7279 = CARTESIAN_POINT ( 'NONE',  ( 0.1493274900000000349, 0.1568547140000000062, 2.299999999999999822 ) ) ;
#7280 = CARTESIAN_POINT ( 'NONE',  ( 0.4797369090311082718, 1.100000000000000089, -1.100191713393765536 ) ) ;
#7281 = CARTESIAN_POINT ( 'NONE',  ( 0.1499999883018133806, 0.1298434634095973206, 2.411445805987917357 ) ) ;
#7282 =( NAMED_UNIT ( * ) SI_UNIT ( $, .STERADIAN. ) SOLID_ANGLE_UNIT ( ) );
#7283 = CARTESIAN_POINT ( 'NONE',  ( -0.9269587864678956457, 1.199999999999960876, 1.677117297851164146 ) ) ;
#7284 = B_SPLINE_SURFACE_WITH_KNOTS ( 'NONE', 3, 3, ( 
 ( #6469, #4661, #10582, #1421 ),
 ( #3992, #3167, #1524, #8007 ),
 ( #487, #10527, #10632, #3009 ),
 ( #9644, #2292, #8117, #7954 ),
 ( #3935, #3828, #7292, #6527 ),
 ( #7240, #5656, #4821, #7345 ),
 ( #3112, #2130, #8985, #3060 ) ),
 .UNSPECIFIED., .F., .F., .F.,
 ( 4, 3, 4 ),
 ( 4, 4 ),
 ( -0.01529547625796350181, 0.000000000000000000, 1.000000000000000000 ),
 ( 0.000000000000000000, 1.000000000000000000 ),
 .UNSPECIFIED. ) ;
#7285 = VECTOR ( 'NONE', #9610, 1000.000000000000000 ) ;
#7286 = CARTESIAN_POINT ( 'NONE',  ( 0.9217339781421712841, 0.6751933476342278917, -2.339413872758284274 ) ) ;
#7287 = DIRECTION ( 'NONE',  ( 1.000000000000000000, -0.000000000000000000, -0.000000000000000000 ) ) ;
#7288 = EDGE_CURVE ( 'NONE', #8744, #3155, #6054, .T. ) ;
#7289 = CARTESIAN_POINT ( 'NONE',  ( 1.524963085999999857, 0.8000000000000000444, 1.672350194000000290 ) ) ;
#7290 = CARTESIAN_POINT ( 'NONE',  ( 1.106843420226708119, 0.8233148284566546016, -1.942103954704705204 ) ) ;
#7291 = ORIENTED_EDGE ( 'NONE', *, *, #10055, .T. ) ;
#7292 = CARTESIAN_POINT ( 'NONE',  ( -2.314042747999999872, 0.6833333330000000982, 0.9554791260000000674 ) ) ;
#7293 = DIRECTION ( 'NONE',  ( -1.000000000000000000, 0.000000000000000000, -0.000000000000000000 ) ) ;
#7294 = CARTESIAN_POINT ( 'NONE',  ( 0.8785042867778679598, 0.6450000000080103879, -2.299999999999999822 ) ) ;
#7295 = AXIS2_PLACEMENT_3D ( 'NONE', #9438, #1919, #10419 ) ;
#7296 = CARTESIAN_POINT ( 'NONE',  ( 2.341653860853452063, 0.6714973055268814717, -0.9159253845966461860 ) ) ;
#7297 = CARTESIAN_POINT ( 'NONE',  ( -1.000000000000000000, 0.8000000000000000444, 2.250000000000001776 ) ) ;
#7298 = LINE ( 'NONE', #7136, #3858 ) ;
#7299 = EDGE_LOOP ( 'NONE', ( #9827, #40, #5202, #3287, #8251, #2742, #5146, #8769 ) ) ;
#7300 = EDGE_CURVE ( 'NONE', #471, #1666, #890, .T. ) ;
#7301 = CARTESIAN_POINT ( 'NONE',  ( 1.151380844000000181, 1.199997972000000024, 1.595207103000000126 ) ) ;
#7302 = DIRECTION ( 'NONE',  ( 0.9169457170311205996, 0.000000000000000000, -0.3990119697681814293 ) ) ;
#7303 = DIRECTION ( 'NONE',  ( 0.000000000000000000, 1.000000000000000000, 0.000000000000000000 ) ) ;
#7304 = VERTEX_POINT ( 'NONE', #343 ) ;
#7305 = CARTESIAN_POINT ( 'NONE',  ( 0.1481698020000000171, 0.1918170400000000497, 2.444040960999999790 ) ) ;
#7306 = CARTESIAN_POINT ( 'NONE',  ( -1.899544121000000141, 0.8236601709999999965, 1.180669058999999965 ) ) ;
#7307 = EDGE_LOOP ( 'NONE', ( #2688, #5944, #2500, #5456, #8368 ) ) ;
#7308 = DIRECTION ( 'NONE',  ( -0.000000000000000000, -1.000000000000000000, -0.000000000000000000 ) ) ;
#7309 = CARTESIAN_POINT ( 'NONE',  ( -0.9264689318400005646, 1.200000040859999784, 1.676226186799999907 ) ) ;
#7310 = CARTESIAN_POINT ( 'NONE',  ( -0.9144617756149452381, 0.6705316508782959151, 2.342152886452329330 ) ) ;
#7311 = B_SPLINE_CURVE_WITH_KNOTS ( 'NONE', 3,
 ( #9051, #266, #1645, #7463 ),
 .UNSPECIFIED., .F., .F.,
 ( 4, 4 ),
 ( 2.023288187290900937E-14, 4.862080575914841439E-05 ),
 .UNSPECIFIED. ) ;
#7312 = VECTOR ( 'NONE', #1874, 1000.000000000000000 ) ;
#7313 = EDGE_CURVE ( 'NONE', #3439, #6430, #6979, .T. ) ;
#7314 = PLANE ( 'NONE',  #4599 ) ;
#7315 = CARTESIAN_POINT ( 'NONE',  ( 0.9177647326924657234, 0.6726793499623716643, 2.340965453263444296 ) ) ;
#7316 = CARTESIAN_POINT ( 'NONE',  ( -0.8785042870000000503, 0.6450000000000001288, -2.315104722000000059 ) ) ;
#7317 = ORIENTED_EDGE ( 'NONE', *, *, #9738, .F. ) ;
#7318 = CARTESIAN_POINT ( 'NONE',  ( 1.282194196940599884, 1.200000020401999823, -1.427942746252699902 ) ) ;
#7319 = CARTESIAN_POINT ( 'NONE',  ( -0.9892130902907211309, 1.012578683735400498, 1.870278964657208443 ) ) ;
#7320 = DIRECTION ( 'NONE',  ( 0.000000000000000000, 0.000000000000000000, -1.000000000000000000 ) ) ;
#7321 = VERTEX_POINT ( 'NONE', #6167 ) ;
#7322 = VERTEX_POINT ( 'NONE', #2856 ) ;
#7323 = CARTESIAN_POINT ( 'NONE',  ( -1.802607278315599748, 1.127960638978799945, 0.9646935498110000839 ) ) ;
#7324 = CIRCLE ( 'NONE', #1190, 2.500000000000000000 ) ;
#7325 = CARTESIAN_POINT ( 'NONE',  ( 0.000000000000000000, 0.09018804800000002064, 1.620188048000000824 ) ) ;
#7326 = CARTESIAN_POINT ( 'NONE',  ( -1.399999999999999911, 0.7000000000000000666, -2.399999999999999911 ) ) ;
#7327 = CARTESIAN_POINT ( 'NONE',  ( -0.5691320178981034150, 0.1901880480000000817, -1.765596862963316749 ) ) ;
#7328 = AXIS2_PLACEMENT_3D ( 'NONE', #10250, #5931, #6693 ) ;
#7329 = CARTESIAN_POINT ( 'NONE',  ( 2.348947903999999642, 0.6450000000000001288, -0.8785042870000000503 ) ) ;
#7330 = VERTEX_POINT ( 'NONE', #6212 ) ;
#7331 = EDGE_LOOP ( 'NONE', ( #4075, #958, #7344, #5244 ) ) ;
#7332 = ORIENTED_EDGE ( 'NONE', *, *, #1268, .T. ) ;
#7333 = CARTESIAN_POINT ( 'NONE',  ( 0.6000000000000000888, 0.6999999999999998446, 2.449999999999999734 ) ) ;
#7334 = CARTESIAN_POINT ( 'NONE',  ( 1.816294278119999994, 1.127456854340000536, -0.9391113651000003726 ) ) ;
#7335 = CARTESIAN_POINT ( 'NONE',  ( 1.554088229075315075, 1.199999999998412559, -1.121784051087365341 ) ) ;
#7336 = VECTOR ( 'NONE', #6210, 1000.000000000000000 ) ;
#7337 = APPLICATION_PROTOCOL_DEFINITION ( 'draft international standard', 'automotive_design', 1998, #1414 ) ;
#7338 = ADVANCED_FACE ( 'NONE', ( #10154 ), #4402, .T. ) ;
#7339 = CARTESIAN_POINT ( 'NONE',  ( -1.037676851523287702, 1.199999999999960876, 1.612097062816100657 ) ) ;
#7340 = LINE ( 'NONE', #9851, #6401 ) ;
#7341 = CARTESIAN_POINT ( 'NONE',  ( -0.9223949678626668369, 1.128615992765403364, 1.823793474728486519 ) ) ;
#7342 = CARTESIAN_POINT ( 'NONE',  ( 1.720866379999999696, 0.8234688789999999869, 1.430310063000000076 ) ) ;
#7343 = CARTESIAN_POINT ( 'NONE',  ( 1.536339946000000012, 0.9236595380000001132, -1.536339946000000012 ) ) ;
#7344 = ORIENTED_EDGE ( 'NONE', *, *, #8629, .F. ) ;
#7345 = CARTESIAN_POINT ( 'NONE',  ( -2.293438055000000197, 0.6666666670000001016, 0.9950587360000001658 ) ) ;
#7346 = CARTESIAN_POINT ( 'NONE',  ( -2.322528817634233800, 0.6916768414679680399, 0.9535835533742201831 ) ) ;
#7347 = DIRECTION ( 'NONE',  ( 0.000000000000000000, 0.000000000000000000, -1.000000000000000000 ) ) ;
#7348 = CARTESIAN_POINT ( 'NONE',  ( 2.323690503230721127, 0.6909528353293197256, -0.9517448977584267444 ) ) ;
#7349 = LINE ( 'NONE', #2514, #2107 ) ;
#7350 = EDGE_CURVE ( 'NONE', #8795, #7980, #10267, .T. ) ;
#7351 = EDGE_CURVE ( 'NONE', #4963, #5241, #5492, .T. ) ;
#7352 = AXIS2_PLACEMENT_3D ( 'NONE', #5928, #4986, #6796 ) ;
#7353 = ADVANCED_FACE ( 'NONE', ( #553 ), #2080, .T. ) ;
#7354 = CARTESIAN_POINT ( 'NONE',  ( -2.299999999999999822, 1.084202172485504434E-16, -2.100000000000000089 ) ) ;
#7355 = ORIENTED_EDGE ( 'NONE', *, *, #140, .F. ) ;
#7356 = CARTESIAN_POINT ( 'NONE',  ( 1.367961309220000254, 1.128730700900000272, 1.523462903660000256 ) ) ;
#7357 = LINE ( 'NONE', #445, #3849 ) ;
#7358 = DIRECTION ( 'NONE',  ( 0.000000000000000000, -0.3511234442304683734, -0.9363291765782657539 ) ) ;
#7359 = EDGE_LOOP ( 'NONE', ( #1660, #3852, #3775, #257 ) ) ;
#7360 = CARTESIAN_POINT ( 'NONE',  ( -4.686222782939109901E-16, 1.199999999999999956, -1.199999999999999734 ) ) ;
#7361 = CARTESIAN_POINT ( 'NONE',  ( -1.610594037999999895, 0.8000000000000000444, 1.610577704000000221 ) ) ;
#7362 = LINE ( 'NONE', #9109, #5516 ) ;
#7363 = VERTEX_POINT ( 'NONE', #5437 ) ;
#7364 = AXIS2_PLACEMENT_3D ( 'NONE', #3883, #5594, #2071 ) ;
#7365 = DIRECTION ( 'NONE',  ( -1.000000000000000000, 0.000000000000000000, -0.000000000000000000 ) ) ;
#7366 = CARTESIAN_POINT ( 'NONE',  ( 0.7250000000000000888, 0.02000000000000000389, 0.5000000000000000000 ) ) ;
#7367 = CARTESIAN_POINT ( 'NONE',  ( -0.9539594496708601046, 0.6918279223551864199, 2.322293108061280975 ) ) ;
#7368 = EDGE_CURVE ( 'NONE', #3839, #9654, #2922, .T. ) ;
#7369 = AXIS2_PLACEMENT_3D ( 'NONE', #2465, #58, #2 ) ;
#7370 = DIRECTION ( 'NONE',  ( -0.000000000000000000, -1.000000000000000000, -9.035018104045859601E-17 ) ) ;
#7371 = CARTESIAN_POINT ( 'NONE',  ( 0.8864232340997956205, 0.6508409459472471736, 2.348131249383903718 ) ) ;
#7372 = CARTESIAN_POINT ( 'NONE',  ( -0.9173838330000000374, 0.6476198850000001173, -2.298438055000000091 ) ) ;
#7373 = VERTEX_POINT ( 'NONE', #605 ) ;
#7374 = CARTESIAN_POINT ( 'NONE',  ( 1.022712500000000135, 1.172195644000000092, -1.738795874999999880 ) ) ;
#7375 = CARTESIAN_POINT ( 'NONE',  ( 1.899451187193478718, 0.8238326667848148155, -1.180616144986458060 ) ) ;
#7376 = ORIENTED_EDGE ( 'NONE', *, *, #4569, .F. ) ;
#7377 = VERTEX_POINT ( 'NONE', #6477 ) ;
#7378 = VECTOR ( 'NONE', #326, 1000.000000000000000 ) ;
#7379 = CARTESIAN_POINT ( 'NONE',  ( -1.689027137049999627, 1.200000020449999871, 0.9042371464199999709 ) ) ;
#7380 = AXIS2_PLACEMENT_3D ( 'NONE', #1682, #2557, #7496 ) ;
#7381 = DIRECTION ( 'NONE',  ( 0.000000000000000000, 0.000000000000000000, 1.000000000000000000 ) ) ;
#7382 = EDGE_CURVE ( 'NONE', #4006, #3089, #4395, .T. ) ;
#7383 = CARTESIAN_POINT ( 'NONE',  ( -1.874999999992786881, 0.8000000000000002665, -2.174999999999999822 ) ) ;
#7384 = DIRECTION ( 'NONE',  ( 0.000000000000000000, 0.000000000000000000, 1.000000000000000000 ) ) ;
#7385 =( GEOMETRIC_REPRESENTATION_CONTEXT ( 3 ) GLOBAL_UNCERTAINTY_ASSIGNED_CONTEXT ( ( #10533 ) ) GLOBAL_UNIT_ASSIGNED_CONTEXT ( ( #9467, #1949, #5246 ) ) REPRESENTATION_CONTEXT ( 'NONE', 'WORKASPACE' ) );
#7386 = CARTESIAN_POINT ( 'NONE',  ( 2.305050343999999640, 0.6666666670000001016, -0.9558291580000002341 ) ) ;
#7387 = ORIENTED_EDGE ( 'NONE', *, *, #10830, .T. ) ;
#7388 = EDGE_LOOP ( 'NONE', ( #4907, #8809, #6049, #421 ) ) ;
#7389 = ORIENTED_EDGE ( 'NONE', *, *, #6684, .T. ) ;
#7390 = CARTESIAN_POINT ( 'NONE',  ( 1.967073100640781114, 0.6500000000000001332, -1.542926899349241321 ) ) ;
#7391 = CARTESIAN_POINT ( 'NONE',  ( 1.802838595340000127, 1.127536548819999540, -0.9648166726500004842 ) ) ;
#7392 = CARTESIAN_POINT ( 'NONE',  ( 0.1499999883018133806, 0.1001623864691512655, 2.370632210312103805 ) ) ;
#7393 = VECTOR ( 'NONE', #427, 1000.000000000000000 ) ;
#7394 = CARTESIAN_POINT ( 'NONE',  ( -1.428288562720186450, 1.199999999999961542, 1.282574755646121556 ) ) ;
#7395 = CARTESIAN_POINT ( 'NONE',  ( 1.750000000000000000, 0.6400000000000001243, -2.050000000000000266 ) ) ;
#7396 = CARTESIAN_POINT ( 'NONE',  ( -0.6000000000000000888, 0.6500000000000001332, 2.349999999999999645 ) ) ;
#7397 = CARTESIAN_POINT ( 'NONE',  ( 1.586918838000000109, 0.8091943639999999993, 1.586934931000000049 ) ) ;
#7398 = CARTESIAN_POINT ( 'NONE',  ( 1.337243861000000145, 1.027071126000000056, -1.644032238000000090 ) ) ;
#7399 = ORIENTED_EDGE ( 'NONE', *, *, #7972, .F. ) ;
#7400 = CARTESIAN_POINT ( 'NONE',  ( -0.9644397660000000316, 1.128834783999999924, -1.802130481999999922 ) ) ;
#7401 = CARTESIAN_POINT ( 'NONE',  ( -2.312109535784871106, 0.6967381780198543817, 0.9692328393576550294 ) ) ;
#7402 = DIRECTION ( 'NONE',  ( 0.000000000000000000, -1.000000000000000000, 0.000000000000000000 ) ) ;
#7403 = CARTESIAN_POINT ( 'NONE',  ( 2.336754861032337871, 0.6789195206276394945, -0.9278720181117819932 ) ) ;
#7404 = DIRECTION ( 'NONE',  ( 1.000000000000000000, 0.000000000000000000, 0.000000000000000000 ) ) ;
#7405 = CARTESIAN_POINT ( 'NONE',  ( 2.100000000000000089, 0.6500000000000001332, -2.100000000000000089 ) ) ;
#7406 = B_SPLINE_CURVE_WITH_KNOTS ( 'NONE', 3,
 ( #1939, #2816, #6016, #2764, #1833, #5341, #10227, #6125, #2712, #8580, #3584, #1883, #9510, #6067, #8683, #9402, #5295, #1174, #1072, #7763, #8636, #8011, #7191, #3014, #6373, #9700, #4718, #3118, #8283, #6424, #9916 ),
 .UNSPECIFIED., .F., .F.,
 ( 4, 2, 2, 1, 2, 2, 1, 1, 1, 1, 2, 2, 2, 2, 1, 1, 2, 2, 4 ),
 ( 0.000000000000000000, 0.1250000000000626721, 0.1875000000000938971, 0.2187500000001093570, 0.2343750000001171285, 0.2500000000001248446, 0.3125000000001556533, 0.3437500000001710854, 0.3593750000001786349, 0.3671875000001821876, 0.3710937500001841860, 0.3750000000001861289, 0.4375000000001715850, 0.4687500000001643685, 0.4843750000001605938, 0.4921875000001588174, 0.4960937500001579847, 0.5000000000001570966, 1.000000000000000000 ),
 .UNSPECIFIED. ) ;
#7407 = DIRECTION ( 'NONE',  ( 0.000000000000000000, 0.000000000000000000, -1.000000000000000000 ) ) ;
#7408 = ORIENTED_EDGE ( 'NONE', *, *, #6027, .F. ) ;
#7409 = CARTESIAN_POINT ( 'NONE',  ( 1.180481061000000276, 1.172349056000000056, 1.635636083999999935 ) ) ;
#7410 = CARTESIAN_POINT ( 'NONE',  ( -1.865962600999999887, 0.8000000000000000444, -1.280665334000000044 ) ) ;
#7411 = DIRECTION ( 'NONE',  ( 0.000000000000000000, 1.000000000000000000, 0.000000000000000000 ) ) ;
#7412 = ORIENTED_EDGE ( 'NONE', *, *, #2389, .T. ) ;
#7413 = EDGE_CURVE ( 'NONE', #3427, #51, #4778, .T. ) ;
#7414 = CARTESIAN_POINT ( 'NONE',  ( 0.1500000000000000222, 0.2013968330000001083, 2.373754228000000133 ) ) ;
#7415 = CARTESIAN_POINT ( 'NONE',  ( 2.175000000012500045, 0.7000000000000001776, 1.875000000000000000 ) ) ;
#7416 = CARTESIAN_POINT ( 'NONE',  ( 1.000000000000000000, 0.7999999999999999334, -2.399999999999999911 ) ) ;
#7417 = CARTESIAN_POINT ( 'NONE',  ( -0.7250000000232421637, 0.1799999999999999933, 0.8500000000000000888 ) ) ;
#7418 = DIRECTION ( 'NONE',  ( 1.000000000000000000, -0.000000000000000000, -0.000000000000000000 ) ) ;
#7419 = CARTESIAN_POINT ( 'NONE',  ( -0.9034083187556902761, 0.6630284533106074463, 2.345399337423883068 ) ) ;
#7420 = DIRECTION ( 'NONE',  ( 0.000000000000000000, 0.000000000000000000, -1.000000000000000000 ) ) ;
#7421 = LINE ( 'NONE', #10764, #9459 ) ;
#7422 = CYLINDRICAL_SURFACE ( 'NONE', #1493, 0.1499999999999999667 ) ;
#7423 = ORIENTED_EDGE ( 'NONE', *, *, #2665, .F. ) ;
#7424 = CARTESIAN_POINT ( 'NONE',  ( 0.9886690209599997559, 1.128034238459999949, -1.789376465840000652 ) ) ;
#7425 = CARTESIAN_POINT ( 'NONE',  ( -1.689864725285854519, 1.199999999999960654, -0.9034689833357983924 ) ) ;
#7426 = EDGE_CURVE ( 'NONE', #5285, #637, #1429, .T. ) ;
#7427 = CARTESIAN_POINT ( 'NONE',  ( -0.7250000000000000888, 0.2000000000000000111, 1.350000000000000089 ) ) ;
#7428 = CARTESIAN_POINT ( 'NONE',  ( -1.719372273999999923, 1.129190821000000122, -1.106460989000000117 ) ) ;
#7429 = ORIENTED_EDGE ( 'NONE', *, *, #6317, .F. ) ;
#7430 = VERTEX_POINT ( 'NONE', #1267 ) ;
#7431 = CARTESIAN_POINT ( 'NONE',  ( -1.748176048431999696, 1.128207984710399847, 1.059933201887000020 ) ) ;
#7432 = CARTESIAN_POINT ( 'NONE',  ( -1.830076124000000304, 1.131981453999999943, -0.9052380640000000644 ) ) ;
#7433 = CARTESIAN_POINT ( 'NONE',  ( 0.9950587360000001658, 0.7007647740000000347, 2.293438055000000197 ) ) ;
#7434 = DIRECTION ( 'NONE',  ( 1.000000000000000000, 0.000000000000000000, 0.000000000000000000 ) ) ;
#7435 = ORIENTED_EDGE ( 'NONE', *, *, #6636, .F. ) ;
#7436 = PLANE ( 'NONE',  #6106 ) ;
#7437 = EDGE_CURVE ( 'NONE', #385, #7363, #9588, .T. ) ;
#7438 = VERTEX_POINT ( 'NONE', #2299 ) ;
#7439 = ORIENTED_EDGE ( 'NONE', *, *, #4886, .F. ) ;
#7440 = EDGE_LOOP ( 'NONE', ( #512, #4686, #8693, #5228, #10073 ) ) ;
#7441 = LINE ( 'NONE', #7607, #5994 ) ;
#7442 = CARTESIAN_POINT ( 'NONE',  ( -1.552824450779415523E-15, 1.100000000000000089, -1.200000000000000178 ) ) ;
#7443 = CARTESIAN_POINT ( 'NONE',  ( -0.7250000001239583769, 0.000000000000000000, -1.750000000039583448 ) ) ;
#7444 = CARTESIAN_POINT ( 'NONE',  ( -0.9152463688150084264, 1.199999999999960876, 1.683555758859813123 ) ) ;
#7445 = LINE ( 'NONE', #1467, #4817 ) ;
#7446 = CARTESIAN_POINT ( 'NONE',  ( 2.348438054999999913, 0.6450000002960168954, -0.8785042874132732438 ) ) ;
#7447 = VECTOR ( 'NONE', #8825, 1000.000000000000000 ) ;
#7448 = CARTESIAN_POINT ( 'NONE',  ( 1.684815353000000959, 0.8000000000000000444, 1.536357145000000202 ) ) ;
#7449 = EDGE_CURVE ( 'NONE', #4806, #3330, #7298, .T. ) ;
#7450 = CARTESIAN_POINT ( 'NONE',  ( -1.757299814153685746, 1.189275174188776596, 0.9062595335480155834 ) ) ;
#7451 = ORIENTED_EDGE ( 'NONE', *, *, #8214, .T. ) ;
#7452 = CARTESIAN_POINT ( 'NONE',  ( -0.8810722546199999394, 1.200000061860000633, -1.699986145230000023 ) ) ;
#7453 = ORIENTED_EDGE ( 'NONE', *, *, #3786, .F. ) ;
#7454 = CARTESIAN_POINT ( 'NONE',  ( 0.9439799750000000822, 1.199999999999978195, 1.696050011058439333 ) ) ;
#7455 = CARTESIAN_POINT ( 'NONE',  ( 2.312109535656663883, 0.6967381780661222601, -0.9692328395421776488 ) ) ;
#7456 = CARTESIAN_POINT ( 'NONE',  ( 0.000000000000000000, 0.2000000000000000111, 2.349999999999999645 ) ) ;
#7457 = CIRCLE ( 'NONE', #9556, 2.500000000000000444 ) ;
#7458 = CARTESIAN_POINT ( 'NONE',  ( 0.1481720458822227693, 0.1917906404987088920, 2.444027077438176931 ) ) ;
#7459 = PLANE ( 'NONE',  #9114 ) ;
#7460 = ORIENTED_EDGE ( 'NONE', *, *, #10075, .F. ) ;
#7461 = CARTESIAN_POINT ( 'NONE',  ( 1.121485100158400749, 1.200000020482799856, 1.553672896049399954 ) ) ;
#7462 = CARTESIAN_POINT ( 'NONE',  ( -1.720618736027269557, 0.8239825846206606519, -1.430104356692934564 ) ) ;
#7463 = CARTESIAN_POINT ( 'NONE',  ( -0.9268673177856542322, 0.6500000000993725324, -2.299999999871395140 ) ) ;
#7464 = ORIENTED_EDGE ( 'NONE', *, *, #661, .F. ) ;
#7465 = CARTESIAN_POINT ( 'NONE',  ( 0.1500883706697498654, 0.1693279994175405645, 2.432212796113802256 ) ) ;
#7466 = LINE ( 'NONE', #2526, #276 ) ;
#7467 = CIRCLE ( 'NONE', #6078, 0.2000000000000000944 ) ;
#7468 = CARTESIAN_POINT ( 'NONE',  ( 0.9999999996714080686, 0.7000000000000000666, 2.399999999999999911 ) ) ;
#7469 = FACE_OUTER_BOUND ( 'NONE', #4445, .T. ) ;
#7470 = LINE ( 'NONE', #4841, #7907 ) ;
#7471 = CARTESIAN_POINT ( 'NONE',  ( -0.9576376383061232511, 0.6932158058046026250, 2.319935360615982933 ) ) ;
#7472 = EDGE_CURVE ( 'NONE', #1742, #3710, #10537, .T. ) ;
#7473 = DIRECTION ( 'NONE',  ( -0.000000000000000000, 1.000000000000000000, 0.000000000000000000 ) ) ;
#7474 = CARTESIAN_POINT ( 'NONE',  ( 1.444102009376371010, 1.129588042425304861, -1.446561046061355160 ) ) ;
#7475 = CARTESIAN_POINT ( 'NONE',  ( 1.492848931192670481, 0.8234268417043898447, 1.663815816565934691 ) ) ;
#7476 = EDGE_LOOP ( 'NONE', ( #10433, #1958, #370, #8470, #5371, #8875 ) ) ;
#7477 = CARTESIAN_POINT ( 'NONE',  ( 0.9885401824799998627, 1.128466634729999862, -1.789142091419999803 ) ) ;
#7478 = DIRECTION ( 'NONE',  ( -0.000000000000000000, -1.000000000000000000, -0.000000000000000000 ) ) ;
#7479 = LINE ( 'NONE', #8903, #3644 ) ;
#7480 = CARTESIAN_POINT ( 'NONE',  ( -1.281560088309999790, 1.200000060600000085, -1.427157584920000000 ) ) ;
#7481 = VERTEX_POINT ( 'NONE', #6374 ) ;
#7482 = ORIENTED_EDGE ( 'NONE', *, *, #9953, .T. ) ;
#7483 = CARTESIAN_POINT ( 'NONE',  ( -1.553677007939999966, 1.200000020279999857, 1.121488059839999885 ) ) ;
#7484 = CARTESIAN_POINT ( 'NONE',  ( 0.8785042870000000503, 0.6450000000000001288, 2.348692979999999597 ) ) ;
#7485 = EDGE_CURVE ( 'NONE', #5904, #8439, #2190, .T. ) ;
#7486 = EDGE_CURVE ( 'NONE', #10644, #8355, #9203, .T. ) ;
#7487 = CARTESIAN_POINT ( 'NONE',  ( 0.000000000000000000, 2.985561945000001938, -2.299999999999999822 ) ) ;
#7488 = EDGE_CURVE ( 'NONE', #7170, #3700, #8883, .T. ) ;
#7489 = ORIENTED_EDGE ( 'NONE', *, *, #2115, .T. ) ;
#7490 = CARTESIAN_POINT ( 'NONE',  ( 2.323172694999999788, 0.7002549249999999725, -0.9551237409999999706 ) ) ;
#7491 = ORIENTED_EDGE ( 'NONE', *, *, #3789, .T. ) ;
#7492 = VECTOR ( 'NONE', #632, 1000.000000000000000 ) ;
#7493 = ORIENTED_EDGE ( 'NONE', *, *, #8182, .F. ) ;
#7494 = ORIENTED_EDGE ( 'NONE', *, *, #2400, .T. ) ;
#7495 = DIRECTION ( 'NONE',  ( -0.000000000000000000, -0.000000000000000000, 1.000000000000000000 ) ) ;
#7496 = DIRECTION ( 'NONE',  ( 0.000000000000000000, -0.000000000000000000, -1.000000000000000000 ) ) ;
#7497 = DIRECTION ( 'NONE',  ( 0.000000000000000000, 0.000000000000000000, 1.000000000000000000 ) ) ;
#7498 = CARTESIAN_POINT ( 'NONE',  ( 1.942102885177108273, 0.8233164494204670003, -1.106843105546291950 ) ) ;
#7499 = EDGE_CURVE ( 'NONE', #7518, #424, #7198, .T. ) ;
#7500 = VECTOR ( 'NONE', #3928, 1000.000000000000000 ) ;
#7501 = CARTESIAN_POINT ( 'NONE',  ( 0.9735905004974716448, 0.6977403340003766052, -2.309054266712550429 ) ) ;
#7502 = CARTESIAN_POINT ( 'NONE',  ( 1.695697846000000064, 1.199997961000000224, -0.9974854899999999747 ) ) ;
#7503 = ORIENTED_EDGE ( 'NONE', *, *, #463, .T. ) ;
#7504 = CARTESIAN_POINT ( 'NONE',  ( -1.012479086999999778, 1.128963536000000323, -1.775631907999999815 ) ) ;
#7505 = ORIENTED_EDGE ( 'NONE', *, *, #7350, .F. ) ;
#7506 = AXIS2_PLACEMENT_3D ( 'NONE', #2622, #53, #5038 ) ;
#7507 = CARTESIAN_POINT ( 'NONE',  ( 0.8916295004489533937, 1.199999999999464384, -1.696049906675774377 ) ) ;
#7508 = CARTESIAN_POINT ( 'NONE',  ( -0.1500000000000000222, 0.09162702700000002753, -2.307759939999999954 ) ) ;
#7509 = FACE_OUTER_BOUND ( 'NONE', #3398, .T. ) ;
#7510 = DIRECTION ( 'NONE',  ( -1.000000000000000000, 0.000000000000000000, -0.000000000000000000 ) ) ;
#7511 = EDGE_CURVE ( 'NONE', #6870, #2386, #2405, .T. ) ;
#7512 = LINE ( 'NONE', #6533, #5978 ) ;
#7513 = AXIS2_PLACEMENT_3D ( 'NONE', #3440, #9318, #8494 ) ;
#7514 = ORIENTED_EDGE ( 'NONE', *, *, #3556, .F. ) ;
#7515 = CARTESIAN_POINT ( 'NONE',  ( 1.738795874999999880, 1.172195644000000092, 1.022712500000000135 ) ) ;
#7516 = DIRECTION ( 'NONE',  ( -0.000000000000000000, -1.000000000000000000, -0.000000000000000000 ) ) ;
#7517 = CARTESIAN_POINT ( 'NONE',  ( 2.295911158090853110, 0.6500000000000001332, 0.9608144526041894062 ) ) ;
#7518 = VERTEX_POINT ( 'NONE', #4990 ) ;
#7519 = CARTESIAN_POINT ( 'NONE',  ( 0.1879012305187806320, 1.199999999999999956, -1.189635733468688894 ) ) ;
#7520 = CARTESIAN_POINT ( 'NONE',  ( -1.399999999792592487, 0.7000000000000000666, -2.174999999999999822 ) ) ;
#7521 = CARTESIAN_POINT ( 'NONE',  ( 1.750000000000000000, 0.6400000000000001243, 1.750000000000000000 ) ) ;
#7522 = ORIENTED_EDGE ( 'NONE', *, *, #10535, .T. ) ;
#7523 = PLANE ( 'NONE',  #10660 ) ;
#7524 = CARTESIAN_POINT ( 'NONE',  ( 2.349999999999999645, 0.6500000000000005773, -1.249999999999999778 ) ) ;
#7525 = CARTESIAN_POINT ( 'NONE',  ( -0.9705326233572116879, 0.6970682417000412245, 2.311207405014676919 ) ) ;
#7526 = VECTOR ( 'NONE', #2600, 1000.000000000000000 ) ;
#7527 = ADVANCED_FACE ( 'NONE', ( #9100 ), #7459, .T. ) ;
#7528 = CARTESIAN_POINT ( 'NONE',  ( -1.543715557132336214, 0.6400000000000001243, -1.532177300010359788 ) ) ;
#7529 = CARTESIAN_POINT ( 'NONE',  ( -0.6000000000000000888, 0.1990446145220338137, -2.449999999999999734 ) ) ;
#7530 = CYLINDRICAL_SURFACE ( 'NONE', #8539, 0.05000000000000012768 ) ;
#7531 = ORIENTED_EDGE ( 'NONE', *, *, #52, .T. ) ;
#7532 = VECTOR ( 'NONE', #7697, 1000.000000000000000 ) ;
#7533 = CARTESIAN_POINT ( 'NONE',  ( 1.059782311049999981, 1.128648006390000180, -1.747948215350000556 ) ) ;
#7534 = CARTESIAN_POINT ( 'NONE',  ( 1.158750626874177847, 1.199999999999999956, 0.3160892460916079894 ) ) ;
#7535 = CARTESIAN_POINT ( 'NONE',  ( -0.9710765684491917682, 0.6971843866595615058, -2.310823481319279615 ) ) ;
#7536 = CARTESIAN_POINT ( 'NONE',  ( -1.724802817999999904, 1.172221084000000024, -1.045808147999999882 ) ) ;
#7537 = EDGE_CURVE ( 'NONE', #2980, #8639, #1589, .T. ) ;
#7538 = VERTEX_POINT ( 'NONE', #7354 ) ;
#7539 = ORIENTED_EDGE ( 'NONE', *, *, #1002, .F. ) ;
#7540 = CARTESIAN_POINT ( 'NONE',  ( -1.594319621663800479, 1.128210329295000092, 1.284997932547400357 ) ) ;
#7541 = CARTESIAN_POINT ( 'NONE',  ( 0.1500470647782431444, 0.1910185357938846695, 2.309094886357211607 ) ) ;
#7542 = CARTESIAN_POINT ( 'NONE',  ( 0.9184499900000000494, 0.6750097260000001986, 2.349202828999999326 ) ) ;
#7543 = VECTOR ( 'NONE', #8566, 1000.000000000000000 ) ;
#7544 = CARTESIAN_POINT ( 'NONE',  ( 1.951236922321868850, 0.8091679293083962055, 1.110305041671566961 ) ) ;
#7545 = VERTEX_POINT ( 'NONE', #2352 ) ;
#7546 = CARTESIAN_POINT ( 'NONE',  ( -2.345506296771353583, 0.6627693498056550503, 0.9030303993484076752 ) ) ;
#7547 = VECTOR ( 'NONE', #5930, 1000.000000000000000 ) ;
#7548 = ORIENTED_EDGE ( 'NONE', *, *, #8954, .T. ) ;
#7549 = AXIS2_PLACEMENT_3D ( 'NONE', #6426, #8938, #8013 ) ;
#7550 = EDGE_CURVE ( 'NONE', #6193, #7830, #1236, .T. ) ;
#7551 = ORIENTED_EDGE ( 'NONE', *, *, #10707, .F. ) ;
#7552 = ADVANCED_FACE ( 'NONE', ( #1641 ), #8284, .T. ) ;
#7553 = VERTEX_POINT ( 'NONE', #5718 ) ;
#7554 = CARTESIAN_POINT ( 'NONE',  ( 2.349999999999999645, 0.04999999999999998196, -0.2000000000000000111 ) ) ;
#7555 = DIRECTION ( 'NONE',  ( 1.000000000000000000, 0.000000000000000000, -0.000000000000000000 ) ) ;
#7556 = CARTESIAN_POINT ( 'NONE',  ( 0.06779059121154457079, 0.3500000000063529515, 2.449999999999999734 ) ) ;
#7557 = CARTESIAN_POINT ( 'NONE',  ( -2.323172694999999788, 0.7002549249999999725, -0.9551237409999999706 ) ) ;
#7558 = AXIS2_PLACEMENT_3D ( 'NONE', #1517, #6461, #5700 ) ;
#7559 = VECTOR ( 'NONE', #5918, 1000.000000000000000 ) ;
#7560 = CARTESIAN_POINT ( 'NONE',  ( 0.9675224581248178524, 0.6962915264060852705, -2.313292004706128946 ) ) ;
#7561 = CARTESIAN_POINT ( 'NONE',  ( 1.583906964999999945, 1.199999999999999956, -1.080356770000000077 ) ) ;
#7562 = ORIENTED_EDGE ( 'NONE', *, *, #10432, .F. ) ;
#7563 = CARTESIAN_POINT ( 'NONE',  ( -0.9038745220000000691, 1.172051403000000214, -1.803155066000000195 ) ) ;
#7564 = EDGE_CURVE ( 'NONE', #4916, #3437, #7512, .T. ) ;
#7565 = VERTEX_POINT ( 'NONE', #3286 ) ;
#7566 = VECTOR ( 'NONE', #7495, 1000.000000000000000 ) ;
#7567 = CARTESIAN_POINT ( 'NONE',  ( 2.449999999999999734, 0.3500000000000000333, -1.250000000000000000 ) ) ;
#7568 = CARTESIAN_POINT ( 'NONE',  ( 2.348376725449191404, 0.6479961992570864027, -0.8825526759612977168 ) ) ;
#7569 = CARTESIAN_POINT ( 'NONE',  ( 1.600000000000000089, 0.3999999999999999667, 2.405681128000001667 ) ) ;
#7570 = CARTESIAN_POINT ( 'NONE',  ( 1.532177300023703781, 0.6400000000000001243, -1.543715557119274218 ) ) ;
#7571 = CARTESIAN_POINT ( 'NONE',  ( 2.339390890282558644, 0.6752524483015583945, 0.9218181254228380306 ) ) ;
#7572 = VECTOR ( 'NONE', #7793, 1000.000000000000000 ) ;
#7573 = DIRECTION ( 'NONE',  ( 0.000000000000000000, 0.000000000000000000, -1.000000000000000000 ) ) ;
#7574 = EDGE_LOOP ( 'NONE', ( #9525, #8307, #6696, #3483 ) ) ;
#7575 = CARTESIAN_POINT ( 'NONE',  ( 1.553277267170600107, 1.200000040965599757, 1.121158840800199785 ) ) ;
#7576 = CARTESIAN_POINT ( 'NONE',  ( -1.959568014000000025, 0.8089859220000000795, -1.094267566000000302 ) ) ;
#7577 = CARTESIAN_POINT ( 'NONE',  ( -1.942103853638844857, 0.8233140778840664087, -1.106845740442097714 ) ) ;
#7578 = ORIENTED_EDGE ( 'NONE', *, *, #5976, .T. ) ;
#7579 = DIRECTION ( 'NONE',  ( -0.000000000000000000, 7.228014483236698528E-16, -1.000000000000000000 ) ) ;
#7580 = CARTESIAN_POINT ( 'NONE',  ( 1.399999999861728295, 0.7999999999999999334, -2.399999999999999911 ) ) ;
#7581 = ADVANCED_FACE ( 'NONE', ( #10694 ), #5044, .T. ) ;
#7582 = DIRECTION ( 'NONE',  ( -0.000000000000000000, 2.168404344971021884E-15, -1.000000000000000000 ) ) ;
#7583 = ORIENTED_EDGE ( 'NONE', *, *, #1924, .F. ) ;
#7584 = CARTESIAN_POINT ( 'NONE',  ( 0.6000000000000000888, 0.8000000000000000444, -2.250000000000001776 ) ) ;
#7585 = CARTESIAN_POINT ( 'NONE',  ( -0.3000000000000000444, 0.1799999999999999933, 0.5000000000371094266 ) ) ;
#7586 = CARTESIAN_POINT ( 'NONE',  ( 1.102127804942468758, 0.8324359388526573200, -1.937836514151534351 ) ) ;
#7587 = CARTESIAN_POINT ( 'NONE',  ( 0.8585874778820000719, 1.200000020704999892, 1.712340592552499929 ) ) ;
#7588 = CARTESIAN_POINT ( 'NONE',  ( -0.6000000000000000888, 0.09018804801634790203, -2.341696666644239588 ) ) ;
#7589 = CARTESIAN_POINT ( 'NONE',  ( 0.1445161610294539989, 0.2401880479907760602, 2.349999999999999645 ) ) ;
#7590 = ORIENTED_EDGE ( 'NONE', *, *, #10015, .F. ) ;
#7591 = CARTESIAN_POINT ( 'NONE',  ( 0.8815400110000001233, 1.199997949999999980, -1.758367868000000112 ) ) ;
#7592 = CARTESIAN_POINT ( 'NONE',  ( 2.293438055003957921, 0.7000000000000005107, 0.9950587358843001606 ) ) ;
#7593 = ADVANCED_FACE ( 'NONE', ( #9208 ), #8335, .T. ) ;
#7594 = CARTESIAN_POINT ( 'NONE',  ( -0.9729208971596631228, 0.6975944332212010712, -2.309526112500540407 ) ) ;
#7595 = CARTESIAN_POINT ( 'NONE',  ( -1.721672806999999805, 1.199997956999999893, -0.9514514940000000642 ) ) ;
#7596 = ORIENTED_EDGE ( 'NONE', *, *, #1604, .T. ) ;
#7597 = ORIENTED_EDGE ( 'NONE', *, *, #72, .T. ) ;
#7598 = CARTESIAN_POINT ( 'NONE',  ( -1.719360979999999817, 1.129190861999999962, 1.106479049999999908 ) ) ;
#7599 = DIRECTION ( 'NONE',  ( 0.000000000000000000, 0.000000000000000000, 1.000000000000000000 ) ) ;
#7600 = CARTESIAN_POINT ( 'NONE',  ( 0.9558291580000002341, 0.6666666670000001016, 2.305050343999999640 ) ) ;
#7601 = CARTESIAN_POINT ( 'NONE',  ( 1.967800006791315726, 0.8000022975762071109, 1.113717238575616664 ) ) ;
#7602 = ORIENTED_EDGE ( 'NONE', *, *, #2159, .T. ) ;
#7603 = DIRECTION ( 'NONE',  ( 0.000000000000000000, 0.000000000000000000, 1.000000000000000000 ) ) ;
#7604 = ORIENTED_EDGE ( 'NONE', *, *, #1970, .T. ) ;
#7605 = ORIENTED_EDGE ( 'NONE', *, *, #5737, .F. ) ;
#7606 = VERTEX_POINT ( 'NONE', #880 ) ;
#7607 = CARTESIAN_POINT ( 'NONE',  ( 0.6000000000000000888, 0.7000000000000000666, -2.250000000000001776 ) ) ;
#7608 = CARTESIAN_POINT ( 'NONE',  ( -0.3008942924808832853, 1.200000000000000178, -1.171721362859939664 ) ) ;
#7609 = CARTESIAN_POINT ( 'NONE',  ( 0.1265827859907519282, 0.3046764380921973547, 2.449999999999999734 ) ) ;
#7610 = CARTESIAN_POINT ( 'NONE',  ( -1.317151282122252409, 1.129272700271658936, 1.562888776435251481 ) ) ;
#7611 = ADVANCED_FACE ( 'NONE', ( #1532 ), #4883, .T. ) ;
#7612 = EDGE_CURVE ( 'NONE', #10695, #6752, #5830, .T. ) ;
#7613 = CARTESIAN_POINT ( 'NONE',  ( 0.9888429541547659740, 0.6998200189223594547, -2.298029412307892816 ) ) ;
#7614 = CARTESIAN_POINT ( 'NONE',  ( 1.719812088519999893, 1.128329239579999976, -1.106768285699999854 ) ) ;
#7615 = ORIENTED_EDGE ( 'NONE', *, *, #2315, .T. ) ;
#7616 = CARTESIAN_POINT ( 'NONE',  ( -0.9490298995999999487, 1.200000040820000002, -1.663824764759999741 ) ) ;
#7617 = ORIENTED_EDGE ( 'NONE', *, *, #5223, .T. ) ;
#7618 = CARTESIAN_POINT ( 'NONE',  ( 0.000000000000000000, 0.6500000000000001332, 0.000000000000000000 ) ) ;
#7619 = CARTESIAN_POINT ( 'NONE',  ( 0.000000000000000000, 0.09018804800000002064, -1.620188048000001046 ) ) ;
#7620 = CARTESIAN_POINT ( 'NONE',  ( -1.100000000000000533, 1.399999999999999911, -2.199999999999999734 ) ) ;
#7621 = CARTESIAN_POINT ( 'NONE',  ( -0.1481698020000000171, 0.1917632950000000558, -2.444201007000000203 ) ) ;
#7622 = EDGE_CURVE ( 'NONE', #8401, #5126, #823, .T. ) ;
#7623 = VECTOR ( 'NONE', #9689, 1000.000000000000000 ) ;
#7624 = ADVANCED_FACE ( 'NONE', ( #10082 ), #4058, .F. ) ;
#7625 = CARTESIAN_POINT ( 'NONE',  ( 2.345399337358717862, 0.6630284534984240974, 0.9034083190249502238 ) ) ;
#7626 = DIRECTION ( 'NONE',  ( -1.000000000000000000, 0.000000000000000000, 0.000000000000000000 ) ) ;
#7627 = ORIENTED_EDGE ( 'NONE', *, *, #7652, .F. ) ;
#7628 = CARTESIAN_POINT ( 'NONE',  ( 1.658065775530000785, 1.128070057059999964, 1.196581329799999871 ) ) ;
#7629 = CARTESIAN_POINT ( 'NONE',  ( -1.951655397646538281, 0.8232097569238975288, -1.089760710734160698 ) ) ;
#7630 = EDGE_LOOP ( 'NONE', ( #1204, #5136, #7788, #6071 ) ) ;
#7631 = CARTESIAN_POINT ( 'NONE',  ( -2.299999999999999822, 0.000000000000000000, 2.100000000000000089 ) ) ;
#7632 = FACE_BOUND ( 'NONE', #8450, .T. ) ;
#7633 = LINE ( 'NONE', #5163, #10080 ) ;
#7634 = ORIENTED_EDGE ( 'NONE', *, *, #9458, .T. ) ;
#7635 = CARTESIAN_POINT ( 'NONE',  ( 0.000000000000000000, 0.7000000000000005107, 0.000000000000000000 ) ) ;
#7636 = VECTOR ( 'NONE', #4792, 1000.000000000000000 ) ;
#7637 = CARTESIAN_POINT ( 'NONE',  ( -1.942103853638844857, 0.8233140778840664087, -1.106845740442097714 ) ) ;
#7638 = DIRECTION ( 'NONE',  ( 8.881784197001252323E-16, 0.000000000000000000, -1.000000000000000000 ) ) ;
#7639 = EDGE_CURVE ( 'NONE', #7715, #8409, #1479, .T. ) ;
#7640 = CARTESIAN_POINT ( 'NONE',  ( 0.4191798748340665459, 0.1901880480000001095, 1.644762142633308333 ) ) ;
#7641 = CARTESIAN_POINT ( 'NONE',  ( 0.7250000000000000888, 0.000000000000000000, 1.350000000000000089 ) ) ;
#7642 = CARTESIAN_POINT ( 'NONE',  ( 1.003155634324387258, 1.128295320514461242, -1.782081111775294824 ) ) ;
#7643 = CARTESIAN_POINT ( 'NONE',  ( 0.1417832580000000231, 0.2401880480000000151, 2.299999999999999822 ) ) ;
#7644 = ORIENTED_EDGE ( 'NONE', *, *, #9620, .F. ) ;
#7645 = CARTESIAN_POINT ( 'NONE',  ( 1.870277125535255935, 1.012578220469466439, -0.9892171830111443631 ) ) ;
#7646 = DIRECTION ( 'NONE',  ( 0.000000000000000000, -1.000000000000000000, 0.000000000000000000 ) ) ;
#7647 = CARTESIAN_POINT ( 'NONE',  ( -0.9692328394393630031, 0.6967381780403423264, -2.312109535728100074 ) ) ;
#7648 = CARTESIAN_POINT ( 'NONE',  ( -1.700442918759999644, 1.200000041240000037, -0.8813006070400004610 ) ) ;
#7649 = EDGE_LOOP ( 'NONE', ( #7493, #3907, #6171, #6293 ) ) ;
#7650 = CARTESIAN_POINT ( 'NONE',  ( -1.657611797377800844, 1.128925593362899882, 1.196298873465000412 ) ) ;
#7651 = CARTESIAN_POINT ( 'NONE',  ( 2.300000000000000711, 0.6477454906227131382, -0.9108179585795712629 ) ) ;
#7652 = EDGE_CURVE ( 'NONE', #3429, #9363, #8174, .T. ) ;
#7653 = LINE ( 'NONE', #6522, #1596 ) ;
#7654 = CARTESIAN_POINT ( 'NONE',  ( -1.942103571128826811, 0.8233152902040442589, 1.106843478249420309 ) ) ;
#7655 = ORIENTED_EDGE ( 'NONE', *, *, #2852, .F. ) ;
#7656 = CARTESIAN_POINT ( 'NONE',  ( -2.100000000000000089, 0.000000000000000000, -2.299999999999999822 ) ) ;
#7657 = ORIENTED_EDGE ( 'NONE', *, *, #5077, .F. ) ;
#7658 = ORIENTED_EDGE ( 'NONE', *, *, #10295, .F. ) ;
#7659 = ORIENTED_EDGE ( 'NONE', *, *, #4326, .T. ) ;
#7660 = FACE_OUTER_BOUND ( 'NONE', #10201, .T. ) ;
#7661 = B_SPLINE_CURVE_WITH_KNOTS ( 'NONE', 3,
 ( #4761, #9686, #4704, #8977 ),
 .UNSPECIFIED., .F., .F.,
 ( 4, 4 ),
 ( 0.000000000000000000, 1.000000000000000000 ),
 .UNSPECIFIED. ) ;
#7662 = CARTESIAN_POINT ( 'NONE',  ( -0.4801489334972892098, 1.200000000000000178, -1.099918486008456764 ) ) ;
#7663 = CARTESIAN_POINT ( 'NONE',  ( -2.100000000003846345, 0.6500000000000001332, 2.299999999999999822 ) ) ;
#7664 = CARTESIAN_POINT ( 'NONE',  ( -2.348947903999999642, 0.6450000000000001288, -0.8785042870000000503 ) ) ;
#7665 = EDGE_CURVE ( 'NONE', #1024, #8625, #6861, .T. ) ;
#7666 = CARTESIAN_POINT ( 'NONE',  ( 0.9857347650157305408, 0.6995693828765869871, -2.300307003425232644 ) ) ;
#7667 = VECTOR ( 'NONE', #7196, 1000.000000000000000 ) ;
#7668 = CARTESIAN_POINT ( 'NONE',  ( 1.638163144843600261, 1.200000020573700033, -0.9935114560531999039 ) ) ;
#7669 = EDGE_LOOP ( 'NONE', ( #7916, #5548, #8116, #4280, #3098, #1563, #8963, #10288, #8519, #2618, #5460, #10730, #7803, #2577, #243, #805 ) ) ;
#7670 = CARTESIAN_POINT ( 'NONE',  ( -1.349655612999999921, 1.172453108000000244, -1.503058841000000090 ) ) ;
#7671 = ORIENTED_EDGE ( 'NONE', *, *, #1512, .F. ) ;
#7672 = DIRECTION ( 'NONE',  ( 0.000000000000000000, -0.000000000000000000, -1.000000000000000000 ) ) ;
#7673 = EDGE_CURVE ( 'NONE', #2655, #751, #5933, .T. ) ;
#7674 = CARTESIAN_POINT ( 'NONE',  ( 1.683555796128447746, 1.199999999998399902, 0.9152463813546206639 ) ) ;
#7675 = AXIS2_PLACEMENT_3D ( 'NONE', #2725, #6900, #2876 ) ;
#7676 = CARTESIAN_POINT ( 'NONE',  ( 1.823793532256998917, 1.128616006862366072, -0.9223948601558882299 ) ) ;
#7677 = CARTESIAN_POINT ( 'NONE',  ( -0.07233885076851925833, 0.1901880480000000817, -2.177449458024759643 ) ) ;
#7678 = CARTESIAN_POINT ( 'NONE',  ( 2.347230240280781643, 0.6564831437731516450, 0.8941831851299518741 ) ) ;
#7679 = LINE ( 'NONE', #3612, #10170 ) ;
#7680 = ORIENTED_EDGE ( 'NONE', *, *, #8626, .T. ) ;
#7681 = CARTESIAN_POINT ( 'NONE',  ( 1.724802817999999904, 1.172221084000000024, 1.045808147999999882 ) ) ;
#7682 = CARTESIAN_POINT ( 'NONE',  ( -1.089707823468321735, 0.8233781988957304954, -1.951561418293076500 ) ) ;
#7683 = EDGE_LOOP ( 'NONE', ( #4745, #9475, #5788, #3884, #7539 ) ) ;
#7684 = AXIS2_PLACEMENT_3D ( 'NONE', #479, #7784, #1908 ) ;
#7685 = LINE ( 'NONE', #3564, #4771 ) ;
#7686 = DIRECTION ( 'NONE',  ( 0.000000000000000000, -1.000000000000000000, 0.000000000000000000 ) ) ;
#7687 = LINE ( 'NONE', #4173, #5193 ) ;
#7688 = ORIENTED_EDGE ( 'NONE', *, *, #4389, .T. ) ;
#7689 = CARTESIAN_POINT ( 'NONE',  ( 1.942102885177108273, 0.8233164494204670003, -1.106843105546291950 ) ) ;
#7690 = EDGE_CURVE ( 'NONE', #4497, #968, #1965, .T. ) ;
#7691 = ADVANCED_FACE ( 'NONE', ( #1857 ), #226, .T. ) ;
#7692 = PLANE ( 'NONE',  #7053 ) ;
#7693 = CARTESIAN_POINT ( 'NONE',  ( -0.9862173291291659316, 0.6996126539055084192, 2.299954037918731320 ) ) ;
#7694 = VECTOR ( 'NONE', #9095, 1000.000000000000000 ) ;
#7695 = CARTESIAN_POINT ( 'NONE',  ( 0.6000000000000000888, 0.1901880480000001372, 1.837901181016629026 ) ) ;
#7696 = CARTESIAN_POINT ( 'NONE',  ( 0.8815260113554000965, 1.200000020826199831, 1.700895457004099942 ) ) ;
#7697 = DIRECTION ( 'NONE',  ( 0.000000000000000000, 1.000000000000000000, 4.517509052022935347E-17 ) ) ;
#7698 = DIRECTION ( 'NONE',  ( 0.000000000000000000, -1.000000000000000000, 0.000000000000000000 ) ) ;
#7699 = VERTEX_POINT ( 'NONE', #5989 ) ;
#7700 = DIRECTION ( 'NONE',  ( -0.000000000000000000, -1.000000000000000000, 0.000000000000000000 ) ) ;
#7701 = CARTESIAN_POINT ( 'NONE',  ( -1.282574755646122222, 1.199999999999961542, -1.428288562720187116 ) ) ;
#7702 = CIRCLE ( 'NONE', #2435, 0.09999999999999982514 ) ;
#7703 = CARTESIAN_POINT ( 'NONE',  ( -0.9554221316656110741, 0.6923897454586966926, -2.321360796137230231 ) ) ;
#7704 = CARTESIAN_POINT ( 'NONE',  ( -1.775864678151099607, 1.128527180519799833, -1.012616477347999977 ) ) ;
#7705 = VERTEX_POINT ( 'NONE', #8607 ) ;
#7706 = EDGE_CURVE ( 'NONE', #59, #1043, #8594, .T. ) ;
#7707 = CARTESIAN_POINT ( 'NONE',  ( -1.282535790999999925, 1.199999999999999956, 1.428323517999999792 ) ) ;
#7708 = CARTESIAN_POINT ( 'NONE',  ( 0.3000000000153827950, 0.09018804799999999289, 1.620188048000000158 ) ) ;
#7709 = CARTESIAN_POINT ( 'NONE',  ( -0.9184339279999998995, 0.6745970970000001454, 2.348438054999999913 ) ) ;
#7710 = CIRCLE ( 'NONE', #9099, 2.174999999999999822 ) ;
#7711 = CARTESIAN_POINT ( 'NONE',  ( 0.9627835577201363515, 0.6949378530485107452, 2.316526383325648641 ) ) ;
#7712 = CARTESIAN_POINT ( 'NONE',  ( 2.100000000000000089, 0.3667742510000000511, -2.500000000000000000 ) ) ;
#7713 = ORIENTED_EDGE ( 'NONE', *, *, #7083, .F. ) ;
#7714 = DIRECTION ( 'NONE',  ( 0.000000000000000000, 1.000000000000000000, 0.000000000000000000 ) ) ;
#7715 = VERTEX_POINT ( 'NONE', #9264 ) ;
#7716 = VERTEX_POINT ( 'NONE', #6041 ) ;
#7717 = ORIENTED_EDGE ( 'NONE', *, *, #8336, .F. ) ;
#7718 = FACE_OUTER_BOUND ( 'NONE', #5853, .T. ) ;
#7719 = AXIS2_PLACEMENT_3D ( 'NONE', #2796, #4553, #9489 ) ;
#7720 = CARTESIAN_POINT ( 'NONE',  ( -1.055282409458863313, 1.200000000000000178, -0.5949446695988835909 ) ) ;
#7721 = PLANE ( 'NONE',  #1711 ) ;
#7722 = CARTESIAN_POINT ( 'NONE',  ( 0.000000000000000000, 0.6500000000000001332, 0.000000000000000000 ) ) ;
#7723 = VECTOR ( 'NONE', #4767, 1000.000000000000000 ) ;
#7724 = EDGE_LOOP ( 'NONE', ( #2670, #4637, #2129, #3948 ) ) ;
#7725 = CARTESIAN_POINT ( 'NONE',  ( -1.196457035930000412, 1.128491401725799870, -1.657831532755600135 ) ) ;
#7726 = ORIENTED_EDGE ( 'NONE', *, *, #7785, .T. ) ;
#7727 = ADVANCED_FACE ( 'NONE', ( #9430 ), #4328, .T. ) ;
#7728 = DIRECTION ( 'NONE',  ( 7.228014483236692611E-16, 0.000000000000000000, 1.000000000000000000 ) ) ;
#7729 = CYLINDRICAL_SURFACE ( 'NONE', #5596, 0.1500000000000003830 ) ;
#7730 = AXIS2_PLACEMENT_3D ( 'NONE', #2316, #3191, #839 ) ;
#7731 = CARTESIAN_POINT ( 'NONE',  ( 0.8890463380000004356, 0.6450000000000001288, -2.348438054999999913 ) ) ;
#7732 = VECTOR ( 'NONE', #10172, 1000.000000000000000 ) ;
#7733 = CARTESIAN_POINT ( 'NONE',  ( -1.058578643763010918, 1.499999999999649614, -2.117157287526020948 ) ) ;
#7734 = CARTESIAN_POINT ( 'NONE',  ( -0.03841862232436973890, 0.1901880480000000817, -2.164188047999999753 ) ) ;
#7735 = CARTESIAN_POINT ( 'NONE',  ( 2.328428021515121848, 0.6874568624609410650, 0.9438540832708596229 ) ) ;
#7736 = DIRECTION ( 'NONE',  ( -1.000000000000000000, 0.000000000000000000, 0.000000000000000000 ) ) ;
#7737 = VERTEX_POINT ( 'NONE', #8660 ) ;
#7738 = CARTESIAN_POINT ( 'NONE',  ( 1.611665589727300230, 1.200000020533299905, 1.037400188668999856 ) ) ;
#7739 = CARTESIAN_POINT ( 'NONE',  ( -1.457402880000000067, 0.8000000000000000444, -1.753513805999999953 ) ) ;
#7740 = ORIENTED_EDGE ( 'NONE', *, *, #7082, .T. ) ;
#7741 = AXIS2_PLACEMENT_3D ( 'NONE', #4542, #3762, #7728 ) ;
#7742 = CARTESIAN_POINT ( 'NONE',  ( 0.5999999999999998668, 0.6500000000000001332, 2.299999999999999822 ) ) ;
#7743 = CARTESIAN_POINT ( 'NONE',  ( -2.308440141197189988, 0.6979182943524859795, -0.9744576542199536728 ) ) ;
#7744 = CARTESIAN_POINT ( 'NONE',  ( 0.000000000000000000, 0.6400000000000001243, 0.000000000000000000 ) ) ;
#7745 = FACE_OUTER_BOUND ( 'NONE', #773, .T. ) ;
#7746 = CARTESIAN_POINT ( 'NONE',  ( -2.299999999999998934, 0.6477454905826838250, -0.9108179582266068275 ) ) ;
#7747 = DIRECTION ( 'NONE',  ( -0.000000000000000000, -1.000000000000000000, 0.000000000000000000 ) ) ;
#7748 = VECTOR ( 'NONE', #7700, 1000.000000000000000 ) ;
#7749 = CARTESIAN_POINT ( 'NONE',  ( -0.6000000000000000888, 0.6500000000000001332, -2.349999999999999645 ) ) ;
#7750 = EDGE_CURVE ( 'NONE', #5639, #8675, #1808, .T. ) ;
#7751 = EDGE_CURVE ( 'NONE', #1033, #4332, #2738, .T. ) ;
#7752 = FACE_OUTER_BOUND ( 'NONE', #6132, .T. ) ;
#7753 = DIRECTION ( 'NONE',  ( 1.000000000000000000, -0.000000000000000000, 0.000000000000000000 ) ) ;
#7754 = CARTESIAN_POINT ( 'NONE',  ( 2.349202828999999326, 0.6450000000000001288, 0.8785042870000000503 ) ) ;
#7755 = VERTEX_POINT ( 'NONE', #10200 ) ;
#7756 = CARTESIAN_POINT ( 'NONE',  ( 0.9159177402800000589, 1.128274801290000129, -1.827305804489999685 ) ) ;
#7757 = DIRECTION ( 'NONE',  ( 2.891205793294677044E-15, 0.000000000000000000, 1.000000000000000000 ) ) ;
#7758 = CARTESIAN_POINT ( 'NONE',  ( -0.9664682027989756063, 0.6960089780210696464, -2.314018341136157897 ) ) ;
#7759 = CARTESIAN_POINT ( 'NONE',  ( -1.676226186799999907, 1.200000040859999784, -0.9264689318400005646 ) ) ;
#7760 = ORIENTED_EDGE ( 'NONE', *, *, #7751, .T. ) ;
#7761 = CARTESIAN_POINT ( 'NONE',  ( -1.080333851999999872, 1.199999999999999956, 1.583922345999999814 ) ) ;
#7762 = PLANE ( 'NONE',  #1738 ) ;
#7763 = CARTESIAN_POINT ( 'NONE',  ( -1.541733064375070628, 1.129533588828373958, -1.342014861415251392 ) ) ;
#7764 = EDGE_CURVE ( 'NONE', #1614, #10009, #4496, .T. ) ;
#7765 = PLANE ( 'NONE',  #2989 ) ;
#7766 = CARTESIAN_POINT ( 'NONE',  ( 1.100000000000000089, 1.458578643762412641, 2.199999999999999734 ) ) ;
#7767 = ORIENTED_EDGE ( 'NONE', *, *, #9816, .T. ) ;
#7768 = LINE ( 'NONE', #2823, #10064 ) ;
#7769 = ORIENTED_EDGE ( 'NONE', *, *, #1885, .F. ) ;
#7770 = VERTEX_POINT ( 'NONE', #1911 ) ;
#7771 = DIRECTION ( 'NONE',  ( 0.000000000000000000, 0.000000000000000000, 1.000000000000000000 ) ) ;
#7772 = CARTESIAN_POINT ( 'NONE',  ( -0.1493274900000000349, 0.09018804800000002064, -2.299999999999999822 ) ) ;
#7773 = CARTESIAN_POINT ( 'NONE',  ( 2.293438055024036526, 0.6500000000000001332, -0.9950587358913123293 ) ) ;
#7774 = EDGE_CURVE ( 'NONE', #6356, #7980, #535, .T. ) ;
#7775 = CARTESIAN_POINT ( 'NONE',  ( 1.453869131827234540, 1.129588104336172849, 1.436743473051392606 ) ) ;
#7776 = LINE ( 'NONE', #2471, #1183 ) ;
#7777 = ORIENTED_EDGE ( 'NONE', *, *, #8771, .F. ) ;
#7778 = CARTESIAN_POINT ( 'NONE',  ( -1.079501467839999895, 1.200000060899999887, -1.582648837599999858 ) ) ;
#7779 = ORIENTED_EDGE ( 'NONE', *, *, #4264, .F. ) ;
#7780 = LINE ( 'NONE', #6144, #3699 ) ;
#7781 = CARTESIAN_POINT ( 'NONE',  ( 1.000000000000000000, 0.7000000000000000666, -2.399999999999999911 ) ) ;
#7782 = LINE ( 'NONE', #9577, #9622 ) ;
#7783 = DIRECTION ( 'NONE',  ( 1.000000000000000000, 0.000000000000000000, 0.000000000000000000 ) ) ;
#7784 = DIRECTION ( 'NONE',  ( -1.000000000000000000, 0.000000000000000000, 0.000000000000000000 ) ) ;
#7785 = EDGE_CURVE ( 'NONE', #3856, #4726, #937, .T. ) ;
#7786 = CARTESIAN_POINT ( 'NONE',  ( 2.347618798393562134, 0.6544820214193796115, 0.8914149727803514223 ) ) ;
#7787 = CARTESIAN_POINT ( 'NONE',  ( 0.000000000000000000, 2.985561945000001938, 2.348438055000000357 ) ) ;
#7788 = ORIENTED_EDGE ( 'NONE', *, *, #5250, .T. ) ;
#7789 = CARTESIAN_POINT ( 'NONE',  ( 1.688114884327200249, 1.200000061963500064, 0.9037531101932997357 ) ) ;
#7790 = CARTESIAN_POINT ( 'NONE',  ( 2.297932813446345701, 0.6500000000035016656, -0.9381076011324458452 ) ) ;
#7791 = B_SPLINE_CURVE_WITH_KNOTS ( 'NONE', 3,
 ( #190, #7645, #5954, #3525 ),
 .UNSPECIFIED., .F., .F.,
 ( 4, 4 ),
 ( 0.000000000000000000, 1.000000000000000000 ),
 .UNSPECIFIED. ) ;
#7792 = ORIENTED_EDGE ( 'NONE', *, *, #5545, .T. ) ;
#7793 = DIRECTION ( 'NONE',  ( -0.000000000000000000, 0.9431887185515800409, -0.3322574923113522649 ) ) ;
#7794 = DIRECTION ( 'NONE',  ( 0.000000000000000000, -0.000000000000000000, -1.000000000000000000 ) ) ;
#7795 = DIRECTION ( 'NONE',  ( 0.000000000000000000, 0.000000000000000000, -1.000000000000000000 ) ) ;
#7796 = LINE ( 'NONE', #5166, #7393 ) ;
#7797 = DIRECTION ( 'NONE',  ( -1.000000000000000000, 0.000000000000000000, 0.000000000000000000 ) ) ;
#7798 = VECTOR ( 'NONE', #3086, 1000.000000000000000 ) ;
#7799 = CARTESIAN_POINT ( 'NONE',  ( 1.399999999999999911, 0.8000000000000000444, -2.174999999999999822 ) ) ;
#7800 = CARTESIAN_POINT ( 'NONE',  ( 1.130538914000000172, 0.8500000000000000888, -1.984650023000000374 ) ) ;
#7801 = FACE_OUTER_BOUND ( 'NONE', #8032, .T. ) ;
#7802 = DIRECTION ( 'NONE',  ( -1.000000000000000000, 0.000000000000000000, 0.000000000000000000 ) ) ;
#7803 = ORIENTED_EDGE ( 'NONE', *, *, #1712, .F. ) ;
#7804 = CARTESIAN_POINT ( 'NONE',  ( 1.110304988455071529, 0.8091680891689789767, -1.951236657273230257 ) ) ;
#7805 = AXIS2_PLACEMENT_3D ( 'NONE', #9331, #7686, #9981 ) ;
#7806 = CARTESIAN_POINT ( 'NONE',  ( -1.266237532000000110, 0.8233475040000000078, 1.844910622000000000 ) ) ;
#7807 = CARTESIAN_POINT ( 'NONE',  ( -0.9113230209342290111, 0.6684487789243035438, -2.343193664298780732 ) ) ;
#7808 = LINE ( 'NONE', #5389, #10069 ) ;
#7809 = EDGE_LOOP ( 'NONE', ( #9077, #6285, #2860, #1642 ) ) ;
#7810 = CARTESIAN_POINT ( 'NONE',  ( -1.349614607000000133, 1.172453096000000139, 1.503095656000000169 ) ) ;
#7811 = LINE ( 'NONE', #7862, #6298 ) ;
#7812 = EDGE_CURVE ( 'NONE', #5904, #8744, #4490, .T. ) ;
#7813 = CARTESIAN_POINT ( 'NONE',  ( 0.000000000000000000, 0.2000000000000000111, -2.349999999999999645 ) ) ;
#7814 = CIRCLE ( 'NONE', #8854, 0.1999999999999996503 ) ;
#7815 = CARTESIAN_POINT ( 'NONE',  ( 0.9609416973293543052, 0.6943491325229977917, 2.317759448474127293 ) ) ;
#7816 = CARTESIAN_POINT ( 'NONE',  ( -0.9184339279999998995, 0.6745970970000001454, -2.348438054999999913 ) ) ;
#7817 = ORIENTED_EDGE ( 'NONE', *, *, #1110, .T. ) ;
#7818 = CARTESIAN_POINT ( 'NONE',  ( 1.180675369000000252, 0.8236602140000001127, -1.899540496000000855 ) ) ;
#7819 = ORIENTED_EDGE ( 'NONE', *, *, #8829, .F. ) ;
#7820 = ORIENTED_EDGE ( 'NONE', *, *, #7449, .T. ) ;
#7821 = FILL_AREA_STYLE ('',( #4476 ) ) ;
#7822 = ADVANCED_FACE ( 'NONE', ( #3558 ), #1149, .T. ) ;
#7823 = CARTESIAN_POINT ( 'NONE',  ( -1.984642722803181547, 0.8000000000929995414, -1.117129161346417821 ) ) ;
#7824 = EDGE_CURVE ( 'NONE', #9409, #7438, #7679, .T. ) ;
#7825 = DIRECTION ( 'NONE',  ( 1.000000000000000000, 0.000000000000000000, -0.000000000000000000 ) ) ;
#7826 = CARTESIAN_POINT ( 'NONE',  ( 0.7250000000000001998, 0.1799999999999999933, 0.8500000000000000888 ) ) ;
#7827 = CARTESIAN_POINT ( 'NONE',  ( 0.4063947545420480423, 1.100000000000000089, 1.129303777020060240 ) ) ;
#7828 = VERTEX_POINT ( 'NONE', #329 ) ;
#7829 = CARTESIAN_POINT ( 'NONE',  ( -0.9715611897600001656, 1.200000020389999866, -1.651421587200000207 ) ) ;
#7830 = VERTEX_POINT ( 'NONE', #3665 ) ;
#7831 = CARTESIAN_POINT ( 'NONE',  ( -1.942103853638844857, 0.8233140778840664087, -1.106845740442097714 ) ) ;
#7832 = DIRECTION ( 'NONE',  ( 0.000000000000000000, 0.000000000000000000, 1.000000000000000000 ) ) ;
#7833 = EDGE_CURVE ( 'NONE', #968, #1614, #5155, .T. ) ;
#7834 = DIRECTION ( 'NONE',  ( 0.000000000000000000, 0.000000000000000000, -1.000000000000000000 ) ) ;
#7835 = DIRECTION ( 'NONE',  ( -1.000000000000000000, 0.000000000000000000, -0.000000000000000000 ) ) ;
#7836 = CARTESIAN_POINT ( 'NONE',  ( -0.1501325524556950120, 0.2005336289045328846, -2.373300223695023803 ) ) ;
#7837 = VECTOR ( 'NONE', #5551, 1000.000000000000000 ) ;
#7838 = CARTESIAN_POINT ( 'NONE',  ( 1.100000000000000311, 1.100000000000000089, -9.429780353434621002E-17 ) ) ;
#7839 = DIRECTION ( 'NONE',  ( 0.000000000000000000, 0.000000000000000000, 1.000000000000000000 ) ) ;
#7840 = VERTEX_POINT ( 'NONE', #990 ) ;
#7841 = CARTESIAN_POINT ( 'NONE',  ( 1.734383572000000040, 1.199997954999999950, 0.9283811839999999149 ) ) ;
#7842 = CARTESIAN_POINT ( 'NONE',  ( -1.348077144348471812, 0.8239207059822821755, -1.782633670849904206 ) ) ;
#7843 = ORIENTED_EDGE ( 'NONE', *, *, #9254, .T. ) ;
#7844 = DIRECTION ( 'NONE',  ( 0.000000000000000000, 1.000000000000000000, 0.000000000000000000 ) ) ;
#7845 = LINE ( 'NONE', #336, #442 ) ;
#7846 = CARTESIAN_POINT ( 'NONE',  ( -0.6000000000000000888, 0.3500000000156769375, -2.449999999999999734 ) ) ;
#7847 = AXIS2_PLACEMENT_3D ( 'NONE', #4640, #3806, #10666 ) ;
#7848 = CARTESIAN_POINT ( 'NONE',  ( 2.350000000000000089, 0.04999999999999999584, -0.1999999999999999001 ) ) ;
#7849 = ADVANCED_FACE ( 'NONE', ( #168 ), #4656, .T. ) ;
#7850 = CARTESIAN_POINT ( 'NONE',  ( 2.308225061639622488, 0.6979924103392419754, -0.9747656626536473912 ) ) ;
#7851 = CARTESIAN_POINT ( 'NONE',  ( 0.4744815888780509194, 0.1901880480000000817, 1.674531335077085847 ) ) ;
#7852 = AXIS2_PLACEMENT_3D ( 'NONE', #8305, #4133, #5567 ) ;
#7853 = CARTESIAN_POINT ( 'NONE',  ( 0.9487715341939999547, 1.200000061842300125, 1.663369488156399623 ) ) ;
#7854 = FACE_OUTER_BOUND ( 'NONE', #8492, .T. ) ;
#7855 = PLANE ( 'NONE',  #3456 ) ;
#7856 = ORIENTED_EDGE ( 'NONE', *, *, #853, .F. ) ;
#7857 = CARTESIAN_POINT ( 'NONE',  ( -2.299999999998718625, 0.7000000000000000666, -2.399999999999999911 ) ) ;
#7858 = CARTESIAN_POINT ( 'NONE',  ( -1.446634335999999799, 0.8000000000000000444, 1.740521325999999869 ) ) ;
#7859 = CARTESIAN_POINT ( 'NONE',  ( -2.348438055000000801, 0.6449999999358453362, -1.006999439999999746 ) ) ;
#7860 = CARTESIAN_POINT ( 'NONE',  ( -1.711433884780000136, 1.200000061499999715, -0.8581351366300002947 ) ) ;
#7861 = CARTESIAN_POINT ( 'NONE',  ( -1.152247184294000304, 1.128415206768200063, 1.689709630861200074 ) ) ;
#7862 = CARTESIAN_POINT ( 'NONE',  ( -1.532177299960795658, 0.6500000000000001332, 1.543715557181712716 ) ) ;
#7863 = AXIS2_PLACEMENT_3D ( 'NONE', #3830, #3115, #6471 ) ;
#7864 = CARTESIAN_POINT ( 'NONE',  ( 0.9673896572385153325, 0.6962560071398897765, 2.313383523960417687 ) ) ;
#7865 = CARTESIAN_POINT ( 'NONE',  ( -0.9950587360000001658, 0.7007647740000000347, -2.293438055000000197 ) ) ;
#7866 = ORIENTED_EDGE ( 'NONE', *, *, #4248, .T. ) ;
#7867 = CIRCLE ( 'NONE', #1213, 0.1499999999999999667 ) ;
#7868 = ADVANCED_FACE ( 'NONE', ( #7180 ), #8712, .T. ) ;
#7869 = CARTESIAN_POINT ( 'NONE',  ( 1.663369488156399623, 1.200000061842300125, -0.9487715341939999547 ) ) ;
#7870 = CARTESIAN_POINT ( 'NONE',  ( 1.436031787999999754, 0.8091801469999999608, -1.727754601999999640 ) ) ;
#7871 = EDGE_LOOP ( 'NONE', ( #8275, #4636, #5915, #4673 ) ) ;
#7872 = EDGE_LOOP ( 'NONE', ( #5111, #9975, #1969, #1549, #10542, #9868, #8716, #815 ) ) ;
#7873 = CARTESIAN_POINT ( 'NONE',  ( 0.2879226727952084453, 1.100000000000000089, 1.071369944335146984 ) ) ;
#7874 = CARTESIAN_POINT ( 'NONE',  ( -0.1497758240000000018, 0.1240909100000000126, -2.313295100999999576 ) ) ;
#7875 = CARTESIAN_POINT ( 'NONE',  ( -0.5164326231407860845, 1.199999999999999956, -1.696049940868093575 ) ) ;
#7876 = AXIS2_PLACEMENT_3D ( 'NONE', #5167, #1055, #9169 ) ;
#7877 = B_SPLINE_CURVE_WITH_KNOTS ( 'NONE', 3,
 ( #4172, #5996, #1759, #1814, #5161, #8508, #3235, #2475, #5837, #9164, #1648, #5942, #4998, #4334, #1598, #5109, #66, #6594, #3348, #10090, #8343, #9, #9925, #2413, #5778, #6703, #2580, #9271, #10035, #5887, #9216, #1704, #8455, #10316, #3673, #4391, #3618, #10371, #1209, #3510, #5325, #5270, #9537, #1048, #6868, #10206, #2693, #7743, #2023, #5376, #6047, #6918, #2849, #9379, #233, #6208, #4447, #8717, #7079, #3725, #3565, #391, #10418, #5216 ),
 .UNSPECIFIED., .F., .F.,
 ( 4, 3, 3, 3, 3, 3, 3, 3, 3, 3, 3, 3, 3, 3, 3, 3, 3, 3, 3, 3, 3, 4 ),
 ( 6.459827853219042341E-14, 5.243427552894758481E-05, 5.562034047569745332E-05, 6.199458436919446237E-05, 6.518065042002509947E-05, 7.155490481759203955E-05, 7.474097122743393216E-05, 7.792703752433318342E-05, 8.430128846621099238E-05, 8.748735405526162831E-05, 9.386159002422643179E-05, 9.704765423171408576E-05, 0.0001002337174857718184, 0.0001066079214324429510, 0.0001097939828680221427, 0.0001161681620297962266, 0.0001193542218908055709, 0.0001225402811648906073, 0.0001289144409215916024, 0.0001321005000724856848, 0.0001378106324607074871, 0.0001435286785830292575 ),
 .UNSPECIFIED. ) ;
#7878 = CARTESIAN_POINT ( 'NONE',  ( 1.557407792560893345, 1.129378956143854307, 1.323556251943059481 ) ) ;
#7879 = ADVANCED_FACE ( 'NONE', ( #5482 ), #1203, .T. ) ;
#7880 = CARTESIAN_POINT ( 'NONE',  ( 1.108724791381160202, 1.100000000000000089, 0.4595142239896308767 ) ) ;
#7881 = ADVANCED_FACE ( 'NONE', ( #6254, #7074 ), #482, .T. ) ;
#7882 = ORIENTED_EDGE ( 'NONE', *, *, #4664, .T. ) ;
#7883 = CIRCLE ( 'NONE', #7364, 0.3000000000000001554 ) ;
#7884 = CARTESIAN_POINT ( 'NONE',  ( -1.367783636286100224, 1.129155065439500172, -1.523264864228300874 ) ) ;
#7885 = ORIENTED_EDGE ( 'NONE', *, *, #9365, .T. ) ;
#7886 = ORIENTED_EDGE ( 'NONE', *, *, #10519, .F. ) ;
#7887 = CARTESIAN_POINT ( 'NONE',  ( -2.449999999999999734, 0.3500000000000000333, 1.250000000000000000 ) ) ;
#7888 = FACE_OUTER_BOUND ( 'NONE', #10179, .T. ) ;
#7889 = B_SPLINE_CURVE_WITH_KNOTS ( 'NONE', 3,
 ( #3274, #6017, #10737, #3216 ),
 .UNSPECIFIED., .F., .F.,
 ( 4, 4 ),
 ( 0.000000000000000000, 1.000000000000000000 ),
 .UNSPECIFIED. ) ;
#7890 = CARTESIAN_POINT ( 'NONE',  ( 0.9495315995671016474, 1.199999999998402345, 1.664708831480016915 ) ) ;
#7891 = DIRECTION ( 'NONE',  ( -0.000000000000000000, -0.000000000000000000, -1.000000000000000000 ) ) ;
#7892 = CARTESIAN_POINT ( 'NONE',  ( -0.1417832580000000231, 0.1901880479999998597, -2.300000000058809668 ) ) ;
#7893 = CIRCLE ( 'NONE', #2104, 2.500000000000000000 ) ;
#7894 = CARTESIAN_POINT ( 'NONE',  ( -1.492858631548915183, 0.8234268761265997050, -1.663807091629114554 ) ) ;
#7895 = DIRECTION ( 'NONE',  ( 0.000000000000000000, 0.000000000000000000, -1.000000000000000000 ) ) ;
#7896 = ORIENTED_EDGE ( 'NONE', *, *, #5208, .T. ) ;
#7897 = EDGE_CURVE ( 'NONE', #3559, #4247, #8001, .T. ) ;
#7898 = CARTESIAN_POINT ( 'NONE',  ( 1.816532742179999715, 1.127021352890000161, 0.9392307781200002204 ) ) ;
#7899 = LINE ( 'NONE', #6310, #2973 ) ;
#7900 = ORIENTED_EDGE ( 'NONE', *, *, #3309, .F. ) ;
#7901 = DIRECTION ( 'NONE',  ( 0.000000000000000000, -1.000000000000000000, 0.000000000000000000 ) ) ;
#7902 = CARTESIAN_POINT ( 'NONE',  ( 1.875000000000000000, 0.7000000000000000666, 1.875000000000000000 ) ) ;
#7903 = AXIS2_PLACEMENT_3D ( 'NONE', #1854, #1038, #1963 ) ;
#7904 = VECTOR ( 'NONE', #9795, 1000.000000000000000 ) ;
#7905 = CYLINDRICAL_SURFACE ( 'NONE', #2785, 0.1499999999999999667 ) ;
#7906 = CARTESIAN_POINT ( 'NONE',  ( 0.000000000000000000, 2.985561945000001938, -2.348438054999999913 ) ) ;
#7907 = VECTOR ( 'NONE', #9222, 1000.000000000000000 ) ;
#7908 = CARTESIAN_POINT ( 'NONE',  ( 1.814269429419883561, 1.144098737427893031, -0.9201839211596354318 ) ) ;
#7909 = EDGE_CURVE ( 'NONE', #5819, #9333, #9583, .T. ) ;
#7910 = CARTESIAN_POINT ( 'NONE',  ( 0.9044761839999998498, 1.199999999999999956, 1.689476216999999725 ) ) ;
#7911 = CARTESIAN_POINT ( 'NONE',  ( -0.9058711415920727150, 1.190170596733489683, 1.753964013071836581 ) ) ;
#7912 = CARTESIAN_POINT ( 'NONE',  ( 2.331771387999999945, 0.6450000000000001288, 0.8785042870000000503 ) ) ;
#7913 = ORIENTED_EDGE ( 'NONE', *, *, #2189, .F. ) ;
#7914 = CARTESIAN_POINT ( 'NONE',  ( 0.2999999999203125656, 0.02000000000000000389, -1.750000000000000000 ) ) ;
#7915 = CARTESIAN_POINT ( 'NONE',  ( -1.180569541068788197, 0.8240052061208905654, 1.899354628506797038 ) ) ;
#7916 = ORIENTED_EDGE ( 'NONE', *, *, #2315, .F. ) ;
#7917 = CARTESIAN_POINT ( 'NONE',  ( -0.8919591379713295298, 0.6548785938143704133, -2.347560704492007932 ) ) ;
#7918 = DIRECTION ( 'NONE',  ( 0.000000000000000000, 1.000000000000000000, 0.000000000000000000 ) ) ;
#7919 = B_SPLINE_SURFACE_WITH_KNOTS ( 'NONE', 3, 3, ( 
 ( #10086, #3231, #7576, #3178, #7629, #8452, #8339 ),
 ( #883, #3289, #1535, #4224, #5883, #62, #9211 ),
 ( #6699, #7410, #6644, #2522, #3396, #10031, #1700 ),
 ( #5048, #6590, #6537, #9866, #2355, #9921, #8395 ),
 ( #5721, #2408, #6750, #9050, #5774, #2575, #7462 ),
 ( #5937, #9268, #9104, #1756, #1592, #5105, #4279 ),
 ( #718, #4945, #8287, #771, #4113, #2469, #10807 ),
 ( #9977, #5833, #9160, #1644, #4993, #826, #1045 ),
 ( #7739, #1915, #3507, #5213, #1968, #2847, #8554 ),
 ( #6101, #6864, #5374, #4387, #1811, #3615, #7842 ),
 ( #10257, #5158, #1152, #993, #6969, #8663, #9328 ),
 ( #1101, #171, #10203, #10312, #2021, #5267, #281 ),
 ( #6915, #8505, #5322, #4331, #2741, #7682, #230 ) ),
 .UNSPECIFIED., .F., .F., .F.,
 ( 4, 3, 3, 3, 4 ),
 ( 4, 3, 4 ),
 ( 0.001628345122372170349, 0.001942699881473570339, 0.002257054640574960788, 0.002571409399676350804, 0.002885764158777750794 ),
 ( 0.000000000000000000, 1.000000000000000000, 1.011983932996071811 ),
 .UNSPECIFIED. ) ;
#7920 = CARTESIAN_POINT ( 'NONE',  ( -0.9391140816408000136, 1.127448138352600271, 1.816298887661200290 ) ) ;
#7921 = CARTESIAN_POINT ( 'NONE',  ( 1.045674034156077736, 0.9225075261582402764, 1.904055623899212568 ) ) ;
#7922 = VECTOR ( 'NONE', #6808, 1000.000000000000000 ) ;
#7923 = EDGE_CURVE ( 'NONE', #424, #4657, #896, .T. ) ;
#7924 = CARTESIAN_POINT ( 'NONE',  ( -1.600000000000000089, 0.4000000000000002998, -2.405681128000000335 ) ) ;
#7925 = AXIS2_PLACEMENT_3D ( 'NONE', #5826, #5876, #9204 ) ;
#7926 = ORIENTED_EDGE ( 'NONE', *, *, #905, .T. ) ;
#7927 = CARTESIAN_POINT ( 'NONE',  ( 1.196268144600000083, 1.128929843020000101, -1.657630650510000025 ) ) ;
#7928 = CARTESIAN_POINT ( 'NONE',  ( 1.290177911000000233, 0.8000000000000000444, -1.879843831999999937 ) ) ;
#7929 = ORIENTED_EDGE ( 'NONE', *, *, #6411, .F. ) ;
#7930 = EDGE_LOOP ( 'NONE', ( #1137, #5958, #3633, #1420, #8884 ) ) ;
#7931 = PRESENTATION_STYLE_ASSIGNMENT (( #4533 ) ) ;
#7932 = CYLINDRICAL_SURFACE ( 'NONE', #2824, 0.05500000000000036110 ) ;
#7933 = LINE ( 'NONE', #418, #9424 ) ;
#7934 = B_SPLINE_CURVE_WITH_KNOTS ( 'NONE', 3,
 ( #1737, #809, #10842, #8434 ),
 .UNSPECIFIED., .F., .F.,
 ( 4, 4 ),
 ( 1.420081167614620247E-14, 4.862080525631124226E-05 ),
 .UNSPECIFIED. ) ;
#7935 = CARTESIAN_POINT ( 'NONE',  ( 0.8785042869433129509, 0.6450000000542321921, 2.299999999999999822 ) ) ;
#7936 = CARTESIAN_POINT ( 'NONE',  ( 0.07679883316354815803, 1.099999999999999867, 1.199902504695446570 ) ) ;
#7937 = ORIENTED_EDGE ( 'NONE', *, *, #4341, .F. ) ;
#7938 = CARTESIAN_POINT ( 'NONE',  ( -1.354733912040000599, 1.200000040400000190, -1.354696972719999781 ) ) ;
#7939 = EDGE_LOOP ( 'NONE', ( #4142, #9185, #10553, #2332 ) ) ;
#7940 = ORIENTED_EDGE ( 'NONE', *, *, #2515, .F. ) ;
#7941 = CARTESIAN_POINT ( 'NONE',  ( 1.286183131000000257, 1.131354653999999904, 1.602918481000000117 ) ) ;
#7942 = DIRECTION ( 'NONE',  ( 0.000000000000000000, -1.000000000000000000, -4.336808689942043768E-15 ) ) ;
#7943 = FACE_OUTER_BOUND ( 'NONE', #562, .T. ) ;
#7944 = LINE ( 'NONE', #3662, #8257 ) ;
#7945 = EDGE_CURVE ( 'NONE', #5821, #9517, #3771, .T. ) ;
#7946 = CARTESIAN_POINT ( 'NONE',  ( -0.1445161610000000318, 0.2401880480000000151, -2.383333332999999943 ) ) ;
#7947 = EDGE_CURVE ( 'NONE', #7377, #7274, #8819, .T. ) ;
#7948 = CARTESIAN_POINT ( 'NONE',  ( 2.306637016881362801, 0.6983970901869851478, 0.9769892947496029434 ) ) ;
#7949 = CARTESIAN_POINT ( 'NONE',  ( -2.349999999999999645, -0.05000000000000000971, 0.4999999999999998890 ) ) ;
#7950 = VERTEX_POINT ( 'NONE', #2229 ) ;
#7951 = CARTESIAN_POINT ( 'NONE',  ( 1.689475596000000079, 1.199999999999999956, 0.9044773949999999063 ) ) ;
#7952 = PLANE ( 'NONE',  #1576 ) ;
#7953 = ORIENTED_EDGE ( 'NONE', *, *, #6548, .F. ) ;
#7954 = CARTESIAN_POINT ( 'NONE',  ( -2.293438055000000197, 0.7000000000000000666, 0.9950587360000001658 ) ) ;
#7955 = CARTESIAN_POINT ( 'NONE',  ( 1.024999999999999911, 0.000000000000000000, 1.750000000000000000 ) ) ;
#7956 = CARTESIAN_POINT ( 'NONE',  ( -0.9223948602530481766, 1.128616006908942815, -1.823793532479613955 ) ) ;
#7957 = CARTESIAN_POINT ( 'NONE',  ( 2.302920076304830754, 0.6991807434136090293, -0.9821480503776431892 ) ) ;
#7958 = EDGE_CURVE ( 'NONE', #6258, #9355, #7893, .T. ) ;
#7959 = ADVANCED_FACE ( 'NONE', ( #384 ), #3720, .T. ) ;
#7960 = CARTESIAN_POINT ( 'NONE',  ( -0.5676680710829441479, 0.09018804800000006228, -1.763592050371015851 ) ) ;
#7961 = CARTESIAN_POINT ( 'NONE',  ( 1.012611141249999847, 1.128531489920000297, 1.775864612399999931 ) ) ;
#7962 = LINE ( 'NONE', #1270, #2271 ) ;
#7963 = CARTESIAN_POINT ( 'NONE',  ( 0.1500000000000000222, 0.2025441475449665796, 2.336484920104056506 ) ) ;
#7964 = ORIENTED_EDGE ( 'NONE', *, *, #3911, .F. ) ;
#7965 = FACE_OUTER_BOUND ( 'NONE', #1858, .T. ) ;
#7966 = DIRECTION ( 'NONE',  ( -1.000000000000000000, 0.000000000000000000, -0.000000000000000000 ) ) ;
#7967 = ORIENTED_EDGE ( 'NONE', *, *, #1124, .T. ) ;
#7968 = DIRECTION ( 'NONE',  ( 0.000000000000000000, 0.000000000000000000, 1.000000000000000000 ) ) ;
#7969 = PLANE ( 'NONE',  #5353 ) ;
#7970 = VECTOR ( 'NONE', #6919, 1000.000000000000000 ) ;
#7971 = CARTESIAN_POINT ( 'NONE',  ( -1.036372015633400201, 1.128587686597899875, 1.762125718336799762 ) ) ;
#7972 = EDGE_CURVE ( 'NONE', #3, #9856, #2947, .T. ) ;
#7973 = B_SPLINE_CURVE_WITH_KNOTS ( 'NONE', 3,
 ( #10044, #9226, #10102, #75, #4957, #7475, #9990, #5952, #5847, #131, #9118, #1770 ),
 .UNSPECIFIED., .F., .F.,
 ( 4, 2, 2, 2, 2, 4 ),
 ( 0.000000000000000000, 0.2499999999999996114, 0.3749999999999990563, 0.4374999999999989453, 0.4999999999999988343, 1.000000000000000000 ),
 .UNSPECIFIED. ) ;
#7974 = VECTOR ( 'NONE', #10362, 1000.000000000000000 ) ;
#7975 = CARTESIAN_POINT ( 'NONE',  ( 0.8938054855732157078, 0.6562136426609220807, 2.347299936041130852 ) ) ;
#7976 = CARTESIAN_POINT ( 'NONE',  ( -0.9267971772986827173, 1.112109970779060264, 1.832959941147037197 ) ) ;
#7977 = EDGE_LOOP ( 'NONE', ( #9392, #172, #3043, #5214 ) ) ;
#7978 = CARTESIAN_POINT ( 'NONE',  ( 1.368099202270000037, 1.128302023430000967, -1.523700263190000292 ) ) ;
#7979 = CARTESIAN_POINT ( 'NONE',  ( 1.430104356692934564, 0.8239825846206606519, -1.720618736027269557 ) ) ;
#7980 = VERTEX_POINT ( 'NONE', #3053 ) ;
#7981 = ORIENTED_EDGE ( 'NONE', *, *, #10096, .T. ) ;
#7982 = CARTESIAN_POINT ( 'NONE',  ( -1.112229615719779519, 0.8000000000000000444, -1.962671943895358151 ) ) ;
#7983 = AXIS2_PLACEMENT_3D ( 'NONE', #6891, #10229, #5799 ) ;
#7984 = DIRECTION ( 'NONE',  ( 0.000000000000000000, 0.000000000000000000, 1.000000000000000000 ) ) ;
#7985 = VECTOR ( 'NONE', #234, 1000.000000000000000 ) ;
#7986 = EDGE_CURVE ( 'NONE', #4512, #3186, #2983, .T. ) ;
#7987 = DIRECTION ( 'NONE',  ( -1.000000000000000000, 0.000000000000000000, -0.000000000000000000 ) ) ;
#7988 = CARTESIAN_POINT ( 'NONE',  ( 1.823793480397792655, 1.128615982488745395, 0.9223949705300015234 ) ) ;
#7989 = DIRECTION ( 'NONE',  ( 0.000000000000000000, 0.000000000000000000, 1.000000000000000000 ) ) ;
#7990 = ORIENTED_EDGE ( 'NONE', *, *, #1352, .F. ) ;
#7991 = CARTESIAN_POINT ( 'NONE',  ( -1.583922345999999814, 1.199999999999999956, -1.080333851999999872 ) ) ;
#7992 = ORIENTED_EDGE ( 'NONE', *, *, #264, .T. ) ;
#7993 = ORIENTED_EDGE ( 'NONE', *, *, #7785, .F. ) ;
#7994 = CARTESIAN_POINT ( 'NONE',  ( 0.5999999999181220289, 0.7000000000000000666, -2.299999999999999822 ) ) ;
#7995 = CARTESIAN_POINT ( 'NONE',  ( 0.5456567129316388653, 0.4755184111370654443, -2.350000000000000089 ) ) ;
#7996 = CARTESIAN_POINT ( 'NONE',  ( -2.299999999999999822, 0.6500000000000001332, 1.249999999999999778 ) ) ;
#7997 = CARTESIAN_POINT ( 'NONE',  ( -1.102127821908448269, 0.8324359464752625337, 1.937836507009548459 ) ) ;
#7998 = CARTESIAN_POINT ( 'NONE',  ( -1.274317496000000105, 0.8211772470000000546, 1.847946677999999787 ) ) ;
#7999 = CARTESIAN_POINT ( 'NONE',  ( 0.9950587360000001658, 0.7007647740000000347, -2.293438055000000197 ) ) ;
#8000 = LINE ( 'NONE', #5424, #9550 ) ;
#8001 = LINE ( 'NONE', #5533, #8428 ) ;
#8002 = ORIENTED_EDGE ( 'NONE', *, *, #802, .T. ) ;
#8003 = CARTESIAN_POINT ( 'NONE',  ( 1.973838048000000178, 0.8000000000000000444, 1.102395468000000101 ) ) ;
#8004 = FACE_OUTER_BOUND ( 'NONE', #2155, .T. ) ;
#8005 = ORIENTED_EDGE ( 'NONE', *, *, #9800, .T. ) ;
#8006 = EDGE_CURVE ( 'NONE', #115, #5159, #8871, .T. ) ;
#8007 = CARTESIAN_POINT ( 'NONE',  ( -2.293438055000000197, 0.7005098490000000178, 0.9950587360000001658 ) ) ;
#8008 = CARTESIAN_POINT ( 'NONE',  ( 0.9608144527123171352, 0.6500000000000001332, -2.295911158081762604 ) ) ;
#8009 = LINE ( 'NONE', #6581, #681 ) ;
#8010 = LINE ( 'NONE', #340, #2088 ) ;
#8011 = CARTESIAN_POINT ( 'NONE',  ( -1.503864237557089201, 1.129578330495051741, -1.384339478993282579 ) ) ;
#8012 = B_SPLINE_CURVE_WITH_KNOTS ( 'NONE', 3,
 ( #5764, #10633, #2347, #8169, #9697, #4048, #3061, #9802, #1582, #4715, #9746, #2293, #9040, #5657, #3222, #1526, #9912, #4822, #8065, #7401, #544, #10742, #3168, #8986, #653, #3993, #10584, #2235, #6528, #4933, #1473, #10686, #6370, #7346, #3887, #8222, #7241, #9858, #5599, #4773, #6580, #2398, #8933, #1422, #600, #9094, #8277, #763, #4103, #10528, #3010, #2184, #5539, #3317, #8369, #146, #5860, #3481, #203, #6837, #10175, #3372, #1787, #8478, #8425, #8585, #1675, #10058, #915, #3426, #10007, #1076, #3539, #6020, #7546, #9241, #5967, #5022, #9406, #965, #2551, #6894, #1838, #10231, #5133, #858, #1021, #4197, #2667, #37, #2499, #5243, #4423, #6074 ),
 .UNSPECIFIED., .F., .F.,
 ( 4, 3, 3, 3, 3, 3, 3, 3, 3, 3, 3, 3, 3, 3, 3, 3, 3, 3, 3, 3, 3, 3, 3, 3, 3, 3, 3, 3, 3, 3, 3, 4 ),
 ( 1.777877861355658728E-14, 6.876687060126301738E-06, 1.375334457342514522E-05, 1.719042195169611739E-05, 2.062749924973940343E-05, 2.750415085312055602E-05, 3.094122924678105745E-05, 3.437830874609780198E-05, 3.781538948110489565E-05, 4.469208948064029612E-05, 4.812917255597397141E-05, 5.156625685937733528E-05, 5.844299853303197616E-05, 6.188008461127185694E-05, 6.531717133906024758E-05, 7.219393548311456136E-05, 7.563102268906584432E-05, 7.906810972969766831E-05, 8.594486879250201323E-05, 8.938195484440213058E-05, 9.281903997160041806E-05, 9.625612402742169608E-05, 0.0001031328411709546693, 0.0001065699229706044336, 0.0001100070034422487839, 0.0001168836760259450746, 0.0001203207544119203986, 0.0001237578320168373179, 0.0001306344789203050486, 0.0001340715564071641962, 0.0001375086347874871135, 0.0001450627079996697703 ),
 .UNSPECIFIED. ) ;
#8013 = DIRECTION ( 'NONE',  ( 0.000000000000000000, 0.000000000000000000, -1.000000000000000000 ) ) ;
#8014 = EDGE_LOOP ( 'NONE', ( #270, #8393, #1816, #6246, #9405, #7900, #558, #8337, #7067, #10825, #10833, #169, #7551, #7627, #575, #7439, #10836, #1625 ) ) ;
#8015 = CARTESIAN_POINT ( 'NONE',  ( 1.106768285699999854, 1.128329239579999976, 1.719812088519999893 ) ) ;
#8016 = CARTESIAN_POINT ( 'NONE',  ( -1.130538914000000172, 0.8324359425921006306, 1.937836521877225771 ) ) ;
#8017 = LINE ( 'NONE', #499, #7667 ) ;
#8018 = ORIENTED_EDGE ( 'NONE', *, *, #153, .F. ) ;
#8019 = AXIS2_PLACEMENT_3D ( 'NONE', #1164, #7698, #5227 ) ;
#8020 = EDGE_CURVE ( 'NONE', #967, #1511, #4607, .T. ) ;
#8021 = CARTESIAN_POINT ( 'NONE',  ( 0.1500441853348749854, 0.1696114557147773150, 2.432926819989575939 ) ) ;
#8022 = CARTESIAN_POINT ( 'NONE',  ( -1.720628604589197419, 0.8239825754409018099, 1.430091556526476460 ) ) ;
#8023 = ADVANCED_FACE ( 'NONE', ( #6306 ), #8113, .F. ) ;
#8024 = EDGE_LOOP ( 'NONE', ( #6203, #202, #2893, #7412 ) ) ;
#8025 = CARTESIAN_POINT ( 'NONE',  ( -0.8882681530825541349, 0.6521910194809152905, -2.347970168476016362 ) ) ;
#8026 = CARTESIAN_POINT ( 'NONE',  ( -0.9884113439999999695, 1.128899030999999997, 1.788907716999999842 ) ) ;
#8027 = CARTESIAN_POINT ( 'NONE',  ( -0.8785042868123044135, 0.6450000000072957373, 2.348438054999999913 ) ) ;
#8028 = EDGE_CURVE ( 'NONE', #9448, #5026, #3880, .T. ) ;
#8029 = AXIS2_PLACEMENT_3D ( 'NONE', #3092, #6288, #8041 ) ;
#8030 = CARTESIAN_POINT ( 'NONE',  ( 0.9085604623814937941, 0.6665819597734108370, 2.344031374993740258 ) ) ;
#8031 = CARTESIAN_POINT ( 'NONE',  ( -0.8785042870000000503, 0.6450000000000001288, -2.298438055000000091 ) ) ;
#8032 = EDGE_LOOP ( 'NONE', ( #6880, #6077, #1935, #8900, #5663 ) ) ;
#8033 = CARTESIAN_POINT ( 'NONE',  ( 1.494450661999999985, 1.199999999999999956, -1.204638544999999894 ) ) ;
#8034 = CARTESIAN_POINT ( 'NONE',  ( 1.782890493999999881, 0.8234081889999999015, -1.348271161000000218 ) ) ;
#8035 = EDGE_CURVE ( 'NONE', #627, #1402, #1834, .T. ) ;
#8036 = VECTOR ( 'NONE', #5423, 1000.000000000000000 ) ;
#8037 = ORIENTED_EDGE ( 'NONE', *, *, #6850, .T. ) ;
#8038 = ORIENTED_EDGE ( 'NONE', *, *, #8649, .T. ) ;
#8039 = CARTESIAN_POINT ( 'NONE',  ( -1.676227553019999927, 1.200000040859999784, 0.9264664461399999551 ) ) ;
#8040 = CARTESIAN_POINT ( 'NONE',  ( -1.216790181999999776, 0.9241006170000001241, -1.809836034999999788 ) ) ;
#8041 = DIRECTION ( 'NONE',  ( 0.000000000000000000, 0.000000000000000000, -1.000000000000000000 ) ) ;
#8042 = VECTOR ( 'NONE', #3011, 1000.000000000000000 ) ;
#8043 = CARTESIAN_POINT ( 'NONE',  ( -0.6000000000000000888, 0.1901880479993409701, -1.920188048000000203 ) ) ;
#8044 = DIRECTION ( 'NONE',  ( 0.000000000000000000, 0.000000000000000000, 1.000000000000000000 ) ) ;
#8045 = EDGE_CURVE ( 'NONE', #2096, #8586, #9960, .T. ) ;
#8046 = VERTEX_POINT ( 'NONE', #9907 ) ;
#8047 = CARTESIAN_POINT ( 'NONE',  ( -1.355449136000000054, 1.199999999999999956, -1.355412177000000051 ) ) ;
#8048 = EDGE_LOOP ( 'NONE', ( #10391, #7089, #3974, #982 ) ) ;
#8049 = VERTEX_POINT ( 'NONE', #2450 ) ;
#8050 = DIRECTION ( 'NONE',  ( -0.000000000000000000, -0.000000000000000000, -1.000000000000000000 ) ) ;
#8051 = CIRCLE ( 'NONE', #9265, 0.1499999999999999667 ) ;
#8052 = CARTESIAN_POINT ( 'NONE',  ( 1.688115504751499518, 1.200000061963500064, -0.9037519001325997614 ) ) ;
#8053 = CARTESIAN_POINT ( 'NONE',  ( 1.494450692798081404, 1.199999999998416556, -1.204638569782819912 ) ) ;
#8054 = CARTESIAN_POINT ( 'NONE',  ( 2.349999999999999645, 0.3499999999925926253, 1.250000000000000000 ) ) ;
#8055 = CARTESIAN_POINT ( 'NONE',  ( -1.494450662754234660, 1.199999999999960876, 1.204638545606922628 ) ) ;
#8056 = CARTESIAN_POINT ( 'NONE',  ( 0.6760013919724054965, 1.099999999999999867, -0.8796335266379989859 ) ) ;
#8057 = DIRECTION ( 'NONE',  ( 0.000000000000000000, 0.000000000000000000, -1.000000000000000000 ) ) ;
#8058 = AXIS2_PLACEMENT_3D ( 'NONE', #6637, #6691, #2623 ) ;
#8059 = ORIENTED_EDGE ( 'NONE', *, *, #4859, .F. ) ;
#8060 = CARTESIAN_POINT ( 'NONE',  ( 1.720701284018179678, 0.8238113494137736526, 1.430172925461956401 ) ) ;
#8061 = ADVANCED_FACE ( 'NONE', ( #8272 ), #6628, .T. ) ;
#8062 = DIRECTION ( 'NONE',  ( 0.000000000000000000, 0.000000000000000000, -1.000000000000000000 ) ) ;
#8063 = EDGE_LOOP ( 'NONE', ( #7317, #4101, #9420, #8596 ) ) ;
#8064 = CARTESIAN_POINT ( 'NONE',  ( 2.449999999999999734, 0.3499999999111112481, -1.250000000000000000 ) ) ;
#8065 = CARTESIAN_POINT ( 'NONE',  ( -2.311466508519532059, 0.6969612823513942068, 0.9701547039502377290 ) ) ;
#8066 = CARTESIAN_POINT ( 'NONE',  ( -2.294205388129442191, 0.6500000000000001332, 0.9836713794999509819 ) ) ;
#8067 = CARTESIAN_POINT ( 'NONE',  ( 2.332672633007974117, 0.6835502102957974335, -0.9361342570240326344 ) ) ;
#8068 = VECTOR ( 'NONE', #7129, 1000.000000000000000 ) ;
#8069 = DIRECTION ( 'NONE',  ( 0.000000000000000000, 1.000000000000000000, -0.000000000000000000 ) ) ;
#8070 = CARTESIAN_POINT ( 'NONE',  ( -0.9186285210000001422, 0.6500000000000001332, 0.9186285210000001422 ) ) ;
#8071 = ORIENTED_EDGE ( 'NONE', *, *, #9427, .T. ) ;
#8072 = CARTESIAN_POINT ( 'NONE',  ( 0.9495315799999999307, 1.199999999999999956, 1.664708796999999851 ) ) ;
#8073 = CARTESIAN_POINT ( 'NONE',  ( -1.942103571128826811, 0.8233152902040442589, 1.106843478249420309 ) ) ;
#8074 = CARTESIAN_POINT ( 'NONE',  ( -1.875000000000000000, 0.8000000000000001554, 2.174999999999999822 ) ) ;
#8075 = ORIENTED_EDGE ( 'NONE', *, *, #1069, .F. ) ;
#8076 = VECTOR ( 'NONE', #6097, 1000.000000000000000 ) ;
#8077 = DIRECTION ( 'NONE',  ( 0.000000000000000000, 0.000000000000000000, -1.000000000000000000 ) ) ;
#8078 = CARTESIAN_POINT ( 'NONE',  ( -1.951655119646538372, 0.8232097599478651606, 1.089761193734160916 ) ) ;
#8079 = CARTESIAN_POINT ( 'NONE',  ( -0.6000000000000000888, 0.6999999999994794830, 2.293438055000159181 ) ) ;
#8080 = EDGE_LOOP ( 'NONE', ( #5623, #5511, #91, #6642, #1849, #2552, #8888, #8316, #3209 ) ) ;
#8081 = CARTESIAN_POINT ( 'NONE',  ( 0.3000000000144261159, 0.3500000000078385964, -2.449999999999999734 ) ) ;
#8082 = CARTESIAN_POINT ( 'NONE',  ( -1.036508597266800225, 1.128151650195799993, 1.762358993673599716 ) ) ;
#8083 = CARTESIAN_POINT ( 'NONE',  ( -0.9420179338874891117, 0.6865580278768443900, 2.329464855010374258 ) ) ;
#8084 = VECTOR ( 'NONE', #6531, 1000.000000000000000 ) ;
#8085 = VECTOR ( 'NONE', #4910, 1000.000000000000000 ) ;
#8086 = EDGE_CURVE ( 'NONE', #11, #4584, #8528, .T. ) ;
#8087 = EDGE_CURVE ( 'NONE', #8555, #10284, #4928, .T. ) ;
#8088 = CARTESIAN_POINT ( 'NONE',  ( 2.100000000000000089, 0.06677425074765237778, 2.394318871855612763 ) ) ;
#8089 = CARTESIAN_POINT ( 'NONE',  ( -0.9950587360000001658, 0.6666666670000001016, -2.293438055000000197 ) ) ;
#8090 = ORIENTED_EDGE ( 'NONE', *, *, #9716, .F. ) ;
#8091 = CARTESIAN_POINT ( 'NONE',  ( 1.204602343999999992, 1.199999999999999956, -1.494478948000000695 ) ) ;
#8092 = CARTESIAN_POINT ( 'NONE',  ( 1.899265319580435873, 0.8241776583544443424, -1.180510316959374473 ) ) ;
#8093 = VECTOR ( 'NONE', #8265, 1000.000000000000000 ) ;
#8094 = CARTESIAN_POINT ( 'NONE',  ( -2.299999999999999822, 0.6499999999999948042, -1.250000000822222068 ) ) ;
#8095 = VERTEX_POINT ( 'NONE', #7341 ) ;
#8096 = EDGE_LOOP ( 'NONE', ( #5200, #6195, #1966, #7010 ) ) ;
#8097 = CARTESIAN_POINT ( 'NONE',  ( -1.789619335068299621, 1.127588863180700285, 0.9887990715036001355 ) ) ;
#8098 = CARTESIAN_POINT ( 'NONE',  ( -0.9704730289999999870, 1.028454669999999904, -1.868922334000000074 ) ) ;
#8099 = CARTESIAN_POINT ( 'NONE',  ( -1.100000000000000089, 1.100000000000000089, 2.079762069144283003E-16 ) ) ;
#8100 = EDGE_CURVE ( 'NONE', #6075, #5953, #9296, .T. ) ;
#8101 = VECTOR ( 'NONE', #6516, 1000.000000000000000 ) ;
#8102 = CARTESIAN_POINT ( 'NONE',  ( -2.349999999999999645, 0.3500000000000000333, 0.4999999999999997780 ) ) ;
#8103 = DIRECTION ( 'NONE',  ( 0.000000000000000000, 0.000000000000000000, 1.000000000000000000 ) ) ;
#8104 = ORIENTED_EDGE ( 'NONE', *, *, #9800, .F. ) ;
#8105 = VERTEX_POINT ( 'NONE', #7396 ) ;
#8106 = VERTEX_POINT ( 'NONE', #962 ) ;
#8107 = CARTESIAN_POINT ( 'NONE',  ( 1.847946677999999787, 0.8211772470000000546, 1.274317496000000105 ) ) ;
#8108 = CARTESIAN_POINT ( 'NONE',  ( 1.789612303829999584, 1.127601835069999892, -0.9887952063599998453 ) ) ;
#8109 = CARTESIAN_POINT ( 'NONE',  ( 1.696049971799174605, 1.200000000000309708, -0.8916291509791446357 ) ) ;
#8110 = CARTESIAN_POINT ( 'NONE',  ( -1.183323532576992410, 1.129258928820462193, 1.665922776368776947 ) ) ;
#8111 = EDGE_CURVE ( 'NONE', #4300, #1825, #3108, .T. ) ;
#8112 = CARTESIAN_POINT ( 'NONE',  ( 0.6000000000000000888, 0.6500000000000001332, 2.449999999999999734 ) ) ;
#8113 = PLANE ( 'NONE',  #4041 ) ;
#8114 = CARTESIAN_POINT ( 'NONE',  ( 1.653288770373336769, 0.8238429318608452290, 1.507618112387214993 ) ) ;
#8115 = CARTESIAN_POINT ( 'NONE',  ( 0.6000000000000001998, 0.09018804800000000677, 1.920188048000000203 ) ) ;
#8116 = ORIENTED_EDGE ( 'NONE', *, *, #9662, .F. ) ;
#8117 = CARTESIAN_POINT ( 'NONE',  ( -2.323035152000000103, 0.7000000000000000666, 0.9551290950000000946 ) ) ;
#8118 = LINE ( 'NONE', #3937, #2736 ) ;
#8119 = CYLINDRICAL_SURFACE ( 'NONE', #4178, 0.2999999999999997113 ) ;
#8120 = CARTESIAN_POINT ( 'NONE',  ( 2.317759448410709577, 0.6943491325542521242, -0.9609416974246460796 ) ) ;
#8121 = CARTESIAN_POINT ( 'NONE',  ( -0.1499999999745773027, 0.1909167855839016270, -2.308505452227485932 ) ) ;
#8122 = EDGE_CURVE ( 'NONE', #3424, #10059, #3163, .T. ) ;
#8123 = DIRECTION ( 'NONE',  ( 1.000000000000000000, -0.000000000000000000, 0.000000000000000000 ) ) ;
#8124 = EDGE_LOOP ( 'NONE', ( #8037, #1306, #2967, #4808 ) ) ;
#8125 = CARTESIAN_POINT ( 'NONE',  ( 1.108866841999999853, 1.199997970000000524, 1.625844545000000085 ) ) ;
#8126 = DIRECTION ( 'NONE',  ( 0.000000000000000000, -2.168404344971021884E-15, 1.000000000000000000 ) ) ;
#8127 = CARTESIAN_POINT ( 'NONE',  ( -0.1500000000000000222, 0.2025441082154037509, -2.336484861534834145 ) ) ;
#8128 = ORIENTED_EDGE ( 'NONE', *, *, #5543, .T. ) ;
#8129 = CARTESIAN_POINT ( 'NONE',  ( 1.108724791381159092, 1.200000000000000178, -0.4593771482568496656 ) ) ;
#8130 = CARTESIAN_POINT ( 'NONE',  ( -1.653462599999999894, 0.8235000510000000107, 1.507745866999999906 ) ) ;
#8131 = LINE ( 'NONE', #4118, #4469 ) ;
#8132 = DIRECTION ( 'NONE',  ( -1.000000000000000000, 0.000000000000000000, -0.000000000000000000 ) ) ;
#8133 = CARTESIAN_POINT ( 'NONE',  ( -0.9644410570000006011, 1.128834786999999729, 1.802129815999999884 ) ) ;
#8134 = CARTESIAN_POINT ( 'NONE',  ( -0.9328388227955750622, 0.6817628778484869922, 2.334369381709386460 ) ) ;
#8135 = LINE ( 'NONE', #10818, #10347 ) ;
#8136 = CARTESIAN_POINT ( 'NONE',  ( 0.9324629909420090179, 0.6815451190847678919, 2.334546750258145842 ) ) ;
#8137 = CARTESIAN_POINT ( 'NONE',  ( -2.299999999999999822, 0.6500000000000001332, -2.299999999999999822 ) ) ;
#8138 = VERTEX_POINT ( 'NONE', #4098 ) ;
#8139 = CARTESIAN_POINT ( 'NONE',  ( 1.554088197000000005, 1.199999999999999956, -1.121784027999999989 ) ) ;
#8140 = CARTESIAN_POINT ( 'NONE',  ( 1.899544121000000141, 0.8236601709999999965, -1.180669058999999965 ) ) ;
#8141 = CARTESIAN_POINT ( 'NONE',  ( 0.7250000000000000888, 0.2000000000000000111, 1.349999999999999867 ) ) ;
#8142 = EDGE_CURVE ( 'NONE', #486, #10149, #7653, .T. ) ;
#8143 = ORIENTED_EDGE ( 'NONE', *, *, #2819, .T. ) ;
#8144 = ORIENTED_EDGE ( 'NONE', *, *, #2517, .T. ) ;
#8145 = CARTESIAN_POINT ( 'NONE',  ( -1.699986145230000023, 1.200000061860000633, 0.8810722546199999394 ) ) ;
#8146 = DIRECTION ( 'NONE',  ( 0.000000000000000000, 0.000000000000000000, -1.000000000000000000 ) ) ;
#8147 = CYLINDRICAL_SURFACE ( 'NONE', #8029, 0.1499999999999999667 ) ;
#8148 = VECTOR ( 'NONE', #668, 1000.000000000000000 ) ;
#8149 = CARTESIAN_POINT ( 'NONE',  ( 0.9268673174694519457, 0.6500000000770351782, 2.299999999900302239 ) ) ;
#8150 = CARTESIAN_POINT ( 'NONE',  ( -1.446400000000000574, 0.6400000000000001243, 1.446400000000000574 ) ) ;
#8151 = ORIENTED_EDGE ( 'NONE', *, *, #2643, .T. ) ;
#8152 = EDGE_CURVE ( 'NONE', #7481, #9462, #3477, .T. ) ;
#8153 = AXIS2_PLACEMENT_3D ( 'NONE', #6159, #7901, #7794 ) ;
#8154 = ORIENTED_EDGE ( 'NONE', *, *, #1996, .F. ) ;
#8155 = EDGE_CURVE ( 'NONE', #561, #2677, #9302, .T. ) ;
#8156 = VERTEX_POINT ( 'NONE', #1520 ) ;
#8157 = CARTESIAN_POINT ( 'NONE',  ( 1.868922369999999944, 1.028454669999999904, 0.9704729579999999967 ) ) ;
#8158 = CARTESIAN_POINT ( 'NONE',  ( 1.758367794000000872, 1.199997949999999980, -0.8815401620000000715 ) ) ;
#8159 = CARTESIAN_POINT ( 'NONE',  ( 1.282535817382643772, 1.199999999998418998, -1.428323547408489880 ) ) ;
#8160 = CARTESIAN_POINT ( 'NONE',  ( -1.290023944317122861, 1.128922017795294996, 1.585593731908680581 ) ) ;
#8161 = VECTOR ( 'NONE', #1760, 1000.000000000000000 ) ;
#8162 = DIRECTION ( 'NONE',  ( -1.000000000000000000, -0.000000000000000000, 0.000000000000000000 ) ) ;
#8163 = CARTESIAN_POINT ( 'NONE',  ( -0.3000000000144261159, 0.3500000000039193426, 2.449999999999999734 ) ) ;
#8164 = CARTESIAN_POINT ( 'NONE',  ( 1.899261694760195240, 0.8241777021813357917, 1.180516627103181282 ) ) ;
#8165 = CARTESIAN_POINT ( 'NONE',  ( -2.175000000059259087, 0.7000000000000000666, -2.399999999999999911 ) ) ;
#8166 = ORIENTED_EDGE ( 'NONE', *, *, #5449, .T. ) ;
#8167 = FACE_OUTER_BOUND ( 'NONE', #2524, .T. ) ;
#8168 = EDGE_CURVE ( 'NONE', #5982, #2608, #1783, .T. ) ;
#8169 = CARTESIAN_POINT ( 'NONE',  ( -2.297523305797498860, 0.6998480694821758163, 0.9895291362907283617 ) ) ;
#8170 = DIRECTION ( 'NONE',  ( -1.000000000000000000, 0.000000000000000000, 0.000000000000000000 ) ) ;
#8171 = CARTESIAN_POINT ( 'NONE',  ( 2.346117515479160698, 0.6608220470370538280, -0.9002636054475164906 ) ) ;
#8172 = CARTESIAN_POINT ( 'NONE',  ( 1.266062733206419821, 0.8238588375236630679, 1.844638738146561652 ) ) ;
#8173 = CARTESIAN_POINT ( 'NONE',  ( 0.7249999999999999778, 0.02000000000000000389, 1.350000000010416867 ) ) ;
#8174 = LINE ( 'NONE', #3227, #8076 ) ;
#8175 = ORIENTED_EDGE ( 'NONE', *, *, #7095, .T. ) ;
#8176 = CARTESIAN_POINT ( 'NONE',  ( 1.367602374000000065, 1.129588003000000063, 1.523062824000000148 ) ) ;
#8177 = LINE ( 'NONE', #7195, #8589 ) ;
#8178 = CARTESIAN_POINT ( 'NONE',  ( 1.600000000058333427, 0.1000000000602752487, -2.300000000006536816 ) ) ;
#8179 = VERTEX_POINT ( 'NONE', #6834 ) ;
#8180 = CARTESIAN_POINT ( 'NONE',  ( -2.299999999999999822, 0.6500000000000001332, -2.100000000000000089 ) ) ;
#8181 = CARTESIAN_POINT ( 'NONE',  ( -1.936482202000000097, 0.8000000000000000444, 1.201700740999999795 ) ) ;
#8182 = EDGE_CURVE ( 'NONE', #3424, #7226, #8216, .T. ) ;
#8183 = VERTEX_POINT ( 'NONE', #4043 ) ;
#8184 = CARTESIAN_POINT ( 'NONE',  ( 0.000000000000000000, 1.399999999999999911, 0.000000000000000000 ) ) ;
#8185 = CARTESIAN_POINT ( 'NONE',  ( -0.8815400110000001233, 1.199997949999999980, 1.758367868000000112 ) ) ;
#8186 = CARTESIAN_POINT ( 'NONE',  ( -0.9622400018596583005, 0.6947556092266109484, 2.316886834077485968 ) ) ;
#8187 = VECTOR ( 'NONE', #7167, 1000.000000000000000 ) ;
#8188 = CARTESIAN_POINT ( 'NONE',  ( 0.000000000000000000, 0.6400000000000001243, 0.000000000000000000 ) ) ;
#8189 = CARTESIAN_POINT ( 'NONE',  ( 0.9113230209416010030, 0.6684487789292463678, 2.343193664296449708 ) ) ;
#8190 = CARTESIAN_POINT ( 'NONE',  ( 0.2999999999203125656, 0.02000000000000000389, -1.750000000000000000 ) ) ;
#8191 = ORIENTED_EDGE ( 'NONE', *, *, #1478, .F. ) ;
#8192 = CARTESIAN_POINT ( 'NONE',  ( 0.9992776220000001430, 1.172168149000000215, -1.752359235999999987 ) ) ;
#8193 = CARTESIAN_POINT ( 'NONE',  ( 1.740531306999999694, 0.8000000000000000444, -1.446621385999999676 ) ) ;
#8194 = EDGE_CURVE ( 'NONE', #8049, #8555, #7889, .T. ) ;
#8195 = DIRECTION ( 'NONE',  ( -0.000000000000000000, 2.168404344971021884E-15, 1.000000000000000000 ) ) ;
#8196 = VERTEX_POINT ( 'NONE', #8163 ) ;
#8197 = ORIENTED_EDGE ( 'NONE', *, *, #10852, .F. ) ;
#8198 = CARTESIAN_POINT ( 'NONE',  ( -1.711889479500000144, 1.200000040999999795, 0.8583625184000001074 ) ) ;
#8199 = VECTOR ( 'NONE', #1136, 1000.000000000000000 ) ;
#8200 = CARTESIAN_POINT ( 'NONE',  ( -1.600000000058333427, 0.1000000000899278346, 2.300000000006539480 ) ) ;
#8201 = CARTESIAN_POINT ( 'NONE',  ( 2.100000000000000089, 0.3999999999999999667, 2.405681128000001667 ) ) ;
#8202 = CARTESIAN_POINT ( 'NONE',  ( 2.299999999999999822, 0.7000000000000000666, 1.250000000648147980 ) ) ;
#8203 = VECTOR ( 'NONE', #3237, 1000.000000000000000 ) ;
#8204 = CARTESIAN_POINT ( 'NONE',  ( 2.331771387999999945, 0.6450000000000001288, -0.8785042870000000503 ) ) ;
#8205 = VERTEX_POINT ( 'NONE', #5758 ) ;
#8206 = EDGE_LOOP ( 'NONE', ( #10233, #8506, #2717, #7105 ) ) ;
#8207 = ORIENTED_EDGE ( 'NONE', *, *, #10432, .T. ) ;
#8208 = CARTESIAN_POINT ( 'NONE',  ( -0.6000000000000000888, 0.2401880480000000151, -2.349999999995503241 ) ) ;
#8209 = CARTESIAN_POINT ( 'NONE',  ( 1.689476216999999725, 1.199999999999999956, -0.9044761839999998498 ) ) ;
#8210 = DIRECTION ( 'NONE',  ( 0.000000000000000000, -1.000000000000000000, 0.000000000000000000 ) ) ;
#8211 = VECTOR ( 'NONE', #393, 1000.000000000000000 ) ;
#8212 = CARTESIAN_POINT ( 'NONE',  ( -1.683556656290954745, 1.199999999999960876, 0.9152446937860034826 ) ) ;
#8213 = ADVANCED_FACE ( 'NONE', ( #2662 ), #9351, .F. ) ;
#8214 = EDGE_CURVE ( 'NONE', #8703, #2274, #4816, .T. ) ;
#8215 = CARTESIAN_POINT ( 'NONE',  ( 0.9208699928669741297, 0.6746513929403549215, -2.339760780489084535 ) ) ;
#8216 = LINE ( 'NONE', #9086, #7732 ) ;
#8217 = CARTESIAN_POINT ( 'NONE',  ( 1.457402880000000067, 0.8000000000000000444, 1.753513805999999953 ) ) ;
#8218 = CARTESIAN_POINT ( 'NONE',  ( 1.602918481000000117, 1.131354653999999904, -1.286183131000000257 ) ) ;
#8219 = ORIENTED_EDGE ( 'NONE', *, *, #9144, .F. ) ;
#8220 = AXIS2_PLACEMENT_3D ( 'NONE', #2280, #2223, #6457 ) ;
#8221 = CARTESIAN_POINT ( 'NONE',  ( -0.9264664461399999551, 1.200000040859999784, -1.676227553019999927 ) ) ;
#8222 = CARTESIAN_POINT ( 'NONE',  ( -2.324826387980924114, 0.6901846397600759353, 0.9499066268958553660 ) ) ;
#8223 = CARTESIAN_POINT ( 'NONE',  ( 0.000000000000000000, 0.3500000000000000333, -2.449999999999999734 ) ) ;
#8224 = CARTESIAN_POINT ( 'NONE',  ( 2.328106116551898364, 0.6877035785846967730, -0.9443964235943165253 ) ) ;
#8225 = CARTESIAN_POINT ( 'NONE',  ( -0.9950587357873915684, 0.7000000000000003997, -2.293438055037149592 ) ) ;
#8226 = CARTESIAN_POINT ( 'NONE',  ( 2.299999999999999822, 0.6500000000000001332, -1.250000000000000000 ) ) ;
#8227 = AXIS2_PLACEMENT_3D ( 'NONE', #1823, #2905, #2858 ) ;
#8228 = EDGE_CURVE ( 'NONE', #7699, #1091, #5239, .T. ) ;
#8229 = CARTESIAN_POINT ( 'NONE',  ( 2.349999999999999645, 0.3500000000000000333, -0.1999999999999998723 ) ) ;
#8230 = EDGE_LOOP ( 'NONE', ( #10773, #1257, #10008, #4252 ) ) ;
#8231 = CARTESIAN_POINT ( 'NONE',  ( 1.196453904000000401, 1.128499999579999802, 1.657827181560000085 ) ) ;
#8232 = CARTESIAN_POINT ( 'NONE',  ( 2.293438055042121171, 0.7000000000000003997, -0.9950587358496295609 ) ) ;
#8233 = CARTESIAN_POINT ( 'NONE',  ( 2.297938473360851219, 0.6500000000000000222, 0.9380768253660859424 ) ) ;
#8234 = ORIENTED_EDGE ( 'NONE', *, *, #6232, .T. ) ;
#8235 = CARTESIAN_POINT ( 'NONE',  ( 0.3699528282211906327, 1.200000000000000400, -1.141717278550140824 ) ) ;
#8236 = CARTESIAN_POINT ( 'NONE',  ( -1.951561418293076500, 0.8233781988957304954, 1.089707823468321735 ) ) ;
#8237 = LINE ( 'NONE', #3076, #10244 ) ;
#8238 = CARTESIAN_POINT ( 'NONE',  ( -2.100000000000000089, 0.6500000000504263520, -2.299999999999999822 ) ) ;
#8239 = CARTESIAN_POINT ( 'NONE',  ( 2.449999999999999734, 0.3500000000000000333, -1.250000000000000000 ) ) ;
#8240 = CARTESIAN_POINT ( 'NONE',  ( -0.9181408911383012184, 0.6729227409797202686, 2.340827800551475324 ) ) ;
#8241 = EDGE_CURVE ( 'NONE', #9462, #1322, #8582, .T. ) ;
#8242 = VECTOR ( 'NONE', #3393, 1000.000000000000000 ) ;
#8243 = DIRECTION ( 'NONE',  ( 0.000000000000000000, 0.000000000000000000, 1.000000000000000000 ) ) ;
#8244 = CARTESIAN_POINT ( 'NONE',  ( -2.174999999999999822, 0.7000000000000000666, -1.875000000000000000 ) ) ;
#8245 = CARTESIAN_POINT ( 'NONE',  ( -0.9554791260000000674, 0.6833333330000000982, -2.314042747999999872 ) ) ;
#8246 = VERTEX_POINT ( 'NONE', #2713 ) ;
#8247 = CARTESIAN_POINT ( 'NONE',  ( 1.106894835290000101, 1.127898386709999867, -1.720048941100000617 ) ) ;
#8248 = CARTESIAN_POINT ( 'NONE',  ( 1.951561418293076500, 0.8233781988957304954, -1.089707823468321735 ) ) ;
#8249 = CARTESIAN_POINT ( 'NONE',  ( -2.331771387999999945, 0.6656046930000002471, -0.9180838960000000659 ) ) ;
#8250 = CARTESIAN_POINT ( 'NONE',  ( -1.689261823000000051, 1.129284417999999901, -1.151942781000000027 ) ) ;
#8251 = ORIENTED_EDGE ( 'NONE', *, *, #1552, .T. ) ;
#8252 = ORIENTED_EDGE ( 'NONE', *, *, #7485, .F. ) ;
#8253 = CARTESIAN_POINT ( 'NONE',  ( -1.689917091368200008, 1.127980650970400234, 1.152423831849099800 ) ) ;
#8254 = PLANE ( 'NONE',  #5636 ) ;
#8255 = CARTESIAN_POINT ( 'NONE',  ( 0.8785042869219609196, 0.6450000001116084070, 2.348438054999999913 ) ) ;
#8256 = ADVANCED_FACE ( 'NONE', ( #8637 ), #7765, .F. ) ;
#8257 = VECTOR ( 'NONE', #6302, 1000.000000000000000 ) ;
#8258 = CARTESIAN_POINT ( 'NONE',  ( -1.904055629369572289, 0.9225075470761190388, 1.045673996846152809 ) ) ;
#8259 = AXIS2_PLACEMENT_3D ( 'NONE', #5841, #892, #10097 ) ;
#8260 = ORIENTED_EDGE ( 'NONE', *, *, #7083, .T. ) ;
#8261 = CARTESIAN_POINT ( 'NONE',  ( 0.1463441034736599755, 0.2321182300700244117, 2.349999999999585754 ) ) ;
#8262 = ORIENTED_EDGE ( 'NONE', *, *, #647, .T. ) ;
#8263 = VERTEX_POINT ( 'NONE', #410 ) ;
#8264 = VERTEX_POINT ( 'NONE', #1991 ) ;
#8265 = DIRECTION ( 'NONE',  ( -0.000000000000000000, -1.000000000000000000, -0.000000000000000000 ) ) ;
#8266 = CARTESIAN_POINT ( 'NONE',  ( 0.5169357565090938467, 1.099999999999999867, -1.083294684691326726 ) ) ;
#8267 = CARTESIAN_POINT ( 'NONE',  ( -0.7250000000000000888, 0.2000000000000000111, 1.350000000000000089 ) ) ;
#8268 = VECTOR ( 'NONE', #559, 1000.000000000000000 ) ;
#8269 = B_SPLINE_CURVE_WITH_KNOTS ( 'NONE', 3,
 ( #10319, #5435, #6315, #394, #4559, #5328, #1313, #1159, #7957, #10532, #4506, #1922, #6211, #5277, #7850, #10421, #9541, #2900, #5713, #7455, #6530, #1368, #4880, #7244, #9804, #3889, #8120, #6474, #4775, #9043, #10586, #1528, #3063, #5659, #7348, #6423, #4717, #1475, #5542, #10744, #8224, #9748, #5601, #708, #8935, #3224, #8067, #4054, #548, #2240, #10690, #2296, #6583, #7403, #1425, #6372, #9699, #2186, #603, #9914, #2401, #3939, #2349, #8881, #7296, #5767, #10635, #9096, #1584, #4936, #3116, #8281, #8988, #9860, #765, #4824, #8171, #4106, #655, #3013, #3171, #3996, #10136, #4216, #3335, #1747, #8445, #8386, #8544, #1638, #10024, #7568, #54, #4379 ),
 .UNSPECIFIED., .F., .F.,
 ( 4, 3, 3, 3, 3, 3, 3, 3, 3, 3, 3, 3, 3, 3, 3, 3, 3, 3, 3, 3, 3, 3, 3, 3, 3, 3, 3, 3, 3, 3, 3, 4 ),
 ( 6.000035071468479238E-15, 6.876687053126461272E-06, 1.375334455942478666E-05, 1.719042193419653190E-05, 2.062749922874062658E-05, 2.750415082512003880E-05, 3.094122921528148101E-05, 3.437830871109875296E-05, 3.781538944260634018E-05, 4.469208943513943447E-05, 4.812917250697348133E-05, 5.156625680687728454E-05, 5.844299847353018844E-05, 6.188008454827004776E-05, 6.531717127255880998E-05, 7.219393540961140034E-05, 7.563102261206320395E-05, 7.906810964919584674E-05, 8.594486870499905100E-05, 8.938195475339990584E-05, 9.281903987709887659E-05, 9.625612392942040421E-05, 0.0001031328410659526163, 0.0001065699228621027792, 0.0001100070033302475282, 0.0001168836759069432881, 0.0001203207542894189702, 0.0001237578318908364372, 0.0001306344787873028239, 0.0001340715562706624379, 0.0001375086346474861199, 0.0001450627074409436906 ),
 .UNSPECIFIED. ) ;
#8270 = CARTESIAN_POINT ( 'NONE',  ( 0.9180838960000000659, 0.6656046930000002471, -2.331771387999999945 ) ) ;
#8271 = CARTESIAN_POINT ( 'NONE',  ( 1.399999999999999911, 0.8000000000000000444, 2.399999999999999911 ) ) ;
#8272 = FACE_OUTER_BOUND ( 'NONE', #9023, .T. ) ;
#8273 = CARTESIAN_POINT ( 'NONE',  ( 1.348271161000000218, 0.8234081889999999015, 1.782890493999999881 ) ) ;
#8274 = CARTESIAN_POINT ( 'NONE',  ( 1.733002409000000021, 1.131580398999999959, -1.100711951000000521 ) ) ;
#8275 = ORIENTED_EDGE ( 'NONE', *, *, #6636, .T. ) ;
#8276 = CARTESIAN_POINT ( 'NONE',  ( 0.7250000000000000888, 0.02000000000000000389, -0.5000000000000000000 ) ) ;
#8277 = CARTESIAN_POINT ( 'NONE',  ( -2.332672633104255322, 0.6835502101978063738, 0.9361342568403063780 ) ) ;
#8278 = CARTESIAN_POINT ( 'NONE',  ( -0.1445161610262682694, 0.2401880480125153094, -2.349999999999999645 ) ) ;
#8279 = EDGE_CURVE ( 'NONE', #8930, #6356, #1859, .T. ) ;
#8280 = EDGE_CURVE ( 'NONE', #10619, #7545, #9061, .T. ) ;
#8281 = CARTESIAN_POINT ( 'NONE',  ( 2.344294979127202527, 0.6659532203598077515, -0.9076392590540532934 ) ) ;
#8282 = CARTESIAN_POINT ( 'NONE',  ( -1.757340309308246473, 1.189257357899198508, -0.9062709549320485669 ) ) ;
#8283 = CARTESIAN_POINT ( 'NONE',  ( -1.290504948112033201, 1.129584030463079980, -1.600166172985941548 ) ) ;
#8284 = PLANE ( 'NONE',  #5803 ) ;
#8285 = ORIENTED_EDGE ( 'NONE', *, *, #6035, .F. ) ;
#8286 = CARTESIAN_POINT ( 'NONE',  ( 1.445541008179999531, 1.129159338880000307, 1.445501570959999871 ) ) ;
#8287 = CARTESIAN_POINT ( 'NONE',  ( -1.586918838000000109, 0.8091943639999999993, -1.586934931000000049 ) ) ;
#8288 = DIRECTION ( 'NONE',  ( -0.000000000000000000, -1.000000000000000000, -0.000000000000000000 ) ) ;
#8289 = ORIENTED_EDGE ( 'NONE', *, *, #4253, .T. ) ;
#8290 = CARTESIAN_POINT ( 'NONE',  ( 0.1463463590000000369, 0.2159485560000000415, 2.449999999999999734 ) ) ;
#8291 = DIRECTION ( 'NONE',  ( -0.000000000000000000, -1.000000000000000000, -0.000000000000000000 ) ) ;
#8292 = ORIENTED_EDGE ( 'NONE', *, *, #7288, .F. ) ;
#8293 = CARTESIAN_POINT ( 'NONE',  ( 0.7250000000000000888, 0.02000000000000000389, 0.8500000000000000888 ) ) ;
#8294 = EDGE_CURVE ( 'NONE', #1666, #2695, #6550, .T. ) ;
#8295 = EDGE_CURVE ( 'NONE', #2869, #794, #816, .T. ) ;
#8296 = DIRECTION ( 'NONE',  ( -0.000000000000000000, 1.000000000000000000, 0.000000000000000000 ) ) ;
#8297 = CARTESIAN_POINT ( 'NONE',  ( -0.9153818314151805913, 0.6711366683445727510, 2.341835794218532385 ) ) ;
#8298 = EDGE_CURVE ( 'NONE', #6727, #137, #6978, .T. ) ;
#8299 = CARTESIAN_POINT ( 'NONE',  ( 1.750000000000000000, 0.6400000000000001243, -1.750000000000000000 ) ) ;
#8300 = CARTESIAN_POINT ( 'NONE',  ( 1.183323532585727644, 1.129258928820426000, -1.665922776362622537 ) ) ;
#8301 = DIRECTION ( 'NONE',  ( -0.000000000000000000, 1.000000000000000000, -0.000000000000000000 ) ) ;
#8302 = ORIENTED_EDGE ( 'NONE', *, *, #7486, .F. ) ;
#8303 = CARTESIAN_POINT ( 'NONE',  ( 0.9514514940000000642, 1.199997956999999893, -1.721672806999999805 ) ) ;
#8304 = CARTESIAN_POINT ( 'NONE',  ( 1.199999999999999956, 1.199999999999999956, 1.896065049272180182E-16 ) ) ;
#8305 = CARTESIAN_POINT ( 'NONE',  ( 0.000000000000000000, 0.7000000000000000666, 0.000000000000000000 ) ) ;
#8306 = CARTESIAN_POINT ( 'NONE',  ( -1.612097062000000136, 1.199999999999999956, -1.037676850999999845 ) ) ;
#8307 = ORIENTED_EDGE ( 'NONE', *, *, #8991, .T. ) ;
#8308 = ORIENTED_EDGE ( 'NONE', *, *, #7007, .T. ) ;
#8309 = EDGE_CURVE ( 'NONE', #2608, #2498, #2504, .T. ) ;
#8310 = CARTESIAN_POINT ( 'NONE',  ( -1.594108219109200197, 1.128643693530000602, 1.284827855031600352 ) ) ;
#8311 = DIRECTION ( 'NONE',  ( 0.000000000000000000, -1.000000000000000000, -0.000000000000000000 ) ) ;
#8312 = VERTEX_POINT ( 'NONE', #1027 ) ;
#8313 = DIRECTION ( 'NONE',  ( -0.000000000000000000, -0.000000000000000000, -1.000000000000000000 ) ) ;
#8314 = EDGE_LOOP ( 'NONE', ( #1404, #4441, #5862, #1998 ) ) ;
#8315 = ORIENTED_EDGE ( 'NONE', *, *, #8722, .F. ) ;
#8316 = ORIENTED_EDGE ( 'NONE', *, *, #1697, .T. ) ;
#8317 = EDGE_CURVE ( 'NONE', #9834, #5063, #10001, .T. ) ;
#8318 = CARTESIAN_POINT ( 'NONE',  ( -0.6000000000000000888, 0.7000000000000000666, -2.250000000000001776 ) ) ;
#8319 = CIRCLE ( 'NONE', #4666, 0.3000000000000001554 ) ;
#8320 = VECTOR ( 'NONE', #2694, 1000.000000000000000 ) ;
#8321 = CARTESIAN_POINT ( 'NONE',  ( 0.7250000000033204328, 0.02000000000000001082, 0.5000000000527342614 ) ) ;
#8322 = CARTESIAN_POINT ( 'NONE',  ( -1.823793532257002914, 1.128616006862358079, 0.9223948601558902283 ) ) ;
#8323 = CARTESIAN_POINT ( 'NONE',  ( 0.9433135736225081169, 0.6871973006944882556, -2.328737517368178356 ) ) ;
#8324 = VECTOR ( 'NONE', #4555, 1000.000000000000000 ) ;
#8325 = CARTESIAN_POINT ( 'NONE',  ( 1.657392062000000665, 1.129359784999999894, -1.196140711000000190 ) ) ;
#8326 = CARTESIAN_POINT ( 'NONE',  ( -2.100000000007691714, 0.4000000000000000222, 2.405681128000001667 ) ) ;
#8327 = ORIENTED_EDGE ( 'NONE', *, *, #2578, .F. ) ;
#8328 = CARTESIAN_POINT ( 'NONE',  ( -0.9269562990000003166, 1.199999999999999956, -1.677118664000000203 ) ) ;
#8329 = ORIENTED_EDGE ( 'NONE', *, *, #6369, .F. ) ;
#8330 = EDGE_CURVE ( 'NONE', #4032, #4247, #10182, .T. ) ;
#8331 = DIRECTION ( 'NONE',  ( 1.000000000000000000, -0.000000000000000000, 0.000000000000000000 ) ) ;
#8332 = CARTESIAN_POINT ( 'NONE',  ( 1.638607705905662515, 1.199999999998405453, 0.9937673714707315753 ) ) ;
#8333 = DIRECTION ( 'NONE',  ( -0.000000000000000000, 1.000000000000000000, 0.000000000000000000 ) ) ;
#8334 = LINE ( 'NONE', #2570, #10304 ) ;
#8335 = CYLINDRICAL_SURFACE ( 'NONE', #1413, 2.500000000000000444 ) ;
#8336 = EDGE_CURVE ( 'NONE', #7322, #3186, #9192, .T. ) ;
#8337 = ORIENTED_EDGE ( 'NONE', *, *, #9953, .F. ) ;
#8338 = CARTESIAN_POINT ( 'NONE',  ( 1.594343559229999707, 1.128223148659999842, 1.284954260259999703 ) ) ;
#8339 = CARTESIAN_POINT ( 'NONE',  ( -1.951467994939614536, 0.8235466347716920987, -1.089653970202482558 ) ) ;
#8340 = DIRECTION ( 'NONE',  ( 0.000000000000000000, 0.000000000000000000, 1.000000000000000000 ) ) ;
#8341 = ORIENTED_EDGE ( 'NONE', *, *, #3332, .T. ) ;
#8342 = CARTESIAN_POINT ( 'NONE',  ( 0.000000000000000000, 1.399999999999999911, 0.000000000000000000 ) ) ;
#8343 = CARTESIAN_POINT ( 'NONE',  ( -2.330192141488836910, 0.6859213030762026930, -0.9407245590803666735 ) ) ;
#8344 = VECTOR ( 'NONE', #4662, 1000.000000000000000 ) ;
#8345 = DIRECTION ( 'NONE',  ( -0.000000000000000000, -0.000000000000000000, -1.000000000000000000 ) ) ;
#8346 = ORIENTED_EDGE ( 'NONE', *, *, #2643, .F. ) ;
#8347 = DIRECTION ( 'NONE',  ( 1.000000000000000000, -0.000000000000000000, 0.000000000000000000 ) ) ;
#8348 = FACE_OUTER_BOUND ( 'NONE', #6525, .T. ) ;
#8349 = CARTESIAN_POINT ( 'NONE',  ( 0.5999999998362440801, 0.6500000000000001332, -2.299999999999999822 ) ) ;
#8350 = ADVANCED_FACE ( 'NONE', ( #4148 ), #6623, .T. ) ;
#8351 = ADVANCED_FACE ( 'NONE', ( #4203 ), #8483, .T. ) ;
#8352 = CARTESIAN_POINT ( 'NONE',  ( -0.6000000000000000888, 0.7000000000000000666, -2.449999999999999734 ) ) ;
#8353 = DIRECTION ( 'NONE',  ( 0.000000000000000000, 0.000000000000000000, 1.000000000000000000 ) ) ;
#8354 = FACE_OUTER_BOUND ( 'NONE', #5501, .T. ) ;
#8355 = VERTEX_POINT ( 'NONE', #3377 ) ;
#8356 = CARTESIAN_POINT ( 'NONE',  ( 0.9929722054618995708, 1.200000061721100186, -1.637290672834299743 ) ) ;
#8357 = CARTESIAN_POINT ( 'NONE',  ( 0.4801489334972265377, 1.199999999999999734, 1.099918486008511165 ) ) ;
#8358 = CARTESIAN_POINT ( 'NONE',  ( -0.9407242000305864327, 0.6859313265672628557, -2.330200933006820296 ) ) ;
#8359 = CARTESIAN_POINT ( 'NONE',  ( -1.788907716999999842, 1.128899030999999997, -0.9884113439999999695 ) ) ;
#8360 = ORIENTED_EDGE ( 'NONE', *, *, #7219, .F. ) ;
#8361 = ORIENTED_EDGE ( 'NONE', *, *, #10122, .T. ) ;
#8362 = CARTESIAN_POINT ( 'NONE',  ( -1.762355772865599857, 1.128151665377599810, 1.036514213802000040 ) ) ;
#8363 = CARTESIAN_POINT ( 'NONE',  ( 0.1500313765188287796, 0.1253800482926368809, 2.320762952380092781 ) ) ;
#8364 = CARTESIAN_POINT ( 'NONE',  ( 0.9551237409999999706, 0.7002549249999999725, 2.323172694999999788 ) ) ;
#8365 = AXIS2_PLACEMENT_3D ( 'NONE', #4181, #6657, #1006 ) ;
#8366 = EDGE_CURVE ( 'NONE', #1387, #10657, #6073, .T. ) ;
#8367 = CARTESIAN_POINT ( 'NONE',  ( -2.100000000000000089, 0.000000000000000000, -2.299999999999999822 ) ) ;
#8368 = ORIENTED_EDGE ( 'NONE', *, *, #2729, .F. ) ;
#8369 = CARTESIAN_POINT ( 'NONE',  ( -2.337572942108162799, 0.6778193805540236871, 0.9260349534549070505 ) ) ;
#8370 = ORIENTED_EDGE ( 'NONE', *, *, #4125, .T. ) ;
#8371 = VECTOR ( 'NONE', #6408, 1000.000000000000000 ) ;
#8372 = ORIENTED_EDGE ( 'NONE', *, *, #3042, .T. ) ;
#8373 = ORIENTED_EDGE ( 'NONE', *, *, #252, .F. ) ;
#8374 = DIRECTION ( 'NONE',  ( 1.000000000000000000, -0.000000000000000000, 0.000000000000000000 ) ) ;
#8375 = CARTESIAN_POINT ( 'NONE',  ( -2.100000000000000089, 0.1000000000625780316, -2.299999999999999822 ) ) ;
#8376 = CARTESIAN_POINT ( 'NONE',  ( -1.000000000000000000, 0.7000000000000000666, 1.250000000200000017 ) ) ;
#8377 = CARTESIAN_POINT ( 'NONE',  ( 1.750000000000000000, 0.6400000000000001243, -1.449999999999999956 ) ) ;
#8378 = VECTOR ( 'NONE', #4022, 1000.000000000000000 ) ;
#8379 = ADVANCED_FACE ( 'NONE', ( #152 ), #96, .F. ) ;
#8380 = CARTESIAN_POINT ( 'NONE',  ( 0.9872889056755289605, 0.6997124052390213400, -2.299170782628039422 ) ) ;
#8381 = ORIENTED_EDGE ( 'NONE', *, *, #9030, .F. ) ;
#8382 = CARTESIAN_POINT ( 'NONE',  ( -0.9042371464199999709, 1.200000020449999871, -1.689027137049999627 ) ) ;
#8383 = EDGE_LOOP ( 'NONE', ( #10243, #9377, #2768, #8997 ) ) ;
#8384 = VECTOR ( 'NONE', #1543, 1000.000000000000000 ) ;
#8385 = CARTESIAN_POINT ( 'NONE',  ( -1.875000000000000000, 0.7000000000000005107, 2.174999999999999822 ) ) ;
#8386 = CARTESIAN_POINT ( 'NONE',  ( 2.348050708915246698, 0.6515159828371047679, -0.8873456937592970606 ) ) ;
#8387 = CARTESIAN_POINT ( 'NONE',  ( 0.1295115532633334121, 0.1901880480000000817, 2.228988776442842212 ) ) ;
#8388 = FACE_OUTER_BOUND ( 'NONE', #4165, .T. ) ;
#8389 = ADVANCED_FACE ( 'NONE', ( #5140 ), #6844, .F. ) ;
#8390 = CARTESIAN_POINT ( 'NONE',  ( 2.329983174089401032, 0.6861086952540453865, 0.9411000321590974327 ) ) ;
#8391 = CARTESIAN_POINT ( 'NONE',  ( 0.000000000000000000, 0.09018804800000002064, -1.620188048000001046 ) ) ;
#8392 = VECTOR ( 'NONE', #1852, 1000.000000000000000 ) ;
#8393 = ORIENTED_EDGE ( 'NONE', *, *, #2903, .F. ) ;
#8394 = CARTESIAN_POINT ( 'NONE',  ( 1.494080176487200040, 1.200000020432299808, 1.204281473575100181 ) ) ;
#8395 = CARTESIAN_POINT ( 'NONE',  ( -1.782631678137518438, 0.8239207080182340270, -1.348079781024905444 ) ) ;
#8396 = CARTESIAN_POINT ( 'NONE',  ( -1.024999999999999911, 0.02000000000000000389, 0.5000000000703124226 ) ) ;
#8397 = ORIENTED_EDGE ( 'NONE', *, *, #4871, .F. ) ;
#8398 = CARTESIAN_POINT ( 'NONE',  ( 2.449999999999999734, -0.05000000000000000971, -1.250000000000000000 ) ) ;
#8399 = DIRECTION ( 'NONE',  ( 0.000000000000000000, 1.000000000000000000, 0.000000000000000000 ) ) ;
#8400 = FACE_OUTER_BOUND ( 'NONE', #4798, .T. ) ;
#8401 = VERTEX_POINT ( 'NONE', #1627 ) ;
#8402 = CARTESIAN_POINT ( 'NONE',  ( 1.750000000000000000, 0.6500000000000001332, -1.750000000000000000 ) ) ;
#8403 = CARTESIAN_POINT ( 'NONE',  ( 1.750000000000000000, 0.6500000000000001332, 1.750000000000000000 ) ) ;
#8404 = CARTESIAN_POINT ( 'NONE',  ( -2.449999999999999734, 0.04999999999999996808, 0.1999999999999999001 ) ) ;
#8405 = VECTOR ( 'NONE', #71, 1000.000000000000000 ) ;
#8406 = LINE ( 'NONE', #6113, #3517 ) ;
#8407 = PLANE ( 'NONE',  #5615 ) ;
#8408 = CARTESIAN_POINT ( 'NONE',  ( 0.6000000000000000888, 0.2401880480000000151, 2.349999999999999645 ) ) ;
#8409 = VERTEX_POINT ( 'NONE', #9566 ) ;
#8410 = AXIS2_PLACEMENT_3D ( 'NONE', #9387, #4343, #2646 ) ;
#8411 = CARTESIAN_POINT ( 'NONE',  ( 1.151352781000000158, 1.199997972000000024, -1.595227327000000805 ) ) ;
#8412 = CARTESIAN_POINT ( 'NONE',  ( -0.8916291446678870081, 1.200000000000545519, -1.696049945175428064 ) ) ;
#8413 = CARTESIAN_POINT ( 'NONE',  ( -0.9471510259889315275, 0.6889698923610864112, -2.326485266226103299 ) ) ;
#8414 = CARTESIAN_POINT ( 'NONE',  ( -1.688577436480000804, 1.200000040899999787, -0.9039993192199998751 ) ) ;
#8415 = ORIENTED_EDGE ( 'NONE', *, *, #6945, .T. ) ;
#8416 = ORIENTED_EDGE ( 'NONE', *, *, #5162, .T. ) ;
#8417 = CARTESIAN_POINT ( 'NONE',  ( -1.583068213399999813, 1.200000040599999762, 1.079786568559999882 ) ) ;
#8418 = CARTESIAN_POINT ( 'NONE',  ( -1.400000000009876233, 0.7000000000000000666, -2.174999999999999822 ) ) ;
#8419 = EDGE_CURVE ( 'NONE', #10084, #7705, #9815, .T. ) ;
#8420 = ADVANCED_FACE ( 'NONE', ( #1893 ), #1085, .T. ) ;
#8421 = CARTESIAN_POINT ( 'NONE',  ( -0.9950587360000001658, 0.7007647740000000347, 2.293438055000000197 ) ) ;
#8422 = AXIS2_PLACEMENT_3D ( 'NONE', #9918, #2519, #6587 ) ;
#8423 = CARTESIAN_POINT ( 'NONE',  ( 0.1458370701351431320, 0.09018804800000000677, 2.263263751852712780 ) ) ;
#8424 = ORIENTED_EDGE ( 'NONE', *, *, #7472, .T. ) ;
#8425 = CARTESIAN_POINT ( 'NONE',  ( -2.341653860919363339, 0.6714973054069413028, 0.9159253844125099242 ) ) ;
#8426 = AXIS2_PLACEMENT_3D ( 'NONE', #7800, #5896, #184 ) ;
#8427 = ORIENTED_EDGE ( 'NONE', *, *, #10792, .F. ) ;
#8428 = VECTOR ( 'NONE', #2017, 1000.000000000000000 ) ;
#8429 = ORIENTED_EDGE ( 'NONE', *, *, #8564, .T. ) ;
#8430 = ORIENTED_EDGE ( 'NONE', *, *, #10226, .T. ) ;
#8431 = CARTESIAN_POINT ( 'NONE',  ( 0.000000000000000000, 2.985561945000001938, -2.348438055000000357 ) ) ;
#8432 = CARTESIAN_POINT ( 'NONE',  ( -1.189468245159364335, 1.200000000000000178, -0.1883256787329476711 ) ) ;
#8433 = EDGE_CURVE ( 'NONE', #10446, #7078, #2050, .T. ) ;
#8434 = CARTESIAN_POINT ( 'NONE',  ( 2.299999999999999822, 0.6450000001392882654, 0.8785042872610732134 ) ) ;
#8435 = CARTESIAN_POINT ( 'NONE',  ( -1.416330458181875862, 1.129587179322775192, 1.473806946432896003 ) ) ;
#8436 = VECTOR ( 'NONE', #3915, 1000.000000000000000 ) ;
#8437 = CARTESIAN_POINT ( 'NONE',  ( -0.1879012305185142617, 1.199999999999999734, 1.189635733468631607 ) ) ;
#8438 = CARTESIAN_POINT ( 'NONE',  ( 1.682067307000000067, 1.199997963000000167, -1.020019175000000056 ) ) ;
#8439 = VERTEX_POINT ( 'NONE', #365 ) ;
#8440 = CARTESIAN_POINT ( 'NONE',  ( -0.9045581560000000021, 1.199997938000000097, -1.747051026000000062 ) ) ;
#8441 = ORIENTED_EDGE ( 'NONE', *, *, #3986, .T. ) ;
#8442 = VECTOR ( 'NONE', #8535, 1000.000000000000000 ) ;
#8443 = CARTESIAN_POINT ( 'NONE',  ( 0.6000000007291668158, 0.6500000000000001332, -2.299999999999999822 ) ) ;
#8444 = EDGE_CURVE ( 'NONE', #2210, #9910, #9463, .T. ) ;
#8445 = CARTESIAN_POINT ( 'NONE',  ( 2.347970168466102070, 0.6521910195560866041, -0.8882681531854601520 ) ) ;
#8446 = CARTESIAN_POINT ( 'NONE',  ( -1.000000000000000000, 0.7000000000000000666, -2.399999999999999911 ) ) ;
#8447 = LINE ( 'NONE', #5099, #5576 ) ;
#8448 = CARTESIAN_POINT ( 'NONE',  ( 2.325707469169673747, 0.6895438505673413543, 0.9484464288722498360 ) ) ;
#8449 = DIRECTION ( 'NONE',  ( 0.000000000000000000, 0.000000000000000000, -1.000000000000000000 ) ) ;
#8450 = EDGE_LOOP ( 'NONE', ( #9408, #8207, #6616, #4579 ) ) ;
#8451 = CARTESIAN_POINT ( 'NONE',  ( 1.650534686660500627, 1.200000061781700156, 0.9710348761742005896 ) ) ;
#8452 = CARTESIAN_POINT ( 'NONE',  ( -1.951561696293076409, 0.8233781958477948137, -1.089707340468321517 ) ) ;
#8453 = ORIENTED_EDGE ( 'NONE', *, *, #6083, .F. ) ;
#8454 = PLANE ( 'NONE',  #6348 ) ;
#8455 = CARTESIAN_POINT ( 'NONE',  ( -2.320814944673138314, 0.6927065910918781544, -0.9562707984778351378 ) ) ;
#8456 = CARTESIAN_POINT ( 'NONE',  ( -1.106843521103890504, 0.8233145215229985547, 1.942104130440612808 ) ) ;
#8457 = ORIENTED_EDGE ( 'NONE', *, *, #5275, .T. ) ;
#8458 = CARTESIAN_POINT ( 'NONE',  ( 1.614297568806166261, 0.8235739876808200188, -1.546273375126212102 ) ) ;
#8459 = ADVANCED_FACE ( 'NONE', ( #9469 ), #7932, .T. ) ;
#8460 = DIRECTION ( 'NONE',  ( 0.000000000000000000, 1.000000000000000000, -0.000000000000000000 ) ) ;
#8461 = DIRECTION ( 'NONE',  ( 0.000000000000000000, -1.000000000000000000, 0.000000000000000000 ) ) ;
#8462 = CARTESIAN_POINT ( 'NONE',  ( 0.8583579737640001373, 1.200000041409999829, 1.711880366105000162 ) ) ;
#8463 = CARTESIAN_POINT ( 'NONE',  ( 1.600166172973914058, 1.129584030457482680, -1.290504948112854766 ) ) ;
#8464 = CARTESIAN_POINT ( 'NONE',  ( -0.6000000006125000285, 0.8000000000000000444, 2.300000000100000719 ) ) ;
#8465 = ORIENTED_EDGE ( 'NONE', *, *, #9480, .F. ) ;
#8466 = CARTESIAN_POINT ( 'NONE',  ( 0.8817566440000000894, 1.199999999999999956, -1.701356799999999891 ) ) ;
#8467 = LINE ( 'NONE', #4960, #3055 ) ;
#8468 = CARTESIAN_POINT ( 'NONE',  ( -0.9701547040319570270, 0.6969612823711716088, -2.311466508462530545 ) ) ;
#8469 = CARTESIAN_POINT ( 'NONE',  ( -1.827308195644899991, 1.128270466972900010, -0.9159189326928001140 ) ) ;
#8470 = ORIENTED_EDGE ( 'NONE', *, *, #6888, .F. ) ;
#8471 = CARTESIAN_POINT ( 'NONE',  ( -1.695697846000000064, 1.199997961000000224, 0.9974854899999999747 ) ) ;
#8472 = CARTESIAN_POINT ( 'NONE',  ( -1.600000000000000089, 0.3999999999999999667, 2.405681128000001667 ) ) ;
#8473 = CARTESIAN_POINT ( 'NONE',  ( 2.299999999870182776, 0.6500000000998237271, -0.9268673177954588338 ) ) ;
#8474 = DIRECTION ( 'NONE',  ( -1.000000000000000000, -0.000000000000000000, -0.000000000000000000 ) ) ;
#8475 = CARTESIAN_POINT ( 'NONE',  ( -0.3386130940983577697, 0.1901880480000000262, -1.620188048000000158 ) ) ;
#8476 = ORIENTED_EDGE ( 'NONE', *, *, #5198, .F. ) ;
#8477 = EDGE_CURVE ( 'NONE', #4212, #9895, #8931, .T. ) ;
#8478 = CARTESIAN_POINT ( 'NONE',  ( -2.340965453296707466, 0.6726793499052571290, 0.9177647326035918152 ) ) ;
#8479 = ORIENTED_EDGE ( 'NONE', *, *, #4480, .T. ) ;
#8480 = ORIENTED_EDGE ( 'NONE', *, *, #5702, .F. ) ;
#8481 = EDGE_LOOP ( 'NONE', ( #6375, #3721, #6404, #5605, #10740, #6280 ) ) ;
#8482 = FACE_OUTER_BOUND ( 'NONE', #7117, .T. ) ;
#8483 = PLANE ( 'NONE',  #7380 ) ;
#8484 = LINE ( 'NONE', #5919, #3638 ) ;
#8485 = CARTESIAN_POINT ( 'NONE',  ( -2.293438055000000197, 0.7007647740000000347, -0.9950587360000001658 ) ) ;
#8486 = CARTESIAN_POINT ( 'NONE',  ( 0.9935056904858590165, 0.6999999999966439734, -2.294589220839867050 ) ) ;
#8487 = EDGE_CURVE ( 'NONE', #2114, #7840, #2875, .T. ) ;
#8488 = ADVANCED_FACE ( 'NONE', ( #7004 ), #6237, .T. ) ;
#8489 = CARTESIAN_POINT ( 'NONE',  ( 1.651859966000000179, 1.199999999999999956, -0.9718178660000005298 ) ) ;
#8490 = ORIENTED_EDGE ( 'NONE', *, *, #4540, .F. ) ;
#8491 = CARTESIAN_POINT ( 'NONE',  ( -1.152271626899399770, 1.128415256313600068, -1.689693189578800103 ) ) ;
#8492 = EDGE_LOOP ( 'NONE', ( #4746, #9899, #3913, #9563 ) ) ;
#8493 = PRODUCT_RELATED_PRODUCT_CATEGORY ( 'part', '', ( #5372 ) ) ;
#8494 = DIRECTION ( 'NONE',  ( 0.000000000000000000, 0.000000000000000000, 1.000000000000000000 ) ) ;
#8495 = CYLINDRICAL_SURFACE ( 'NONE', #1743, 0.05000000000000012768 ) ;
#8496 = CARTESIAN_POINT ( 'NONE',  ( 2.299999999999999822, 0.8000000000000000444, -2.250000000047644111 ) ) ;
#8497 = CARTESIAN_POINT ( 'NONE',  ( -0.1456456492720529516, 0.1901880480000000817, -2.261249070716053300 ) ) ;
#8498 = VECTOR ( 'NONE', #4503, 1000.000000000000000 ) ;
#8499 = CLOSED_SHELL ( 'NONE', ( #10706, #2005, #6670, #5088, #3197, #10238, #7217, #5675, #3472, #7153, #2997, #5597, #4688, #7036, #5274, #9777, #381, #3729, #1258, #4737, #396, #3952, #5074, #3546, #6947, #10264, #1224, #98, #8917, #6112, #3441, #9170, #7727, #7593, #7353, #634, #4872, #919, #2720, #3608, #729, #2253, #10212, #3862, #5344, #9214, #6179, #8743, #7552, #6051, #3459, #7611, #7822, #6987, #9766, #9750, #8686, #1302, #2028, #7243, #3497, #9965, #3847, #4356, #176, #2558, #3583, #1134, #976, #2758, #3848, #8023, #439, #2041, #6573, #4999, #1092, #6744, #4604, #9415, #8256, #204, #2790, #5613, #9310, #4612, #8670, #4751, #3081, #7849, #9507, #4204, #8953, #3422, #6502, #1036, #2153, #1455, #4123, #4289, #6355, #9558, #8061, #2131, #10361, #7021, #3458, #7338, #2532, #8459, #10359, #4052, #3093, #4765, #4263, #8351, #4789, #1017, #2322, #5857, #3261, #3716, #10452, #409, #9819, #2459, #4975, #3999, #8547, #6624, #4630, #10133, #7527, #7879, #4053, #9358, #5356, #3259, #8939, #337, #3242, #8579, #4840, #10247, #307, #14, #5059, #47, #7256, #2174, #8350, #6613, #4069, #6425, #2314, #9703, #6513, #10556, #7868, #5420, #577, #2972, #1680, #5676, #10099, #7881, #288, #3922, #7691, #3117, #9994, #5148, #2467, #774, #8757, #8960, #5964, #9074, #7624, #7959, #2340, #5237, #4151, #3654, #2416, #877, #6217, #10444, #2452, #648, #10388, #6901, #4466, #8857, #4857, #10186, #855, #3718, #2438, #8488, #1909, #4897, #2112, #1751, #8213, #5177, #3971, #5651, #2329, #2173, #10027, #8549, #10841, #2699, #8803, #8379, #7138, #5529, #8635, #7062, #8389, #4092, #9581, #6207, #2854, #5034, #3878, #9876, #5434, #852, #9157, #2984, #5484, #9294, #10285, #10428, #4996, #9634, #9917, #1244, #7581, #10198, #9155, #6165, #4140, #5586, #9356, #8420, #6304, #5189, #7137, #2052, #10438 ) ) ;
#8500 = CARTESIAN_POINT ( 'NONE',  ( 2.315643885240520117, 0.6953179997948645275, 0.9640816485341685560 ) ) ;
#8501 = DIRECTION ( 'NONE',  ( -0.000000000000000000, -1.000000000000000000, -0.000000000000000000 ) ) ;
#8502 = ORIENTED_EDGE ( 'NONE', *, *, #8613, .T. ) ;
#8503 = EDGE_CURVE ( 'NONE', #10695, #10805, #7110, .T. ) ;
#8504 = CARTESIAN_POINT ( 'NONE',  ( 1.553692573585299996, 1.200000020482799856, 1.121457761400099784 ) ) ;
#8505 = CARTESIAN_POINT ( 'NONE',  ( -1.102395951999999957, 0.8000000000000000444, -1.973837771000000352 ) ) ;
#8506 = ORIENTED_EDGE ( 'NONE', *, *, #9322, .F. ) ;
#8507 = CARTESIAN_POINT ( 'NONE',  ( 0.2999999999667969375, 0.02000000000000001082, -0.5000000000019531043 ) ) ;
#8508 = CARTESIAN_POINT ( 'NONE',  ( -2.339057303545290623, 0.6757294452153381759, -0.9225978321994477982 ) ) ;
#8509 = CARTESIAN_POINT ( 'NONE',  ( 1.000000000000000000, 0.7000000000000000666, -2.250000000000001776 ) ) ;
#8510 = ORIENTED_EDGE ( 'NONE', *, *, #2915, .F. ) ;
#8511 = CARTESIAN_POINT ( 'NONE',  ( 1.600000000000000089, 0.1000000000000000056, 2.299999999999999822 ) ) ;
#8512 = CIRCLE ( 'NONE', #1158, 0.09999999999999982514 ) ;
#8513 = CARTESIAN_POINT ( 'NONE',  ( 1.000000000000000000, 0.8000000000000000444, 2.250000000000001776 ) ) ;
#8514 = DIRECTION ( 'NONE',  ( -0.000000000000000000, -1.000000000000000000, -0.000000000000000000 ) ) ;
#8515 = LINE ( 'NONE', #4508, #8936 ) ;
#8516 = CARTESIAN_POINT ( 'NONE',  ( 0.9388732090000000419, 1.128327845000000051, 1.815817024000000224 ) ) ;
#8517 = CARTESIAN_POINT ( 'NONE',  ( 0.000000000000000000, 0.6500000000000001332, 0.000000000000000000 ) ) ;
#8518 = DIRECTION ( 'NONE',  ( 0.000000000000000000, 0.000000000000000000, 1.000000000000000000 ) ) ;
#8519 = ORIENTED_EDGE ( 'NONE', *, *, #550, .F. ) ;
#8520 = CARTESIAN_POINT ( 'NONE',  ( 0.9267114096492000686, 1.200000020634300002, -1.676667286348999975 ) ) ;
#8521 = DIRECTION ( 'NONE',  ( 0.000000000000000000, 1.000000000000000000, 0.000000000000000000 ) ) ;
#8522 = CARTESIAN_POINT ( 'NONE',  ( 1.045664773836372424E-15, 1.199999999999999956, 1.199999999999999956 ) ) ;
#8523 = CARTESIAN_POINT ( 'NONE',  ( -1.682072991000000295, 1.199997963000000167, -1.020009777999999923 ) ) ;
#8524 = VERTEX_POINT ( 'NONE', #3544 ) ;
#8525 = CARTESIAN_POINT ( 'NONE',  ( -1.391172391000000008, 1.199997980000000020, 1.391210334000000159 ) ) ;
#8526 = CARTESIAN_POINT ( 'NONE',  ( 0.1497758240000000018, 0.1904321320000000595, 2.305697901000001604 ) ) ;
#8527 = CARTESIAN_POINT ( 'NONE',  ( -0.9173838330000000374, 0.6476198850000001173, 2.298438055000000091 ) ) ;
#8528 = LINE ( 'NONE', #1018, #10530 ) ;
#8529 = CYLINDRICAL_SURFACE ( 'NONE', #1847, 0.09999999999999982514 ) ;
#8530 = ORIENTED_EDGE ( 'NONE', *, *, #4556, .F. ) ;
#8531 = DIRECTION ( 'NONE',  ( -0.000000000000000000, -1.000000000000000000, -0.000000000000000000 ) ) ;
#8532 = ORIENTED_EDGE ( 'NONE', *, *, #9217, .T. ) ;
#8533 = EDGE_LOOP ( 'NONE', ( #6098, #7583, #8530, #5609 ) ) ;
#8534 = EDGE_LOOP ( 'NONE', ( #1326, #7531, #4385, #8838, #2923 ) ) ;
#8535 = DIRECTION ( 'NONE',  ( 0.000000000000000000, 1.000000000000000000, 0.000000000000000000 ) ) ;
#8536 = CARTESIAN_POINT ( 'NONE',  ( -1.598609145676586074, 0.8236258403950688090, 1.562488880387981949 ) ) ;
#8537 = FACE_OUTER_BOUND ( 'NONE', #4968, .T. ) ;
#8538 = CARTESIAN_POINT ( 'NONE',  ( 0.9484939173717453764, 0.6895642591485526829, -2.325678427212260146 ) ) ;
#8539 = AXIS2_PLACEMENT_3D ( 'NONE', #5062, #1659, #899 ) ;
#8540 = ORIENTED_EDGE ( 'NONE', *, *, #6889, .F. ) ;
#8541 = CARTESIAN_POINT ( 'NONE',  ( -1.037419862459999509, 1.200000020329999861, -1.611659300690000185 ) ) ;
#8542 = EDGE_LOOP ( 'NONE', ( #8292, #4472, #2979, #2353 ) ) ;
#8543 = DIRECTION ( 'NONE',  ( 0.000000000000000000, 0.000000000000000000, 1.000000000000000000 ) ) ;
#8544 = CARTESIAN_POINT ( 'NONE',  ( 2.348131249376426144, 0.6508409460172538408, -0.8864232341952931193 ) ) ;
#8545 = CIRCLE ( 'NONE', #9943, 0.2999999999999997113 ) ;
#8546 = CARTESIAN_POINT ( 'NONE',  ( -1.100000000000000311, 1.399999999999999911, 6.735557395310441284E-17 ) ) ;
#8547 = ADVANCED_FACE ( 'NONE', ( #2212 ), #578, .T. ) ;
#8548 = LINE ( 'NONE', #9321, #2236 ) ;
#8549 = ADVANCED_FACE ( 'NONE', ( #630 ), #9726, .F. ) ;
#8550 = CARTESIAN_POINT ( 'NONE',  ( 2.347080171962417250, 0.6571459165068140873, 0.8951058467051171696 ) ) ;
#8551 = DIRECTION ( 'NONE',  ( -1.000000000000000000, 0.000000000000000000, 0.000000000000000000 ) ) ;
#8552 = ORIENTED_EDGE ( 'NONE', *, *, #7947, .F. ) ;
#8553 = CARTESIAN_POINT ( 'NONE',  ( 1.612097062000000136, 1.199999999999999956, 1.037676850999999845 ) ) ;
#8554 = CARTESIAN_POINT ( 'NONE',  ( -1.430091556526476460, 0.8239825754409018099, -1.720628604589197419 ) ) ;
#8555 = VERTEX_POINT ( 'NONE', #465 ) ;
#8556 = VECTOR ( 'NONE', #5502, 1000.000000000000000 ) ;
#8557 = CARTESIAN_POINT ( 'NONE',  ( -0.8916291446678870081, 1.200000000000545519, -1.696049945175428064 ) ) ;
#8558 = DIRECTION ( 'NONE',  ( 1.445602896647340692E-15, 0.000000000000000000, 1.000000000000000000 ) ) ;
#8559 = DIRECTION ( 'NONE',  ( 0.000000000000000000, 0.000000000000000000, -1.000000000000000000 ) ) ;
#8560 = EDGE_LOOP ( 'NONE', ( #803, #6076, #2773, #4144, #4712 ) ) ;
#8561 = DIRECTION ( 'NONE',  ( 0.000000000000000000, 0.000000000000000000, -1.000000000000000000 ) ) ;
#8562 = DIRECTION ( 'NONE',  ( 0.000000000000000000, -0.000000000000000000, -1.000000000000000000 ) ) ;
#8563 = DIRECTION ( 'NONE',  ( -0.000000000000000000, -1.000000000000000000, -0.000000000000000000 ) ) ;
#8564 = EDGE_CURVE ( 'NONE', #6323, #10166, #3346, .T. ) ;
#8565 = AXIS2_PLACEMENT_3D ( 'NONE', #6635, #4105, #4213 ) ;
#8566 = DIRECTION ( 'NONE',  ( -1.000000000000000000, 0.000000000000000000, -0.000000000000000000 ) ) ;
#8567 = DIRECTION ( 'NONE',  ( 0.000000000000000000, 1.000000000000000000, 0.000000000000000000 ) ) ;
#8568 = CARTESIAN_POINT ( 'NONE',  ( -0.2999999999999999889, 0.1901880480000000817, -1.620188048000000158 ) ) ;
#8569 = CARTESIAN_POINT ( 'NONE',  ( -2.348438054999999913, 0.6450000000000001288, -0.8890463380000004356 ) ) ;
#8570 = ORIENTED_EDGE ( 'NONE', *, *, #3753, .T. ) ;
#8571 = CARTESIAN_POINT ( 'NONE',  ( 0.8583578237842001135, 1.200000041409999829, -1.711880441125199992 ) ) ;
#8572 = DIRECTION ( 'NONE',  ( 0.000000000000000000, 0.000000000000000000, 1.000000000000000000 ) ) ;
#8573 = VECTOR ( 'NONE', #3368, 1000.000000000000000 ) ;
#8574 = CARTESIAN_POINT ( 'NONE',  ( -0.9673896572311360131, 0.6962560071379112481, -2.313383523965501176 ) ) ;
#8575 = CARTESIAN_POINT ( 'NONE',  ( -1.816057874330600175, 1.127887988676300246, -0.9389938128204002865 ) ) ;
#8576 = ORIENTED_EDGE ( 'NONE', *, *, #6822, .F. ) ;
#8577 = CARTESIAN_POINT ( 'NONE',  ( -1.120868799029999918, 1.200000060839999660, 1.552874296589999759 ) ) ;
#8578 = CARTESIAN_POINT ( 'NONE',  ( -0.7250000000000000888, 0.02000000000000000389, -0.5000000000000000000 ) ) ;
#8579 = ADVANCED_FACE ( 'NONE', ( #2269 ), #9070, .T. ) ;
#8580 = CARTESIAN_POINT ( 'NONE',  ( -1.658609636848845881, 1.129183905787903397, -1.193694234388424480 ) ) ;
#8581 = AXIS2_PLACEMENT_3D ( 'NONE', #1300, #4601, #8602 ) ;
#8582 = LINE ( 'NONE', #6181, #2473 ) ;
#8583 = CARTESIAN_POINT ( 'NONE',  ( 1.058578643763010696, 1.499999999999649614, 2.117157287526020948 ) ) ;
#8584 = ORIENTED_EDGE ( 'NONE', *, *, #109, .F. ) ;
#8585 = CARTESIAN_POINT ( 'NONE',  ( -2.342297690231359031, 0.6702903202073767774, 0.9140846772655285557 ) ) ;
#8586 = VERTEX_POINT ( 'NONE', #3146 ) ;
#8587 = ORIENTED_EDGE ( 'NONE', *, *, #7690, .T. ) ;
#8588 = LINE ( 'NONE', #1082, #8442 ) ;
#8589 = VECTOR ( 'NONE', #4004, 1000.000000000000000 ) ;
#8590 = DIRECTION ( 'NONE',  ( -0.000000000000000000, 1.000000000000000000, -0.000000000000000000 ) ) ;
#8591 = EDGE_CURVE ( 'NONE', #3358, #7373, #6346, .T. ) ;
#8592 = DIRECTION ( 'NONE',  ( -1.000000000000000000, 0.000000000000000000, 0.000000000000000000 ) ) ;
#8593 = CARTESIAN_POINT ( 'NONE',  ( 0.9528132794165649067, 0.6913840345627731976, -2.323021433822420434 ) ) ;
#8594 = CIRCLE ( 'NONE', #1940, 0.1999999999999996503 ) ;
#8595 = DIRECTION ( 'NONE',  ( 0.000000000000000000, 1.000000000000000000, 0.000000000000000000 ) ) ;
#8596 = ORIENTED_EDGE ( 'NONE', *, *, #2902, .T. ) ;
#8597 = CARTESIAN_POINT ( 'NONE',  ( -1.106479049999999908, 1.129190861999999962, -1.719360979999999817 ) ) ;
#8598 = VERTEX_POINT ( 'NONE', #8908 ) ;
#8599 = DIRECTION ( 'NONE',  ( 0.000000000000000000, -0.000000000000000000, -1.000000000000000000 ) ) ;
#8600 = CARTESIAN_POINT ( 'NONE',  ( -1.696049930000000261, 1.050000000000000044, 0.9439799750000000822 ) ) ;
#8601 = VECTOR ( 'NONE', #1307, 1000.000000000000000 ) ;
#8602 = DIRECTION ( 'NONE',  ( 0.000000000000000000, 0.000000000000000000, 1.000000000000000000 ) ) ;
#8603 = VECTOR ( 'NONE', #7984, 1000.000000000000000 ) ;
#8604 = CARTESIAN_POINT ( 'NONE',  ( -0.1500000000000000222, 0.1909167857579883720, -2.308505452197204821 ) ) ;
#8605 = CARTESIAN_POINT ( 'NONE',  ( -0.1501325560046248009, 0.1688100686263108441, -2.431940389170701433 ) ) ;
#8606 = CARTESIAN_POINT ( 'NONE',  ( 2.342787187508089453, 0.6693213935041810725, 0.9126213257422424174 ) ) ;
#8607 = CARTESIAN_POINT ( 'NONE',  ( -2.100000000002564260, 4.404571325722361763E-17, 2.299999999999999822 ) ) ;
#8608 = VERTEX_POINT ( 'NONE', #1505 ) ;
#8609 = CARTESIAN_POINT ( 'NONE',  ( 1.664706683999999992, 1.199999999999999956, 0.9495353449999999196 ) ) ;
#8610 = CARTESIAN_POINT ( 'NONE',  ( 2.296859593692245571, 0.6500000000000004663, -0.9495193487613792227 ) ) ;
#8611 = VERTEX_POINT ( 'NONE', #8200 ) ;
#8612 = VECTOR ( 'NONE', #1141, 1000.000000000000000 ) ;
#8613 = EDGE_CURVE ( 'NONE', #7430, #9926, #1559, .T. ) ;
#8614 = CARTESIAN_POINT ( 'NONE',  ( -1.024999999999999911, 0.000000000000000000, 1.750000000000000000 ) ) ;
#8615 = PLANE ( 'NONE',  #7275 ) ;
#8616 = DIRECTION ( 'NONE',  ( 1.000000000000000000, -0.000000000000000000, 0.000000000000000000 ) ) ;
#8617 = PLANE ( 'NONE',  #9957 ) ;
#8618 = CARTESIAN_POINT ( 'NONE',  ( 1.750000000000000000, 0.6400000000000001243, -2.050000000000000266 ) ) ;
#8619 = CARTESIAN_POINT ( 'NONE',  ( -0.7895194306069437395, 1.100000000000000311, 0.9073874368261316548 ) ) ;
#8620 = CIRCLE ( 'NONE', #10013, 0.04999999999999969746 ) ;
#8621 = DIRECTION ( 'NONE',  ( 0.000000000000000000, 1.000000000000000000, 0.000000000000000000 ) ) ;
#8622 = DIRECTION ( 'NONE',  ( 0.000000000000000000, 1.000000000000000000, -0.000000000000000000 ) ) ;
#8623 = FACE_OUTER_BOUND ( 'NONE', #2994, .T. ) ;
#8624 = FACE_OUTER_BOUND ( 'NONE', #6853, .T. ) ;
#8625 = VERTEX_POINT ( 'NONE', #7162 ) ;
#8626 = EDGE_CURVE ( 'NONE', #4829, #5802, #10612, .T. ) ;
#8627 = CARTESIAN_POINT ( 'NONE',  ( 0.9045584920000000473, 1.199997938000000097, -1.747050862000000038 ) ) ;
#8628 = CARTESIAN_POINT ( 'NONE',  ( -1.193328224999999909, 0.8000000000000000444, 1.921762816999999846 ) ) ;
#8629 = EDGE_CURVE ( 'NONE', #3707, #6633, #10724, .T. ) ;
#8630 = CARTESIAN_POINT ( 'NONE',  ( -0.9122434589232464308, 0.6690625499194552406, -2.342895043300668778 ) ) ;
#8631 = CARTESIAN_POINT ( 'NONE',  ( -1.600000000087500096, 8.809142651444723526E-17, 2.300000000003155520 ) ) ;
#8632 = ORIENTED_EDGE ( 'NONE', *, *, #1418, .F. ) ;
#8633 = CARTESIAN_POINT ( 'NONE',  ( -1.427157584920000000, 1.200000060600000085, 1.281560088309999790 ) ) ;
#8634 = LINE ( 'NONE', #8472, #1042 ) ;
#8635 = ADVANCED_FACE ( 'NONE', ( #9674 ), #9399, .T. ) ;
#8636 = CARTESIAN_POINT ( 'NONE',  ( -1.514783710168678743, 1.129570543739710553, -1.372270761369746017 ) ) ;
#8637 = FACE_OUTER_BOUND ( 'NONE', #906, .T. ) ;
#8638 = DIRECTION ( 'NONE',  ( 0.000000000000000000, -1.000000000000000000, 0.000000000000000000 ) ) ;
#8639 = VERTEX_POINT ( 'NONE', #2433 ) ;
#8640 = CARTESIAN_POINT ( 'NONE',  ( 1.094267566000000302, 0.8089859220000000795, -1.959568014000000025 ) ) ;
#8641 = EDGE_CURVE ( 'NONE', #209, #6851, #10776, .T. ) ;
#8642 = ORIENTED_EDGE ( 'NONE', *, *, #8155, .F. ) ;
#8643 = ORIENTED_EDGE ( 'NONE', *, *, #5047, .T. ) ;
#8644 = CARTESIAN_POINT ( 'NONE',  ( 0.000000000000000000, 0.09018804800000002064, -2.164188048000000641 ) ) ;
#8645 = CARTESIAN_POINT ( 'NONE',  ( -0.1500313765188287796, 0.1581823335776134098, -2.314830679905801603 ) ) ;
#8646 = FACE_OUTER_BOUND ( 'NONE', #2458, .T. ) ;
#8647 = CARTESIAN_POINT ( 'NONE',  ( 1.807602010252146840, 1.128224433182733799, 0.9547010200815049252 ) ) ;
#8648 = CARTESIAN_POINT ( 'NONE',  ( 0.6000000000000000888, 0.7000000000000000666, -2.299999999999999822 ) ) ;
#8649 = EDGE_CURVE ( 'NONE', #2199, #1511, #6612, .T. ) ;
#8650 = VERTEX_POINT ( 'NONE', #5797 ) ;
#8651 = CARTESIAN_POINT ( 'NONE',  ( -1.106625114028499945, 1.128755742677900020, -1.719588789802599882 ) ) ;
#8652 = ORIENTED_EDGE ( 'NONE', *, *, #8155, .T. ) ;
#8653 = DIRECTION ( 'NONE',  ( 0.000000000000000000, -0.9431887185515800409, -0.3322574923113522649 ) ) ;
#8654 = B_SPLINE_CURVE_WITH_KNOTS ( 'NONE', 3,
 ( #3688, #3579, #2812, #406, #10275, #6273 ),
 .UNSPECIFIED., .F., .F.,
 ( 4, 2, 4 ),
 ( 0.000000000000000000, 0.4999999999999998890, 1.000000000000000000 ),
 .UNSPECIFIED. ) ;
#8655 = DIRECTION ( 'NONE',  ( 0.000000000000000000, 0.000000000000000000, 1.000000000000000000 ) ) ;
#8656 = DIRECTION ( 'NONE',  ( 0.000000000000000000, 1.000000000000000000, 0.000000000000000000 ) ) ;
#8657 = CARTESIAN_POINT ( 'NONE',  ( 1.000000000000597744, 1.500000000000000000, -2.000000000001195932 ) ) ;
#8658 = CARTESIAN_POINT ( 'NONE',  ( -0.1463463590000000369, 0.2159485560000000415, -2.449999999999999734 ) ) ;
#8659 = CARTESIAN_POINT ( 'NONE',  ( -1.510909742699736436, 0.8234725331418868421, -1.647446792938778604 ) ) ;
#8660 = CARTESIAN_POINT ( 'NONE',  ( -1.000000000000000000, 0.8000000000000000444, 2.399999999999999911 ) ) ;
#8661 = EDGE_LOOP ( 'NONE', ( #6567, #4964, #9119, #610 ) ) ;
#8662 = CARTESIAN_POINT ( 'NONE',  ( 1.815816861000000060, 1.128327839000000221, 0.9388735440000000043 ) ) ;
#8663 = CARTESIAN_POINT ( 'NONE',  ( -1.266123509470946207, 0.8236883946824420377, -1.844727405097707829 ) ) ;
#8664 = EDGE_LOOP ( 'NONE', ( #4309, #8341, #9255, #6403, #2265, #7990 ) ) ;
#8665 = CARTESIAN_POINT ( 'NONE',  ( 2.175000000039506443, 0.7000000000000000666, -1.250000000320987459 ) ) ;
#8666 = CARTESIAN_POINT ( 'NONE',  ( -2.100000000000000089, -0.002400000000000000657, -2.299999999999999822 ) ) ;
#8667 = LINE ( 'NONE', #488, #6949 ) ;
#8668 = CARTESIAN_POINT ( 'NONE',  ( -2.174999999999999822, 0.8000000000000001554, 1.875000000000000000 ) ) ;
#8669 = CARTESIAN_POINT ( 'NONE',  ( -1.123439598425324482, 1.100000000000000089, 0.4223500571272282289 ) ) ;
#8670 = ADVANCED_FACE ( 'NONE', ( #1617 ), #8254, .T. ) ;
#8671 = PLANE ( 'NONE',  #8410 ) ;
#8672 = CARTESIAN_POINT ( 'NONE',  ( 1.152268612939999715, 1.128423862360000030, 1.689688755880000004 ) ) ;
#8673 = PLANE ( 'NONE',  #694 ) ;
#8674 = LINE ( 'NONE', #6929, #7312 ) ;
#8675 = VERTEX_POINT ( 'NONE', #4435 ) ;
#8676 = CARTESIAN_POINT ( 'NONE',  ( 0.8812960466704002904, 1.200000041652399707, -1.700433779947599700 ) ) ;
#8677 = CIRCLE ( 'NONE', #3940, 0.1499999999999999667 ) ;
#8678 = CARTESIAN_POINT ( 'NONE',  ( -1.089760710734160698, 0.8232097569238975288, 1.951655397646538281 ) ) ;
#8679 = CARTESIAN_POINT ( 'NONE',  ( -0.8805270865694727611, 0.6464993622173875742, -2.348438055001093261 ) ) ;
#8680 = CARTESIAN_POINT ( 'NONE',  ( 2.348387228918005665, 0.6477278352009832041, 0.8821895671021156016 ) ) ;
#8681 = CARTESIAN_POINT ( 'NONE',  ( -1.152399385941000443, 1.127980601152299922, 1.689933534791800085 ) ) ;
#8682 = CARTESIAN_POINT ( 'NONE',  ( 1.875000000000000000, 0.7000000000000000666, 2.174999999999999822 ) ) ;
#8683 = CARTESIAN_POINT ( 'NONE',  ( -1.562888776388976719, 1.129272700307212052, -1.317151282206860730 ) ) ;
#8684 = EDGE_CURVE ( 'NONE', #3186, #4256, #374, .T. ) ;
#8685 = VECTOR ( 'NONE', #6820, 1000.000000000000000 ) ;
#8686 = ADVANCED_FACE ( 'NONE', ( #3551 ), #5475, .T. ) ;
#8687 = DIRECTION ( 'NONE',  ( -1.000000000000000000, -0.000000000000000000, 0.000000000000000000 ) ) ;
#8688 = CARTESIAN_POINT ( 'NONE',  ( -0.9184499900000000494, 0.6750097260000001986, -2.349202828999999326 ) ) ;
#8689 = EDGE_LOOP ( 'NONE', ( #6841, #734, #7548, #8945 ) ) ;
#8690 = CARTESIAN_POINT ( 'NONE',  ( 1.654806229000000073, 1.199997967000000054, -1.065086544000000135 ) ) ;
#8691 = CARTESIAN_POINT ( 'NONE',  ( 1.348079781024905444, 0.8239207080182340270, -1.782631678137518438 ) ) ;
#8692 = ORIENTED_EDGE ( 'NONE', *, *, #4110, .F. ) ;
#8693 = ORIENTED_EDGE ( 'NONE', *, *, #9890, .F. ) ;
#8694 = CIRCLE ( 'NONE', #10091, 0.3000000000000001554 ) ;
#8695 = FACE_OUTER_BOUND ( 'NONE', #3616, .T. ) ;
#8696 = CARTESIAN_POINT ( 'NONE',  ( -0.1500156882594143870, 0.1253009086463184318, -2.320304504190046302 ) ) ;
#8697 = CARTESIAN_POINT ( 'NONE',  ( 2.100000000000000089, -0.002400000000000000657, -2.501199999999999868 ) ) ;
#8698 = EDGE_CURVE ( 'NONE', #8138, #2638, #1959, .T. ) ;
#8699 = LINE ( 'NONE', #2877, #10422 ) ;
#8700 = CARTESIAN_POINT ( 'NONE',  ( 5.035636875936203051E-16, 1.100000000000000089, 1.200000000000000178 ) ) ;
#8701 = ORIENTED_EDGE ( 'NONE', *, *, #4431, .T. ) ;
#8702 = CARTESIAN_POINT ( 'NONE',  ( -1.284657777515801014, 1.129077057765000003, -1.593896816554600138 ) ) ;
#8703 = VERTEX_POINT ( 'NONE', #9631 ) ;
#8704 = PLANE ( 'NONE',  #3354 ) ;
#8705 = DIRECTION ( 'NONE',  ( 1.000000000000000000, -0.000000000000000000, 0.000000000000000000 ) ) ;
#8706 = DIRECTION ( 'NONE',  ( 0.000000000000000000, -1.000000000000000000, -0.000000000000000000 ) ) ;
#8707 = DIRECTION ( 'NONE',  ( 0.000000000000000000, 0.000000000000000000, 1.000000000000000000 ) ) ;
#8708 = CARTESIAN_POINT ( 'NONE',  ( -0.1500000000000000222, 0.1858803470000000291, -2.403255918999999352 ) ) ;
#8709 = EDGE_CURVE ( 'NONE', #1913, #9672, #5417, .T. ) ;
#8710 = VECTOR ( 'NONE', #3866, 1000.000000000000000 ) ;
#8711 = CARTESIAN_POINT ( 'NONE',  ( -4.599717996518602298E-16, 1.100000000000000089, -1.100000000000000089 ) ) ;
#8712 = PLANE ( 'NONE',  #6490 ) ;
#8713 = EDGE_LOOP ( 'NONE', ( #7604, #8260, #9774, #8993 ) ) ;
#8714 = CARTESIAN_POINT ( 'NONE',  ( 1.988339712000000148, 0.8000000000000000444, 1.110655302000000066 ) ) ;
#8715 = CARTESIAN_POINT ( 'NONE',  ( 2.299999999870182776, 0.6500000000998237271, -0.9268673177954588338 ) ) ;
#8716 = ORIENTED_EDGE ( 'NONE', *, *, #3309, .T. ) ;
#8717 = CARTESIAN_POINT ( 'NONE',  ( -2.300307003413291085, 0.6995693828780901180, -0.9857347650320638088 ) ) ;
#8718 = DIRECTION ( 'NONE',  ( 1.000000000000000000, 0.000000000000000000, 0.000000000000000000 ) ) ;
#8719 = AXIS2_PLACEMENT_3D ( 'NONE', #3754, #7111, #3649 ) ;
#8720 = CYLINDRICAL_SURFACE ( 'NONE', #4001, 0.3000000000000000444 ) ;
#8721 = CARTESIAN_POINT ( 'NONE',  ( -0.5169357565090749729, 1.100000000000000089, 1.083294684691354259 ) ) ;
#8722 = EDGE_CURVE ( 'NONE', #4247, #8138, #7780, .T. ) ;
#8723 = DIRECTION ( 'NONE',  ( 0.000000000000000000, -1.000000000000000000, 0.000000000000000000 ) ) ;
#8724 = VECTOR ( 'NONE', #7968, 1000.000000000000000 ) ;
#8725 = CARTESIAN_POINT ( 'NONE',  ( 0.9710401369928006732, 1.200000061781700156, 1.650531678236001110 ) ) ;
#8726 = PLANE ( 'NONE',  #8227 ) ;
#8727 = CARTESIAN_POINT ( 'NONE',  ( 2.323310238000000361, 0.7005098490000000178, 0.9551183869999999576 ) ) ;
#8728 = ORIENTED_EDGE ( 'NONE', *, *, #3920, .T. ) ;
#8729 = DIRECTION ( 'NONE',  ( 0.000000000000000000, -0.3322574898012535805, 0.9431887194358136162 ) ) ;
#8730 = CARTESIAN_POINT ( 'NONE',  ( 1.750000000000000000, 0.6500000000000001332, 1.750000000000000000 ) ) ;
#8731 = EDGE_LOOP ( 'NONE', ( #598, #3562, #2715, #570, #1207, #68 ) ) ;
#8732 = CARTESIAN_POINT ( 'NONE',  ( -0.9214417222816562170, 0.6750113521342474554, -2.339533468465089250 ) ) ;
#8733 = CARTESIAN_POINT ( 'NONE',  ( -0.3000000000000000444, 0.6500000000000001332, 2.349999999999999645 ) ) ;
#8734 = CARTESIAN_POINT ( 'NONE',  ( -1.367923329421800061, 1.128722101596200345, 1.523504219354600231 ) ) ;
#8735 = CARTESIAN_POINT ( 'NONE',  ( -1.000000000000000000, 0.8000000000000000444, -2.250000000047644111 ) ) ;
#8736 = VECTOR ( 'NONE', #5327, 1000.000000000000000 ) ;
#8737 = CARTESIAN_POINT ( 'NONE',  ( 0.9572613157227645164, 0.6930692055319054301, 2.320174152818997193 ) ) ;
#8738 = CARTESIAN_POINT ( 'NONE',  ( -0.9327571059302386391, 1.102651364883272533, 1.836502778887328713 ) ) ;
#8739 = ORIENTED_EDGE ( 'NONE', *, *, #1186, .T. ) ;
#8740 = AXIS2_PLACEMENT_3D ( 'NONE', #475, #1462, #4810 ) ;
#8741 = CARTESIAN_POINT ( 'NONE',  ( 1.428288562000000095, 1.199999999999999956, -1.282574754999999733 ) ) ;
#8742 = DIRECTION ( 'NONE',  ( 1.000000000000000000, 0.000000000000000000, -0.000000000000000000 ) ) ;
#8743 = ADVANCED_FACE ( 'NONE', ( #8810 ), #1195, .T. ) ;
#8744 = VERTEX_POINT ( 'NONE', #5313 ) ;
#8745 = ORIENTED_EDGE ( 'NONE', *, *, #7986, .F. ) ;
#8746 = PLANE ( 'NONE',  #4762 ) ;
#8747 = CARTESIAN_POINT ( 'NONE',  ( -0.9201839197005087234, 1.144098747013100104, -1.814269423532039571 ) ) ;
#8748 = DIRECTION ( 'NONE',  ( 0.000000000000000000, 0.000000000000000000, 1.000000000000000000 ) ) ;
#8749 = VECTOR ( 'NONE', #8706, 1000.000000000000000 ) ;
#8750 = CARTESIAN_POINT ( 'NONE',  ( 1.665922781278386111, 1.129258928890744418, 1.183323525561728928 ) ) ;
#8751 = LINE ( 'NONE', #2110, #8199 ) ;
#8752 = ORIENTED_EDGE ( 'NONE', *, *, #8843, .T. ) ;
#8753 = AXIS2_PLACEMENT_3D ( 'NONE', #183, #8621, #10377 ) ;
#8754 = EDGE_CURVE ( 'NONE', #6311, #9355, #5107, .T. ) ;
#8755 = CARTESIAN_POINT ( 'NONE',  ( -1.426375634000000003, 1.172453102000000191, -1.426336724000000000 ) ) ;
#8756 = ORIENTED_EDGE ( 'NONE', *, *, #7622, .F. ) ;
#8757 = ADVANCED_FACE ( 'NONE', ( #219 ), #8704, .T. ) ;
#8758 = ORIENTED_EDGE ( 'NONE', *, *, #3147, .F. ) ;
#8759 = CARTESIAN_POINT ( 'NONE',  ( 0.9704730320000001242, 1.028454669999999904, 1.868922332000000797 ) ) ;
#8760 = DIRECTION ( 'NONE',  ( -0.000000000000000000, -1.000000000000000000, -0.000000000000000000 ) ) ;
#8761 = DIRECTION ( 'NONE',  ( -0.000000000000000000, 1.000000000000000000, -0.000000000000000000 ) ) ;
#8762 = CARTESIAN_POINT ( 'NONE',  ( -1.100992135000000038, 0.8213205660000000297, 1.946645606000001028 ) ) ;
#8763 = VECTOR ( 'NONE', #3504, 1000.000000000000000 ) ;
#8764 = DIRECTION ( 'NONE',  ( 0.000000000000000000, -1.000000000000000000, 0.000000000000000000 ) ) ;
#8765 = DIRECTION ( 'NONE',  ( -0.000000000000000000, 7.228014483236698528E-16, 1.000000000000000000 ) ) ;
#8766 = ORIENTED_EDGE ( 'NONE', *, *, #5892, .F. ) ;
#8767 = CARTESIAN_POINT ( 'NONE',  ( -1.024999999999999911, 0.02000000000000000389, 0.5000000000703124226 ) ) ;
#8768 = DIRECTION ( 'NONE',  ( 0.000000000000000000, 0.000000000000000000, 1.000000000000000000 ) ) ;
#8769 = ORIENTED_EDGE ( 'NONE', *, *, #9830, .T. ) ;
#8770 = DIRECTION ( 'NONE',  ( 0.000000000000000000, 0.000000000000000000, 1.000000000000000000 ) ) ;
#8771 = EDGE_CURVE ( 'NONE', #4212, #2882, #9046, .T. ) ;
#8772 = DIRECTION ( 'NONE',  ( -1.000000000000000000, 0.000000000000000000, -0.000000000000000000 ) ) ;
#8773 = VECTOR ( 'NONE', #2122, 1000.000000000000000 ) ;
#8774 = AXIS2_PLACEMENT_3D ( 'NONE', #1237, #2105, #4587 ) ;
#8775 = CARTESIAN_POINT ( 'NONE',  ( -0.9235891200356709518, 1.120246230327252235, -1.828955189207178256 ) ) ;
#8776 = CARTESIAN_POINT ( 'NONE',  ( 2.299999999999999822, 0.000000000000000000, 1.750000000225000463 ) ) ;
#8777 = AXIS2_PLACEMENT_3D ( 'NONE', #8644, #3751, #2925 ) ;
#8778 = CARTESIAN_POINT ( 'NONE',  ( -1.200000000000000178, 1.100000000000000089, -0.1520711875260562507 ) ) ;
#8779 = CARTESIAN_POINT ( 'NONE',  ( 1.020019175000000056, 1.199997963000000167, 1.682067307000000067 ) ) ;
#8780 = FACE_OUTER_BOUND ( 'NONE', #6675, .T. ) ;
#8781 = CARTESIAN_POINT ( 'NONE',  ( 2.348438054999999913, 0.6450000000000001288, 0.8785042870000000503 ) ) ;
#8782 = EDGE_LOOP ( 'NONE', ( #1830, #527, #4676, #1248 ) ) ;
#8783 = CARTESIAN_POINT ( 'NONE',  ( 2.348438054999999469, 2.985561945000001938, 0.000000000000000000 ) ) ;
#8784 = CARTESIAN_POINT ( 'NONE',  ( -1.266115980213950110, 0.8236883896345064127, 1.844733287498511398 ) ) ;
#8785 = EDGE_CURVE ( 'NONE', #6511, #7828, #1093, .T. ) ;
#8786 = ORIENTED_EDGE ( 'NONE', *, *, #1588, .T. ) ;
#8787 = LINE ( 'NONE', #7859, #8724 ) ;
#8788 = CARTESIAN_POINT ( 'NONE',  ( 2.347832397602469534, 0.6531397477138514152, 0.8895695668912337872 ) ) ;
#8789 = B_SPLINE_SURFACE_WITH_KNOTS ( 'NONE', 3, 3, ( 
 ( #7014, #10301, #8759, #10406 ),
 ( #7069, #2784, #10353, #9575 ),
 ( #2060, #1249, #1297, #7941 ),
 ( #425, #2836, #7119, #5363 ),
 ( #10458, #6906, #10245, #2731 ),
 ( #8107, #3100, #5642, #8918 ),
 ( #4809, #4701, #8157, #4864 ) ),
 .UNSPECIFIED., .F., .F., .F.,
 ( 4, 3, 4 ),
 ( 4, 4 ),
 ( -0.007957291313091611681, 0.5000000000000000000, 1.007957357998429782 ),
 ( 0.05328457583229909145, 0.8299065093923129188 ),
 .UNSPECIFIED. ) ;
#8790 = CARTESIAN_POINT ( 'NONE',  ( -1.059783694630499928, 1.128643692223900041, 1.747950506973499740 ) ) ;
#8791 = CARTESIAN_POINT ( 'NONE',  ( -0.8877239572836612691, 0.6517953014364283870, 2.348033584945117713 ) ) ;
#8792 = VECTOR ( 'NONE', #2085, 1000.000000000000000 ) ;
#8793 = CARTESIAN_POINT ( 'NONE',  ( 0.9425604135027226826, 0.6868224393817611295, 2.329157567373222548 ) ) ;
#8794 = CARTESIAN_POINT ( 'NONE',  ( -0.9950587360000001658, 0.7002549249999999725, -2.293438055000000197 ) ) ;
#8795 = VERTEX_POINT ( 'NONE', #4488 ) ;
#8796 = CARTESIAN_POINT ( 'NONE',  ( 1.445311819999999914, 1.129587990000000097, -1.445351251999999587 ) ) ;
#8797 = CARTESIAN_POINT ( 'NONE',  ( 1.089653970202482558, 0.8235466347716920987, -1.951467994939614536 ) ) ;
#8798 = EDGE_LOOP ( 'NONE', ( #2087, #6418, #8289, #8540, #542 ) ) ;
#8799 = EDGE_LOOP ( 'NONE', ( #5427, #8104, #3923, #539 ) ) ;
#8800 = CARTESIAN_POINT ( 'NONE',  ( -1.752361467999999922, 1.172168144000000245, 0.9992736620000001180 ) ) ;
#8801 = CARTESIAN_POINT ( 'NONE',  ( -0.1495516660000000275, 0.1568547140000000062, -2.304748460999999526 ) ) ;
#8802 = CARTESIAN_POINT ( 'NONE',  ( 1.024999999999999911, 0.000000000000000000, -1.750000000000000000 ) ) ;
#8803 = ADVANCED_FACE ( 'NONE', ( #6297 ), #8789, .T. ) ;
#8804 = CARTESIAN_POINT ( 'NONE',  ( 1.552007142041046395, 1.129490423620023387, 1.329822188516318393 ) ) ;
#8805 = CARTESIAN_POINT ( 'NONE',  ( 0.6000000003631944523, 0.6500000000000002442, -2.450000000000000178 ) ) ;
#8806 = ORIENTED_EDGE ( 'NONE', *, *, #1804, .F. ) ;
#8807 = CARTESIAN_POINT ( 'NONE',  ( -1.657852564270200002, 1.128491352180400531, -1.196427869052000048 ) ) ;
#8808 = EDGE_LOOP ( 'NONE', ( #1247, #260, #952, #6021, #1809, #8652, #4310, #123, #10456, #6592, #2919, #9602, #3870 ) ) ;
#8809 = ORIENTED_EDGE ( 'NONE', *, *, #6289, .T. ) ;
#8810 = FACE_OUTER_BOUND ( 'NONE', #1621, .T. ) ;
#8811 = CARTESIAN_POINT ( 'NONE',  ( 0.1500156882594143870, 0.1581258052888067367, 2.314503216952900733 ) ) ;
#8812 = CARTESIAN_POINT ( 'NONE',  ( -1.937836436134688034, 0.8324361959841091174, -1.102127593054806898 ) ) ;
#8813 = PLANE ( 'NONE',  #6307 ) ;
#8814 = CARTESIAN_POINT ( 'NONE',  ( -0.9704729579999999967, 1.028454669999999904, 1.868922369999999944 ) ) ;
#8815 = CARTESIAN_POINT ( 'NONE',  ( -0.1501325560046248009, 0.1687307591081755320, -2.432086989079235373 ) ) ;
#8816 = EDGE_CURVE ( 'NONE', #828, #1177, #10112, .T. ) ;
#8817 = EDGE_CURVE ( 'NONE', #860, #3278, #2257, .T. ) ;
#8818 = CARTESIAN_POINT ( 'NONE',  ( -1.199999999999999956, 1.199999999999999956, -1.322618543079141247E-16 ) ) ;
#8819 = LINE ( 'NONE', #9690, #364 ) ;
#8820 = ORIENTED_EDGE ( 'NONE', *, *, #1846, .F. ) ;
#8821 = CARTESIAN_POINT ( 'NONE',  ( 1.711880441125199992, 1.200000041409999829, 0.8583578237842001135 ) ) ;
#8822 = CARTESIAN_POINT ( 'NONE',  ( 1.970175539000000642, 0.6500000000000001332, 1.446897561000000110 ) ) ;
#8823 = ORIENTED_EDGE ( 'NONE', *, *, #8020, .T. ) ;
#8824 = EDGE_CURVE ( 'NONE', #8312, #2910, #10251, .T. ) ;
#8825 = DIRECTION ( 'NONE',  ( 0.000000000000000000, 1.000000000000000000, 0.000000000000000000 ) ) ;
#8826 = CARTESIAN_POINT ( 'NONE',  ( 0.9836401405908314910, 0.6500000000000001332, -2.294207493152762289 ) ) ;
#8827 = CARTESIAN_POINT ( 'NONE',  ( -2.296859593698368229, 0.6500000000000003553, 0.9495193487028912305 ) ) ;
#8828 = CARTESIAN_POINT ( 'NONE',  ( 5.035636875936203051E-16, 1.100000000000000089, 1.200000000000000178 ) ) ;
#8829 = EDGE_CURVE ( 'NONE', #2797, #103, #4648, .T. ) ;
#8830 = CARTESIAN_POINT ( 'NONE',  ( -1.600000000000000089, 0.3667742510000001066, -2.500000000000000000 ) ) ;
#8831 = ORIENTED_EDGE ( 'NONE', *, *, #6534, .T. ) ;
#8832 = CARTESIAN_POINT ( 'NONE',  ( 1.059653715999999912, 1.129079445999999987, 1.747713141999999831 ) ) ;
#8833 = DIRECTION ( 'NONE',  ( 0.000000000000000000, 0.000000000000000000, 1.000000000000000000 ) ) ;
#8834 = DIRECTION ( 'NONE',  ( 0.000000000000000000, 0.000000000000000000, 1.000000000000000000 ) ) ;
#8835 = ORIENTED_EDGE ( 'NONE', *, *, #6220, .F. ) ;
#8836 = CARTESIAN_POINT ( 'NONE',  ( -0.9950587360000001658, 0.6753823869026267523, -2.293438055000000197 ) ) ;
#8837 = CARTESIAN_POINT ( 'NONE',  ( -1.750000000000000000, 0.6400000000000001243, -1.750000000000000000 ) ) ;
#8838 = ORIENTED_EDGE ( 'NONE', *, *, #3786, .T. ) ;
#8839 = CARTESIAN_POINT ( 'NONE',  ( 1.000000000000000000, 0.7999999999999999334, -2.399999999999999911 ) ) ;
#8840 = B_SPLINE_CURVE_WITH_KNOTS ( 'NONE', 3,
 ( #6190, #1454, #2987, #4803 ),
 .UNSPECIFIED., .F., .F.,
 ( 4, 4 ),
 ( 0.000000000000000000, 1.000000000000000000 ),
 .UNSPECIFIED. ) ;
#8841 = CARTESIAN_POINT ( 'NONE',  ( -1.036855081699999959, 1.200000060990000117, 1.610815461190000519 ) ) ;
#8842 = CARTESIAN_POINT ( 'NONE',  ( 1.399999999999999911, 0.7000000000000000666, -2.174999999999999822 ) ) ;
#8843 = EDGE_CURVE ( 'NONE', #4726, #2274, #2335, .T. ) ;
#8844 = VECTOR ( 'NONE', #9857, 1000.000000000000000 ) ;
#8845 = CARTESIAN_POINT ( 'NONE',  ( 0.9186842363458987970, 0.6732702626776906341, 2.340621313242274404 ) ) ;
#8846 = FACE_OUTER_BOUND ( 'NONE', #10116, .T. ) ;
#8847 = ORIENTED_EDGE ( 'NONE', *, *, #5916, .F. ) ;
#8848 = CARTESIAN_POINT ( 'NONE',  ( 1.426336724000000000, 1.172453102000000191, -1.426375634000000003 ) ) ;
#8849 = CARTESIAN_POINT ( 'NONE',  ( 1.598665121000000688, 0.8000000000000000444, -1.598648909000000229 ) ) ;
#8850 = ORIENTED_EDGE ( 'NONE', *, *, #9982, .F. ) ;
#8851 = ORIENTED_EDGE ( 'NONE', *, *, #8487, .F. ) ;
#8852 = B_SPLINE_SURFACE_WITH_KNOTS ( 'NONE', 3, 3, ( 
 ( #3788, #349, #5387, #245, #8678, #3577, #5445 ),
 ( #1167, #8628, #3630, #1983, #296, #7915, #1117 ),
 ( #4459, #4516, #1220, #7806, #10485, #8784, #1274 ),
 ( #4624, #6986, #2966, #9394, #10328, #2810, #6173 ),
 ( #9504, #7858, #3686, #7044, #3022, #2359, #6381 ),
 ( #6326, #10756, #724, #612, #3128, #1325, #9709 ),
 ( #7361, #8999, #5612, #9818, #10544, #9761, #5669 ),
 ( #9660, #3951, #1540, #8130, #3841, #6483, #7253 ),
 ( #3899, #4675, #7200, #10702, #560, #2198, #8022 ),
 ( #1486, #10595, #4837, #5725, #9870, #5555, #4008 ),
 ( #9054, #4065, #8891, #8948, #502, #5500, #2307 ),
 ( #8181, #3183, #2142, #7306, #4892, #10647, #1379 ),
 ( #3075, #6541, #6432, #4728, #8078, #8236, #2250 ) ),
 .UNSPECIFIED., .F., .F., .F.,
 ( 4, 3, 3, 3, 4 ),
 ( 4, 3, 4 ),
 ( 0.001628345122372170349, 0.001942699881473570339, 0.002257054640574960788, 0.002571409399676360778, 0.002885764158777750794 ),
 ( 0.000000000000000000, 1.000000000000000000, 1.011983932996071811 ),
 .UNSPECIFIED. ) ;
#8853 = DIRECTION ( 'NONE',  ( 0.000000000000000000, -0.9854252427157165206, 0.1701090562511915760 ) ) ;
#8854 = AXIS2_PLACEMENT_3D ( 'NONE', #6615, #1507, #9728 ) ;
#8855 = DIRECTION ( 'NONE',  ( 1.000000000000000000, -0.000000000000000000, 0.000000000000000000 ) ) ;
#8856 = CARTESIAN_POINT ( 'NONE',  ( -0.1439896632895321382, 1.100000000000000311, 1.100000000000000533 ) ) ;
#8857 = ADVANCED_FACE ( 'NONE', ( #1514 ), #4758, .T. ) ;
#8858 = CARTESIAN_POINT ( 'NONE',  ( -1.937835664729505858, 0.8324366112817341845, 1.102130525537351025 ) ) ;
#8859 = CARTESIAN_POINT ( 'NONE',  ( -0.6000000000000000888, 0.2401880480072129675, -2.449999999999999734 ) ) ;
#8860 = VECTOR ( 'NONE', #6105, 1000.000000000000000 ) ;
#8861 = CARTESIAN_POINT ( 'NONE',  ( -1.667093116999999847, 1.172314676999999916, -1.136873310999999998 ) ) ;
#8862 = ORIENTED_EDGE ( 'NONE', *, *, #7108, .F. ) ;
#8863 = VERTEX_POINT ( 'NONE', #7994 ) ;
#8864 = CARTESIAN_POINT ( 'NONE',  ( -0.5539808784079900406, 1.099999999999999867, -0.9611650271896832187 ) ) ;
#8865 = CARTESIAN_POINT ( 'NONE',  ( 0.1500470647782431444, 0.1582388618664200830, 2.315158142858702472 ) ) ;
#8866 = CARTESIAN_POINT ( 'NONE',  ( 1.699972437012299720, 1.200000062478599583, -0.8810654140662005362 ) ) ;
#8867 = CARTESIAN_POINT ( 'NONE',  ( 1.664708831480018247, 1.199999999998402345, -0.9495315995671023135 ) ) ;
#8868 = CARTESIAN_POINT ( 'NONE',  ( -1.536339946000000012, 0.9236595380000001132, 1.536339946000000012 ) ) ;
#8869 = CARTESIAN_POINT ( 'NONE',  ( -1.003155634351726277, 1.128295320514300926, 1.782081111758820002 ) ) ;
#8870 = DIRECTION ( 'NONE',  ( -0.000000000000000000, -1.000000000000000000, -0.000000000000000000 ) ) ;
#8871 = LINE ( 'NONE', #1256, #207 ) ;
#8872 = ORIENTED_EDGE ( 'NONE', *, *, #4678, .F. ) ;
#8873 = CARTESIAN_POINT ( 'NONE',  ( 1.436018935000000551, 0.8091801430000002959, 1.727764511999999586 ) ) ;
#8874 = CARTESIAN_POINT ( 'NONE',  ( 1.830075815000000050, 1.131981452999999860, -0.9052386860000000146 ) ) ;
#8875 = ORIENTED_EDGE ( 'NONE', *, *, #6957, .T. ) ;
#8876 = CARTESIAN_POINT ( 'NONE',  ( 0.9233750548523660395, 1.120737466459907461, -1.828646437204165975 ) ) ;
#8877 = LINE ( 'NONE', #706, #9388 ) ;
#8878 = CARTESIAN_POINT ( 'NONE',  ( -2.449999999999999734, 0.3500000000000000333, 0.5000000000000000000 ) ) ;
#8879 = EDGE_CURVE ( 'NONE', #8915, #3559, #10513, .T. ) ;
#8880 = EDGE_CURVE ( 'NONE', #8972, #1788, #9134, .T. ) ;
#8881 = CARTESIAN_POINT ( 'NONE',  ( 2.340965453227813242, 0.6726793500235530576, -0.9177647327876683470 ) ) ;
#8882 = CIRCLE ( 'NONE', #8019, 2.500000000000000000 ) ;
#8883 = LINE ( 'NONE', #1696, #6673 ) ;
#8884 = ORIENTED_EDGE ( 'NONE', *, *, #6697, .T. ) ;
#8885 = CARTESIAN_POINT ( 'NONE',  ( 1.022718039000000134, 1.172195649999999922, 1.738792694999999666 ) ) ;
#8886 = DIRECTION ( 'NONE',  ( -0.000000000000000000, -0.000000000000000000, -1.000000000000000000 ) ) ;
#8887 = CARTESIAN_POINT ( 'NONE',  ( -0.1499999999745773027, 0.1909167855839016270, -2.308505452227485932 ) ) ;
#8888 = ORIENTED_EDGE ( 'NONE', *, *, #6150, .T. ) ;
#8889 = VECTOR ( 'NONE', #1570, 1000.000000000000000 ) ;
#8890 = CARTESIAN_POINT ( 'NONE',  ( -1.937835664729505858, 0.8324366112817341845, 1.102130525537351025 ) ) ;
#8891 = CARTESIAN_POINT ( 'NONE',  ( -1.852303558000000017, 0.8091248960000001489, 1.271316541000000022 ) ) ;
#8892 = DIRECTION ( 'NONE',  ( -1.000000000000000000, 0.000000000000000000, 0.000000000000000000 ) ) ;
#8893 = ORIENTED_EDGE ( 'NONE', *, *, #8111, .F. ) ;
#8894 = CARTESIAN_POINT ( 'NONE',  ( 1.399999999999999911, 0.7000000000000000666, -2.399999999999999911 ) ) ;
#8895 = EDGE_CURVE ( 'NONE', #8046, #5211, #3979, .T. ) ;
#8896 = CARTESIAN_POINT ( 'NONE',  ( -0.9929800781899998929, 1.200000061109999683, 1.637303712429999836 ) ) ;
#8897 = CARTESIAN_POINT ( 'NONE',  ( -0.7250000000332031957, 0.02000000000000001082, 0.8500000000019531932 ) ) ;
#8898 = CARTESIAN_POINT ( 'NONE',  ( 0.9159253845014125872, 0.6714973054648497586, 2.341653860887539906 ) ) ;
#8899 = CARTESIAN_POINT ( 'NONE',  ( 1.750000000000000000, 0.6500000000000001332, -1.750000000000000000 ) ) ;
#8900 = ORIENTED_EDGE ( 'NONE', *, *, #867, .F. ) ;
#8901 = CARTESIAN_POINT ( 'NONE',  ( 1.782633670849904206, 0.8239207059822821755, -1.348077144348471812 ) ) ;
#8902 = CIRCLE ( 'NONE', #2604, 0.09999999999999982514 ) ;
#8903 = CARTESIAN_POINT ( 'NONE',  ( 2.100000000000000089, 0.3999999999999999667, 2.405681128000001667 ) ) ;
#8904 = VERTEX_POINT ( 'NONE', #9786 ) ;
#8905 = VERTEX_POINT ( 'NONE', #7390 ) ;
#8906 = EDGE_CURVE ( 'NONE', #9409, #5026, #3156, .T. ) ;
#8907 = CARTESIAN_POINT ( 'NONE',  ( -1.778526703999999903, 1.172109289999999859, 0.9518762110000000831 ) ) ;
#8908 = CARTESIAN_POINT ( 'NONE',  ( -9.259767438384831374E-18, 0.09018804800000002064, 2.164188047999999753 ) ) ;
#8909 = CYLINDRICAL_SURFACE ( 'NONE', #1023, 0.05500000000000036110 ) ;
#8910 = VECTOR ( 'NONE', #8563, 1000.000000000000000 ) ;
#8911 = CARTESIAN_POINT ( 'NONE',  ( 0.9495193484905780634, 0.6500000000000001332, 2.296859593718195480 ) ) ;
#8912 = DIRECTION ( 'NONE',  ( 0.000000000000000000, -0.000000000000000000, -1.000000000000000000 ) ) ;
#8913 = ORIENTED_EDGE ( 'NONE', *, *, #4264, .T. ) ;
#8914 = CARTESIAN_POINT ( 'NONE',  ( -1.595227327000000805, 1.199997972000000024, -1.151352781000000158 ) ) ;
#8915 = VERTEX_POINT ( 'NONE', #8974 ) ;
#8916 = VERTEX_POINT ( 'NONE', #5696 ) ;
#8917 = ADVANCED_FACE ( 'NONE', ( #6569 ), #2387, .F. ) ;
#8918 = CARTESIAN_POINT ( 'NONE',  ( 1.733002442999999948, 1.131580398999999959, 1.100711902000000020 ) ) ;
#8919 = VECTOR ( 'NONE', #9290, 1000.000000000000000 ) ;
#8920 = CARTESIAN_POINT ( 'NONE',  ( 0.1500000000000000222, 0.1252217689999999828, 2.319846055999999379 ) ) ;
#8921 = CARTESIAN_POINT ( 'NONE',  ( 2.449999999999999734, 0.3499999999708334197, -0.4999999999999998890 ) ) ;
#8922 = CARTESIAN_POINT ( 'NONE',  ( 1.121756705086805583, 1.199999999998412559, -1.554107912075737064 ) ) ;
#8923 = LINE ( 'NONE', #2888, #10003 ) ;
#8924 = CARTESIAN_POINT ( 'NONE',  ( -1.094900737441045990, 1.129098300876967498, 1.725574770749526587 ) ) ;
#8925 = CARTESIAN_POINT ( 'NONE',  ( -0.9950587363106000449, 0.7000000000000000666, 2.293438054818998761 ) ) ;
#8926 = DIRECTION ( 'NONE',  ( -0.000000000000000000, 2.168404344971021884E-15, -1.000000000000000000 ) ) ;
#8927 = CIRCLE ( 'NONE', #7352, 0.04999999999999969746 ) ;
#8928 = CARTESIAN_POINT ( 'NONE',  ( 1.653209500060004666, 0.8240143702912677837, 1.507545851080822619 ) ) ;
#8929 = CARTESIAN_POINT ( 'NONE',  ( 2.299999999999999822, 5.421010862427522170E-17, 2.100000000000000089 ) ) ;
#8930 = VERTEX_POINT ( 'NONE', #3815 ) ;
#8931 = B_SPLINE_CURVE_WITH_KNOTS ( 'NONE', 3,
 ( #7823, #5354, #10397, #313 ),
 .UNSPECIFIED., .F., .F.,
 ( 4, 4 ),
 ( 0.000000000000000000, 1.000000000000000000 ),
 .UNSPECIFIED. ) ;
#8932 = CARTESIAN_POINT ( 'NONE',  ( 0.7250000000000000888, 0.02000000000000000389, -0.8500000000000000888 ) ) ;
#8933 = CARTESIAN_POINT ( 'NONE',  ( -2.329157567423636443, 0.6868224393387045712, 0.9425604134139999868 ) ) ;
#8934 = DIRECTION ( 'NONE',  ( -1.000000000000000000, 0.000000000000000000, 0.000000000000000000 ) ) ;
#8935 = CARTESIAN_POINT ( 'NONE',  ( 2.331211526852372984, 0.6850006104300587761, -0.9388878665617645947 ) ) ;
#8936 = VECTOR ( 'NONE', #2750, 1000.000000000000000 ) ;
#8937 = CARTESIAN_POINT ( 'NONE',  ( 0.1445161610321938073, 0.2401880479874412555, 2.449999999942704232 ) ) ;
#8938 = DIRECTION ( 'NONE',  ( 0.000000000000000000, -1.000000000000000000, 0.000000000000000000 ) ) ;
#8939 = ADVANCED_FACE ( 'NONE', ( #7228 ), #10570, .T. ) ;
#8940 = ORIENTED_EDGE ( 'NONE', *, *, #9544, .T. ) ;
#8941 = CARTESIAN_POINT ( 'NONE',  ( 1.079492914818400262, 1.200000061508999627, 1.582636256326000357 ) ) ;
#8942 = CARTESIAN_POINT ( 'NONE',  ( -0.1282248116392916415, 0.09018804800000000677, -2.228047856197798549 ) ) ;
#8943 = VECTOR ( 'NONE', #7473, 1000.000000000000000 ) ;
#8944 = CARTESIAN_POINT ( 'NONE',  ( 0.7250000000000000888, 0.02000000000000000389, 1.350000000000000089 ) ) ;
#8945 = ORIENTED_EDGE ( 'NONE', *, *, #1984, .T. ) ;
#8946 = AXIS2_PLACEMENT_3D ( 'NONE', #3003, #9532, #9639 ) ;
#8947 = DIRECTION ( 'NONE',  ( 0.000000000000000000, 1.000000000000000000, -0.000000000000000000 ) ) ;
#8948 = CARTESIAN_POINT ( 'NONE',  ( -1.844904738999999960, 0.8233475089999999774, 1.266245062000000088 ) ) ;
#8949 = CARTESIAN_POINT ( 'NONE',  ( 1.400000000118518217, 0.7000000000000000666, -2.399999999999999911 ) ) ;
#8950 = CARTESIAN_POINT ( 'NONE',  ( 0.5999999999999999778, 0.5714601836626596043, -2.449999999999999289 ) ) ;
#8951 = CARTESIAN_POINT ( 'NONE',  ( -0.9267138589200001331, 1.200000020429999870, 1.676671741899999901 ) ) ;
#8952 = CARTESIAN_POINT ( 'NONE',  ( -0.9043301833487080721, 0.6636714805762865543, 2.345176233095121798 ) ) ;
#8953 = ADVANCED_FACE ( 'NONE', ( #9140 ), #10123, .T. ) ;
#8954 = EDGE_CURVE ( 'NONE', #5068, #2386, #2671, .T. ) ;
#8955 = DIRECTION ( 'NONE',  ( 0.000000000000000000, 0.000000000000000000, -1.000000000000000000 ) ) ;
#8956 = CARTESIAN_POINT ( 'NONE',  ( 0.9352164486902433405, 0.6830576547396383091, 2.333150593075187462 ) ) ;
#8957 = CARTESIAN_POINT ( 'NONE',  ( 1.600000000000000089, 0.4000000000000003553, -2.405681128000000335 ) ) ;
#8958 = ORIENTED_EDGE ( 'NONE', *, *, #1377, .F. ) ;
#8959 = CARTESIAN_POINT ( 'NONE',  ( -1.045670423185501186, 0.9225074282637327761, 1.904057680723121315 ) ) ;
#8960 = ADVANCED_FACE ( 'NONE', ( #8482 ), #2444, .F. ) ;
#8961 = LINE ( 'NONE', #6497, #3299 ) ;
#8962 = EDGE_LOOP ( 'NONE', ( #6990, #2951, #8308, #1650, #859, #4196, #1471 ) ) ;
#8963 = ORIENTED_EDGE ( 'NONE', *, *, #8280, .F. ) ;
#8964 = CARTESIAN_POINT ( 'NONE',  ( -1.747051026000000062, 1.199997938000000097, 0.9045581560000000021 ) ) ;
#8965 = CARTESIAN_POINT ( 'NONE',  ( -1.946645881000000244, 0.8213205670000004455, -1.100991650999999738 ) ) ;
#8966 = DIRECTION ( 'NONE',  ( -0.000000000000000000, -1.000000000000000000, 0.000000000000000000 ) ) ;
#8967 = AXIS2_PLACEMENT_3D ( 'NONE', #8398, #5108, #1047 ) ;
#8968 = EDGE_CURVE ( 'NONE', #3023, #900, #94, .T. ) ;
#8969 = CARTESIAN_POINT ( 'NONE',  ( 1.006999439999999746, 0.7000000000000005107, -2.293438055144924270 ) ) ;
#8970 = DIRECTION ( 'NONE',  ( 0.000000000000000000, 1.000000000000000000, -0.000000000000000000 ) ) ;
#8971 = ORIENTED_EDGE ( 'NONE', *, *, #4665, .F. ) ;
#8972 = VERTEX_POINT ( 'NONE', #3431 ) ;
#8973 = VERTEX_POINT ( 'NONE', #5027 ) ;
#8974 = CARTESIAN_POINT ( 'NONE',  ( -0.7249999999999999778, 0.2000000000000000111, 2.299999999999999822 ) ) ;
#8975 = CARTESIAN_POINT ( 'NONE',  ( 0.5754259053732084794, 0.5308201251823703171, -2.349999999999999645 ) ) ;
#8976 = CARTESIAN_POINT ( 'NONE',  ( 1.827066614999999672, 1.128708229999999979, -0.9157986500000006025 ) ) ;
#8977 = CARTESIAN_POINT ( 'NONE',  ( -1.696049877516262461, 1.199999999999986633, -0.8916295004494524390 ) ) ;
#8978 = CARTESIAN_POINT ( 'NONE',  ( -2.349999999999999645, 0.6499999999999952482, -1.250000000411111145 ) ) ;
#8979 = EDGE_CURVE ( 'NONE', #8049, #4284, #4230, .T. ) ;
#8980 = CARTESIAN_POINT ( 'NONE',  ( 0.9398616647332520557, 0.6854874094082583635, -2.330669570647738276 ) ) ;
#8981 = CARTESIAN_POINT ( 'NONE',  ( 2.174999999999999822, 0.7000000000000000666, -1.875000000015382584 ) ) ;
#8982 = CARTESIAN_POINT ( 'NONE',  ( 1.266184285735473036, 0.8235179518412210076, 1.844816072048853783 ) ) ;
#8983 = CARTESIAN_POINT ( 'NONE',  ( 0.4565959976376602336, 0.09018804800000000677, 1.652519976922883327 ) ) ;
#8984 = ORIENTED_EDGE ( 'NONE', *, *, #814, .F. ) ;
#8985 = CARTESIAN_POINT ( 'NONE',  ( -2.296057939999999853, 0.6500000000000001332, 0.9561791889999999849 ) ) ;
#8986 = CARTESIAN_POINT ( 'NONE',  ( -2.314648881560576132, 0.6957500313589015661, 0.9655469095187527717 ) ) ;
#8987 = FACE_OUTER_BOUND ( 'NONE', #5723, .T. ) ;
#8988 = CARTESIAN_POINT ( 'NONE',  ( 2.344546691468194943, 0.6653201200382490299, -0.9067178906714268294 ) ) ;
#8989 = CARTESIAN_POINT ( 'NONE',  ( 1.180510316959374473, 0.8241776583544443424, 1.899265319580435873 ) ) ;
#8990 = CARTESIAN_POINT ( 'NONE',  ( 0.1497758240000000018, 0.1904321319999995599, 2.305697901000001604 ) ) ;
#8991 = EDGE_CURVE ( 'NONE', #2144, #7377, #3169, .T. ) ;
#8992 = DIRECTION ( 'NONE',  ( 1.000000000000000000, 0.000000000000000000, 0.000000000000000000 ) ) ;
#8993 = ORIENTED_EDGE ( 'NONE', *, *, #1885, .T. ) ;
#8994 = CARTESIAN_POINT ( 'NONE',  ( 1.523300173730000262, 1.129159325810000336, 1.367740278089999872 ) ) ;
#8995 = CARTESIAN_POINT ( 'NONE',  ( 0.000000000000000000, 1.100000000000000089, 1.199999999999999956 ) ) ;
#8996 = CARTESIAN_POINT ( 'NONE',  ( -1.000000000000000000, 0.7000000000000000666, 2.399999999999999911 ) ) ;
#8997 = ORIENTED_EDGE ( 'NONE', *, *, #8968, .F. ) ;
#8998 = CARTESIAN_POINT ( 'NONE',  ( 0.1500883683037966820, 0.2008213636030219407, 2.373451558463349098 ) ) ;
#8999 = CARTESIAN_POINT ( 'NONE',  ( -1.598665121000000688, 0.8000000000000000444, 1.598648909000000229 ) ) ;
#9000 = DIRECTION ( 'NONE',  ( -0.000000000000000000, -0.000000000000000000, -1.000000000000000000 ) ) ;
#9001 = ORIENTED_EDGE ( 'NONE', *, *, #7612, .T. ) ;
#9002 = CARTESIAN_POINT ( 'NONE',  ( 2.100000000000000089, 0.06677425075518361730, -2.394318871854302699 ) ) ;
#9003 = CARTESIAN_POINT ( 'NONE',  ( -0.9037602813299998594, 1.200000061349999925, 1.688128356720000056 ) ) ;
#9004 = CARTESIAN_POINT ( 'NONE',  ( -0.9300846755670740817, 0.6801979276872408553, 2.335705966974453762 ) ) ;
#9005 = CARTESIAN_POINT ( 'NONE',  ( 2.449999999999999734, -0.05000000000000000971, -0.5000000000000000000 ) ) ;
#9006 = CARTESIAN_POINT ( 'NONE',  ( 0.9260349535436707136, 0.6778193806071798333, 2.337572942068633974 ) ) ;
#9007 = CARTESIAN_POINT ( 'NONE',  ( 0.6000000000000000888, 0.2401880480000000151, 2.449999999999999734 ) ) ;
#9008 = EDGE_LOOP ( 'NONE', ( #3067, #3045, #10395, #2486 ) ) ;
#9009 = CARTESIAN_POINT ( 'NONE',  ( 1.036846864006999880, 1.200000061599900247, -1.610802645181899972 ) ) ;
#9010 = CARTESIAN_POINT ( 'NONE',  ( -1.554107880785524642, 1.199999999999960876, -1.121756682565388852 ) ) ;
#9011 = CARTESIAN_POINT ( 'NONE',  ( -2.305050343999999640, 0.6666666670000001016, -0.9558291580000002341 ) ) ;
#9012 = ORIENTED_EDGE ( 'NONE', *, *, #9337, .T. ) ;
#9013 = ORIENTED_EDGE ( 'NONE', *, *, #1604, .F. ) ;
#9014 = CARTESIAN_POINT ( 'NONE',  ( -1.765471718999999773, 1.172138654999999918, 0.9755248800000000386 ) ) ;
#9015 = EDGE_CURVE ( 'NONE', #1402, #2301, #1626, .T. ) ;
#9016 = CARTESIAN_POINT ( 'NONE',  ( -1.035724200999999622, 0.9249010410000000348, -1.907778916999999907 ) ) ;
#9017 = EDGE_CURVE ( 'NONE', #5667, #5802, #5139, .T. ) ;
#9018 = DIRECTION ( 'NONE',  ( 0.000000000000000000, 0.000000000000000000, 1.000000000000000000 ) ) ;
#9019 = AXIS2_PLACEMENT_3D ( 'NONE', #7722, #2675, #2562 ) ;
#9020 = VECTOR ( 'NONE', #3953, 1000.000000000000000 ) ;
#9021 = CARTESIAN_POINT ( 'NONE',  ( -0.6000000000000000888, 0.2401880480000000151, -2.349999999999999645 ) ) ;
#9022 = CARTESIAN_POINT ( 'NONE',  ( 1.399999999999999911, 0.8000000000000000444, -2.174999999999999822 ) ) ;
#9023 = EDGE_LOOP ( 'NONE', ( #3416, #1789, #4422, #4081 ) ) ;
#9024 = CIRCLE ( 'NONE', #5747, 2.500000000000000000 ) ;
#9025 = ORIENTED_EDGE ( 'NONE', *, *, #8487, .T. ) ;
#9026 = EDGE_LOOP ( 'NONE', ( #4111, #1851, #938, #8128, #1261 ) ) ;
#9027 = CARTESIAN_POINT ( 'NONE',  ( -1.828955119369589877, 1.120246340970804333, 0.9235891056747098649 ) ) ;
#9028 = CARTESIAN_POINT ( 'NONE',  ( 0.5999999999454147526, 0.6500000000000002442, -2.349999999999999645 ) ) ;
#9029 = LINE ( 'NONE', #5644, #4243 ) ;
#9030 = EDGE_CURVE ( 'NONE', #9517, #8863, #7441, .T. ) ;
#9031 = CYLINDRICAL_SURFACE ( 'NONE', #2054, 0.2999999999999997113 ) ;
#9032 = CARTESIAN_POINT ( 'NONE',  ( -1.554088197785513659, 1.199999999999960876, 1.121784028565401714 ) ) ;
#9033 = CARTESIAN_POINT ( 'NONE',  ( 0.9199230466981929144, 1.145933048434162549, -1.813132679005629022 ) ) ;
#9034 = DIRECTION ( 'NONE',  ( -1.000000000000000000, -0.000000000000000000, 0.000000000000000000 ) ) ;
#9035 = CARTESIAN_POINT ( 'NONE',  ( 1.782717285758345982, 0.8237498690121559664, 1.348144453349936933 ) ) ;
#9036 = CARTESIAN_POINT ( 'NONE',  ( 0.9052386089999999719, 1.131981452999999860, -1.830075853000000086 ) ) ;
#9037 = B_SPLINE_CURVE_WITH_KNOTS ( 'NONE', 3,
 ( #1304, #328, #7125, #2067, #3821, #7894, #8659, #3664, #7179, #4548, #2016, #5369 ),
 .UNSPECIFIED., .F., .F.,
 ( 4, 2, 2, 2, 2, 4 ),
 ( 0.000000000000000000, 0.2499999999999993339, 0.3749999999999990008, 0.4374999999999990563, 0.4999999999999991118, 1.000000000000000000 ),
 .UNSPECIFIED. ) ;
#9038 = ORIENTED_EDGE ( 'NONE', *, *, #9496, .T. ) ;
#9039 = CARTESIAN_POINT ( 'NONE',  ( 0.9999999999219267854, 0.7000000000000000666, -2.399999999999999911 ) ) ;
#9040 = CARTESIAN_POINT ( 'NONE',  ( -2.305583971526261156, 0.6986421169580131485, 0.9784571762683027529 ) ) ;
#9041 = LINE ( 'NONE', #8878, #8042 ) ;
#9042 = EDGE_CURVE ( 'NONE', #103, #6058, #6024, .T. ) ;
#9043 = CARTESIAN_POINT ( 'NONE',  ( 2.320174152757147557, 0.6930692055663056905, -0.9572613158179907877 ) ) ;
#9044 = DIRECTION ( 'NONE',  ( 0.000000000000000000, 1.000000000000000000, -0.000000000000000000 ) ) ;
#9045 = CARTESIAN_POINT ( 'NONE',  ( 0.3000000000000000444, 0.1901880480000000817, 1.920188048000000203 ) ) ;
#9046 = B_SPLINE_CURVE_WITH_KNOTS ( 'NONE', 3,
 ( #3711, #2938, #3606, #7831 ),
 .UNSPECIFIED., .F., .F.,
 ( 4, 4 ),
 ( 0.000000000000000000, 1.000000000000000000 ),
 .UNSPECIFIED. ) ;
#9047 = DIRECTION ( 'NONE',  ( 0.000000000000000000, 0.000000000000000000, 1.000000000000000000 ) ) ;
#9048 = EDGE_LOOP ( 'NONE', ( #7239, #92, #81, #4352, #9269 ) ) ;
#9049 = CARTESIAN_POINT ( 'NONE',  ( 1.282574754999999733, 1.199999999999999956, 1.428288562000000095 ) ) ;
#9050 = CARTESIAN_POINT ( 'NONE',  ( -1.720866379999999696, 0.8234688789999999869, -1.430310063000000076 ) ) ;
#9051 = CARTESIAN_POINT ( 'NONE',  ( -0.8785042869239164665, 0.6450000000490808683, -2.299999999999999822 ) ) ;
#9052 = EDGE_LOOP ( 'NONE', ( #333, #9366, #3746, #8441 ) ) ;
#9053 = CARTESIAN_POINT ( 'NONE',  ( 0.1445161610000000318, 0.2401880480000000151, 2.383333332999999943 ) ) ;
#9054 = CARTESIAN_POINT ( 'NONE',  ( -1.879837839000000121, 0.8000000000000000444, 1.290185586000000217 ) ) ;
#9055 = ORIENTED_EDGE ( 'NONE', *, *, #2482, .T. ) ;
#9056 = LINE ( 'NONE', #1600, #8203 ) ;
#9057 = EDGE_CURVE ( 'NONE', #7261, #2144, #2503, .T. ) ;
#9058 = CARTESIAN_POINT ( 'NONE',  ( -0.8583623684200002435, 1.200000040999999795, 1.711889554520000134 ) ) ;
#9059 = CARTESIAN_POINT ( 'NONE',  ( -0.9493649951813006860, 0.6899424373251563658, 2.325149983909366558 ) ) ;
#9060 = CARTESIAN_POINT ( 'NONE',  ( 0.000000000000000000, 0.1901880480000000817, -2.314188048000000109 ) ) ;
#9061 = LINE ( 'NONE', #6387, #3518 ) ;
#9062 = CARTESIAN_POINT ( 'NONE',  ( 2.299999999999999822, 0.6500000000000001332, -2.299999999999999822 ) ) ;
#9063 = ORIENTED_EDGE ( 'NONE', *, *, #8294, .F. ) ;
#9064 = CARTESIAN_POINT ( 'NONE',  ( 0.9492819954081999079, 1.200000020614099938, -1.664260248334900050 ) ) ;
#9065 = CARTESIAN_POINT ( 'NONE',  ( 1.684830931000000254, 0.8000000000000000444, -1.536340054999999927 ) ) ;
#9066 = ORIENTED_EDGE ( 'NONE', *, *, #814, .T. ) ;
#9067 = ORIENTED_EDGE ( 'NONE', *, *, #9102, .F. ) ;
#9068 = CARTESIAN_POINT ( 'NONE',  ( -1.625844545000000085, 1.199997970000000524, 1.108866841999999853 ) ) ;
#9069 = VECTOR ( 'NONE', #9837, 1000.000000000000000 ) ;
#9070 = PLANE ( 'NONE',  #4227 ) ;
#9071 = CARTESIAN_POINT ( 'NONE',  ( -0.6000000000000000888, 0.7000000000003296918, -2.449999999999999734 ) ) ;
#9072 = CARTESIAN_POINT ( 'NONE',  ( -1.750000000000000000, 0.6500000000000001332, -1.450000000000000400 ) ) ;
#9073 = ORIENTED_EDGE ( 'NONE', *, *, #4452, .F. ) ;
#9074 = ADVANCED_FACE ( 'NONE', ( #7660 ), #1735, .T. ) ;
#9075 = CARTESIAN_POINT ( 'NONE',  ( 2.293438055000000197, 0.6500000000000001332, -0.9950587360000001658 ) ) ;
#9076 = EDGE_CURVE ( 'NONE', #7716, #486, #5864, .T. ) ;
#9077 = ORIENTED_EDGE ( 'NONE', *, *, #536, .F. ) ;
#9078 = ORIENTED_EDGE ( 'NONE', *, *, #4424, .F. ) ;
#9079 = ORIENTED_EDGE ( 'NONE', *, *, #1268, .F. ) ;
#9080 = DIRECTION ( 'NONE',  ( 0.000000000000000000, 0.000000000000000000, 1.000000000000000000 ) ) ;
#9081 = LINE ( 'NONE', #10571, #8101 ) ;
#9082 = CARTESIAN_POINT ( 'NONE',  ( 1.583906997713932174, 1.199999999998411004, -1.080356792239637098 ) ) ;
#9083 = AXIS2_PLACEMENT_3D ( 'NONE', #6314, #4449, #3727 ) ;
#9084 = CARTESIAN_POINT ( 'NONE',  ( 0.9561791889999999849, 0.6500000000000001332, -2.296057939999999853 ) ) ;
#9085 = DIRECTION ( 'NONE',  ( 1.000000000000000000, -0.000000000000000000, 0.000000000000000000 ) ) ;
#9086 = CARTESIAN_POINT ( 'NONE',  ( 0.000000000000000000, 0.3500000000000000333, 2.349999999999999645 ) ) ;
#9087 = EDGE_CURVE ( 'NONE', #5667, #2668, #807, .T. ) ;
#9088 = EDGE_CURVE ( 'NONE', #3264, #4554, #10181, .T. ) ;
#9089 = CARTESIAN_POINT ( 'NONE',  ( 1.373794232999999698, 0.8000000000000000444, 1.816675823000000189 ) ) ;
#9090 = CARTESIAN_POINT ( 'NONE',  ( 1.644032218000000878, 1.027071126000000056, -1.337243881000000023 ) ) ;
#9091 = ORIENTED_EDGE ( 'NONE', *, *, #1846, .T. ) ;
#9092 = VECTOR ( 'NONE', #1196, 1000.000000000000000 ) ;
#9093 = DIRECTION ( 'NONE',  ( 0.000000000000000000, -0.9431887185515800409, -0.3322574923113522649 ) ) ;
#9094 = CARTESIAN_POINT ( 'NONE',  ( -2.332185658850506993, 0.6840336162281202004, 0.9370520114797844524 ) ) ;
#9095 = DIRECTION ( 'NONE',  ( -0.000000000000000000, -1.000000000000000000, -0.000000000000000000 ) ) ;
#9096 = CARTESIAN_POINT ( 'NONE',  ( 2.343193664266329357, 0.6684487789931576884, -0.9113230210369165363 ) ) ;
#9097 = CARTESIAN_POINT ( 'NONE',  ( 0.03841862232510254160, 0.1901880480000000817, 2.164188047999999753 ) ) ;
#9098 = DIRECTION ( 'NONE',  ( 0.000000000000000000, 0.000000000000000000, -1.000000000000000000 ) ) ;
#9099 = AXIS2_PLACEMENT_3D ( 'NONE', #8517, #399, #4455 ) ;
#9100 = FACE_OUTER_BOUND ( 'NONE', #3646, .T. ) ;
#9101 = ORIENTED_EDGE ( 'NONE', *, *, #636, .T. ) ;
#9102 = EDGE_CURVE ( 'NONE', #3707, #6724, #752, .T. ) ;
#9103 = CARTESIAN_POINT ( 'NONE',  ( 1.281549941643099988, 1.200000061205999780, 1.427146275149199894 ) ) ;
#9104 = CARTESIAN_POINT ( 'NONE',  ( -1.660062027000000162, 0.8091943649999999710, -1.513792483999999883 ) ) ;
#9105 = CARTESIAN_POINT ( 'NONE',  ( 2.294207493143116228, 0.6500000000000001332, 0.9836401407376631489 ) ) ;
#9106 = ORIENTED_EDGE ( 'NONE', *, *, #6742, .F. ) ;
#9107 = CARTESIAN_POINT ( 'NONE',  ( 1.099918599298470356, 1.200000000000000400, -0.4801488204614660638 ) ) ;
#9108 = CARTESIAN_POINT ( 'NONE',  ( 1.543715557140551198, 0.6400000000000001243, -1.532177300002578457 ) ) ;
#9109 = CARTESIAN_POINT ( 'NONE',  ( -2.100000000000000089, 0.4000000000000000222, -2.405681128000001667 ) ) ;
#9110 = VECTOR ( 'NONE', #3990, 1000.000000000000000 ) ;
#9111 = DIRECTION ( 'NONE',  ( -1.000000000000000000, 0.000000000000000000, -0.000000000000000000 ) ) ;
#9112 = PLANE ( 'NONE',  #10185 ) ;
#9113 = CARTESIAN_POINT ( 'NONE',  ( -0.9024864543380318738, 0.6623854261672464938, 2.345622441710204509 ) ) ;
#9114 = AXIS2_PLACEMENT_3D ( 'NONE', #659, #5880, #4164 ) ;
#9115 = EDGE_CURVE ( 'NONE', #8156, #6970, #10839, .T. ) ;
#9116 = DIRECTION ( 'NONE',  ( -0.000000000000000000, 0.000000000000000000, 1.000000000000000000 ) ) ;
#9117 = CARTESIAN_POINT ( 'NONE',  ( 1.329822188562057361, 1.129490423621276163, -1.552007142001243345 ) ) ;
#9118 = CARTESIAN_POINT ( 'NONE',  ( 1.845449354709626677, 0.8240641039795525424, 1.273757489300117118 ) ) ;
#9119 = ORIENTED_EDGE ( 'NONE', *, *, #1981, .F. ) ;
#9120 = CARTESIAN_POINT ( 'NONE',  ( 1.037400188668999856, 1.200000020533299905, -1.611665589727300230 ) ) ;
#9121 = CARTESIAN_POINT ( 'NONE',  ( -1.428323518720205021, 1.199999999999961542, -1.282535791646102874 ) ) ;
#9122 = CARTESIAN_POINT ( 'NONE',  ( 0.1497758240000000018, 0.09092030000000002332, 2.317093701000000117 ) ) ;
#9123 = CARTESIAN_POINT ( 'NONE',  ( -1.553285491059999801, 1.200000040559999759, -1.121164760019999873 ) ) ;
#9124 = ORIENTED_EDGE ( 'NONE', *, *, #8228, .T. ) ;
#9125 = ORIENTED_EDGE ( 'NONE', *, *, #9662, .T. ) ;
#9126 = AXIS2_PLACEMENT_3D ( 'NONE', #9915, #4055, #766 ) ;
#9127 = CARTESIAN_POINT ( 'NONE',  ( -1.689245386000000071, 1.129284466999999959, 1.151967217000000376 ) ) ;
#9128 = VECTOR ( 'NONE', #3905, 1000.000000000000227 ) ;
#9129 = CARTESIAN_POINT ( 'NONE',  ( 1.130538914000000172, 0.8324359328339855368, -1.937836525538394916 ) ) ;
#9130 = ADVANCED_BREP_SHAPE_REPRESENTATION ( 'EVQ-PLD_PLH_PLM_3PL_PT5_PT9-A15', ( #9182, #7558 ), #908 ) ;
#9131 = CARTESIAN_POINT ( 'NONE',  ( 0.8785042870000000503, 0.6450000000000001288, 2.315104722000000059 ) ) ;
#9132 = EDGE_CURVE ( 'NONE', #7830, #10160, #2003, .T. ) ;
#9133 = CARTESIAN_POINT ( 'NONE',  ( 1.100000000000000311, 1.399999999999999911, -6.735557395310444981E-17 ) ) ;
#9134 = CIRCLE ( 'NONE', #1779, 0.2999999999999997113 ) ;
#9135 = ORIENTED_EDGE ( 'NONE', *, *, #5408, .F. ) ;
#9136 = CARTESIAN_POINT ( 'NONE',  ( 2.348947903999999642, 0.6748721830000000699, -0.9184446360000001475 ) ) ;
#9137 = ORIENTED_EDGE ( 'NONE', *, *, #46, .T. ) ;
#9138 = ORIENTED_EDGE ( 'NONE', *, *, #744, .T. ) ;
#9139 = EDGE_LOOP ( 'NONE', ( #7953, #5009, #2305, #9063, #5180 ) ) ;
#9140 = FACE_OUTER_BOUND ( 'NONE', #6229, .T. ) ;
#9141 = DIRECTION ( 'NONE',  ( -1.000000000000000000, 0.000000000000000000, 0.000000000000000000 ) ) ;
#9142 = CARTESIAN_POINT ( 'NONE',  ( 0.1445161610321938073, 0.2401880479874412555, 2.449999999942704232 ) ) ;
#9143 = VECTOR ( 'NONE', #3158, 1000.000000000000000 ) ;
#9144 = EDGE_CURVE ( 'NONE', #6588, #1790, #9850, .T. ) ;
#9145 = CARTESIAN_POINT ( 'NONE',  ( -2.348692979999999597, 0.6450000000000001288, -0.8785042870000000503 ) ) ;
#9146 = CARTESIAN_POINT ( 'NONE',  ( 0.9251890653557540700, 0.6773190630492456066, -2.337959255322294538 ) ) ;
#9147 = CARTESIAN_POINT ( 'NONE',  ( 1.658044741340000794, 1.128070106869999645, -1.196610500500000507 ) ) ;
#9148 = CARTESIAN_POINT ( 'NONE',  ( -1.696049974548434092, 1.199999999999989297, 0.8916291299669070192 ) ) ;
#9149 = ORIENTED_EDGE ( 'NONE', *, *, #8698, .F. ) ;
#9150 = CARTESIAN_POINT ( 'NONE',  ( -0.9160395173856002993, 1.127832697905400083, -1.827549628289799832 ) ) ;
#9151 = ORIENTED_EDGE ( 'NONE', *, *, #4556, .T. ) ;
#9152 = LINE ( 'NONE', #7567, #7694 ) ;
#9153 = CARTESIAN_POINT ( 'NONE',  ( -2.299999999999999822, 0.6450000000100576392, -0.8785042868390998683 ) ) ;
#9154 = CARTESIAN_POINT ( 'NONE',  ( 1.089761193734160916, 0.8232097599478651606, 1.951655119646538372 ) ) ;
#9155 = ADVANCED_FACE ( 'NONE', ( #3543 ), #9518, .T. ) ;
#9156 = PLANE ( 'NONE',  #10127 ) ;
#9157 = ADVANCED_FACE ( 'NONE', ( #4586 ), #8746, .T. ) ;
#9158 = DIRECTION ( 'NONE',  ( 0.000000000000000000, 1.000000000000000000, -0.000000000000000000 ) ) ;
#9159 = ORIENTED_EDGE ( 'NONE', *, *, #8698, .T. ) ;
#9160 = CARTESIAN_POINT ( 'NONE',  ( -1.513775648999999834, 0.8091943630000000276, -1.660077378000000214 ) ) ;
#9161 = CARTESIAN_POINT ( 'NONE',  ( 2.294952300366984499, 0.6500000000000001332, 0.9722187038357795741 ) ) ;
#9162 = ORIENTED_EDGE ( 'NONE', *, *, #6973, .T. ) ;
#9163 = DIRECTION ( 'NONE',  ( 0.000000000000000000, 0.000000000000000000, -1.000000000000000000 ) ) ;
#9164 = CARTESIAN_POINT ( 'NONE',  ( -2.336383683209958928, 0.6793609228288780555, -0.9286429303458864082 ) ) ;
#9165 = CARTESIAN_POINT ( 'NONE',  ( -0.1499999985315921547, 0.1703638022365417670, -2.432757578769044748 ) ) ;
#9166 = ORIENTED_EDGE ( 'NONE', *, *, #2506, .T. ) ;
#9167 = CARTESIAN_POINT ( 'NONE',  ( 1.743542121931534128, 0.8232441777483822110, -1.399365567558423784 ) ) ;
#9168 = CARTESIAN_POINT ( 'NONE',  ( -0.9161598000784001439, 1.127394934918699798, 1.827791208934700151 ) ) ;
#9169 = DIRECTION ( 'NONE',  ( 0.000000000000000000, 0.000000000000000000, -1.000000000000000000 ) ) ;
#9170 = ADVANCED_FACE ( 'NONE', ( #8695 ), #1026, .T. ) ;
#9171 = FACE_OUTER_BOUND ( 'NONE', #5794, .T. ) ;
#9172 = DIRECTION ( 'NONE',  ( 0.000000000000000000, 1.000000000000000000, 0.000000000000000000 ) ) ;
#9173 = CARTESIAN_POINT ( 'NONE',  ( 1.937836507009548903, 0.8324359464752622007, 1.102127821988337475 ) ) ;
#9174 = EDGE_LOOP ( 'NONE', ( #8510, #9079, #6440, #7013 ) ) ;
#9175 = CARTESIAN_POINT ( 'NONE',  ( 0.9974800869999999042, 1.199997961000000224, -1.695700941999999989 ) ) ;
#9176 = DIRECTION ( 'NONE',  ( 0.000000000000000000, 0.000000000000000000, 1.000000000000000000 ) ) ;
#9177 = CARTESIAN_POINT ( 'NONE',  ( -0.9443964234919113299, 0.6877035785364812304, -2.328106116611289522 ) ) ;
#9178 = CARTESIAN_POINT ( 'NONE',  ( -1.638173018809999881, 1.200000020369999865, -0.9935049267299999043 ) ) ;
#9179 = ORIENTED_EDGE ( 'NONE', *, *, #5303, .F. ) ;
#9180 = ORIENTED_EDGE ( 'NONE', *, *, #7923, .F. ) ;
#9181 = CARTESIAN_POINT ( 'NONE',  ( -1.657831532755600135, 1.128491401725799870, 1.196457035930000412 ) ) ;
#9182 = MANIFOLD_SOLID_BREP ( 'åãçá1', #8499 ) ;
#9183 = CARTESIAN_POINT ( 'NONE',  ( -0.9184499900000000494, 0.6750097260000001986, 2.349202828999999326 ) ) ;
#9184 = DIRECTION ( 'NONE',  ( 0.000000000000000000, 1.000000000000000000, 0.000000000000000000 ) ) ;
#9185 = ORIENTED_EDGE ( 'NONE', *, *, #10171, .T. ) ;
#9186 = DIRECTION ( 'NONE',  ( 7.228014483236692611E-16, 0.000000000000000000, 1.000000000000000000 ) ) ;
#9187 = ORIENTED_EDGE ( 'NONE', *, *, #3570, .T. ) ;
#9188 = EDGE_LOOP ( 'NONE', ( #6930, #5397, #404, #8756, #10204, #994 ) ) ;
#9189 = ORIENTED_EDGE ( 'NONE', *, *, #9428, .T. ) ;
#9190 = DIRECTION ( 'NONE',  ( 0.000000000000000000, 0.3322574898012535805, 0.9431887194358136162 ) ) ;
#9191 = AXIS2_PLACEMENT_3D ( 'NONE', #5432, #7795, #8772 ) ;
#9192 = LINE ( 'NONE', #2672, #1241 ) ;
#9193 = EDGE_CURVE ( 'NONE', #8973, #4268, #8588, .T. ) ;
#9194 = LINE ( 'NONE', #5866, #10828 ) ;
#9195 = CARTESIAN_POINT ( 'NONE',  ( -2.348947903999999642, 0.6748721830000000699, -0.9184446360000001475 ) ) ;
#9196 = CARTESIAN_POINT ( 'NONE',  ( -0.9068047934227482232, 1.199999999999999734, 0.7903981749918166377 ) ) ;
#9197 = AXIS2_PLACEMENT_3D ( 'NONE', #4461, #453, #4572 ) ;
#9198 = CARTESIAN_POINT ( 'NONE',  ( 1.637285148530800871, 1.200000061721100186, -0.9929813541595996496 ) ) ;
#9199 = ORIENTED_EDGE ( 'NONE', *, *, #3380, .T. ) ;
#9200 = CARTESIAN_POINT ( 'NONE',  ( -0.9262215197099998854, 1.200000061289999698, -1.675781997529999900 ) ) ;
#9201 = ORIENTED_EDGE ( 'NONE', *, *, #2517, .F. ) ;
#9202 = CARTESIAN_POINT ( 'NONE',  ( 0.6000000000000000888, 0.09018804800000002064, 2.300000000062638161 ) ) ;
#9203 = B_SPLINE_CURVE_WITH_KNOTS ( 'NONE', 3,
 ( #7085, #7908, #1214, #3731, #4561, #397 ),
 .UNSPECIFIED., .F., .F.,
 ( 4, 2, 4 ),
 ( 0.000000000000000000, 0.5000000000000000000, 1.000000000000000000 ),
 .UNSPECIFIED. ) ;
#9204 = DIRECTION ( 'NONE',  ( 0.000000000000000000, 0.000000000000000000, -1.000000000000000000 ) ) ;
#9205 = VECTOR ( 'NONE', #10604, 1000.000000000000000 ) ;
#9206 = CARTESIAN_POINT ( 'NONE',  ( -0.1493274900518996584, 0.1901880480000000262, -2.300000000047734083 ) ) ;
#9207 = CARTESIAN_POINT ( 'NONE',  ( 2.330994452636028225, 0.6851810527065334000, 0.9392643620987572994 ) ) ;
#9208 = FACE_OUTER_BOUND ( 'NONE', #4709, .T. ) ;
#9209 = ORIENTED_EDGE ( 'NONE', *, *, #4800, .T. ) ;
#9210 = CARTESIAN_POINT ( 'NONE',  ( 1.638607672000000015, 1.199999999999999956, 0.9937673509999999100 ) ) ;
#9211 = CARTESIAN_POINT ( 'NONE',  ( -1.899261694760195240, 0.8241777021813357917, -1.180516627103181282 ) ) ;
#9212 = CARTESIAN_POINT ( 'NONE',  ( 2.296866078638928776, 0.6500000000000001332, 0.9494570284886172384 ) ) ;
#9213 = ORIENTED_EDGE ( 'NONE', *, *, #3321, .F. ) ;
#9214 = ADVANCED_FACE ( 'NONE', ( #7718 ), #10235, .F. ) ;
#9215 = FACE_OUTER_BOUND ( 'NONE', #447, .T. ) ;
#9216 = CARTESIAN_POINT ( 'NONE',  ( -2.321920924690796362, 0.6920502511595553186, -0.9545420628192716750 ) ) ;
#9217 = EDGE_CURVE ( 'NONE', #5904, #4770, #5813, .T. ) ;
#9218 = AXIS2_PLACEMENT_3D ( 'NONE', #2746, #10473, #1311 ) ;
#9219 = LINE ( 'NONE', #2527, #791 ) ;
#9220 = ORIENTED_EDGE ( 'NONE', *, *, #2101, .T. ) ;
#9221 = DIRECTION ( 'NONE',  ( 0.000000000000000000, -0.000000000000000000, -1.000000000000000000 ) ) ;
#9222 = DIRECTION ( 'NONE',  ( -0.000000000000000000, -0.000000000000000000, -1.000000000000000000 ) ) ;
#9223 = CARTESIAN_POINT ( 'NONE',  ( -0.9950587360812482851, 0.7000000000000000666, 2.293438054905877266 ) ) ;
#9224 = LINE ( 'NONE', #6004, #3691 ) ;
#9225 = LINE ( 'NONE', #3408, #1398 ) ;
#9226 = CARTESIAN_POINT ( 'NONE',  ( 1.195890962070940367, 0.8231219589831491046, 1.890848337990677530 ) ) ;
#9227 = VERTEX_POINT ( 'NONE', #2774 ) ;
#9228 = B_SPLINE_CURVE_WITH_KNOTS ( 'NONE', 3,
 ( #7231, #2225, #4651, #7997 ),
 .UNSPECIFIED., .F., .F.,
 ( 4, 4 ),
 ( 0.000000000000000000, 1.000000000000000000 ),
 .UNSPECIFIED. ) ;
#9229 = CARTESIAN_POINT ( 'NONE',  ( 1.012879266399999922, 1.127667408940000060, -1.776327759329999756 ) ) ;
#9230 = CARTESIAN_POINT ( 'NONE',  ( 1.141636525258145518, 1.200000000000000178, 0.3701574728958833549 ) ) ;
#9231 = EDGE_CURVE ( 'NONE', #5881, #4532, #2827, .T. ) ;
#9232 = CARTESIAN_POINT ( 'NONE',  ( -0.9646259056886365979, 0.6954793385949957774, -2.315274638410284247 ) ) ;
#9233 = CARTESIAN_POINT ( 'NONE',  ( -1.776334740453299643, 1.127654447559399697, -1.012883228043999662 ) ) ;
#9234 = ORIENTED_EDGE ( 'NONE', *, *, #2986, .T. ) ;
#9235 = ORIENTED_EDGE ( 'NONE', *, *, #8366, .F. ) ;
#9236 = CARTESIAN_POINT ( 'NONE',  ( -1.667076891999999866, 1.172314698999999960, 1.136897420000000158 ) ) ;
#9237 = LINE ( 'NONE', #10053, #342 ) ;
#9238 = CARTESIAN_POINT ( 'NONE',  ( 0.9184446360000001475, 0.6748721830000000699, 2.348947903999999642 ) ) ;
#9239 = CARTESIAN_POINT ( 'NONE',  ( -0.4480429556126155344, 0.1901880480000001095, -1.659049397206823651 ) ) ;
#9240 = EDGE_LOOP ( 'NONE', ( #10620, #7224, #4970, #10174, #9209, #282 ) ) ;
#9241 = CARTESIAN_POINT ( 'NONE',  ( -2.345913800822427842, 0.6614710685864665374, 0.9011857573050833237 ) ) ;
#9242 = EDGE_CURVE ( 'NONE', #3471, #9895, #3051, .T. ) ;
#9243 = ORIENTED_EDGE ( 'NONE', *, *, #2902, .F. ) ;
#9244 = ORIENTED_EDGE ( 'NONE', *, *, #5468, .F. ) ;
#9245 = ORIENTED_EDGE ( 'NONE', *, *, #1697, .F. ) ;
#9246 = DIRECTION ( 'NONE',  ( -4.517509052022926719E-17, 1.000000000000000000, -0.000000000000000000 ) ) ;
#9247 = CARTESIAN_POINT ( 'NONE',  ( -1.199999999999999956, 1.199999999999999956, -1.322618543079141247E-16 ) ) ;
#9248 = DIRECTION ( 'NONE',  ( 0.000000000000000000, -0.3322574898012572997, -0.9431887194358122839 ) ) ;
#9249 = B_SPLINE_CURVE_WITH_KNOTS ( 'NONE', 3,
 ( #1867, #6706, #3403, #9334 ),
 .UNSPECIFIED., .F., .F.,
 ( 4, 4 ),
 ( 0.000000000000000000, 1.000000000000000000 ),
 .UNSPECIFIED. ) ;
#9250 = CARTESIAN_POINT ( 'NONE',  ( -2.293438055000000197, 0.6833333330000000982, -0.9950587360000001658 ) ) ;
#9251 = VECTOR ( 'NONE', #2944, 1000.000000000000000 ) ;
#9252 = CARTESIAN_POINT ( 'NONE',  ( -2.295911158114563033, 0.6500000000000005773, -0.9608144523222075239 ) ) ;
#9253 = CARTESIAN_POINT ( 'NONE',  ( 1.708910409000000019, 1.199997959000000058, -0.9746156000000001374 ) ) ;
#9254 = EDGE_CURVE ( 'NONE', #2709, #6455, #3803, .T. ) ;
#9255 = ORIENTED_EDGE ( 'NONE', *, *, #6331, .F. ) ;
#9256 = DIRECTION ( 'NONE',  ( -0.000000000000000000, -1.000000000000000000, -0.000000000000000000 ) ) ;
#9257 = ORIENTED_EDGE ( 'NONE', *, *, #4417, .T. ) ;
#9258 = AXIS2_PLACEMENT_3D ( 'NONE', #8293, #779, #7202 ) ;
#9259 = LINE ( 'NONE', #7454, #1730 ) ;
#9260 = CARTESIAN_POINT ( 'NONE',  ( 1.696049895013669317, 1.199999999999355360, 0.8916295004489538378 ) ) ;
#9261 = DIRECTION ( 'NONE',  ( 1.000000000000000000, 0.000000000000000000, 0.000000000000000000 ) ) ;
#9262 = CARTESIAN_POINT ( 'NONE',  ( 0.6000000000000000888, 0.1901880479993410811, 2.300000000031319214 ) ) ;
#9263 = CARTESIAN_POINT ( 'NONE',  ( 2.343917393581818498, 0.6668365834407458115, 0.9089371173718180374 ) ) ;
#9264 = CARTESIAN_POINT ( 'NONE',  ( 1.024999999937499684, 0.02000000000000000389, 1.750000000000000000 ) ) ;
#9265 = AXIS2_PLACEMENT_3D ( 'NONE', #4250, #1071, #7599 ) ;
#9266 = ORIENTED_EDGE ( 'NONE', *, *, #8879, .T. ) ;
#9267 = CARTESIAN_POINT ( 'NONE',  ( 1.719597829700000080, 1.128760009570000111, 1.106605604430000112 ) ) ;
#9268 = CARTESIAN_POINT ( 'NONE',  ( -1.672334731000000074, 0.8000000000000000444, -1.524980047999999977 ) ) ;
#9269 = ORIENTED_EDGE ( 'NONE', *, *, #10096, .F. ) ;
#9270 = CARTESIAN_POINT ( 'NONE',  ( -1.875000000000000000, 0.8000000000000003775, -1.875000000000000000 ) ) ;
#9271 = CARTESIAN_POINT ( 'NONE',  ( -2.325152235150270030, 0.6899356292646176003, -0.9493574780944742386 ) ) ;
#9272 = CARTESIAN_POINT ( 'NONE',  ( -1.600000000000000089, 0.4000000000000001887, -2.405681128000000779 ) ) ;
#9273 = VERTEX_POINT ( 'NONE', #5462 ) ;
#9274 = DIRECTION ( 'NONE',  ( 0.000000000000000000, 0.000000000000000000, -1.000000000000000000 ) ) ;
#9275 = DIRECTION ( 'NONE',  ( 0.000000000000000000, 0.000000000000000000, -1.000000000000000000 ) ) ;
#9276 = CARTESIAN_POINT ( 'NONE',  ( 0.9223949866034328871, 1.128615981232784726, 1.823793471519853382 ) ) ;
#9277 = CIRCLE ( 'NONE', #7876, 0.1999999999999996503 ) ;
#9278 = EDGE_CURVE ( 'NONE', #856, #8795, #6995, .T. ) ;
#9279 = DIRECTION ( 'NONE',  ( 0.000000000000000000, 0.000000000000000000, 1.000000000000000000 ) ) ;
#9280 = CARTESIAN_POINT ( 'NONE',  ( -0.6000000000000000888, 0.2401880480072129953, -2.449999999999999734 ) ) ;
#9281 = PLANE ( 'NONE',  #3428 ) ;
#9282 = ORIENTED_EDGE ( 'NONE', *, *, #8228, .F. ) ;
#9283 = VECTOR ( 'NONE', #4671, 1000.000000000000000 ) ;
#9284 = CARTESIAN_POINT ( 'NONE',  ( 0.9269587860000000346, 1.199999999999999956, -1.677117296999999896 ) ) ;
#9285 = CARTESIAN_POINT ( 'NONE',  ( -1.750000000000000000, 0.6500000000000001332, -1.750000000000000000 ) ) ;
#9286 = CARTESIAN_POINT ( 'NONE',  ( -0.9950587357873915684, 0.7000000000000003997, -2.293438055037149592 ) ) ;
#9287 = CARTESIAN_POINT ( 'NONE',  ( -1.664706683999999992, 1.199999999999999956, -0.9495353449999999196 ) ) ;
#9288 = ORIENTED_EDGE ( 'NONE', *, *, #495, .T. ) ;
#9289 = CARTESIAN_POINT ( 'NONE',  ( -1.762122497932799847, 1.128587701688799960, 1.036377631401000032 ) ) ;
#9290 = DIRECTION ( 'NONE',  ( -0.000000000000000000, 0.000000000000000000, 1.000000000000000000 ) ) ;
#9291 = CARTESIAN_POINT ( 'NONE',  ( 0.9950587360000001658, 0.6500000000000001332, 2.293438055000000197 ) ) ;
#9292 = AXIS2_PLACEMENT_3D ( 'NONE', #8070, #9753, #10423 ) ;
#9293 = EDGE_CURVE ( 'NONE', #7770, #2319, #9473, .T. ) ;
#9294 = ADVANCED_FACE ( 'NONE', ( #518 ), #10365, .T. ) ;
#9295 = B_SPLINE_CURVE_WITH_KNOTS ( 'NONE', 3,
 ( #3370, #10832, #9352, #7654 ),
 .UNSPECIFIED., .F., .F.,
 ( 4, 4 ),
 ( 0.000000000000000000, 1.000000000000000000 ),
 .UNSPECIFIED. ) ;
#9296 = LINE ( 'NONE', #10680, #3161 ) ;
#9297 = CARTESIAN_POINT ( 'NONE',  ( 0.1493274900522030546, 0.09018804800000003452, 2.300000000050924420 ) ) ;
#9298 = EDGE_LOOP ( 'NONE', ( #9220, #8502, #5015, #740, #1337, #1608 ) ) ;
#9299 = LINE ( 'NONE', #7656, #3412 ) ;
#9300 = VECTOR ( 'NONE', #4218, 1000.000000000000000 ) ;
#9301 = ORIENTED_EDGE ( 'NONE', *, *, #6776, .F. ) ;
#9302 = CIRCLE ( 'NONE', #1423, 0.1499999999999999667 ) ;
#9303 = ORIENTED_EDGE ( 'NONE', *, *, #5275, .F. ) ;
#9304 = ORIENTED_EDGE ( 'NONE', *, *, #2660, .F. ) ;
#9305 = DIRECTION ( 'NONE',  ( 0.000000000000000000, 0.000000000000000000, -1.000000000000000000 ) ) ;
#9306 = CARTESIAN_POINT ( 'NONE',  ( -1.141636525258145296, 1.200000000000000178, -0.3701574728958779148 ) ) ;
#9307 = LINE ( 'NONE', #2612, #6975 ) ;
#9308 = CARTESIAN_POINT ( 'NONE',  ( -2.449999999999999734, 0.3499999999125001926, 1.250000000000000000 ) ) ;
#9309 = B_SPLINE_SURFACE_WITH_KNOTS ( 'NONE', 3, 3, ( 
 ( #7999, #7177, #10518, #3001 ),
 ( #6361, #10360, #5262, #1096 ),
 ( #6963, #6200, #2842, #9530 ),
 ( #2014, #1355, #6572, #4867 ),
 ( #10678, #5755, #8270, #10790 ),
 ( #9688, #756, #9793, #4764 ),
 ( #6410, #9084, #9739, #3214 ) ),
 .UNSPECIFIED., .F., .F., .F.,
 ( 4, 3, 4 ),
 ( 4, 4 ),
 ( -0.01529547625798360205, 0.000000000000000000, 1.000000000000000000 ),
 ( 0.000000000000000000, 1.000000000000000000 ),
 .UNSPECIFIED. ) ;
#9310 = ADVANCED_FACE ( 'NONE', ( #10708 ), #4235, .F. ) ;
#9311 = AXIS2_PLACEMENT_3D ( 'NONE', #1461, #5752, #9080 ) ;
#9312 = CARTESIAN_POINT ( 'NONE',  ( 0.9761920813237441319, 0.6982526144976655136, -2.307206406989774639 ) ) ;
#9313 = CARTESIAN_POINT ( 'NONE',  ( 1.765471718999999773, 1.172138654999999918, -0.9755248800000000386 ) ) ;
#9314 = ORIENTED_EDGE ( 'NONE', *, *, #3391, .T. ) ;
#9315 = CARTESIAN_POINT ( 'NONE',  ( -0.9037590712599999909, 1.200000061349999925, -1.688128977149999654 ) ) ;
#9316 = ORIENTED_EDGE ( 'NONE', *, *, #5814, .T. ) ;
#9317 = AXIS2_PLACEMENT_3D ( 'NONE', #6103, #4390, #1758 ) ;
#9318 = DIRECTION ( 'NONE',  ( -1.000000000000000000, 0.000000000000000000, 0.000000000000000000 ) ) ;
#9319 = PLANE ( 'NONE',  #351 ) ;
#9320 = CARTESIAN_POINT ( 'NONE',  ( 1.099999999999999645, 1.458578643762412641, -2.200000000000000178 ) ) ;
#9321 = CARTESIAN_POINT ( 'NONE',  ( -0.2999999999867187794, 0.02000000000000000389, -1.750000000000000000 ) ) ;
#9322 = EDGE_CURVE ( 'NONE', #6984, #7715, #4895, .T. ) ;
#9323 = CARTESIAN_POINT ( 'NONE',  ( 2.337812812792199324, 0.6774943205942781654, 0.9254935777182331513 ) ) ;
#9324 = VECTOR ( 'NONE', #3610, 1000.000000000000114 ) ;
#9325 = DIRECTION ( 'NONE',  ( 1.000000000000000000, 0.000000000000000000, -0.000000000000000000 ) ) ;
#9326 = VERTEX_POINT ( 'NONE', #6652 ) ;
#9327 = CARTESIAN_POINT ( 'NONE',  ( 1.650977450107000477, 1.200000041187800015, 0.9712941177828001704 ) ) ;
#9328 = CARTESIAN_POINT ( 'NONE',  ( -1.266062733206419821, 0.8238588375236630679, -1.844638738146561652 ) ) ;
#9329 = ORIENTED_EDGE ( 'NONE', *, *, #5610, .T. ) ;
#9330 = FACE_OUTER_BOUND ( 'NONE', #178, .T. ) ;
#9331 = CARTESIAN_POINT ( 'NONE',  ( 0.000000000000000000, 0.7000000000000000666, 0.000000000000000000 ) ) ;
#9332 = LINE ( 'NONE', #10261, #8161 ) ;
#9333 = VERTEX_POINT ( 'NONE', #7524 ) ;
#9334 = CARTESIAN_POINT ( 'NONE',  ( -1.106843105463648058, 0.8233164494695032198, -1.942102885056486761 ) ) ;
#9335 = FACE_OUTER_BOUND ( 'NONE', #2739, .T. ) ;
#9336 = FACE_OUTER_BOUND ( 'NONE', #1275, .T. ) ;
#9337 = EDGE_CURVE ( 'NONE', #7002, #10781, #7470, .T. ) ;
#9338 = DIRECTION ( 'NONE',  ( 0.000000000000000000, 0.4654964820012061355, 0.8850497303793164461 ) ) ;
#9339 = FACE_OUTER_BOUND ( 'NONE', #3252, .T. ) ;
#9340 = CARTESIAN_POINT ( 'NONE',  ( 0.000000000000000000, 1.399999999999999911, -1.100000000000000089 ) ) ;
#9341 = DIRECTION ( 'NONE',  ( 0.000000000000000000, 0.000000000000000000, -1.000000000000000000 ) ) ;
#9342 = ORIENTED_EDGE ( 'NONE', *, *, #8433, .F. ) ;
#9343 = CARTESIAN_POINT ( 'NONE',  ( -1.399999999999999911, 0.7000000000000000666, -2.174999999999999822 ) ) ;
#9344 = CARTESIAN_POINT ( 'NONE',  ( -0.7250000000298829628, 0.1799999999999999933, -0.8500000000332033068 ) ) ;
#9345 = CARTESIAN_POINT ( 'NONE',  ( -0.9535835534556995619, 0.6916768415000518200, -2.322528817582753202 ) ) ;
#9346 = CARTESIAN_POINT ( 'NONE',  ( -1.762358993673599716, 1.128151650195799993, -1.036508597266800225 ) ) ;
#9347 = ORIENTED_EDGE ( 'NONE', *, *, #4304, .F. ) ;
#9348 = CARTESIAN_POINT ( 'NONE',  ( -1.106607050584300866, 1.128755701455700144, 1.719600085256999922 ) ) ;
#9349 = DIRECTION ( 'NONE',  ( 0.000000000000000000, 1.000000000000000000, -0.000000000000000000 ) ) ;
#9350 = CARTESIAN_POINT ( 'NONE',  ( -0.8785042870000000503, 0.6450000000000001288, 2.348438054999999913 ) ) ;
#9351 = CYLINDRICAL_SURFACE ( 'NONE', #4926, 0.04999999999999969746 ) ;
#9352 = CARTESIAN_POINT ( 'NONE',  ( -1.940569521985535451, 0.8262808924376181530, 1.105245338740856953 ) ) ;
#9353 = VERTEX_POINT ( 'NONE', #6545 ) ;
#9354 = CARTESIAN_POINT ( 'NONE',  ( 1.000000000000000000, 0.7000000000000000666, -2.293438055000000197 ) ) ;
#9355 = VERTEX_POINT ( 'NONE', #5056 ) ;
#9356 = ADVANCED_FACE ( 'NONE', ( #9928, #1544 ), #9112, .T. ) ;
#9357 = VERTEX_POINT ( 'NONE', #2364 ) ;
#9358 = ADVANCED_FACE ( 'NONE', ( #8348 ), #2530, .T. ) ;
#9359 = ORIENTED_EDGE ( 'NONE', *, *, #837, .T. ) ;
#9360 = DIRECTION ( 'NONE',  ( -1.000000000000000000, 0.000000000000000000, -0.000000000000000000 ) ) ;
#9361 = CARTESIAN_POINT ( 'NONE',  ( -0.1417832580000000231, 0.2401880479999999873, -2.299999999999999822 ) ) ;
#9362 = CARTESIAN_POINT ( 'NONE',  ( -2.299999999934413175, 0.6500000000854853077, -0.9268673177026719445 ) ) ;
#9363 = VERTEX_POINT ( 'NONE', #10039 ) ;
#9364 = CARTESIAN_POINT ( 'NONE',  ( -0.9713045135200001345, 1.200000040779999999, -1.650983208400000457 ) ) ;
#9365 = EDGE_CURVE ( 'NONE', #7553, #8524, #730, .T. ) ;
#9366 = ORIENTED_EDGE ( 'NONE', *, *, #5610, .F. ) ;
#9367 = LINE ( 'NONE', #6248, #3833 ) ;
#9368 = CARTESIAN_POINT ( 'NONE',  ( 1.554107912075735953, 1.199999999998412337, 1.121756705086804917 ) ) ;
#9369 = CARTESIAN_POINT ( 'NONE',  ( 2.099999999999839773, 0.1000000000919467752, 2.300000000002450751 ) ) ;
#9370 = FACE_OUTER_BOUND ( 'NONE', #4669, .T. ) ;
#9371 = VECTOR ( 'NONE', #2988, 1000.000000000000000 ) ;
#9372 = CARTESIAN_POINT ( 'NONE',  ( 2.321708317659517462, 0.6921832582531924905, 0.9548787867348088598 ) ) ;
#9373 = CARTESIAN_POINT ( 'NONE',  ( 0.6000000000000000888, 0.09018804800000000677, 2.449999999999999734 ) ) ;
#9374 = VERTEX_POINT ( 'NONE', #727 ) ;
#9375 = CARTESIAN_POINT ( 'NONE',  ( 1.689483510059999860, 1.128854115410000025, 1.152093475700000091 ) ) ;
#9376 = CARTESIAN_POINT ( 'NONE',  ( -1.984642640824452631, 0.8000000000952458556, 1.117129299956162392 ) ) ;
#9377 = ORIENTED_EDGE ( 'NONE', *, *, #5717, .T. ) ;
#9378 = CARTESIAN_POINT ( 'NONE',  ( 0.2999999999701172260, 0.1799999999999999933, 0.5000000000332031069 ) ) ;
#9379 = CARTESIAN_POINT ( 'NONE',  ( -2.303465790790407031, 0.6990932294215834730, -0.9813975446422752436 ) ) ;
#9380 = EDGE_CURVE ( 'NONE', #8625, #9783, #2121, .T. ) ;
#9381 = DIRECTION ( 'NONE',  ( 0.000000000000000000, 0.000000000000000000, -1.000000000000000000 ) ) ;
#9382 = ORIENTED_EDGE ( 'NONE', *, *, #4721, .T. ) ;
#9383 = CARTESIAN_POINT ( 'NONE',  ( 1.115387573000000243, 1.102653893035536070, -1.836504789611721256 ) ) ;
#9384 = VECTOR ( 'NONE', #4752, 1000.000000000000000 ) ;
#9385 = CARTESIAN_POINT ( 'NONE',  ( 2.100000000000000089, 0.3667742510000000511, 2.500000000000000000 ) ) ;
#9386 = PLANE ( 'NONE',  #6659 ) ;
#9387 = CARTESIAN_POINT ( 'NONE',  ( -0.7250000000000000888, 0.000000000000000000, -1.750000000000000000 ) ) ;
#9388 = VECTOR ( 'NONE', #7293, 1000.000000000000000 ) ;
#9389 = DIRECTION ( 'NONE',  ( -1.000000000000000000, 0.000000000000000000, -0.000000000000000000 ) ) ;
#9390 = FACE_OUTER_BOUND ( 'NONE', #8782, .T. ) ;
#9391 = DIRECTION ( 'NONE',  ( 0.000000000000000000, 0.000000000000000000, -1.000000000000000000 ) ) ;
#9392 = ORIENTED_EDGE ( 'NONE', *, *, #87, .T. ) ;
#9393 = CARTESIAN_POINT ( 'NONE',  ( 1.117129161047307750, 0.8000000000929931021, -1.984642723021972088 ) ) ;
#9394 = CARTESIAN_POINT ( 'NONE',  ( -1.348273797999999912, 0.8234081909999999560, 1.782888501000000181 ) ) ;
#9395 = EDGE_CURVE ( 'NONE', #5026, #7705, #3532, .T. ) ;
#9396 = DIRECTION ( 'NONE',  ( 0.000000000000000000, 0.000000000000000000, -1.000000000000000000 ) ) ;
#9397 = CARTESIAN_POINT ( 'NONE',  ( -1.752359235999999987, 1.172168149000000215, -0.9992776220000001430 ) ) ;
#9398 = VERTEX_POINT ( 'NONE', #7585 ) ;
#9399 = B_SPLINE_SURFACE_WITH_KNOTS ( 'NONE', 3, 3, ( 
 ( #3091, #9016, #8098, #10560 ),
 ( #2985, #8040, #686, #519 ),
 ( #4026, #3202, #3859, #9836 ),
 ( #7218, #5687, #1453, #3037 ),
 ( #6559, #6447, #9776, #6395 ),
 ( #5633, #5572, #9888, #1396 ),
 ( #8965, #2378, #5741, #7432 ) ),
 .UNSPECIFIED., .F., .F., .F.,
 ( 4, 3, 4 ),
 ( 4, 4 ),
 ( -0.007957294129389851436, 0.5000000000000009992, 1.007957830197679927 ),
 ( 0.05328457583229669753, 0.8299065093923119196 ),
 .UNSPECIFIED. ) ;
#9400 = CARTESIAN_POINT ( 'NONE',  ( -1.204602343999999992, 1.199999999999999956, 1.494478948000000695 ) ) ;
#9401 = FACE_OUTER_BOUND ( 'NONE', #3007, .T. ) ;
#9402 = CARTESIAN_POINT ( 'NONE',  ( -1.559602620951221041, 1.129335715510325411, -1.320996026871210205 ) ) ;
#9403 = CARTESIAN_POINT ( 'NONE',  ( 0.9471510259962856448, 0.6889698923643848838, 2.326485266221715253 ) ) ;
#9404 = CARTESIAN_POINT ( 'NONE',  ( -0.8785042870000000503, 0.6450000000000001288, -2.331771387999999945 ) ) ;
#9405 = ORIENTED_EDGE ( 'NONE', *, *, #7178, .F. ) ;
#9406 = CARTESIAN_POINT ( 'NONE',  ( -2.346488534771669077, 0.6595136692757715968, 0.8984187900681632755 ) ) ;
#9407 = EDGE_CURVE ( 'NONE', #7058, #11, #5411, .T. ) ;
#9408 = ORIENTED_EDGE ( 'NONE', *, *, #4104, .T. ) ;
#9409 = VERTEX_POINT ( 'NONE', #6598 ) ;
#9410 = ORIENTED_EDGE ( 'NONE', *, *, #6534, .F. ) ;
#9411 = CARTESIAN_POINT ( 'NONE',  ( 1.100000000000000311, 1.100000000000000089, -9.429780353434621002E-17 ) ) ;
#9412 = AXIS2_PLACEMENT_3D ( 'NONE', #9978, #7411, #6591 ) ;
#9413 = CARTESIAN_POINT ( 'NONE',  ( -0.8916291446678870081, 1.200000000000545519, -1.696049945175428064 ) ) ;
#9414 = DIRECTION ( 'NONE',  ( 0.000000000000000000, 0.000000000000000000, 1.000000000000000000 ) ) ;
#9415 = ADVANCED_FACE ( 'NONE', ( #2417 ), #5782, .T. ) ;
#9416 = CARTESIAN_POINT ( 'NONE',  ( 0.9753248678130064242, 0.6980854544329410105, -2.307823274064189523 ) ) ;
#9417 = PLANE ( 'NONE',  #9749 ) ;
#9418 = EDGE_LOOP ( 'NONE', ( #9952, #7964, #5024, #4155 ) ) ;
#9419 = CARTESIAN_POINT ( 'NONE',  ( -1.059933201887000020, 1.128207984710399847, -1.748176048431999696 ) ) ;
#9420 = ORIENTED_EDGE ( 'NONE', *, *, #4812, .F. ) ;
#9421 = CARTESIAN_POINT ( 'NONE',  ( -1.600000000000000089, 0.06677425100000003444, 2.394318871999999931 ) ) ;
#9422 = CARTESIAN_POINT ( 'NONE',  ( -0.6000000004000002329, 0.8000000000000000444, -2.399999999999999911 ) ) ;
#9423 = CARTESIAN_POINT ( 'NONE',  ( -1.000000000000597744, 1.500000000000000222, 2.000000000001195488 ) ) ;
#9424 = VECTOR ( 'NONE', #2829, 1000.000000000000000 ) ;
#9425 = LINE ( 'NONE', #934, #17 ) ;
#9426 = CARTESIAN_POINT ( 'NONE',  ( -0.1445161610000000318, 0.2401880480000000151, -2.450499999999999901 ) ) ;
#9427 = EDGE_CURVE ( 'NONE', #38, #3991, #213, .T. ) ;
#9428 = EDGE_CURVE ( 'NONE', #3278, #6430, #5113, .T. ) ;
#9429 = CARTESIAN_POINT ( 'NONE',  ( 2.346032488209723876, 0.6610880575380574387, 0.9006421258963290821 ) ) ;
#9430 = FACE_OUTER_BOUND ( 'NONE', #4683, .T. ) ;
#9431 = ORIENTED_EDGE ( 'NONE', *, *, #5763, .F. ) ;
#9432 = CARTESIAN_POINT ( 'NONE',  ( 1.583922345999999814, 1.199999999999999956, 1.080333851999999872 ) ) ;
#9433 = CARTESIAN_POINT ( 'NONE',  ( 2.293438055024036526, 0.6500000000000001332, -0.9950587358913123293 ) ) ;
#9434 = ORIENTED_EDGE ( 'NONE', *, *, #52, .F. ) ;
#9435 = AXIS2_PLACEMENT_3D ( 'NONE', #7813, #141, #251 ) ;
#9436 = DIRECTION ( 'NONE',  ( -0.000000000000000000, -1.000000000000000000, -0.000000000000000000 ) ) ;
#9437 = PLANE ( 'NONE',  #8153 ) ;
#9438 = CARTESIAN_POINT ( 'NONE',  ( 1.750000000000000000, 0.6500000000000001332, 1.750000000000000000 ) ) ;
#9439 = DIRECTION ( 'NONE',  ( 0.000000000000000000, 0.9431887185515800409, 0.3322574923113522649 ) ) ;
#9440 = CARTESIAN_POINT ( 'NONE',  ( 2.175000000046913851, 0.7999999999999998224, 1.250000000000000000 ) ) ;
#9441 = CARTESIAN_POINT ( 'NONE',  ( 0.6000000001541666572, 0.7000000000002382095, 2.250000000000001776 ) ) ;
#9442 = AXIS2_PLACEMENT_3D ( 'NONE', #8511, #4119, #8561 ) ;
#9443 = EDGE_CURVE ( 'NONE', #4847, #1742, #6300, .T. ) ;
#9444 = DIRECTION ( 'NONE',  ( -1.000000000000000000, -0.000000000000000000, -0.000000000000000000 ) ) ;
#9445 = CARTESIAN_POINT ( 'NONE',  ( 1.106845078288430262, 0.8233166248663973397, 1.942102243374207449 ) ) ;
#9446 = DIRECTION ( 'NONE',  ( -1.000000000000000000, 0.000000000000000000, -0.000000000000000000 ) ) ;
#9447 = CARTESIAN_POINT ( 'NONE',  ( 2.099999999990382893, 0.1000000000312890047, -2.299999999999999822 ) ) ;
#9448 = VERTEX_POINT ( 'NONE', #947 ) ;
#9449 = CARTESIAN_POINT ( 'NONE',  ( 0.9645666927300006188, 1.128402041959999602, -1.802365853690000019 ) ) ;
#9450 = DIRECTION ( 'NONE',  ( -1.000000000000000000, 0.000000000000000000, -0.000000000000000000 ) ) ;
#9451 = VECTOR ( 'NONE', #9509, 1000.000000000000000 ) ;
#9452 = CARTESIAN_POINT ( 'NONE',  ( -0.9186842363385365751, 0.6732702626729913931, -2.340621313245089929 ) ) ;
#9453 = CARTESIAN_POINT ( 'NONE',  ( -1.712800893999999907, 1.199999999999999956, -0.8588168320000001410 ) ) ;
#9454 = ORIENTED_EDGE ( 'NONE', *, *, #2581, .T. ) ;
#9455 = CARTESIAN_POINT ( 'NONE',  ( -1.355412177000000051, 1.199999999999999956, 1.355449136000000054 ) ) ;
#9456 = CYLINDRICAL_SURFACE ( 'NONE', #10668, 0.2999999999999997113 ) ;
#9457 = CARTESIAN_POINT ( 'NONE',  ( -0.9950587360000001658, 0.6833333330000000982, 2.293438055000000197 ) ) ;
#9458 = EDGE_CURVE ( 'NONE', #4660, #4782, #6002, .T. ) ;
#9459 = VECTOR ( 'NONE', #8353, 1000.000000000000000 ) ;
#9460 = CARTESIAN_POINT ( 'NONE',  ( 0.9876848217909511840, 0.6997469653274621670, 2.298880717635126469 ) ) ;
#9461 = CARTESIAN_POINT ( 'NONE',  ( -0.9551130330000000557, 0.7007647740000000347, -2.323447782000000128 ) ) ;
#9462 = VERTEX_POINT ( 'NONE', #3816 ) ;
#9463 = B_SPLINE_CURVE_WITH_KNOTS ( 'NONE', 3,
 ( #3752, #8747, #3597, #6899, #10237, #9413 ),
 .UNSPECIFIED., .F., .F.,
 ( 4, 2, 4 ),
 ( 0.000000000000000000, 0.5000000000000000000, 1.000000000000000000 ),
 .UNSPECIFIED. ) ;
#9464 = CARTESIAN_POINT ( 'NONE',  ( 1.507690373693607366, 0.8236714934304225633, -1.653368040686668872 ) ) ;
#9465 = VERTEX_POINT ( 'NONE', #7121 ) ;
#9466 = VERTEX_POINT ( 'NONE', #5221 ) ;
#9467 =( LENGTH_UNIT ( ) NAMED_UNIT ( * ) SI_UNIT ( .MILLI., .METRE. ) );
#9468 = AXIS2_PLACEMENT_3D ( 'NONE', #1216, #1927, #4563 ) ;
#9469 = FACE_OUTER_BOUND ( 'NONE', #7809, .T. ) ;
#9470 = FACE_OUTER_BOUND ( 'NONE', #8560, .T. ) ;
#9471 = EDGE_CURVE ( 'NONE', #5320, #10234, #8620, .T. ) ;
#9472 = CARTESIAN_POINT ( 'NONE',  ( 2.100000000000000089, 0.6500000000000001332, 2.299999999999999822 ) ) ;
#9473 = B_SPLINE_CURVE_WITH_KNOTS ( 'NONE', 3,
 ( #6504, #2268, #5631, #10559 ),
 .UNSPECIFIED., .F., .F.,
 ( 4, 4 ),
 ( 0.000000000000000000, 1.000000000000000000 ),
 .UNSPECIFIED. ) ;
#9474 = CARTESIAN_POINT ( 'NONE',  ( 1.199999999999999734, 1.100000000000000311, 0.1520711875264305624 ) ) ;
#9475 = ORIENTED_EDGE ( 'NONE', *, *, #9380, .F. ) ;
#9476 = CARTESIAN_POINT ( 'NONE',  ( -1.120896123519999676, 1.200000060839999660, -1.552854629820000110 ) ) ;
#9477 = VERTEX_POINT ( 'NONE', #8513 ) ;
#9478 = DIRECTION ( 'NONE',  ( -0.000000000000000000, -1.000000000000000000, 0.000000000000000000 ) ) ;
#9479 = PLANE ( 'NONE',  #2793 ) ;
#9480 = EDGE_CURVE ( 'NONE', #7054, #6193, #5143, .T. ) ;
#9481 = CARTESIAN_POINT ( 'NONE',  ( -0.9494570283818389855, 0.6500000000000001332, 2.296866078648315046 ) ) ;
#9482 = VECTOR ( 'NONE', #10502, 1000.000000000000000 ) ;
#9483 = CARTESIAN_POINT ( 'NONE',  ( -1.000000000000597966, 1.500000000000000000, 5.510910596170411171E-17 ) ) ;
#9484 = CARTESIAN_POINT ( 'NONE',  ( -0.1500441847554578323, 0.1854775142551406408, -2.403044048132215504 ) ) ;
#9485 = CARTESIAN_POINT ( 'NONE',  ( 2.299279000901520043, 0.6996931943887871874, 0.9871397889625846966 ) ) ;
#9486 = CARTESIAN_POINT ( 'NONE',  ( -0.1463441073324492914, 0.2159783451771280782, -2.450000000002825029 ) ) ;
#9487 = ORIENTED_EDGE ( 'NONE', *, *, #9144, .T. ) ;
#9488 = CARTESIAN_POINT ( 'NONE',  ( 1.677117296999999896, 1.199999999999999956, 0.9269587860000000346 ) ) ;
#9489 = DIRECTION ( 'NONE',  ( 0.000000000000000000, 0.000000000000000000, 1.000000000000000000 ) ) ;
#9490 = ORIENTED_EDGE ( 'NONE', *, *, #616, .T. ) ;
#9491 = VECTOR ( 'NONE', #9246, 1000.000000000000000 ) ;
#9492 = DIRECTION ( 'NONE',  ( 0.000000000000000000, 0.000000000000000000, 1.000000000000000000 ) ) ;
#9493 = CARTESIAN_POINT ( 'NONE',  ( -1.532177300002246501, 0.6500000000000001332, -1.543715557140571404 ) ) ;
#9494 = CARTESIAN_POINT ( 'NONE',  ( 1.600000000000000089, 0.1000000000000000056, -2.299999999999999822 ) ) ;
#9495 = DIRECTION ( 'NONE',  ( 0.000000000000000000, 1.000000000000000000, -0.000000000000000000 ) ) ;
#9496 = EDGE_CURVE ( 'NONE', #2882, #9465, #7106, .T. ) ;
#9497 = EDGE_CURVE ( 'NONE', #1567, #6245, #2641, .T. ) ;
#9498 = CYLINDRICAL_SURFACE ( 'NONE', #1923, 2.500000000000000444 ) ;
#9499 = FACE_OUTER_BOUND ( 'NONE', #1997, .T. ) ;
#9500 = CARTESIAN_POINT ( 'NONE',  ( 1.036511509200000791, 1.128160299759999763, 1.762351153559999828 ) ) ;
#9501 = DIRECTION ( 'NONE',  ( 0.000000000000000000, 0.000000000000000000, 1.000000000000000000 ) ) ;
#9502 = CARTESIAN_POINT ( 'NONE',  ( 2.348438054999999913, 0.6745970970000001454, 0.9184339279999998995 ) ) ;
#9503 = ORIENTED_EDGE ( 'NONE', *, *, #2959, .F. ) ;
#9504 = CARTESIAN_POINT ( 'NONE',  ( -1.457415929000000832, 0.8000000000000000444, 1.753503752999999721 ) ) ;
#9505 = CARTESIAN_POINT ( 'NONE',  ( -0.8956510921837557149, 0.6575372687671856564, -2.346990056751729004 ) ) ;
#9506 = CARTESIAN_POINT ( 'NONE',  ( 2.348438054999999469, 0.6450000001697385743, 0.8785042870768355883 ) ) ;
#9507 = ADVANCED_FACE ( 'NONE', ( #6000 ), #6872, .F. ) ;
#9508 = CARTESIAN_POINT ( 'NONE',  ( -1.151352781000000158, 1.199997972000000024, 1.595227327000000805 ) ) ;
#9509 = DIRECTION ( 'NONE',  ( -0.000000000000000000, -1.000000000000000000, -0.000000000000000000 ) ) ;
#9510 = CARTESIAN_POINT ( 'NONE',  ( -1.585593731725769118, 1.128922017876760053, -1.290023944555886537 ) ) ;
#9511 = DIRECTION ( 'NONE',  ( -1.000000000000000000, 0.000000000000000000, -0.000000000000000000 ) ) ;
#9512 = CARTESIAN_POINT ( 'NONE',  ( 0.1499999825415490873, 0.2169135539442335336, 2.344252660106158626 ) ) ;
#9513 = VERTEX_POINT ( 'NONE', #9440 ) ;
#9514 = CARTESIAN_POINT ( 'NONE',  ( 1.748400626799999413, 1.127785196560000092, -1.060068794050000207 ) ) ;
#9515 = CARTESIAN_POINT ( 'NONE',  ( 1.353670383999999949, 0.8091525199999999307, -1.790032034000000216 ) ) ;
#9516 = ORIENTED_EDGE ( 'NONE', *, *, #1510, .T. ) ;
#9517 = VERTEX_POINT ( 'NONE', #3460 ) ;
#9518 = PLANE ( 'NONE',  #8777 ) ;
#9519 = CARTESIAN_POINT ( 'NONE',  ( -0.1493274900000000349, 0.1568547140000000062, -2.299999999999999822 ) ) ;
#9520 = CARTESIAN_POINT ( 'NONE',  ( -2.296212748401287186E-18, 0.3500000000078384854, -2.349999999999999645 ) ) ;
#9521 = CARTESIAN_POINT ( 'NONE',  ( 2.299999999999999822, 0.6500000000000001332, -1.249999999999999778 ) ) ;
#9522 = CARTESIAN_POINT ( 'NONE',  ( -1.600000000000000089, 0.3667742510000000511, -2.499999999999999556 ) ) ;
#9523 = ORIENTED_EDGE ( 'NONE', *, *, #7511, .F. ) ;
#9524 = CARTESIAN_POINT ( 'NONE',  ( -1.284997932547400357, 1.128210329295000092, -1.594319621663800479 ) ) ;
#9525 = ORIENTED_EDGE ( 'NONE', *, *, #9057, .T. ) ;
#9526 = EDGE_CURVE ( 'NONE', #5819, #10805, #7174, .T. ) ;
#9527 = DIRECTION ( 'NONE',  ( -1.000000000000000000, 0.000000000000000000, -0.000000000000000000 ) ) ;
#9528 = CARTESIAN_POINT ( 'NONE',  ( 0.9999999999219267854, 0.7000000000000002887, 2.291287847511993991 ) ) ;
#9529 = CARTESIAN_POINT ( 'NONE',  ( 0.9034680803852589426, 1.199999999998395905, 1.689865243840460218 ) ) ;
#9530 = CARTESIAN_POINT ( 'NONE',  ( 0.8785042870000000503, 0.6450000000000001288, -2.348692979999999597 ) ) ;
#9531 = CARTESIAN_POINT ( 'NONE',  ( 1.100000000000000089, 1.100000000000000089, -0.1439896632895324990 ) ) ;
#9532 = DIRECTION ( 'NONE',  ( 0.000000000000000000, -1.000000000000000000, 0.000000000000000000 ) ) ;
#9533 = ORIENTED_EDGE ( 'NONE', *, *, #10469, .F. ) ;
#9534 = CARTESIAN_POINT ( 'NONE',  ( 1.701356799999999891, 1.199999999999999956, 0.8817566440000000894 ) ) ;
#9535 = CARTESIAN_POINT ( 'NONE',  ( 2.175000000040123282, 0.7000000000000000666, 1.250000000316049187 ) ) ;
#9536 = ORIENTED_EDGE ( 'NONE', *, *, #10653, .T. ) ;
#9537 = CARTESIAN_POINT ( 'NONE',  ( -2.313292004694840642, 0.6962915264104545532, -0.9675224581411923097 ) ) ;
#9538 = CARTESIAN_POINT ( 'NONE',  ( -0.6000000000000000888, 0.09018804800000004840, -1.920188048000000203 ) ) ;
#9539 =( BOUNDED_SURFACE ( )  B_SPLINE_SURFACE ( 3, 3, ( 
 ( #8546, #7620, #4380, #165 ),
 ( #5986, #6147, #9320, #274 ),
 ( #10077, #7733, #3500, #4437 ),
 ( #9483, #10305, #8657, #1144 ) ),
 .UNSPECIFIED., .F., .F., .F. ) 
 B_SPLINE_SURFACE_WITH_KNOTS ( ( 4, 4 ),
 ( 4, 4 ),
 ( 0.000000000000000000, 1.000000000000000000 ),
 ( 0.000000000000000000, 1.000000000000000000 ),
 .UNSPECIFIED. ) 
 GEOMETRIC_REPRESENTATION_ITEM ( )  RATIONAL_B_SPLINE_SURFACE ( (
 ( 1.000000000000000000, 0.3333333333333334259, 0.3333333333333334259, 1.000000000000000000),
 ( 0.8047378541257761420, 0.2682459513752588065, 0.2682459513752588065, 0.8047378541257761420),
 ( 0.8047378541257761420, 0.2682459513752588065, 0.2682459513752588065, 0.8047378541257761420),
 ( 1.000000000000000000, 0.3333333333333334259, 0.3333333333333334259, 1.000000000000000000) ) ) 
 REPRESENTATION_ITEM ( '' )  SURFACE ( )  );
#9540 = CARTESIAN_POINT ( 'NONE',  ( 2.299999999999999822, 0.8000000000000000444, -1.249999999999999778 ) ) ;
#9541 = CARTESIAN_POINT ( 'NONE',  ( 2.310176519912537252, 0.6973954807627277264, -0.9719986817515461341 ) ) ;
#9542 = CARTESIAN_POINT ( 'NONE',  ( 0.000000000000000000, 0.6500000000000001332, 0.000000000000000000 ) ) ;
#9543 = EDGE_CURVE ( 'NONE', #2695, #5693, #1000, .T. ) ;
#9544 = EDGE_CURVE ( 'NONE', #8138, #3166, #7796, .T. ) ;
#9545 = CARTESIAN_POINT ( 'NONE',  ( 0.9490248827959999467, 1.200000041228199921, 1.663815924437599625 ) ) ;
#9546 = CARTESIAN_POINT ( 'NONE',  ( -0.3000000000000000444, 0.1799999999999999933, 0.5000000000000000000 ) ) ;
#9547 = CARTESIAN_POINT ( 'NONE',  ( 2.314042747999999872, 0.6833333330000000982, 0.9554791260000000674 ) ) ;
#9548 = ORIENTED_EDGE ( 'NONE', *, *, #10041, .F. ) ;
#9549 = FACE_OUTER_BOUND ( 'NONE', #2047, .T. ) ;
#9550 = VECTOR ( 'NONE', #8764, 1000.000000000000000 ) ;
#9551 = LINE ( 'NONE', #9601, #6745 ) ;
#9552 = CARTESIAN_POINT ( 'NONE',  ( -0.8938054855658257303, 0.6562136426555928992, -2.347299936042240631 ) ) ;
#9553 = PLANE ( 'NONE',  #9197 ) ;
#9554 = CARTESIAN_POINT ( 'NONE',  ( -1.121164760019999873, 1.200000040559999759, 1.553285491059999801 ) ) ;
#9555 = DIRECTION ( 'NONE',  ( -0.000000000000000000, -0.000000000000000000, 1.000000000000000000 ) ) ;
#9556 = AXIS2_PLACEMENT_3D ( 'NONE', #7487, #6723, #1019 ) ;
#9557 = EDGE_CURVE ( 'NONE', #5953, #9462, #10460, .T. ) ;
#9558 = ADVANCED_FACE ( 'NONE', ( #9335 ), #7692, .T. ) ;
#9559 = CARTESIAN_POINT ( 'NONE',  ( 0.9830708196743623839, 0.6992937672829933060, 2.302249903202533421 ) ) ;
#9560 = LINE ( 'NONE', #5346, #6763 ) ;
#9561 = ORIENTED_EDGE ( 'NONE', *, *, #9407, .F. ) ;
#9562 = CARTESIAN_POINT ( 'NONE',  ( 1.513792483999999883, 0.8091943649999999710, -1.660062027000000162 ) ) ;
#9563 = ORIENTED_EDGE ( 'NONE', *, *, #1466, .T. ) ;
#9564 = ORIENTED_EDGE ( 'NONE', *, *, #7028, .F. ) ;
#9565 = DIRECTION ( 'NONE',  ( 0.000000000000000000, 0.000000000000000000, -1.000000000000000000 ) ) ;
#9566 = CARTESIAN_POINT ( 'NONE',  ( 0.7250000000000000888, 0.02000000000000000389, 1.750000000004166889 ) ) ;
#9567 = CARTESIAN_POINT ( 'NONE',  ( -1.106843105463648058, 0.8233164494695032198, -1.942102885056486761 ) ) ;
#9568 = EDGE_CURVE ( 'NONE', #8105, #3394, #9633, .T. ) ;
#9569 = DIRECTION ( 'NONE',  ( -0.000000000000000000, -1.000000000000000000, -0.000000000000000000 ) ) ;
#9570 = LINE ( 'NONE', #2004, #8187 ) ;
#9571 = VERTEX_POINT ( 'NONE', #5477 ) ;
#9572 = CARTESIAN_POINT ( 'NONE',  ( -1.610815461190000519, 1.200000060990000117, -1.036855081699999959 ) ) ;
#9573 = EDGE_LOOP ( 'NONE', ( #9784, #206, #5695, #4730 ) ) ;
#9574 = ORIENTED_EDGE ( 'NONE', *, *, #9132, .F. ) ;
#9575 = CARTESIAN_POINT ( 'NONE',  ( 1.100711951000000521, 1.131580398999999959, 1.733002409000000021 ) ) ;
#9576 = CARTESIAN_POINT ( 'NONE',  ( -0.7250000000914931242, 0.2000000000000000111, -2.299999999999999822 ) ) ;
#9577 = CARTESIAN_POINT ( 'NONE',  ( 2.299999999999999822, 0.7000000000000000666, 2.399999999999999911 ) ) ;
#9578 = CARTESIAN_POINT ( 'NONE',  ( -1.847946645999999804, 0.8211772470000000546, 1.274317539000000332 ) ) ;
#9579 = DIRECTION ( 'NONE',  ( 0.000000000000000000, 0.000000000000000000, 1.000000000000000000 ) ) ;
#9580 = VECTOR ( 'NONE', #4405, 1000.000000000000000 ) ;
#9581 = ADVANCED_FACE ( 'NONE', ( #6358 ), #180, .T. ) ;
#9582 = CARTESIAN_POINT ( 'NONE',  ( 0.9611650271896833297, 1.100000000000000089, -0.5539808784079900406 ) ) ;
#9583 = LINE ( 'NONE', #9741, #709 ) ;
#9584 = ORIENTED_EDGE ( 'NONE', *, *, #8028, .T. ) ;
#9585 = LINE ( 'NONE', #8767, #8601 ) ;
#9586 = FACE_OUTER_BOUND ( 'NONE', #6143, .T. ) ;
#9587 = ORIENTED_EDGE ( 'NONE', *, *, #711, .T. ) ;
#9588 = B_SPLINE_CURVE_WITH_KNOTS ( 'NONE', 3,
 ( #10478, #6263, #7960, #10588, #3781, #1370 ),
 .UNSPECIFIED., .F., .F.,
 ( 4, 2, 4 ),
 ( 0.000000000000000000, 0.5000000000000001110, 1.000000000000000000 ),
 .UNSPECIFIED. ) ;
#9589 = LINE ( 'NONE', #2799, #8498 ) ;
#9590 = CARTESIAN_POINT ( 'NONE',  ( 0.1493274900522030546, 0.09018804800000003452, 2.300000000050924420 ) ) ;
#9591 = VECTOR ( 'NONE', #2447, 1000.000000000000000 ) ;
#9592 = DIRECTION ( 'NONE',  ( 0.000000000000000000, -1.000000000000000000, -7.228014483236697541E-16 ) ) ;
#9593 = CARTESIAN_POINT ( 'NONE',  ( -0.5719096176471617499, 1.100000000000000089, 1.056606360816422896 ) ) ;
#9594 = DIRECTION ( 'NONE',  ( 1.000000000000000000, -0.000000000000000000, 0.000000000000000000 ) ) ;
#9595 = AXIS2_PLACEMENT_3D ( 'NONE', #10106, #5178, #9396 ) ;
#9596 = CARTESIAN_POINT ( 'NONE',  ( 0.9514489420000000752, 1.199997956999999893, 1.721674212999999565 ) ) ;
#9597 = LINE ( 'NONE', #2246, #4735 ) ;
#9598 = FACE_OUTER_BOUND ( 'NONE', #749, .T. ) ;
#9599 = ORIENTED_EDGE ( 'NONE', *, *, #1186, .F. ) ;
#9600 = CARTESIAN_POINT ( 'NONE',  ( -0.7250000000796874566, 0.02000000000000000389, -1.750000000000000000 ) ) ;
#9601 = CARTESIAN_POINT ( 'NONE',  ( 2.299999999999999822, 0.7000000000000000666, -2.174999999999999822 ) ) ;
#9602 = ORIENTED_EDGE ( 'NONE', *, *, #5828, .T. ) ;
#9603 = CARTESIAN_POINT ( 'NONE',  ( -0.8785042867708648950, 0.6449999999745574808, -2.348438055000000801 ) ) ;
#9604 = CARTESIAN_POINT ( 'NONE',  ( 2.348185020322908656, 0.6504426626809229894, 0.8858782012714527809 ) ) ;
#9605 = CARTESIAN_POINT ( 'NONE',  ( -0.9937673509999999100, 1.199999999999999956, 1.638607672000000015 ) ) ;
#9606 = PLANE ( 'NONE',  #3314 ) ;
#9607 = VECTOR ( 'NONE', #3498, 1000.000000000000000 ) ;
#9608 = EDGE_CURVE ( 'NONE', #9227, #4793, #9029, .T. ) ;
#9609 = DIRECTION ( 'NONE',  ( 0.000000000000000000, 0.000000000000000000, -1.000000000000000000 ) ) ;
#9610 = DIRECTION ( 'NONE',  ( 1.000000000000000000, -0.000000000000000000, 0.000000000000000000 ) ) ;
#9611 = EDGE_LOOP ( 'NONE', ( #7429, #6031, #6087, #5156, #964 ) ) ;
#9612 = VECTOR ( 'NONE', #1172, 1000.000000000000000 ) ;
#9613 = CARTESIAN_POINT ( 'NONE',  ( 1.494051898264199929, 1.200000020432299808, -1.204317664949799749 ) ) ;
#9614 = CARTESIAN_POINT ( 'NONE',  ( 1.266176756106975221, 0.8235179468172532102, -1.844821954749255699 ) ) ;
#9615 = ORIENTED_EDGE ( 'NONE', *, *, #1330, .T. ) ;
#9616 = ORIENTED_EDGE ( 'NONE', *, *, #2482, .F. ) ;
#9617 = CARTESIAN_POINT ( 'NONE',  ( -0.8946474344288526392, 0.6464365012771006169, 2.299999999999999378 ) ) ;
#9618 = EDGE_CURVE ( 'NONE', #10118, #7321, #4703, .T. ) ;
#9619 = CARTESIAN_POINT ( 'NONE',  ( -0.1500470647782431444, 0.1254591879389553577, -2.321221400570139703 ) ) ;
#9620 = EDGE_CURVE ( 'NONE', #10445, #3429, #9081, .T. ) ;
#9621 = DIRECTION ( 'NONE',  ( 0.000000000000000000, 1.000000000000000000, -0.000000000000000000 ) ) ;
#9622 = VECTOR ( 'NONE', #1251, 1000.000000000000000 ) ;
#9623 = EDGE_CURVE ( 'NONE', #3724, #3839, #5843, .T. ) ;
#9624 = CARTESIAN_POINT ( 'NONE',  ( 1.110673039899151782, 1.129266786165711078, 1.727535916408211358 ) ) ;
#9625 = CARTESIAN_POINT ( 'NONE',  ( -1.750000000000000000, 0.6400000000000001243, 1.750000000000000000 ) ) ;
#9626 = ORIENTED_EDGE ( 'NONE', *, *, #508, .F. ) ;
#9627 = VECTOR ( 'NONE', #940, 1000.000000000000114 ) ;
#9628 = CARTESIAN_POINT ( 'NONE',  ( -1.594349838632300065, 1.128210276446599991, -1.284959311912599933 ) ) ;
#9629 = EDGE_LOOP ( 'NONE', ( #6116, #2879, #2022, #10772 ) ) ;
#9630 = VERTEX_POINT ( 'NONE', #8921 ) ;
#9631 = CARTESIAN_POINT ( 'NONE',  ( 2.099999999987177013, 0.4000000000000003553, -2.405681128000000335 ) ) ;
#9632 = CARTESIAN_POINT ( 'NONE',  ( 0.1495516660000000275, 0.1235213810000000273, 2.306647845999999724 ) ) ;
#9633 = LINE ( 'NONE', #2996, #1960 ) ;
#9634 = ADVANCED_FACE ( 'NONE', ( #7229 ), #1170, .T. ) ;
#9635 = CARTESIAN_POINT ( 'NONE',  ( 0.9152447364081118808, 1.199999999998399902, 1.683556677022918890 ) ) ;
#9636 = CARTESIAN_POINT ( 'NONE',  ( -1.946645567000000243, 0.8213205660000000297, 1.100992202999999892 ) ) ;
#9637 = CARTESIAN_POINT ( 'NONE',  ( -0.1500883706697498654, 0.1692492654054503498, -2.432359698719489760 ) ) ;
#9638 = CARTESIAN_POINT ( 'NONE',  ( 2.309260101926687625, 0.6976794605123141091, 0.9732994177112098688 ) ) ;
#9639 = DIRECTION ( 'NONE',  ( 0.000000000000000000, 0.000000000000000000, -1.000000000000000000 ) ) ;
#9640 = ORIENTED_EDGE ( 'NONE', *, *, #5690, .T. ) ;
#9641 = PLANE ( 'NONE',  #5810 ) ;
#9642 = DIRECTION ( 'NONE',  ( 0.000000000000000000, 0.000000000000000000, -1.000000000000000000 ) ) ;
#9643 = EDGE_LOOP ( 'NONE', ( #4594, #1120, #9599, #638 ) ) ;
#9644 = CARTESIAN_POINT ( 'NONE',  ( -2.348438054999999913, 0.6450000000000001288, 0.8785042870000000503 ) ) ;
#9645 = DIRECTION ( 'NONE',  ( 0.000000000000000000, 0.000000000000000000, -1.000000000000000000 ) ) ;
#9646 = CIRCLE ( 'NONE', #3343, 0.1500000000000000222 ) ;
#9647 = VECTOR ( 'NONE', #8687, 1000.000000000000000 ) ;
#9648 = CARTESIAN_POINT ( 'NONE',  ( -2.100000000007050893, 0.1000000000914137988, 2.300000000007834888 ) ) ;
#9649 = EDGE_CURVE ( 'NONE', #7001, #4487, #10279, .T. ) ;
#9650 = CARTESIAN_POINT ( 'NONE',  ( -1.199999999999999956, 1.100000000000000089, -1.322618543079141247E-16 ) ) ;
#9651 = VECTOR ( 'NONE', #6409, 1000.000000000000000 ) ;
#9652 = AXIS2_PLACEMENT_3D ( 'NONE', #4070, #7418, #4176 ) ;
#9653 = CARTESIAN_POINT ( 'NONE',  ( -0.4223500576627825520, 1.099999999999999867, -1.123439598015531171 ) ) ;
#9654 = VERTEX_POINT ( 'NONE', #953 ) ;
#9655 = CARTESIAN_POINT ( 'NONE',  ( 0.9937765069999999756, 1.199999999999999956, 1.638602143000000178 ) ) ;
#9656 = CARTESIAN_POINT ( 'NONE',  ( -0.07362559241404668942, 0.09018804800000003452, -2.178390378265455229 ) ) ;
#9657 = CARTESIAN_POINT ( 'NONE',  ( 1.823793532256998917, 1.128616006862366072, -0.9223948601558882299 ) ) ;
#9658 = ORIENTED_EDGE ( 'NONE', *, *, #4407, .T. ) ;
#9659 = CARTESIAN_POINT ( 'NONE',  ( 0.1481698020000000171, 0.1916558050000001234, 2.444521099000000142 ) ) ;
#9660 = CARTESIAN_POINT ( 'NONE',  ( -1.684830931000000254, 0.8000000000000000444, 1.536340054999999927 ) ) ;
#9661 = CARTESIAN_POINT ( 'NONE',  ( -0.9333808733331988572, 0.6820551405303397763, -2.334087622339728885 ) ) ;
#9662 = EDGE_CURVE ( 'NONE', #4462, #8915, #4408, .T. ) ;
#9663 = CARTESIAN_POINT ( 'NONE',  ( -1.012883228043999662, 1.127654447559399697, 1.776334740453299643 ) ) ;
#9664 = CARTESIAN_POINT ( 'NONE',  ( -1.967073100617486414, 0.6500000000000001332, -1.542926899378939787 ) ) ;
#9665 = AXIS2_PLACEMENT_3D ( 'NONE', #1154, #9492, #3672 ) ;
#9666 = CARTESIAN_POINT ( 'NONE',  ( -1.890697355667963597, 0.8231217827707473234, 1.196154337823589264 ) ) ;
#9667 = CARTESIAN_POINT ( 'NONE',  ( -2.449999999999999734, 0.04999999999999997502, 0.4999999999999998890 ) ) ;
#9668 = ORIENTED_EDGE ( 'NONE', *, *, #5115, .T. ) ;
#9669 = CARTESIAN_POINT ( 'NONE',  ( 1.284617483420000372, 1.129081296220000086, -1.593924932409999995 ) ) ;
#9670 = CARTESIAN_POINT ( 'NONE',  ( -1.600000000000000089, 0.4000000000000000222, 2.405681128000001667 ) ) ;
#9671 = ORIENTED_EDGE ( 'NONE', *, *, #1443, .T. ) ;
#9672 = VERTEX_POINT ( 'NONE', #2756 ) ;
#9673 = CARTESIAN_POINT ( 'NONE',  ( -1.701356966999999942, 1.199999999999999956, 0.8817563100000000986 ) ) ;
#9674 = FACE_OUTER_BOUND ( 'NONE', #2607, .T. ) ;
#9675 = CARTESIAN_POINT ( 'NONE',  ( 9.184850993605147205E-18, 0.1901880480000001095, -2.164188048000000197 ) ) ;
#9676 = CARTESIAN_POINT ( 'NONE',  ( 0.1445161610320190859, 0.2401880479815521052, 2.349999999999999645 ) ) ;
#9677 = EDGE_CURVE ( 'NONE', #10217, #1024, #737, .T. ) ;
#9678 = CYLINDRICAL_SURFACE ( 'NONE', #2402, 1.100000000000000089 ) ;
#9679 = EDGE_CURVE ( 'NONE', #8409, #10118, #6008, .T. ) ;
#9680 = CARTESIAN_POINT ( 'NONE',  ( -1.355091524020000104, 1.200000020200000739, -1.355054574860000027 ) ) ;
#9681 = ORIENTED_EDGE ( 'NONE', *, *, #6276, .F. ) ;
#9682 = ORIENTED_EDGE ( 'NONE', *, *, #917, .T. ) ;
#9683 = CARTESIAN_POINT ( 'NONE',  ( 2.349999999999999645, -0.05000000000000000971, -0.2000000000000000111 ) ) ;
#9684 = CARTESIAN_POINT ( 'NONE',  ( 0.2999999999468750400, 0.02000000000000000389, 0.8500000000000000888 ) ) ;
#9685 = CARTESIAN_POINT ( 'NONE',  ( 1.189468245159363669, 1.100000000000000089, -0.1891827537996987052 ) ) ;
#9686 = CARTESIAN_POINT ( 'NONE',  ( -1.696049865350130359, 1.199999999999999956, 0.2972095864748086069 ) ) ;
#9687 = CARTESIAN_POINT ( 'NONE',  ( -1.286183110000000740, 1.131354653999999904, 1.602918502000000966 ) ) ;
#9688 = CARTESIAN_POINT ( 'NONE',  ( 0.9950587360000001658, 0.6666666670000001016, -2.293438055000000197 ) ) ;
#9689 = DIRECTION ( 'NONE',  ( -1.000000000000000000, -0.000000000000000000, -0.000000000000000000 ) ) ;
#9690 = CARTESIAN_POINT ( 'NONE',  ( 0.8785042867019567936, 0.6450000000290321278, -2.348438054999999913 ) ) ;
#9691 = EDGE_LOOP ( 'NONE', ( #583, #8219, #6478, #5744 ) ) ;
#9692 = EDGE_CURVE ( 'NONE', #10284, #1286, #7791, .T. ) ;
#9693 = CARTESIAN_POINT ( 'NONE',  ( 1.921762816999999846, 0.8000000000000000444, 1.193328224999999909 ) ) ;
#9694 = CARTESIAN_POINT ( 'NONE',  ( 1.907778916000000935, 0.9249010410000000348, -1.035724203999999649 ) ) ;
#9695 = ORIENTED_EDGE ( 'NONE', *, *, #3652, .F. ) ;
#9696 = LINE ( 'NONE', #9039, #9891 ) ;
#9697 = CARTESIAN_POINT ( 'NONE',  ( -2.298880717700550136, 0.6997469653209569262, 0.9876848217018040499 ) ) ;
#9698 = DIRECTION ( 'NONE',  ( 0.000000000000000000, 0.000000000000000000, -1.000000000000000000 ) ) ;
#9699 = CARTESIAN_POINT ( 'NONE',  ( 2.338380492394765753, 0.6767119288106691055, -0.9241980277357431106 ) ) ;
#9700 = CARTESIAN_POINT ( 'NONE',  ( -1.453869131535731718, 1.129588104336585630, -1.436743473345415856 ) ) ;
#9701 = CARTESIAN_POINT ( 'NONE',  ( -0.4063947545421288665, 1.100000000000000311, -1.129303777020052912 ) ) ;
#9702 = VERTEX_POINT ( 'NONE', #1931 ) ;
#9703 = ADVANCED_FACE ( 'NONE', ( #1116 ), #3411, .T. ) ;
#9704 = CARTESIAN_POINT ( 'NONE',  ( 1.092017265000000181, 1.172271983000000128, 1.696805554000000216 ) ) ;
#9705 = DIRECTION ( 'NONE',  ( 0.000000000000000000, 1.000000000000000000, 0.000000000000000000 ) ) ;
#9706 = CARTESIAN_POINT ( 'NONE',  ( -1.399999999999999911, 0.7000000000000000666, 2.174999999999999822 ) ) ;
#9707 = ORIENTED_EDGE ( 'NONE', *, *, #9752, .T. ) ;
#9708 = CARTESIAN_POINT ( 'NONE',  ( 1.770318207497410201, 0.8000000000000000444, -1.490917063285009059 ) ) ;
#9709 = CARTESIAN_POINT ( 'NONE',  ( -1.507545851080822619, 0.8240143702912677837, 1.653209500060004666 ) ) ;
#9710 = EDGE_LOOP ( 'NONE', ( #5913, #10313, #2492, #2603 ) ) ;
#9711 = PLANE ( 'NONE',  #6993 ) ;
#9712 = CIRCLE ( 'NONE', #4989, 0.3000000000000001554 ) ;
#9713 = CARTESIAN_POINT ( 'NONE',  ( -0.9487828214599998145, 1.200000061230000137, 1.663380637469999979 ) ) ;
#9714 = CARTESIAN_POINT ( 'NONE',  ( -0.8914149725108433397, 0.6544820212238724455, 2.347618798427776987 ) ) ;
#9715 = AXIS2_PLACEMENT_3D ( 'NONE', #2183, #1581, #2397 ) ;
#9716 = EDGE_CURVE ( 'NONE', #4363, #1742, #6985, .T. ) ;
#9717 = CARTESIAN_POINT ( 'NONE',  ( 0.9214417222890148862, 0.6750113521388421134, 2.339533468462097865 ) ) ;
#9718 = CARTESIAN_POINT ( 'NONE',  ( 0.7250000000000000888, 0.02000000000000000389, 0.8500000000000000888 ) ) ;
#9719 = ORIENTED_EDGE ( 'NONE', *, *, #1501, .F. ) ;
#9720 = CARTESIAN_POINT ( 'NONE',  ( 1.281511008821799802, 1.200000061205999780, -1.427181202758099676 ) ) ;
#9721 = CARTESIAN_POINT ( 'NONE',  ( 1.653383328943663910, 0.8236714894064547376, -1.507673606496531038 ) ) ;
#9722 = VERTEX_POINT ( 'NONE', #8890 ) ;
#9723 = ORIENTED_EDGE ( 'NONE', *, *, #6472, .T. ) ;
#9724 = CARTESIAN_POINT ( 'NONE',  ( -1.803155066000000195, 1.172051403000000214, 0.9038745220000000691 ) ) ;
#9725 = AXIS2_PLACEMENT_3D ( 'NONE', #9007, #6551, #9879 ) ;
#9726 = PLANE ( 'NONE',  #546 ) ;
#9727 = DIRECTION ( 'NONE',  ( 0.000000000000000000, 0.000000000000000000, 1.000000000000000000 ) ) ;
#9728 = DIRECTION ( 'NONE',  ( 0.000000000000000000, 0.000000000000000000, -1.000000000000000000 ) ) ;
#9729 = PLANE ( 'NONE',  #3106 ) ;
#9730 = AXIS2_PLACEMENT_3D ( 'NONE', #9354, #6780, #4308 ) ;
#9731 = EDGE_LOOP ( 'NONE', ( #9564, #8570, #6608, #8361, #2374 ) ) ;
#9732 = CARTESIAN_POINT ( 'NONE',  ( -1.391210334000000159, 1.199997980000000020, -1.391172391000000008 ) ) ;
#9733 = ORIENTED_EDGE ( 'NONE', *, *, #10583, .T. ) ;
#9734 = EDGE_LOOP ( 'NONE', ( #9584, #2220, #5861, #145 ) ) ;
#9735 = CARTESIAN_POINT ( 'NONE',  ( -0.9611650271896835518, 1.100000000000000089, -0.5539808784079895965 ) ) ;
#9736 = CARTESIAN_POINT ( 'NONE',  ( 1.747051026000000062, 1.199997938000000097, -0.9045581560000000021 ) ) ;
#9737 = CARTESIAN_POINT ( 'NONE',  ( 1.689865253294243308, 1.199999999998396349, -0.9034680627372038142 ) ) ;
#9738 = EDGE_CURVE ( 'NONE', #4487, #9374, #1895, .T. ) ;
#9739 = CARTESIAN_POINT ( 'NONE',  ( 0.9173838330000000374, 0.6476198850000001173, -2.298438055000000091 ) ) ;
#9740 = CARTESIAN_POINT ( 'NONE',  ( 0.9467671739435954414, 0.6887936567464866267, -2.326711402123050387 ) ) ;
#9741 = CARTESIAN_POINT ( 'NONE',  ( 2.349999999999999645, 0.6500000000000009104, -1.250000000000000000 ) ) ;
#9742 = CARTESIAN_POINT ( 'NONE',  ( 1.844644620247767097, 0.8238588324517596151, 1.266055204320924998 ) ) ;
#9743 = CARTESIAN_POINT ( 'NONE',  ( 1.543715557140432182, 0.6500000000000001332, 1.532177300002690146 ) ) ;
#9744 = ORIENTED_EDGE ( 'NONE', *, *, #5750, .F. ) ;
#9745 = FACE_OUTER_BOUND ( 'NONE', #9026, .T. ) ;
#9746 = CARTESIAN_POINT ( 'NONE',  ( -2.304255683860748860, 0.6989299600471748919, 0.9803026150284198659 ) ) ;
#9747 = CARTESIAN_POINT ( 'NONE',  ( -2.294948298248823182, 0.6500000000000003553, 0.9722812142935622903 ) ) ;
#9748 = CARTESIAN_POINT ( 'NONE',  ( 2.328635982789032610, 0.6872679118897089268, -0.9434783473586836333 ) ) ;
#9749 = AXIS2_PLACEMENT_3D ( 'NONE', #827, #6, #4225 ) ;
#9750 = ADVANCED_FACE ( 'NONE', ( #10484 ), #2965, .T. ) ;
#9751 = CARTESIAN_POINT ( 'NONE',  ( -0.1495516660000000275, 0.1901880479999996099, -2.302849076999999411 ) ) ;
#9752 = EDGE_CURVE ( 'NONE', #7058, #10445, #4567, .T. ) ;
#9753 = DIRECTION ( 'NONE',  ( 0.000000000000000000, 1.000000000000000000, -0.000000000000000000 ) ) ;
#9754 = ORIENTED_EDGE ( 'NONE', *, *, #4324, .F. ) ;
#9755 = CARTESIAN_POINT ( 'NONE',  ( 1.593924932409999995, 1.129081296220000086, 1.284617483420000372 ) ) ;
#9756 = LINE ( 'NONE', #3946, #9283 ) ;
#9757 = CARTESIAN_POINT ( 'NONE',  ( -2.349999999999999645, 0.3500000000000000333, 1.250000000000000000 ) ) ;
#9758 = ORIENTED_EDGE ( 'NONE', *, *, #9030, .T. ) ;
#9759 = CIRCLE ( 'NONE', #4868, 0.2999999999999997113 ) ;
#9760 = CARTESIAN_POINT ( 'NONE',  ( 0.1481698020000000171, 0.1917095500000000341, 2.444361053000000172 ) ) ;
#9761 = CARTESIAN_POINT ( 'NONE',  ( -1.580461085649256026, 0.8238429298368775688, 1.580445058183199247 ) ) ;
#9762 = ORIENTED_EDGE ( 'NONE', *, *, #1989, .F. ) ;
#9763 = CARTESIAN_POINT ( 'NONE',  ( 2.299999999999999822, 0.8000000000000000444, -2.300000000199999839 ) ) ;
#9764 = CARTESIAN_POINT ( 'NONE',  ( -0.9974800869999999042, 1.199997961000000224, 1.695700941999999989 ) ) ;
#9765 = CARTESIAN_POINT ( 'NONE',  ( -0.9456910048112067146, 0.6883168059530190286, 2.327357575729092520 ) ) ;
#9766 = ADVANCED_FACE ( 'NONE', ( #6218 ), #5386, .T. ) ;
#9767 = AXIS2_PLACEMENT_3D ( 'NONE', #3965, #5736, #3087 ) ;
#9768 = CARTESIAN_POINT ( 'NONE',  ( -1.743264105446874046, 0.8232449628347099368, 1.399712547096519932 ) ) ;
#9769 = PLANE ( 'NONE',  #2890 ) ;
#9770 = ORIENTED_EDGE ( 'NONE', *, *, #4736, .F. ) ;
#9771 = CARTESIAN_POINT ( 'NONE',  ( 1.816675823000000189, 0.8000000000000000444, -1.373794232999999698 ) ) ;
#9772 = CARTESIAN_POINT ( 'NONE',  ( -2.293438055000000197, 0.6666666670000001016, -0.9950587360000001658 ) ) ;
#9773 = ORIENTED_EDGE ( 'NONE', *, *, #2239, .F. ) ;
#9774 = ORIENTED_EDGE ( 'NONE', *, *, #5717, .F. ) ;
#9775 = CARTESIAN_POINT ( 'NONE',  ( -1.816540063991800569, 1.127008294150100065, 0.9392340154915000960 ) ) ;
#9776 = CARTESIAN_POINT ( 'NONE',  ( -1.644032380000000071, 1.027071126000000056, -1.337243717999999859 ) ) ;
#9777 = ADVANCED_FACE ( 'NONE', ( #1219 ), #2249, .F. ) ;
#9778 = LINE ( 'NONE', #6448, #3984 ) ;
#9779 = CIRCLE ( 'NONE', #3659, 0.2999999999999997113 ) ;
#9780 = CYLINDRICAL_SURFACE ( 'NONE', #10263, 0.1500000000000000222 ) ;
#9781 = CARTESIAN_POINT ( 'NONE',  ( 2.331771387999999945, 0.6656046930000002471, -0.9180838960000000659 ) ) ;
#9782 = B_SPLINE_CURVE_WITH_KNOTS ( 'NONE', 3,
 ( #4621, #7963, #6645, #4430 ),
 .UNSPECIFIED., .F., .F.,
 ( 4, 4 ),
 ( 0.000000000000000000, 1.000000000000000000 ),
 .UNSPECIFIED. ) ;
#9783 = VERTEX_POINT ( 'NONE', #10543 ) ;
#9784 = ORIENTED_EDGE ( 'NONE', *, *, #2239, .T. ) ;
#9785 = EDGE_LOOP ( 'NONE', ( #1502, #9245, #4329, #3020, #10720, #2324, #5966 ) ) ;
#9786 = CARTESIAN_POINT ( 'NONE',  ( -1.984642640824452631, 0.8000000000952458556, 1.117129299956162392 ) ) ;
#9787 = CIRCLE ( 'NONE', #7006, 0.2999999999999997113 ) ;
#9788 = DIRECTION ( 'NONE',  ( -0.000000000000000000, 1.000000000000000000, -0.000000000000000000 ) ) ;
#9789 = CARTESIAN_POINT ( 'NONE',  ( 1.158750626874178291, 1.100000000000000089, -0.3167320523916646868 ) ) ;
#9790 = EDGE_CURVE ( 'NONE', #2677, #10640, #2861, .T. ) ;
#9791 = CARTESIAN_POINT ( 'NONE',  ( 0.8916295004489533937, 1.199999999999464384, -1.696049906675774377 ) ) ;
#9792 = APPLICATION_PROTOCOL_DEFINITION ( 'draft international standard', 'automotive_design', 1998, #5342 ) ;
#9793 = CARTESIAN_POINT ( 'NONE',  ( 0.9177338649999999820, 0.6566122890000000156, -2.315104722000000059 ) ) ;
#9794 = DIRECTION ( 'NONE',  ( 1.000000000000000000, -0.000000000000000000, 0.000000000000000000 ) ) ;
#9795 = DIRECTION ( 'NONE',  ( -1.000000000000000000, 0.000000000000000000, 0.000000000000000000 ) ) ;
#9796 = VECTOR ( 'NONE', #1057, 1000.000000000000000 ) ;
#9797 = CARTESIAN_POINT ( 'NONE',  ( 1.610577704000000221, 0.8000000000000000444, 1.610594037999999895 ) ) ;
#9798 = DIRECTION ( 'NONE',  ( 1.000000000000000000, -0.000000000000000000, -0.000000000000000000 ) ) ;
#9799 = EDGE_LOOP ( 'NONE', ( #1866, #2502, #4565, #10404 ) ) ;
#9800 = EDGE_CURVE ( 'NONE', #10232, #10029, #3073, .T. ) ;
#9801 = CARTESIAN_POINT ( 'NONE',  ( -0.7250000000000000888, 0.000000000000000000, 1.750000000168750347 ) ) ;
#9802 = CARTESIAN_POINT ( 'NONE',  ( -2.302249903267368225, 0.6992937672724705012, 0.9830708195851804998 ) ) ;
#9803 = PLANE ( 'NONE',  #3121 ) ;
#9804 = CARTESIAN_POINT ( 'NONE',  ( 2.315274638340484525, 0.6954793386251900689, -0.9646259057913696422 ) ) ;
#9805 = VECTOR ( 'NONE', #3066, 1000.000000000000000 ) ;
#9806 = PLANE ( 'NONE',  #9126 ) ;
#9807 = CARTESIAN_POINT ( 'NONE',  ( 0.000000000000000000, 1.399999999999999911, -1.100000000000000089 ) ) ;
#9808 = CARTESIAN_POINT ( 'NONE',  ( -0.5966224019659877031, 1.100000000000000311, -1.054196867349984412 ) ) ;
#9809 = ORIENTED_EDGE ( 'NONE', *, *, #4029, .T. ) ;
#9810 = CARTESIAN_POINT ( 'NONE',  ( 1.426375634000000003, 1.172453102000000191, 1.426336724000000000 ) ) ;
#9811 = LINE ( 'NONE', #5665, #4560 ) ;
#9812 = AXIS2_PLACEMENT_3D ( 'NONE', #5041, #9044, #3337 ) ;
#9813 = DIRECTION ( 'NONE',  ( 0.000000000000000000, 1.000000000000000000, 0.000000000000000000 ) ) ;
#9814 = VERTEX_POINT ( 'NONE', #5444 ) ;
#9815 = CIRCLE ( 'NONE', #32, 0.2000000000000000944 ) ;
#9816 = EDGE_CURVE ( 'NONE', #1402, #2301, #2489, .T. ) ;
#9817 = CARTESIAN_POINT ( 'NONE',  ( 0.1445161610000000318, 0.2401880480000000151, 2.449999999999999734 ) ) ;
#9818 = CARTESIAN_POINT ( 'NONE',  ( -1.580612617999999969, 0.8235000530000003982, 1.580596589000000440 ) ) ;
#9819 = ADVANCED_FACE ( 'NONE', ( #9549 ), #7090, .T. ) ;
#9820 = DIRECTION ( 'NONE',  ( -1.000000000000000000, -0.000000000000000000, 0.000000000000000000 ) ) ;
#9821 = DIRECTION ( 'NONE',  ( -1.000000000000000000, 0.000000000000000000, -0.000000000000000000 ) ) ;
#9822 = CARTESIAN_POINT ( 'NONE',  ( -1.036645178900200248, 1.127715613793699889, 1.762592269010399892 ) ) ;
#9823 = CARTESIAN_POINT ( 'NONE',  ( -0.9264119968293346163, 0.6780472110645131556, 2.337407947482505133 ) ) ;
#9824 = FACE_OUTER_BOUND ( 'NONE', #1875, .T. ) ;
#9825 = CARTESIAN_POINT ( 'NONE',  ( 0.8901134751540844547, 0.6535357243043854458, 2.347771667162266596 ) ) ;
#9826 = CARTESIAN_POINT ( 'NONE',  ( -0.9180838960000000659, 0.6656046930000002471, -2.331771387999999945 ) ) ;
#9827 = ORIENTED_EDGE ( 'NONE', *, *, #8503, .T. ) ;
#9828 = CARTESIAN_POINT ( 'NONE',  ( 1.065069161000000042, 1.199997967000000054, -1.654817089000000241 ) ) ;
#9829 = CARTESIAN_POINT ( 'NONE',  ( -1.664706684844404094, 1.199999999999960876, -0.9495353454791941594 ) ) ;
#9830 = EDGE_CURVE ( 'NONE', #5068, #10695, #5611, .T. ) ;
#9831 = VECTOR ( 'NONE', #6357, 1000.000000000000000 ) ;
#9832 = LINE ( 'NONE', #1392, #1366 ) ;
#9833 = ORIENTED_EDGE ( 'NONE', *, *, #5449, .F. ) ;
#9834 = VERTEX_POINT ( 'NONE', #2908 ) ;
#9835 = CARTESIAN_POINT ( 'NONE',  ( -1.816299050661200454, 1.127448144433399913, 0.9391137466610000040 ) ) ;
#9836 = CARTESIAN_POINT ( 'NONE',  ( -1.286183130000000174, 1.131354653999999904, -1.602918481999999978 ) ) ;
#9837 = DIRECTION ( 'NONE',  ( 1.000000000000000000, -0.000000000000000000, 0.000000000000000000 ) ) ;
#9838 = VECTOR ( 'NONE', #4397, 1000.000000000000000 ) ;
#9839 = DIRECTION ( 'NONE',  ( -1.000000000000000000, -0.000000000000000000, 0.000000000000000000 ) ) ;
#9840 = LINE ( 'NONE', #9022, #6797 ) ;
#9841 = EDGE_CURVE ( 'NONE', #5388, #5800, #6325, .T. ) ;
#9842 = EDGE_LOOP ( 'NONE', ( #1075, #8632, #4633, #9574, #4307, #8465, #6958, #8692 ) ) ;
#9843 = VERTEX_POINT ( 'NONE', #1273 ) ;
#9844 = ORIENTED_EDGE ( 'NONE', *, *, #8824, .T. ) ;
#9845 = CARTESIAN_POINT ( 'NONE',  ( -0.6000000000000000888, 0.1904937860355676027, -2.327413412220043387 ) ) ;
#9846 = CARTESIAN_POINT ( 'NONE',  ( 0.3000000000144261159, 0.3500000000078385964, -2.349999999999999645 ) ) ;
#9847 = CARTESIAN_POINT ( 'NONE',  ( 1.199999999999999734, 1.100000000000000089, 1.896065049272180182E-16 ) ) ;
#9848 = FACE_OUTER_BOUND ( 'NONE', #3811, .T. ) ;
#9849 = CARTESIAN_POINT ( 'NONE',  ( -0.7249999999999999778, 0.000000000000000000, 2.299999999999999822 ) ) ;
#9850 = B_SPLINE_CURVE_WITH_KNOTS ( 'NONE', 3,
 ( #10011, #2049, #7873, #6235, #1131, #311, #1182, #1999, #6898, #9411 ),
 .UNSPECIFIED., .F., .F.,
 ( 4, 2, 2, 2, 4 ),
 ( 0.5000000000000000000, 0.6250000000000000000, 0.7500000000000000000, 0.8750000000000000000, 1.000000000000000000 ),
 .UNSPECIFIED. ) ;
#9851 = CARTESIAN_POINT ( 'NONE',  ( -0.3000000000000000444, 0.1799999999999999933, 0.8500000000000000888 ) ) ;
#9852 = CARTESIAN_POINT ( 'NONE',  ( -2.449999999999999734, 0.3500000000000000333, 0.1999999999999998723 ) ) ;
#9853 = CARTESIAN_POINT ( 'NONE',  ( 1.720783832009090020, 0.8236401142068870973, 1.430241494230978239 ) ) ;
#9854 = EDGE_CURVE ( 'NONE', #1376, #10234, #4623, .T. ) ;
#9855 = CARTESIAN_POINT ( 'NONE',  ( 1.387877680999999974, 0.9236595380000001132, -1.684802212000000132 ) ) ;
#9856 = VERTEX_POINT ( 'NONE', #4674 ) ;
#9857 = DIRECTION ( 'NONE',  ( 1.000000000000000000, 0.000000000000000000, 0.000000000000000000 ) ) ;
#9858 = CARTESIAN_POINT ( 'NONE',  ( -2.326485266274678221, 0.6889698923245789475, 0.9471510259075264226 ) ) ;
#9859 = CARTESIAN_POINT ( 'NONE',  ( -0.6000000000000000888, 0.2401880480072129953, -2.449999999999999734 ) ) ;
#9860 = CARTESIAN_POINT ( 'NONE',  ( 2.345050208091560062, 0.6640536881465670671, -0.9048748173637511938 ) ) ;
#9861 = CARTESIAN_POINT ( 'NONE',  ( -1.728857733092498794, 1.199999999999999289, -0.8996812728396279546 ) ) ;
#9862 = FACE_OUTER_BOUND ( 'NONE', #2443, .T. ) ;
#9863 = DIRECTION ( 'NONE',  ( 0.000000000000000000, 0.000000000000000000, 1.000000000000000000 ) ) ;
#9864 = VERTEX_POINT ( 'NONE', #3021 ) ;
#9865 = CARTESIAN_POINT ( 'NONE',  ( 1.445730764359999476, 1.128730687760000295, 1.445691321919999828 ) ) ;
#9866 = CARTESIAN_POINT ( 'NONE',  ( -1.782888501000000181, 0.8234081909999999560, -1.348273797999999912 ) ) ;
#9867 = CARTESIAN_POINT ( 'NONE',  ( -0.7250000000000000888, 0.000000000000000000, 1.750000000131250122 ) ) ;
#9868 = ORIENTED_EDGE ( 'NONE', *, *, #9471, .T. ) ;
#9869 = CARTESIAN_POINT ( 'NONE',  ( -1.117129299638008222, 0.8000000000952381951, -1.984642641067087432 ) ) ;
#9870 = CARTESIAN_POINT ( 'NONE',  ( -1.782804886283301027, 0.8235790279940939929, 1.348206488782824231 ) ) ;
#9871 = LINE ( 'NONE', #7416, #5707 ) ;
#9872 = CARTESIAN_POINT ( 'NONE',  ( 0.8916292085596737582, 1.199999999999627809, 1.696050017176450098 ) ) ;
#9873 = CARTESIAN_POINT ( 'NONE',  ( 1.696049930000000261, 1.199999999999999956, -1.696049930000000261 ) ) ;
#9874 = CARTESIAN_POINT ( 'NONE',  ( -0.9254935774499789547, 0.6774943204327886770, 2.337812812910454063 ) ) ;
#9875 = B_SPLINE_CURVE_WITH_KNOTS ( 'NONE', 3,
 ( #7360, #2412, #7519, #6702, #8235, #3182, #3234, #2358, #6593, #723, #9924, #5777, #8, #9107, #8129, #611, #10646, #6867 ),
 .UNSPECIFIED., .F., .F.,
 ( 4, 1, 1, 2, 2, 2, 1, 1, 2, 2, 4 ),
 ( 0.5000000000000000000, 0.5624999999999997780, 0.5937499999999997780, 0.6093749999999996669, 0.6249999999999996669, 0.7499999999999994449, 0.8124999999999993339, 0.8437499999999993339, 0.8593749999999993339, 0.8749999999999993339, 1.000000000000000000 ),
 .UNSPECIFIED. ) ;
#9876 = ADVANCED_FACE ( 'NONE', ( #7965 ), #116, .T. ) ;
#9877 = DIRECTION ( 'NONE',  ( 0.000000000000000000, 1.000000000000000000, 0.000000000000000000 ) ) ;
#9878 = CARTESIAN_POINT ( 'NONE',  ( -0.1495516660000000275, 0.09018804800000002064, -2.308547231000000366 ) ) ;
#9879 = DIRECTION ( 'NONE',  ( -1.000000000000000000, 0.000000000000000000, -0.000000000000000000 ) ) ;
#9880 = EDGE_LOOP ( 'NONE', ( #1841, #586, #9979, #9754, #10569, #4406 ) ) ;
#9881 = CARTESIAN_POINT ( 'NONE',  ( 1.108843324000000186, 1.199997970000000524, -1.625860351999999676 ) ) ;
#9882 = CARTESIAN_POINT ( 'NONE',  ( 5.035636875936203051E-16, 1.100000000000000089, 1.200000000000000178 ) ) ;
#9883 = VECTOR ( 'NONE', #9000, 1000.000000000000000 ) ;
#9884 = DIRECTION ( 'NONE',  ( 1.000000000000000000, 0.000000000000000000, -0.000000000000000000 ) ) ;
#9885 = ORIENTED_EDGE ( 'NONE', *, *, #4736, .T. ) ;
#9886 = ORIENTED_EDGE ( 'NONE', *, *, #5197, .T. ) ;
#9887 = CARTESIAN_POINT ( 'NONE',  ( -1.494450661999999985, 1.199999999999999956, 1.204638544999999894 ) ) ;
#9888 = CARTESIAN_POINT ( 'NONE',  ( -1.771521558999999746, 1.027568333999999917, -1.158921276999999694 ) ) ;
#9889 = DIRECTION ( 'NONE',  ( -0.000000000000000000, -1.000000000000000000, -0.000000000000000000 ) ) ;
#9890 = EDGE_CURVE ( 'NONE', #3089, #38, #3362, .T. ) ;
#9891 = VECTOR ( 'NONE', #437, 1000.000000000000000 ) ;
#9892 = EDGE_CURVE ( 'NONE', #3991, #5025, #5298, .T. ) ;
#9893 = AXIS2_PLACEMENT_3D ( 'NONE', #2414, #4950, #2476 ) ;
#9894 = LINE ( 'NONE', #1343, #10078 ) ;
#9895 = VERTEX_POINT ( 'NONE', #9869 ) ;
#9896 = CARTESIAN_POINT ( 'NONE',  ( 2.349202828999999326, 0.6750097260000001986, -0.9184499900000000494 ) ) ;
#9897 = VERTEX_POINT ( 'NONE', #8180 ) ;
#9898 = VECTOR ( 'NONE', #315, 1000.000000000000000 ) ;
#9899 = ORIENTED_EDGE ( 'NONE', *, *, #1173, .F. ) ;
#9900 = ORIENTED_EDGE ( 'NONE', *, *, #2852, .T. ) ;
#9901 = CARTESIAN_POINT ( 'NONE',  ( 1.600000000000000089, 0.3667742509999999956, -2.500000000000000000 ) ) ;
#9902 = CARTESIAN_POINT ( 'NONE',  ( 1.778526703999999903, 1.172109289999999859, -0.9518762110000000831 ) ) ;
#9903 = CARTESIAN_POINT ( 'NONE',  ( 1.204602368782076827, 1.199999999998416556, -1.494478978798682745 ) ) ;
#9904 = CARTESIAN_POINT ( 'NONE',  ( -0.9937673515013208947, 1.199999999999960876, 1.638607672830337814 ) ) ;
#9905 = EDGE_CURVE ( 'NONE', #10657, #6646, #9875, .T. ) ;
#9906 = CARTESIAN_POINT ( 'NONE',  ( 0.9058792849936770919, 1.190154722163305534, -1.754002336654799432 ) ) ;
#9907 = CARTESIAN_POINT ( 'NONE',  ( 0.7250000001444446562, 0.000000000000000000, -1.750000000112500231 ) ) ;
#9908 = CARTESIAN_POINT ( 'NONE',  ( 1.844733287498511398, 0.8236883896345064127, 1.266115980213950110 ) ) ;
#9909 = LINE ( 'NONE', #8326, #4208 ) ;
#9910 = VERTEX_POINT ( 'NONE', #8557 ) ;
#9911 = CARTESIAN_POINT ( 'NONE',  ( -0.9392340154915000960, 1.127008294150100065, -1.816540063991800569 ) ) ;
#9912 = CARTESIAN_POINT ( 'NONE',  ( -2.310176520042277026, 0.6973954807212807694, 0.9719986815669486857 ) ) ;
#9913 = DIRECTION ( 'NONE',  ( 0.000000000000000000, -0.000000000000000000, -1.000000000000000000 ) ) ;
#9914 = CARTESIAN_POINT ( 'NONE',  ( 2.339533468423422136, 0.6750113521982458176, -0.9214417223841588900 ) ) ;
#9915 = CARTESIAN_POINT ( 'NONE',  ( -1.000000000000000000, 0.7000000000000000666, -2.399999999999999911 ) ) ;
#9916 = CARTESIAN_POINT ( 'NONE',  ( -0.9223948602530481766, 1.128616006908942815, -1.823793532479613955 ) ) ;
#9917 = ADVANCED_FACE ( 'NONE', ( #6971 ), #2635, .T. ) ;
#9918 = CARTESIAN_POINT ( 'NONE',  ( 0.000000000000000000, 0.6500000000000001332, 0.000000000000000000 ) ) ;
#9919 = EDGE_LOOP ( 'NONE', ( #7981, #7451, #458, #3772 ) ) ;
#9920 = CARTESIAN_POINT ( 'NONE',  ( 1.267648341999999761, 1.172417772000000191, 1.572754468000000072 ) ) ;
#9921 = CARTESIAN_POINT ( 'NONE',  ( -1.782717285758345982, 0.8237498690121559664, -1.348144453349936933 ) ) ;
#9922 = DIRECTION ( 'NONE',  ( 1.000000000000000000, -0.000000000000000000, -0.000000000000000000 ) ) ;
#9923 = ORIENTED_EDGE ( 'NONE', *, *, #3181, .T. ) ;
#9924 = CARTESIAN_POINT ( 'NONE',  ( 0.9839145134033973061, 1.200000000000000178, -0.6959488924239255470 ) ) ;
#9925 = CARTESIAN_POINT ( 'NONE',  ( -2.328737517358782316, 0.6871973007023479685, -0.9433135736388991166 ) ) ;
#9926 = VERTEX_POINT ( 'NONE', #3452 ) ;
#9927 = LINE ( 'NONE', #5557, #3818 ) ;
#9928 = FACE_OUTER_BOUND ( 'NONE', #9983, .T. ) ;
#9929 = CARTESIAN_POINT ( 'NONE',  ( -0.9659237638389422953, 0.6958569240935481570, 2.314391275441522566 ) ) ;
#9930 = VECTOR ( 'NONE', #1979, 1000.000000000000000 ) ;
#9931 = CARTESIAN_POINT ( 'NONE',  ( 2.100000000000000089, 0.1000000000000000056, -2.299999999999999822 ) ) ;
#9932 = CARTESIAN_POINT ( 'NONE',  ( 1.191597876839930237, 1.129199177251190678, -1.660090943231854244 ) ) ;
#9933 = LINE ( 'NONE', #2535, #10464 ) ;
#9934 = ORIENTED_EDGE ( 'NONE', *, *, #1951, .F. ) ;
#9935 = CARTESIAN_POINT ( 'NONE',  ( 1.059920669100000046, 1.128216589780000279, -1.748177377699999813 ) ) ;
#9936 = CARTESIAN_POINT ( 'NONE',  ( -1.583922346801162506, 1.199999999999960876, -1.080333852544629991 ) ) ;
#9937 = CARTESIAN_POINT ( 'NONE',  ( -2.315104722000000059, 0.6450000000000001288, -0.8785042870000000503 ) ) ;
#9938 = CARTESIAN_POINT ( 'NONE',  ( -1.427192512809999814, 1.200000060600000085, -1.281521155180000093 ) ) ;
#9939 = EDGE_CURVE ( 'NONE', #6970, #5795, #6753, .T. ) ;
#9940 = VERTEX_POINT ( 'NONE', #2798 ) ;
#9941 = EDGE_LOOP ( 'NONE', ( #692, #9001, #7817, #4644 ) ) ;
#9942 = CARTESIAN_POINT ( 'NONE',  ( -1.638602143000000178, 1.199999999999999956, 0.9937765069999999756 ) ) ;
#9943 = AXIS2_PLACEMENT_3D ( 'NONE', #3369, #9889, #10002 ) ;
#9944 = CARTESIAN_POINT ( 'NONE',  ( -2.350000000000000089, 0.04999999999999999584, 0.4999999999999998890 ) ) ;
#9945 = CARTESIAN_POINT ( 'NONE',  ( 0.8785042870000000503, 0.6450000000000001288, 2.331771387999999945 ) ) ;
#9946 = CARTESIAN_POINT ( 'NONE',  ( 0.9609080586145614111, 0.6500000000000001332, 2.295903292935424833 ) ) ;
#9947 = ORIENTED_EDGE ( 'NONE', *, *, #2440, .F. ) ;
#9948 = CIRCLE ( 'NONE', #857, 0.3000000000000001554 ) ;
#9949 = FACE_OUTER_BOUND ( 'NONE', #9799, .T. ) ;
#9950 = ORIENTED_EDGE ( 'NONE', *, *, #5223, .F. ) ;
#9951 = EDGE_CURVE ( 'NONE', #248, #2096, #395, .T. ) ;
#9952 = ORIENTED_EDGE ( 'NONE', *, *, #8444, .F. ) ;
#9953 = EDGE_CURVE ( 'NONE', #3700, #1376, #4228, .T. ) ;
#9954 = ORIENTED_EDGE ( 'NONE', *, *, #5250, .F. ) ;
#9955 = DIRECTION ( 'NONE',  ( 1.000000000000000000, 0.000000000000000000, -0.000000000000000000 ) ) ;
#9956 = CARTESIAN_POINT ( 'NONE',  ( 0.8916292085596737582, 1.199999999999627809, 1.696050017176450098 ) ) ;
#9957 = AXIS2_PLACEMENT_3D ( 'NONE', #2747, #10373, #9439 ) ;
#9958 = CARTESIAN_POINT ( 'NONE',  ( -2.349202828999999326, 0.6750097260000001986, -0.9184499900000000494 ) ) ;
#9959 = DIRECTION ( 'NONE',  ( -0.000000000000000000, 1.000000000000000000, -0.000000000000000000 ) ) ;
#9960 = LINE ( 'NONE', #8981, #6334 ) ;
#9961 = CARTESIAN_POINT ( 'NONE',  ( 1.753503752999999721, 0.8000000000000000444, 1.457415929000000832 ) ) ;
#9962 = FACE_OUTER_BOUND ( 'NONE', #5924, .T. ) ;
#9963 = ORIENTED_EDGE ( 'NONE', *, *, #5626, .T. ) ;
#9964 = CARTESIAN_POINT ( 'NONE',  ( -1.012745836585000392, 1.128090802918400248, -1.776101970887999926 ) ) ;
#9965 = ADVANCED_FACE ( 'NONE', ( #9215 ), #8454, .F. ) ;
#9966 = ORIENTED_EDGE ( 'NONE', *, *, #3218, .T. ) ;
#9967 = B_SPLINE_CURVE_WITH_KNOTS ( 'NONE', 3,
 ( #7263, #8959, #7319, #6442 ),
 .UNSPECIFIED., .F., .F.,
 ( 4, 4 ),
 ( 0.000000000000000000, 1.000000000000000000 ),
 .UNSPECIFIED. ) ;
#9968 = CARTESIAN_POINT ( 'NONE',  ( -0.1463462860000000476, 0.2321085410000000016, -2.349999999999999645 ) ) ;
#9969 = B_SPLINE_CURVE_WITH_KNOTS ( 'NONE', 3,
 ( #9846, #4649, #3925, #2939, #7995, #5643, #5476, #8975, #2336, #5697, #9028 ),
 .UNSPECIFIED., .F., .F.,
 ( 4, 2, 1, 2, 2, 4 ),
 ( 0.000000000000000000, 0.5000000000000004441, 0.6250000000000003331, 0.6875000000000002220, 0.7500000000000002220, 1.000000000000000000 ),
 .UNSPECIFIED. ) ;
#9970 = DIRECTION ( 'NONE',  ( 1.000000000000000000, 0.000000000000000000, 0.000000000000000000 ) ) ;
#9971 = CARTESIAN_POINT ( 'NONE',  ( 0.1456456492733403385, 0.1901880480000000817, 2.261249070719048682 ) ) ;
#9972 = CARTESIAN_POINT ( 'NONE',  ( 1.937836507009548903, 0.8324359464752622007, 1.102127821988337475 ) ) ;
#9973 = VECTOR ( 'NONE', #732, 1000.000000000000000 ) ;
#9974 = DIRECTION ( 'NONE',  ( 0.000000000000000000, 1.000000000000000000, 0.000000000000000000 ) ) ;
#9975 = ORIENTED_EDGE ( 'NONE', *, *, #7986, .T. ) ;
#9976 = CARTESIAN_POINT ( 'NONE',  ( 1.523500218460000166, 1.128730674620000318, 1.367919740180000510 ) ) ;
#9977 = CARTESIAN_POINT ( 'NONE',  ( -1.536340054999999927, 0.8000000000000000444, -1.684830931000000254 ) ) ;
#9978 = CARTESIAN_POINT ( 'NONE',  ( -1.750000000000000000, 0.6400000000000001243, 1.750000000000000000 ) ) ;
#9979 = ORIENTED_EDGE ( 'NONE', *, *, #3207, .T. ) ;
#9980 = CARTESIAN_POINT ( 'NONE',  ( 0.1501325524556950120, 0.2005336289045328846, 2.373300223695023803 ) ) ;
#9981 = DIRECTION ( 'NONE',  ( 0.000000000000000000, 0.000000000000000000, -1.000000000000000000 ) ) ;
#9982 = EDGE_CURVE ( 'NONE', #1033, #2797, #1796, .T. ) ;
#9983 = EDGE_LOOP ( 'NONE', ( #6184, #2385, #6578, #49, #461, #10557, #1980, #64 ) ) ;
#9984 = DIRECTION ( 'NONE',  ( 0.000000000000000000, 1.000000000000000000, 0.000000000000000000 ) ) ;
#9985 = DIRECTION ( 'NONE',  ( -0.000000000000000000, -1.000000000000000000, -0.000000000000000000 ) ) ;
#9986 = CARTESIAN_POINT ( 'NONE',  ( -0.9273303174798466220, 0.6785927366982544839, 2.336992597320132425 ) ) ;
#9987 = AXIS2_PLACEMENT_3D ( 'NONE', #114, #3446, #5264 ) ;
#9988 = DIRECTION ( 'NONE',  ( 0.000000000000000000, 0.000000000000000000, 1.000000000000000000 ) ) ;
#9989 = CARTESIAN_POINT ( 'NONE',  ( 0.9547009807243571622, 1.128224436536891861, -1.807602027940300671 ) ) ;
#9990 = CARTESIAN_POINT ( 'NONE',  ( 1.510901631324210292, 0.8234725043887034523, 1.647454269803141136 ) ) ;
#9991 = ORIENTED_EDGE ( 'NONE', *, *, #4664, .F. ) ;
#9992 = CARTESIAN_POINT ( 'NONE',  ( 1.036370663340000053, 1.128592003789999909, -1.762123408679999947 ) ) ;
#9993 = FACE_OUTER_BOUND ( 'NONE', #5302, .T. ) ;
#9994 = ADVANCED_FACE ( 'NONE', ( #5941 ), #232, .F. ) ;
#9995 = CARTESIAN_POINT ( 'NONE',  ( -1.870278967898370226, 1.012578866186558457, -0.9892128415471530545 ) ) ;
#9996 = CARTESIAN_POINT ( 'NONE',  ( -1.748181960946999514, 1.128207961447800001, -1.059923436260999940 ) ) ;
#9997 = ORIENTED_EDGE ( 'NONE', *, *, #7897, .F. ) ;
#9998 = EDGE_LOOP ( 'NONE', ( #3310, #9966, #8302, #10797 ) ) ;
#9999 = VECTOR ( 'NONE', #9988, 1000.000000000000000 ) ;
#10000 = CARTESIAN_POINT ( 'NONE',  ( -1.762589047798399644, 1.127715629066399661, 1.036650796203000047 ) ) ;
#10001 = CIRCLE ( 'NONE', #5279, 0.09999999999999982514 ) ;
#10002 = DIRECTION ( 'NONE',  ( 0.000000000000000000, 0.000000000000000000, 1.000000000000000000 ) ) ;
#10003 = VECTOR ( 'NONE', #8707, 1000.000000000000000 ) ;
#10004 = CARTESIAN_POINT ( 'NONE',  ( 0.1282248116408703786, 0.09018804800000000677, 2.228047856199873333 ) ) ;
#10005 = AXIS2_PLACEMENT_3D ( 'NONE', #3047, #1406, #4920 ) ;
#10006 = ORIENTED_EDGE ( 'NONE', *, *, #4324, .T. ) ;
#10007 = CARTESIAN_POINT ( 'NONE',  ( -2.344031375019596464, 0.6665819597128000984, 0.9085604622924683405 ) ) ;
#10008 = ORIENTED_EDGE ( 'NONE', *, *, #10731, .F. ) ;
#10009 = VERTEX_POINT ( 'NONE', #5215 ) ;
#10010 = VERTEX_POINT ( 'NONE', #9378 ) ;
#10011 = CARTESIAN_POINT ( 'NONE',  ( 2.841960084502053366E-16, 1.100000000000000089, 1.099999999999999867 ) ) ;
#10012 = PLANE ( 'NONE',  #5040 ) ;
#10013 = AXIS2_PLACEMENT_3D ( 'NONE', #7996, #5276, #1054 ) ;
#10014 = DIRECTION ( 'NONE',  ( -1.000000000000000000, 0.000000000000000000, -0.000000000000000000 ) ) ;
#10015 = EDGE_CURVE ( 'NONE', #941, #3233, #174, .T. ) ;
#10016 = EDGE_CURVE ( 'NONE', #10149, #3707, #3174, .T. ) ;
#10017 = CARTESIAN_POINT ( 'NONE',  ( 0.9779268300366943389, 0.6985545022778557600, -2.305964638156552393 ) ) ;
#10018 = CARTESIAN_POINT ( 'NONE',  ( 1.651417203412000267, 1.200000020593899874, -0.9715586229976002075 ) ) ;
#10019 = ORIENTED_EDGE ( 'NONE', *, *, #8629, .T. ) ;
#10020 = B_SPLINE_CURVE_WITH_KNOTS ( 'NONE', 3,
 ( #8081, #1488, #2252, #5616, #8950, #1438 ),
 .UNSPECIFIED., .F., .F.,
 ( 4, 2, 4 ),
 ( 0.000000000000000000, 0.4999999999999998890, 1.000000000000000000 ),
 .UNSPECIFIED. ) ;
#10021 = CARTESIAN_POINT ( 'NONE',  ( -0.8813002730800000295, 1.200000041240000037, -1.700443085819999922 ) ) ;
#10022 = ORIENTED_EDGE ( 'NONE', *, *, #5828, .F. ) ;
#10023 = CARTESIAN_POINT ( 'NONE',  ( 1.984643122065690379, 0.8000000000000000444, -2.399999999999999911 ) ) ;
#10024 = CARTESIAN_POINT ( 'NONE',  ( 2.348254792949169723, 0.6494861164287316635, -0.8845787766729663604 ) ) ;
#10025 = CARTESIAN_POINT ( 'NONE',  ( -1.696049877516262461, 1.199999999999986633, -0.8916295004494524390 ) ) ;
#10026 = CARTESIAN_POINT ( 'NONE',  ( -0.1445161610000000318, 0.2401880480000000151, -2.450166666999999965 ) ) ;
#10027 = ADVANCED_FACE ( 'NONE', ( #9330 ), #5160, .F. ) ;
#10028 = DIRECTION ( 'NONE',  ( 1.000000000000000000, 0.000000000000000000, 0.000000000000000000 ) ) ;
#10029 = VERTEX_POINT ( 'NONE', #8507 ) ;
#10030 = CARTESIAN_POINT ( 'NONE',  ( 1.689926884180000588, 1.127993510230000052, 1.152394865099999999 ) ) ;
#10031 = CARTESIAN_POINT ( 'NONE',  ( -1.844733287498511398, 0.8236883896345064127, -1.266115980213950110 ) ) ;
#10032 = CARTESIAN_POINT ( 'NONE',  ( 1.984642640824452187, 0.8000000000952458556, -1.117129299956163058 ) ) ;
#10033 = ORIENTED_EDGE ( 'NONE', *, *, #8817, .T. ) ;
#10034 = CARTESIAN_POINT ( 'NONE',  ( 0.1481698260000000045, 0.2025660570000000216, 2.412031808999999694 ) ) ;
#10035 = CARTESIAN_POINT ( 'NONE',  ( -2.324099677274331643, 0.6906784921251669651, -0.9510848846929013112 ) ) ;
#10036 = DIRECTION ( 'NONE',  ( 0.000000000000000000, 0.000000000000000000, 1.000000000000000000 ) ) ;
#10037 = VERTEX_POINT ( 'NONE', #5269 ) ;
#10038 = LINE ( 'NONE', #5165, #10314 ) ;
#10039 = CARTESIAN_POINT ( 'NONE',  ( -0.9999999997840240962, 0.7000000000000000666, -2.399999999999999911 ) ) ;
#10040 = CARTESIAN_POINT ( 'NONE',  ( -0.9751442326361600133, 0.6980504797138723516, 2.307951724487029121 ) ) ;
#10041 = EDGE_CURVE ( 'NONE', #704, #2883, #7685, .T. ) ;
#10042 = LINE ( 'NONE', #8352, #5452 ) ;
#10043 = CARTESIAN_POINT ( 'NONE',  ( 1.121283550218385328, 1.129258664941106494, -1.708319398756879881 ) ) ;
#10044 = CARTESIAN_POINT ( 'NONE',  ( 1.106845078288430262, 0.8233166248663973397, 1.942102243374207449 ) ) ;
#10045 = ORIENTED_EDGE ( 'NONE', *, *, #112, .F. ) ;
#10046 = CARTESIAN_POINT ( 'NONE',  ( 1.121158840800199785, 1.200000040965599757, -1.553277267170600107 ) ) ;
#10047 = CARTESIAN_POINT ( 'NONE',  ( -0.6000000001333334332, 0.8000000000000000444, 2.250000000000001776 ) ) ;
#10048 = CARTESIAN_POINT ( 'NONE',  ( -0.9719986816486894110, 0.6973954807396336442, -2.310176519984826982 ) ) ;
#10049 = CARTESIAN_POINT ( 'NONE',  ( -1.802845010200700093, 1.127523569528799730, -0.9648217332619002384 ) ) ;
#10050 = ORIENTED_EDGE ( 'NONE', *, *, #2496, .F. ) ;
#10051 = ORIENTED_EDGE ( 'NONE', *, *, #60, .T. ) ;
#10052 = CARTESIAN_POINT ( 'NONE',  ( -1.663824764759999741, 1.200000040820000002, 0.9490298995999999487 ) ) ;
#10053 = CARTESIAN_POINT ( 'NONE',  ( 2.299999999999999822, 0.000000000000000000, 2.100000000000000089 ) ) ;
#10054 = CARTESIAN_POINT ( 'NONE',  ( 2.300000000000000266, 0.6450000001693170226, -0.8785042874460973206 ) ) ;
#10055 = EDGE_CURVE ( 'NONE', #5126, #8263, #942, .T. ) ;
#10056 = DIRECTION ( 'NONE',  ( -0.000000000000000000, -1.000000000000000000, 0.000000000000000000 ) ) ;
#10057 = ORIENTED_EDGE ( 'NONE', *, *, #3391, .F. ) ;
#10058 = CARTESIAN_POINT ( 'NONE',  ( -2.343193664324567216, 0.6684487788695828714, 0.9113230208526211795 ) ) ;
#10059 = VERTEX_POINT ( 'NONE', #65 ) ;
#10060 = ORIENTED_EDGE ( 'NONE', *, *, #10688, .T. ) ;
#10061 = ORIENTED_EDGE ( 'NONE', *, *, #7152, .T. ) ;
#10062 = CARTESIAN_POINT ( 'NONE',  ( -2.174999999999999822, 0.7999999999999992673, -1.250000000000000000 ) ) ;
#10063 = B_SPLINE_CURVE_WITH_KNOTS ( 'NONE', 3,
 ( #10669, #6507, #4804, #9946, #8911, #581, #8149 ),
 .UNSPECIFIED., .F., .F.,
 ( 4, 3, 4 ),
 ( 5.910124382369993632E-14, 3.423954068876921089E-05, 6.854578441747467550E-05 ),
 .UNSPECIFIED. ) ;
#10064 = VECTOR ( 'NONE', #5399, 1000.000000000000000 ) ;
#10065 = DIRECTION ( 'NONE',  ( 1.000000000000000000, 0.000000000000000000, 0.000000000000000000 ) ) ;
#10066 = CARTESIAN_POINT ( 'NONE',  ( -0.7250000000298829628, 0.1799999999999999933, 0.5000000000332031069 ) ) ;
#10067 = CARTESIAN_POINT ( 'NONE',  ( -2.323035152000000103, 0.7000000000000000666, -0.9551290950000000946 ) ) ;
#10068 = CARTESIAN_POINT ( 'NONE',  ( 0.9588649792022780893, 0.6936365454046072854, -2.319126547682340167 ) ) ;
#10069 = VECTOR ( 'NONE', #298, 1000.000000000000000 ) ;
#10070 = CARTESIAN_POINT ( 'NONE',  ( 1.663815924437599625, 1.200000041228199921, -0.9490248827959999467 ) ) ;
#10071 = ORIENTED_EDGE ( 'NONE', *, *, #2099, .T. ) ;
#10072 = CARTESIAN_POINT ( 'NONE',  ( -0.9887990715036001355, 1.127588863180700285, -1.789619335068299621 ) ) ;
#10073 = ORIENTED_EDGE ( 'NONE', *, *, #6277, .T. ) ;
#10074 = PLANE ( 'NONE',  #8565 ) ;
#10075 = EDGE_CURVE ( 'NONE', #4332, #2406, #6917, .T. ) ;
#10076 = PLANE ( 'NONE',  #1 ) ;
#10077 = CARTESIAN_POINT ( 'NONE',  ( -1.058578643763010696, 1.499999999999649614, 6.228292081990728065E-17 ) ) ;
#10078 = VECTOR ( 'NONE', #9839, 1000.000000000000000 ) ;
#10079 = CARTESIAN_POINT ( 'NONE',  ( -0.1463463590000000369, 0.2159216230000000070, -2.450166666999999965 ) ) ;
#10080 = VECTOR ( 'NONE', #5110, 1000.000000000000000 ) ;
#10081 = CARTESIAN_POINT ( 'NONE',  ( 2.346779980817416345, 0.6584717027084712182, 0.8969515049873972856 ) ) ;
#10082 = FACE_OUTER_BOUND ( 'NONE', #3505, .T. ) ;
#10083 = B_SPLINE_CURVE_WITH_KNOTS ( 'NONE', 3,
 ( #5550, #663, #9656, #8942, #10697, #5607 ),
 .UNSPECIFIED., .F., .F.,
 ( 4, 2, 4 ),
 ( 0.000000000000000000, 0.5000000000000000000, 1.000000000000000000 ),
 .UNSPECIFIED. ) ;
#10084 = VERTEX_POINT ( 'NONE', #7631 ) ;
#10085 = CARTESIAN_POINT ( 'NONE',  ( 1.583075198278800055, 1.200000041005999663, 1.079757960665599814 ) ) ;
#10086 = CARTESIAN_POINT ( 'NONE',  ( -1.988339712000000148, 0.8000000000000000444, -1.110655302000000066 ) ) ;
#10087 = CARTESIAN_POINT ( 'NONE',  ( -1.836501388266489121, 1.102651602841322687, 0.9327621540089664487 ) ) ;
#10088 = ORIENTED_EDGE ( 'NONE', *, *, #9890, .T. ) ;
#10089 = DIRECTION ( 'NONE',  ( -0.000000000000000000, -1.000000000000000000, -0.000000000000000000 ) ) ;
#10090 = CARTESIAN_POINT ( 'NONE',  ( -2.330669570638712162, 0.6854874094165567255, -0.9398616647496504939 ) ) ;
#10091 = AXIS2_PLACEMENT_3D ( 'NONE', #8730, #6270, #7757 ) ;
#10092 = DIRECTION ( 'NONE',  ( 1.000000000000000000, -0.000000000000000000, 0.000000000000000000 ) ) ;
#10093 = ORIENTED_EDGE ( 'NONE', *, *, #9738, .T. ) ;
#10094 = CARTESIAN_POINT ( 'NONE',  ( 1.834430096374394692, 0.8231222596233066513, -1.280536114662239822 ) ) ;
#10095 = EDGE_CURVE ( 'NONE', #5970, #6012, #120, .T. ) ;
#10096 = EDGE_CURVE ( 'NONE', #2498, #8703, #1103, .T. ) ;
#10097 = DIRECTION ( 'NONE',  ( 0.000000000000000000, 0.000000000000000000, 1.000000000000000000 ) ) ;
#10098 = CARTESIAN_POINT ( 'NONE',  ( -0.9843722118205789906, 0.6994390743613076999, 2.301302466371529576 ) ) ;
#10099 = ADVANCED_FACE ( 'NONE', ( #283 ), #4502, .T. ) ;
#10100 = CARTESIAN_POINT ( 'NONE',  ( -1.600000000000000089, 0.3999999999999999667, 2.405681128000001667 ) ) ;
#10101 = CARTESIAN_POINT ( 'NONE',  ( 0.2999999999203125656, 0.02000000000000000389, 0.5000000000000000000 ) ) ;
#10102 = CARTESIAN_POINT ( 'NONE',  ( 1.280520676030763694, 0.8231221877692964650, 1.834440889157657573 ) ) ;
#10103 = ORIENTED_EDGE ( 'NONE', *, *, #1242, .T. ) ;
#10104 = CARTESIAN_POINT ( 'NONE',  ( 2.100000000000000089, 0.2000000000000000111, 2.299999999999999822 ) ) ;
#10105 = CARTESIAN_POINT ( 'NONE',  ( -0.1499999999745773027, 0.1909167855839016270, -2.308505452227485932 ) ) ;
#10106 = CARTESIAN_POINT ( 'NONE',  ( 0.6000000000000000888, 0.6500000000000001332, -2.250000000000001776 ) ) ;
#10107 = CARTESIAN_POINT ( 'NONE',  ( -1.677117296999999896, 1.199999999999999956, -0.9269587860000000346 ) ) ;
#10108 = ORIENTED_EDGE ( 'NONE', *, *, #6277, .F. ) ;
#10109 = EDGE_CURVE ( 'NONE', #8973, #5859, #4941, .T. ) ;
#10110 = CARTESIAN_POINT ( 'NONE',  ( -1.583487589199999990, 1.200000020299999859, 1.080071669280000091 ) ) ;
#10111 = CARTESIAN_POINT ( 'NONE',  ( -0.6000000000000000888, 0.7000000000000000666, 2.250000000000001776 ) ) ;
#10112 = B_SPLINE_CURVE_WITH_KNOTS ( 'NONE', 3,
 ( #587, #2995, #6514, #8864, #3924, #5524, #9735, #7278, #6405, #10674 ),
 .UNSPECIFIED., .F., .F.,
 ( 4, 2, 2, 2, 4 ),
 ( 0.5000000000000000000, 0.6250000000000000000, 0.7500000000000000000, 0.8750000000000000000, 1.000000000000000000 ),
 .UNSPECIFIED. ) ;
#10113 = DIRECTION ( 'NONE',  ( 0.000000000000000000, 0.000000000000000000, 1.000000000000000000 ) ) ;
#10114 = AXIS2_PLACEMENT_3D ( 'NONE', #8648, #2990, #7989 ) ;
#10115 = CARTESIAN_POINT ( 'NONE',  ( -0.3754225650545451876, 0.1901880480000000817, -1.627209217893757387 ) ) ;
#10116 = EDGE_LOOP ( 'NONE', ( #3228, #10019, #3944, #2472 ) ) ;
#10117 = DIRECTION ( 'NONE',  ( 0.000000000000000000, 1.000000000000000000, 0.000000000000000000 ) ) ;
#10118 = VERTEX_POINT ( 'NONE', #5324 ) ;
#10119 = VECTOR ( 'NONE', #8966, 1000.000000000000000 ) ;
#10120 = ORIENTED_EDGE ( 'NONE', *, *, #2182, .F. ) ;
#10121 = ORIENTED_EDGE ( 'NONE', *, *, #10469, .T. ) ;
#10122 = EDGE_CURVE ( 'NONE', #8608, #5969, #2817, .T. ) ;
#10123 = PLANE ( 'NONE',  #3704 ) ;
#10124 = CARTESIAN_POINT ( 'NONE',  ( -1.024999999999999911, 0.02000000000000000389, 1.350000000031249980 ) ) ;
#10125 = CARTESIAN_POINT ( 'NONE',  ( -1.000000000045425441, 0.7000000000000003997, -2.291287847458094884 ) ) ;
#10126 = CARTESIAN_POINT ( 'NONE',  ( 1.939201253772375733, 0.8293593504108565106, -1.103687851841538503 ) ) ;
#10127 = AXIS2_PLACEMENT_3D ( 'NONE', #1640, #8069, #6532 ) ;
#10128 = CARTESIAN_POINT ( 'NONE',  ( 0.9813975446259233237, 0.6990932294193881180, -2.303465790802248225 ) ) ;
#10129 = CARTESIAN_POINT ( 'NONE',  ( 1.689910440820000082, 1.127993560039999954, -1.152419310909999606 ) ) ;
#10130 = ORIENTED_EDGE ( 'NONE', *, *, #4248, .F. ) ;
#10131 = CARTESIAN_POINT ( 'NONE',  ( -0.9389934778305000229, 1.127887994716699982, -1.816058037330600339 ) ) ;
#10132 = VERTEX_POINT ( 'NONE', #8665 ) ;
#10133 = ADVANCED_FACE ( 'NONE', ( #9824 ), #4790, .T. ) ;
#10134 = AXIS2_PLACEMENT_3D ( 'NONE', #2185, #8170, #5600 ) ;
#10135 = CARTESIAN_POINT ( 'NONE',  ( 1.024999999968750020, 0.000000000000000000, -1.750000000202083683 ) ) ;
#10136 = CARTESIAN_POINT ( 'NONE',  ( 2.347299936026787215, 0.6562136427298144170, -0.8938054856687515093 ) ) ;
#10137 = DIRECTION ( 'NONE',  ( 0.000000000000000000, 0.000000000000000000, 1.000000000000000000 ) ) ;
#10138 = CARTESIAN_POINT ( 'NONE',  ( -0.1500000000000000222, 0.1702862780000000131, -2.432905117999999423 ) ) ;
#10139 = CARTESIAN_POINT ( 'NONE',  ( 2.334369381575442937, 0.6817628779976203646, 0.9328388230636547318 ) ) ;
#10140 = DIRECTION ( 'NONE',  ( 0.000000000000000000, 0.9431887185242426863, -0.3322574923889555776 ) ) ;
#10141 = VECTOR ( 'NONE', #1329, 1000.000000000000000 ) ;
#10142 = ORIENTED_EDGE ( 'NONE', *, *, #8279, .T. ) ;
#10143 = CARTESIAN_POINT ( 'NONE',  ( 1.582651624418200065, 1.200000061508999627, 1.079470014998399785 ) ) ;
#10144 = CARTESIAN_POINT ( 'NONE',  ( -0.9999999994469135345, 0.8000000000000000444, -2.399999999999999911 ) ) ;
#10145 = ORIENTED_EDGE ( 'NONE', *, *, #5135, .T. ) ;
#10146 = DIRECTION ( 'NONE',  ( -0.000000000000000000, -1.000000000000000000, -0.000000000000000000 ) ) ;
#10147 = LINE ( 'NONE', #4282, #3758 ) ;
#10148 = PLANE ( 'NONE',  #10617 ) ;
#10149 = VERTEX_POINT ( 'NONE', #5677 ) ;
#10150 = CARTESIAN_POINT ( 'NONE',  ( 0.3000000000000000444, 0.02000000000000000389, 0.8500000000000000888 ) ) ;
#10151 = DIRECTION ( 'NONE',  ( -1.000000000000000000, -0.000000000000000000, -0.000000000000000000 ) ) ;
#10152 = CARTESIAN_POINT ( 'NONE',  ( -0.9779119306019782298, 0.6985520017156521266, 2.305975323921283682 ) ) ;
#10153 = VECTOR ( 'NONE', #10819, 1000.000000000000000 ) ;
#10154 = FACE_OUTER_BOUND ( 'NONE', #8661, .T. ) ;
#10155 = EDGE_CURVE ( 'NONE', #5211, #6984, #1657, .T. ) ;
#10156 = EDGE_CURVE ( 'NONE', #8264, #800, #6491, .T. ) ;
#10157 = CARTESIAN_POINT ( 'NONE',  ( -1.000000000000000000, 0.7000000000000000666, -2.399999999999999911 ) ) ;
#10158 = CARTESIAN_POINT ( 'NONE',  ( -2.100000000004809131, 1.084202172485504434E-16, -2.300000000004799094 ) ) ;
#10159 = DIRECTION ( 'NONE',  ( 0.000000000000000000, 1.000000000000000000, -0.000000000000000000 ) ) ;
#10160 = VERTEX_POINT ( 'NONE', #2483 ) ;
#10161 = VECTOR ( 'NONE', #556, 1000.000000000000000 ) ;
#10162 = CARTESIAN_POINT ( 'NONE',  ( 0.8810657480056001134, 1.200000062478599583, -1.699972269921399493 ) ) ;
#10163 = DIRECTION ( 'NONE',  ( 1.000000000000000000, -0.000000000000000000, 0.000000000000000000 ) ) ;
#10164 = CARTESIAN_POINT ( 'NONE',  ( -0.9821480502747194086, 0.6991807434005428146, -2.302920076379494585 ) ) ;
#10165 = CARTESIAN_POINT ( 'NONE',  ( -1.689026516240000664, 1.200000020449999871, -0.9042383571099998907 ) ) ;
#10166 = VERTEX_POINT ( 'NONE', #7528 ) ;
#10167 = CARTESIAN_POINT ( 'NONE',  ( -1.354696972719999781, 1.200000040400000190, 1.354733912040000599 ) ) ;
#10168 = DIRECTION ( 'NONE',  ( 0.000000000000000000, 1.000000000000000000, 0.000000000000000000 ) ) ;
#10169 = CARTESIAN_POINT ( 'NONE',  ( -0.9184392820000000235, 0.6747346400000006073, 2.348692979999999597 ) ) ;
#10170 = VECTOR ( 'NONE', #9325, 1000.000000000000000 ) ;
#10171 = EDGE_CURVE ( 'NONE', #4806, #1676, #8135, .T. ) ;
#10172 = DIRECTION ( 'NONE',  ( -0.000000000000000000, 0.000000000000000000, 1.000000000000000000 ) ) ;
#10173 = DIRECTION ( 'NONE',  ( -3.250733016102458350E-13, 0.000000000000000000, 1.000000000000000000 ) ) ;
#10174 = ORIENTED_EDGE ( 'NONE', *, *, #7486, .T. ) ;
#10175 = CARTESIAN_POINT ( 'NONE',  ( -2.339899723025387956, 0.6744332024136471260, 0.9205226475419767684 ) ) ;
#10176 = AXIS2_PLACEMENT_3D ( 'NONE', #9060, #7370, #4126 ) ;
#10177 = ORIENTED_EDGE ( 'NONE', *, *, #1401, .F. ) ;
#10178 = AXIS2_PLACEMENT_3D ( 'NONE', #9361, #9141, #5194 ) ;
#10179 = EDGE_LOOP ( 'NONE', ( #4501, #7215, #5334, #7522, #1447, #1734 ) ) ;
#10180 = ORIENTED_EDGE ( 'NONE', *, *, #5916, .T. ) ;
#10181 = LINE ( 'NONE', #4147, #7566 ) ;
#10182 = LINE ( 'NONE', #10124, #7559 ) ;
#10183 = CARTESIAN_POINT ( 'NONE',  ( 0.000000000000000000, 0.3500000000000000333, 2.349999999999999645 ) ) ;
#10184 = CARTESIAN_POINT ( 'NONE',  ( -0.7250000000000000888, 0.1800000000000000211, 0.5000000000000000000 ) ) ;
#10185 = AXIS2_PLACEMENT_3D ( 'NONE', #9873, #6760, #10815 ) ;
#10186 = ADVANCED_FACE ( 'NONE', ( #731 ), #782, .T. ) ;
#10187 = B_SPLINE_CURVE_WITH_KNOTS ( 'NONE', 3,
 ( #10325, #5383, #7041, #3626 ),
 .UNSPECIFIED., .F., .F.,
 ( 4, 4 ),
 ( 0.000000000000000000, 1.000000000000000000 ),
 .UNSPECIFIED. ) ;
#10188 = CARTESIAN_POINT ( 'NONE',  ( 0.9840000848808990730, 0.6993987242074563015, -2.301573588936264070 ) ) ;
#10189 = CARTESIAN_POINT ( 'NONE',  ( 1.676218641910200313, 1.200000041268600048, -0.9264615476114000936 ) ) ;
#10190 = ORIENTED_EDGE ( 'NONE', *, *, #7288, .T. ) ;
#10191 = CARTESIAN_POINT ( 'NONE',  ( -0.9932516536400001206, 1.200000040739999774, -1.637732839719999944 ) ) ;
#10192 = ORIENTED_EDGE ( 'NONE', *, *, #5047, .F. ) ;
#10193 = AXIS2_PLACEMENT_3D ( 'NONE', #402, #1323, #10594 ) ;
#10194 = DIRECTION ( 'NONE',  ( -0.000000000000000000, -0.000000000000000000, -1.000000000000000000 ) ) ;
#10195 = DIRECTION ( 'NONE',  ( 0.000000000000000000, 0.000000000000000000, -1.000000000000000000 ) ) ;
#10196 = LINE ( 'NONE', #2682, #1412 ) ;
#10197 = CARTESIAN_POINT ( 'NONE',  ( -0.1500000000000000222, 0.1701311130000000005, -2.433200134999999431 ) ) ;
#10198 = ADVANCED_FACE ( 'NONE', ( #9171 ), #10712, .F. ) ;
#10199 = CARTESIAN_POINT ( 'NONE',  ( 2.347368015051070955, 0.6558176288413268828, 0.8932604079449025791 ) ) ;
#10200 = CARTESIAN_POINT ( 'NONE',  ( -0.9327617623105296518, 1.102652276333759840, -1.836501120537589182 ) ) ;
#10201 = EDGE_LOOP ( 'NONE', ( #10340, #7590, #6033, #1459 ) ) ;
#10202 = CARTESIAN_POINT ( 'NONE',  ( 1.657630650510000025, 1.128929843020000101, 1.196268144600000083 ) ) ;
#10203 = CARTESIAN_POINT ( 'NONE',  ( -1.185084472000000000, 0.8092662499999999648, -1.907298987999999973 ) ) ;
#10204 = ORIENTED_EDGE ( 'NONE', *, *, #988, .T. ) ;
#10205 = CARTESIAN_POINT ( 'NONE',  ( 0.7250000000000000888, 0.000000000000000000, -1.350000000000000089 ) ) ;
#10206 = CARTESIAN_POINT ( 'NONE',  ( -2.309665253335639878, 0.6975516701368840167, -0.9727235355262924266 ) ) ;
#10207 = CARTESIAN_POINT ( 'NONE',  ( -1.045673877617112169, 0.9225077763490577842, -1.904055529359328647 ) ) ;
#10208 = ORIENTED_EDGE ( 'NONE', *, *, #2595, .T. ) ;
#10209 = CARTESIAN_POINT ( 'NONE',  ( 1.106843420226708119, 0.8233148284566546016, -1.942103954704705204 ) ) ;
#10210 = DIRECTION ( 'NONE',  ( 0.000000000000000000, 0.3322574898012571332, -0.9431887194358122839 ) ) ;
#10211 = CARTESIAN_POINT ( 'NONE',  ( 0.9327579243525810915, 1.102651775988117144, -1.836502507236611681 ) ) ;
#10212 = ADVANCED_FACE ( 'NONE', ( #5006 ), #3136, .T. ) ;
#10213 = CARTESIAN_POINT ( 'NONE',  ( 2.174999999999999822, 0.3499999999888889213, 1.250000000000000000 ) ) ;
#10214 = CARTESIAN_POINT ( 'NONE',  ( 0.9269654040000000483, 1.171877378000000025, 1.791954317999999713 ) ) ;
#10215 = CARTESIAN_POINT ( 'NONE',  ( 2.449999999999999734, 0.3499999999629630487, 1.250000000000000000 ) ) ;
#10216 = CARTESIAN_POINT ( 'NONE',  ( 2.298438055000000091, 0.6450000000000001288, 0.8785042870000000503 ) ) ;
#10217 = VERTEX_POINT ( 'NONE', #1494 ) ;
#10218 = CARTESIAN_POINT ( 'NONE',  ( 0.9388735440000000043, 1.128327839000000221, -1.815816861000000060 ) ) ;
#10219 = PLANE ( 'NONE',  #10791 ) ;
#10220 = DIRECTION ( 'NONE',  ( -0.000000000000000000, -0.000000000000000000, -1.000000000000000000 ) ) ;
#10221 = CARTESIAN_POINT ( 'NONE',  ( -1.695700941999999989, 1.199997961000000224, -0.9974800869999999042 ) ) ;
#10222 = ORIENTED_EDGE ( 'NONE', *, *, #2506, .F. ) ;
#10223 = CARTESIAN_POINT ( 'NONE',  ( -1.316356985000000090, 1.199997980000000020, 1.466023690999999740 ) ) ;
#10224 = DIRECTION ( 'NONE',  ( 1.000000000000000000, -0.000000000000000000, 0.000000000000000000 ) ) ;
#10225 = EDGE_CURVE ( 'NONE', #4388, #9630, #5785, .T. ) ;
#10226 = EDGE_CURVE ( 'NONE', #267, #5821, #10042, .T. ) ;
#10227 = CARTESIAN_POINT ( 'NONE',  ( -1.675128436780210395, 1.129327295455298419, -1.170194540545185014 ) ) ;
#10228 = CARTESIAN_POINT ( 'NONE',  ( 0.9747656625581432310, 0.6979924103203174468, 2.308225061707444237 ) ) ;
#10229 = DIRECTION ( 'NONE',  ( 1.000000000000000000, -0.000000000000000000, 0.000000000000000000 ) ) ;
#10230 = EDGE_LOOP ( 'NONE', ( #9758, #5132, #3605, #9179, #2826, #795, #907 ) ) ;
#10231 = CARTESIAN_POINT ( 'NONE',  ( -2.347560704502825057, 0.6548785937551018232, 0.8919591378895310729 ) ) ;
#10232 = VERTEX_POINT ( 'NONE', #4898 ) ;
#10233 = ORIENTED_EDGE ( 'NONE', *, *, #7639, .F. ) ;
#10234 = VERTEX_POINT ( 'NONE', #4072 ) ;
#10235 = PLANE ( 'NONE',  #2658 ) ;
#10236 = EDGE_CURVE ( 'NONE', #7950, #1836, #5278, .T. ) ;
#10237 = CARTESIAN_POINT ( 'NONE',  ( -0.8996733844850736128, 1.200000000000000400, -1.728828156658688942 ) ) ;
#10238 = ADVANCED_FACE ( 'NONE', ( #2420 ), #4955, .F. ) ;
#10239 = CARTESIAN_POINT ( 'NONE',  ( -0.5774307654777491861, 1.199999999999999734, -1.696049925318548368 ) ) ;
#10240 = CARTESIAN_POINT ( 'NONE',  ( 0.9510848846765208586, 0.6906784921183616310, -2.324099677284471088 ) ) ;
#10241 = ORIENTED_EDGE ( 'NONE', *, *, #7271, .T. ) ;
#10242 = CARTESIAN_POINT ( 'NONE',  ( -1.121784027999999989, 1.199999999999999956, -1.554088197000000005 ) ) ;
#10243 = ORIENTED_EDGE ( 'NONE', *, *, #4569, .T. ) ;
#10244 = VECTOR ( 'NONE', #6433, 1000.000000000000000 ) ;
#10245 = CARTESIAN_POINT ( 'NONE',  ( 1.644032238000000090, 1.027071126000000056, 1.337243861000000145 ) ) ;
#10246 = CARTESIAN_POINT ( 'NONE',  ( -1.532177299984151198, 0.6500000000000001332, 1.543715557158531260 ) ) ;
#10247 = ADVANCED_FACE ( 'NONE', ( #3300 ), #675, .T. ) ;
#10248 = CARTESIAN_POINT ( 'NONE',  ( 0.8785042868423997842, 0.6450000000080839957, 2.348438055000000801 ) ) ;
#10249 = DIRECTION ( 'NONE',  ( 0.000000000000000000, -0.000000000000000000, -1.000000000000000000 ) ) ;
#10250 = CARTESIAN_POINT ( 'NONE',  ( -1.750000000000000000, 0.6400000000000001243, -1.750000000000000000 ) ) ;
#10251 = B_SPLINE_CURVE_WITH_KNOTS ( 'NONE', 3,
 ( #2167, #9027, #2222, #1350 ),
 .UNSPECIFIED., .F., .F.,
 ( 4, 4 ),
 ( 0.000000000000000000, 1.000000000000000000 ),
 .UNSPECIFIED. ) ;
#10252 = VECTOR ( 'NONE', #9256, 1000.000000000000000 ) ;
#10253 = CARTESIAN_POINT ( 'NONE',  ( 2.323449407126451760, 0.6910954134701966511, 0.9521213007964528519 ) ) ;
#10254 = CARTESIAN_POINT ( 'NONE',  ( 1.399999999999999911, 0.7999999999999999334, -2.399999999999999911 ) ) ;
#10255 = ORIENTED_EDGE ( 'NONE', *, *, #2661, .T. ) ;
#10256 = CARTESIAN_POINT ( 'NONE',  ( 1.651862976999999955, 1.199999999999999956, 0.9718126009999999981 ) ) ;
#10257 = CARTESIAN_POINT ( 'NONE',  ( -1.290185586000000217, 0.8000000000000000444, -1.879837839000000121 ) ) ;
#10258 = ORIENTED_EDGE ( 'NONE', *, *, #1418, .T. ) ;
#10259 = DIRECTION ( 'NONE',  ( -1.000000000000000000, 0.000000000000000000, -0.000000000000000000 ) ) ;
#10260 = CARTESIAN_POINT ( 'NONE',  ( -0.7250000000000000888, 0.000000000000000000, -1.750000000006250334 ) ) ;
#10261 = CARTESIAN_POINT ( 'NONE',  ( -0.3000000000000000444, 0.1799999999999999933, -0.5000000000000000000 ) ) ;
#10262 = CARTESIAN_POINT ( 'NONE',  ( 0.2999999999601563050, 0.02000000000000001082, 0.5000000000410156353 ) ) ;
#10263 = AXIS2_PLACEMENT_3D ( 'NONE', #1562, #7384, #2381 ) ;
#10264 = ADVANCED_FACE ( 'NONE', ( #6710 ), #7314, .F. ) ;
#10265 = DIRECTION ( 'NONE',  ( 0.000000000000000000, 0.000000000000000000, -1.000000000000000000 ) ) ;
#10266 = DIRECTION ( 'NONE',  ( 0.000000000000000000, 0.000000000000000000, 1.000000000000000000 ) ) ;
#10267 = LINE ( 'NONE', #4288, #6485 ) ;
#10268 = CARTESIAN_POINT ( 'NONE',  ( 0.9160371325600003001, 1.127841366539999779, 1.827544845979999444 ) ) ;
#10269 = DIRECTION ( 'NONE',  ( -0.000000000000000000, -0.000000000000000000, -1.000000000000000000 ) ) ;
#10270 = CARTESIAN_POINT ( 'NONE',  ( -1.984643122065690379, 0.8000000000000000444, -2.399999999999999911 ) ) ;
#10271 = ORIENTED_EDGE ( 'NONE', *, *, #521, .T. ) ;
#10272 = DIRECTION ( 'NONE',  ( -1.000000000000000000, 0.000000000000000000, -0.000000000000000000 ) ) ;
#10273 = PLANE ( 'NONE',  #5909 ) ;
#10274 = CARTESIAN_POINT ( 'NONE',  ( -0.9297089398203728372, 0.6799899665086795997, -2.335894917466178278 ) ) ;
#10275 = CARTESIAN_POINT ( 'NONE',  ( -0.5999999999999999778, 0.5714601836626596043, 2.449999999999999289 ) ) ;
#10276 = VERTEX_POINT ( 'NONE', #10763 ) ;
#10277 = CARTESIAN_POINT ( 'NONE',  ( -1.523466904456600046, 1.128722127879000059, 1.367964898572200383 ) ) ;
#10278 = DIRECTION ( 'NONE',  ( 0.000000000000000000, 0.000000000000000000, -1.000000000000000000 ) ) ;
#10279 = B_SPLINE_CURVE_WITH_KNOTS ( 'NONE', 3,
 ( #6931, #7804, #1063, #9393 ),
 .UNSPECIFIED., .F., .F.,
 ( 4, 4 ),
 ( 3.647232703024066893E-05, 1.000000000000000000 ),
 .UNSPECIFIED. ) ;
#10280 = FACE_OUTER_BOUND ( 'NONE', #89, .T. ) ;
#10281 = B_SPLINE_CURVE_WITH_KNOTS ( 'NONE', 3,
 ( #8099, #466, #7163, #580, #10503, #5514, #520, #3916, #8856, #1342 ),
 .UNSPECIFIED., .F., .F.,
 ( 4, 2, 2, 2, 4 ),
 ( 0.000000000000000000, 0.1250000000000000278, 0.2500000000000000000, 0.3750000000000000000, 0.5000000000000000000 ),
 .UNSPECIFIED. ) ;
#10282 = DIRECTION ( 'NONE',  ( 1.000000000000000000, 0.000000000000000000, -0.000000000000000000 ) ) ;
#10283 = CARTESIAN_POINT ( 'NONE',  ( -0.8785042867708648950, 0.6449999999745574808, -2.348438055000000801 ) ) ;
#10284 = VERTEX_POINT ( 'NONE', #5620 ) ;
#10285 = ADVANCED_FACE ( 'NONE', ( #10654 ), #5730, .T. ) ;
#10286 = CARTESIAN_POINT ( 'NONE',  ( 1.580536851824627664, 0.8236714914184388725, -1.580520823591599733 ) ) ;
#10287 = ORIENTED_EDGE ( 'NONE', *, *, #10762, .T. ) ;
#10288 = ORIENTED_EDGE ( 'NONE', *, *, #192, .F. ) ;
#10289 = CARTESIAN_POINT ( 'NONE',  ( -2.296212748401287186E-18, 0.3500000000078384854, -2.449999999999999734 ) ) ;
#10290 = AXIS2_PLACEMENT_3D ( 'NONE', #6712, #5898, #1715 ) ;
#10291 = CARTESIAN_POINT ( 'NONE',  ( -0.1500000000000000222, 0.1252217689999999828, -2.319846055999999379 ) ) ;
#10292 = PLANE ( 'NONE',  #8719 ) ;
#10293 = FACE_OUTER_BOUND ( 'NONE', #9052, .T. ) ;
#10294 = VECTOR ( 'NONE', #3970, 1000.000000000000000 ) ;
#10295 = EDGE_CURVE ( 'NONE', #4232, #5320, #8406, .T. ) ;
#10296 = LINE ( 'NONE', #4889, #10636 ) ;
#10297 = EDGE_CURVE ( 'NONE', #4360, #4032, #6764, .T. ) ;
#10298 = ORIENTED_EDGE ( 'NONE', *, *, #1110, .F. ) ;
#10299 = CARTESIAN_POINT ( 'NONE',  ( -1.368146160858300320, 1.128289190318500168, -1.523668944684900106 ) ) ;
#10300 = ORIENTED_EDGE ( 'NONE', *, *, #309, .F. ) ;
#10301 = CARTESIAN_POINT ( 'NONE',  ( 1.035724203999999649, 0.9249010410000000348, 1.907778916000000935 ) ) ;
#10302 = FACE_OUTER_BOUND ( 'NONE', #3303, .T. ) ;
#10303 = CARTESIAN_POINT ( 'NONE',  ( 0.7250000001666667693, 0.000000000000000000, -1.750000000000000000 ) ) ;
#10304 = VECTOR ( 'NONE', #6859, 1000.000000000000000 ) ;
#10305 = CARTESIAN_POINT ( 'NONE',  ( -1.000000000000598410, 1.500000000000000000, -2.000000000001195488 ) ) ;
#10306 = FACE_OUTER_BOUND ( 'NONE', #3253, .T. ) ;
#10307 = CARTESIAN_POINT ( 'NONE',  ( 0.000000000000000000, 0.7000000000000000666, 0.000000000000000000 ) ) ;
#10308 = DIRECTION ( 'NONE',  ( 1.000000000000000000, -0.000000000000000000, 0.000000000000000000 ) ) ;
#10309 = ORIENTED_EDGE ( 'NONE', *, *, #6732, .T. ) ;
#10310 = EDGE_CURVE ( 'NONE', #3710, #6444, #3407, .T. ) ;
#10311 = CARTESIAN_POINT ( 'NONE',  ( 1.816294115119999830, 1.127456848260000255, 0.9391117000799998893 ) ) ;
#10312 = CARTESIAN_POINT ( 'NONE',  ( -1.180669058999999965, 0.8236601709999999965, -1.899544121000000141 ) ) ;
#10313 = ORIENTED_EDGE ( 'NONE', *, *, #10109, .T. ) ;
#10314 = VECTOR ( 'NONE', #9984, 1000.000000000000000 ) ;
#10315 = DIRECTION ( 'NONE',  ( 7.228014483236697541E-16, 1.000000000000000000, 0.000000000000000000 ) ) ;
#10316 = CARTESIAN_POINT ( 'NONE',  ( -2.320253906541926092, 0.6930198928165077765, -0.9571354418501305528 ) ) ;
#10317 = CARTESIAN_POINT ( 'NONE',  ( -2.348438055000000801, 2.985561945000001938, 0.000000000000000000 ) ) ;
#10318 = LINE ( 'NONE', #6163, #6290 ) ;
#10319 = CARTESIAN_POINT ( 'NONE',  ( 2.293438055042121171, 0.7000000000000003997, -0.9950587358496295609 ) ) ;
#10320 = CIRCLE ( 'NONE', #8740, 0.2999999999999999334 ) ;
#10321 = DIRECTION ( 'NONE',  ( 0.000000000000000000, 0.3322574898012576328, -0.9431887194358121729 ) ) ;
#10322 = EDGE_CURVE ( 'NONE', #5863, #8930, #3521, .T. ) ;
#10323 = CARTESIAN_POINT ( 'NONE',  ( 1.037693789999999616, 1.199999999999999956, 1.612086498000000923 ) ) ;
#10324 = CARTESIAN_POINT ( 'NONE',  ( 0.3000000000144261159, 0.3500000000078385964, -2.449999999999999734 ) ) ;
#10325 = CARTESIAN_POINT ( 'NONE',  ( 1.984642722779335955, 0.8000000000930004296, 1.117129161365465251 ) ) ;
#10326 = EDGE_LOOP ( 'NONE', ( #848, #9885, #5001, #2102, #9201, #8728, #1153 ) ) ;
#10327 = CARTESIAN_POINT ( 'NONE',  ( 0.9644410570000006011, 1.128834786999999729, -1.802129815999999884 ) ) ;
#10328 = CARTESIAN_POINT ( 'NONE',  ( -1.348209125674968423, 0.8235790300060780167, 1.782802893379172859 ) ) ;
#10329 = VECTOR ( 'NONE', #3681, 1000.000000000000000 ) ;
#10330 = CARTESIAN_POINT ( 'NONE',  ( -0.9324629909346588974, 0.6815451190806618431, -2.334546750261797143 ) ) ;
#10331 = DIRECTION ( 'NONE',  ( 0.000000000000000000, 1.000000000000000000, 0.000000000000000000 ) ) ;
#10332 = ORIENTED_EDGE ( 'NONE', *, *, #4923, .T. ) ;
#10333 = CARTESIAN_POINT ( 'NONE',  ( -1.196269710526000063, 1.128925544090199962, 1.657632826135100101 ) ) ;
#10334 = FACE_OUTER_BOUND ( 'NONE', #5628, .T. ) ;
#10335 = CARTESIAN_POINT ( 'NONE',  ( -1.000000000000000000, 0.7000000000000000666, -2.250000000047644111 ) ) ;
#10336 = AXIS2_PLACEMENT_3D ( 'NONE', #5332, #7087, #292 ) ;
#10337 = EDGE_CURVE ( 'NONE', #7606, #9273, #2160, .T. ) ;
#10338 = CARTESIAN_POINT ( 'NONE',  ( 0.9812253326909683437, 0.6990553517295783337, 2.303587880091676254 ) ) ;
#10339 = CARTESIAN_POINT ( 'NONE',  ( -0.9233426728174769504, 1.120780689171554600, 1.828619837052283703 ) ) ;
#10340 = ORIENTED_EDGE ( 'NONE', *, *, #10852, .T. ) ;
#10341 = CARTESIAN_POINT ( 'NONE',  ( 1.180622455034394003, 0.8238327100604453390, -1.899447562253398614 ) ) ;
#10342 = ORIENTED_EDGE ( 'NONE', *, *, #930, .F. ) ;
#10343 = ORIENTED_EDGE ( 'NONE', *, *, #7382, .F. ) ;
#10344 = AXIS2_PLACEMENT_3D ( 'NONE', #5169, #289, #1976 ) ;
#10345 = CARTESIAN_POINT ( 'NONE',  ( -2.100000000000000089, 0.000000000000000000, 2.100000000000000089 ) ) ;
#10346 = DIRECTION ( 'NONE',  ( 0.000000000000000000, 1.000000000000000000, 0.000000000000000000 ) ) ;
#10347 = VECTOR ( 'NONE', #6549, 1000.000000000000000 ) ;
#10348 = CARTESIAN_POINT ( 'NONE',  ( 0.000000000000000000, 0.6500000000000001332, 0.000000000000000000 ) ) ;
#10349 = DIRECTION ( 'NONE',  ( 0.000000000000000000, 0.000000000000000000, 1.000000000000000000 ) ) ;
#10350 = VERTEX_POINT ( 'NONE', #5950 ) ;
#10351 = CARTESIAN_POINT ( 'NONE',  ( -1.060072944830500852, 1.127772254065599666, -1.748407501647999629 ) ) ;
#10352 = VERTEX_POINT ( 'NONE', #10100 ) ;
#10353 = CARTESIAN_POINT ( 'NONE',  ( 1.158921654999999662, 1.027568332999999834, 1.771521287999999528 ) ) ;
#10354 = FACE_OUTER_BOUND ( 'NONE', #3790, .T. ) ;
#10355 = VECTOR ( 'NONE', #7891, 1000.000000000000000 ) ;
#10356 = CARTESIAN_POINT ( 'NONE',  ( 0.6000000000000000888, 0.6500000000000001332, -2.250000000000001776 ) ) ;
#10357 = VECTOR ( 'NONE', #758, 1000.000000000000000 ) ;
#10358 = CARTESIAN_POINT ( 'NONE',  ( 1.108675553350824128, 0.8130778585862702412, 1.948244358377540619 ) ) ;
#10359 = ADVANCED_FACE ( 'NONE', ( #240 ), #2589, .F. ) ;
#10360 = CARTESIAN_POINT ( 'NONE',  ( 0.9551183869999999576, 0.7005098490000000178, -2.323310238000000361 ) ) ;
#10361 = ADVANCED_FACE ( 'NONE', ( #1926 ), #1112, .F. ) ;
#10362 = DIRECTION ( 'NONE',  ( -1.000000000000000000, -0.000000000000000000, -0.000000000000000000 ) ) ;
#10363 = DIRECTION ( 'NONE',  ( 0.000000000000000000, -1.000000000000000000, 0.000000000000000000 ) ) ;
#10364 = ORIENTED_EDGE ( 'NONE', *, *, #5404, .F. ) ;
#10365 = B_SPLINE_SURFACE_WITH_KNOTS ( 'NONE', 3, 3, ( 
 ( #3145, #3857, #6345, #4638, #9724, #4747, #7267, #3036, #8198, #6446 ),
 ( #9775, #9835, #4689, #464, #10501, #8964, #9673, #4799, #1288, #8145 ),
 ( #628, #7323, #6394, #2211, #8907, #4025, #2326, #7379, #2156, #5512 ),
 ( #8097, #1339, #7216, #5686, #9014, #1395, #10723, #3914, #8039, #6286 ),
 ( #10611, #1504, #4853, #3090, #8800, #4909, #4249, #4083, #10052, #5127 ),
 ( #10000, #8362, #9289, #3367, #2494, #8471, #4301, #6610, #742, #1669 ),
 ( #2376, #7431, #796, #1777, #959, #849, #9942, #4190, #2432, #10774 ),
 ( #4137, #6774, #1723, #7598, #5855, #5017, #5907, #6720, #3254, #3418 ),
 ( #8253, #5796, #2544, #9127, #9236, #9068, #5070, #10110, #8417, #909 ),
 ( #6666, #9181, #7650, #83, #3201, #1616, #4965, #7483, #10827, #6558 ),
 ( #7540, #8310, #3312, #2599, #30, #5959, #9887, #5740, #1558, #3473 ),
 ( #5292, #10277, #1831, #1171, #1013, #6991, #2038, #2710, #6937, #8633 ),
 ( #300, #2762, #5390, #1225, #3530, #8525, #9455, #1121, #10167, #4353 ),
 ( #6223, #8734, #4463, #6885, #7810, #10223, #7707, #196, #1070, #3689 ),
 ( #4519, #6122, #1936, #2814, #3635, #6065, #9400, #1881, #6176, #4573 ),
 ( #1987, #10386, #10333, #138, #249, #9508, #5234, #5339, #9554, #8577 ),
 ( #8681, #7861, #7048, #354, #4414, #2866, #7761, #6830, #5181, #2656 ),
 ( #3581, #6013, #9348, #1383, #7257, #5673, #564, #5450, #4733, #8841 ),
 ( #5503, #6274, #8790, #1439, #2146, #4628, #9605, #505, #6385, #8896 ),
 ( #9822, #8082, #7971, #3903, #2091, #9764, #1278, #3845, #455, #1328 ),
 ( #9663, #3078, #3793, #6435, #7149, #10547, #10600, #10488, #2970, #9713 ),
 ( #2254, #6329, #4679, #8026, #5617, #2311, #2201, #8951, #7309, #4787 ),
 ( #7203, #5558, #3026, #8133, #3132, #617, #3955, #10650, #6488, #9003 ),
 ( #1490, #7920, #407, #3741, #7096, #10436, #2913, #3297, #4952, #3188 ),
 ( #9168, #780, #1709, #15, #5728, #8185, #671, #4011, #9058, #6707 ) ),
 .UNSPECIFIED., .F., .F., .F.,
 ( 4, 3, 3, 3, 3, 3, 3, 3, 4 ),
 ( 4, 3, 3, 4 ),
 ( 0.003065304134767591216, 0.003142210613589301212, 0.003219442662379441104, 0.003373906759959700505, 0.003682834955120230583, 0.003991763150280771069, 0.004146227247861030904, 0.004223459296651170362, 0.004300365788434570673 ),
 ( -0.009407897908679541468, 0.0006848153489792391376, 0.9999633557112347360, 1.009956141114857209 ),
 .UNSPECIFIED. ) ;
#10366 = CARTESIAN_POINT ( 'NONE',  ( 1.803155140000000101, 1.172051404000000296, 0.9038743710000004539 ) ) ;
#10367 = CARTESIAN_POINT ( 'NONE',  ( -1.962672252439455090, 0.8000000000000000444, 1.112229684583338374 ) ) ;
#10368 = ORIENTED_EDGE ( 'NONE', *, *, #8100, .T. ) ;
#10369 = AXIS2_PLACEMENT_3D ( 'NONE', #8431, #1791, #921 ) ;
#10370 = DIRECTION ( 'NONE',  ( -0.000000000000000000, -1.000000000000000000, -0.000000000000000000 ) ) ;
#10371 = CARTESIAN_POINT ( 'NONE',  ( -2.317412845166052726, 0.6945162477838167092, -0.9614604334361352977 ) ) ;
#10372 = CARTESIAN_POINT ( 'NONE',  ( 2.099999999997436362, 1.423015351387224570E-16, 2.299999999999999822 ) ) ;
#10373 = DIRECTION ( 'NONE',  ( 0.000000000000000000, 0.3322574923113522649, -0.9431887185515800409 ) ) ;
#10374 = LINE ( 'NONE', #7084, #4550 ) ;
#10375 = EDGE_CURVE ( 'NONE', #4388, #7304, #3572, .T. ) ;
#10376 = VECTOR ( 'NONE', #10272, 1000.000000000000000 ) ;
#10377 = DIRECTION ( 'NONE',  ( 0.000000000000000000, 0.000000000000000000, 1.000000000000000000 ) ) ;
#10378 = CARTESIAN_POINT ( 'NONE',  ( 1.106623667849999881, 1.128760050789999969, 1.719586534259999855 ) ) ;
#10379 = CARTESIAN_POINT ( 'NONE',  ( -1.600000000000000089, 0.4000000000000000222, -2.405681128000001667 ) ) ;
#10380 = CARTESIAN_POINT ( 'NONE',  ( 2.293438055000000197, 0.7007647740000000347, 0.9950587360000001658 ) ) ;
#10381 = EDGE_LOOP ( 'NONE', ( #5519, #10088, #6234, #9487, #5581, #6393 ) ) ;
#10382 = CARTESIAN_POINT ( 'NONE',  ( 1.117129161047307750, 0.8000000000929931021, -1.984642723021972088 ) ) ;
#10383 = PLANE ( 'NONE',  #2007 ) ;
#10384 = CARTESIAN_POINT ( 'NONE',  ( -0.9370520115611404854, 0.6840336162709723666, -2.332185658807337969 ) ) ;
#10385 = CARTESIAN_POINT ( 'NONE',  ( -2.299999999999999822, 0.000000000000000000, 2.100000000000000089 ) ) ;
#10386 = CARTESIAN_POINT ( 'NONE',  ( -1.196427869052000048, 1.128491352180400531, 1.657852564270200002 ) ) ;
#10387 = CARTESIAN_POINT ( 'NONE',  ( -1.000000000000000000, 0.8000000000000000444, 2.399999999999999911 ) ) ;
#10388 = ADVANCED_FACE ( 'NONE', ( #7752 ), #6927, .F. ) ;
#10389 = CARTESIAN_POINT ( 'NONE',  ( 0.9591012471905041581, 0.6937148313736622995, 2.318969706028393585 ) ) ;
#10390 = CARTESIAN_POINT ( 'NONE',  ( -0.9223949678626668369, 1.128615992765403364, 1.823793474728486519 ) ) ;
#10391 = ORIENTED_EDGE ( 'NONE', *, *, #754, .T. ) ;
#10392 = CARTESIAN_POINT ( 'NONE',  ( 1.637724146687200344, 1.200000041147400109, -0.9932464051063997212 ) ) ;
#10393 = CARTESIAN_POINT ( 'NONE',  ( 1.363649834999999921, 0.8000000000000000444, -1.803241963000000947 ) ) ;
#10394 = ORIENTED_EDGE ( 'NONE', *, *, #9557, .F. ) ;
#10395 = ORIENTED_EDGE ( 'NONE', *, *, #955, .T. ) ;
#10396 = CARTESIAN_POINT ( 'NONE',  ( -0.1358116807230452250, 0.2714893462560730719, -2.449999999999999734 ) ) ;
#10397 = CARTESIAN_POINT ( 'NONE',  ( -1.490917065469011815, 0.8000000000000000444, -1.770318205276998125 ) ) ;
#10398 = EDGE_CURVE ( 'NONE', #10276, #5285, #205, .T. ) ;
#10399 = CYLINDRICAL_SURFACE ( 'NONE', #7675, 0.1999999999999996503 ) ;
#10400 = CARTESIAN_POINT ( 'NONE',  ( 2.099999999994873079, 0.06677425075049829573, 2.394318871852651132 ) ) ;
#10401 = CARTESIAN_POINT ( 'NONE',  ( 0.7308058585772806426, 1.099999999999999867, 0.9665492394116328434 ) ) ;
#10402 = ORIENTED_EDGE ( 'NONE', *, *, #2400, .F. ) ;
#10403 = CARTESIAN_POINT ( 'NONE',  ( -0.9974854899999999747, 1.199997961000000224, -1.695697846000000064 ) ) ;
#10404 = ORIENTED_EDGE ( 'NONE', *, *, #1391, .T. ) ;
#10405 = ORIENTED_EDGE ( 'NONE', *, *, #5874, .T. ) ;
#10406 = CARTESIAN_POINT ( 'NONE',  ( 0.9052386860000000146, 1.131981452999999860, 1.830075815000000050 ) ) ;
#10407 = CARTESIAN_POINT ( 'NONE',  ( -0.7250000000000000888, 0.000000000000000000, -1.350000000000000089 ) ) ;
#10408 = CARTESIAN_POINT ( 'NONE',  ( 0.9269563181057911549, 1.199999999998400790, 1.677118698756110193 ) ) ;
#10409 = CARTESIAN_POINT ( 'NONE',  ( 1.112242087159011739, 0.8000000000000000444, 1.962677693614231167 ) ) ;
#10410 = LINE ( 'NONE', #3663, #8036 ) ;
#10411 = CARTESIAN_POINT ( 'NONE',  ( 2.301302466175054295, 0.6994390743896913287, 0.9843722120900595396 ) ) ;
#10412 = DIRECTION ( 'NONE',  ( -0.000000000000000000, -1.000000000000000000, -0.000000000000000000 ) ) ;
#10413 = ORIENTED_EDGE ( 'NONE', *, *, #10829, .T. ) ;
#10414 = CARTESIAN_POINT ( 'NONE',  ( 1.688568454884800341, 1.200000041308999954, 0.9039945384621997926 ) ) ;
#10415 = CARTESIAN_POINT ( 'NONE',  ( 1.868922332000000797, 1.028454669999999904, -0.9704730320000001242 ) ) ;
#10416 = EDGE_LOOP ( 'NONE', ( #6773, #6342, #585, #1022 ) ) ;
#10417 = EDGE_CURVE ( 'NONE', #1359, #8611, #9224, .T. ) ;
#10418 = CARTESIAN_POINT ( 'NONE',  ( -2.294589220911555483, 0.6999999999947900120, -0.9935056903889567526 ) ) ;
#10419 = DIRECTION ( 'NONE',  ( 1.445602896647338522E-15, 0.000000000000000000, 1.000000000000000000 ) ) ;
#10420 = DIRECTION ( 'NONE',  ( 0.000000000000000000, 1.000000000000000000, -0.000000000000000000 ) ) ;
#10421 = CARTESIAN_POINT ( 'NONE',  ( 2.309526112427990885, 0.6975944332433933193, -0.9729208972625317253 ) ) ;
#10422 = VECTOR ( 'NONE', #9569, 1000.000000000000000 ) ;
#10423 = DIRECTION ( 'NONE',  ( 0.000000000000000000, 0.000000000000000000, 1.000000000000000000 ) ) ;
#10424 = CARTESIAN_POINT ( 'NONE',  ( 1.036241049000000025, 1.129023737999999888, 1.761889223000000726 ) ) ;
#10425 = CARTESIAN_POINT ( 'NONE',  ( -0.8991326939681097974, 1.199998768334497923, 1.726622411401790957 ) ) ;
#10426 = CARTESIAN_POINT ( 'NONE',  ( 0.7250000000000000888, 0.1799999999999999933, -0.5000000000000000000 ) ) ;
#10427 = ORIENTED_EDGE ( 'NONE', *, *, #3104, .F. ) ;
#10428 = ADVANCED_FACE ( 'NONE', ( #9339 ), #2830, .T. ) ;
#10429 = DIRECTION ( 'NONE',  ( 0.000000000000000000, -1.000000000000000000, 0.000000000000000000 ) ) ;
#10430 = CIRCLE ( 'NONE', #5715, 0.1499999999999999667 ) ;
#10431 = DIRECTION ( 'NONE',  ( -1.000000000000000000, 0.000000000000000000, 0.000000000000000000 ) ) ;
#10432 = EDGE_CURVE ( 'NONE', #6454, #5388, #9585, .T. ) ;
#10433 = ORIENTED_EDGE ( 'NONE', *, *, #6369, .T. ) ;
#10434 = CARTESIAN_POINT ( 'NONE',  ( -0.9177647326851021692, 0.6726793499576396718, -2.340965453266199869 ) ) ;
#10435 = CARTESIAN_POINT ( 'NONE',  ( 1.937835206861480364, 0.8324370142996269095, -1.102131820194691691 ) ) ;
#10436 = CARTESIAN_POINT ( 'NONE',  ( -0.9045584920000000473, 1.199997938000000097, 1.747050862000000038 ) ) ;
#10437 = CARTESIAN_POINT ( 'NONE',  ( -0.8803457920044772678, 0.6463649810235818638, 2.348438054999979485 ) ) ;
#10438 = ADVANCED_FACE ( 'NONE', ( #2019 ), #9641, .T. ) ;
#10439 = CARTESIAN_POINT ( 'NONE',  ( 0.9517448976632892910, 0.6909528352903291371, 2.323690503289947529 ) ) ;
#10440 = CARTESIAN_POINT ( 'NONE',  ( -0.8785042870000000503, 0.6450000000000001288, -2.349202828999999326 ) ) ;
#10441 = ORIENTED_EDGE ( 'NONE', *, *, #5891, .F. ) ;
#10442 = CARTESIAN_POINT ( 'NONE',  ( 1.523662943490000421, 1.128302049850000266, -1.368140776830000460 ) ) ;
#10443 = CARTESIAN_POINT ( 'NONE',  ( 1.524980047999999977, 0.8000000000000000444, -1.672334731000000074 ) ) ;
#10444 = ADVANCED_FACE ( 'NONE', ( #4609 ), #5465, .F. ) ;
#10445 = VERTEX_POINT ( 'NONE', #8225 ) ;
#10446 = VERTEX_POINT ( 'NONE', #657 ) ;
#10447 = CARTESIAN_POINT ( 'NONE',  ( 2.349999999999999645, 0.3500000000000000333, -1.250000000000000000 ) ) ;
#10448 = CARTESIAN_POINT ( 'NONE',  ( 0.6226031613991427349, 1.199999999999999734, -1.696050013136744417 ) ) ;
#10449 = B_SPLINE_SURFACE_WITH_KNOTS ( 'NONE', 3, 3, ( 
 ( #1670, #4759, #2168, #588, #5525, #7173, #10514 ),
 ( #5018, #8363, #6299, #8920, #1407, #9632, #2118 ),
 ( #8865, #4702, #8811, #3872, #1298, #6406, #7279 ),
 ( #7541, #139, #5182, #3419, #8526, #2763, #6775 ) ),
 .UNSPECIFIED., .F., .F., .F.,
 ( 4, 4 ),
 ( 4, 3, 4 ),
 ( 0.000000000000000000, 1.000000000000000000 ),
 ( -0.06998188661757848150, 0.000000000000000000, 1.000000000000000000 ),
 .UNSPECIFIED. ) ;
#10450 = CARTESIAN_POINT ( 'NONE',  ( 1.514783711877111028, 1.129570543718020126, 1.372270759477768332 ) ) ;
#10451 = DIRECTION ( 'NONE',  ( 0.000000000000000000, -1.000000000000000000, 0.000000000000000000 ) ) ;
#10452 = ADVANCED_FACE ( 'NONE', ( #7509 ), #3389, .F. ) ;
#10453 = B_SPLINE_CURVE_WITH_KNOTS ( 'NONE', 3,
 ( #9657, #1321, #3838, #3947 ),
 .UNSPECIFIED., .F., .F.,
 ( 4, 4 ),
 ( 0.000000000000000000, 1.000000000000000000 ),
 .UNSPECIFIED. ) ;
#10454 = ORIENTED_EDGE ( 'NONE', *, *, #1442, .F. ) ;
#10455 = CARTESIAN_POINT ( 'NONE',  ( -1.354376300059999982, 1.200000060600000085, -1.354339370579999757 ) ) ;
#10456 = ORIENTED_EDGE ( 'NONE', *, *, #7750, .T. ) ;
#10457 = VERTEX_POINT ( 'NONE', #1639 ) ;
#10458 = CARTESIAN_POINT ( 'NONE',  ( 1.725236905999999903, 0.8210983760000001297, 1.438095102999999986 ) ) ;
#10459 = LINE ( 'NONE', #9684, #4013 ) ;
#10460 = LINE ( 'NONE', #3568, #220 ) ;
#10461 = CARTESIAN_POINT ( 'NONE',  ( -0.9608144525735982100, 0.6500000000000001332, 2.295911158093425275 ) ) ;
#10462 = CARTESIAN_POINT ( 'NONE',  ( -1.035724132999999769, 0.9249010410000000348, 1.907778954000000082 ) ) ;
#10463 = CARTESIAN_POINT ( 'NONE',  ( -1.399999999861728295, 0.8000000000000000444, 2.399999999999999911 ) ) ;
#10464 = VECTOR ( 'NONE', #3302, 1000.000000000000000 ) ;
#10465 = CARTESIAN_POINT ( 'NONE',  ( 2.314391275257462244, 0.6958569241693809415, 0.9659237641080150594 ) ) ;
#10466 = CARTESIAN_POINT ( 'NONE',  ( 1.006999439999999746, 0.7000000000000005107, -2.293438055148598220 ) ) ;
#10467 = ORIENTED_EDGE ( 'NONE', *, *, #10519, .T. ) ;
#10468 = CARTESIAN_POINT ( 'NONE',  ( 1.827784035470000346, 1.127407937870000154, 0.9161562228400000896 ) ) ;
#10469 = EDGE_CURVE ( 'NONE', #8106, #6467, #10802, .T. ) ;
#10470 = CARTESIAN_POINT ( 'NONE',  ( 0.000000000000000000, 0.6500000000000001332, 0.000000000000000000 ) ) ;
#10471 = ORIENTED_EDGE ( 'NONE', *, *, #6472, .F. ) ;
#10472 = CARTESIAN_POINT ( 'NONE',  ( 0.9327579243525810915, 1.102651775988117144, -1.836502507236611681 ) ) ;
#10473 = DIRECTION ( 'NONE',  ( 0.000000000000000000, 1.000000000000000000, -0.000000000000000000 ) ) ;
#10474 = VECTOR ( 'NONE', #4027, 1000.000000000000114 ) ;
#10475 = LINE ( 'NONE', #1106, #7336 ) ;
#10476 = CARTESIAN_POINT ( 'NONE',  ( -0.1535976663270927356, 1.100000000000000311, 1.200194990609106727 ) ) ;
#10477 = B_SPLINE_CURVE_WITH_KNOTS ( 'NONE', 3,
 ( #7838, #9531, #6253, #9582, #1964, #8056, #3002, #5481, #7022, #8711 ),
 .UNSPECIFIED., .F., .F.,
 ( 4, 2, 2, 2, 4 ),
 ( 0.000000000000000000, 0.1250000000000000278, 0.2500000000000000000, 0.3749999999999999445, 0.5000000000000000000 ),
 .UNSPECIFIED. ) ;
#10478 = CARTESIAN_POINT ( 'NONE',  ( -0.6000000000000000888, 0.09018804800000004840, -1.920188048000000203 ) ) ;
#10479 = CIRCLE ( 'NONE', #5400, 1.100000000000000089 ) ;
#10480 = CARTESIAN_POINT ( 'NONE',  ( 0.9992736620000001180, 1.172168144000000245, 1.752361467999999922 ) ) ;
#10481 = CARTESIAN_POINT ( 'NONE',  ( 2.449999999999999734, 0.04999999999999997502, -0.5000000000000000000 ) ) ;
#10482 = CARTESIAN_POINT ( 'NONE',  ( 0.8890463380000004356, 0.6450000000291824520, 2.348438054999999913 ) ) ;
#10483 = EDGE_LOOP ( 'NONE', ( #415, #5446, #2907, #5640, #554, #3797 ) ) ;
#10484 = FACE_OUTER_BOUND ( 'NONE', #4024, .T. ) ;
#10485 = CARTESIAN_POINT ( 'NONE',  ( -1.266176756106975221, 0.8235179468172532102, 1.844821954749255699 ) ) ;
#10486 = ORIENTED_EDGE ( 'NONE', *, *, #6072, .F. ) ;
#10487 = CARTESIAN_POINT ( 'NONE',  ( -0.8845787765701125238, 0.6494861163530970538, -2.348254792955358994 ) ) ;
#10488 = CARTESIAN_POINT ( 'NONE',  ( -0.9492845038199999586, 1.200000020409999868, 1.664264668489999988 ) ) ;
#10489 = CARTESIAN_POINT ( 'NONE',  ( 0.9223949866034328871, 1.128615981232784726, 1.823793471519853382 ) ) ;
#10490 = VECTOR ( 'NONE', #7365, 1000.000000000000000 ) ;
#10491 = EDGE_CURVE ( 'NONE', #2114, #8650, #4937, .T. ) ;
#10492 = EDGE_CURVE ( 'NONE', #7373, #5375, #2403, .T. ) ;
#10493 = CARTESIAN_POINT ( 'NONE',  ( 0.8855008613473741574, 0.6501641823226977923, 2.348199301093714109 ) ) ;
#10494 = CARTESIAN_POINT ( 'NONE',  ( 2.099999999980765697, 0.000000000000000000, -2.299999999999999822 ) ) ;
#10495 = ORIENTED_EDGE ( 'NONE', *, *, #1147, .T. ) ;
#10496 = CIRCLE ( 'NONE', #513, 0.04999999999999969746 ) ;
#10497 = CARTESIAN_POINT ( 'NONE',  ( 1.282535790999999925, 1.199999999999999956, -1.428323517999999792 ) ) ;
#10498 = CARTESIAN_POINT ( 'NONE',  ( 1.507762634999999740, 0.8235000550000000086, -1.653447311000000974 ) ) ;
#10499 = ORIENTED_EDGE ( 'NONE', *, *, #5737, .T. ) ;
#10500 = ORIENTED_EDGE ( 'NONE', *, *, #3040, .T. ) ;
#10501 = CARTESIAN_POINT ( 'NONE',  ( -1.791954317999999713, 1.171877378000000025, 0.9269654040000000483 ) ) ;
#10502 = DIRECTION ( 'NONE',  ( -0.000000000000000000, -1.000000000000000000, 0.000000000000000000 ) ) ;
#10503 = CARTESIAN_POINT ( 'NONE',  ( -0.8796335266379984308, 1.100000000000000089, 0.6760013919724064957 ) ) ;
#10504 = VECTOR ( 'NONE', #8656, 1000.000000000000000 ) ;
#10505 = EDGE_CURVE ( 'NONE', #4726, #1929, #10745, .T. ) ;
#10506 = DIRECTION ( 'NONE',  ( 0.000000000000000000, 0.000000000000000000, -1.000000000000000000 ) ) ;
#10507 = CARTESIAN_POINT ( 'NONE',  ( 0.1500000000000000222, 0.09162702700000002753, 2.307759939999999954 ) ) ;
#10508 = ORIENTED_EDGE ( 'NONE', *, *, #4443, .T. ) ;
#10509 = AXIS2_PLACEMENT_3D ( 'NONE', #3110, #8062, #7184 ) ;
#10510 = CARTESIAN_POINT ( 'NONE',  ( -1.503095656000000169, 1.172453096000000139, -1.349614607000000133 ) ) ;
#10511 = ORIENTED_EDGE ( 'NONE', *, *, #7833, .T. ) ;
#10512 = ORIENTED_EDGE ( 'NONE', *, *, #5987, .F. ) ;
#10513 = LINE ( 'NONE', #6456, #3875 ) ;
#10514 = CARTESIAN_POINT ( 'NONE',  ( 0.1493274900000000349, 0.09018804800000002064, 2.299999999999999822 ) ) ;
#10515 = DIRECTION ( 'NONE',  ( 1.000000000000000000, -0.000000000000000000, 0.000000000000000000 ) ) ;
#10516 = CARTESIAN_POINT ( 'NONE',  ( 1.399999999999999911, 0.7000000000000000666, 2.174999999999999822 ) ) ;
#10517 = CARTESIAN_POINT ( 'NONE',  ( -1.100711902000000020, 1.131580398999999959, 1.733002442999999948 ) ) ;
#10518 = CARTESIAN_POINT ( 'NONE',  ( 0.9184499900000000494, 0.6750097260000001986, -2.349202828999999326 ) ) ;
#10519 = EDGE_CURVE ( 'NONE', #1458, #870, #6498, .T. ) ;
#10520 = VECTOR ( 'NONE', #10363, 1000.000000000000000 ) ;
#10521 = CARTESIAN_POINT ( 'NONE',  ( 2.311207404826497669, 0.6970682417642589668, 0.9705326236264916195 ) ) ;
#10522 = CARTESIAN_POINT ( 'NONE',  ( -2.299999999999999822, 0.6500000000000001332, 1.249999999999999778 ) ) ;
#10523 = VERTEX_POINT ( 'NONE', #4881 ) ;
#10524 = CARTESIAN_POINT ( 'NONE',  ( 1.951467994939614536, 0.8235466347716920987, 1.089653970202482558 ) ) ;
#10525 = FACE_OUTER_BOUND ( 'NONE', #3657, .T. ) ;
#10526 = ORIENTED_EDGE ( 'NONE', *, *, #1740, .T. ) ;
#10527 = CARTESIAN_POINT ( 'NONE',  ( -2.348692979999999597, 0.6747346400000006073, 0.9184392820000000235 ) ) ;
#10528 = CARTESIAN_POINT ( 'NONE',  ( -2.334087622380702776, 0.6820551404853884003, 0.9333808732518374951 ) ) ;
#10529 = AXIS2_PLACEMENT_3D ( 'NONE', #8188, #4179, #1605 ) ;
#10530 = VECTOR ( 'NONE', #9034, 1000.000000000000000 ) ;
#10531 = CARTESIAN_POINT ( 'NONE',  ( -2.293438055093223404, 0.6500000000000001332, 0.9950587357318478876 ) ) ;
#10532 = CARTESIAN_POINT ( 'NONE',  ( 2.303587880022534673, 0.6990553517425610597, -0.9812253327865025909 ) ) ;
#10533 = UNCERTAINTY_MEASURE_WITH_UNIT (LENGTH_MEASURE( 1.000000000000000082E-05 ), #9467, 'distance_accuracy_value', 'NONE');
#10534 = DIRECTION ( 'NONE',  ( -0.000000000000000000, -1.000000000000000000, -0.000000000000000000 ) ) ;
#10535 = EDGE_CURVE ( 'NONE', #6893, #5265, #6782, .T. ) ;
#10536 = VECTOR ( 'NONE', #8562, 1000.000000000000000 ) ;
#10537 = LINE ( 'NONE', #10639, #10691 ) ;
#10538 = ORIENTED_EDGE ( 'NONE', *, *, #10762, .F. ) ;
#10539 = CARTESIAN_POINT ( 'NONE',  ( 0.9929813541595996496, 1.200000061721100186, 1.637285148530800871 ) ) ;
#10540 = DIRECTION ( 'NONE',  ( -0.000000000000000000, -0.000000000000000000, 1.000000000000000000 ) ) ;
#10541 = LINE ( 'NONE', #5666, #2584 ) ;
#10542 = ORIENTED_EDGE ( 'NONE', *, *, #713, .T. ) ;
#10543 = CARTESIAN_POINT ( 'NONE',  ( -1.750000000000000000, 0.6400000000000001243, -2.049999999999999822 ) ) ;
#10544 = CARTESIAN_POINT ( 'NONE',  ( -1.580536851824627664, 0.8236714914184388725, 1.580520823591599733 ) ) ;
#10545 = ORIENTED_EDGE ( 'NONE', *, *, #5393, .F. ) ;
#10546 = LINE ( 'NONE', #6486, #2243 ) ;
#10547 = CARTESIAN_POINT ( 'NONE',  ( -0.9746194630000001302, 1.199997959000000058, 1.708908234999999776 ) ) ;
#10548 = CARTESIAN_POINT ( 'NONE',  ( 0.6000000000000000888, 0.1901880479986818862, 2.449999999999999734 ) ) ;
#10549 = AXIS2_PLACEMENT_3D ( 'NONE', #2034, #1378, #3898 ) ;
#10550 = EDGE_CURVE ( 'NONE', #6621, #704, #7349, .T. ) ;
#10551 = CARTESIAN_POINT ( 'NONE',  ( 0.8873456936637896808, 0.6515159827672144521, 2.348050708923586249 ) ) ;
#10552 = CARTESIAN_POINT ( 'NONE',  ( -1.543715557129888394, 0.6500000000000001332, 1.532177300012677934 ) ) ;
#10553 = ORIENTED_EDGE ( 'NONE', *, *, #1781, .F. ) ;
#10554 = CARTESIAN_POINT ( 'NONE',  ( 1.523262863830000313, 1.129159351950000278, -1.367781841610000271 ) ) ;
#10555 = CARTESIAN_POINT ( 'NONE',  ( 1.865956651000000743, 0.8000000000000000444, -1.280672951000000115 ) ) ;
#10556 = ADVANCED_FACE ( 'NONE', ( #6584 ), #9806, .T. ) ;
#10557 = ORIENTED_EDGE ( 'NONE', *, *, #3230, .F. ) ;
#10558 = ORIENTED_EDGE ( 'NONE', *, *, #7273, .F. ) ;
#10559 = CARTESIAN_POINT ( 'NONE',  ( 1.937836507009548903, 0.8324359464752622007, 1.102127821988337475 ) ) ;
#10560 = CARTESIAN_POINT ( 'NONE',  ( -0.9052386829999999884, 1.131981452999999860, -1.830075816999999994 ) ) ;
#10561 = CARTESIAN_POINT ( 'NONE',  ( 1.600000000000000089, 0.3667742510000001066, 2.500000000000000000 ) ) ;
#10562 = FACE_OUTER_BOUND ( 'NONE', #7649, .T. ) ;
#10563 = CARTESIAN_POINT ( 'NONE',  ( 0.9073892768471459869, 1.100000000000000311, 0.7895175864299692758 ) ) ;
#10564 = EDGE_LOOP ( 'NONE', ( #8701, #10402, #7726, #6233 ) ) ;
#10565 = EDGE_CURVE ( 'NONE', #2406, #3424, #9646, .T. ) ;
#10566 = CARTESIAN_POINT ( 'NONE',  ( -1.572784278000000757, 1.172417748000000204, -1.267610252999999743 ) ) ;
#10567 = ORIENTED_EDGE ( 'NONE', *, *, #8035, .T. ) ;
#10568 = EDGE_CURVE ( 'NONE', #6430, #267, #6503, .T. ) ;
#10569 = ORIENTED_EDGE ( 'NONE', *, *, #5312, .T. ) ;
#10570 = PLANE ( 'NONE',  #10005 ) ;
#10571 = CARTESIAN_POINT ( 'NONE',  ( -0.9950587355747829710, 0.7000000000000000666, -2.293438055074298987 ) ) ;
#10572 = DIRECTION ( 'NONE',  ( 1.000000000000000000, 0.000000000000000000, -0.000000000000000000 ) ) ;
#10573 = EDGE_CURVE ( 'NONE', #528, #6664, #1693, .T. ) ;
#10574 = CARTESIAN_POINT ( 'NONE',  ( -1.809836033999999927, 0.9241006170000001241, 1.216790184000000385 ) ) ;
#10575 = CARTESIAN_POINT ( 'NONE',  ( -1.121756682565388186, 1.199999999999960876, 1.554107880785523976 ) ) ;
#10576 = CARTESIAN_POINT ( 'NONE',  ( -1.377727649040776087E-17, 0.1901880480000001095, 2.164188047999999753 ) ) ;
#10577 = DIRECTION ( 'NONE',  ( 0.000000000000000000, -1.000000000000000000, 0.000000000000000000 ) ) ;
#10578 = ORIENTED_EDGE ( 'NONE', *, *, #5207, .F. ) ;
#10579 = CARTESIAN_POINT ( 'NONE',  ( 1.844821954749255699, 0.8235179468172532102, 1.266176756106975221 ) ) ;
#10580 = DIRECTION ( 'NONE',  ( 0.000000000000000000, -1.000000000000000000, 0.000000000000000000 ) ) ;
#10581 = ORIENTED_EDGE ( 'NONE', *, *, #8298, .T. ) ;
#10582 = CARTESIAN_POINT ( 'NONE',  ( -2.323447782000000128, 0.7007647740000000347, 0.9551130330000000557 ) ) ;
#10583 = EDGE_CURVE ( 'NONE', #8263, #5375, #9425, .T. ) ;
#10584 = CARTESIAN_POINT ( 'NONE',  ( -2.317759448533330602, 0.6943491324938217968, 0.9609416972403969082 ) ) ;
#10585 = DIRECTION ( 'NONE',  ( 0.000000000000000000, -0.000000000000000000, -1.000000000000000000 ) ) ;
#10586 = CARTESIAN_POINT ( 'NONE',  ( 2.320767474350461157, 0.6927294755684325622, -0.9563417238920605135 ) ) ;
#10587 = LINE ( 'NONE', #658, #6806 ) ;
#10588 = CARTESIAN_POINT ( 'NONE',  ( -0.4565959976289847289, 0.09018804800000002064, -1.652519976917056210 ) ) ;
#10589 = ORIENTED_EDGE ( 'NONE', *, *, #9217, .F. ) ;
#10590 = CARTESIAN_POINT ( 'NONE',  ( 1.355449136000000054, 1.199999999999999956, 1.355412177000000051 ) ) ;
#10591 = CARTESIAN_POINT ( 'NONE',  ( 0.000000000000000000, 0.6500000000000001332, 0.000000000000000000 ) ) ;
#10592 = CARTESIAN_POINT ( 'NONE',  ( 1.875000000000000000, 0.7000000000000005107, -2.174999999999999822 ) ) ;
#10593 = ORIENTED_EDGE ( 'NONE', *, *, #7511, .T. ) ;
#10594 = DIRECTION ( 'NONE',  ( 1.000000000000000000, 0.000000000000000000, -0.000000000000000000 ) ) ;
#10595 = CARTESIAN_POINT ( 'NONE',  ( -1.803243979000000108, 0.8000000000000000444, 1.363647168000000187 ) ) ;
#10596 = EDGE_CURVE ( 'NONE', #3512, #8973, #1077, .T. ) ;
#10597 = CARTESIAN_POINT ( 'NONE',  ( -1.000000000000000000, 0.7000000000000000666, 2.399999999999999911 ) ) ;
#10598 = CARTESIAN_POINT ( 'NONE',  ( 0.9999999996444446371, 0.7999999999999999334, -2.250000000000001776 ) ) ;
#10599 = VECTOR ( 'NONE', #4568, 1000.000000000000000 ) ;
#10600 = CARTESIAN_POINT ( 'NONE',  ( -0.9495353449999999196, 1.199999999999999956, 1.664706683999999992 ) ) ;
#10601 = CARTESIAN_POINT ( 'NONE',  ( -0.8987973602353503955, 0.6597870065597624123, 2.346430465361509565 ) ) ;
#10602 = VECTOR ( 'NONE', #175, 1000.000000000000000 ) ;
#10603 = DIRECTION ( 'NONE',  ( -1.000000000000000000, 0.000000000000000000, -0.000000000000000000 ) ) ;
#10604 = DIRECTION ( 'NONE',  ( 0.000000000000000000, 0.000000000000000000, 1.000000000000000000 ) ) ;
#10605 = VERTEX_POINT ( 'NONE', #6858 ) ;
#10606 = CARTESIAN_POINT ( 'NONE',  ( 1.427907799716400028, 1.200000020401999823, -1.282233150547699818 ) ) ;
#10607 = CARTESIAN_POINT ( 'NONE',  ( -0.3000000000000000444, 0.3500000000000000333, 2.449999999999999734 ) ) ;
#10608 = DIRECTION ( 'NONE',  ( 0.000000000000000000, 1.000000000000000000, -4.336808689942043768E-15 ) ) ;
#10609 = VERTEX_POINT ( 'NONE', #4323 ) ;
#10610 = ORIENTED_EDGE ( 'NONE', *, *, #1871, .T. ) ;
#10611 = CARTESIAN_POINT ( 'NONE',  ( -1.776337002331999981, 1.127654436377600211, 1.012879211377499811 ) ) ;
#10612 = LINE ( 'NONE', #7325, #9482 ) ;
#10613 = LINE ( 'NONE', #10561, #10474 ) ;
#10614 = EDGE_CURVE ( 'NONE', #5685, #6633, #6037, .T. ) ;
#10615 = CARTESIAN_POINT ( 'NONE',  ( -1.984642640824452631, 0.8000000000952458556, 1.117129299956162392 ) ) ;
#10616 = CARTESIAN_POINT ( 'NONE',  ( 2.315104722000000059, 0.6450000000000001288, -0.8785042870000000503 ) ) ;
#10617 = AXIS2_PLACEMENT_3D ( 'NONE', #8509, #9381, #997 ) ;
#10618 = ORIENTED_EDGE ( 'NONE', *, *, #1848, .F. ) ;
#10619 = VERTEX_POINT ( 'NONE', #9369 ) ;
#10620 = ORIENTED_EDGE ( 'NONE', *, *, #8194, .T. ) ;
#10621 = DIRECTION ( 'NONE',  ( 1.445602896647340692E-15, 0.000000000000000000, 1.000000000000000000 ) ) ;
#10622 = LINE ( 'NONE', #3157, #6468 ) ;
#10623 = CARTESIAN_POINT ( 'NONE',  ( 1.129349477944070257, 1.100000000000000089, -0.4062797338266591063 ) ) ;
#10624 = CARTESIAN_POINT ( 'NONE',  ( 1.355412204895200645, 1.199999999998418998, -1.355449163895968034 ) ) ;
#10625 = CARTESIAN_POINT ( 'NONE',  ( -1.253292720651262293, 1.128695454824260258, 1.615072559746418168 ) ) ;
#10626 = EDGE_CURVE ( 'NONE', #6603, #7830, #10196, .T. ) ;
#10627 = CARTESIAN_POINT ( 'NONE',  ( 2.349999999999999645, 0.3499999999500001957, -1.250000000000000000 ) ) ;
#10628 = CARTESIAN_POINT ( 'NONE',  ( 0.1417832580000000231, 0.2401880480000000151, 2.299999999999999822 ) ) ;
#10629 = CARTESIAN_POINT ( 'NONE',  ( 1.513775648999999834, 0.8091943630000000276, 1.660077378000000214 ) ) ;
#10630 = DIRECTION ( 'NONE',  ( -1.000000000000000000, -0.000000000000000000, 0.000000000000000000 ) ) ;
#10631 = ORIENTED_EDGE ( 'NONE', *, *, #2453, .T. ) ;
#10632 = CARTESIAN_POINT ( 'NONE',  ( -2.323172694999999788, 0.7002549249999999725, 0.9551237409999999706 ) ) ;
#10633 = CARTESIAN_POINT ( 'NONE',  ( -2.294803036242411665, 0.6999999999945408780, 0.9932172306997468780 ) ) ;
#10634 = FACE_OUTER_BOUND ( 'NONE', #7307, .T. ) ;
#10635 = CARTESIAN_POINT ( 'NONE',  ( 2.342895043267357202, 0.6690625499879174765, -0.9122434590259160814 ) ) ;
#10636 = VECTOR ( 'NONE', #4062, 1000.000000000000000 ) ;
#10637 = DIRECTION ( 'NONE',  ( 0.000000000000000000, 1.000000000000000000, -0.000000000000000000 ) ) ;
#10638 = EDGE_CURVE ( 'NONE', #7565, #8401, #2569, .T. ) ;
#10639 = CARTESIAN_POINT ( 'NONE',  ( -1.024999999999999911, 0.02000000000000000389, -0.8500000000703125114 ) ) ;
#10640 = VERTEX_POINT ( 'NONE', #985 ) ;
#10641 = CARTESIAN_POINT ( 'NONE',  ( 1.367781841610000271, 1.129159351950000278, 1.523262863830000313 ) ) ;
#10642 = CARTESIAN_POINT ( 'NONE',  ( 1.875000000000000000, 0.7000000000000001776, 1.875000000000000000 ) ) ;
#10643 = LINE ( 'NONE', #9706, #833 ) ;
#10644 = VERTEX_POINT ( 'NONE', #7676 ) ;
#10645 = AXIS2_PLACEMENT_3D ( 'NONE', #8697, #1238, #2051 ) ;
#10646 = CARTESIAN_POINT ( 'NONE',  ( 1.199999999999999956, 1.200000000000000178, -0.1531677933886765042 ) ) ;
#10647 = CARTESIAN_POINT ( 'NONE',  ( -1.899358253386957296, 0.8240051625696295234, 1.180563230972916822 ) ) ;
#10648 = CARTESIAN_POINT ( 'NONE',  ( -0.9268673177856542322, 0.6500000000993725324, -2.299999999871395140 ) ) ;
#10649 = DIRECTION ( 'NONE',  ( 0.000000000000000000, 0.000000000000000000, 1.000000000000000000 ) ) ;
#10650 = CARTESIAN_POINT ( 'NONE',  ( -0.9042383571099998907, 1.200000020449999871, 1.689026516240000664 ) ) ;
#10651 = CARTESIAN_POINT ( 'NONE',  ( -0.9530403751846193705, 0.6914616678920769699, 2.322871257624083086 ) ) ;
#10652 = VECTOR ( 'NONE', #10534, 1000.000000000000000 ) ;
#10653 = EDGE_CURVE ( 'NONE', #8795, #1674, #1766, .T. ) ;
#10654 = FACE_OUTER_BOUND ( 'NONE', #9298, .T. ) ;
#10655 = CARTESIAN_POINT ( 'NONE',  ( 0.9140846773544623050, 0.6702903202660216442, 2.342297690201005533 ) ) ;
#10656 = CARTESIAN_POINT ( 'NONE',  ( -2.175000000039506443, 0.7000000000000000666, 1.250000000320987681 ) ) ;
#10657 = VERTEX_POINT ( 'NONE', #5261 ) ;
#10658 = CARTESIAN_POINT ( 'NONE',  ( 0.9495353449999999196, 1.199999999999999956, -1.664706683999999992 ) ) ;
#10659 = CARTESIAN_POINT ( 'NONE',  ( -1.696049877516262461, 1.199999999999986633, -0.8916295004494524390 ) ) ;
#10660 = AXIS2_PLACEMENT_3D ( 'NONE', #5112, #13, #5002 ) ;
#10661 = LINE ( 'NONE', #4298, #5940 ) ;
#10662 = ORIENTED_EDGE ( 'NONE', *, *, #5948, .T. ) ;
#10663 = ORIENTED_EDGE ( 'NONE', *, *, #3147, .T. ) ;
#10664 = CARTESIAN_POINT ( 'NONE',  ( -1.117129299638008222, 0.8000000000952381951, -1.984642641067087432 ) ) ;
#10665 = DIRECTION ( 'NONE',  ( 0.3511234442304683179, 0.9363291765782656428, 0.000000000000000000 ) ) ;
#10666 = DIRECTION ( 'NONE',  ( -1.000000000000000000, 0.000000000000000000, -0.000000000000000000 ) ) ;
#10667 = EDGE_CURVE ( 'NONE', #5969, #2165, #3160, .T. ) ;
#10668 = AXIS2_PLACEMENT_3D ( 'NONE', #197, #10168, #1937 ) ;
#10669 = CARTESIAN_POINT ( 'NONE',  ( 0.9950587358062944476, 0.6500000000000001332, 2.293438055060923020 ) ) ;
#10670 = CARTESIAN_POINT ( 'NONE',  ( 0.1499999825415490873, 0.2169135539442335336, 2.344252660106158626 ) ) ;
#10671 = ORIENTED_EDGE ( 'NONE', *, *, #215, .F. ) ;
#10672 = ORIENTED_EDGE ( 'NONE', *, *, #10095, .T. ) ;
#10673 = ORIENTED_EDGE ( 'NONE', *, *, #1124, .F. ) ;
#10674 = CARTESIAN_POINT ( 'NONE',  ( -1.100000000000000089, 1.100000000000000089, 2.079762069144283003E-16 ) ) ;
#10675 = AXIS2_PLACEMENT_3D ( 'NONE', #2855, #7797, #2077 ) ;
#10676 = CARTESIAN_POINT ( 'NONE',  ( 1.816055651060000109, 1.127892349670000183, -0.9389922870500000407 ) ) ;
#10677 = CARTESIAN_POINT ( 'NONE',  ( 1.612086531324059324, 1.199999999998408784, -1.037693811368058494 ) ) ;
#10678 = CARTESIAN_POINT ( 'NONE',  ( 0.9950587360000001658, 0.6833333330000000982, -2.293438055000000197 ) ) ;
#10679 = CARTESIAN_POINT ( 'NONE',  ( 0.8925456384380061614, 0.6554078882282404761, -2.348438055022222137 ) ) ;
#10680 = CARTESIAN_POINT ( 'NONE',  ( -2.349999999999999645, 0.04999999999999998196, 0.2000000000000000111 ) ) ;
#10681 = CIRCLE ( 'NONE', #4382, 2.174999999999999822 ) ;
#10682 = CARTESIAN_POINT ( 'NONE',  ( 1.580520823591599733, 0.8236714914184388725, 1.580536851824627664 ) ) ;
#10683 = CARTESIAN_POINT ( 'NONE',  ( 1.490638049000000853, 1.027071126000000056, -1.490638049000000853 ) ) ;
#10684 = ORIENTED_EDGE ( 'NONE', *, *, #3040, .F. ) ;
#10685 = DIRECTION ( 'NONE',  ( -0.000000000000000000, 1.000000000000000000, -0.000000000000000000 ) ) ;
#10686 = CARTESIAN_POINT ( 'NONE',  ( -2.321360796189467113, 0.6923897454279182018, 0.9554221315841062712 ) ) ;
#10687 = CARTESIAN_POINT ( 'NONE',  ( 0.9108179585726259297, 0.6477454906078227159, -2.299999999999998934 ) ) ;
#10688 = EDGE_CURVE ( 'NONE', #750, #794, #223, .T. ) ;
#10689 = EDGE_CURVE ( 'NONE', #7322, #7716, #1239, .T. ) ;
#10690 = CARTESIAN_POINT ( 'NONE',  ( 2.334546750210950705, 0.6815451191378589790, -0.9324629910370407782 ) ) ;
#10691 = VECTOR ( 'NONE', #2960, 1000.000000000000000 ) ;
#10692 = CARTESIAN_POINT ( 'NONE',  ( 1.180669058999999965, 0.8236601709999999965, 1.899544121000000141 ) ) ;
#10693 = FACE_OUTER_BOUND ( 'NONE', #1309, .T. ) ;
#10694 = FACE_OUTER_BOUND ( 'NONE', #10729, .T. ) ;
#10695 = VERTEX_POINT ( 'NONE', #2624 ) ;
#10696 = CARTESIAN_POINT ( 'NONE',  ( 1.203675904849400347, 1.200000061296899734, 1.493254370792599817 ) ) ;
#10697 = CARTESIAN_POINT ( 'NONE',  ( -0.1458370701338977116, 0.09018804800000004840, -2.263263751849611705 ) ) ;
#10698 = DIRECTION ( 'NONE',  ( 0.000000000000000000, 0.9363291765782656428, -0.3511234442304683179 ) ) ;
#10699 = ORIENTED_EDGE ( 'NONE', *, *, #5406, .T. ) ;
#10700 = VECTOR ( 'NONE', #1468, 1000.000000000000000 ) ;
#10701 = CARTESIAN_POINT ( 'NONE',  ( 0.1500441853348749854, 0.1697677717027251953, 2.432632408359744591 ) ) ;
#10702 = CARTESIAN_POINT ( 'NONE',  ( -1.720876249999999663, 0.8234688700000000194, 1.430297261000000875 ) ) ;
#10703 = DIRECTION ( 'NONE',  ( 0.000000000000000000, 0.3322574898012535805, 0.9431887194358136162 ) ) ;
#10704 = ORIENTED_EDGE ( 'NONE', *, *, #975, .F. ) ;
#10705 = CARTESIAN_POINT ( 'NONE',  ( 1.024999999999999911, 0.02000000000000000389, -1.750000000179166681 ) ) ;
#10706 = ADVANCED_FACE ( 'NONE', ( #5205 ), #9539, .T. ) ;
#10707 = EDGE_CURVE ( 'NONE', #9363, #3893, #4492, .T. ) ;
#10708 = FACE_OUTER_BOUND ( 'NONE', #4182, .T. ) ;
#10709 = CARTESIAN_POINT ( 'NONE',  ( -0.9006421256269667719, 0.6610880573480855116, 2.346032488267836502 ) ) ;
#10710 = VECTOR ( 'NONE', #3376, 1000.000000000000000 ) ;
#10711 = B_SPLINE_CURVE_WITH_KNOTS ( 'NONE', 3,
 ( #3041, #8261, #4088, #10670 ),
 .UNSPECIFIED., .F., .F.,
 ( 4, 4 ),
 ( 0.000000000000000000, 1.000000000000000000 ),
 .UNSPECIFIED. ) ;
#10712 = CYLINDRICAL_SURFACE ( 'NONE', #10176, 0.1499999999999999667 ) ;
#10713 = CARTESIAN_POINT ( 'NONE',  ( 0.8825526757654458265, 0.6479961991128346810, 2.348376725459075054 ) ) ;
#10714 = FACE_OUTER_BOUND ( 'NONE', #8664, .T. ) ;
#10715 = EDGE_LOOP ( 'NONE', ( #9149, #8315, #9997, #3247, #10662, #10766 ) ) ;
#10716 = CARTESIAN_POINT ( 'NONE',  ( 1.012747211600000474, 1.128099454960000081, -1.776095055219999663 ) ) ;
#10717 = LINE ( 'NONE', #10607, #7798 ) ;
#10718 = VECTOR ( 'NONE', #7144, 1000.000000000000000 ) ;
#10719 = CARTESIAN_POINT ( 'NONE',  ( 0.5999999999999999778, 0.2401880480000000151, 2.349999999999999645 ) ) ;
#10720 = ORIENTED_EDGE ( 'NONE', *, *, #1478, .T. ) ;
#10721 = ORIENTED_EDGE ( 'NONE', *, *, #8298, .F. ) ;
#10722 = EDGE_CURVE ( 'NONE', #6012, #5881, #108, .T. ) ;
#10723 = CARTESIAN_POINT ( 'NONE',  ( -1.677118664000000203, 1.199999999999999956, 0.9269562990000003166 ) ) ;
#10724 = LINE ( 'NONE', #6505, #8436 ) ;
#10725 = CARTESIAN_POINT ( 'NONE',  ( -2.350000000000000089, 0.04999999999999999584, 0.1999999999999999001 ) ) ;
#10726 = LINE ( 'NONE', #5743, #9384 ) ;
#10727 = CARTESIAN_POINT ( 'NONE',  ( 1.100000000000000311, 1.399999999999999911, -6.735557395310444981E-17 ) ) ;
#10728 = ORIENTED_EDGE ( 'NONE', *, *, #3012, .T. ) ;
#10729 = EDGE_LOOP ( 'NONE', ( #436, #5350, #1503, #2754 ) ) ;
#10730 = ORIENTED_EDGE ( 'NONE', *, *, #9278, .F. ) ;
#10731 = EDGE_CURVE ( 'NONE', #9513, #6943, #1806, .T. ) ;
#10732 = DIRECTION ( 'NONE',  ( 1.000000000000000000, 0.000000000000000000, -0.000000000000000000 ) ) ;
#10733 = CARTESIAN_POINT ( 'NONE',  ( 1.791954317999999713, 1.171877378000000025, -0.9269654040000000483 ) ) ;
#10734 = DIRECTION ( 'NONE',  ( 1.000000000000000000, 0.000000000000000000, 0.000000000000000000 ) ) ;
#10735 = CARTESIAN_POINT ( 'NONE',  ( -1.204602344606904518, 1.199999999999960876, 1.494478948754249581 ) ) ;
#10736 = CARTESIAN_POINT ( 'NONE',  ( -0.6000000000000000888, 0.09018804800000004840, -2.300000000058809668 ) ) ;
#10737 = CARTESIAN_POINT ( 'NONE',  ( 1.832959940880767302, 1.112109971489349647, 0.9267971768507765606 ) ) ;
#10738 = CARTESIAN_POINT ( 'NONE',  ( 1.507745866999999906, 0.8235000510000000107, 1.653462599999999894 ) ) ;
#10739 = DIRECTION ( 'NONE',  ( 0.000000000000000000, 0.000000000000000000, 1.000000000000000000 ) ) ;
#10740 = ORIENTED_EDGE ( 'NONE', *, *, #9679, .T. ) ;
#10741 = CARTESIAN_POINT ( 'NONE',  ( -0.9755248800000000386, 1.172138654999999918, -1.765471718999999773 ) ) ;
#10742 = CARTESIAN_POINT ( 'NONE',  ( -2.313383524021775273, 0.6962560071160135422, 0.9673896571494532415 ) ) ;
#10743 = CARTESIAN_POINT ( 'NONE',  ( -2.297932813451524225, 0.6500000000035014436, 0.9381076011066284970 ) ) ;
#10744 = CARTESIAN_POINT ( 'NONE',  ( 2.327568454144461452, 0.6881290604381010700, -0.9453145645714360334 ) ) ;
#10745 = LINE ( 'NONE', #55, #8084 ) ;
#10746 = CARTESIAN_POINT ( 'NONE',  ( 0.000000000000000000, 0.6500000000000001332, 0.000000000000000000 ) ) ;
#10747 = B_SPLINE_CURVE_WITH_KNOTS ( 'NONE', 3,
 ( #2392, #10679, #1519, #8215, #7286, #6463, #4927, #9146, #4869, #10793, #6414, #3162, #5591, #3273, #594, #699, #2287, #5815, #1630, #8980, #4978, #5648, #8323, #812, #9740, #2228, #8538, #214, #10240, #8593, #868, #1685, #4207, #6734, #6847, #10068, #4372, #2507, #6029, #977, #4152, #3547, #7560, #6902, #45, #1030, #7501, #10845, #9416, #9312, #4316, #10017, #3382, #10128, #5199, #10188, #3435, #7666, #8380, #7613, #3491, #5031, #8486, #100 ),
 .UNSPECIFIED., .F., .F.,
 ( 4, 3, 3, 3, 3, 3, 3, 3, 3, 3, 3, 3, 3, 3, 3, 3, 3, 3, 3, 3, 3, 4 ),
 ( 6.915181040285251133E-14, 5.243427556357478636E-05, 5.562034051244502228E-05, 6.199458441018463641E-05, 6.518065046313559349E-05, 7.155490486494467785E-05, 7.474097127690709373E-05, 7.792703757592715286E-05, 8.430128852204790571E-05, 8.748735411321895649E-05, 9.386159008642622952E-05, 9.704765429603478622E-05, 0.0001002337175522129609, 0.0001066079215031271458, 0.0001097939829408268742, 0.0001161681621068440240, 0.0001193542219699743388, 0.0001225402812461796138, 0.0001289144410071229566, 0.0001321005001601379552, 0.0001378106326353228819, 0.0001435286789854777856 ),
 .UNSPECIFIED. ) ;
#10748 = CARTESIAN_POINT ( 'NONE',  ( 0.7250000000000000888, 0.02000000000000000389, 1.750000000000000000 ) ) ;
#10749 = EDGE_CURVE ( 'NONE', #7002, #5795, #5152, .T. ) ;
#10750 = ORIENTED_EDGE ( 'NONE', *, *, #6413, .T. ) ;
#10751 = CARTESIAN_POINT ( 'NONE',  ( 1.121784027999999989, 1.199999999999999956, 1.554088197000000005 ) ) ;
#10752 = CARTESIAN_POINT ( 'NONE',  ( 1.532177300010058030, 0.6500000000000001332, 1.543715557132818050 ) ) ;
#10753 = CARTESIAN_POINT ( 'NONE',  ( -2.100000000009617729, 0.1000000000000000056, -2.299999999999999822 ) ) ;
#10754 = EDGE_LOOP ( 'NONE', ( #8416, #4608, #2009, #914, #8075, #10057, #8758, #8480 ) ) ;
#10755 = CARTESIAN_POINT ( 'NONE',  ( -0.9999999999999997780, 1.399999999999999467, 5.510910596163084009E-17 ) ) ;
#10756 = CARTESIAN_POINT ( 'NONE',  ( -1.524980047999999977, 0.8000000000000000444, 1.672334731000000074 ) ) ;
#10757 = PLANE ( 'NONE',  #9893 ) ;
#10758 = PLANE ( 'NONE',  #156 ) ;
#10759 = CARTESIAN_POINT ( 'NONE',  ( -0.9381076010921759467, 0.6500000000035016656, -2.297932813452800538 ) ) ;
#10760 = CARTESIAN_POINT ( 'NONE',  ( -0.9631607358994329626, 0.6950426794339348291, 2.316267756069888328 ) ) ;
#10761 = EDGE_CURVE ( 'NONE', #8598, #1458, #5366, .T. ) ;
#10762 = EDGE_CURVE ( 'NONE', #7716, #4512, #8923, .T. ) ;
#10763 = CARTESIAN_POINT ( 'NONE',  ( -2.175000000029629899, 0.7000000000000009548, 1.875000000000000000 ) ) ;
#10764 = CARTESIAN_POINT ( 'NONE',  ( 0.000000000000000000, 0.09018804800000002064, 2.299999999999999822 ) ) ;
#10765 = CARTESIAN_POINT ( 'NONE',  ( 0.000000000000000000, 0.6500000000000001332, 0.000000000000000000 ) ) ;
#10766 = ORIENTED_EDGE ( 'NONE', *, *, #4452, .T. ) ;
#10767 = CARTESIAN_POINT ( 'NONE',  ( 1.080333851999999872, 1.199999999999999956, -1.583922345999999814 ) ) ;
#10768 = CARTESIAN_POINT ( 'NONE',  ( 1.988339436000000404, 0.8000000000000000444, -1.110655786000000145 ) ) ;
#10769 = EDGE_CURVE ( 'NONE', #9273, #2993, #2853, .T. ) ;
#10770 = CARTESIAN_POINT ( 'NONE',  ( 1.000000000000597966, 1.500000000000000222, -2.000000000001195488 ) ) ;
#10771 = CARTESIAN_POINT ( 'NONE',  ( -1.445734559483599302, 1.128722114737600313, -1.445695116939200497 ) ) ;
#10772 = ORIENTED_EDGE ( 'NONE', *, *, #8142, .T. ) ;
#10773 = ORIENTED_EDGE ( 'NONE', *, *, #8968, .T. ) ;
#10774 = CARTESIAN_POINT ( 'NONE',  ( -1.637298188080000605, 1.200000061109999683, 0.9929892269600001375 ) ) ;
#10775 = B_SPLINE_CURVE_WITH_KNOTS ( 'NONE', 3,
 ( #7097, #4680, #7921, #408 ),
 .UNSPECIFIED., .F., .F.,
 ( 4, 4 ),
 ( 0.000000000000000000, 1.000000000000000000 ),
 .UNSPECIFIED. ) ;
#10776 = LINE ( 'NONE', #9129, #722 ) ;
#10777 = CARTESIAN_POINT ( 'NONE',  ( 0.8785042870000000503, 0.6450000000000001288, 2.348947903999999642 ) ) ;
#10778 = VECTOR ( 'NONE', #645, 1000.000000000000000 ) ;
#10779 = EDGE_CURVE ( 'NONE', #10010, #5709, #1354, .T. ) ;
#10780 = CARTESIAN_POINT ( 'NONE',  ( 0.9999999994469135345, 0.8000000000000000444, 2.399999999999999911 ) ) ;
#10781 = VERTEX_POINT ( 'NONE', #3715 ) ;
#10782 = CARTESIAN_POINT ( 'NONE',  ( 2.296057939999999853, 0.6500000000000001332, -0.9561791889999999849 ) ) ;
#10783 = ORIENTED_EDGE ( 'NONE', *, *, #988, .F. ) ;
#10784 = CIRCLE ( 'NONE', #5005, 0.3000000000000001554 ) ;
#10785 = ORIENTED_EDGE ( 'NONE', *, *, #10749, .T. ) ;
#10786 = ORIENTED_EDGE ( 'NONE', *, *, #2099, .F. ) ;
#10787 = CARTESIAN_POINT ( 'NONE',  ( -1.399999999999999911, 0.8000000000000001554, -2.174999999999999822 ) ) ;
#10788 = CARTESIAN_POINT ( 'NONE',  ( 1.803155066000000195, 1.172051403000000214, -0.9038745220000000691 ) ) ;
#10789 = CARTESIAN_POINT ( 'NONE',  ( -1.000000000000000000, 0.7000000000000000666, 2.291287847519217546 ) ) ;
#10790 = CARTESIAN_POINT ( 'NONE',  ( 0.8785042870000000503, 0.6450000000000001288, -2.331771387999999945 ) ) ;
#10791 = AXIS2_PLACEMENT_3D ( 'NONE', #1827, #7646, #1663 ) ;
#10792 = EDGE_CURVE ( 'NONE', #6724, #8156, #378, .T. ) ;
#10793 = CARTESIAN_POINT ( 'NONE',  ( 0.9286429303294460036, 0.6793609228192901694, -2.336383683217629681 ) ) ;
#10794 = DIRECTION ( 'NONE',  ( 0.000000000000000000, 0.000000000000000000, -1.000000000000000000 ) ) ;
#10795 = CARTESIAN_POINT ( 'NONE',  ( 1.816673792999999870, 0.8000000000000000444, 1.373796919999999977 ) ) ;
#10796 = CARTESIAN_POINT ( 'NONE',  ( 1.809836033999999927, 0.9241006170000001241, -1.216790184000000385 ) ) ;
#10797 = ORIENTED_EDGE ( 'NONE', *, *, #6397, .F. ) ;
#10798 = CARTESIAN_POINT ( 'NONE',  ( -0.9648204417165000546, 1.127523566468199956, -1.802845676473399772 ) ) ;
#10799 = ORIENTED_EDGE ( 'NONE', *, *, #9716, .T. ) ;
#10800 = DIRECTION ( 'NONE',  ( 0.000000000000000000, 0.000000000000000000, -1.000000000000000000 ) ) ;
#10801 = CARTESIAN_POINT ( 'NONE',  ( 1.355449163895966702, 1.199999999998418776, 1.355412204895199757 ) ) ;
#10802 = LINE ( 'NONE', #3225, #6332 ) ;
#10803 = PLANE ( 'NONE',  #2419 ) ;
#10804 = CARTESIAN_POINT ( 'NONE',  ( -2.299999999999999822, 2.985561945000001938, 0.000000000000000000 ) ) ;
#10805 = VERTEX_POINT ( 'NONE', #8054 ) ;
#10806 = CARTESIAN_POINT ( 'NONE',  ( 1.236408846999999867, 1.199997976999999993, 1.533932219999999846 ) ) ;
#10807 = CARTESIAN_POINT ( 'NONE',  ( -1.580369292774798762, 0.8240143682553162652, -1.580385319473883277 ) ) ;
#10808 = LINE ( 'NONE', #3290, #3275 ) ;
#10809 = VERTEX_POINT ( 'NONE', #2841 ) ;
#10810 = CARTESIAN_POINT ( 'NONE',  ( 0.1501325560046248009, 0.1688100686263108441, 2.431940389170701433 ) ) ;
#10811 = FACE_BOUND ( 'NONE', #2084, .T. ) ;
#10812 = FACE_OUTER_BOUND ( 'NONE', #3088, .T. ) ;
#10813 = CIRCLE ( 'NONE', #6094, 0.2999999999999997113 ) ;
#10814 = CARTESIAN_POINT ( 'NONE',  ( 1.600000000029166536, 0.3667742509999999956, -2.500000000000000000 ) ) ;
#10815 = DIRECTION ( 'NONE',  ( 0.000000000000000000, 0.000000000000000000, 1.000000000000000000 ) ) ;
#10816 = CARTESIAN_POINT ( 'NONE',  ( -0.9061733655580787028, 0.6649454688136613445, 2.344694062196997386 ) ) ;
#10817 = VECTOR ( 'NONE', #4193, 1000.000000000000000 ) ;
#10818 = CARTESIAN_POINT ( 'NONE',  ( 0.7250000000000000888, 0.1799999999999999933, 0.8500000000000000888 ) ) ;
#10819 = DIRECTION ( 'NONE',  ( 0.000000000000000000, 1.000000000000000000, 0.000000000000000000 ) ) ;
#10820 = DIRECTION ( 'NONE',  ( 1.000000000000000000, 0.000000000000000000, -0.000000000000000000 ) ) ;
#10821 = ORIENTED_EDGE ( 'NONE', *, *, #10689, .T. ) ;
#10822 = CARTESIAN_POINT ( 'NONE',  ( 1.037676850999999845, 1.199999999999999956, -1.612097062000000136 ) ) ;
#10823 = CARTESIAN_POINT ( 'NONE',  ( -0.9269562994678952617, 1.199999999999960876, -1.677118664851166896 ) ) ;
#10824 = CARTESIAN_POINT ( 'NONE',  ( -1.625860351999999676, 1.199997970000000524, -1.108843324000000186 ) ) ;
#10825 = ORIENTED_EDGE ( 'NONE', *, *, #2606, .F. ) ;
#10826 = VERTEX_POINT ( 'NONE', #2943 ) ;
#10827 = CARTESIAN_POINT ( 'NONE',  ( -1.553265818880000149, 1.200000040559999759, 1.121192091679999780 ) ) ;
#10828 = VECTOR ( 'NONE', #4976, 1000.000000000000000 ) ;
#10829 = EDGE_CURVE ( 'NONE', #6075, #7481, #4602, .T. ) ;
#10830 = EDGE_CURVE ( 'NONE', #4982, #4135, #7944, .T. ) ;
#10831 = CARTESIAN_POINT ( 'NONE',  ( 0.8785042870000000503, 0.6450000000000001288, 2.298438055000000091 ) ) ;
#10832 = CARTESIAN_POINT ( 'NONE',  ( -1.939202126127309134, 0.8293587163391760164, 1.103687142331792215 ) ) ;
#10833 = ORIENTED_EDGE ( 'NONE', *, *, #10614, .F. ) ;
#10834 = AXIS2_PLACEMENT_3D ( 'NONE', #5716, #3890, #1531 ) ;
#10835 = FACE_OUTER_BOUND ( 'NONE', #218, .T. ) ;
#10836 = ORIENTED_EDGE ( 'NONE', *, *, #4410, .F. ) ;
#10837 = ORIENTED_EDGE ( 'NONE', *, *, #2453, .F. ) ;
#10838 = EDGE_LOOP ( 'NONE', ( #4918, #1615, #9382, #5805, #980, #4901 ) ) ;
#10839 = LINE ( 'NONE', #3323, #1252 ) ;
#10840 = CARTESIAN_POINT ( 'NONE',  ( -1.106843521103890504, 0.8233145215229985547, 1.942104130440612808 ) ) ;
#10841 = ADVANCED_FACE ( 'NONE', ( #7071 ), #4498, .T. ) ;
#10842 = CARTESIAN_POINT ( 'NONE',  ( 2.299999999999999822, 0.6464365012968738000, 0.8946474346567050429 ) ) ;
#10843 = CIRCLE ( 'NONE', #7506, 0.2999999999999999334 ) ;
#10844 = CARTESIAN_POINT ( 'NONE',  ( 1.696049895013669317, 1.199999999999355360, 0.8916295004489538378 ) ) ;
#10845 = CARTESIAN_POINT ( 'NONE',  ( 0.9744576542035862099, 0.6979182943491949453, -2.308440141208798924 ) ) ;
#10846 = CARTESIAN_POINT ( 'NONE',  ( 1.738792694999999666, 1.172195649999999922, -1.022718039000000134 ) ) ;
#10847 = VERTEX_POINT ( 'NONE', #5589 ) ;
#10848 = VECTOR ( 'NONE', #16, 1000.000000000000000 ) ;
#10849 = CARTESIAN_POINT ( 'NONE',  ( -0.9992736620000001180, 1.172168144000000245, -1.752361467999999922 ) ) ;
#10850 = ORIENTED_EDGE ( 'NONE', *, *, #6709, .T. ) ;
#10851 = CARTESIAN_POINT ( 'NONE',  ( -1.214399999999999924, 1.100000000000000089, -1.214399999999999924 ) ) ;
#10852 = EDGE_CURVE ( 'NONE', #7002, #3233, #478, .T. ) ;
#10853 = FACE_OUTER_BOUND ( 'NONE', #3641, .T. ) ;
#10854 = CARTESIAN_POINT ( 'NONE',  ( 0.7250000000000001998, 0.02000000000000000389, -0.8500000000000000888 ) ) ;
#10855 = FACE_OUTER_BOUND ( 'NONE', #8542, .T. ) ;
ENDSEC;
END-ISO-10303-21;
