ISO-10303-21;
HEADER;
FILE_DESCRIPTION(('FreeCAD Model'),'2;1');
FILE_NAME('Open CASCADE Shape Model','2026-08-01T18:13:54',(''),(''),
  'Open CASCADE STEP processor 7.8','FreeCAD','Unknown');
FILE_SCHEMA(('AUTOMOTIVE_DESIGN { 1 0 10303 214 1 1 1 1 }'));
ENDSEC;
DATA;
#1 = APPLICATION_PROTOCOL_DEFINITION('international standard',
  'automotive_design',2000,#2);
#2 = APPLICATION_CONTEXT(
  'core data for automotive mechanical design processes');
#3 = SHAPE_DEFINITION_REPRESENTATION(#4,#10);
#4 = PRODUCT_DEFINITION_SHAPE('','',#5);
#5 = PRODUCT_DEFINITION('design','',#6,#9);
#6 = PRODUCT_DEFINITION_FORMATION('','',#7);
#7 = PRODUCT('SRN5040TA','SRN5040TA','',(#8));
#8 = PRODUCT_CONTEXT('',#2,'mechanical');
#9 = PRODUCT_DEFINITION_CONTEXT('part definition',#2,'design');
#10 = SHAPE_REPRESENTATION('',(#11,#15,#19),#23);
#11 = AXIS2_PLACEMENT_3D('',#12,#13,#14);
#12 = CARTESIAN_POINT('',(0.,0.,0.));
#13 = DIRECTION('',(0.,0.,1.));
#14 = DIRECTION('',(1.,0.,-0.));
#15 = AXIS2_PLACEMENT_3D('',#16,#17,#18);
#16 = CARTESIAN_POINT('',(0.,0.,0.));
#17 = DIRECTION('',(0.,0.,1.));
#18 = DIRECTION('',(1.,0.,0.));
#19 = AXIS2_PLACEMENT_3D('',#20,#21,#22);
#20 = CARTESIAN_POINT('',(0.,0.,0.));
#21 = DIRECTION('',(0.,0.,1.));
#22 = DIRECTION('',(1.,0.,0.));
#23 = ( GEOMETRIC_REPRESENTATION_CONTEXT(3) 
GLOBAL_UNCERTAINTY_ASSIGNED_CONTEXT((#27)) GLOBAL_UNIT_ASSIGNED_CONTEXT(
(#24,#25,#26)) REPRESENTATION_CONTEXT('Context #1',
  '3D Context with UNIT and UNCERTAINTY') );
#24 = ( LENGTH_UNIT() NAMED_UNIT(*) SI_UNIT(.MILLI.,.METRE.) );
#25 = ( NAMED_UNIT(*) PLANE_ANGLE_UNIT() SI_UNIT($,.RADIAN.) );
#26 = ( NAMED_UNIT(*) SI_UNIT($,.STERADIAN.) SOLID_ANGLE_UNIT() );
#27 = UNCERTAINTY_MEASURE_WITH_UNIT(LENGTH_MEASURE(1.E-07),#24,
  'distance_accuracy_value','confusion accuracy');
#28 = PRODUCT_RELATED_PRODUCT_CATEGORY('part',$,(#7));
#29 = SHAPE_DEFINITION_REPRESENTATION(#30,#36);
#30 = PRODUCT_DEFINITION_SHAPE('','',#31);
#31 = PRODUCT_DEFINITION('design','',#32,#35);
#32 = PRODUCT_DEFINITION_FORMATION('','',#33);
#33 = PRODUCT('Body','Body','',(#34));
#34 = PRODUCT_CONTEXT('',#2,'mechanical');
#35 = PRODUCT_DEFINITION_CONTEXT('part definition',#2,'design');
#36 = ADVANCED_BREP_SHAPE_REPRESENTATION('',(#11,#37),#2743);
#37 = MANIFOLD_SOLID_BREP('',#38);
#38 = CLOSED_SHELL('',(#39,#81,#112,#159,#275,#381,#406,#499,#523,#581,
    #606,#699,#739,#763,#787,#811,#851,#876,#900,#925,#956,#973,#985,
    #1017,#1110,#1134,#1159,#1176,#1269,#1293,#1330,#1423,#1448,#1473,
    #1579,#1672,#1765,#1858,#1951,#2071,#2088,#2181,#2261,#2278,#2295,
    #2312,#2405,#2498,#2520,#2537,#2554,#2571,#2588,#2605,#2617,#2634,
    #2660,#2672));
#39 = ADVANCED_FACE('',(#40),#76,.T.);
#40 = FACE_BOUND('',#41,.F.);
#41 = EDGE_LOOP('',(#42,#52,#61,#69));
#42 = ORIENTED_EDGE('',*,*,#43,.T.);
#43 = EDGE_CURVE('',#44,#46,#48,.T.);
#44 = VERTEX_POINT('',#45);
#45 = CARTESIAN_POINT('',(1.433578643763,-2.475,0.));
#46 = VERTEX_POINT('',#47);
#47 = CARTESIAN_POINT('',(1.433578643763,-2.475,1.45));
#48 = LINE('',#49,#50);
#49 = CARTESIAN_POINT('',(1.433578643763,-2.475,0.));
#50 = VECTOR('',#51,1.);
#51 = DIRECTION('',(0.,0.,1.));
#52 = ORIENTED_EDGE('',*,*,#53,.T.);
#53 = EDGE_CURVE('',#46,#54,#56,.T.);
#54 = VERTEX_POINT('',#55);
#55 = CARTESIAN_POINT('',(1.504289321881,-2.445710678119,1.45));
#56 = CIRCLE('',#57,0.1);
#57 = AXIS2_PLACEMENT_3D('',#58,#59,#60);
#58 = CARTESIAN_POINT('',(1.433578643763,-2.375,1.45));
#59 = DIRECTION('',(0.,0.,1.));
#60 = DIRECTION('',(6.661338147751E-15,-1.,0.));
#61 = ORIENTED_EDGE('',*,*,#62,.F.);
#62 = EDGE_CURVE('',#63,#54,#65,.T.);
#63 = VERTEX_POINT('',#64);
#64 = CARTESIAN_POINT('',(1.504289321881,-2.445710678119,0.));
#65 = LINE('',#66,#67);
#66 = CARTESIAN_POINT('',(1.504289321881,-2.445710678119,0.));
#67 = VECTOR('',#68,1.);
#68 = DIRECTION('',(0.,0.,1.));
#69 = ORIENTED_EDGE('',*,*,#70,.F.);
#70 = EDGE_CURVE('',#44,#63,#71,.T.);
#71 = CIRCLE('',#72,0.1);
#72 = AXIS2_PLACEMENT_3D('',#73,#74,#75);
#73 = CARTESIAN_POINT('',(1.433578643763,-2.375,0.));
#74 = DIRECTION('',(0.,0.,1.));
#75 = DIRECTION('',(6.661338147751E-15,-1.,0.));
#76 = CYLINDRICAL_SURFACE('',#77,0.1);
#77 = AXIS2_PLACEMENT_3D('',#78,#79,#80);
#78 = CARTESIAN_POINT('',(1.433578643763,-2.375,0.));
#79 = DIRECTION('',(-0.,-0.,-1.));
#80 = DIRECTION('',(6.661338147751E-15,-1.,0.));
#81 = ADVANCED_FACE('',(#82),#107,.F.);
#82 = FACE_BOUND('',#83,.F.);
#83 = EDGE_LOOP('',(#84,#94,#100,#101));
#84 = ORIENTED_EDGE('',*,*,#85,.T.);
#85 = EDGE_CURVE('',#86,#88,#90,.T.);
#86 = VERTEX_POINT('',#87);
#87 = CARTESIAN_POINT('',(-1.433578643763,-2.475,0.));
#88 = VERTEX_POINT('',#89);
#89 = CARTESIAN_POINT('',(-1.433578643763,-2.475,1.45));
#90 = LINE('',#91,#92);
#91 = CARTESIAN_POINT('',(-1.433578643763,-2.475,0.));
#92 = VECTOR('',#93,1.);
#93 = DIRECTION('',(0.,0.,1.));
#94 = ORIENTED_EDGE('',*,*,#95,.T.);
#95 = EDGE_CURVE('',#88,#46,#96,.T.);
#96 = LINE('',#97,#98);
#97 = CARTESIAN_POINT('',(-1.433578643763,-2.475,1.45));
#98 = VECTOR('',#99,1.);
#99 = DIRECTION('',(1.,0.,0.));
#100 = ORIENTED_EDGE('',*,*,#43,.F.);
#101 = ORIENTED_EDGE('',*,*,#102,.F.);
#102 = EDGE_CURVE('',#86,#44,#103,.T.);
#103 = LINE('',#104,#105);
#104 = CARTESIAN_POINT('',(-1.433578643763,-2.475,0.));
#105 = VECTOR('',#106,1.);
#106 = DIRECTION('',(1.,0.,0.));
#107 = PLANE('',#108);
#108 = AXIS2_PLACEMENT_3D('',#109,#110,#111);
#109 = CARTESIAN_POINT('',(-1.433578643763,-2.475,0.));
#110 = DIRECTION('',(0.,1.,0.));
#111 = DIRECTION('',(1.,0.,0.));
#112 = ADVANCED_FACE('',(#113),#154,.F.);
#113 = FACE_BOUND('',#114,.F.);
#114 = EDGE_LOOP('',(#115,#123,#124,#132,#140,#148));
#115 = ORIENTED_EDGE('',*,*,#116,.F.);
#116 = EDGE_CURVE('',#63,#117,#119,.T.);
#117 = VERTEX_POINT('',#118);
#118 = CARTESIAN_POINT('',(1.85,-2.1,0.));
#119 = LINE('',#120,#121);
#120 = CARTESIAN_POINT('',(1.504289321881,-2.445710678119,0.));
#121 = VECTOR('',#122,1.);
#122 = DIRECTION('',(0.707106781187,0.707106781187,0.));
#123 = ORIENTED_EDGE('',*,*,#62,.T.);
#124 = ORIENTED_EDGE('',*,*,#125,.T.);
#125 = EDGE_CURVE('',#54,#126,#128,.T.);
#126 = VERTEX_POINT('',#127);
#127 = CARTESIAN_POINT('',(2.445710678119,-1.504289321881,1.45));
#128 = LINE('',#129,#130);
#129 = CARTESIAN_POINT('',(1.504289321881,-2.445710678119,1.45));
#130 = VECTOR('',#131,1.);
#131 = DIRECTION('',(0.707106781187,0.707106781187,0.));
#132 = ORIENTED_EDGE('',*,*,#133,.F.);
#133 = EDGE_CURVE('',#134,#126,#136,.T.);
#134 = VERTEX_POINT('',#135);
#135 = CARTESIAN_POINT('',(2.445710678119,-1.504289321881,0.35));
#136 = LINE('',#137,#138);
#137 = CARTESIAN_POINT('',(2.445710678119,-1.504289321881,0.));
#138 = VECTOR('',#139,1.);
#139 = DIRECTION('',(0.,0.,1.));
#140 = ORIENTED_EDGE('',*,*,#141,.F.);
#141 = EDGE_CURVE('',#142,#134,#144,.T.);
#142 = VERTEX_POINT('',#143);
#143 = CARTESIAN_POINT('',(1.85,-2.1,0.35));
#144 = LINE('',#145,#146);
#145 = CARTESIAN_POINT('',(1.508394660941,-2.441605339059,0.35));
#146 = VECTOR('',#147,1.);
#147 = DIRECTION('',(0.707106781187,0.707106781187,-0.));
#148 = ORIENTED_EDGE('',*,*,#149,.T.);
#149 = EDGE_CURVE('',#142,#117,#150,.T.);
#150 = LINE('',#151,#152);
#151 = CARTESIAN_POINT('',(1.85,-2.1,0.));
#152 = VECTOR('',#153,1.);
#153 = DIRECTION('',(0.,0.,-1.));
#154 = PLANE('',#155);
#155 = AXIS2_PLACEMENT_3D('',#156,#157,#158);
#156 = CARTESIAN_POINT('',(1.504289321881,-2.445710678119,0.));
#157 = DIRECTION('',(-0.707106781187,0.707106781187,0.));
#158 = DIRECTION('',(0.707106781187,0.707106781187,0.));
#159 = ADVANCED_FACE('',(#160),#270,.F.);
#160 = FACE_BOUND('',#161,.F.);
#161 = EDGE_LOOP('',(#162,#163,#164,#165,#173,#181,#189,#197,#206,#214,
    #223,#231,#239,#247,#255,#263));
#162 = ORIENTED_EDGE('',*,*,#102,.T.);
#163 = ORIENTED_EDGE('',*,*,#70,.T.);
#164 = ORIENTED_EDGE('',*,*,#116,.T.);
#165 = ORIENTED_EDGE('',*,*,#166,.F.);
#166 = EDGE_CURVE('',#167,#117,#169,.T.);
#167 = VERTEX_POINT('',#168);
#168 = CARTESIAN_POINT('',(1.175,-2.1,0.));
#169 = LINE('',#170,#171);
#170 = CARTESIAN_POINT('',(1.175,-2.1,0.));
#171 = VECTOR('',#172,1.);
#172 = DIRECTION('',(1.,0.,-0.));
#173 = ORIENTED_EDGE('',*,*,#174,.T.);
#174 = EDGE_CURVE('',#167,#175,#177,.T.);
#175 = VERTEX_POINT('',#176);
#176 = CARTESIAN_POINT('',(1.175,2.1,0.));
#177 = LINE('',#178,#179);
#178 = CARTESIAN_POINT('',(1.175,-2.1,0.));
#179 = VECTOR('',#180,1.);
#180 = DIRECTION('',(-0.,1.,0.));
#181 = ORIENTED_EDGE('',*,*,#182,.T.);
#182 = EDGE_CURVE('',#175,#183,#185,.T.);
#183 = VERTEX_POINT('',#184);
#184 = CARTESIAN_POINT('',(1.85,2.1,0.));
#185 = LINE('',#186,#187);
#186 = CARTESIAN_POINT('',(1.175,2.1,0.));
#187 = VECTOR('',#188,1.);
#188 = DIRECTION('',(1.,0.,-0.));
#189 = ORIENTED_EDGE('',*,*,#190,.T.);
#190 = EDGE_CURVE('',#183,#191,#193,.T.);
#191 = VERTEX_POINT('',#192);
#192 = CARTESIAN_POINT('',(1.504289321881,2.445710678119,0.));
#193 = LINE('',#194,#195);
#194 = CARTESIAN_POINT('',(2.445710678119,1.504289321881,0.));
#195 = VECTOR('',#196,1.);
#196 = DIRECTION('',(-0.707106781187,0.707106781187,0.));
#197 = ORIENTED_EDGE('',*,*,#198,.T.);
#198 = EDGE_CURVE('',#191,#199,#201,.T.);
#199 = VERTEX_POINT('',#200);
#200 = CARTESIAN_POINT('',(1.433578643763,2.475,0.));
#201 = CIRCLE('',#202,0.1);
#202 = AXIS2_PLACEMENT_3D('',#203,#204,#205);
#203 = CARTESIAN_POINT('',(1.433578643763,2.375,0.));
#204 = DIRECTION('',(0.,0.,1.));
#205 = DIRECTION('',(0.707106781187,0.707106781187,-0.));
#206 = ORIENTED_EDGE('',*,*,#207,.T.);
#207 = EDGE_CURVE('',#199,#208,#210,.T.);
#208 = VERTEX_POINT('',#209);
#209 = CARTESIAN_POINT('',(-1.433578643763,2.475,0.));
#210 = LINE('',#211,#212);
#211 = CARTESIAN_POINT('',(1.433578643763,2.475,0.));
#212 = VECTOR('',#213,1.);
#213 = DIRECTION('',(-1.,0.,0.));
#214 = ORIENTED_EDGE('',*,*,#215,.T.);
#215 = EDGE_CURVE('',#208,#216,#218,.T.);
#216 = VERTEX_POINT('',#217);
#217 = CARTESIAN_POINT('',(-1.504289321881,2.445710678119,0.));
#218 = CIRCLE('',#219,0.1);
#219 = AXIS2_PLACEMENT_3D('',#220,#221,#222);
#220 = CARTESIAN_POINT('',(-1.433578643763,2.375,0.));
#221 = DIRECTION('',(0.,0.,1.));
#222 = DIRECTION('',(-6.661338147751E-15,1.,0.));
#223 = ORIENTED_EDGE('',*,*,#224,.T.);
#224 = EDGE_CURVE('',#216,#225,#227,.T.);
#225 = VERTEX_POINT('',#226);
#226 = CARTESIAN_POINT('',(-1.85,2.1,0.));
#227 = LINE('',#228,#229);
#228 = CARTESIAN_POINT('',(-1.504289321881,2.445710678119,0.));
#229 = VECTOR('',#230,1.);
#230 = DIRECTION('',(-0.707106781187,-0.707106781187,0.));
#231 = ORIENTED_EDGE('',*,*,#232,.T.);
#232 = EDGE_CURVE('',#225,#233,#235,.T.);
#233 = VERTEX_POINT('',#234);
#234 = CARTESIAN_POINT('',(-1.175,2.1,0.));
#235 = LINE('',#236,#237);
#236 = CARTESIAN_POINT('',(-2.475,2.1,0.));
#237 = VECTOR('',#238,1.);
#238 = DIRECTION('',(1.,0.,-0.));
#239 = ORIENTED_EDGE('',*,*,#240,.F.);
#240 = EDGE_CURVE('',#241,#233,#243,.T.);
#241 = VERTEX_POINT('',#242);
#242 = CARTESIAN_POINT('',(-1.175,-2.1,0.));
#243 = LINE('',#244,#245);
#244 = CARTESIAN_POINT('',(-1.175,-2.1,0.));
#245 = VECTOR('',#246,1.);
#246 = DIRECTION('',(-0.,1.,0.));
#247 = ORIENTED_EDGE('',*,*,#248,.F.);
#248 = EDGE_CURVE('',#249,#241,#251,.T.);
#249 = VERTEX_POINT('',#250);
#250 = CARTESIAN_POINT('',(-1.85,-2.1,0.));
#251 = LINE('',#252,#253);
#252 = CARTESIAN_POINT('',(-2.475,-2.1,0.));
#253 = VECTOR('',#254,1.);
#254 = DIRECTION('',(1.,0.,-0.));
#255 = ORIENTED_EDGE('',*,*,#256,.T.);
#256 = EDGE_CURVE('',#249,#257,#259,.T.);
#257 = VERTEX_POINT('',#258);
#258 = CARTESIAN_POINT('',(-1.504289321881,-2.445710678119,0.));
#259 = LINE('',#260,#261);
#260 = CARTESIAN_POINT('',(-2.445710678119,-1.504289321881,0.));
#261 = VECTOR('',#262,1.);
#262 = DIRECTION('',(0.707106781187,-0.707106781187,0.));
#263 = ORIENTED_EDGE('',*,*,#264,.T.);
#264 = EDGE_CURVE('',#257,#86,#265,.T.);
#265 = CIRCLE('',#266,0.1);
#266 = AXIS2_PLACEMENT_3D('',#267,#268,#269);
#267 = CARTESIAN_POINT('',(-1.433578643763,-2.375,0.));
#268 = DIRECTION('',(0.,0.,1.));
#269 = DIRECTION('',(-0.707106781187,-0.707106781187,0.));
#270 = PLANE('',#271);
#271 = AXIS2_PLACEMENT_3D('',#272,#273,#274);
#272 = CARTESIAN_POINT('',(2.549213197055E-17,-5.098426394111E-17,0.));
#273 = DIRECTION('',(0.,0.,1.));
#274 = DIRECTION('',(1.,0.,-0.));
#275 = ADVANCED_FACE('',(#276),#317,.T.);
#276 = FACE_BOUND('',#277,.T.);
#277 = EDGE_LOOP('',(#278,#279,#293,#305));
#278 = ORIENTED_EDGE('',*,*,#53,.T.);
#279 = ORIENTED_EDGE('',*,*,#280,.T.);
#280 = EDGE_CURVE('',#54,#281,#283,.T.);
#281 = VERTEX_POINT('',#282);
#282 = CARTESIAN_POINT('',(1.504289321881,-2.445710678119,3.3));
#283 = ( BOUNDED_CURVE() B_SPLINE_CURVE(5,(#284,#285,#286,#287,#288,#289
,#290,#291,#292),.UNSPECIFIED.,.F.,.F.) B_SPLINE_CURVE_WITH_KNOTS((6,3,6
),(0.,0.5,1.),.UNSPECIFIED.) CURVE() GEOMETRIC_REPRESENTATION_ITEM() 
RATIONAL_B_SPLINE_CURVE((1.,1.,1.,1.,1.,1.,1.,1.,1.)) 
REPRESENTATION_ITEM('') );
#284 = CARTESIAN_POINT('',(1.504289321881,-2.445710678119,1.45));
#285 = CARTESIAN_POINT('',(1.553374734435,-2.24897108763,1.605995886476)
  );
#286 = CARTESIAN_POINT('',(1.594452571279,-2.084326718184,1.780488706093
    ));
#287 = CARTESIAN_POINT('',(1.644549406028,-1.883533239215,1.930929148474
    ));
#288 = CARTESIAN_POINT('',(1.708888547395,-1.625655069989,2.375));
#289 = CARTESIAN_POINT('',(1.644549406028,-1.883533239215,2.819070851526
    ));
#290 = CARTESIAN_POINT('',(1.594452571279,-2.084326718184,2.969511293906
    ));
#291 = CARTESIAN_POINT('',(1.553374734435,-2.24897108763,3.144004113524)
  );
#292 = CARTESIAN_POINT('',(1.504289321881,-2.445710678119,3.3));
#293 = ORIENTED_EDGE('',*,*,#294,.F.);
#294 = EDGE_CURVE('',#295,#281,#297,.T.);
#295 = VERTEX_POINT('',#296);
#296 = CARTESIAN_POINT('',(1.433578643763,-2.475,3.3));
#297 = B_SPLINE_CURVE_WITH_KNOTS('',6,(#298,#299,#300,#301,#302,#303,
    #304),.UNSPECIFIED.,.F.,.F.,(7,7),(0.,1.),.PIECEWISE_BEZIER_KNOTS.);
#298 = CARTESIAN_POINT('',(1.433578643763,-2.475,3.3));
#299 = CARTESIAN_POINT('',(1.446668613153,-2.475,3.3));
#300 = CARTESIAN_POINT('',(1.459758748451,-2.472944293804,3.3));
#301 = CARTESIAN_POINT('',(1.472444572346,-2.4688306519,3.3));
#302 = CARTESIAN_POINT('',(1.484323588533,-2.462769203884,3.3));
#303 = CARTESIAN_POINT('',(1.49503331576,-2.45496668424,3.3));
#304 = CARTESIAN_POINT('',(1.504289321881,-2.445710678119,3.3));
#305 = ORIENTED_EDGE('',*,*,#306,.F.);
#306 = EDGE_CURVE('',#46,#295,#307,.T.);
#307 = ( BOUNDED_CURVE() B_SPLINE_CURVE(5,(#308,#309,#310,#311,#312,#313
,#314,#315,#316),.UNSPECIFIED.,.F.,.F.) B_SPLINE_CURVE_WITH_KNOTS((6,3,6
),(0.,0.5,1.),.UNSPECIFIED.) CURVE() GEOMETRIC_REPRESENTATION_ITEM() 
RATIONAL_B_SPLINE_CURVE((1.,1.,1.,1.,1.,1.,1.,1.,1.)) 
REPRESENTATION_ITEM('') );
#308 = CARTESIAN_POINT('',(1.433578643763,-2.475,1.45));
#309 = CARTESIAN_POINT('',(1.231049650806,-2.382482508762,1.605995886476
    ));
#310 = CARTESIAN_POINT('',(1.06156033624,-2.30505790922,1.780488706093)
  );
#311 = CARTESIAN_POINT('',(0.854858162128,-2.210634062525,1.930929148474
    ));
#312 = CARTESIAN_POINT('',(0.589391482091,-2.089365937475,2.375));
#313 = CARTESIAN_POINT('',(0.854858162128,-2.210634062525,2.819070851526
    ));
#314 = CARTESIAN_POINT('',(1.06156033624,-2.30505790922,2.969511293907)
  );
#315 = CARTESIAN_POINT('',(1.231049650806,-2.382482508762,3.144004113524
    ));
#316 = CARTESIAN_POINT('',(1.433578643763,-2.475,3.3));
#317 = ( BOUNDED_SURFACE() B_SPLINE_SURFACE(6,5,(
    (#318,#319,#320,#321,#322,#323,#324,#325,#326)
    ,(#327,#328,#329,#330,#331,#332,#333,#334,#335)
    ,(#336,#337,#338,#339,#340,#341,#342,#343,#344)
    ,(#345,#346,#347,#348,#349,#350,#351,#352,#353)
    ,(#354,#355,#356,#357,#358,#359,#360,#361,#362)
    ,(#363,#364,#365,#366,#367,#368,#369,#370,#371)
    ,(#372,#373,#374,#375,#376,#377,#378,#379,#380
)),.UNSPECIFIED.,.F.,.F.,.F.) B_SPLINE_SURFACE_WITH_KNOTS((7,7),(6,3,6),
(0.,1.),(0.,0.5,1.),.UNSPECIFIED.) GEOMETRIC_REPRESENTATION_ITEM() 
RATIONAL_B_SPLINE_SURFACE((
    (1.,1.,1.,1.,1.,1.,1.,1.,1.)
    ,(1.,1.,1.,1.,1.,1.,1.,1.,1.)
    ,(1.,1.,1.,1.,1.,1.,1.,1.,1.)
    ,(1.,1.,1.,1.,1.,1.,1.,1.,1.)
    ,(1.,1.,1.,1.,1.,1.,1.,1.,1.)
    ,(1.,1.,1.,1.,1.,1.,1.,1.,1.)
,(1.,1.,1.,1.,1.,1.,1.,1.,1.))) REPRESENTATION_ITEM('') SURFACE() );
#318 = CARTESIAN_POINT('',(1.433578643763,-2.475,1.45));
#319 = CARTESIAN_POINT('',(1.231049650806,-2.382482508762,1.605995886476
    ));
#320 = CARTESIAN_POINT('',(1.06156033624,-2.30505790922,1.780488706093)
  );
#321 = CARTESIAN_POINT('',(0.854858162128,-2.210634062525,1.930929148474
    ));
#322 = CARTESIAN_POINT('',(0.589391482091,-2.089365937475,2.375));
#323 = CARTESIAN_POINT('',(0.854858162128,-2.210634062525,2.819070851526
    ));
#324 = CARTESIAN_POINT('',(1.06156033624,-2.30505790922,2.969511293907)
  );
#325 = CARTESIAN_POINT('',(1.231049650806,-2.382482508762,3.144004113524
    ));
#326 = CARTESIAN_POINT('',(1.433578643763,-2.475,3.3));
#327 = CARTESIAN_POINT('',(1.446668613153,-2.475,1.45));
#328 = CARTESIAN_POINT('',(1.290718509747,-2.382482508762,1.605995886476
    ));
#329 = CARTESIAN_POINT('',(1.160209412029,-2.30505790922,1.780488706093)
  );
#330 = CARTESIAN_POINT('',(1.001045901875,-2.210634062525,1.930929148474
    ));
#331 = CARTESIAN_POINT('',(0.796632915873,-2.089365937475,2.375));
#332 = CARTESIAN_POINT('',(1.001045901875,-2.210634062525,2.819070851526
    ));
#333 = CARTESIAN_POINT('',(1.160209412029,-2.30505790922,2.969511293906)
  );
#334 = CARTESIAN_POINT('',(1.290718509747,-2.382482508762,3.144004113524
    ));
#335 = CARTESIAN_POINT('',(1.446668613153,-2.475,3.3));
#336 = CARTESIAN_POINT('',(1.459758748451,-2.472944293804,1.45));
#337 = CARTESIAN_POINT('',(1.350387133867,-2.373109456782,1.605995886476
    ));
#338 = CARTESIAN_POINT('',(1.258858378476,-2.289562343234,1.780488706093
    ));
#339 = CARTESIAN_POINT('',(1.147233387021,-2.187671010962,1.930929148474
    ));
#340 = CARTESIAN_POINT('',(1.003874013932,-2.056812682048,2.375));
#341 = CARTESIAN_POINT('',(1.147233387021,-2.187671010962,2.819070851526
    ));
#342 = CARTESIAN_POINT('',(1.258858378476,-2.289562343234,2.969511293907
    ));
#343 = CARTESIAN_POINT('',(1.350387133867,-2.373109456782,3.144004113524
    ));
#344 = CARTESIAN_POINT('',(1.459758748451,-2.472944293804,3.3));
#345 = CARTESIAN_POINT('',(1.472444572346,-2.4688306519,1.45));
#346 = CARTESIAN_POINT('',(1.408216525168,-2.354364674888,1.605995886476
    ));
#347 = CARTESIAN_POINT('',(1.3544655262,-2.258570165236,1.780488706093)
  );
#348 = CARTESIAN_POINT('',(1.288913562805,-2.141744430451,1.930929148474
    ));
#349 = CARTESIAN_POINT('',(1.204725278881,-1.991705202282,2.375));
#350 = CARTESIAN_POINT('',(1.288913562805,-2.141744430451,2.819070851526
    ));
#351 = CARTESIAN_POINT('',(1.3544655262,-2.258570165236,2.969511293906)
  );
#352 = CARTESIAN_POINT('',(1.408216525168,-2.354364674888,3.144004113524
    ));
#353 = CARTESIAN_POINT('',(1.472444572346,-2.4688306519,3.3));
#354 = CARTESIAN_POINT('',(1.484323588533,-2.462769203884,1.45));
#355 = CARTESIAN_POINT('',(1.462362642296,-2.326727682537,1.605995886476
    ));
#356 = CARTESIAN_POINT('',(1.443984767911,-2.212880481977,1.780488706093
    ));
#357 = CARTESIAN_POINT('',(1.421571572378,-2.07403641391,1.930929148474)
  );
#358 = CARTESIAN_POINT('',(1.392786510785,-1.895719851276,2.375));
#359 = CARTESIAN_POINT('',(1.421571572378,-2.07403641391,2.819070851526)
  );
#360 = CARTESIAN_POINT('',(1.443984767911,-2.212880481976,2.969511293907
    ));
#361 = CARTESIAN_POINT('',(1.462362642296,-2.326727682537,3.144004113524
    ));
#362 = CARTESIAN_POINT('',(1.484323588533,-2.462769203884,3.3));
#363 = CARTESIAN_POINT('',(1.49503331576,-2.45496668424,1.45));
#364 = CARTESIAN_POINT('',(1.511182479652,-2.291163342413,1.605995886476
    ));
#365 = CARTESIAN_POINT('',(1.524697140831,-2.154082148632,1.780488706093
    ));
#366 = CARTESIAN_POINT('',(1.541179063926,-1.986903581316,1.930929148474
    ));
#367 = CARTESIAN_POINT('',(1.562346724225,-1.772196893159,2.375));
#368 = CARTESIAN_POINT('',(1.541179063926,-1.986903581316,2.819070851526
    ));
#369 = CARTESIAN_POINT('',(1.524697140831,-2.154082148632,2.969511293906
    ));
#370 = CARTESIAN_POINT('',(1.511182479652,-2.291163342413,3.144004113524
    ));
#371 = CARTESIAN_POINT('',(1.49503331576,-2.45496668424,3.3));
#372 = CARTESIAN_POINT('',(1.504289321881,-2.445710678119,1.45));
#373 = CARTESIAN_POINT('',(1.553374734435,-2.24897108763,1.605995886476)
  );
#374 = CARTESIAN_POINT('',(1.594452571279,-2.084326718184,1.780488706093
    ));
#375 = CARTESIAN_POINT('',(1.644549406028,-1.883533239215,1.930929148474
    ));
#376 = CARTESIAN_POINT('',(1.708888547395,-1.625655069989,2.375));
#377 = CARTESIAN_POINT('',(1.644549406028,-1.883533239215,2.819070851526
    ));
#378 = CARTESIAN_POINT('',(1.594452571279,-2.084326718184,2.969511293906
    ));
#379 = CARTESIAN_POINT('',(1.553374734435,-2.24897108763,3.144004113524)
  );
#380 = CARTESIAN_POINT('',(1.504289321881,-2.445710678119,3.3));
#381 = ADVANCED_FACE('',(#382),#401,.T.);
#382 = FACE_BOUND('',#383,.F.);
#383 = EDGE_LOOP('',(#384,#392,#399,#400));
#384 = ORIENTED_EDGE('',*,*,#385,.T.);
#385 = EDGE_CURVE('',#257,#386,#388,.T.);
#386 = VERTEX_POINT('',#387);
#387 = CARTESIAN_POINT('',(-1.504289321881,-2.445710678119,1.45));
#388 = LINE('',#389,#390);
#389 = CARTESIAN_POINT('',(-1.504289321881,-2.445710678119,0.));
#390 = VECTOR('',#391,1.);
#391 = DIRECTION('',(0.,0.,1.));
#392 = ORIENTED_EDGE('',*,*,#393,.T.);
#393 = EDGE_CURVE('',#386,#88,#394,.T.);
#394 = CIRCLE('',#395,0.1);
#395 = AXIS2_PLACEMENT_3D('',#396,#397,#398);
#396 = CARTESIAN_POINT('',(-1.433578643763,-2.375,1.45));
#397 = DIRECTION('',(0.,0.,1.));
#398 = DIRECTION('',(-0.707106781187,-0.707106781187,0.));
#399 = ORIENTED_EDGE('',*,*,#85,.F.);
#400 = ORIENTED_EDGE('',*,*,#264,.F.);
#401 = CYLINDRICAL_SURFACE('',#402,0.1);
#402 = AXIS2_PLACEMENT_3D('',#403,#404,#405);
#403 = CARTESIAN_POINT('',(-1.433578643763,-2.375,0.));
#404 = DIRECTION('',(-0.,-0.,-1.));
#405 = DIRECTION('',(-0.707106781187,-0.707106781187,0.));
#406 = ADVANCED_FACE('',(#407),#435,.T.);
#407 = FACE_BOUND('',#408,.T.);
#408 = EDGE_LOOP('',(#409,#410,#411,#423));
#409 = ORIENTED_EDGE('',*,*,#95,.T.);
#410 = ORIENTED_EDGE('',*,*,#306,.T.);
#411 = ORIENTED_EDGE('',*,*,#412,.F.);
#412 = EDGE_CURVE('',#413,#295,#415,.T.);
#413 = VERTEX_POINT('',#414);
#414 = CARTESIAN_POINT('',(-1.433578643763,-2.475,3.3));
#415 = B_SPLINE_CURVE_WITH_KNOTS('',6,(#416,#417,#418,#419,#420,#421,
    #422),.UNSPECIFIED.,.F.,.F.,(7,7),(15.,16.),
  .PIECEWISE_BEZIER_KNOTS.);
#416 = CARTESIAN_POINT('',(-1.433578643763,-2.475,3.3));
#417 = CARTESIAN_POINT('',(-0.955719095842,-2.475,3.3));
#418 = CARTESIAN_POINT('',(-0.477859547921,-2.475,3.3));
#419 = CARTESIAN_POINT('',(-1.850371707709E-17,-2.475,3.3));
#420 = CARTESIAN_POINT('',(0.477859547921,-2.475,3.3));
#421 = CARTESIAN_POINT('',(0.955719095842,-2.475,3.3));
#422 = CARTESIAN_POINT('',(1.433578643763,-2.475,3.3));
#423 = ORIENTED_EDGE('',*,*,#424,.F.);
#424 = EDGE_CURVE('',#88,#413,#425,.T.);
#425 = ( BOUNDED_CURVE() B_SPLINE_CURVE(5,(#426,#427,#428,#429,#430,#431
,#432,#433,#434),.UNSPECIFIED.,.F.,.F.) B_SPLINE_CURVE_WITH_KNOTS((6,3,6
),(0.,0.5,1.),.UNSPECIFIED.) CURVE() GEOMETRIC_REPRESENTATION_ITEM() 
RATIONAL_B_SPLINE_CURVE((1.,1.,1.,1.,1.,1.,1.,1.,1.)) 
REPRESENTATION_ITEM('') );
#426 = CARTESIAN_POINT('',(-1.433578643763,-2.475,1.45));
#427 = CARTESIAN_POINT('',(-1.231049650806,-2.382482508762,
    1.605995886476));
#428 = CARTESIAN_POINT('',(-1.06156033624,-2.30505790922,1.780488706093)
  );
#429 = CARTESIAN_POINT('',(-0.854858162128,-2.210634062525,
    1.930929148474));
#430 = CARTESIAN_POINT('',(-0.589391482091,-2.089365937475,2.375));
#431 = CARTESIAN_POINT('',(-0.854858162128,-2.210634062525,
    2.819070851526));
#432 = CARTESIAN_POINT('',(-1.06156033624,-2.30505790922,2.969511293906)
  );
#433 = CARTESIAN_POINT('',(-1.231049650806,-2.382482508762,
    3.144004113524));
#434 = CARTESIAN_POINT('',(-1.433578643763,-2.475,3.3));
#435 = ( BOUNDED_SURFACE() B_SPLINE_SURFACE(6,5,(
    (#436,#437,#438,#439,#440,#441,#442,#443,#444)
    ,(#445,#446,#447,#448,#449,#450,#451,#452,#453)
    ,(#454,#455,#456,#457,#458,#459,#460,#461,#462)
    ,(#463,#464,#465,#466,#467,#468,#469,#470,#471)
    ,(#472,#473,#474,#475,#476,#477,#478,#479,#480)
    ,(#481,#482,#483,#484,#485,#486,#487,#488,#489)
    ,(#490,#491,#492,#493,#494,#495,#496,#497,#498
)),.UNSPECIFIED.,.F.,.F.,.F.) B_SPLINE_SURFACE_WITH_KNOTS((7,7),(6,3,6),
(15.,16.),(0.,0.5,1.),.UNSPECIFIED.) GEOMETRIC_REPRESENTATION_ITEM() 
RATIONAL_B_SPLINE_SURFACE((
    (1.,1.,1.,1.,1.,1.,1.,1.,1.)
    ,(1.,1.,1.,1.,1.,1.,1.,1.,1.)
    ,(1.,1.,1.,1.,1.,1.,1.,1.,1.)
    ,(1.,1.,1.,1.,1.,1.,1.,1.,1.)
    ,(1.,1.,1.,1.,1.,1.,1.,1.,1.)
    ,(1.,1.,1.,1.,1.,1.,1.,1.,1.)
,(1.,1.,1.,1.,1.,1.,1.,1.,1.))) REPRESENTATION_ITEM('') SURFACE() );
#436 = CARTESIAN_POINT('',(-1.433578643763,-2.475,1.45));
#437 = CARTESIAN_POINT('',(-1.231049650806,-2.382482508762,
    1.605995886476));
#438 = CARTESIAN_POINT('',(-1.06156033624,-2.30505790922,1.780488706093)
  );
#439 = CARTESIAN_POINT('',(-0.854858162128,-2.210634062525,
    1.930929148474));
#440 = CARTESIAN_POINT('',(-0.589391482091,-2.089365937475,2.375));
#441 = CARTESIAN_POINT('',(-0.854858162128,-2.210634062525,
    2.819070851526));
#442 = CARTESIAN_POINT('',(-1.06156033624,-2.30505790922,2.969511293906)
  );
#443 = CARTESIAN_POINT('',(-1.231049650806,-2.382482508762,
    3.144004113524));
#444 = CARTESIAN_POINT('',(-1.433578643763,-2.475,3.3));
#445 = CARTESIAN_POINT('',(-0.955719095842,-2.475,1.45));
#446 = CARTESIAN_POINT('',(-0.820699767204,-2.382482508762,
    1.605995886476));
#447 = CARTESIAN_POINT('',(-0.707706890827,-2.30505790922,1.780488706093
    ));
#448 = CARTESIAN_POINT('',(-0.569905441418,-2.210634062525,
    1.930929148474));
#449 = CARTESIAN_POINT('',(-0.392927654727,-2.089365937475,2.375));
#450 = CARTESIAN_POINT('',(-0.569905441418,-2.210634062525,
    2.819070851526));
#451 = CARTESIAN_POINT('',(-0.707706890827,-2.30505790922,2.969511293906
    ));
#452 = CARTESIAN_POINT('',(-0.820699767204,-2.382482508762,
    3.144004113524));
#453 = CARTESIAN_POINT('',(-0.955719095842,-2.475,3.3));
#454 = CARTESIAN_POINT('',(-0.477859547921,-2.475,1.45));
#455 = CARTESIAN_POINT('',(-0.410349883602,-2.382482508762,
    1.605995886476));
#456 = CARTESIAN_POINT('',(-0.353853445413,-2.30505790922,1.780488706093
    ));
#457 = CARTESIAN_POINT('',(-0.284952720709,-2.210634062525,
    1.930929148474));
#458 = CARTESIAN_POINT('',(-0.196463827364,-2.089365937475,2.375));
#459 = CARTESIAN_POINT('',(-0.284952720709,-2.210634062525,
    2.819070851526));
#460 = CARTESIAN_POINT('',(-0.353853445413,-2.30505790922,2.969511293906
    ));
#461 = CARTESIAN_POINT('',(-0.410349883602,-2.382482508762,
    3.144004113524));
#462 = CARTESIAN_POINT('',(-0.477859547921,-2.475,3.3));
#463 = CARTESIAN_POINT('',(-1.850371707709E-17,-2.475,1.45));
#464 = CARTESIAN_POINT('',(-1.886476035751E-17,-2.382482508762,
    1.605995886476));
#465 = CARTESIAN_POINT('',(-1.429428338071E-17,-2.30505790922,
    1.780488706093));
#466 = CARTESIAN_POINT('',(4.640994849785E-17,-2.210634062525,
    1.930929148474));
#467 = CARTESIAN_POINT('',(-4.640994849785E-17,-2.089365937475,2.375));
#468 = CARTESIAN_POINT('',(4.640994849785E-17,-2.210634062525,
    2.819070851526));
#469 = CARTESIAN_POINT('',(-1.429428338071E-17,-2.30505790922,
    2.969511293906));
#470 = CARTESIAN_POINT('',(-1.886476035751E-17,-2.382482508762,
    3.144004113524));
#471 = CARTESIAN_POINT('',(-1.850371707709E-17,-2.475,3.3));
#472 = CARTESIAN_POINT('',(0.477859547921,-2.475,1.45));
#473 = CARTESIAN_POINT('',(0.410349883602,-2.382482508762,1.605995886476
    ));
#474 = CARTESIAN_POINT('',(0.353853445413,-2.30505790922,1.780488706093)
  );
#475 = CARTESIAN_POINT('',(0.284952720709,-2.210634062525,1.930929148474
    ));
#476 = CARTESIAN_POINT('',(0.196463827364,-2.089365937475,2.375));
#477 = CARTESIAN_POINT('',(0.284952720709,-2.210634062525,2.819070851526
    ));
#478 = CARTESIAN_POINT('',(0.353853445413,-2.30505790922,2.969511293906)
  );
#479 = CARTESIAN_POINT('',(0.410349883602,-2.382482508762,3.144004113524
    ));
#480 = CARTESIAN_POINT('',(0.477859547921,-2.475,3.3));
#481 = CARTESIAN_POINT('',(0.955719095842,-2.475,1.45));
#482 = CARTESIAN_POINT('',(0.820699767204,-2.382482508762,1.605995886476
    ));
#483 = CARTESIAN_POINT('',(0.707706890827,-2.30505790922,1.780488706093)
  );
#484 = CARTESIAN_POINT('',(0.569905441418,-2.210634062525,1.930929148474
    ));
#485 = CARTESIAN_POINT('',(0.392927654727,-2.089365937475,2.375));
#486 = CARTESIAN_POINT('',(0.569905441418,-2.210634062525,2.819070851526
    ));
#487 = CARTESIAN_POINT('',(0.707706890827,-2.30505790922,2.969511293906)
  );
#488 = CARTESIAN_POINT('',(0.820699767204,-2.382482508762,3.144004113524
    ));
#489 = CARTESIAN_POINT('',(0.955719095842,-2.475,3.3));
#490 = CARTESIAN_POINT('',(1.433578643763,-2.475,1.45));
#491 = CARTESIAN_POINT('',(1.231049650806,-2.382482508762,1.605995886476
    ));
#492 = CARTESIAN_POINT('',(1.06156033624,-2.30505790922,1.780488706093)
  );
#493 = CARTESIAN_POINT('',(0.854858162128,-2.210634062525,1.930929148474
    ));
#494 = CARTESIAN_POINT('',(0.589391482091,-2.089365937475,2.375));
#495 = CARTESIAN_POINT('',(0.854858162128,-2.210634062525,2.819070851526
    ));
#496 = CARTESIAN_POINT('',(1.06156033624,-2.30505790922,2.969511293906)
  );
#497 = CARTESIAN_POINT('',(1.231049650806,-2.382482508762,3.144004113524
    ));
#498 = CARTESIAN_POINT('',(1.433578643763,-2.475,3.3));
#499 = ADVANCED_FACE('',(#500),#518,.T.);
#500 = FACE_BOUND('',#501,.T.);
#501 = EDGE_LOOP('',(#502,#503,#511,#517));
#502 = ORIENTED_EDGE('',*,*,#166,.F.);
#503 = ORIENTED_EDGE('',*,*,#504,.T.);
#504 = EDGE_CURVE('',#167,#505,#507,.T.);
#505 = VERTEX_POINT('',#506);
#506 = CARTESIAN_POINT('',(1.175,-2.1,0.35));
#507 = LINE('',#508,#509);
#508 = CARTESIAN_POINT('',(1.175,-2.1,0.));
#509 = VECTOR('',#510,1.);
#510 = DIRECTION('',(0.,0.,1.));
#511 = ORIENTED_EDGE('',*,*,#512,.T.);
#512 = EDGE_CURVE('',#505,#142,#513,.T.);
#513 = LINE('',#514,#515);
#514 = CARTESIAN_POINT('',(1.175,-2.1,0.35));
#515 = VECTOR('',#516,1.);
#516 = DIRECTION('',(1.,0.,-0.));
#517 = ORIENTED_EDGE('',*,*,#149,.T.);
#518 = PLANE('',#519);
#519 = AXIS2_PLACEMENT_3D('',#520,#521,#522);
#520 = CARTESIAN_POINT('',(1.175,-2.1,0.));
#521 = DIRECTION('',(-0.,1.,0.));
#522 = DIRECTION('',(0.,0.,1.));
#523 = ADVANCED_FACE('',(#524),#576,.F.);
#524 = FACE_BOUND('',#525,.F.);
#525 = EDGE_LOOP('',(#526,#536,#542,#543,#544,#553,#561,#570));
#526 = ORIENTED_EDGE('',*,*,#527,.F.);
#527 = EDGE_CURVE('',#528,#530,#532,.T.);
#528 = VERTEX_POINT('',#529);
#529 = CARTESIAN_POINT('',(1.175,2.1,0.35));
#530 = VERTEX_POINT('',#531);
#531 = CARTESIAN_POINT('',(1.85,2.1,0.35));
#532 = LINE('',#533,#534);
#533 = CARTESIAN_POINT('',(1.175,2.1,0.35));
#534 = VECTOR('',#535,1.);
#535 = DIRECTION('',(1.,0.,-0.));
#536 = ORIENTED_EDGE('',*,*,#537,.F.);
#537 = EDGE_CURVE('',#505,#528,#538,.T.);
#538 = LINE('',#539,#540);
#539 = CARTESIAN_POINT('',(1.175,-2.1,0.35));
#540 = VECTOR('',#541,1.);
#541 = DIRECTION('',(-0.,1.,0.));
#542 = ORIENTED_EDGE('',*,*,#512,.T.);
#543 = ORIENTED_EDGE('',*,*,#141,.T.);
#544 = ORIENTED_EDGE('',*,*,#545,.F.);
#545 = EDGE_CURVE('',#546,#134,#548,.T.);
#546 = VERTEX_POINT('',#547);
#547 = CARTESIAN_POINT('',(2.475,-1.433578643763,0.35));
#548 = CIRCLE('',#549,0.1);
#549 = AXIS2_PLACEMENT_3D('',#550,#551,#552);
#550 = CARTESIAN_POINT('',(2.375,-1.433578643763,0.35));
#551 = DIRECTION('',(0.,-0.,-1.));
#552 = DIRECTION('',(0.707106781187,-0.707106781187,0.));
#553 = ORIENTED_EDGE('',*,*,#554,.T.);
#554 = EDGE_CURVE('',#546,#555,#557,.T.);
#555 = VERTEX_POINT('',#556);
#556 = CARTESIAN_POINT('',(2.475,1.433578643763,0.35));
#557 = LINE('',#558,#559);
#558 = CARTESIAN_POINT('',(2.475,-2.1,0.35));
#559 = VECTOR('',#560,1.);
#560 = DIRECTION('',(-0.,1.,0.));
#561 = ORIENTED_EDGE('',*,*,#562,.F.);
#562 = EDGE_CURVE('',#563,#555,#565,.T.);
#563 = VERTEX_POINT('',#564);
#564 = CARTESIAN_POINT('',(2.445710678119,1.504289321881,0.35));
#565 = CIRCLE('',#566,0.1);
#566 = AXIS2_PLACEMENT_3D('',#567,#568,#569);
#567 = CARTESIAN_POINT('',(2.375,1.433578643763,0.35));
#568 = DIRECTION('',(0.,-0.,-1.));
#569 = DIRECTION('',(1.,6.661338147751E-15,-0.));
#570 = ORIENTED_EDGE('',*,*,#571,.T.);
#571 = EDGE_CURVE('',#563,#530,#572,.T.);
#572 = LINE('',#573,#574);
#573 = CARTESIAN_POINT('',(3.029105339059,0.920894660941,0.35));
#574 = VECTOR('',#575,1.);
#575 = DIRECTION('',(-0.707106781187,0.707106781187,0.));
#576 = PLANE('',#577);
#577 = AXIS2_PLACEMENT_3D('',#578,#579,#580);
#578 = CARTESIAN_POINT('',(1.175,-2.1,0.35));
#579 = DIRECTION('',(0.,0.,1.));
#580 = DIRECTION('',(1.,0.,-0.));
#581 = ADVANCED_FACE('',(#582),#601,.T.);
#582 = FACE_BOUND('',#583,.F.);
#583 = EDGE_LOOP('',(#584,#585,#586,#595));
#584 = ORIENTED_EDGE('',*,*,#545,.T.);
#585 = ORIENTED_EDGE('',*,*,#133,.T.);
#586 = ORIENTED_EDGE('',*,*,#587,.T.);
#587 = EDGE_CURVE('',#126,#588,#590,.T.);
#588 = VERTEX_POINT('',#589);
#589 = CARTESIAN_POINT('',(2.475,-1.433578643763,1.45));
#590 = CIRCLE('',#591,0.1);
#591 = AXIS2_PLACEMENT_3D('',#592,#593,#594);
#592 = CARTESIAN_POINT('',(2.375,-1.433578643763,1.45));
#593 = DIRECTION('',(0.,0.,1.));
#594 = DIRECTION('',(0.707106781187,-0.707106781187,0.));
#595 = ORIENTED_EDGE('',*,*,#596,.F.);
#596 = EDGE_CURVE('',#546,#588,#597,.T.);
#597 = LINE('',#598,#599);
#598 = CARTESIAN_POINT('',(2.475,-1.433578643763,0.));
#599 = VECTOR('',#600,1.);
#600 = DIRECTION('',(0.,0.,1.));
#601 = CYLINDRICAL_SURFACE('',#602,0.1);
#602 = AXIS2_PLACEMENT_3D('',#603,#604,#605);
#603 = CARTESIAN_POINT('',(2.375,-1.433578643763,0.));
#604 = DIRECTION('',(-0.,-0.,-1.));
#605 = DIRECTION('',(0.707106781187,-0.707106781187,0.));
#606 = ADVANCED_FACE('',(#607),#635,.T.);
#607 = FACE_BOUND('',#608,.T.);
#608 = EDGE_LOOP('',(#609,#610,#624,#634));
#609 = ORIENTED_EDGE('',*,*,#125,.T.);
#610 = ORIENTED_EDGE('',*,*,#611,.T.);
#611 = EDGE_CURVE('',#126,#612,#614,.T.);
#612 = VERTEX_POINT('',#613);
#613 = CARTESIAN_POINT('',(2.445710678119,-1.504289321881,3.3));
#614 = ( BOUNDED_CURVE() B_SPLINE_CURVE(5,(#615,#616,#617,#618,#619,#620
,#621,#622,#623),.UNSPECIFIED.,.F.,.F.) B_SPLINE_CURVE_WITH_KNOTS((6,3,6
),(0.,0.5,1.),.UNSPECIFIED.) CURVE() GEOMETRIC_REPRESENTATION_ITEM() 
RATIONAL_B_SPLINE_CURVE((1.,1.,1.,1.,1.,1.,1.,1.,1.)) 
REPRESENTATION_ITEM('') );
#615 = CARTESIAN_POINT('',(2.445710678119,-1.504289321881,1.45));
#616 = CARTESIAN_POINT('',(2.24897108763,-1.553374734435,1.605995886476)
  );
#617 = CARTESIAN_POINT('',(2.084326718184,-1.594452571279,1.780488706093
    ));
#618 = CARTESIAN_POINT('',(1.883533239215,-1.644549406028,1.930929148474
    ));
#619 = CARTESIAN_POINT('',(1.625655069989,-1.708888547395,2.375));
#620 = CARTESIAN_POINT('',(1.883533239215,-1.644549406028,2.819070851526
    ));
#621 = CARTESIAN_POINT('',(2.084326718184,-1.594452571279,2.969511293907
    ));
#622 = CARTESIAN_POINT('',(2.24897108763,-1.553374734435,3.144004113524)
  );
#623 = CARTESIAN_POINT('',(2.445710678119,-1.504289321881,3.3));
#624 = ORIENTED_EDGE('',*,*,#625,.F.);
#625 = EDGE_CURVE('',#281,#612,#626,.T.);
#626 = B_SPLINE_CURVE_WITH_KNOTS('',6,(#627,#628,#629,#630,#631,#632,
    #633),.UNSPECIFIED.,.F.,.F.,(7,7),(1.,2.),.PIECEWISE_BEZIER_KNOTS.);
#627 = CARTESIAN_POINT('',(1.504289321881,-2.445710678119,3.3));
#628 = CARTESIAN_POINT('',(1.661192881254,-2.288807118746,3.3));
#629 = CARTESIAN_POINT('',(1.818096440627,-2.131903559373,3.3));
#630 = CARTESIAN_POINT('',(1.975,-1.975,3.3));
#631 = CARTESIAN_POINT('',(2.131903559373,-1.818096440627,3.3));
#632 = CARTESIAN_POINT('',(2.288807118746,-1.661192881254,3.3));
#633 = CARTESIAN_POINT('',(2.445710678119,-1.504289321881,3.3));
#634 = ORIENTED_EDGE('',*,*,#280,.F.);
#635 = ( BOUNDED_SURFACE() B_SPLINE_SURFACE(6,5,(
    (#636,#637,#638,#639,#640,#641,#642,#643,#644)
    ,(#645,#646,#647,#648,#649,#650,#651,#652,#653)
    ,(#654,#655,#656,#657,#658,#659,#660,#661,#662)
    ,(#663,#664,#665,#666,#667,#668,#669,#670,#671)
    ,(#672,#673,#674,#675,#676,#677,#678,#679,#680)
    ,(#681,#682,#683,#684,#685,#686,#687,#688,#689)
    ,(#690,#691,#692,#693,#694,#695,#696,#697,#698
)),.UNSPECIFIED.,.F.,.F.,.F.) B_SPLINE_SURFACE_WITH_KNOTS((7,7),(6,3,6),
(1.,2.),(0.,0.5,1.),.UNSPECIFIED.) GEOMETRIC_REPRESENTATION_ITEM() 
RATIONAL_B_SPLINE_SURFACE((
    (1.,1.,1.,1.,1.,1.,1.,1.,1.)
    ,(1.,1.,1.,1.,1.,1.,1.,1.,1.)
    ,(1.,1.,1.,1.,1.,1.,1.,1.,1.)
    ,(1.,1.,1.,1.,1.,1.,1.,1.,1.)
    ,(1.,1.,1.,1.,1.,1.,1.,1.,1.)
    ,(1.,1.,1.,1.,1.,1.,1.,1.,1.)
,(1.,1.,1.,1.,1.,1.,1.,1.,1.))) REPRESENTATION_ITEM('') SURFACE() );
#636 = CARTESIAN_POINT('',(1.504289321881,-2.445710678119,1.45));
#637 = CARTESIAN_POINT('',(1.553374734435,-2.24897108763,1.605995886476)
  );
#638 = CARTESIAN_POINT('',(1.594452571279,-2.084326718184,1.780488706093
    ));
#639 = CARTESIAN_POINT('',(1.644549406028,-1.883533239215,1.930929148474
    ));
#640 = CARTESIAN_POINT('',(1.708888547395,-1.625655069989,2.375));
#641 = CARTESIAN_POINT('',(1.644549406028,-1.883533239215,2.819070851526
    ));
#642 = CARTESIAN_POINT('',(1.594452571279,-2.084326718184,2.969511293906
    ));
#643 = CARTESIAN_POINT('',(1.553374734435,-2.24897108763,3.144004113524)
  );
#644 = CARTESIAN_POINT('',(1.504289321881,-2.445710678119,3.3));
#645 = CARTESIAN_POINT('',(1.661192881254,-2.288807118746,1.45));
#646 = CARTESIAN_POINT('',(1.669307459967,-2.133038362097,1.605995886476
    ));
#647 = CARTESIAN_POINT('',(1.67609826243,-2.002681027033,1.780488706093)
  );
#648 = CARTESIAN_POINT('',(1.684380044892,-1.84370260035,1.930929148474)
  );
#649 = CARTESIAN_POINT('',(1.695016301161,-1.639527316223,2.375));
#650 = CARTESIAN_POINT('',(1.684380044892,-1.84370260035,2.819070851526)
  );
#651 = CARTESIAN_POINT('',(1.67609826243,-2.002681027033,2.969511293906)
  );
#652 = CARTESIAN_POINT('',(1.669307459967,-2.133038362097,3.144004113524
    ));
#653 = CARTESIAN_POINT('',(1.661192881254,-2.288807118746,3.3));
#654 = CARTESIAN_POINT('',(1.818096440627,-2.131903559373,1.45));
#655 = CARTESIAN_POINT('',(1.7852401855,-2.017105636565,1.605995886476)
  );
#656 = CARTESIAN_POINT('',(1.757743953581,-1.921035335882,1.780488706093
    ));
#657 = CARTESIAN_POINT('',(1.724210683757,-1.803871961486,1.930929148474
    ));
#658 = CARTESIAN_POINT('',(1.681144054926,-1.653399562458,2.375));
#659 = CARTESIAN_POINT('',(1.724210683757,-1.803871961486,2.819070851526
    ));
#660 = CARTESIAN_POINT('',(1.757743953581,-1.921035335882,2.969511293906
    ));
#661 = CARTESIAN_POINT('',(1.7852401855,-2.017105636565,3.144004113524)
  );
#662 = CARTESIAN_POINT('',(1.818096440627,-2.131903559373,3.3));
#663 = CARTESIAN_POINT('',(1.975,-1.975,1.45));
#664 = CARTESIAN_POINT('',(1.901172911032,-1.901172911032,1.605995886476
    ));
#665 = CARTESIAN_POINT('',(1.839389644731,-1.839389644731,1.780488706093
    ));
#666 = CARTESIAN_POINT('',(1.764041322621,-1.764041322621,1.930929148474
    ));
#667 = CARTESIAN_POINT('',(1.667271808692,-1.667271808692,2.375));
#668 = CARTESIAN_POINT('',(1.764041322621,-1.764041322621,2.819070851526
    ));
#669 = CARTESIAN_POINT('',(1.839389644731,-1.839389644731,2.969511293906
    ));
#670 = CARTESIAN_POINT('',(1.901172911032,-1.901172911032,3.144004113524
    ));
#671 = CARTESIAN_POINT('',(1.975,-1.975,3.3));
#672 = CARTESIAN_POINT('',(2.131903559373,-1.818096440627,1.45));
#673 = CARTESIAN_POINT('',(2.017105636565,-1.7852401855,1.605995886476)
  );
#674 = CARTESIAN_POINT('',(1.921035335882,-1.757743953581,1.780488706093
    ));
#675 = CARTESIAN_POINT('',(1.803871961486,-1.724210683757,1.930929148474
    ));
#676 = CARTESIAN_POINT('',(1.653399562458,-1.681144054926,2.375));
#677 = CARTESIAN_POINT('',(1.803871961486,-1.724210683757,2.819070851526
    ));
#678 = CARTESIAN_POINT('',(1.921035335882,-1.757743953581,2.969511293906
    ));
#679 = CARTESIAN_POINT('',(2.017105636565,-1.7852401855,3.144004113524)
  );
#680 = CARTESIAN_POINT('',(2.131903559373,-1.818096440627,3.3));
#681 = CARTESIAN_POINT('',(2.288807118746,-1.661192881254,1.45));
#682 = CARTESIAN_POINT('',(2.133038362098,-1.669307459967,1.605995886476
    ));
#683 = CARTESIAN_POINT('',(2.002681027033,-1.67609826243,1.780488706093)
  );
#684 = CARTESIAN_POINT('',(1.84370260035,-1.684380044892,1.930929148474)
  );
#685 = CARTESIAN_POINT('',(1.639527316223,-1.695016301161,2.375));
#686 = CARTESIAN_POINT('',(1.84370260035,-1.684380044892,2.819070851526)
  );
#687 = CARTESIAN_POINT('',(2.002681027033,-1.67609826243,2.969511293906)
  );
#688 = CARTESIAN_POINT('',(2.133038362098,-1.669307459967,3.144004113524
    ));
#689 = CARTESIAN_POINT('',(2.288807118746,-1.661192881254,3.3));
#690 = CARTESIAN_POINT('',(2.445710678119,-1.504289321881,1.45));
#691 = CARTESIAN_POINT('',(2.24897108763,-1.553374734435,1.605995886476)
  );
#692 = CARTESIAN_POINT('',(2.084326718184,-1.594452571279,1.780488706093
    ));
#693 = CARTESIAN_POINT('',(1.883533239215,-1.644549406028,1.930929148474
    ));
#694 = CARTESIAN_POINT('',(1.625655069989,-1.708888547395,2.375));
#695 = CARTESIAN_POINT('',(1.883533239215,-1.644549406028,2.819070851526
    ));
#696 = CARTESIAN_POINT('',(2.084326718184,-1.594452571279,2.969511293907
    ));
#697 = CARTESIAN_POINT('',(2.24897108763,-1.553374734435,3.144004113524)
  );
#698 = CARTESIAN_POINT('',(2.445710678119,-1.504289321881,3.3));
#699 = ADVANCED_FACE('',(#700),#734,.F.);
#700 = FACE_BOUND('',#701,.F.);
#701 = EDGE_LOOP('',(#702,#712,#720,#726,#727,#728));
#702 = ORIENTED_EDGE('',*,*,#703,.F.);
#703 = EDGE_CURVE('',#704,#706,#708,.T.);
#704 = VERTEX_POINT('',#705);
#705 = CARTESIAN_POINT('',(-2.445710678119,-1.504289321881,0.35));
#706 = VERTEX_POINT('',#707);
#707 = CARTESIAN_POINT('',(-1.85,-2.1,0.35));
#708 = LINE('',#709,#710);
#709 = CARTESIAN_POINT('',(-2.304105339059,-1.645894660941,0.35));
#710 = VECTOR('',#711,1.);
#711 = DIRECTION('',(0.707106781187,-0.707106781187,0.));
#712 = ORIENTED_EDGE('',*,*,#713,.T.);
#713 = EDGE_CURVE('',#704,#714,#716,.T.);
#714 = VERTEX_POINT('',#715);
#715 = CARTESIAN_POINT('',(-2.445710678119,-1.504289321881,1.45));
#716 = LINE('',#717,#718);
#717 = CARTESIAN_POINT('',(-2.445710678119,-1.504289321881,0.));
#718 = VECTOR('',#719,1.);
#719 = DIRECTION('',(0.,0.,1.));
#720 = ORIENTED_EDGE('',*,*,#721,.T.);
#721 = EDGE_CURVE('',#714,#386,#722,.T.);
#722 = LINE('',#723,#724);
#723 = CARTESIAN_POINT('',(-2.445710678119,-1.504289321881,1.45));
#724 = VECTOR('',#725,1.);
#725 = DIRECTION('',(0.707106781187,-0.707106781187,0.));
#726 = ORIENTED_EDGE('',*,*,#385,.F.);
#727 = ORIENTED_EDGE('',*,*,#256,.F.);
#728 = ORIENTED_EDGE('',*,*,#729,.T.);
#729 = EDGE_CURVE('',#249,#706,#730,.T.);
#730 = LINE('',#731,#732);
#731 = CARTESIAN_POINT('',(-1.85,-2.1,0.));
#732 = VECTOR('',#733,1.);
#733 = DIRECTION('',(0.,0.,1.));
#734 = PLANE('',#735);
#735 = AXIS2_PLACEMENT_3D('',#736,#737,#738);
#736 = CARTESIAN_POINT('',(-2.445710678119,-1.504289321881,0.));
#737 = DIRECTION('',(0.707106781187,0.707106781187,-0.));
#738 = DIRECTION('',(0.707106781187,-0.707106781187,0.));
#739 = ADVANCED_FACE('',(#740),#758,.T.);
#740 = FACE_BOUND('',#741,.T.);
#741 = EDGE_LOOP('',(#742,#743,#744,#752));
#742 = ORIENTED_EDGE('',*,*,#248,.F.);
#743 = ORIENTED_EDGE('',*,*,#729,.T.);
#744 = ORIENTED_EDGE('',*,*,#745,.T.);
#745 = EDGE_CURVE('',#706,#746,#748,.T.);
#746 = VERTEX_POINT('',#747);
#747 = CARTESIAN_POINT('',(-1.175,-2.1,0.35));
#748 = LINE('',#749,#750);
#749 = CARTESIAN_POINT('',(-2.475,-2.1,0.35));
#750 = VECTOR('',#751,1.);
#751 = DIRECTION('',(1.,0.,-0.));
#752 = ORIENTED_EDGE('',*,*,#753,.F.);
#753 = EDGE_CURVE('',#241,#746,#754,.T.);
#754 = LINE('',#755,#756);
#755 = CARTESIAN_POINT('',(-1.175,-2.1,0.));
#756 = VECTOR('',#757,1.);
#757 = DIRECTION('',(0.,0.,1.));
#758 = PLANE('',#759);
#759 = AXIS2_PLACEMENT_3D('',#760,#761,#762);
#760 = CARTESIAN_POINT('',(-2.475,-2.1,0.));
#761 = DIRECTION('',(-0.,1.,0.));
#762 = DIRECTION('',(0.,0.,1.));
#763 = ADVANCED_FACE('',(#764),#782,.F.);
#764 = FACE_BOUND('',#765,.F.);
#765 = EDGE_LOOP('',(#766,#767,#768,#776));
#766 = ORIENTED_EDGE('',*,*,#753,.F.);
#767 = ORIENTED_EDGE('',*,*,#240,.T.);
#768 = ORIENTED_EDGE('',*,*,#769,.T.);
#769 = EDGE_CURVE('',#233,#770,#772,.T.);
#770 = VERTEX_POINT('',#771);
#771 = CARTESIAN_POINT('',(-1.175,2.1,0.35));
#772 = LINE('',#773,#774);
#773 = CARTESIAN_POINT('',(-1.175,2.1,0.));
#774 = VECTOR('',#775,1.);
#775 = DIRECTION('',(0.,0.,1.));
#776 = ORIENTED_EDGE('',*,*,#777,.F.);
#777 = EDGE_CURVE('',#746,#770,#778,.T.);
#778 = LINE('',#779,#780);
#779 = CARTESIAN_POINT('',(-1.175,-2.1,0.35));
#780 = VECTOR('',#781,1.);
#781 = DIRECTION('',(-0.,1.,0.));
#782 = PLANE('',#783);
#783 = AXIS2_PLACEMENT_3D('',#784,#785,#786);
#784 = CARTESIAN_POINT('',(-1.175,-2.1,0.));
#785 = DIRECTION('',(1.,0.,-0.));
#786 = DIRECTION('',(0.,0.,1.));
#787 = ADVANCED_FACE('',(#788),#806,.F.);
#788 = FACE_BOUND('',#789,.F.);
#789 = EDGE_LOOP('',(#790,#791,#799,#805));
#790 = ORIENTED_EDGE('',*,*,#232,.F.);
#791 = ORIENTED_EDGE('',*,*,#792,.T.);
#792 = EDGE_CURVE('',#225,#793,#795,.T.);
#793 = VERTEX_POINT('',#794);
#794 = CARTESIAN_POINT('',(-1.85,2.1,0.35));
#795 = LINE('',#796,#797);
#796 = CARTESIAN_POINT('',(-1.85,2.1,0.));
#797 = VECTOR('',#798,1.);
#798 = DIRECTION('',(-0.,-0.,1.));
#799 = ORIENTED_EDGE('',*,*,#800,.T.);
#800 = EDGE_CURVE('',#793,#770,#801,.T.);
#801 = LINE('',#802,#803);
#802 = CARTESIAN_POINT('',(-2.475,2.1,0.35));
#803 = VECTOR('',#804,1.);
#804 = DIRECTION('',(1.,0.,-0.));
#805 = ORIENTED_EDGE('',*,*,#769,.F.);
#806 = PLANE('',#807);
#807 = AXIS2_PLACEMENT_3D('',#808,#809,#810);
#808 = CARTESIAN_POINT('',(-2.475,2.1,0.));
#809 = DIRECTION('',(-0.,1.,0.));
#810 = DIRECTION('',(0.,0.,1.));
#811 = ADVANCED_FACE('',(#812),#846,.F.);
#812 = FACE_BOUND('',#813,.F.);
#813 = EDGE_LOOP('',(#814,#815,#823,#831,#839,#845));
#814 = ORIENTED_EDGE('',*,*,#224,.F.);
#815 = ORIENTED_EDGE('',*,*,#816,.T.);
#816 = EDGE_CURVE('',#216,#817,#819,.T.);
#817 = VERTEX_POINT('',#818);
#818 = CARTESIAN_POINT('',(-1.504289321881,2.445710678119,1.45));
#819 = LINE('',#820,#821);
#820 = CARTESIAN_POINT('',(-1.504289321881,2.445710678119,0.));
#821 = VECTOR('',#822,1.);
#822 = DIRECTION('',(0.,0.,1.));
#823 = ORIENTED_EDGE('',*,*,#824,.T.);
#824 = EDGE_CURVE('',#817,#825,#827,.T.);
#825 = VERTEX_POINT('',#826);
#826 = CARTESIAN_POINT('',(-2.445710678119,1.504289321881,1.45));
#827 = LINE('',#828,#829);
#828 = CARTESIAN_POINT('',(-1.504289321881,2.445710678119,1.45));
#829 = VECTOR('',#830,1.);
#830 = DIRECTION('',(-0.707106781187,-0.707106781187,0.));
#831 = ORIENTED_EDGE('',*,*,#832,.F.);
#832 = EDGE_CURVE('',#833,#825,#835,.T.);
#833 = VERTEX_POINT('',#834);
#834 = CARTESIAN_POINT('',(-2.445710678119,1.504289321881,0.35));
#835 = LINE('',#836,#837);
#836 = CARTESIAN_POINT('',(-2.445710678119,1.504289321881,0.));
#837 = VECTOR('',#838,1.);
#838 = DIRECTION('',(0.,0.,1.));
#839 = ORIENTED_EDGE('',*,*,#840,.F.);
#840 = EDGE_CURVE('',#793,#833,#841,.T.);
#841 = LINE('',#842,#843);
#842 = CARTESIAN_POINT('',(-2.883394660941,1.066605339059,0.35));
#843 = VECTOR('',#844,1.);
#844 = DIRECTION('',(-0.707106781187,-0.707106781187,0.));
#845 = ORIENTED_EDGE('',*,*,#792,.F.);
#846 = PLANE('',#847);
#847 = AXIS2_PLACEMENT_3D('',#848,#849,#850);
#848 = CARTESIAN_POINT('',(-1.504289321881,2.445710678119,0.));
#849 = DIRECTION('',(0.707106781187,-0.707106781187,0.));
#850 = DIRECTION('',(-0.707106781187,-0.707106781187,0.));
#851 = ADVANCED_FACE('',(#852),#871,.T.);
#852 = FACE_BOUND('',#853,.F.);
#853 = EDGE_LOOP('',(#854,#862,#869,#870));
#854 = ORIENTED_EDGE('',*,*,#855,.T.);
#855 = EDGE_CURVE('',#208,#856,#858,.T.);
#856 = VERTEX_POINT('',#857);
#857 = CARTESIAN_POINT('',(-1.433578643763,2.475,1.45));
#858 = LINE('',#859,#860);
#859 = CARTESIAN_POINT('',(-1.433578643763,2.475,0.));
#860 = VECTOR('',#861,1.);
#861 = DIRECTION('',(0.,0.,1.));
#862 = ORIENTED_EDGE('',*,*,#863,.T.);
#863 = EDGE_CURVE('',#856,#817,#864,.T.);
#864 = CIRCLE('',#865,0.1);
#865 = AXIS2_PLACEMENT_3D('',#866,#867,#868);
#866 = CARTESIAN_POINT('',(-1.433578643763,2.375,1.45));
#867 = DIRECTION('',(0.,0.,1.));
#868 = DIRECTION('',(-6.661338147751E-15,1.,0.));
#869 = ORIENTED_EDGE('',*,*,#816,.F.);
#870 = ORIENTED_EDGE('',*,*,#215,.F.);
#871 = CYLINDRICAL_SURFACE('',#872,0.1);
#872 = AXIS2_PLACEMENT_3D('',#873,#874,#875);
#873 = CARTESIAN_POINT('',(-1.433578643763,2.375,0.));
#874 = DIRECTION('',(-0.,-0.,-1.));
#875 = DIRECTION('',(-6.661338147751E-15,1.,0.));
#876 = ADVANCED_FACE('',(#877),#895,.F.);
#877 = FACE_BOUND('',#878,.F.);
#878 = EDGE_LOOP('',(#879,#887,#893,#894));
#879 = ORIENTED_EDGE('',*,*,#880,.T.);
#880 = EDGE_CURVE('',#199,#881,#883,.T.);
#881 = VERTEX_POINT('',#882);
#882 = CARTESIAN_POINT('',(1.433578643763,2.475,1.45));
#883 = LINE('',#884,#885);
#884 = CARTESIAN_POINT('',(1.433578643763,2.475,0.));
#885 = VECTOR('',#886,1.);
#886 = DIRECTION('',(0.,0.,1.));
#887 = ORIENTED_EDGE('',*,*,#888,.T.);
#888 = EDGE_CURVE('',#881,#856,#889,.T.);
#889 = LINE('',#890,#891);
#890 = CARTESIAN_POINT('',(1.433578643763,2.475,1.45));
#891 = VECTOR('',#892,1.);
#892 = DIRECTION('',(-1.,0.,0.));
#893 = ORIENTED_EDGE('',*,*,#855,.F.);
#894 = ORIENTED_EDGE('',*,*,#207,.F.);
#895 = PLANE('',#896);
#896 = AXIS2_PLACEMENT_3D('',#897,#898,#899);
#897 = CARTESIAN_POINT('',(1.433578643763,2.475,0.));
#898 = DIRECTION('',(0.,-1.,0.));
#899 = DIRECTION('',(-1.,0.,0.));
#900 = ADVANCED_FACE('',(#901),#920,.T.);
#901 = FACE_BOUND('',#902,.F.);
#902 = EDGE_LOOP('',(#903,#911,#918,#919));
#903 = ORIENTED_EDGE('',*,*,#904,.T.);
#904 = EDGE_CURVE('',#191,#905,#907,.T.);
#905 = VERTEX_POINT('',#906);
#906 = CARTESIAN_POINT('',(1.504289321881,2.445710678119,1.45));
#907 = LINE('',#908,#909);
#908 = CARTESIAN_POINT('',(1.504289321881,2.445710678119,0.));
#909 = VECTOR('',#910,1.);
#910 = DIRECTION('',(0.,0.,1.));
#911 = ORIENTED_EDGE('',*,*,#912,.T.);
#912 = EDGE_CURVE('',#905,#881,#913,.T.);
#913 = CIRCLE('',#914,0.1);
#914 = AXIS2_PLACEMENT_3D('',#915,#916,#917);
#915 = CARTESIAN_POINT('',(1.433578643763,2.375,1.45));
#916 = DIRECTION('',(0.,0.,1.));
#917 = DIRECTION('',(0.707106781187,0.707106781187,-0.));
#918 = ORIENTED_EDGE('',*,*,#880,.F.);
#919 = ORIENTED_EDGE('',*,*,#198,.F.);
#920 = CYLINDRICAL_SURFACE('',#921,0.1);
#921 = AXIS2_PLACEMENT_3D('',#922,#923,#924);
#922 = CARTESIAN_POINT('',(1.433578643763,2.375,0.));
#923 = DIRECTION('',(-0.,-0.,-1.));
#924 = DIRECTION('',(0.707106781187,0.707106781187,-0.));
#925 = ADVANCED_FACE('',(#926),#951,.F.);
#926 = FACE_BOUND('',#927,.F.);
#927 = EDGE_LOOP('',(#928,#929,#937,#943,#944,#945));
#928 = ORIENTED_EDGE('',*,*,#571,.F.);
#929 = ORIENTED_EDGE('',*,*,#930,.T.);
#930 = EDGE_CURVE('',#563,#931,#933,.T.);
#931 = VERTEX_POINT('',#932);
#932 = CARTESIAN_POINT('',(2.445710678119,1.504289321881,1.45));
#933 = LINE('',#934,#935);
#934 = CARTESIAN_POINT('',(2.445710678119,1.504289321881,0.));
#935 = VECTOR('',#936,1.);
#936 = DIRECTION('',(0.,0.,1.));
#937 = ORIENTED_EDGE('',*,*,#938,.T.);
#938 = EDGE_CURVE('',#931,#905,#939,.T.);
#939 = LINE('',#940,#941);
#940 = CARTESIAN_POINT('',(2.445710678119,1.504289321881,1.45));
#941 = VECTOR('',#942,1.);
#942 = DIRECTION('',(-0.707106781187,0.707106781187,0.));
#943 = ORIENTED_EDGE('',*,*,#904,.F.);
#944 = ORIENTED_EDGE('',*,*,#190,.F.);
#945 = ORIENTED_EDGE('',*,*,#946,.F.);
#946 = EDGE_CURVE('',#530,#183,#947,.T.);
#947 = LINE('',#948,#949);
#948 = CARTESIAN_POINT('',(1.85,2.1,0.));
#949 = VECTOR('',#950,1.);
#950 = DIRECTION('',(-0.,0.,-1.));
#951 = PLANE('',#952);
#952 = AXIS2_PLACEMENT_3D('',#953,#954,#955);
#953 = CARTESIAN_POINT('',(2.445710678119,1.504289321881,0.));
#954 = DIRECTION('',(-0.707106781187,-0.707106781187,0.));
#955 = DIRECTION('',(-0.707106781187,0.707106781187,0.));
#956 = ADVANCED_FACE('',(#957),#968,.F.);
#957 = FACE_BOUND('',#958,.F.);
#958 = EDGE_LOOP('',(#959,#960,#966,#967));
#959 = ORIENTED_EDGE('',*,*,#182,.F.);
#960 = ORIENTED_EDGE('',*,*,#961,.T.);
#961 = EDGE_CURVE('',#175,#528,#962,.T.);
#962 = LINE('',#963,#964);
#963 = CARTESIAN_POINT('',(1.175,2.1,0.));
#964 = VECTOR('',#965,1.);
#965 = DIRECTION('',(0.,0.,1.));
#966 = ORIENTED_EDGE('',*,*,#527,.T.);
#967 = ORIENTED_EDGE('',*,*,#946,.T.);
#968 = PLANE('',#969);
#969 = AXIS2_PLACEMENT_3D('',#970,#971,#972);
#970 = CARTESIAN_POINT('',(1.175,2.1,0.));
#971 = DIRECTION('',(-0.,1.,0.));
#972 = DIRECTION('',(0.,0.,1.));
#973 = ADVANCED_FACE('',(#974),#980,.T.);
#974 = FACE_BOUND('',#975,.T.);
#975 = EDGE_LOOP('',(#976,#977,#978,#979));
#976 = ORIENTED_EDGE('',*,*,#504,.F.);
#977 = ORIENTED_EDGE('',*,*,#174,.T.);
#978 = ORIENTED_EDGE('',*,*,#961,.T.);
#979 = ORIENTED_EDGE('',*,*,#537,.F.);
#980 = PLANE('',#981);
#981 = AXIS2_PLACEMENT_3D('',#982,#983,#984);
#982 = CARTESIAN_POINT('',(1.175,-2.1,0.));
#983 = DIRECTION('',(1.,0.,-0.));
#984 = DIRECTION('',(0.,0.,1.));
#985 = ADVANCED_FACE('',(#986),#1012,.T.);
#986 = FACE_BOUND('',#987,.F.);
#987 = EDGE_LOOP('',(#988,#996,#1005,#1011));
#988 = ORIENTED_EDGE('',*,*,#989,.T.);
#989 = EDGE_CURVE('',#295,#990,#992,.T.);
#990 = VERTEX_POINT('',#991);
#991 = CARTESIAN_POINT('',(1.433578643763,-2.475,3.9));
#992 = LINE('',#993,#994);
#993 = CARTESIAN_POINT('',(1.433578643763,-2.475,3.3));
#994 = VECTOR('',#995,1.);
#995 = DIRECTION('',(0.,0.,1.));
#996 = ORIENTED_EDGE('',*,*,#997,.T.);
#997 = EDGE_CURVE('',#990,#998,#1000,.T.);
#998 = VERTEX_POINT('',#999);
#999 = CARTESIAN_POINT('',(1.504289321881,-2.445710678119,3.9));
#1000 = CIRCLE('',#1001,0.1);
#1001 = AXIS2_PLACEMENT_3D('',#1002,#1003,#1004);
#1002 = CARTESIAN_POINT('',(1.433578643763,-2.375,3.9));
#1003 = DIRECTION('',(0.,0.,1.));
#1004 = DIRECTION('',(6.661338147751E-15,-1.,0.));
#1005 = ORIENTED_EDGE('',*,*,#1006,.F.);
#1006 = EDGE_CURVE('',#281,#998,#1007,.T.);
#1007 = LINE('',#1008,#1009);
#1008 = CARTESIAN_POINT('',(1.504289321881,-2.445710678119,3.3));
#1009 = VECTOR('',#1010,1.);
#1010 = DIRECTION('',(0.,0.,1.));
#1011 = ORIENTED_EDGE('',*,*,#294,.F.);
#1012 = CYLINDRICAL_SURFACE('',#1013,0.1);
#1013 = AXIS2_PLACEMENT_3D('',#1014,#1015,#1016);
#1014 = CARTESIAN_POINT('',(1.433578643763,-2.375,3.3));
#1015 = DIRECTION('',(-0.,-0.,-1.));
#1016 = DIRECTION('',(6.661338147751E-15,-1.,0.));
#1017 = ADVANCED_FACE('',(#1018),#1046,.T.);
#1018 = FACE_BOUND('',#1019,.T.);
#1019 = EDGE_LOOP('',(#1020,#1021,#1022,#1034));
#1020 = ORIENTED_EDGE('',*,*,#393,.T.);
#1021 = ORIENTED_EDGE('',*,*,#424,.T.);
#1022 = ORIENTED_EDGE('',*,*,#1023,.F.);
#1023 = EDGE_CURVE('',#1024,#413,#1026,.T.);
#1024 = VERTEX_POINT('',#1025);
#1025 = CARTESIAN_POINT('',(-1.504289321881,-2.445710678119,3.3));
#1026 = B_SPLINE_CURVE_WITH_KNOTS('',6,(#1027,#1028,#1029,#1030,#1031,
    #1032,#1033),.UNSPECIFIED.,.F.,.F.,(7,7),(14.,15.),
  .PIECEWISE_BEZIER_KNOTS.);
#1027 = CARTESIAN_POINT('',(-1.504289321881,-2.445710678119,3.3));
#1028 = CARTESIAN_POINT('',(-1.49503331576,-2.45496668424,3.3));
#1029 = CARTESIAN_POINT('',(-1.484323588533,-2.462769203884,3.3));
#1030 = CARTESIAN_POINT('',(-1.472444572346,-2.4688306519,3.3));
#1031 = CARTESIAN_POINT('',(-1.459758748451,-2.472944293804,3.3));
#1032 = CARTESIAN_POINT('',(-1.446668613153,-2.475,3.3));
#1033 = CARTESIAN_POINT('',(-1.433578643763,-2.475,3.3));
#1034 = ORIENTED_EDGE('',*,*,#1035,.F.);
#1035 = EDGE_CURVE('',#386,#1024,#1036,.T.);
#1036 = ( BOUNDED_CURVE() B_SPLINE_CURVE(5,(#1037,#1038,#1039,#1040,
    #1041,#1042,#1043,#1044,#1045),.UNSPECIFIED.,.F.,.F.) 
B_SPLINE_CURVE_WITH_KNOTS((6,3,6),(0.,0.5,1.),.UNSPECIFIED.) CURVE() 
GEOMETRIC_REPRESENTATION_ITEM() RATIONAL_B_SPLINE_CURVE((1.,1.,1.,1.,1.,
1.,1.,1.,1.)) REPRESENTATION_ITEM('') );
#1037 = CARTESIAN_POINT('',(-1.504289321881,-2.445710678119,1.45));
#1038 = CARTESIAN_POINT('',(-1.553374734435,-2.24897108763,
    1.605995886476));
#1039 = CARTESIAN_POINT('',(-1.594452571279,-2.084326718184,
    1.780488706093));
#1040 = CARTESIAN_POINT('',(-1.644549406028,-1.883533239215,
    1.930929148474));
#1041 = CARTESIAN_POINT('',(-1.708888547395,-1.625655069989,2.375));
#1042 = CARTESIAN_POINT('',(-1.644549406028,-1.883533239215,
    2.819070851526));
#1043 = CARTESIAN_POINT('',(-1.594452571279,-2.084326718184,
    2.969511293907));
#1044 = CARTESIAN_POINT('',(-1.553374734435,-2.24897108763,
    3.144004113524));
#1045 = CARTESIAN_POINT('',(-1.504289321881,-2.445710678119,3.3));
#1046 = ( BOUNDED_SURFACE() B_SPLINE_SURFACE(6,5,(
    (#1047,#1048,#1049,#1050,#1051,#1052,#1053,#1054,#1055)
    ,(#1056,#1057,#1058,#1059,#1060,#1061,#1062,#1063,#1064)
    ,(#1065,#1066,#1067,#1068,#1069,#1070,#1071,#1072,#1073)
    ,(#1074,#1075,#1076,#1077,#1078,#1079,#1080,#1081,#1082)
    ,(#1083,#1084,#1085,#1086,#1087,#1088,#1089,#1090,#1091)
    ,(#1092,#1093,#1094,#1095,#1096,#1097,#1098,#1099,#1100)
    ,(#1101,#1102,#1103,#1104,#1105,#1106,#1107,#1108,#1109
)),.UNSPECIFIED.,.F.,.F.,.F.) B_SPLINE_SURFACE_WITH_KNOTS((7,7),(6,3,6),
(14.,15.),(0.,0.5,1.),.UNSPECIFIED.) GEOMETRIC_REPRESENTATION_ITEM() 
RATIONAL_B_SPLINE_SURFACE((
    (1.,1.,1.,1.,1.,1.,1.,1.,1.)
    ,(1.,1.,1.,1.,1.,1.,1.,1.,1.)
    ,(1.,1.,1.,1.,1.,1.,1.,1.,1.)
    ,(1.,1.,1.,1.,1.,1.,1.,1.,1.)
    ,(1.,1.,1.,1.,1.,1.,1.,1.,1.)
    ,(1.,1.,1.,1.,1.,1.,1.,1.,1.)
,(1.,1.,1.,1.,1.,1.,1.,1.,1.))) REPRESENTATION_ITEM('') SURFACE() );
#1047 = CARTESIAN_POINT('',(-1.504289321881,-2.445710678119,1.45));
#1048 = CARTESIAN_POINT('',(-1.553374734435,-2.24897108763,
    1.605995886476));
#1049 = CARTESIAN_POINT('',(-1.594452571279,-2.084326718184,
    1.780488706093));
#1050 = CARTESIAN_POINT('',(-1.644549406028,-1.883533239215,
    1.930929148474));
#1051 = CARTESIAN_POINT('',(-1.708888547395,-1.625655069989,2.375));
#1052 = CARTESIAN_POINT('',(-1.644549406028,-1.883533239215,
    2.819070851526));
#1053 = CARTESIAN_POINT('',(-1.594452571279,-2.084326718184,
    2.969511293907));
#1054 = CARTESIAN_POINT('',(-1.553374734435,-2.24897108763,
    3.144004113524));
#1055 = CARTESIAN_POINT('',(-1.504289321881,-2.445710678119,3.3));
#1056 = CARTESIAN_POINT('',(-1.49503331576,-2.45496668424,1.45));
#1057 = CARTESIAN_POINT('',(-1.511182479652,-2.291163342413,
    1.605995886476));
#1058 = CARTESIAN_POINT('',(-1.524697140831,-2.154082148632,
    1.780488706093));
#1059 = CARTESIAN_POINT('',(-1.541179063926,-1.986903581316,
    1.930929148474));
#1060 = CARTESIAN_POINT('',(-1.562346724225,-1.772196893159,2.375));
#1061 = CARTESIAN_POINT('',(-1.541179063926,-1.986903581316,
    2.819070851526));
#1062 = CARTESIAN_POINT('',(-1.524697140831,-2.154082148632,
    2.969511293907));
#1063 = CARTESIAN_POINT('',(-1.511182479652,-2.291163342413,
    3.144004113524));
#1064 = CARTESIAN_POINT('',(-1.49503331576,-2.45496668424,3.3));
#1065 = CARTESIAN_POINT('',(-1.484323588533,-2.462769203884,1.45));
#1066 = CARTESIAN_POINT('',(-1.462362642297,-2.326727682537,
    1.605995886476));
#1067 = CARTESIAN_POINT('',(-1.443984767911,-2.212880481977,
    1.780488706093));
#1068 = CARTESIAN_POINT('',(-1.421571572378,-2.07403641391,
    1.930929148474));
#1069 = CARTESIAN_POINT('',(-1.392786510785,-1.895719851276,2.375));
#1070 = CARTESIAN_POINT('',(-1.421571572378,-2.07403641391,
    2.819070851526));
#1071 = CARTESIAN_POINT('',(-1.443984767911,-2.212880481977,
    2.969511293907));
#1072 = CARTESIAN_POINT('',(-1.462362642297,-2.326727682537,
    3.144004113524));
#1073 = CARTESIAN_POINT('',(-1.484323588533,-2.462769203884,3.3));
#1074 = CARTESIAN_POINT('',(-1.472444572346,-2.4688306519,1.45));
#1075 = CARTESIAN_POINT('',(-1.408216525168,-2.354364674888,
    1.605995886476));
#1076 = CARTESIAN_POINT('',(-1.3544655262,-2.258570165236,1.780488706093
    ));
#1077 = CARTESIAN_POINT('',(-1.288913562805,-2.141744430451,
    1.930929148474));
#1078 = CARTESIAN_POINT('',(-1.204725278881,-1.991705202282,2.375));
#1079 = CARTESIAN_POINT('',(-1.288913562805,-2.141744430451,
    2.819070851526));
#1080 = CARTESIAN_POINT('',(-1.3544655262,-2.258570165236,2.969511293907
    ));
#1081 = CARTESIAN_POINT('',(-1.408216525167,-2.354364674888,
    3.144004113524));
#1082 = CARTESIAN_POINT('',(-1.472444572346,-2.4688306519,3.3));
#1083 = CARTESIAN_POINT('',(-1.459758748451,-2.472944293804,1.45));
#1084 = CARTESIAN_POINT('',(-1.350387133867,-2.373109456781,
    1.605995886476));
#1085 = CARTESIAN_POINT('',(-1.258858378476,-2.289562343234,
    1.780488706093));
#1086 = CARTESIAN_POINT('',(-1.147233387021,-2.187671010962,
    1.930929148474));
#1087 = CARTESIAN_POINT('',(-1.003874013932,-2.056812682048,2.375));
#1088 = CARTESIAN_POINT('',(-1.147233387021,-2.187671010962,
    2.819070851526));
#1089 = CARTESIAN_POINT('',(-1.258858378476,-2.289562343234,
    2.969511293907));
#1090 = CARTESIAN_POINT('',(-1.350387133867,-2.373109456781,
    3.144004113524));
#1091 = CARTESIAN_POINT('',(-1.459758748451,-2.472944293804,3.3));
#1092 = CARTESIAN_POINT('',(-1.446668613153,-2.475,1.45));
#1093 = CARTESIAN_POINT('',(-1.290718509747,-2.382482508762,
    1.605995886476));
#1094 = CARTESIAN_POINT('',(-1.160209412029,-2.30505790922,
    1.780488706093));
#1095 = CARTESIAN_POINT('',(-1.001045901875,-2.210634062525,
    1.930929148474));
#1096 = CARTESIAN_POINT('',(-0.796632915873,-2.089365937475,2.375));
#1097 = CARTESIAN_POINT('',(-1.001045901875,-2.210634062525,
    2.819070851526));
#1098 = CARTESIAN_POINT('',(-1.160209412029,-2.30505790922,
    2.969511293907));
#1099 = CARTESIAN_POINT('',(-1.290718509747,-2.382482508762,
    3.144004113524));
#1100 = CARTESIAN_POINT('',(-1.446668613153,-2.475,3.3));
#1101 = CARTESIAN_POINT('',(-1.433578643763,-2.475,1.45));
#1102 = CARTESIAN_POINT('',(-1.231049650806,-2.382482508762,
    1.605995886476));
#1103 = CARTESIAN_POINT('',(-1.06156033624,-2.30505790922,1.780488706093
    ));
#1104 = CARTESIAN_POINT('',(-0.854858162128,-2.210634062525,
    1.930929148474));
#1105 = CARTESIAN_POINT('',(-0.589391482091,-2.089365937475,2.375));
#1106 = CARTESIAN_POINT('',(-0.854858162128,-2.210634062525,
    2.819070851526));
#1107 = CARTESIAN_POINT('',(-1.06156033624,-2.30505790922,2.969511293906
    ));
#1108 = CARTESIAN_POINT('',(-1.231049650806,-2.382482508762,
    3.144004113524));
#1109 = CARTESIAN_POINT('',(-1.433578643763,-2.475,3.3));
#1110 = ADVANCED_FACE('',(#1111),#1129,.F.);
#1111 = FACE_BOUND('',#1112,.F.);
#1112 = EDGE_LOOP('',(#1113,#1121,#1127,#1128));
#1113 = ORIENTED_EDGE('',*,*,#1114,.T.);
#1114 = EDGE_CURVE('',#413,#1115,#1117,.T.);
#1115 = VERTEX_POINT('',#1116);
#1116 = CARTESIAN_POINT('',(-1.433578643763,-2.475,3.9));
#1117 = LINE('',#1118,#1119);
#1118 = CARTESIAN_POINT('',(-1.433578643763,-2.475,3.3));
#1119 = VECTOR('',#1120,1.);
#1120 = DIRECTION('',(0.,0.,1.));
#1121 = ORIENTED_EDGE('',*,*,#1122,.T.);
#1122 = EDGE_CURVE('',#1115,#990,#1123,.T.);
#1123 = LINE('',#1124,#1125);
#1124 = CARTESIAN_POINT('',(-1.433578643763,-2.475,3.9));
#1125 = VECTOR('',#1126,1.);
#1126 = DIRECTION('',(1.,0.,0.));
#1127 = ORIENTED_EDGE('',*,*,#989,.F.);
#1128 = ORIENTED_EDGE('',*,*,#412,.F.);
#1129 = PLANE('',#1130);
#1130 = AXIS2_PLACEMENT_3D('',#1131,#1132,#1133);
#1131 = CARTESIAN_POINT('',(-1.433578643763,-2.475,3.3));
#1132 = DIRECTION('',(0.,1.,0.));
#1133 = DIRECTION('',(1.,0.,0.));
#1134 = ADVANCED_FACE('',(#1135),#1154,.T.);
#1135 = FACE_BOUND('',#1136,.F.);
#1136 = EDGE_LOOP('',(#1137,#1138,#1146,#1153));
#1137 = ORIENTED_EDGE('',*,*,#562,.T.);
#1138 = ORIENTED_EDGE('',*,*,#1139,.T.);
#1139 = EDGE_CURVE('',#555,#1140,#1142,.T.);
#1140 = VERTEX_POINT('',#1141);
#1141 = CARTESIAN_POINT('',(2.475,1.433578643763,1.45));
#1142 = LINE('',#1143,#1144);
#1143 = CARTESIAN_POINT('',(2.475,1.433578643763,0.));
#1144 = VECTOR('',#1145,1.);
#1145 = DIRECTION('',(0.,0.,1.));
#1146 = ORIENTED_EDGE('',*,*,#1147,.T.);
#1147 = EDGE_CURVE('',#1140,#931,#1148,.T.);
#1148 = CIRCLE('',#1149,0.1);
#1149 = AXIS2_PLACEMENT_3D('',#1150,#1151,#1152);
#1150 = CARTESIAN_POINT('',(2.375,1.433578643763,1.45));
#1151 = DIRECTION('',(0.,0.,1.));
#1152 = DIRECTION('',(1.,6.661338147751E-15,-0.));
#1153 = ORIENTED_EDGE('',*,*,#930,.F.);
#1154 = CYLINDRICAL_SURFACE('',#1155,0.1);
#1155 = AXIS2_PLACEMENT_3D('',#1156,#1157,#1158);
#1156 = CARTESIAN_POINT('',(2.375,1.433578643763,0.));
#1157 = DIRECTION('',(-0.,-0.,-1.));
#1158 = DIRECTION('',(1.,6.661338147751E-15,-0.));
#1159 = ADVANCED_FACE('',(#1160),#1171,.F.);
#1160 = FACE_BOUND('',#1161,.F.);
#1161 = EDGE_LOOP('',(#1162,#1163,#1164,#1170));
#1162 = ORIENTED_EDGE('',*,*,#554,.F.);
#1163 = ORIENTED_EDGE('',*,*,#596,.T.);
#1164 = ORIENTED_EDGE('',*,*,#1165,.T.);
#1165 = EDGE_CURVE('',#588,#1140,#1166,.T.);
#1166 = LINE('',#1167,#1168);
#1167 = CARTESIAN_POINT('',(2.475,-1.433578643763,1.45));
#1168 = VECTOR('',#1169,1.);
#1169 = DIRECTION('',(0.,1.,0.));
#1170 = ORIENTED_EDGE('',*,*,#1139,.F.);
#1171 = PLANE('',#1172);
#1172 = AXIS2_PLACEMENT_3D('',#1173,#1174,#1175);
#1173 = CARTESIAN_POINT('',(2.475,-1.433578643763,0.));
#1174 = DIRECTION('',(-1.,0.,0.));
#1175 = DIRECTION('',(0.,1.,0.));
#1176 = ADVANCED_FACE('',(#1177),#1205,.T.);
#1177 = FACE_BOUND('',#1178,.T.);
#1178 = EDGE_LOOP('',(#1179,#1180,#1194,#1204));
#1179 = ORIENTED_EDGE('',*,*,#587,.T.);
#1180 = ORIENTED_EDGE('',*,*,#1181,.T.);
#1181 = EDGE_CURVE('',#588,#1182,#1184,.T.);
#1182 = VERTEX_POINT('',#1183);
#1183 = CARTESIAN_POINT('',(2.475,-1.433578643763,3.3));
#1184 = ( BOUNDED_CURVE() B_SPLINE_CURVE(5,(#1185,#1186,#1187,#1188,
    #1189,#1190,#1191,#1192,#1193),.UNSPECIFIED.,.F.,.F.) 
B_SPLINE_CURVE_WITH_KNOTS((6,3,6),(0.,0.5,1.),.UNSPECIFIED.) CURVE() 
GEOMETRIC_REPRESENTATION_ITEM() RATIONAL_B_SPLINE_CURVE((1.,1.,1.,1.,1.,
1.,1.,1.,1.)) REPRESENTATION_ITEM('') );
#1185 = CARTESIAN_POINT('',(2.475,-1.433578643763,1.45));
#1186 = CARTESIAN_POINT('',(2.382482508762,-1.231049650806,
    1.605995886476));
#1187 = CARTESIAN_POINT('',(2.30505790922,-1.06156033624,1.780488706093)
  );
#1188 = CARTESIAN_POINT('',(2.210634062525,-0.854858162128,
    1.930929148474));
#1189 = CARTESIAN_POINT('',(2.089365937475,-0.589391482091,2.375));
#1190 = CARTESIAN_POINT('',(2.210634062525,-0.854858162128,
    2.819070851526));
#1191 = CARTESIAN_POINT('',(2.30505790922,-1.06156033624,2.969511293906)
  );
#1192 = CARTESIAN_POINT('',(2.382482508762,-1.231049650806,
    3.144004113524));
#1193 = CARTESIAN_POINT('',(2.475,-1.433578643763,3.3));
#1194 = ORIENTED_EDGE('',*,*,#1195,.F.);
#1195 = EDGE_CURVE('',#612,#1182,#1196,.T.);
#1196 = B_SPLINE_CURVE_WITH_KNOTS('',6,(#1197,#1198,#1199,#1200,#1201,
    #1202,#1203),.UNSPECIFIED.,.F.,.F.,(7,7),(2.,3.),
  .PIECEWISE_BEZIER_KNOTS.);
#1197 = CARTESIAN_POINT('',(2.445710678119,-1.504289321881,3.3));
#1198 = CARTESIAN_POINT('',(2.45496668424,-1.49503331576,3.3));
#1199 = CARTESIAN_POINT('',(2.462769203884,-1.484323588533,3.3));
#1200 = CARTESIAN_POINT('',(2.4688306519,-1.472444572346,3.3));
#1201 = CARTESIAN_POINT('',(2.472944293804,-1.459758748451,3.3));
#1202 = CARTESIAN_POINT('',(2.475,-1.446668613153,3.3));
#1203 = CARTESIAN_POINT('',(2.475,-1.433578643763,3.3));
#1204 = ORIENTED_EDGE('',*,*,#611,.F.);
#1205 = ( BOUNDED_SURFACE() B_SPLINE_SURFACE(6,5,(
    (#1206,#1207,#1208,#1209,#1210,#1211,#1212,#1213,#1214)
    ,(#1215,#1216,#1217,#1218,#1219,#1220,#1221,#1222,#1223)
    ,(#1224,#1225,#1226,#1227,#1228,#1229,#1230,#1231,#1232)
    ,(#1233,#1234,#1235,#1236,#1237,#1238,#1239,#1240,#1241)
    ,(#1242,#1243,#1244,#1245,#1246,#1247,#1248,#1249,#1250)
    ,(#1251,#1252,#1253,#1254,#1255,#1256,#1257,#1258,#1259)
    ,(#1260,#1261,#1262,#1263,#1264,#1265,#1266,#1267,#1268
)),.UNSPECIFIED.,.F.,.F.,.F.) B_SPLINE_SURFACE_WITH_KNOTS((7,7),(6,3,6),
(2.,3.),(0.,0.5,1.),.UNSPECIFIED.) GEOMETRIC_REPRESENTATION_ITEM() 
RATIONAL_B_SPLINE_SURFACE((
    (1.,1.,1.,1.,1.,1.,1.,1.,1.)
    ,(1.,1.,1.,1.,1.,1.,1.,1.,1.)
    ,(1.,1.,1.,1.,1.,1.,1.,1.,1.)
    ,(1.,1.,1.,1.,1.,1.,1.,1.,1.)
    ,(1.,1.,1.,1.,1.,1.,1.,1.,1.)
    ,(1.,1.,1.,1.,1.,1.,1.,1.,1.)
,(1.,1.,1.,1.,1.,1.,1.,1.,1.))) REPRESENTATION_ITEM('') SURFACE() );
#1206 = CARTESIAN_POINT('',(2.445710678119,-1.504289321881,1.45));
#1207 = CARTESIAN_POINT('',(2.24897108763,-1.553374734435,1.605995886476
    ));
#1208 = CARTESIAN_POINT('',(2.084326718184,-1.594452571279,
    1.780488706093));
#1209 = CARTESIAN_POINT('',(1.883533239215,-1.644549406028,
    1.930929148474));
#1210 = CARTESIAN_POINT('',(1.625655069989,-1.708888547395,2.375));
#1211 = CARTESIAN_POINT('',(1.883533239215,-1.644549406028,
    2.819070851526));
#1212 = CARTESIAN_POINT('',(2.084326718184,-1.594452571279,
    2.969511293907));
#1213 = CARTESIAN_POINT('',(2.24897108763,-1.553374734435,3.144004113524
    ));
#1214 = CARTESIAN_POINT('',(2.445710678119,-1.504289321881,3.3));
#1215 = CARTESIAN_POINT('',(2.45496668424,-1.49503331576,1.45));
#1216 = CARTESIAN_POINT('',(2.291163342413,-1.511182479652,
    1.605995886476));
#1217 = CARTESIAN_POINT('',(2.154082148632,-1.524697140831,
    1.780488706093));
#1218 = CARTESIAN_POINT('',(1.986903581316,-1.541179063926,
    1.930929148474));
#1219 = CARTESIAN_POINT('',(1.772196893159,-1.562346724225,2.375));
#1220 = CARTESIAN_POINT('',(1.986903581316,-1.541179063926,
    2.819070851526));
#1221 = CARTESIAN_POINT('',(2.154082148632,-1.524697140831,
    2.969511293907));
#1222 = CARTESIAN_POINT('',(2.291163342413,-1.511182479652,
    3.144004113524));
#1223 = CARTESIAN_POINT('',(2.45496668424,-1.49503331576,3.3));
#1224 = CARTESIAN_POINT('',(2.462769203884,-1.484323588533,1.45));
#1225 = CARTESIAN_POINT('',(2.326727682537,-1.462362642297,
    1.605995886476));
#1226 = CARTESIAN_POINT('',(2.212880481977,-1.443984767911,
    1.780488706093));
#1227 = CARTESIAN_POINT('',(2.07403641391,-1.421571572378,1.930929148474
    ));
#1228 = CARTESIAN_POINT('',(1.895719851276,-1.392786510785,2.375));
#1229 = CARTESIAN_POINT('',(2.07403641391,-1.421571572378,2.819070851526
    ));
#1230 = CARTESIAN_POINT('',(2.212880481977,-1.443984767911,
    2.969511293907));
#1231 = CARTESIAN_POINT('',(2.326727682537,-1.462362642297,
    3.144004113524));
#1232 = CARTESIAN_POINT('',(2.462769203884,-1.484323588533,3.3));
#1233 = CARTESIAN_POINT('',(2.4688306519,-1.472444572346,1.45));
#1234 = CARTESIAN_POINT('',(2.354364674888,-1.408216525168,
    1.605995886476));
#1235 = CARTESIAN_POINT('',(2.258570165236,-1.3544655262,1.780488706093)
  );
#1236 = CARTESIAN_POINT('',(2.141744430451,-1.288913562805,
    1.930929148474));
#1237 = CARTESIAN_POINT('',(1.991705202282,-1.204725278881,2.375));
#1238 = CARTESIAN_POINT('',(2.141744430451,-1.288913562805,
    2.819070851526));
#1239 = CARTESIAN_POINT('',(2.258570165236,-1.3544655262,2.969511293907)
  );
#1240 = CARTESIAN_POINT('',(2.354364674888,-1.408216525167,
    3.144004113524));
#1241 = CARTESIAN_POINT('',(2.4688306519,-1.472444572346,3.3));
#1242 = CARTESIAN_POINT('',(2.472944293804,-1.459758748451,1.45));
#1243 = CARTESIAN_POINT('',(2.373109456781,-1.350387133867,
    1.605995886476));
#1244 = CARTESIAN_POINT('',(2.289562343234,-1.258858378476,
    1.780488706093));
#1245 = CARTESIAN_POINT('',(2.187671010962,-1.147233387021,
    1.930929148474));
#1246 = CARTESIAN_POINT('',(2.056812682048,-1.003874013932,2.375));
#1247 = CARTESIAN_POINT('',(2.187671010962,-1.147233387021,
    2.819070851526));
#1248 = CARTESIAN_POINT('',(2.289562343234,-1.258858378476,
    2.969511293907));
#1249 = CARTESIAN_POINT('',(2.373109456781,-1.350387133867,
    3.144004113524));
#1250 = CARTESIAN_POINT('',(2.472944293804,-1.459758748451,3.3));
#1251 = CARTESIAN_POINT('',(2.475,-1.446668613153,1.45));
#1252 = CARTESIAN_POINT('',(2.382482508762,-1.290718509747,
    1.605995886476));
#1253 = CARTESIAN_POINT('',(2.30505790922,-1.160209412029,1.780488706093
    ));
#1254 = CARTESIAN_POINT('',(2.210634062525,-1.001045901875,
    1.930929148474));
#1255 = CARTESIAN_POINT('',(2.089365937475,-0.796632915873,2.375));
#1256 = CARTESIAN_POINT('',(2.210634062525,-1.001045901875,
    2.819070851526));
#1257 = CARTESIAN_POINT('',(2.30505790922,-1.160209412029,2.969511293907
    ));
#1258 = CARTESIAN_POINT('',(2.382482508762,-1.290718509747,
    3.144004113524));
#1259 = CARTESIAN_POINT('',(2.475,-1.446668613153,3.3));
#1260 = CARTESIAN_POINT('',(2.475,-1.433578643763,1.45));
#1261 = CARTESIAN_POINT('',(2.382482508762,-1.231049650806,
    1.605995886476));
#1262 = CARTESIAN_POINT('',(2.30505790922,-1.06156033624,1.780488706093)
  );
#1263 = CARTESIAN_POINT('',(2.210634062525,-0.854858162128,
    1.930929148474));
#1264 = CARTESIAN_POINT('',(2.089365937475,-0.589391482091,2.375));
#1265 = CARTESIAN_POINT('',(2.210634062525,-0.854858162128,
    2.819070851526));
#1266 = CARTESIAN_POINT('',(2.30505790922,-1.06156033624,2.969511293906)
  );
#1267 = CARTESIAN_POINT('',(2.382482508762,-1.231049650806,
    3.144004113524));
#1268 = CARTESIAN_POINT('',(2.475,-1.433578643763,3.3));
#1269 = ADVANCED_FACE('',(#1270),#1288,.F.);
#1270 = FACE_BOUND('',#1271,.F.);
#1271 = EDGE_LOOP('',(#1272,#1273,#1281,#1287));
#1272 = ORIENTED_EDGE('',*,*,#1006,.T.);
#1273 = ORIENTED_EDGE('',*,*,#1274,.T.);
#1274 = EDGE_CURVE('',#998,#1275,#1277,.T.);
#1275 = VERTEX_POINT('',#1276);
#1276 = CARTESIAN_POINT('',(2.445710678119,-1.504289321881,3.9));
#1277 = LINE('',#1278,#1279);
#1278 = CARTESIAN_POINT('',(1.504289321881,-2.445710678119,3.9));
#1279 = VECTOR('',#1280,1.);
#1280 = DIRECTION('',(0.707106781187,0.707106781187,0.));
#1281 = ORIENTED_EDGE('',*,*,#1282,.F.);
#1282 = EDGE_CURVE('',#612,#1275,#1283,.T.);
#1283 = LINE('',#1284,#1285);
#1284 = CARTESIAN_POINT('',(2.445710678119,-1.504289321881,3.3));
#1285 = VECTOR('',#1286,1.);
#1286 = DIRECTION('',(0.,0.,1.));
#1287 = ORIENTED_EDGE('',*,*,#625,.F.);
#1288 = PLANE('',#1289);
#1289 = AXIS2_PLACEMENT_3D('',#1290,#1291,#1292);
#1290 = CARTESIAN_POINT('',(1.504289321881,-2.445710678119,3.3));
#1291 = DIRECTION('',(-0.707106781187,0.707106781187,0.));
#1292 = DIRECTION('',(0.707106781187,0.707106781187,0.));
#1293 = ADVANCED_FACE('',(#1294),#1325,.F.);
#1294 = FACE_BOUND('',#1295,.F.);
#1295 = EDGE_LOOP('',(#1296,#1306,#1313,#1314,#1315,#1316,#1317,#1318));
#1296 = ORIENTED_EDGE('',*,*,#1297,.F.);
#1297 = EDGE_CURVE('',#1298,#1300,#1302,.T.);
#1298 = VERTEX_POINT('',#1299);
#1299 = CARTESIAN_POINT('',(-2.475,-1.433578643763,0.35));
#1300 = VERTEX_POINT('',#1301);
#1301 = CARTESIAN_POINT('',(-2.475,1.433578643763,0.35));
#1302 = LINE('',#1303,#1304);
#1303 = CARTESIAN_POINT('',(-2.475,-2.1,0.35));
#1304 = VECTOR('',#1305,1.);
#1305 = DIRECTION('',(-0.,1.,0.));
#1306 = ORIENTED_EDGE('',*,*,#1307,.F.);
#1307 = EDGE_CURVE('',#704,#1298,#1308,.T.);
#1308 = CIRCLE('',#1309,0.1);
#1309 = AXIS2_PLACEMENT_3D('',#1310,#1311,#1312);
#1310 = CARTESIAN_POINT('',(-2.375,-1.433578643763,0.35));
#1311 = DIRECTION('',(-0.,0.,-1.));
#1312 = DIRECTION('',(-1.,-6.661338147751E-15,0.));
#1313 = ORIENTED_EDGE('',*,*,#703,.T.);
#1314 = ORIENTED_EDGE('',*,*,#745,.T.);
#1315 = ORIENTED_EDGE('',*,*,#777,.T.);
#1316 = ORIENTED_EDGE('',*,*,#800,.F.);
#1317 = ORIENTED_EDGE('',*,*,#840,.T.);
#1318 = ORIENTED_EDGE('',*,*,#1319,.F.);
#1319 = EDGE_CURVE('',#1300,#833,#1320,.T.);
#1320 = CIRCLE('',#1321,0.1);
#1321 = AXIS2_PLACEMENT_3D('',#1322,#1323,#1324);
#1322 = CARTESIAN_POINT('',(-2.375,1.433578643763,0.35));
#1323 = DIRECTION('',(-0.,0.,-1.));
#1324 = DIRECTION('',(-0.707106781187,0.707106781187,0.));
#1325 = PLANE('',#1326);
#1326 = AXIS2_PLACEMENT_3D('',#1327,#1328,#1329);
#1327 = CARTESIAN_POINT('',(-2.475,-2.1,0.35));
#1328 = DIRECTION('',(0.,0.,1.));
#1329 = DIRECTION('',(1.,0.,-0.));
#1330 = ADVANCED_FACE('',(#1331),#1359,.T.);
#1331 = FACE_BOUND('',#1332,.T.);
#1332 = EDGE_LOOP('',(#1333,#1334,#1335,#1347));
#1333 = ORIENTED_EDGE('',*,*,#721,.T.);
#1334 = ORIENTED_EDGE('',*,*,#1035,.T.);
#1335 = ORIENTED_EDGE('',*,*,#1336,.F.);
#1336 = EDGE_CURVE('',#1337,#1024,#1339,.T.);
#1337 = VERTEX_POINT('',#1338);
#1338 = CARTESIAN_POINT('',(-2.445710678119,-1.504289321881,3.3));
#1339 = B_SPLINE_CURVE_WITH_KNOTS('',6,(#1340,#1341,#1342,#1343,#1344,
    #1345,#1346),.UNSPECIFIED.,.F.,.F.,(7,7),(13.,14.),
  .PIECEWISE_BEZIER_KNOTS.);
#1340 = CARTESIAN_POINT('',(-2.445710678119,-1.504289321881,3.3));
#1341 = CARTESIAN_POINT('',(-2.288807118746,-1.661192881254,3.3));
#1342 = CARTESIAN_POINT('',(-2.131903559373,-1.818096440627,3.3));
#1343 = CARTESIAN_POINT('',(-1.975,-1.975,3.3));
#1344 = CARTESIAN_POINT('',(-1.818096440627,-2.131903559373,3.3));
#1345 = CARTESIAN_POINT('',(-1.661192881254,-2.288807118746,3.3));
#1346 = CARTESIAN_POINT('',(-1.504289321881,-2.445710678119,3.3));
#1347 = ORIENTED_EDGE('',*,*,#1348,.F.);
#1348 = EDGE_CURVE('',#714,#1337,#1349,.T.);
#1349 = ( BOUNDED_CURVE() B_SPLINE_CURVE(5,(#1350,#1351,#1352,#1353,
    #1354,#1355,#1356,#1357,#1358),.UNSPECIFIED.,.F.,.F.) 
B_SPLINE_CURVE_WITH_KNOTS((6,3,6),(0.,0.5,1.),.UNSPECIFIED.) CURVE() 
GEOMETRIC_REPRESENTATION_ITEM() RATIONAL_B_SPLINE_CURVE((1.,1.,1.,1.,1.,
1.,1.,1.,1.)) REPRESENTATION_ITEM('') );
#1350 = CARTESIAN_POINT('',(-2.445710678119,-1.504289321881,1.45));
#1351 = CARTESIAN_POINT('',(-2.24897108763,-1.553374734435,
    1.605995886476));
#1352 = CARTESIAN_POINT('',(-2.084326718184,-1.594452571279,
    1.780488706093));
#1353 = CARTESIAN_POINT('',(-1.883533239215,-1.644549406028,
    1.930929148474));
#1354 = CARTESIAN_POINT('',(-1.625655069989,-1.708888547395,2.375));
#1355 = CARTESIAN_POINT('',(-1.883533239215,-1.644549406028,
    2.819070851526));
#1356 = CARTESIAN_POINT('',(-2.084326718184,-1.594452571279,
    2.969511293906));
#1357 = CARTESIAN_POINT('',(-2.24897108763,-1.553374734435,
    3.144004113524));
#1358 = CARTESIAN_POINT('',(-2.445710678119,-1.504289321881,3.3));
#1359 = ( BOUNDED_SURFACE() B_SPLINE_SURFACE(6,5,(
    (#1360,#1361,#1362,#1363,#1364,#1365,#1366,#1367,#1368)
    ,(#1369,#1370,#1371,#1372,#1373,#1374,#1375,#1376,#1377)
    ,(#1378,#1379,#1380,#1381,#1382,#1383,#1384,#1385,#1386)
    ,(#1387,#1388,#1389,#1390,#1391,#1392,#1393,#1394,#1395)
    ,(#1396,#1397,#1398,#1399,#1400,#1401,#1402,#1403,#1404)
    ,(#1405,#1406,#1407,#1408,#1409,#1410,#1411,#1412,#1413)
    ,(#1414,#1415,#1416,#1417,#1418,#1419,#1420,#1421,#1422
)),.UNSPECIFIED.,.F.,.F.,.F.) B_SPLINE_SURFACE_WITH_KNOTS((7,7),(6,3,6),
(13.,14.),(0.,0.5,1.),.UNSPECIFIED.) GEOMETRIC_REPRESENTATION_ITEM() 
RATIONAL_B_SPLINE_SURFACE((
    (1.,1.,1.,1.,1.,1.,1.,1.,1.)
    ,(1.,1.,1.,1.,1.,1.,1.,1.,1.)
    ,(1.,1.,1.,1.,1.,1.,1.,1.,1.)
    ,(1.,1.,1.,1.,1.,1.,1.,1.,1.)
    ,(1.,1.,1.,1.,1.,1.,1.,1.,1.)
    ,(1.,1.,1.,1.,1.,1.,1.,1.,1.)
,(1.,1.,1.,1.,1.,1.,1.,1.,1.))) REPRESENTATION_ITEM('') SURFACE() );
#1360 = CARTESIAN_POINT('',(-2.445710678119,-1.504289321881,1.45));
#1361 = CARTESIAN_POINT('',(-2.24897108763,-1.553374734435,
    1.605995886476));
#1362 = CARTESIAN_POINT('',(-2.084326718184,-1.594452571279,
    1.780488706093));
#1363 = CARTESIAN_POINT('',(-1.883533239215,-1.644549406028,
    1.930929148474));
#1364 = CARTESIAN_POINT('',(-1.625655069989,-1.708888547395,2.375));
#1365 = CARTESIAN_POINT('',(-1.883533239215,-1.644549406028,
    2.819070851526));
#1366 = CARTESIAN_POINT('',(-2.084326718184,-1.594452571279,
    2.969511293906));
#1367 = CARTESIAN_POINT('',(-2.24897108763,-1.553374734435,
    3.144004113524));
#1368 = CARTESIAN_POINT('',(-2.445710678119,-1.504289321881,3.3));
#1369 = CARTESIAN_POINT('',(-2.288807118746,-1.661192881254,1.45));
#1370 = CARTESIAN_POINT('',(-2.133038362097,-1.669307459967,
    1.605995886476));
#1371 = CARTESIAN_POINT('',(-2.002681027033,-1.67609826243,
    1.780488706093));
#1372 = CARTESIAN_POINT('',(-1.84370260035,-1.684380044892,
    1.930929148474));
#1373 = CARTESIAN_POINT('',(-1.639527316223,-1.695016301161,2.375));
#1374 = CARTESIAN_POINT('',(-1.84370260035,-1.684380044892,
    2.819070851526));
#1375 = CARTESIAN_POINT('',(-2.002681027033,-1.67609826243,
    2.969511293906));
#1376 = CARTESIAN_POINT('',(-2.133038362097,-1.669307459967,
    3.144004113524));
#1377 = CARTESIAN_POINT('',(-2.288807118746,-1.661192881254,3.3));
#1378 = CARTESIAN_POINT('',(-2.131903559373,-1.818096440627,1.45));
#1379 = CARTESIAN_POINT('',(-2.017105636565,-1.7852401855,1.605995886476
    ));
#1380 = CARTESIAN_POINT('',(-1.921035335882,-1.757743953581,
    1.780488706093));
#1381 = CARTESIAN_POINT('',(-1.803871961486,-1.724210683757,
    1.930929148474));
#1382 = CARTESIAN_POINT('',(-1.653399562458,-1.681144054926,2.375));
#1383 = CARTESIAN_POINT('',(-1.803871961486,-1.724210683757,
    2.819070851526));
#1384 = CARTESIAN_POINT('',(-1.921035335882,-1.757743953581,
    2.969511293906));
#1385 = CARTESIAN_POINT('',(-2.017105636565,-1.7852401855,3.144004113524
    ));
#1386 = CARTESIAN_POINT('',(-2.131903559373,-1.818096440627,3.3));
#1387 = CARTESIAN_POINT('',(-1.975,-1.975,1.45));
#1388 = CARTESIAN_POINT('',(-1.901172911032,-1.901172911032,
    1.605995886476));
#1389 = CARTESIAN_POINT('',(-1.839389644731,-1.839389644731,
    1.780488706093));
#1390 = CARTESIAN_POINT('',(-1.764041322621,-1.764041322621,
    1.930929148474));
#1391 = CARTESIAN_POINT('',(-1.667271808692,-1.667271808692,2.375));
#1392 = CARTESIAN_POINT('',(-1.764041322621,-1.764041322621,
    2.819070851526));
#1393 = CARTESIAN_POINT('',(-1.839389644731,-1.839389644731,
    2.969511293906));
#1394 = CARTESIAN_POINT('',(-1.901172911032,-1.901172911032,
    3.144004113524));
#1395 = CARTESIAN_POINT('',(-1.975,-1.975,3.3));
#1396 = CARTESIAN_POINT('',(-1.818096440627,-2.131903559373,1.45));
#1397 = CARTESIAN_POINT('',(-1.7852401855,-2.017105636565,1.605995886476
    ));
#1398 = CARTESIAN_POINT('',(-1.757743953581,-1.921035335882,
    1.780488706093));
#1399 = CARTESIAN_POINT('',(-1.724210683757,-1.803871961486,
    1.930929148474));
#1400 = CARTESIAN_POINT('',(-1.681144054926,-1.653399562458,2.375));
#1401 = CARTESIAN_POINT('',(-1.724210683757,-1.803871961486,
    2.819070851526));
#1402 = CARTESIAN_POINT('',(-1.757743953581,-1.921035335882,
    2.969511293906));
#1403 = CARTESIAN_POINT('',(-1.7852401855,-2.017105636565,3.144004113524
    ));
#1404 = CARTESIAN_POINT('',(-1.818096440627,-2.131903559373,3.3));
#1405 = CARTESIAN_POINT('',(-1.661192881254,-2.288807118746,1.45));
#1406 = CARTESIAN_POINT('',(-1.669307459967,-2.133038362098,
    1.605995886476));
#1407 = CARTESIAN_POINT('',(-1.67609826243,-2.002681027033,
    1.780488706093));
#1408 = CARTESIAN_POINT('',(-1.684380044892,-1.84370260035,
    1.930929148474));
#1409 = CARTESIAN_POINT('',(-1.695016301161,-1.639527316223,2.375));
#1410 = CARTESIAN_POINT('',(-1.684380044892,-1.84370260035,
    2.819070851526));
#1411 = CARTESIAN_POINT('',(-1.67609826243,-2.002681027033,
    2.969511293906));
#1412 = CARTESIAN_POINT('',(-1.669307459967,-2.133038362098,
    3.144004113524));
#1413 = CARTESIAN_POINT('',(-1.661192881254,-2.288807118746,3.3));
#1414 = CARTESIAN_POINT('',(-1.504289321881,-2.445710678119,1.45));
#1415 = CARTESIAN_POINT('',(-1.553374734435,-2.24897108763,
    1.605995886476));
#1416 = CARTESIAN_POINT('',(-1.594452571279,-2.084326718184,
    1.780488706093));
#1417 = CARTESIAN_POINT('',(-1.644549406028,-1.883533239215,
    1.930929148474));
#1418 = CARTESIAN_POINT('',(-1.708888547395,-1.625655069989,2.375));
#1419 = CARTESIAN_POINT('',(-1.644549406028,-1.883533239215,
    2.819070851526));
#1420 = CARTESIAN_POINT('',(-1.594452571279,-2.084326718184,
    2.969511293907));
#1421 = CARTESIAN_POINT('',(-1.553374734435,-2.24897108763,
    3.144004113524));
#1422 = CARTESIAN_POINT('',(-1.504289321881,-2.445710678119,3.3));
#1423 = ADVANCED_FACE('',(#1424),#1443,.T.);
#1424 = FACE_BOUND('',#1425,.F.);
#1425 = EDGE_LOOP('',(#1426,#1427,#1435,#1442));
#1426 = ORIENTED_EDGE('',*,*,#1307,.T.);
#1427 = ORIENTED_EDGE('',*,*,#1428,.T.);
#1428 = EDGE_CURVE('',#1298,#1429,#1431,.T.);
#1429 = VERTEX_POINT('',#1430);
#1430 = CARTESIAN_POINT('',(-2.475,-1.433578643763,1.45));
#1431 = LINE('',#1432,#1433);
#1432 = CARTESIAN_POINT('',(-2.475,-1.433578643763,0.));
#1433 = VECTOR('',#1434,1.);
#1434 = DIRECTION('',(0.,0.,1.));
#1435 = ORIENTED_EDGE('',*,*,#1436,.T.);
#1436 = EDGE_CURVE('',#1429,#714,#1437,.T.);
#1437 = CIRCLE('',#1438,0.1);
#1438 = AXIS2_PLACEMENT_3D('',#1439,#1440,#1441);
#1439 = CARTESIAN_POINT('',(-2.375,-1.433578643763,1.45));
#1440 = DIRECTION('',(0.,0.,1.));
#1441 = DIRECTION('',(-1.,-6.661338147751E-15,0.));
#1442 = ORIENTED_EDGE('',*,*,#713,.F.);
#1443 = CYLINDRICAL_SURFACE('',#1444,0.1);
#1444 = AXIS2_PLACEMENT_3D('',#1445,#1446,#1447);
#1445 = CARTESIAN_POINT('',(-2.375,-1.433578643763,0.));
#1446 = DIRECTION('',(-0.,-0.,-1.));
#1447 = DIRECTION('',(-1.,-6.661338147751E-15,0.));
#1448 = ADVANCED_FACE('',(#1449),#1468,.T.);
#1449 = FACE_BOUND('',#1450,.F.);
#1450 = EDGE_LOOP('',(#1451,#1452,#1453,#1462));
#1451 = ORIENTED_EDGE('',*,*,#1319,.T.);
#1452 = ORIENTED_EDGE('',*,*,#832,.T.);
#1453 = ORIENTED_EDGE('',*,*,#1454,.T.);
#1454 = EDGE_CURVE('',#825,#1455,#1457,.T.);
#1455 = VERTEX_POINT('',#1456);
#1456 = CARTESIAN_POINT('',(-2.475,1.433578643763,1.45));
#1457 = CIRCLE('',#1458,0.1);
#1458 = AXIS2_PLACEMENT_3D('',#1459,#1460,#1461);
#1459 = CARTESIAN_POINT('',(-2.375,1.433578643763,1.45));
#1460 = DIRECTION('',(0.,0.,1.));
#1461 = DIRECTION('',(-0.707106781187,0.707106781187,0.));
#1462 = ORIENTED_EDGE('',*,*,#1463,.F.);
#1463 = EDGE_CURVE('',#1300,#1455,#1464,.T.);
#1464 = LINE('',#1465,#1466);
#1465 = CARTESIAN_POINT('',(-2.475,1.433578643763,0.));
#1466 = VECTOR('',#1467,1.);
#1467 = DIRECTION('',(0.,0.,1.));
#1468 = CYLINDRICAL_SURFACE('',#1469,0.1);
#1469 = AXIS2_PLACEMENT_3D('',#1470,#1471,#1472);
#1470 = CARTESIAN_POINT('',(-2.375,1.433578643763,0.));
#1471 = DIRECTION('',(-0.,-0.,-1.));
#1472 = DIRECTION('',(-0.707106781187,0.707106781187,0.));
#1473 = ADVANCED_FACE('',(#1474),#1515,.T.);
#1474 = FACE_BOUND('',#1475,.T.);
#1475 = EDGE_LOOP('',(#1476,#1477,#1491,#1503));
#1476 = ORIENTED_EDGE('',*,*,#824,.T.);
#1477 = ORIENTED_EDGE('',*,*,#1478,.T.);
#1478 = EDGE_CURVE('',#825,#1479,#1481,.T.);
#1479 = VERTEX_POINT('',#1480);
#1480 = CARTESIAN_POINT('',(-2.445710678119,1.504289321881,3.3));
#1481 = ( BOUNDED_CURVE() B_SPLINE_CURVE(5,(#1482,#1483,#1484,#1485,
    #1486,#1487,#1488,#1489,#1490),.UNSPECIFIED.,.F.,.F.) 
B_SPLINE_CURVE_WITH_KNOTS((6,3,6),(0.,0.5,1.),.UNSPECIFIED.) CURVE() 
GEOMETRIC_REPRESENTATION_ITEM() RATIONAL_B_SPLINE_CURVE((1.,1.,1.,1.,1.,
1.,1.,1.,1.)) REPRESENTATION_ITEM('') );
#1482 = CARTESIAN_POINT('',(-2.445710678119,1.504289321881,1.45));
#1483 = CARTESIAN_POINT('',(-2.24897108763,1.553374734435,1.605995886476
    ));
#1484 = CARTESIAN_POINT('',(-2.084326718184,1.594452571279,
    1.780488706093));
#1485 = CARTESIAN_POINT('',(-1.883533239215,1.644549406028,
    1.930929148474));
#1486 = CARTESIAN_POINT('',(-1.625655069989,1.708888547395,2.375));
#1487 = CARTESIAN_POINT('',(-1.883533239215,1.644549406028,
    2.819070851526));
#1488 = CARTESIAN_POINT('',(-2.084326718184,1.594452571279,
    2.969511293907));
#1489 = CARTESIAN_POINT('',(-2.24897108763,1.553374734435,3.144004113524
    ));
#1490 = CARTESIAN_POINT('',(-2.445710678119,1.504289321881,3.3));
#1491 = ORIENTED_EDGE('',*,*,#1492,.F.);
#1492 = EDGE_CURVE('',#1493,#1479,#1495,.T.);
#1493 = VERTEX_POINT('',#1494);
#1494 = CARTESIAN_POINT('',(-1.504289321881,2.445710678119,3.3));
#1495 = B_SPLINE_CURVE_WITH_KNOTS('',6,(#1496,#1497,#1498,#1499,#1500,
    #1501,#1502),.UNSPECIFIED.,.F.,.F.,(7,7),(9.,10.),
  .PIECEWISE_BEZIER_KNOTS.);
#1496 = CARTESIAN_POINT('',(-1.504289321881,2.445710678119,3.3));
#1497 = CARTESIAN_POINT('',(-1.661192881254,2.288807118746,3.3));
#1498 = CARTESIAN_POINT('',(-1.818096440627,2.131903559373,3.3));
#1499 = CARTESIAN_POINT('',(-1.975,1.975,3.3));
#1500 = CARTESIAN_POINT('',(-2.131903559373,1.818096440627,3.3));
#1501 = CARTESIAN_POINT('',(-2.288807118746,1.661192881254,3.3));
#1502 = CARTESIAN_POINT('',(-2.445710678119,1.504289321881,3.3));
#1503 = ORIENTED_EDGE('',*,*,#1504,.F.);
#1504 = EDGE_CURVE('',#817,#1493,#1505,.T.);
#1505 = ( BOUNDED_CURVE() B_SPLINE_CURVE(5,(#1506,#1507,#1508,#1509,
    #1510,#1511,#1512,#1513,#1514),.UNSPECIFIED.,.F.,.F.) 
B_SPLINE_CURVE_WITH_KNOTS((6,3,6),(0.,0.5,1.),.UNSPECIFIED.) CURVE() 
GEOMETRIC_REPRESENTATION_ITEM() RATIONAL_B_SPLINE_CURVE((1.,1.,1.,1.,1.,
1.,1.,1.,1.)) REPRESENTATION_ITEM('') );
#1506 = CARTESIAN_POINT('',(-1.504289321881,2.445710678119,1.45));
#1507 = CARTESIAN_POINT('',(-1.553374734435,2.24897108763,1.605995886476
    ));
#1508 = CARTESIAN_POINT('',(-1.594452571279,2.084326718184,
    1.780488706093));
#1509 = CARTESIAN_POINT('',(-1.644549406028,1.883533239215,
    1.930929148474));
#1510 = CARTESIAN_POINT('',(-1.708888547395,1.625655069989,2.375));
#1511 = CARTESIAN_POINT('',(-1.644549406028,1.883533239215,
    2.819070851526));
#1512 = CARTESIAN_POINT('',(-1.594452571279,2.084326718184,
    2.969511293906));
#1513 = CARTESIAN_POINT('',(-1.553374734435,2.24897108763,3.144004113524
    ));
#1514 = CARTESIAN_POINT('',(-1.504289321881,2.445710678119,3.3));
#1515 = ( BOUNDED_SURFACE() B_SPLINE_SURFACE(6,5,(
    (#1516,#1517,#1518,#1519,#1520,#1521,#1522,#1523,#1524)
    ,(#1525,#1526,#1527,#1528,#1529,#1530,#1531,#1532,#1533)
    ,(#1534,#1535,#1536,#1537,#1538,#1539,#1540,#1541,#1542)
    ,(#1543,#1544,#1545,#1546,#1547,#1548,#1549,#1550,#1551)
    ,(#1552,#1553,#1554,#1555,#1556,#1557,#1558,#1559,#1560)
    ,(#1561,#1562,#1563,#1564,#1565,#1566,#1567,#1568,#1569)
    ,(#1570,#1571,#1572,#1573,#1574,#1575,#1576,#1577,#1578
)),.UNSPECIFIED.,.F.,.F.,.F.) B_SPLINE_SURFACE_WITH_KNOTS((7,7),(6,3,6),
(9.,10.),(0.,0.5,1.),.UNSPECIFIED.) GEOMETRIC_REPRESENTATION_ITEM() 
RATIONAL_B_SPLINE_SURFACE((
    (1.,1.,1.,1.,1.,1.,1.,1.,1.)
    ,(1.,1.,1.,1.,1.,1.,1.,1.,1.)
    ,(1.,1.,1.,1.,1.,1.,1.,1.,1.)
    ,(1.,1.,1.,1.,1.,1.,1.,1.,1.)
    ,(1.,1.,1.,1.,1.,1.,1.,1.,1.)
    ,(1.,1.,1.,1.,1.,1.,1.,1.,1.)
,(1.,1.,1.,1.,1.,1.,1.,1.,1.))) REPRESENTATION_ITEM('') SURFACE() );
#1516 = CARTESIAN_POINT('',(-1.504289321881,2.445710678119,1.45));
#1517 = CARTESIAN_POINT('',(-1.553374734435,2.24897108763,1.605995886476
    ));
#1518 = CARTESIAN_POINT('',(-1.594452571279,2.084326718184,
    1.780488706093));
#1519 = CARTESIAN_POINT('',(-1.644549406028,1.883533239215,
    1.930929148474));
#1520 = CARTESIAN_POINT('',(-1.708888547395,1.625655069989,2.375));
#1521 = CARTESIAN_POINT('',(-1.644549406028,1.883533239215,
    2.819070851526));
#1522 = CARTESIAN_POINT('',(-1.594452571279,2.084326718184,
    2.969511293906));
#1523 = CARTESIAN_POINT('',(-1.553374734435,2.24897108763,3.144004113524
    ));
#1524 = CARTESIAN_POINT('',(-1.504289321881,2.445710678119,3.3));
#1525 = CARTESIAN_POINT('',(-1.661192881254,2.288807118746,1.45));
#1526 = CARTESIAN_POINT('',(-1.669307459967,2.133038362097,
    1.605995886476));
#1527 = CARTESIAN_POINT('',(-1.67609826243,2.002681027033,1.780488706093
    ));
#1528 = CARTESIAN_POINT('',(-1.684380044892,1.84370260035,1.930929148474
    ));
#1529 = CARTESIAN_POINT('',(-1.695016301161,1.639527316223,2.375));
#1530 = CARTESIAN_POINT('',(-1.684380044892,1.84370260035,2.819070851526
    ));
#1531 = CARTESIAN_POINT('',(-1.67609826243,2.002681027033,2.969511293906
    ));
#1532 = CARTESIAN_POINT('',(-1.669307459967,2.133038362097,
    3.144004113524));
#1533 = CARTESIAN_POINT('',(-1.661192881254,2.288807118746,3.3));
#1534 = CARTESIAN_POINT('',(-1.818096440627,2.131903559373,1.45));
#1535 = CARTESIAN_POINT('',(-1.7852401855,2.017105636565,1.605995886476)
  );
#1536 = CARTESIAN_POINT('',(-1.757743953581,1.921035335882,
    1.780488706093));
#1537 = CARTESIAN_POINT('',(-1.724210683757,1.803871961486,
    1.930929148474));
#1538 = CARTESIAN_POINT('',(-1.681144054926,1.653399562458,2.375));
#1539 = CARTESIAN_POINT('',(-1.724210683757,1.803871961486,
    2.819070851526));
#1540 = CARTESIAN_POINT('',(-1.757743953581,1.921035335882,
    2.969511293906));
#1541 = CARTESIAN_POINT('',(-1.7852401855,2.017105636565,3.144004113524)
  );
#1542 = CARTESIAN_POINT('',(-1.818096440627,2.131903559373,3.3));
#1543 = CARTESIAN_POINT('',(-1.975,1.975,1.45));
#1544 = CARTESIAN_POINT('',(-1.901172911032,1.901172911032,
    1.605995886476));
#1545 = CARTESIAN_POINT('',(-1.839389644731,1.839389644731,
    1.780488706093));
#1546 = CARTESIAN_POINT('',(-1.764041322621,1.764041322621,
    1.930929148474));
#1547 = CARTESIAN_POINT('',(-1.667271808692,1.667271808692,2.375));
#1548 = CARTESIAN_POINT('',(-1.764041322621,1.764041322621,
    2.819070851526));
#1549 = CARTESIAN_POINT('',(-1.839389644731,1.839389644731,
    2.969511293906));
#1550 = CARTESIAN_POINT('',(-1.901172911032,1.901172911032,
    3.144004113524));
#1551 = CARTESIAN_POINT('',(-1.975,1.975,3.3));
#1552 = CARTESIAN_POINT('',(-2.131903559373,1.818096440627,1.45));
#1553 = CARTESIAN_POINT('',(-2.017105636565,1.7852401855,1.605995886476)
  );
#1554 = CARTESIAN_POINT('',(-1.921035335882,1.757743953581,
    1.780488706093));
#1555 = CARTESIAN_POINT('',(-1.803871961486,1.724210683757,
    1.930929148474));
#1556 = CARTESIAN_POINT('',(-1.653399562458,1.681144054926,2.375));
#1557 = CARTESIAN_POINT('',(-1.803871961486,1.724210683757,
    2.819070851526));
#1558 = CARTESIAN_POINT('',(-1.921035335882,1.757743953581,
    2.969511293906));
#1559 = CARTESIAN_POINT('',(-2.017105636565,1.7852401855,3.144004113524)
  );
#1560 = CARTESIAN_POINT('',(-2.131903559373,1.818096440627,3.3));
#1561 = CARTESIAN_POINT('',(-2.288807118746,1.661192881254,1.45));
#1562 = CARTESIAN_POINT('',(-2.133038362098,1.669307459967,
    1.605995886476));
#1563 = CARTESIAN_POINT('',(-2.002681027033,1.67609826243,1.780488706093
    ));
#1564 = CARTESIAN_POINT('',(-1.84370260035,1.684380044892,1.930929148474
    ));
#1565 = CARTESIAN_POINT('',(-1.639527316223,1.695016301161,2.375));
#1566 = CARTESIAN_POINT('',(-1.84370260035,1.684380044892,2.819070851526
    ));
#1567 = CARTESIAN_POINT('',(-2.002681027033,1.67609826243,2.969511293906
    ));
#1568 = CARTESIAN_POINT('',(-2.133038362098,1.669307459967,
    3.144004113524));
#1569 = CARTESIAN_POINT('',(-2.288807118746,1.661192881254,3.3));
#1570 = CARTESIAN_POINT('',(-2.445710678119,1.504289321881,1.45));
#1571 = CARTESIAN_POINT('',(-2.24897108763,1.553374734435,1.605995886476
    ));
#1572 = CARTESIAN_POINT('',(-2.084326718184,1.594452571279,
    1.780488706093));
#1573 = CARTESIAN_POINT('',(-1.883533239215,1.644549406028,
    1.930929148474));
#1574 = CARTESIAN_POINT('',(-1.625655069989,1.708888547395,2.375));
#1575 = CARTESIAN_POINT('',(-1.883533239215,1.644549406028,
    2.819070851526));
#1576 = CARTESIAN_POINT('',(-2.084326718184,1.594452571279,
    2.969511293907));
#1577 = CARTESIAN_POINT('',(-2.24897108763,1.553374734435,3.144004113524
    ));
#1578 = CARTESIAN_POINT('',(-2.445710678119,1.504289321881,3.3));
#1579 = ADVANCED_FACE('',(#1580),#1608,.T.);
#1580 = FACE_BOUND('',#1581,.T.);
#1581 = EDGE_LOOP('',(#1582,#1583,#1584,#1596));
#1582 = ORIENTED_EDGE('',*,*,#863,.T.);
#1583 = ORIENTED_EDGE('',*,*,#1504,.T.);
#1584 = ORIENTED_EDGE('',*,*,#1585,.F.);
#1585 = EDGE_CURVE('',#1586,#1493,#1588,.T.);
#1586 = VERTEX_POINT('',#1587);
#1587 = CARTESIAN_POINT('',(-1.433578643763,2.475,3.3));
#1588 = B_SPLINE_CURVE_WITH_KNOTS('',6,(#1589,#1590,#1591,#1592,#1593,
    #1594,#1595),.UNSPECIFIED.,.F.,.F.,(7,7),(8.,9.),
  .PIECEWISE_BEZIER_KNOTS.);
#1589 = CARTESIAN_POINT('',(-1.433578643763,2.475,3.3));
#1590 = CARTESIAN_POINT('',(-1.446668613153,2.475,3.3));
#1591 = CARTESIAN_POINT('',(-1.459758748451,2.472944293804,3.3));
#1592 = CARTESIAN_POINT('',(-1.472444572346,2.4688306519,3.3));
#1593 = CARTESIAN_POINT('',(-1.484323588533,2.462769203884,3.3));
#1594 = CARTESIAN_POINT('',(-1.49503331576,2.45496668424,3.3));
#1595 = CARTESIAN_POINT('',(-1.504289321881,2.445710678119,3.3));
#1596 = ORIENTED_EDGE('',*,*,#1597,.F.);
#1597 = EDGE_CURVE('',#856,#1586,#1598,.T.);
#1598 = ( BOUNDED_CURVE() B_SPLINE_CURVE(5,(#1599,#1600,#1601,#1602,
    #1603,#1604,#1605,#1606,#1607),.UNSPECIFIED.,.F.,.F.) 
B_SPLINE_CURVE_WITH_KNOTS((6,3,6),(0.,0.5,1.),.UNSPECIFIED.) CURVE() 
GEOMETRIC_REPRESENTATION_ITEM() RATIONAL_B_SPLINE_CURVE((1.,1.,1.,1.,1.,
1.,1.,1.,1.)) REPRESENTATION_ITEM('') );
#1599 = CARTESIAN_POINT('',(-1.433578643763,2.475,1.45));
#1600 = CARTESIAN_POINT('',(-1.231049650806,2.382482508762,
    1.605995886476));
#1601 = CARTESIAN_POINT('',(-1.06156033624,2.30505790922,1.780488706093)
  );
#1602 = CARTESIAN_POINT('',(-0.854858162128,2.210634062525,
    1.930929148474));
#1603 = CARTESIAN_POINT('',(-0.589391482091,2.089365937475,2.375));
#1604 = CARTESIAN_POINT('',(-0.854858162128,2.210634062525,
    2.819070851526));
#1605 = CARTESIAN_POINT('',(-1.06156033624,2.30505790922,2.969511293907)
  );
#1606 = CARTESIAN_POINT('',(-1.231049650806,2.382482508762,
    3.144004113524));
#1607 = CARTESIAN_POINT('',(-1.433578643763,2.475,3.3));
#1608 = ( BOUNDED_SURFACE() B_SPLINE_SURFACE(6,5,(
    (#1609,#1610,#1611,#1612,#1613,#1614,#1615,#1616,#1617)
    ,(#1618,#1619,#1620,#1621,#1622,#1623,#1624,#1625,#1626)
    ,(#1627,#1628,#1629,#1630,#1631,#1632,#1633,#1634,#1635)
    ,(#1636,#1637,#1638,#1639,#1640,#1641,#1642,#1643,#1644)
    ,(#1645,#1646,#1647,#1648,#1649,#1650,#1651,#1652,#1653)
    ,(#1654,#1655,#1656,#1657,#1658,#1659,#1660,#1661,#1662)
    ,(#1663,#1664,#1665,#1666,#1667,#1668,#1669,#1670,#1671
)),.UNSPECIFIED.,.F.,.F.,.F.) B_SPLINE_SURFACE_WITH_KNOTS((7,7),(6,3,6),
(8.,9.),(0.,0.5,1.),.UNSPECIFIED.) GEOMETRIC_REPRESENTATION_ITEM() 
RATIONAL_B_SPLINE_SURFACE((
    (1.,1.,1.,1.,1.,1.,1.,1.,1.)
    ,(1.,1.,1.,1.,1.,1.,1.,1.,1.)
    ,(1.,1.,1.,1.,1.,1.,1.,1.,1.)
    ,(1.,1.,1.,1.,1.,1.,1.,1.,1.)
    ,(1.,1.,1.,1.,1.,1.,1.,1.,1.)
    ,(1.,1.,1.,1.,1.,1.,1.,1.,1.)
,(1.,1.,1.,1.,1.,1.,1.,1.,1.))) REPRESENTATION_ITEM('') SURFACE() );
#1609 = CARTESIAN_POINT('',(-1.433578643763,2.475,1.45));
#1610 = CARTESIAN_POINT('',(-1.231049650806,2.382482508762,
    1.605995886476));
#1611 = CARTESIAN_POINT('',(-1.06156033624,2.30505790922,1.780488706093)
  );
#1612 = CARTESIAN_POINT('',(-0.854858162128,2.210634062525,
    1.930929148474));
#1613 = CARTESIAN_POINT('',(-0.589391482091,2.089365937475,2.375));
#1614 = CARTESIAN_POINT('',(-0.854858162128,2.210634062525,
    2.819070851526));
#1615 = CARTESIAN_POINT('',(-1.06156033624,2.30505790922,2.969511293907)
  );
#1616 = CARTESIAN_POINT('',(-1.231049650806,2.382482508762,
    3.144004113524));
#1617 = CARTESIAN_POINT('',(-1.433578643763,2.475,3.3));
#1618 = CARTESIAN_POINT('',(-1.446668613153,2.475,1.45));
#1619 = CARTESIAN_POINT('',(-1.290718509747,2.382482508762,
    1.605995886476));
#1620 = CARTESIAN_POINT('',(-1.160209412029,2.30505790922,1.780488706093
    ));
#1621 = CARTESIAN_POINT('',(-1.001045901875,2.210634062525,
    1.930929148474));
#1622 = CARTESIAN_POINT('',(-0.796632915873,2.089365937475,2.375));
#1623 = CARTESIAN_POINT('',(-1.001045901875,2.210634062525,
    2.819070851526));
#1624 = CARTESIAN_POINT('',(-1.160209412029,2.30505790922,2.969511293906
    ));
#1625 = CARTESIAN_POINT('',(-1.290718509747,2.382482508762,
    3.144004113524));
#1626 = CARTESIAN_POINT('',(-1.446668613153,2.475,3.3));
#1627 = CARTESIAN_POINT('',(-1.459758748451,2.472944293804,1.45));
#1628 = CARTESIAN_POINT('',(-1.350387133867,2.373109456782,
    1.605995886476));
#1629 = CARTESIAN_POINT('',(-1.258858378476,2.289562343234,
    1.780488706093));
#1630 = CARTESIAN_POINT('',(-1.147233387021,2.187671010962,
    1.930929148474));
#1631 = CARTESIAN_POINT('',(-1.003874013932,2.056812682048,2.375));
#1632 = CARTESIAN_POINT('',(-1.147233387021,2.187671010962,
    2.819070851526));
#1633 = CARTESIAN_POINT('',(-1.258858378476,2.289562343234,
    2.969511293907));
#1634 = CARTESIAN_POINT('',(-1.350387133867,2.373109456782,
    3.144004113524));
#1635 = CARTESIAN_POINT('',(-1.459758748451,2.472944293804,3.3));
#1636 = CARTESIAN_POINT('',(-1.472444572346,2.4688306519,1.45));
#1637 = CARTESIAN_POINT('',(-1.408216525168,2.354364674888,
    1.605995886476));
#1638 = CARTESIAN_POINT('',(-1.3544655262,2.258570165236,1.780488706093)
  );
#1639 = CARTESIAN_POINT('',(-1.288913562805,2.141744430451,
    1.930929148474));
#1640 = CARTESIAN_POINT('',(-1.204725278881,1.991705202282,2.375));
#1641 = CARTESIAN_POINT('',(-1.288913562805,2.141744430451,
    2.819070851526));
#1642 = CARTESIAN_POINT('',(-1.3544655262,2.258570165236,2.969511293906)
  );
#1643 = CARTESIAN_POINT('',(-1.408216525168,2.354364674888,
    3.144004113524));
#1644 = CARTESIAN_POINT('',(-1.472444572346,2.4688306519,3.3));
#1645 = CARTESIAN_POINT('',(-1.484323588533,2.462769203884,1.45));
#1646 = CARTESIAN_POINT('',(-1.462362642296,2.326727682537,
    1.605995886476));
#1647 = CARTESIAN_POINT('',(-1.443984767911,2.212880481977,
    1.780488706093));
#1648 = CARTESIAN_POINT('',(-1.421571572378,2.07403641391,1.930929148474
    ));
#1649 = CARTESIAN_POINT('',(-1.392786510785,1.895719851276,2.375));
#1650 = CARTESIAN_POINT('',(-1.421571572378,2.07403641391,2.819070851526
    ));
#1651 = CARTESIAN_POINT('',(-1.443984767911,2.212880481976,
    2.969511293907));
#1652 = CARTESIAN_POINT('',(-1.462362642296,2.326727682537,
    3.144004113524));
#1653 = CARTESIAN_POINT('',(-1.484323588533,2.462769203884,3.3));
#1654 = CARTESIAN_POINT('',(-1.49503331576,2.45496668424,1.45));
#1655 = CARTESIAN_POINT('',(-1.511182479652,2.291163342413,
    1.605995886476));
#1656 = CARTESIAN_POINT('',(-1.524697140831,2.154082148632,
    1.780488706093));
#1657 = CARTESIAN_POINT('',(-1.541179063926,1.986903581316,
    1.930929148474));
#1658 = CARTESIAN_POINT('',(-1.562346724225,1.772196893159,2.375));
#1659 = CARTESIAN_POINT('',(-1.541179063926,1.986903581316,
    2.819070851526));
#1660 = CARTESIAN_POINT('',(-1.524697140831,2.154082148632,
    2.969511293906));
#1661 = CARTESIAN_POINT('',(-1.511182479652,2.291163342413,
    3.144004113524));
#1662 = CARTESIAN_POINT('',(-1.49503331576,2.45496668424,3.3));
#1663 = CARTESIAN_POINT('',(-1.504289321881,2.445710678119,1.45));
#1664 = CARTESIAN_POINT('',(-1.553374734435,2.24897108763,1.605995886476
    ));
#1665 = CARTESIAN_POINT('',(-1.594452571279,2.084326718184,
    1.780488706093));
#1666 = CARTESIAN_POINT('',(-1.644549406028,1.883533239215,
    1.930929148474));
#1667 = CARTESIAN_POINT('',(-1.708888547395,1.625655069989,2.375));
#1668 = CARTESIAN_POINT('',(-1.644549406028,1.883533239215,
    2.819070851526));
#1669 = CARTESIAN_POINT('',(-1.594452571279,2.084326718184,
    2.969511293906));
#1670 = CARTESIAN_POINT('',(-1.553374734435,2.24897108763,3.144004113524
    ));
#1671 = CARTESIAN_POINT('',(-1.504289321881,2.445710678119,3.3));
#1672 = ADVANCED_FACE('',(#1673),#1701,.T.);
#1673 = FACE_BOUND('',#1674,.T.);
#1674 = EDGE_LOOP('',(#1675,#1676,#1677,#1689));
#1675 = ORIENTED_EDGE('',*,*,#888,.T.);
#1676 = ORIENTED_EDGE('',*,*,#1597,.T.);
#1677 = ORIENTED_EDGE('',*,*,#1678,.F.);
#1678 = EDGE_CURVE('',#1679,#1586,#1681,.T.);
#1679 = VERTEX_POINT('',#1680);
#1680 = CARTESIAN_POINT('',(1.433578643763,2.475,3.3));
#1681 = B_SPLINE_CURVE_WITH_KNOTS('',6,(#1682,#1683,#1684,#1685,#1686,
    #1687,#1688),.UNSPECIFIED.,.F.,.F.,(7,7),(7.,8.),
  .PIECEWISE_BEZIER_KNOTS.);
#1682 = CARTESIAN_POINT('',(1.433578643763,2.475,3.3));
#1683 = CARTESIAN_POINT('',(0.955719095842,2.475,3.3));
#1684 = CARTESIAN_POINT('',(0.477859547921,2.475,3.3));
#1685 = CARTESIAN_POINT('',(0.,2.475,3.3));
#1686 = CARTESIAN_POINT('',(-0.477859547921,2.475,3.3));
#1687 = CARTESIAN_POINT('',(-0.955719095842,2.475,3.3));
#1688 = CARTESIAN_POINT('',(-1.433578643763,2.475,3.3));
#1689 = ORIENTED_EDGE('',*,*,#1690,.F.);
#1690 = EDGE_CURVE('',#881,#1679,#1691,.T.);
#1691 = ( BOUNDED_CURVE() B_SPLINE_CURVE(5,(#1692,#1693,#1694,#1695,
    #1696,#1697,#1698,#1699,#1700),.UNSPECIFIED.,.F.,.F.) 
B_SPLINE_CURVE_WITH_KNOTS((6,3,6),(0.,0.5,1.),.UNSPECIFIED.) CURVE() 
GEOMETRIC_REPRESENTATION_ITEM() RATIONAL_B_SPLINE_CURVE((1.,1.,1.,1.,1.,
1.,1.,1.,1.)) REPRESENTATION_ITEM('') );
#1692 = CARTESIAN_POINT('',(1.433578643763,2.475,1.45));
#1693 = CARTESIAN_POINT('',(1.231049650806,2.382482508762,1.605995886476
    ));
#1694 = CARTESIAN_POINT('',(1.06156033624,2.30505790922,1.780488706093)
  );
#1695 = CARTESIAN_POINT('',(0.854858162128,2.210634062525,1.930929148474
    ));
#1696 = CARTESIAN_POINT('',(0.589391482091,2.089365937475,2.375));
#1697 = CARTESIAN_POINT('',(0.854858162128,2.210634062525,2.819070851526
    ));
#1698 = CARTESIAN_POINT('',(1.06156033624,2.30505790922,2.969511293906)
  );
#1699 = CARTESIAN_POINT('',(1.231049650806,2.382482508762,3.144004113524
    ));
#1700 = CARTESIAN_POINT('',(1.433578643763,2.475,3.3));
#1701 = ( BOUNDED_SURFACE() B_SPLINE_SURFACE(6,5,(
    (#1702,#1703,#1704,#1705,#1706,#1707,#1708,#1709,#1710)
    ,(#1711,#1712,#1713,#1714,#1715,#1716,#1717,#1718,#1719)
    ,(#1720,#1721,#1722,#1723,#1724,#1725,#1726,#1727,#1728)
    ,(#1729,#1730,#1731,#1732,#1733,#1734,#1735,#1736,#1737)
    ,(#1738,#1739,#1740,#1741,#1742,#1743,#1744,#1745,#1746)
    ,(#1747,#1748,#1749,#1750,#1751,#1752,#1753,#1754,#1755)
    ,(#1756,#1757,#1758,#1759,#1760,#1761,#1762,#1763,#1764
)),.UNSPECIFIED.,.F.,.F.,.F.) B_SPLINE_SURFACE_WITH_KNOTS((7,7),(6,3,6),
(7.,8.),(0.,0.5,1.),.UNSPECIFIED.) GEOMETRIC_REPRESENTATION_ITEM() 
RATIONAL_B_SPLINE_SURFACE((
    (1.,1.,1.,1.,1.,1.,1.,1.,1.)
    ,(1.,1.,1.,1.,1.,1.,1.,1.,1.)
    ,(1.,1.,1.,1.,1.,1.,1.,1.,1.)
    ,(1.,1.,1.,1.,1.,1.,1.,1.,1.)
    ,(1.,1.,1.,1.,1.,1.,1.,1.,1.)
    ,(1.,1.,1.,1.,1.,1.,1.,1.,1.)
,(1.,1.,1.,1.,1.,1.,1.,1.,1.))) REPRESENTATION_ITEM('') SURFACE() );
#1702 = CARTESIAN_POINT('',(1.433578643763,2.475,1.45));
#1703 = CARTESIAN_POINT('',(1.231049650806,2.382482508762,1.605995886476
    ));
#1704 = CARTESIAN_POINT('',(1.06156033624,2.30505790922,1.780488706093)
  );
#1705 = CARTESIAN_POINT('',(0.854858162128,2.210634062525,1.930929148474
    ));
#1706 = CARTESIAN_POINT('',(0.589391482091,2.089365937475,2.375));
#1707 = CARTESIAN_POINT('',(0.854858162128,2.210634062525,2.819070851526
    ));
#1708 = CARTESIAN_POINT('',(1.06156033624,2.30505790922,2.969511293906)
  );
#1709 = CARTESIAN_POINT('',(1.231049650806,2.382482508762,3.144004113524
    ));
#1710 = CARTESIAN_POINT('',(1.433578643763,2.475,3.3));
#1711 = CARTESIAN_POINT('',(0.955719095842,2.475,1.45));
#1712 = CARTESIAN_POINT('',(0.820699767204,2.382482508762,1.605995886476
    ));
#1713 = CARTESIAN_POINT('',(0.707706890827,2.30505790922,1.780488706093)
  );
#1714 = CARTESIAN_POINT('',(0.569905441418,2.210634062525,1.930929148474
    ));
#1715 = CARTESIAN_POINT('',(0.392927654727,2.089365937475,2.375));
#1716 = CARTESIAN_POINT('',(0.569905441418,2.210634062525,2.819070851526
    ));
#1717 = CARTESIAN_POINT('',(0.707706890827,2.30505790922,2.969511293906)
  );
#1718 = CARTESIAN_POINT('',(0.820699767204,2.382482508762,3.144004113524
    ));
#1719 = CARTESIAN_POINT('',(0.955719095842,2.475,3.3));
#1720 = CARTESIAN_POINT('',(0.477859547921,2.475,1.45));
#1721 = CARTESIAN_POINT('',(0.410349883602,2.382482508762,1.605995886476
    ));
#1722 = CARTESIAN_POINT('',(0.353853445413,2.30505790922,1.780488706093)
  );
#1723 = CARTESIAN_POINT('',(0.284952720709,2.210634062525,1.930929148474
    ));
#1724 = CARTESIAN_POINT('',(0.196463827364,2.089365937475,2.375));
#1725 = CARTESIAN_POINT('',(0.284952720709,2.210634062525,2.819070851526
    ));
#1726 = CARTESIAN_POINT('',(0.353853445413,2.30505790922,2.969511293906)
  );
#1727 = CARTESIAN_POINT('',(0.410349883602,2.382482508762,3.144004113524
    ));
#1728 = CARTESIAN_POINT('',(0.477859547921,2.475,3.3));
#1729 = CARTESIAN_POINT('',(0.,2.475,1.45));
#1730 = CARTESIAN_POINT('',(3.218372721306E-17,2.382482508762,
    1.605995886476));
#1731 = CARTESIAN_POINT('',(8.832028291517E-18,2.30505790922,
    1.780488706093));
#1732 = CARTESIAN_POINT('',(-4.538232716408E-17,2.210634062525,
    1.930929148474));
#1733 = CARTESIAN_POINT('',(4.538232716407E-17,2.089365937475,2.375));
#1734 = CARTESIAN_POINT('',(-4.538232716408E-17,2.210634062525,
    2.819070851526));
#1735 = CARTESIAN_POINT('',(8.832028291516E-18,2.30505790922,
    2.969511293906));
#1736 = CARTESIAN_POINT('',(3.218372721306E-17,2.382482508762,
    3.144004113524));
#1737 = CARTESIAN_POINT('',(0.,2.475,3.3));
#1738 = CARTESIAN_POINT('',(-0.477859547921,2.475,1.45));
#1739 = CARTESIAN_POINT('',(-0.410349883602,2.382482508762,
    1.605995886476));
#1740 = CARTESIAN_POINT('',(-0.353853445413,2.30505790922,1.780488706093
    ));
#1741 = CARTESIAN_POINT('',(-0.284952720709,2.210634062525,
    1.930929148474));
#1742 = CARTESIAN_POINT('',(-0.196463827364,2.089365937475,2.375));
#1743 = CARTESIAN_POINT('',(-0.284952720709,2.210634062525,
    2.819070851526));
#1744 = CARTESIAN_POINT('',(-0.353853445413,2.30505790922,2.969511293906
    ));
#1745 = CARTESIAN_POINT('',(-0.410349883602,2.382482508762,
    3.144004113524));
#1746 = CARTESIAN_POINT('',(-0.477859547921,2.475,3.3));
#1747 = CARTESIAN_POINT('',(-0.955719095842,2.475,1.45));
#1748 = CARTESIAN_POINT('',(-0.820699767204,2.382482508762,
    1.605995886476));
#1749 = CARTESIAN_POINT('',(-0.707706890827,2.30505790922,1.780488706093
    ));
#1750 = CARTESIAN_POINT('',(-0.569905441418,2.210634062525,
    1.930929148474));
#1751 = CARTESIAN_POINT('',(-0.392927654727,2.089365937475,2.375));
#1752 = CARTESIAN_POINT('',(-0.569905441418,2.210634062525,
    2.819070851526));
#1753 = CARTESIAN_POINT('',(-0.707706890827,2.30505790922,2.969511293906
    ));
#1754 = CARTESIAN_POINT('',(-0.820699767204,2.382482508762,
    3.144004113524));
#1755 = CARTESIAN_POINT('',(-0.955719095842,2.475,3.3));
#1756 = CARTESIAN_POINT('',(-1.433578643763,2.475,1.45));
#1757 = CARTESIAN_POINT('',(-1.231049650806,2.382482508762,
    1.605995886476));
#1758 = CARTESIAN_POINT('',(-1.06156033624,2.30505790922,1.780488706093)
  );
#1759 = CARTESIAN_POINT('',(-0.854858162128,2.210634062525,
    1.930929148474));
#1760 = CARTESIAN_POINT('',(-0.589391482091,2.089365937475,2.375));
#1761 = CARTESIAN_POINT('',(-0.854858162128,2.210634062525,
    2.819070851526));
#1762 = CARTESIAN_POINT('',(-1.06156033624,2.30505790922,2.969511293907)
  );
#1763 = CARTESIAN_POINT('',(-1.231049650806,2.382482508762,
    3.144004113524));
#1764 = CARTESIAN_POINT('',(-1.433578643763,2.475,3.3));
#1765 = ADVANCED_FACE('',(#1766),#1794,.T.);
#1766 = FACE_BOUND('',#1767,.T.);
#1767 = EDGE_LOOP('',(#1768,#1769,#1770,#1782));
#1768 = ORIENTED_EDGE('',*,*,#912,.T.);
#1769 = ORIENTED_EDGE('',*,*,#1690,.T.);
#1770 = ORIENTED_EDGE('',*,*,#1771,.F.);
#1771 = EDGE_CURVE('',#1772,#1679,#1774,.T.);
#1772 = VERTEX_POINT('',#1773);
#1773 = CARTESIAN_POINT('',(1.504289321881,2.445710678119,3.3));
#1774 = B_SPLINE_CURVE_WITH_KNOTS('',6,(#1775,#1776,#1777,#1778,#1779,
    #1780,#1781),.UNSPECIFIED.,.F.,.F.,(7,7),(6.,7.),
  .PIECEWISE_BEZIER_KNOTS.);
#1775 = CARTESIAN_POINT('',(1.504289321881,2.445710678119,3.3));
#1776 = CARTESIAN_POINT('',(1.49503331576,2.45496668424,3.3));
#1777 = CARTESIAN_POINT('',(1.484323588533,2.462769203884,3.3));
#1778 = CARTESIAN_POINT('',(1.472444572346,2.4688306519,3.3));
#1779 = CARTESIAN_POINT('',(1.459758748451,2.472944293804,3.3));
#1780 = CARTESIAN_POINT('',(1.446668613153,2.475,3.3));
#1781 = CARTESIAN_POINT('',(1.433578643763,2.475,3.3));
#1782 = ORIENTED_EDGE('',*,*,#1783,.F.);
#1783 = EDGE_CURVE('',#905,#1772,#1784,.T.);
#1784 = ( BOUNDED_CURVE() B_SPLINE_CURVE(5,(#1785,#1786,#1787,#1788,
    #1789,#1790,#1791,#1792,#1793),.UNSPECIFIED.,.F.,.F.) 
B_SPLINE_CURVE_WITH_KNOTS((6,3,6),(0.,0.5,1.),.UNSPECIFIED.) CURVE() 
GEOMETRIC_REPRESENTATION_ITEM() RATIONAL_B_SPLINE_CURVE((1.,1.,1.,1.,1.,
1.,1.,1.,1.)) REPRESENTATION_ITEM('') );
#1785 = CARTESIAN_POINT('',(1.504289321881,2.445710678119,1.45));
#1786 = CARTESIAN_POINT('',(1.553374734435,2.24897108763,1.605995886476)
  );
#1787 = CARTESIAN_POINT('',(1.594452571279,2.084326718184,1.780488706093
    ));
#1788 = CARTESIAN_POINT('',(1.644549406028,1.883533239215,1.930929148474
    ));
#1789 = CARTESIAN_POINT('',(1.708888547395,1.625655069989,2.375));
#1790 = CARTESIAN_POINT('',(1.644549406028,1.883533239215,2.819070851526
    ));
#1791 = CARTESIAN_POINT('',(1.594452571279,2.084326718184,2.969511293907
    ));
#1792 = CARTESIAN_POINT('',(1.553374734435,2.24897108763,3.144004113524)
  );
#1793 = CARTESIAN_POINT('',(1.504289321881,2.445710678119,3.3));
#1794 = ( BOUNDED_SURFACE() B_SPLINE_SURFACE(6,5,(
    (#1795,#1796,#1797,#1798,#1799,#1800,#1801,#1802,#1803)
    ,(#1804,#1805,#1806,#1807,#1808,#1809,#1810,#1811,#1812)
    ,(#1813,#1814,#1815,#1816,#1817,#1818,#1819,#1820,#1821)
    ,(#1822,#1823,#1824,#1825,#1826,#1827,#1828,#1829,#1830)
    ,(#1831,#1832,#1833,#1834,#1835,#1836,#1837,#1838,#1839)
    ,(#1840,#1841,#1842,#1843,#1844,#1845,#1846,#1847,#1848)
    ,(#1849,#1850,#1851,#1852,#1853,#1854,#1855,#1856,#1857
)),.UNSPECIFIED.,.F.,.F.,.F.) B_SPLINE_SURFACE_WITH_KNOTS((7,7),(6,3,6),
(6.,7.),(0.,0.5,1.),.UNSPECIFIED.) GEOMETRIC_REPRESENTATION_ITEM() 
RATIONAL_B_SPLINE_SURFACE((
    (1.,1.,1.,1.,1.,1.,1.,1.,1.)
    ,(1.,1.,1.,1.,1.,1.,1.,1.,1.)
    ,(1.,1.,1.,1.,1.,1.,1.,1.,1.)
    ,(1.,1.,1.,1.,1.,1.,1.,1.,1.)
    ,(1.,1.,1.,1.,1.,1.,1.,1.,1.)
    ,(1.,1.,1.,1.,1.,1.,1.,1.,1.)
,(1.,1.,1.,1.,1.,1.,1.,1.,1.))) REPRESENTATION_ITEM('') SURFACE() );
#1795 = CARTESIAN_POINT('',(1.504289321881,2.445710678119,1.45));
#1796 = CARTESIAN_POINT('',(1.553374734435,2.24897108763,1.605995886476)
  );
#1797 = CARTESIAN_POINT('',(1.594452571279,2.084326718184,1.780488706093
    ));
#1798 = CARTESIAN_POINT('',(1.644549406028,1.883533239215,1.930929148474
    ));
#1799 = CARTESIAN_POINT('',(1.708888547395,1.625655069989,2.375));
#1800 = CARTESIAN_POINT('',(1.644549406028,1.883533239215,2.819070851526
    ));
#1801 = CARTESIAN_POINT('',(1.594452571279,2.084326718184,2.969511293907
    ));
#1802 = CARTESIAN_POINT('',(1.553374734435,2.24897108763,3.144004113524)
  );
#1803 = CARTESIAN_POINT('',(1.504289321881,2.445710678119,3.3));
#1804 = CARTESIAN_POINT('',(1.49503331576,2.45496668424,1.45));
#1805 = CARTESIAN_POINT('',(1.511182479652,2.291163342413,1.605995886476
    ));
#1806 = CARTESIAN_POINT('',(1.524697140831,2.154082148632,1.780488706093
    ));
#1807 = CARTESIAN_POINT('',(1.541179063926,1.986903581316,1.930929148474
    ));
#1808 = CARTESIAN_POINT('',(1.562346724225,1.772196893159,2.375));
#1809 = CARTESIAN_POINT('',(1.541179063926,1.986903581316,2.819070851526
    ));
#1810 = CARTESIAN_POINT('',(1.524697140831,2.154082148632,2.969511293907
    ));
#1811 = CARTESIAN_POINT('',(1.511182479652,2.291163342413,3.144004113524
    ));
#1812 = CARTESIAN_POINT('',(1.49503331576,2.45496668424,3.3));
#1813 = CARTESIAN_POINT('',(1.484323588533,2.462769203884,1.45));
#1814 = CARTESIAN_POINT('',(1.462362642297,2.326727682537,1.605995886476
    ));
#1815 = CARTESIAN_POINT('',(1.443984767911,2.212880481977,1.780488706093
    ));
#1816 = CARTESIAN_POINT('',(1.421571572378,2.07403641391,1.930929148474)
  );
#1817 = CARTESIAN_POINT('',(1.392786510785,1.895719851276,2.375));
#1818 = CARTESIAN_POINT('',(1.421571572378,2.07403641391,2.819070851526)
  );
#1819 = CARTESIAN_POINT('',(1.443984767911,2.212880481977,2.969511293907
    ));
#1820 = CARTESIAN_POINT('',(1.462362642297,2.326727682537,3.144004113524
    ));
#1821 = CARTESIAN_POINT('',(1.484323588533,2.462769203884,3.3));
#1822 = CARTESIAN_POINT('',(1.472444572346,2.4688306519,1.45));
#1823 = CARTESIAN_POINT('',(1.408216525168,2.354364674888,1.605995886476
    ));
#1824 = CARTESIAN_POINT('',(1.3544655262,2.258570165236,1.780488706093)
  );
#1825 = CARTESIAN_POINT('',(1.288913562805,2.141744430451,1.930929148474
    ));
#1826 = CARTESIAN_POINT('',(1.204725278881,1.991705202282,2.375));
#1827 = CARTESIAN_POINT('',(1.288913562805,2.141744430451,2.819070851526
    ));
#1828 = CARTESIAN_POINT('',(1.3544655262,2.258570165236,2.969511293907)
  );
#1829 = CARTESIAN_POINT('',(1.408216525167,2.354364674888,3.144004113524
    ));
#1830 = CARTESIAN_POINT('',(1.472444572346,2.4688306519,3.3));
#1831 = CARTESIAN_POINT('',(1.459758748451,2.472944293804,1.45));
#1832 = CARTESIAN_POINT('',(1.350387133867,2.373109456781,1.605995886476
    ));
#1833 = CARTESIAN_POINT('',(1.258858378476,2.289562343234,1.780488706093
    ));
#1834 = CARTESIAN_POINT('',(1.147233387021,2.187671010962,1.930929148474
    ));
#1835 = CARTESIAN_POINT('',(1.003874013932,2.056812682048,2.375));
#1836 = CARTESIAN_POINT('',(1.147233387021,2.187671010962,2.819070851526
    ));
#1837 = CARTESIAN_POINT('',(1.258858378476,2.289562343234,2.969511293907
    ));
#1838 = CARTESIAN_POINT('',(1.350387133867,2.373109456781,3.144004113524
    ));
#1839 = CARTESIAN_POINT('',(1.459758748451,2.472944293804,3.3));
#1840 = CARTESIAN_POINT('',(1.446668613153,2.475,1.45));
#1841 = CARTESIAN_POINT('',(1.290718509747,2.382482508762,1.605995886476
    ));
#1842 = CARTESIAN_POINT('',(1.160209412029,2.30505790922,1.780488706093)
  );
#1843 = CARTESIAN_POINT('',(1.001045901875,2.210634062525,1.930929148474
    ));
#1844 = CARTESIAN_POINT('',(0.796632915873,2.089365937475,2.375));
#1845 = CARTESIAN_POINT('',(1.001045901875,2.210634062525,2.819070851526
    ));
#1846 = CARTESIAN_POINT('',(1.160209412029,2.30505790922,2.969511293907)
  );
#1847 = CARTESIAN_POINT('',(1.290718509747,2.382482508762,3.144004113524
    ));
#1848 = CARTESIAN_POINT('',(1.446668613153,2.475,3.3));
#1849 = CARTESIAN_POINT('',(1.433578643763,2.475,1.45));
#1850 = CARTESIAN_POINT('',(1.231049650806,2.382482508762,1.605995886476
    ));
#1851 = CARTESIAN_POINT('',(1.06156033624,2.30505790922,1.780488706093)
  );
#1852 = CARTESIAN_POINT('',(0.854858162128,2.210634062525,1.930929148474
    ));
#1853 = CARTESIAN_POINT('',(0.589391482091,2.089365937475,2.375));
#1854 = CARTESIAN_POINT('',(0.854858162128,2.210634062525,2.819070851526
    ));
#1855 = CARTESIAN_POINT('',(1.06156033624,2.30505790922,2.969511293906)
  );
#1856 = CARTESIAN_POINT('',(1.231049650806,2.382482508762,3.144004113524
    ));
#1857 = CARTESIAN_POINT('',(1.433578643763,2.475,3.3));
#1858 = ADVANCED_FACE('',(#1859),#1887,.T.);
#1859 = FACE_BOUND('',#1860,.T.);
#1860 = EDGE_LOOP('',(#1861,#1862,#1863,#1875));
#1861 = ORIENTED_EDGE('',*,*,#938,.T.);
#1862 = ORIENTED_EDGE('',*,*,#1783,.T.);
#1863 = ORIENTED_EDGE('',*,*,#1864,.F.);
#1864 = EDGE_CURVE('',#1865,#1772,#1867,.T.);
#1865 = VERTEX_POINT('',#1866);
#1866 = CARTESIAN_POINT('',(2.445710678119,1.504289321881,3.3));
#1867 = B_SPLINE_CURVE_WITH_KNOTS('',6,(#1868,#1869,#1870,#1871,#1872,
    #1873,#1874),.UNSPECIFIED.,.F.,.F.,(7,7),(5.,6.),
  .PIECEWISE_BEZIER_KNOTS.);
#1868 = CARTESIAN_POINT('',(2.445710678119,1.504289321881,3.3));
#1869 = CARTESIAN_POINT('',(2.288807118746,1.661192881254,3.3));
#1870 = CARTESIAN_POINT('',(2.131903559373,1.818096440627,3.3));
#1871 = CARTESIAN_POINT('',(1.975,1.975,3.3));
#1872 = CARTESIAN_POINT('',(1.818096440627,2.131903559373,3.3));
#1873 = CARTESIAN_POINT('',(1.661192881254,2.288807118746,3.3));
#1874 = CARTESIAN_POINT('',(1.504289321881,2.445710678119,3.3));
#1875 = ORIENTED_EDGE('',*,*,#1876,.F.);
#1876 = EDGE_CURVE('',#931,#1865,#1877,.T.);
#1877 = ( BOUNDED_CURVE() B_SPLINE_CURVE(5,(#1878,#1879,#1880,#1881,
    #1882,#1883,#1884,#1885,#1886),.UNSPECIFIED.,.F.,.F.) 
B_SPLINE_CURVE_WITH_KNOTS((6,3,6),(0.,0.5,1.),.UNSPECIFIED.) CURVE() 
GEOMETRIC_REPRESENTATION_ITEM() RATIONAL_B_SPLINE_CURVE((1.,1.,1.,1.,1.,
1.,1.,1.,1.)) REPRESENTATION_ITEM('') );
#1878 = CARTESIAN_POINT('',(2.445710678119,1.504289321881,1.45));
#1879 = CARTESIAN_POINT('',(2.24897108763,1.553374734435,1.605995886476)
  );
#1880 = CARTESIAN_POINT('',(2.084326718184,1.594452571279,1.780488706093
    ));
#1881 = CARTESIAN_POINT('',(1.883533239215,1.644549406028,1.930929148474
    ));
#1882 = CARTESIAN_POINT('',(1.625655069989,1.708888547395,2.375));
#1883 = CARTESIAN_POINT('',(1.883533239215,1.644549406028,2.819070851526
    ));
#1884 = CARTESIAN_POINT('',(2.084326718184,1.594452571279,2.969511293906
    ));
#1885 = CARTESIAN_POINT('',(2.24897108763,1.553374734435,3.144004113524)
  );
#1886 = CARTESIAN_POINT('',(2.445710678119,1.504289321881,3.3));
#1887 = ( BOUNDED_SURFACE() B_SPLINE_SURFACE(6,5,(
    (#1888,#1889,#1890,#1891,#1892,#1893,#1894,#1895,#1896)
    ,(#1897,#1898,#1899,#1900,#1901,#1902,#1903,#1904,#1905)
    ,(#1906,#1907,#1908,#1909,#1910,#1911,#1912,#1913,#1914)
    ,(#1915,#1916,#1917,#1918,#1919,#1920,#1921,#1922,#1923)
    ,(#1924,#1925,#1926,#1927,#1928,#1929,#1930,#1931,#1932)
    ,(#1933,#1934,#1935,#1936,#1937,#1938,#1939,#1940,#1941)
    ,(#1942,#1943,#1944,#1945,#1946,#1947,#1948,#1949,#1950
)),.UNSPECIFIED.,.F.,.F.,.F.) B_SPLINE_SURFACE_WITH_KNOTS((7,7),(6,3,6),
(5.,6.),(0.,0.5,1.),.UNSPECIFIED.) GEOMETRIC_REPRESENTATION_ITEM() 
RATIONAL_B_SPLINE_SURFACE((
    (1.,1.,1.,1.,1.,1.,1.,1.,1.)
    ,(1.,1.,1.,1.,1.,1.,1.,1.,1.)
    ,(1.,1.,1.,1.,1.,1.,1.,1.,1.)
    ,(1.,1.,1.,1.,1.,1.,1.,1.,1.)
    ,(1.,1.,1.,1.,1.,1.,1.,1.,1.)
    ,(1.,1.,1.,1.,1.,1.,1.,1.,1.)
,(1.,1.,1.,1.,1.,1.,1.,1.,1.))) REPRESENTATION_ITEM('') SURFACE() );
#1888 = CARTESIAN_POINT('',(2.445710678119,1.504289321881,1.45));
#1889 = CARTESIAN_POINT('',(2.24897108763,1.553374734435,1.605995886476)
  );
#1890 = CARTESIAN_POINT('',(2.084326718184,1.594452571279,1.780488706093
    ));
#1891 = CARTESIAN_POINT('',(1.883533239215,1.644549406028,1.930929148474
    ));
#1892 = CARTESIAN_POINT('',(1.625655069989,1.708888547395,2.375));
#1893 = CARTESIAN_POINT('',(1.883533239215,1.644549406028,2.819070851526
    ));
#1894 = CARTESIAN_POINT('',(2.084326718184,1.594452571279,2.969511293906
    ));
#1895 = CARTESIAN_POINT('',(2.24897108763,1.553374734435,3.144004113524)
  );
#1896 = CARTESIAN_POINT('',(2.445710678119,1.504289321881,3.3));
#1897 = CARTESIAN_POINT('',(2.288807118746,1.661192881254,1.45));
#1898 = CARTESIAN_POINT('',(2.133038362097,1.669307459967,1.605995886476
    ));
#1899 = CARTESIAN_POINT('',(2.002681027033,1.67609826243,1.780488706093)
  );
#1900 = CARTESIAN_POINT('',(1.84370260035,1.684380044892,1.930929148474)
  );
#1901 = CARTESIAN_POINT('',(1.639527316223,1.695016301161,2.375));
#1902 = CARTESIAN_POINT('',(1.84370260035,1.684380044892,2.819070851526)
  );
#1903 = CARTESIAN_POINT('',(2.002681027033,1.67609826243,2.969511293906)
  );
#1904 = CARTESIAN_POINT('',(2.133038362097,1.669307459967,3.144004113524
    ));
#1905 = CARTESIAN_POINT('',(2.288807118746,1.661192881254,3.3));
#1906 = CARTESIAN_POINT('',(2.131903559373,1.818096440627,1.45));
#1907 = CARTESIAN_POINT('',(2.017105636565,1.7852401855,1.605995886476)
  );
#1908 = CARTESIAN_POINT('',(1.921035335882,1.757743953581,1.780488706093
    ));
#1909 = CARTESIAN_POINT('',(1.803871961486,1.724210683757,1.930929148474
    ));
#1910 = CARTESIAN_POINT('',(1.653399562458,1.681144054926,2.375));
#1911 = CARTESIAN_POINT('',(1.803871961486,1.724210683757,2.819070851526
    ));
#1912 = CARTESIAN_POINT('',(1.921035335882,1.757743953581,2.969511293906
    ));
#1913 = CARTESIAN_POINT('',(2.017105636565,1.7852401855,3.144004113524)
  );
#1914 = CARTESIAN_POINT('',(2.131903559373,1.818096440627,3.3));
#1915 = CARTESIAN_POINT('',(1.975,1.975,1.45));
#1916 = CARTESIAN_POINT('',(1.901172911032,1.901172911032,1.605995886476
    ));
#1917 = CARTESIAN_POINT('',(1.839389644731,1.839389644731,1.780488706093
    ));
#1918 = CARTESIAN_POINT('',(1.764041322621,1.764041322621,1.930929148474
    ));
#1919 = CARTESIAN_POINT('',(1.667271808692,1.667271808692,2.375));
#1920 = CARTESIAN_POINT('',(1.764041322621,1.764041322621,2.819070851526
    ));
#1921 = CARTESIAN_POINT('',(1.839389644731,1.839389644731,2.969511293906
    ));
#1922 = CARTESIAN_POINT('',(1.901172911032,1.901172911032,3.144004113524
    ));
#1923 = CARTESIAN_POINT('',(1.975,1.975,3.3));
#1924 = CARTESIAN_POINT('',(1.818096440627,2.131903559373,1.45));
#1925 = CARTESIAN_POINT('',(1.7852401855,2.017105636565,1.605995886476)
  );
#1926 = CARTESIAN_POINT('',(1.757743953581,1.921035335882,1.780488706093
    ));
#1927 = CARTESIAN_POINT('',(1.724210683757,1.803871961486,1.930929148474
    ));
#1928 = CARTESIAN_POINT('',(1.681144054926,1.653399562458,2.375));
#1929 = CARTESIAN_POINT('',(1.724210683757,1.803871961486,2.819070851526
    ));
#1930 = CARTESIAN_POINT('',(1.757743953581,1.921035335882,2.969511293906
    ));
#1931 = CARTESIAN_POINT('',(1.7852401855,2.017105636565,3.144004113524)
  );
#1932 = CARTESIAN_POINT('',(1.818096440627,2.131903559373,3.3));
#1933 = CARTESIAN_POINT('',(1.661192881254,2.288807118746,1.45));
#1934 = CARTESIAN_POINT('',(1.669307459967,2.133038362098,1.605995886476
    ));
#1935 = CARTESIAN_POINT('',(1.67609826243,2.002681027033,1.780488706093)
  );
#1936 = CARTESIAN_POINT('',(1.684380044892,1.84370260035,1.930929148474)
  );
#1937 = CARTESIAN_POINT('',(1.695016301161,1.639527316223,2.375));
#1938 = CARTESIAN_POINT('',(1.684380044892,1.84370260035,2.819070851526)
  );
#1939 = CARTESIAN_POINT('',(1.67609826243,2.002681027033,2.969511293906)
  );
#1940 = CARTESIAN_POINT('',(1.669307459967,2.133038362098,3.144004113524
    ));
#1941 = CARTESIAN_POINT('',(1.661192881254,2.288807118746,3.3));
#1942 = CARTESIAN_POINT('',(1.504289321881,2.445710678119,1.45));
#1943 = CARTESIAN_POINT('',(1.553374734435,2.24897108763,1.605995886476)
  );
#1944 = CARTESIAN_POINT('',(1.594452571279,2.084326718184,1.780488706093
    ));
#1945 = CARTESIAN_POINT('',(1.644549406028,1.883533239215,1.930929148474
    ));
#1946 = CARTESIAN_POINT('',(1.708888547395,1.625655069989,2.375));
#1947 = CARTESIAN_POINT('',(1.644549406028,1.883533239215,2.819070851526
    ));
#1948 = CARTESIAN_POINT('',(1.594452571279,2.084326718184,2.969511293907
    ));
#1949 = CARTESIAN_POINT('',(1.553374734435,2.24897108763,3.144004113524)
  );
#1950 = CARTESIAN_POINT('',(1.504289321881,2.445710678119,3.3));
#1951 = ADVANCED_FACE('',(#1952),#2066,.T.);
#1952 = FACE_BOUND('',#1953,.T.);
#1953 = EDGE_LOOP('',(#1954,#1955,#1956,#1965,#1973,#1982,#1990,#1999,
    #2007,#2016,#2024,#2033,#2041,#2050,#2058,#2065));
#1954 = ORIENTED_EDGE('',*,*,#997,.T.);
#1955 = ORIENTED_EDGE('',*,*,#1274,.T.);
#1956 = ORIENTED_EDGE('',*,*,#1957,.T.);
#1957 = EDGE_CURVE('',#1275,#1958,#1960,.T.);
#1958 = VERTEX_POINT('',#1959);
#1959 = CARTESIAN_POINT('',(2.475,-1.433578643763,3.9));
#1960 = CIRCLE('',#1961,0.1);
#1961 = AXIS2_PLACEMENT_3D('',#1962,#1963,#1964);
#1962 = CARTESIAN_POINT('',(2.375,-1.433578643763,3.9));
#1963 = DIRECTION('',(0.,0.,1.));
#1964 = DIRECTION('',(0.707106781187,-0.707106781187,0.));
#1965 = ORIENTED_EDGE('',*,*,#1966,.T.);
#1966 = EDGE_CURVE('',#1958,#1967,#1969,.T.);
#1967 = VERTEX_POINT('',#1968);
#1968 = CARTESIAN_POINT('',(2.475,1.433578643763,3.9));
#1969 = LINE('',#1970,#1971);
#1970 = CARTESIAN_POINT('',(2.475,-1.433578643763,3.9));
#1971 = VECTOR('',#1972,1.);
#1972 = DIRECTION('',(0.,1.,0.));
#1973 = ORIENTED_EDGE('',*,*,#1974,.T.);
#1974 = EDGE_CURVE('',#1967,#1975,#1977,.T.);
#1975 = VERTEX_POINT('',#1976);
#1976 = CARTESIAN_POINT('',(2.445710678119,1.504289321881,3.9));
#1977 = CIRCLE('',#1978,0.1);
#1978 = AXIS2_PLACEMENT_3D('',#1979,#1980,#1981);
#1979 = CARTESIAN_POINT('',(2.375,1.433578643763,3.9));
#1980 = DIRECTION('',(0.,0.,1.));
#1981 = DIRECTION('',(1.,6.661338147751E-15,-0.));
#1982 = ORIENTED_EDGE('',*,*,#1983,.T.);
#1983 = EDGE_CURVE('',#1975,#1984,#1986,.T.);
#1984 = VERTEX_POINT('',#1985);
#1985 = CARTESIAN_POINT('',(1.504289321881,2.445710678119,3.9));
#1986 = LINE('',#1987,#1988);
#1987 = CARTESIAN_POINT('',(2.445710678119,1.504289321881,3.9));
#1988 = VECTOR('',#1989,1.);
#1989 = DIRECTION('',(-0.707106781187,0.707106781187,0.));
#1990 = ORIENTED_EDGE('',*,*,#1991,.T.);
#1991 = EDGE_CURVE('',#1984,#1992,#1994,.T.);
#1992 = VERTEX_POINT('',#1993);
#1993 = CARTESIAN_POINT('',(1.433578643763,2.475,3.9));
#1994 = CIRCLE('',#1995,0.1);
#1995 = AXIS2_PLACEMENT_3D('',#1996,#1997,#1998);
#1996 = CARTESIAN_POINT('',(1.433578643763,2.375,3.9));
#1997 = DIRECTION('',(0.,0.,1.));
#1998 = DIRECTION('',(0.707106781187,0.707106781187,-0.));
#1999 = ORIENTED_EDGE('',*,*,#2000,.T.);
#2000 = EDGE_CURVE('',#1992,#2001,#2003,.T.);
#2001 = VERTEX_POINT('',#2002);
#2002 = CARTESIAN_POINT('',(-1.433578643763,2.475,3.9));
#2003 = LINE('',#2004,#2005);
#2004 = CARTESIAN_POINT('',(1.433578643763,2.475,3.9));
#2005 = VECTOR('',#2006,1.);
#2006 = DIRECTION('',(-1.,0.,0.));
#2007 = ORIENTED_EDGE('',*,*,#2008,.T.);
#2008 = EDGE_CURVE('',#2001,#2009,#2011,.T.);
#2009 = VERTEX_POINT('',#2010);
#2010 = CARTESIAN_POINT('',(-1.504289321881,2.445710678119,3.9));
#2011 = CIRCLE('',#2012,0.1);
#2012 = AXIS2_PLACEMENT_3D('',#2013,#2014,#2015);
#2013 = CARTESIAN_POINT('',(-1.433578643763,2.375,3.9));
#2014 = DIRECTION('',(0.,0.,1.));
#2015 = DIRECTION('',(-6.661338147751E-15,1.,0.));
#2016 = ORIENTED_EDGE('',*,*,#2017,.T.);
#2017 = EDGE_CURVE('',#2009,#2018,#2020,.T.);
#2018 = VERTEX_POINT('',#2019);
#2019 = CARTESIAN_POINT('',(-2.445710678119,1.504289321881,3.9));
#2020 = LINE('',#2021,#2022);
#2021 = CARTESIAN_POINT('',(-1.504289321881,2.445710678119,3.9));
#2022 = VECTOR('',#2023,1.);
#2023 = DIRECTION('',(-0.707106781187,-0.707106781187,0.));
#2024 = ORIENTED_EDGE('',*,*,#2025,.T.);
#2025 = EDGE_CURVE('',#2018,#2026,#2028,.T.);
#2026 = VERTEX_POINT('',#2027);
#2027 = CARTESIAN_POINT('',(-2.475,1.433578643763,3.9));
#2028 = CIRCLE('',#2029,0.1);
#2029 = AXIS2_PLACEMENT_3D('',#2030,#2031,#2032);
#2030 = CARTESIAN_POINT('',(-2.375,1.433578643763,3.9));
#2031 = DIRECTION('',(0.,0.,1.));
#2032 = DIRECTION('',(-0.707106781187,0.707106781187,0.));
#2033 = ORIENTED_EDGE('',*,*,#2034,.T.);
#2034 = EDGE_CURVE('',#2026,#2035,#2037,.T.);
#2035 = VERTEX_POINT('',#2036);
#2036 = CARTESIAN_POINT('',(-2.475,-1.433578643763,3.9));
#2037 = LINE('',#2038,#2039);
#2038 = CARTESIAN_POINT('',(-2.475,1.433578643763,3.9));
#2039 = VECTOR('',#2040,1.);
#2040 = DIRECTION('',(0.,-1.,0.));
#2041 = ORIENTED_EDGE('',*,*,#2042,.T.);
#2042 = EDGE_CURVE('',#2035,#2043,#2045,.T.);
#2043 = VERTEX_POINT('',#2044);
#2044 = CARTESIAN_POINT('',(-2.445710678119,-1.504289321881,3.9));
#2045 = CIRCLE('',#2046,0.1);
#2046 = AXIS2_PLACEMENT_3D('',#2047,#2048,#2049);
#2047 = CARTESIAN_POINT('',(-2.375,-1.433578643763,3.9));
#2048 = DIRECTION('',(0.,0.,1.));
#2049 = DIRECTION('',(-1.,-6.661338147751E-15,0.));
#2050 = ORIENTED_EDGE('',*,*,#2051,.T.);
#2051 = EDGE_CURVE('',#2043,#2052,#2054,.T.);
#2052 = VERTEX_POINT('',#2053);
#2053 = CARTESIAN_POINT('',(-1.504289321881,-2.445710678119,3.9));
#2054 = LINE('',#2055,#2056);
#2055 = CARTESIAN_POINT('',(-2.445710678119,-1.504289321881,3.9));
#2056 = VECTOR('',#2057,1.);
#2057 = DIRECTION('',(0.707106781187,-0.707106781187,0.));
#2058 = ORIENTED_EDGE('',*,*,#2059,.T.);
#2059 = EDGE_CURVE('',#2052,#1115,#2060,.T.);
#2060 = CIRCLE('',#2061,0.1);
#2061 = AXIS2_PLACEMENT_3D('',#2062,#2063,#2064);
#2062 = CARTESIAN_POINT('',(-1.433578643763,-2.375,3.9));
#2063 = DIRECTION('',(0.,0.,1.));
#2064 = DIRECTION('',(-0.707106781187,-0.707106781187,0.));
#2065 = ORIENTED_EDGE('',*,*,#1122,.T.);
#2066 = PLANE('',#2067);
#2067 = AXIS2_PLACEMENT_3D('',#2068,#2069,#2070);
#2068 = CARTESIAN_POINT('',(2.549213197055E-17,-5.098426394111E-17,3.9)
  );
#2069 = DIRECTION('',(0.,0.,1.));
#2070 = DIRECTION('',(1.,0.,-0.));
#2071 = ADVANCED_FACE('',(#2072),#2083,.T.);
#2072 = FACE_BOUND('',#2073,.F.);
#2073 = EDGE_LOOP('',(#2074,#2080,#2081,#2082));
#2074 = ORIENTED_EDGE('',*,*,#2075,.T.);
#2075 = EDGE_CURVE('',#1024,#2052,#2076,.T.);
#2076 = LINE('',#2077,#2078);
#2077 = CARTESIAN_POINT('',(-1.504289321881,-2.445710678119,3.3));
#2078 = VECTOR('',#2079,1.);
#2079 = DIRECTION('',(0.,0.,1.));
#2080 = ORIENTED_EDGE('',*,*,#2059,.T.);
#2081 = ORIENTED_EDGE('',*,*,#1114,.F.);
#2082 = ORIENTED_EDGE('',*,*,#1023,.F.);
#2083 = CYLINDRICAL_SURFACE('',#2084,0.1);
#2084 = AXIS2_PLACEMENT_3D('',#2085,#2086,#2087);
#2085 = CARTESIAN_POINT('',(-1.433578643763,-2.375,3.3));
#2086 = DIRECTION('',(-0.,-0.,-1.));
#2087 = DIRECTION('',(-0.707106781187,-0.707106781187,0.));
#2088 = ADVANCED_FACE('',(#2089),#2117,.T.);
#2089 = FACE_BOUND('',#2090,.T.);
#2090 = EDGE_LOOP('',(#2091,#2092,#2093,#2105));
#2091 = ORIENTED_EDGE('',*,*,#1147,.T.);
#2092 = ORIENTED_EDGE('',*,*,#1876,.T.);
#2093 = ORIENTED_EDGE('',*,*,#2094,.F.);
#2094 = EDGE_CURVE('',#2095,#1865,#2097,.T.);
#2095 = VERTEX_POINT('',#2096);
#2096 = CARTESIAN_POINT('',(2.475,1.433578643763,3.3));
#2097 = B_SPLINE_CURVE_WITH_KNOTS('',6,(#2098,#2099,#2100,#2101,#2102,
    #2103,#2104),.UNSPECIFIED.,.F.,.F.,(7,7),(4.,5.),
  .PIECEWISE_BEZIER_KNOTS.);
#2098 = CARTESIAN_POINT('',(2.475,1.433578643763,3.3));
#2099 = CARTESIAN_POINT('',(2.475,1.446668613153,3.3));
#2100 = CARTESIAN_POINT('',(2.472944293804,1.459758748451,3.3));
#2101 = CARTESIAN_POINT('',(2.4688306519,1.472444572346,3.3));
#2102 = CARTESIAN_POINT('',(2.462769203884,1.484323588533,3.3));
#2103 = CARTESIAN_POINT('',(2.45496668424,1.49503331576,3.3));
#2104 = CARTESIAN_POINT('',(2.445710678119,1.504289321881,3.3));
#2105 = ORIENTED_EDGE('',*,*,#2106,.F.);
#2106 = EDGE_CURVE('',#1140,#2095,#2107,.T.);
#2107 = ( BOUNDED_CURVE() B_SPLINE_CURVE(5,(#2108,#2109,#2110,#2111,
    #2112,#2113,#2114,#2115,#2116),.UNSPECIFIED.,.F.,.F.) 
B_SPLINE_CURVE_WITH_KNOTS((6,3,6),(0.,0.5,1.),.UNSPECIFIED.) CURVE() 
GEOMETRIC_REPRESENTATION_ITEM() RATIONAL_B_SPLINE_CURVE((1.,1.,1.,1.,1.,
1.,1.,1.,1.)) REPRESENTATION_ITEM('') );
#2108 = CARTESIAN_POINT('',(2.475,1.433578643763,1.45));
#2109 = CARTESIAN_POINT('',(2.382482508762,1.231049650806,1.605995886476
    ));
#2110 = CARTESIAN_POINT('',(2.30505790922,1.06156033624,1.780488706093)
  );
#2111 = CARTESIAN_POINT('',(2.210634062525,0.854858162128,1.930929148474
    ));
#2112 = CARTESIAN_POINT('',(2.089365937475,0.589391482091,2.375));
#2113 = CARTESIAN_POINT('',(2.210634062525,0.854858162128,2.819070851526
    ));
#2114 = CARTESIAN_POINT('',(2.30505790922,1.06156033624,2.969511293907)
  );
#2115 = CARTESIAN_POINT('',(2.382482508762,1.231049650806,3.144004113524
    ));
#2116 = CARTESIAN_POINT('',(2.475,1.433578643763,3.3));
#2117 = ( BOUNDED_SURFACE() B_SPLINE_SURFACE(6,5,(
    (#2118,#2119,#2120,#2121,#2122,#2123,#2124,#2125,#2126)
    ,(#2127,#2128,#2129,#2130,#2131,#2132,#2133,#2134,#2135)
    ,(#2136,#2137,#2138,#2139,#2140,#2141,#2142,#2143,#2144)
    ,(#2145,#2146,#2147,#2148,#2149,#2150,#2151,#2152,#2153)
    ,(#2154,#2155,#2156,#2157,#2158,#2159,#2160,#2161,#2162)
    ,(#2163,#2164,#2165,#2166,#2167,#2168,#2169,#2170,#2171)
    ,(#2172,#2173,#2174,#2175,#2176,#2177,#2178,#2179,#2180
)),.UNSPECIFIED.,.F.,.F.,.F.) B_SPLINE_SURFACE_WITH_KNOTS((7,7),(6,3,6),
(4.,5.),(0.,0.5,1.),.UNSPECIFIED.) GEOMETRIC_REPRESENTATION_ITEM() 
RATIONAL_B_SPLINE_SURFACE((
    (1.,1.,1.,1.,1.,1.,1.,1.,1.)
    ,(1.,1.,1.,1.,1.,1.,1.,1.,1.)
    ,(1.,1.,1.,1.,1.,1.,1.,1.,1.)
    ,(1.,1.,1.,1.,1.,1.,1.,1.,1.)
    ,(1.,1.,1.,1.,1.,1.,1.,1.,1.)
    ,(1.,1.,1.,1.,1.,1.,1.,1.,1.)
,(1.,1.,1.,1.,1.,1.,1.,1.,1.))) REPRESENTATION_ITEM('') SURFACE() );
#2118 = CARTESIAN_POINT('',(2.475,1.433578643763,1.45));
#2119 = CARTESIAN_POINT('',(2.382482508762,1.231049650806,1.605995886476
    ));
#2120 = CARTESIAN_POINT('',(2.30505790922,1.06156033624,1.780488706093)
  );
#2121 = CARTESIAN_POINT('',(2.210634062525,0.854858162128,1.930929148474
    ));
#2122 = CARTESIAN_POINT('',(2.089365937475,0.589391482091,2.375));
#2123 = CARTESIAN_POINT('',(2.210634062525,0.854858162128,2.819070851526
    ));
#2124 = CARTESIAN_POINT('',(2.30505790922,1.06156033624,2.969511293907)
  );
#2125 = CARTESIAN_POINT('',(2.382482508762,1.231049650806,3.144004113524
    ));
#2126 = CARTESIAN_POINT('',(2.475,1.433578643763,3.3));
#2127 = CARTESIAN_POINT('',(2.475,1.446668613153,1.45));
#2128 = CARTESIAN_POINT('',(2.382482508762,1.290718509747,1.605995886476
    ));
#2129 = CARTESIAN_POINT('',(2.30505790922,1.160209412029,1.780488706093)
  );
#2130 = CARTESIAN_POINT('',(2.210634062525,1.001045901875,1.930929148474
    ));
#2131 = CARTESIAN_POINT('',(2.089365937475,0.796632915873,2.375));
#2132 = CARTESIAN_POINT('',(2.210634062525,1.001045901875,2.819070851526
    ));
#2133 = CARTESIAN_POINT('',(2.30505790922,1.160209412029,2.969511293906)
  );
#2134 = CARTESIAN_POINT('',(2.382482508762,1.290718509747,3.144004113524
    ));
#2135 = CARTESIAN_POINT('',(2.475,1.446668613153,3.3));
#2136 = CARTESIAN_POINT('',(2.472944293804,1.459758748451,1.45));
#2137 = CARTESIAN_POINT('',(2.373109456782,1.350387133867,1.605995886476
    ));
#2138 = CARTESIAN_POINT('',(2.289562343234,1.258858378476,1.780488706093
    ));
#2139 = CARTESIAN_POINT('',(2.187671010962,1.147233387021,1.930929148474
    ));
#2140 = CARTESIAN_POINT('',(2.056812682048,1.003874013932,2.375));
#2141 = CARTESIAN_POINT('',(2.187671010962,1.147233387021,2.819070851526
    ));
#2142 = CARTESIAN_POINT('',(2.289562343234,1.258858378476,2.969511293907
    ));
#2143 = CARTESIAN_POINT('',(2.373109456782,1.350387133867,3.144004113524
    ));
#2144 = CARTESIAN_POINT('',(2.472944293804,1.459758748451,3.3));
#2145 = CARTESIAN_POINT('',(2.4688306519,1.472444572346,1.45));
#2146 = CARTESIAN_POINT('',(2.354364674888,1.408216525168,1.605995886476
    ));
#2147 = CARTESIAN_POINT('',(2.258570165236,1.3544655262,1.780488706093)
  );
#2148 = CARTESIAN_POINT('',(2.141744430451,1.288913562805,1.930929148474
    ));
#2149 = CARTESIAN_POINT('',(1.991705202282,1.204725278881,2.375));
#2150 = CARTESIAN_POINT('',(2.141744430451,1.288913562805,2.819070851526
    ));
#2151 = CARTESIAN_POINT('',(2.258570165236,1.3544655262,2.969511293906)
  );
#2152 = CARTESIAN_POINT('',(2.354364674888,1.408216525168,3.144004113524
    ));
#2153 = CARTESIAN_POINT('',(2.4688306519,1.472444572346,3.3));
#2154 = CARTESIAN_POINT('',(2.462769203884,1.484323588533,1.45));
#2155 = CARTESIAN_POINT('',(2.326727682537,1.462362642296,1.605995886476
    ));
#2156 = CARTESIAN_POINT('',(2.212880481977,1.443984767911,1.780488706093
    ));
#2157 = CARTESIAN_POINT('',(2.07403641391,1.421571572378,1.930929148474)
  );
#2158 = CARTESIAN_POINT('',(1.895719851276,1.392786510785,2.375));
#2159 = CARTESIAN_POINT('',(2.07403641391,1.421571572378,2.819070851526)
  );
#2160 = CARTESIAN_POINT('',(2.212880481976,1.443984767911,2.969511293907
    ));
#2161 = CARTESIAN_POINT('',(2.326727682537,1.462362642296,3.144004113524
    ));
#2162 = CARTESIAN_POINT('',(2.462769203884,1.484323588533,3.3));
#2163 = CARTESIAN_POINT('',(2.45496668424,1.49503331576,1.45));
#2164 = CARTESIAN_POINT('',(2.291163342413,1.511182479652,1.605995886476
    ));
#2165 = CARTESIAN_POINT('',(2.154082148632,1.524697140831,1.780488706093
    ));
#2166 = CARTESIAN_POINT('',(1.986903581316,1.541179063926,1.930929148474
    ));
#2167 = CARTESIAN_POINT('',(1.772196893159,1.562346724225,2.375));
#2168 = CARTESIAN_POINT('',(1.986903581316,1.541179063926,2.819070851526
    ));
#2169 = CARTESIAN_POINT('',(2.154082148632,1.524697140831,2.969511293906
    ));
#2170 = CARTESIAN_POINT('',(2.291163342413,1.511182479652,3.144004113524
    ));
#2171 = CARTESIAN_POINT('',(2.45496668424,1.49503331576,3.3));
#2172 = CARTESIAN_POINT('',(2.445710678119,1.504289321881,1.45));
#2173 = CARTESIAN_POINT('',(2.24897108763,1.553374734435,1.605995886476)
  );
#2174 = CARTESIAN_POINT('',(2.084326718184,1.594452571279,1.780488706093
    ));
#2175 = CARTESIAN_POINT('',(1.883533239215,1.644549406028,1.930929148474
    ));
#2176 = CARTESIAN_POINT('',(1.625655069989,1.708888547395,2.375));
#2177 = CARTESIAN_POINT('',(1.883533239215,1.644549406028,2.819070851526
    ));
#2178 = CARTESIAN_POINT('',(2.084326718184,1.594452571279,2.969511293906
    ));
#2179 = CARTESIAN_POINT('',(2.24897108763,1.553374734435,3.144004113524)
  );
#2180 = CARTESIAN_POINT('',(2.445710678119,1.504289321881,3.3));
#2181 = ADVANCED_FACE('',(#2182),#2197,.T.);
#2182 = FACE_BOUND('',#2183,.T.);
#2183 = EDGE_LOOP('',(#2184,#2185,#2186,#2196));
#2184 = ORIENTED_EDGE('',*,*,#1165,.T.);
#2185 = ORIENTED_EDGE('',*,*,#2106,.T.);
#2186 = ORIENTED_EDGE('',*,*,#2187,.F.);
#2187 = EDGE_CURVE('',#1182,#2095,#2188,.T.);
#2188 = B_SPLINE_CURVE_WITH_KNOTS('',6,(#2189,#2190,#2191,#2192,#2193,
    #2194,#2195),.UNSPECIFIED.,.F.,.F.,(7,7),(3.,4.),
  .PIECEWISE_BEZIER_KNOTS.);
#2189 = CARTESIAN_POINT('',(2.475,-1.433578643763,3.3));
#2190 = CARTESIAN_POINT('',(2.475,-0.955719095842,3.3));
#2191 = CARTESIAN_POINT('',(2.475,-0.477859547921,3.3));
#2192 = CARTESIAN_POINT('',(2.475,-1.850371707709E-17,3.3));
#2193 = CARTESIAN_POINT('',(2.475,0.477859547921,3.3));
#2194 = CARTESIAN_POINT('',(2.475,0.955719095842,3.3));
#2195 = CARTESIAN_POINT('',(2.475,1.433578643763,3.3));
#2196 = ORIENTED_EDGE('',*,*,#1181,.F.);
#2197 = ( BOUNDED_SURFACE() B_SPLINE_SURFACE(6,5,(
    (#2198,#2199,#2200,#2201,#2202,#2203,#2204,#2205,#2206)
    ,(#2207,#2208,#2209,#2210,#2211,#2212,#2213,#2214,#2215)
    ,(#2216,#2217,#2218,#2219,#2220,#2221,#2222,#2223,#2224)
    ,(#2225,#2226,#2227,#2228,#2229,#2230,#2231,#2232,#2233)
    ,(#2234,#2235,#2236,#2237,#2238,#2239,#2240,#2241,#2242)
    ,(#2243,#2244,#2245,#2246,#2247,#2248,#2249,#2250,#2251)
    ,(#2252,#2253,#2254,#2255,#2256,#2257,#2258,#2259,#2260
)),.UNSPECIFIED.,.F.,.F.,.F.) B_SPLINE_SURFACE_WITH_KNOTS((7,7),(6,3,6),
(3.,4.),(0.,0.5,1.),.UNSPECIFIED.) GEOMETRIC_REPRESENTATION_ITEM() 
RATIONAL_B_SPLINE_SURFACE((
    (1.,1.,1.,1.,1.,1.,1.,1.,1.)
    ,(1.,1.,1.,1.,1.,1.,1.,1.,1.)
    ,(1.,1.,1.,1.,1.,1.,1.,1.,1.)
    ,(1.,1.,1.,1.,1.,1.,1.,1.,1.)
    ,(1.,1.,1.,1.,1.,1.,1.,1.,1.)
    ,(1.,1.,1.,1.,1.,1.,1.,1.,1.)
,(1.,1.,1.,1.,1.,1.,1.,1.,1.))) REPRESENTATION_ITEM('') SURFACE() );
#2198 = CARTESIAN_POINT('',(2.475,-1.433578643763,1.45));
#2199 = CARTESIAN_POINT('',(2.382482508762,-1.231049650806,
    1.605995886476));
#2200 = CARTESIAN_POINT('',(2.30505790922,-1.06156033624,1.780488706093)
  );
#2201 = CARTESIAN_POINT('',(2.210634062525,-0.854858162128,
    1.930929148474));
#2202 = CARTESIAN_POINT('',(2.089365937475,-0.589391482091,2.375));
#2203 = CARTESIAN_POINT('',(2.210634062525,-0.854858162128,
    2.819070851526));
#2204 = CARTESIAN_POINT('',(2.30505790922,-1.06156033624,2.969511293906)
  );
#2205 = CARTESIAN_POINT('',(2.382482508762,-1.231049650806,
    3.144004113524));
#2206 = CARTESIAN_POINT('',(2.475,-1.433578643763,3.3));
#2207 = CARTESIAN_POINT('',(2.475,-0.955719095842,1.45));
#2208 = CARTESIAN_POINT('',(2.382482508762,-0.820699767204,
    1.605995886476));
#2209 = CARTESIAN_POINT('',(2.30505790922,-0.707706890827,1.780488706093
    ));
#2210 = CARTESIAN_POINT('',(2.210634062525,-0.569905441418,
    1.930929148474));
#2211 = CARTESIAN_POINT('',(2.089365937475,-0.392927654727,2.375));
#2212 = CARTESIAN_POINT('',(2.210634062525,-0.569905441418,
    2.819070851526));
#2213 = CARTESIAN_POINT('',(2.30505790922,-0.707706890827,2.969511293906
    ));
#2214 = CARTESIAN_POINT('',(2.382482508762,-0.820699767204,
    3.144004113524));
#2215 = CARTESIAN_POINT('',(2.475,-0.955719095842,3.3));
#2216 = CARTESIAN_POINT('',(2.475,-0.477859547921,1.45));
#2217 = CARTESIAN_POINT('',(2.382482508762,-0.410349883602,
    1.605995886476));
#2218 = CARTESIAN_POINT('',(2.30505790922,-0.353853445413,1.780488706093
    ));
#2219 = CARTESIAN_POINT('',(2.210634062525,-0.284952720709,
    1.930929148474));
#2220 = CARTESIAN_POINT('',(2.089365937475,-0.196463827364,2.375));
#2221 = CARTESIAN_POINT('',(2.210634062525,-0.284952720709,
    2.819070851526));
#2222 = CARTESIAN_POINT('',(2.30505790922,-0.353853445413,2.969511293906
    ));
#2223 = CARTESIAN_POINT('',(2.382482508762,-0.410349883602,
    3.144004113524));
#2224 = CARTESIAN_POINT('',(2.475,-0.477859547921,3.3));
#2225 = CARTESIAN_POINT('',(2.475,-1.850371707709E-17,1.45));
#2226 = CARTESIAN_POINT('',(2.382482508762,-1.886476035751E-17,
    1.605995886476));
#2227 = CARTESIAN_POINT('',(2.30505790922,-1.429428338071E-17,
    1.780488706093));
#2228 = CARTESIAN_POINT('',(2.210634062525,4.640994849785E-17,
    1.930929148474));
#2229 = CARTESIAN_POINT('',(2.089365937475,-4.640994849785E-17,2.375));
#2230 = CARTESIAN_POINT('',(2.210634062525,4.640994849785E-17,
    2.819070851526));
#2231 = CARTESIAN_POINT('',(2.30505790922,-1.429428338071E-17,
    2.969511293906));
#2232 = CARTESIAN_POINT('',(2.382482508762,-1.886476035751E-17,
    3.144004113524));
#2233 = CARTESIAN_POINT('',(2.475,-1.850371707709E-17,3.3));
#2234 = CARTESIAN_POINT('',(2.475,0.477859547921,1.45));
#2235 = CARTESIAN_POINT('',(2.382482508762,0.410349883602,1.605995886476
    ));
#2236 = CARTESIAN_POINT('',(2.30505790922,0.353853445413,1.780488706093)
  );
#2237 = CARTESIAN_POINT('',(2.210634062525,0.284952720709,1.930929148474
    ));
#2238 = CARTESIAN_POINT('',(2.089365937475,0.196463827364,2.375));
#2239 = CARTESIAN_POINT('',(2.210634062525,0.284952720709,2.819070851526
    ));
#2240 = CARTESIAN_POINT('',(2.30505790922,0.353853445413,2.969511293906)
  );
#2241 = CARTESIAN_POINT('',(2.382482508762,0.410349883602,3.144004113524
    ));
#2242 = CARTESIAN_POINT('',(2.475,0.477859547921,3.3));
#2243 = CARTESIAN_POINT('',(2.475,0.955719095842,1.45));
#2244 = CARTESIAN_POINT('',(2.382482508762,0.820699767204,1.605995886476
    ));
#2245 = CARTESIAN_POINT('',(2.30505790922,0.707706890827,1.780488706093)
  );
#2246 = CARTESIAN_POINT('',(2.210634062525,0.569905441418,1.930929148474
    ));
#2247 = CARTESIAN_POINT('',(2.089365937475,0.392927654727,2.375));
#2248 = CARTESIAN_POINT('',(2.210634062525,0.569905441418,2.819070851526
    ));
#2249 = CARTESIAN_POINT('',(2.30505790922,0.707706890827,2.969511293906)
  );
#2250 = CARTESIAN_POINT('',(2.382482508762,0.820699767204,3.144004113524
    ));
#2251 = CARTESIAN_POINT('',(2.475,0.955719095842,3.3));
#2252 = CARTESIAN_POINT('',(2.475,1.433578643763,1.45));
#2253 = CARTESIAN_POINT('',(2.382482508762,1.231049650806,1.605995886476
    ));
#2254 = CARTESIAN_POINT('',(2.30505790922,1.06156033624,1.780488706093)
  );
#2255 = CARTESIAN_POINT('',(2.210634062525,0.854858162128,1.930929148474
    ));
#2256 = CARTESIAN_POINT('',(2.089365937475,0.589391482091,2.375));
#2257 = CARTESIAN_POINT('',(2.210634062525,0.854858162128,2.819070851526
    ));
#2258 = CARTESIAN_POINT('',(2.30505790922,1.06156033624,2.969511293907)
  );
#2259 = CARTESIAN_POINT('',(2.382482508762,1.231049650806,3.144004113524
    ));
#2260 = CARTESIAN_POINT('',(2.475,1.433578643763,3.3));
#2261 = ADVANCED_FACE('',(#2262),#2273,.T.);
#2262 = FACE_BOUND('',#2263,.F.);
#2263 = EDGE_LOOP('',(#2264,#2265,#2266,#2272));
#2264 = ORIENTED_EDGE('',*,*,#1282,.T.);
#2265 = ORIENTED_EDGE('',*,*,#1957,.T.);
#2266 = ORIENTED_EDGE('',*,*,#2267,.F.);
#2267 = EDGE_CURVE('',#1182,#1958,#2268,.T.);
#2268 = LINE('',#2269,#2270);
#2269 = CARTESIAN_POINT('',(2.475,-1.433578643763,3.3));
#2270 = VECTOR('',#2271,1.);
#2271 = DIRECTION('',(0.,0.,1.));
#2272 = ORIENTED_EDGE('',*,*,#1195,.F.);
#2273 = CYLINDRICAL_SURFACE('',#2274,0.1);
#2274 = AXIS2_PLACEMENT_3D('',#2275,#2276,#2277);
#2275 = CARTESIAN_POINT('',(2.375,-1.433578643763,3.3));
#2276 = DIRECTION('',(-0.,-0.,-1.));
#2277 = DIRECTION('',(0.707106781187,-0.707106781187,0.));
#2278 = ADVANCED_FACE('',(#2279),#2290,.F.);
#2279 = FACE_BOUND('',#2280,.F.);
#2280 = EDGE_LOOP('',(#2281,#2282,#2283,#2289));
#2281 = ORIENTED_EDGE('',*,*,#1297,.T.);
#2282 = ORIENTED_EDGE('',*,*,#1463,.T.);
#2283 = ORIENTED_EDGE('',*,*,#2284,.T.);
#2284 = EDGE_CURVE('',#1455,#1429,#2285,.T.);
#2285 = LINE('',#2286,#2287);
#2286 = CARTESIAN_POINT('',(-2.475,1.433578643763,1.45));
#2287 = VECTOR('',#2288,1.);
#2288 = DIRECTION('',(0.,-1.,0.));
#2289 = ORIENTED_EDGE('',*,*,#1428,.F.);
#2290 = PLANE('',#2291);
#2291 = AXIS2_PLACEMENT_3D('',#2292,#2293,#2294);
#2292 = CARTESIAN_POINT('',(-2.475,1.433578643763,0.));
#2293 = DIRECTION('',(1.,0.,-0.));
#2294 = DIRECTION('',(0.,-1.,0.));
#2295 = ADVANCED_FACE('',(#2296),#2307,.F.);
#2296 = FACE_BOUND('',#2297,.F.);
#2297 = EDGE_LOOP('',(#2298,#2304,#2305,#2306));
#2298 = ORIENTED_EDGE('',*,*,#2299,.T.);
#2299 = EDGE_CURVE('',#1337,#2043,#2300,.T.);
#2300 = LINE('',#2301,#2302);
#2301 = CARTESIAN_POINT('',(-2.445710678119,-1.504289321881,3.3));
#2302 = VECTOR('',#2303,1.);
#2303 = DIRECTION('',(0.,0.,1.));
#2304 = ORIENTED_EDGE('',*,*,#2051,.T.);
#2305 = ORIENTED_EDGE('',*,*,#2075,.F.);
#2306 = ORIENTED_EDGE('',*,*,#1336,.F.);
#2307 = PLANE('',#2308);
#2308 = AXIS2_PLACEMENT_3D('',#2309,#2310,#2311);
#2309 = CARTESIAN_POINT('',(-2.445710678119,-1.504289321881,3.3));
#2310 = DIRECTION('',(0.707106781187,0.707106781187,-0.));
#2311 = DIRECTION('',(0.707106781187,-0.707106781187,0.));
#2312 = ADVANCED_FACE('',(#2313),#2341,.T.);
#2313 = FACE_BOUND('',#2314,.T.);
#2314 = EDGE_LOOP('',(#2315,#2316,#2317,#2329));
#2315 = ORIENTED_EDGE('',*,*,#1436,.T.);
#2316 = ORIENTED_EDGE('',*,*,#1348,.T.);
#2317 = ORIENTED_EDGE('',*,*,#2318,.F.);
#2318 = EDGE_CURVE('',#2319,#1337,#2321,.T.);
#2319 = VERTEX_POINT('',#2320);
#2320 = CARTESIAN_POINT('',(-2.475,-1.433578643763,3.3));
#2321 = B_SPLINE_CURVE_WITH_KNOTS('',6,(#2322,#2323,#2324,#2325,#2326,
    #2327,#2328),.UNSPECIFIED.,.F.,.F.,(7,7),(12.,13.),
  .PIECEWISE_BEZIER_KNOTS.);
#2322 = CARTESIAN_POINT('',(-2.475,-1.433578643763,3.3));
#2323 = CARTESIAN_POINT('',(-2.475,-1.446668613153,3.3));
#2324 = CARTESIAN_POINT('',(-2.472944293804,-1.459758748451,3.3));
#2325 = CARTESIAN_POINT('',(-2.4688306519,-1.472444572346,3.3));
#2326 = CARTESIAN_POINT('',(-2.462769203884,-1.484323588533,3.3));
#2327 = CARTESIAN_POINT('',(-2.45496668424,-1.49503331576,3.3));
#2328 = CARTESIAN_POINT('',(-2.445710678119,-1.504289321881,3.3));
#2329 = ORIENTED_EDGE('',*,*,#2330,.F.);
#2330 = EDGE_CURVE('',#1429,#2319,#2331,.T.);
#2331 = ( BOUNDED_CURVE() B_SPLINE_CURVE(5,(#2332,#2333,#2334,#2335,
    #2336,#2337,#2338,#2339,#2340),.UNSPECIFIED.,.F.,.F.) 
B_SPLINE_CURVE_WITH_KNOTS((6,3,6),(0.,0.5,1.),.UNSPECIFIED.) CURVE() 
GEOMETRIC_REPRESENTATION_ITEM() RATIONAL_B_SPLINE_CURVE((1.,1.,1.,1.,1.,
1.,1.,1.,1.)) REPRESENTATION_ITEM('') );
#2332 = CARTESIAN_POINT('',(-2.475,-1.433578643763,1.45));
#2333 = CARTESIAN_POINT('',(-2.382482508762,-1.231049650806,
    1.605995886476));
#2334 = CARTESIAN_POINT('',(-2.30505790922,-1.06156033624,1.780488706093
    ));
#2335 = CARTESIAN_POINT('',(-2.210634062525,-0.854858162128,
    1.930929148474));
#2336 = CARTESIAN_POINT('',(-2.089365937475,-0.589391482091,2.375));
#2337 = CARTESIAN_POINT('',(-2.210634062525,-0.854858162128,
    2.819070851526));
#2338 = CARTESIAN_POINT('',(-2.30505790922,-1.06156033624,2.969511293907
    ));
#2339 = CARTESIAN_POINT('',(-2.382482508762,-1.231049650806,
    3.144004113524));
#2340 = CARTESIAN_POINT('',(-2.475,-1.433578643763,3.3));
#2341 = ( BOUNDED_SURFACE() B_SPLINE_SURFACE(6,5,(
    (#2342,#2343,#2344,#2345,#2346,#2347,#2348,#2349,#2350)
    ,(#2351,#2352,#2353,#2354,#2355,#2356,#2357,#2358,#2359)
    ,(#2360,#2361,#2362,#2363,#2364,#2365,#2366,#2367,#2368)
    ,(#2369,#2370,#2371,#2372,#2373,#2374,#2375,#2376,#2377)
    ,(#2378,#2379,#2380,#2381,#2382,#2383,#2384,#2385,#2386)
    ,(#2387,#2388,#2389,#2390,#2391,#2392,#2393,#2394,#2395)
    ,(#2396,#2397,#2398,#2399,#2400,#2401,#2402,#2403,#2404
)),.UNSPECIFIED.,.F.,.F.,.F.) B_SPLINE_SURFACE_WITH_KNOTS((7,7),(6,3,6),
(12.,13.),(0.,0.5,1.),.UNSPECIFIED.) GEOMETRIC_REPRESENTATION_ITEM() 
RATIONAL_B_SPLINE_SURFACE((
    (1.,1.,1.,1.,1.,1.,1.,1.,1.)
    ,(1.,1.,1.,1.,1.,1.,1.,1.,1.)
    ,(1.,1.,1.,1.,1.,1.,1.,1.,1.)
    ,(1.,1.,1.,1.,1.,1.,1.,1.,1.)
    ,(1.,1.,1.,1.,1.,1.,1.,1.,1.)
    ,(1.,1.,1.,1.,1.,1.,1.,1.,1.)
,(1.,1.,1.,1.,1.,1.,1.,1.,1.))) REPRESENTATION_ITEM('') SURFACE() );
#2342 = CARTESIAN_POINT('',(-2.475,-1.433578643763,1.45));
#2343 = CARTESIAN_POINT('',(-2.382482508762,-1.231049650806,
    1.605995886476));
#2344 = CARTESIAN_POINT('',(-2.30505790922,-1.06156033624,1.780488706093
    ));
#2345 = CARTESIAN_POINT('',(-2.210634062525,-0.854858162128,
    1.930929148474));
#2346 = CARTESIAN_POINT('',(-2.089365937475,-0.589391482091,2.375));
#2347 = CARTESIAN_POINT('',(-2.210634062525,-0.854858162128,
    2.819070851526));
#2348 = CARTESIAN_POINT('',(-2.30505790922,-1.06156033624,2.969511293907
    ));
#2349 = CARTESIAN_POINT('',(-2.382482508762,-1.231049650806,
    3.144004113524));
#2350 = CARTESIAN_POINT('',(-2.475,-1.433578643763,3.3));
#2351 = CARTESIAN_POINT('',(-2.475,-1.446668613153,1.45));
#2352 = CARTESIAN_POINT('',(-2.382482508762,-1.290718509747,
    1.605995886476));
#2353 = CARTESIAN_POINT('',(-2.30505790922,-1.160209412029,
    1.780488706093));
#2354 = CARTESIAN_POINT('',(-2.210634062525,-1.001045901875,
    1.930929148474));
#2355 = CARTESIAN_POINT('',(-2.089365937475,-0.796632915873,2.375));
#2356 = CARTESIAN_POINT('',(-2.210634062525,-1.001045901875,
    2.819070851526));
#2357 = CARTESIAN_POINT('',(-2.30505790922,-1.160209412029,
    2.969511293906));
#2358 = CARTESIAN_POINT('',(-2.382482508762,-1.290718509747,
    3.144004113524));
#2359 = CARTESIAN_POINT('',(-2.475,-1.446668613153,3.3));
#2360 = CARTESIAN_POINT('',(-2.472944293804,-1.459758748451,1.45));
#2361 = CARTESIAN_POINT('',(-2.373109456782,-1.350387133867,
    1.605995886476));
#2362 = CARTESIAN_POINT('',(-2.289562343234,-1.258858378476,
    1.780488706093));
#2363 = CARTESIAN_POINT('',(-2.187671010962,-1.147233387021,
    1.930929148474));
#2364 = CARTESIAN_POINT('',(-2.056812682048,-1.003874013932,2.375));
#2365 = CARTESIAN_POINT('',(-2.187671010962,-1.147233387021,
    2.819070851526));
#2366 = CARTESIAN_POINT('',(-2.289562343234,-1.258858378476,
    2.969511293907));
#2367 = CARTESIAN_POINT('',(-2.373109456782,-1.350387133867,
    3.144004113524));
#2368 = CARTESIAN_POINT('',(-2.472944293804,-1.459758748451,3.3));
#2369 = CARTESIAN_POINT('',(-2.4688306519,-1.472444572346,1.45));
#2370 = CARTESIAN_POINT('',(-2.354364674888,-1.408216525168,
    1.605995886476));
#2371 = CARTESIAN_POINT('',(-2.258570165236,-1.3544655262,1.780488706093
    ));
#2372 = CARTESIAN_POINT('',(-2.141744430451,-1.288913562805,
    1.930929148474));
#2373 = CARTESIAN_POINT('',(-1.991705202282,-1.204725278881,2.375));
#2374 = CARTESIAN_POINT('',(-2.141744430451,-1.288913562805,
    2.819070851526));
#2375 = CARTESIAN_POINT('',(-2.258570165236,-1.3544655262,2.969511293906
    ));
#2376 = CARTESIAN_POINT('',(-2.354364674888,-1.408216525168,
    3.144004113524));
#2377 = CARTESIAN_POINT('',(-2.4688306519,-1.472444572346,3.3));
#2378 = CARTESIAN_POINT('',(-2.462769203884,-1.484323588533,1.45));
#2379 = CARTESIAN_POINT('',(-2.326727682537,-1.462362642296,
    1.605995886476));
#2380 = CARTESIAN_POINT('',(-2.212880481977,-1.443984767911,
    1.780488706093));
#2381 = CARTESIAN_POINT('',(-2.07403641391,-1.421571572378,
    1.930929148474));
#2382 = CARTESIAN_POINT('',(-1.895719851276,-1.392786510785,2.375));
#2383 = CARTESIAN_POINT('',(-2.07403641391,-1.421571572378,
    2.819070851526));
#2384 = CARTESIAN_POINT('',(-2.212880481976,-1.443984767911,
    2.969511293907));
#2385 = CARTESIAN_POINT('',(-2.326727682537,-1.462362642296,
    3.144004113524));
#2386 = CARTESIAN_POINT('',(-2.462769203884,-1.484323588533,3.3));
#2387 = CARTESIAN_POINT('',(-2.45496668424,-1.49503331576,1.45));
#2388 = CARTESIAN_POINT('',(-2.291163342413,-1.511182479652,
    1.605995886476));
#2389 = CARTESIAN_POINT('',(-2.154082148632,-1.524697140831,
    1.780488706093));
#2390 = CARTESIAN_POINT('',(-1.986903581316,-1.541179063926,
    1.930929148474));
#2391 = CARTESIAN_POINT('',(-1.772196893159,-1.562346724225,2.375));
#2392 = CARTESIAN_POINT('',(-1.986903581316,-1.541179063926,
    2.819070851526));
#2393 = CARTESIAN_POINT('',(-2.154082148632,-1.524697140831,
    2.969511293906));
#2394 = CARTESIAN_POINT('',(-2.291163342413,-1.511182479652,
    3.144004113524));
#2395 = CARTESIAN_POINT('',(-2.45496668424,-1.49503331576,3.3));
#2396 = CARTESIAN_POINT('',(-2.445710678119,-1.504289321881,1.45));
#2397 = CARTESIAN_POINT('',(-2.24897108763,-1.553374734435,
    1.605995886476));
#2398 = CARTESIAN_POINT('',(-2.084326718184,-1.594452571279,
    1.780488706093));
#2399 = CARTESIAN_POINT('',(-1.883533239215,-1.644549406028,
    1.930929148474));
#2400 = CARTESIAN_POINT('',(-1.625655069989,-1.708888547395,2.375));
#2401 = CARTESIAN_POINT('',(-1.883533239215,-1.644549406028,
    2.819070851526));
#2402 = CARTESIAN_POINT('',(-2.084326718184,-1.594452571279,
    2.969511293906));
#2403 = CARTESIAN_POINT('',(-2.24897108763,-1.553374734435,
    3.144004113524));
#2404 = CARTESIAN_POINT('',(-2.445710678119,-1.504289321881,3.3));
#2405 = ADVANCED_FACE('',(#2406),#2434,.T.);
#2406 = FACE_BOUND('',#2407,.T.);
#2407 = EDGE_LOOP('',(#2408,#2409,#2423,#2433));
#2408 = ORIENTED_EDGE('',*,*,#1454,.T.);
#2409 = ORIENTED_EDGE('',*,*,#2410,.T.);
#2410 = EDGE_CURVE('',#1455,#2411,#2413,.T.);
#2411 = VERTEX_POINT('',#2412);
#2412 = CARTESIAN_POINT('',(-2.475,1.433578643763,3.3));
#2413 = ( BOUNDED_CURVE() B_SPLINE_CURVE(5,(#2414,#2415,#2416,#2417,
    #2418,#2419,#2420,#2421,#2422),.UNSPECIFIED.,.F.,.F.) 
B_SPLINE_CURVE_WITH_KNOTS((6,3,6),(0.,0.5,1.),.UNSPECIFIED.) CURVE() 
GEOMETRIC_REPRESENTATION_ITEM() RATIONAL_B_SPLINE_CURVE((1.,1.,1.,1.,1.,
1.,1.,1.,1.)) REPRESENTATION_ITEM('') );
#2414 = CARTESIAN_POINT('',(-2.475,1.433578643763,1.45));
#2415 = CARTESIAN_POINT('',(-2.382482508762,1.231049650806,
    1.605995886476));
#2416 = CARTESIAN_POINT('',(-2.30505790922,1.06156033624,1.780488706093)
  );
#2417 = CARTESIAN_POINT('',(-2.210634062525,0.854858162128,
    1.930929148474));
#2418 = CARTESIAN_POINT('',(-2.089365937475,0.589391482091,2.375));
#2419 = CARTESIAN_POINT('',(-2.210634062525,0.854858162128,
    2.819070851526));
#2420 = CARTESIAN_POINT('',(-2.30505790922,1.06156033624,2.969511293906)
  );
#2421 = CARTESIAN_POINT('',(-2.382482508762,1.231049650806,
    3.144004113524));
#2422 = CARTESIAN_POINT('',(-2.475,1.433578643763,3.3));
#2423 = ORIENTED_EDGE('',*,*,#2424,.F.);
#2424 = EDGE_CURVE('',#1479,#2411,#2425,.T.);
#2425 = B_SPLINE_CURVE_WITH_KNOTS('',6,(#2426,#2427,#2428,#2429,#2430,
    #2431,#2432),.UNSPECIFIED.,.F.,.F.,(7,7),(10.,11.),
  .PIECEWISE_BEZIER_KNOTS.);
#2426 = CARTESIAN_POINT('',(-2.445710678119,1.504289321881,3.3));
#2427 = CARTESIAN_POINT('',(-2.45496668424,1.49503331576,3.3));
#2428 = CARTESIAN_POINT('',(-2.462769203884,1.484323588533,3.3));
#2429 = CARTESIAN_POINT('',(-2.4688306519,1.472444572346,3.3));
#2430 = CARTESIAN_POINT('',(-2.472944293804,1.459758748451,3.3));
#2431 = CARTESIAN_POINT('',(-2.475,1.446668613153,3.3));
#2432 = CARTESIAN_POINT('',(-2.475,1.433578643763,3.3));
#2433 = ORIENTED_EDGE('',*,*,#1478,.F.);
#2434 = ( BOUNDED_SURFACE() B_SPLINE_SURFACE(6,5,(
    (#2435,#2436,#2437,#2438,#2439,#2440,#2441,#2442,#2443)
    ,(#2444,#2445,#2446,#2447,#2448,#2449,#2450,#2451,#2452)
    ,(#2453,#2454,#2455,#2456,#2457,#2458,#2459,#2460,#2461)
    ,(#2462,#2463,#2464,#2465,#2466,#2467,#2468,#2469,#2470)
    ,(#2471,#2472,#2473,#2474,#2475,#2476,#2477,#2478,#2479)
    ,(#2480,#2481,#2482,#2483,#2484,#2485,#2486,#2487,#2488)
    ,(#2489,#2490,#2491,#2492,#2493,#2494,#2495,#2496,#2497
)),.UNSPECIFIED.,.F.,.F.,.F.) B_SPLINE_SURFACE_WITH_KNOTS((7,7),(6,3,6),
(10.,11.),(0.,0.5,1.),.UNSPECIFIED.) GEOMETRIC_REPRESENTATION_ITEM() 
RATIONAL_B_SPLINE_SURFACE((
    (1.,1.,1.,1.,1.,1.,1.,1.,1.)
    ,(1.,1.,1.,1.,1.,1.,1.,1.,1.)
    ,(1.,1.,1.,1.,1.,1.,1.,1.,1.)
    ,(1.,1.,1.,1.,1.,1.,1.,1.,1.)
    ,(1.,1.,1.,1.,1.,1.,1.,1.,1.)
    ,(1.,1.,1.,1.,1.,1.,1.,1.,1.)
,(1.,1.,1.,1.,1.,1.,1.,1.,1.))) REPRESENTATION_ITEM('') SURFACE() );
#2435 = CARTESIAN_POINT('',(-2.445710678119,1.504289321881,1.45));
#2436 = CARTESIAN_POINT('',(-2.24897108763,1.553374734435,1.605995886476
    ));
#2437 = CARTESIAN_POINT('',(-2.084326718184,1.594452571279,
    1.780488706093));
#2438 = CARTESIAN_POINT('',(-1.883533239215,1.644549406028,
    1.930929148474));
#2439 = CARTESIAN_POINT('',(-1.625655069989,1.708888547395,2.375));
#2440 = CARTESIAN_POINT('',(-1.883533239215,1.644549406028,
    2.819070851526));
#2441 = CARTESIAN_POINT('',(-2.084326718184,1.594452571279,
    2.969511293907));
#2442 = CARTESIAN_POINT('',(-2.24897108763,1.553374734435,3.144004113524
    ));
#2443 = CARTESIAN_POINT('',(-2.445710678119,1.504289321881,3.3));
#2444 = CARTESIAN_POINT('',(-2.45496668424,1.49503331576,1.45));
#2445 = CARTESIAN_POINT('',(-2.291163342413,1.511182479652,
    1.605995886476));
#2446 = CARTESIAN_POINT('',(-2.154082148632,1.524697140831,
    1.780488706093));
#2447 = CARTESIAN_POINT('',(-1.986903581316,1.541179063926,
    1.930929148474));
#2448 = CARTESIAN_POINT('',(-1.772196893159,1.562346724225,2.375));
#2449 = CARTESIAN_POINT('',(-1.986903581316,1.541179063926,
    2.819070851526));
#2450 = CARTESIAN_POINT('',(-2.154082148632,1.524697140831,
    2.969511293907));
#2451 = CARTESIAN_POINT('',(-2.291163342413,1.511182479652,
    3.144004113524));
#2452 = CARTESIAN_POINT('',(-2.45496668424,1.49503331576,3.3));
#2453 = CARTESIAN_POINT('',(-2.462769203884,1.484323588533,1.45));
#2454 = CARTESIAN_POINT('',(-2.326727682537,1.462362642297,
    1.605995886476));
#2455 = CARTESIAN_POINT('',(-2.212880481977,1.443984767911,
    1.780488706093));
#2456 = CARTESIAN_POINT('',(-2.07403641391,1.421571572378,1.930929148474
    ));
#2457 = CARTESIAN_POINT('',(-1.895719851276,1.392786510785,2.375));
#2458 = CARTESIAN_POINT('',(-2.07403641391,1.421571572378,2.819070851526
    ));
#2459 = CARTESIAN_POINT('',(-2.212880481977,1.443984767911,
    2.969511293907));
#2460 = CARTESIAN_POINT('',(-2.326727682537,1.462362642297,
    3.144004113524));
#2461 = CARTESIAN_POINT('',(-2.462769203884,1.484323588533,3.3));
#2462 = CARTESIAN_POINT('',(-2.4688306519,1.472444572346,1.45));
#2463 = CARTESIAN_POINT('',(-2.354364674888,1.408216525168,
    1.605995886476));
#2464 = CARTESIAN_POINT('',(-2.258570165236,1.3544655262,1.780488706093)
  );
#2465 = CARTESIAN_POINT('',(-2.141744430451,1.288913562805,
    1.930929148474));
#2466 = CARTESIAN_POINT('',(-1.991705202282,1.204725278881,2.375));
#2467 = CARTESIAN_POINT('',(-2.141744430451,1.288913562805,
    2.819070851526));
#2468 = CARTESIAN_POINT('',(-2.258570165236,1.3544655262,2.969511293907)
  );
#2469 = CARTESIAN_POINT('',(-2.354364674888,1.408216525167,
    3.144004113524));
#2470 = CARTESIAN_POINT('',(-2.4688306519,1.472444572346,3.3));
#2471 = CARTESIAN_POINT('',(-2.472944293804,1.459758748451,1.45));
#2472 = CARTESIAN_POINT('',(-2.373109456781,1.350387133867,
    1.605995886476));
#2473 = CARTESIAN_POINT('',(-2.289562343234,1.258858378476,
    1.780488706093));
#2474 = CARTESIAN_POINT('',(-2.187671010962,1.147233387021,
    1.930929148474));
#2475 = CARTESIAN_POINT('',(-2.056812682048,1.003874013932,2.375));
#2476 = CARTESIAN_POINT('',(-2.187671010962,1.147233387021,
    2.819070851526));
#2477 = CARTESIAN_POINT('',(-2.289562343234,1.258858378476,
    2.969511293907));
#2478 = CARTESIAN_POINT('',(-2.373109456781,1.350387133867,
    3.144004113524));
#2479 = CARTESIAN_POINT('',(-2.472944293804,1.459758748451,3.3));
#2480 = CARTESIAN_POINT('',(-2.475,1.446668613153,1.45));
#2481 = CARTESIAN_POINT('',(-2.382482508762,1.290718509747,
    1.605995886476));
#2482 = CARTESIAN_POINT('',(-2.30505790922,1.160209412029,1.780488706093
    ));
#2483 = CARTESIAN_POINT('',(-2.210634062525,1.001045901875,
    1.930929148474));
#2484 = CARTESIAN_POINT('',(-2.089365937475,0.796632915873,2.375));
#2485 = CARTESIAN_POINT('',(-2.210634062525,1.001045901875,
    2.819070851526));
#2486 = CARTESIAN_POINT('',(-2.30505790922,1.160209412029,2.969511293907
    ));
#2487 = CARTESIAN_POINT('',(-2.382482508762,1.290718509747,
    3.144004113524));
#2488 = CARTESIAN_POINT('',(-2.475,1.446668613153,3.3));
#2489 = CARTESIAN_POINT('',(-2.475,1.433578643763,1.45));
#2490 = CARTESIAN_POINT('',(-2.382482508762,1.231049650806,
    1.605995886476));
#2491 = CARTESIAN_POINT('',(-2.30505790922,1.06156033624,1.780488706093)
  );
#2492 = CARTESIAN_POINT('',(-2.210634062525,0.854858162128,
    1.930929148474));
#2493 = CARTESIAN_POINT('',(-2.089365937475,0.589391482091,2.375));
#2494 = CARTESIAN_POINT('',(-2.210634062525,0.854858162128,
    2.819070851526));
#2495 = CARTESIAN_POINT('',(-2.30505790922,1.06156033624,2.969511293906)
  );
#2496 = CARTESIAN_POINT('',(-2.382482508762,1.231049650806,
    3.144004113524));
#2497 = CARTESIAN_POINT('',(-2.475,1.433578643763,3.3));
#2498 = ADVANCED_FACE('',(#2499),#2515,.F.);
#2499 = FACE_BOUND('',#2500,.F.);
#2500 = EDGE_LOOP('',(#2501,#2507,#2508,#2514));
#2501 = ORIENTED_EDGE('',*,*,#2502,.T.);
#2502 = EDGE_CURVE('',#1493,#2009,#2503,.T.);
#2503 = LINE('',#2504,#2505);
#2504 = CARTESIAN_POINT('',(-1.504289321881,2.445710678119,3.3));
#2505 = VECTOR('',#2506,1.);
#2506 = DIRECTION('',(0.,0.,1.));
#2507 = ORIENTED_EDGE('',*,*,#2017,.T.);
#2508 = ORIENTED_EDGE('',*,*,#2509,.F.);
#2509 = EDGE_CURVE('',#1479,#2018,#2510,.T.);
#2510 = LINE('',#2511,#2512);
#2511 = CARTESIAN_POINT('',(-2.445710678119,1.504289321881,3.3));
#2512 = VECTOR('',#2513,1.);
#2513 = DIRECTION('',(0.,0.,1.));
#2514 = ORIENTED_EDGE('',*,*,#1492,.F.);
#2515 = PLANE('',#2516);
#2516 = AXIS2_PLACEMENT_3D('',#2517,#2518,#2519);
#2517 = CARTESIAN_POINT('',(-1.504289321881,2.445710678119,3.3));
#2518 = DIRECTION('',(0.707106781187,-0.707106781187,0.));
#2519 = DIRECTION('',(-0.707106781187,-0.707106781187,0.));
#2520 = ADVANCED_FACE('',(#2521),#2532,.T.);
#2521 = FACE_BOUND('',#2522,.F.);
#2522 = EDGE_LOOP('',(#2523,#2529,#2530,#2531));
#2523 = ORIENTED_EDGE('',*,*,#2524,.T.);
#2524 = EDGE_CURVE('',#1586,#2001,#2525,.T.);
#2525 = LINE('',#2526,#2527);
#2526 = CARTESIAN_POINT('',(-1.433578643763,2.475,3.3));
#2527 = VECTOR('',#2528,1.);
#2528 = DIRECTION('',(0.,0.,1.));
#2529 = ORIENTED_EDGE('',*,*,#2008,.T.);
#2530 = ORIENTED_EDGE('',*,*,#2502,.F.);
#2531 = ORIENTED_EDGE('',*,*,#1585,.F.);
#2532 = CYLINDRICAL_SURFACE('',#2533,0.1);
#2533 = AXIS2_PLACEMENT_3D('',#2534,#2535,#2536);
#2534 = CARTESIAN_POINT('',(-1.433578643763,2.375,3.3));
#2535 = DIRECTION('',(-0.,-0.,-1.));
#2536 = DIRECTION('',(-6.661338147751E-15,1.,0.));
#2537 = ADVANCED_FACE('',(#2538),#2549,.F.);
#2538 = FACE_BOUND('',#2539,.F.);
#2539 = EDGE_LOOP('',(#2540,#2546,#2547,#2548));
#2540 = ORIENTED_EDGE('',*,*,#2541,.T.);
#2541 = EDGE_CURVE('',#1679,#1992,#2542,.T.);
#2542 = LINE('',#2543,#2544);
#2543 = CARTESIAN_POINT('',(1.433578643763,2.475,3.3));
#2544 = VECTOR('',#2545,1.);
#2545 = DIRECTION('',(0.,0.,1.));
#2546 = ORIENTED_EDGE('',*,*,#2000,.T.);
#2547 = ORIENTED_EDGE('',*,*,#2524,.F.);
#2548 = ORIENTED_EDGE('',*,*,#1678,.F.);
#2549 = PLANE('',#2550);
#2550 = AXIS2_PLACEMENT_3D('',#2551,#2552,#2553);
#2551 = CARTESIAN_POINT('',(1.433578643763,2.475,3.3));
#2552 = DIRECTION('',(0.,-1.,0.));
#2553 = DIRECTION('',(-1.,0.,0.));
#2554 = ADVANCED_FACE('',(#2555),#2566,.T.);
#2555 = FACE_BOUND('',#2556,.F.);
#2556 = EDGE_LOOP('',(#2557,#2563,#2564,#2565));
#2557 = ORIENTED_EDGE('',*,*,#2558,.T.);
#2558 = EDGE_CURVE('',#1772,#1984,#2559,.T.);
#2559 = LINE('',#2560,#2561);
#2560 = CARTESIAN_POINT('',(1.504289321881,2.445710678119,3.3));
#2561 = VECTOR('',#2562,1.);
#2562 = DIRECTION('',(0.,0.,1.));
#2563 = ORIENTED_EDGE('',*,*,#1991,.T.);
#2564 = ORIENTED_EDGE('',*,*,#2541,.F.);
#2565 = ORIENTED_EDGE('',*,*,#1771,.F.);
#2566 = CYLINDRICAL_SURFACE('',#2567,0.1);
#2567 = AXIS2_PLACEMENT_3D('',#2568,#2569,#2570);
#2568 = CARTESIAN_POINT('',(1.433578643763,2.375,3.3));
#2569 = DIRECTION('',(-0.,-0.,-1.));
#2570 = DIRECTION('',(0.707106781187,0.707106781187,-0.));
#2571 = ADVANCED_FACE('',(#2572),#2583,.F.);
#2572 = FACE_BOUND('',#2573,.F.);
#2573 = EDGE_LOOP('',(#2574,#2580,#2581,#2582));
#2574 = ORIENTED_EDGE('',*,*,#2575,.T.);
#2575 = EDGE_CURVE('',#1865,#1975,#2576,.T.);
#2576 = LINE('',#2577,#2578);
#2577 = CARTESIAN_POINT('',(2.445710678119,1.504289321881,3.3));
#2578 = VECTOR('',#2579,1.);
#2579 = DIRECTION('',(0.,0.,1.));
#2580 = ORIENTED_EDGE('',*,*,#1983,.T.);
#2581 = ORIENTED_EDGE('',*,*,#2558,.F.);
#2582 = ORIENTED_EDGE('',*,*,#1864,.F.);
#2583 = PLANE('',#2584);
#2584 = AXIS2_PLACEMENT_3D('',#2585,#2586,#2587);
#2585 = CARTESIAN_POINT('',(2.445710678119,1.504289321881,3.3));
#2586 = DIRECTION('',(-0.707106781187,-0.707106781187,0.));
#2587 = DIRECTION('',(-0.707106781187,0.707106781187,0.));
#2588 = ADVANCED_FACE('',(#2589),#2600,.F.);
#2589 = FACE_BOUND('',#2590,.F.);
#2590 = EDGE_LOOP('',(#2591,#2592,#2593,#2599));
#2591 = ORIENTED_EDGE('',*,*,#2267,.T.);
#2592 = ORIENTED_EDGE('',*,*,#1966,.T.);
#2593 = ORIENTED_EDGE('',*,*,#2594,.F.);
#2594 = EDGE_CURVE('',#2095,#1967,#2595,.T.);
#2595 = LINE('',#2596,#2597);
#2596 = CARTESIAN_POINT('',(2.475,1.433578643763,3.3));
#2597 = VECTOR('',#2598,1.);
#2598 = DIRECTION('',(0.,0.,1.));
#2599 = ORIENTED_EDGE('',*,*,#2187,.F.);
#2600 = PLANE('',#2601);
#2601 = AXIS2_PLACEMENT_3D('',#2602,#2603,#2604);
#2602 = CARTESIAN_POINT('',(2.475,-1.433578643763,3.3));
#2603 = DIRECTION('',(-1.,0.,0.));
#2604 = DIRECTION('',(0.,1.,0.));
#2605 = ADVANCED_FACE('',(#2606),#2612,.T.);
#2606 = FACE_BOUND('',#2607,.F.);
#2607 = EDGE_LOOP('',(#2608,#2609,#2610,#2611));
#2608 = ORIENTED_EDGE('',*,*,#2594,.T.);
#2609 = ORIENTED_EDGE('',*,*,#1974,.T.);
#2610 = ORIENTED_EDGE('',*,*,#2575,.F.);
#2611 = ORIENTED_EDGE('',*,*,#2094,.F.);
#2612 = CYLINDRICAL_SURFACE('',#2613,0.1);
#2613 = AXIS2_PLACEMENT_3D('',#2614,#2615,#2616);
#2614 = CARTESIAN_POINT('',(2.375,1.433578643763,3.3));
#2615 = DIRECTION('',(-0.,-0.,-1.));
#2616 = DIRECTION('',(1.,6.661338147751E-15,-0.));
#2617 = ADVANCED_FACE('',(#2618),#2629,.T.);
#2618 = FACE_BOUND('',#2619,.F.);
#2619 = EDGE_LOOP('',(#2620,#2621,#2622,#2628));
#2620 = ORIENTED_EDGE('',*,*,#2509,.T.);
#2621 = ORIENTED_EDGE('',*,*,#2025,.T.);
#2622 = ORIENTED_EDGE('',*,*,#2623,.F.);
#2623 = EDGE_CURVE('',#2411,#2026,#2624,.T.);
#2624 = LINE('',#2625,#2626);
#2625 = CARTESIAN_POINT('',(-2.475,1.433578643763,3.3));
#2626 = VECTOR('',#2627,1.);
#2627 = DIRECTION('',(0.,0.,1.));
#2628 = ORIENTED_EDGE('',*,*,#2424,.F.);
#2629 = CYLINDRICAL_SURFACE('',#2630,0.1);
#2630 = AXIS2_PLACEMENT_3D('',#2631,#2632,#2633);
#2631 = CARTESIAN_POINT('',(-2.375,1.433578643763,3.3));
#2632 = DIRECTION('',(-0.,-0.,-1.));
#2633 = DIRECTION('',(-0.707106781187,0.707106781187,0.));
#2634 = ADVANCED_FACE('',(#2635),#2655,.F.);
#2635 = FACE_BOUND('',#2636,.F.);
#2636 = EDGE_LOOP('',(#2637,#2638,#2639,#2645));
#2637 = ORIENTED_EDGE('',*,*,#2623,.T.);
#2638 = ORIENTED_EDGE('',*,*,#2034,.T.);
#2639 = ORIENTED_EDGE('',*,*,#2640,.F.);
#2640 = EDGE_CURVE('',#2319,#2035,#2641,.T.);
#2641 = LINE('',#2642,#2643);
#2642 = CARTESIAN_POINT('',(-2.475,-1.433578643763,3.3));
#2643 = VECTOR('',#2644,1.);
#2644 = DIRECTION('',(0.,0.,1.));
#2645 = ORIENTED_EDGE('',*,*,#2646,.F.);
#2646 = EDGE_CURVE('',#2411,#2319,#2647,.T.);
#2647 = B_SPLINE_CURVE_WITH_KNOTS('',6,(#2648,#2649,#2650,#2651,#2652,
    #2653,#2654),.UNSPECIFIED.,.F.,.F.,(7,7),(11.,12.),
  .PIECEWISE_BEZIER_KNOTS.);
#2648 = CARTESIAN_POINT('',(-2.475,1.433578643763,3.3));
#2649 = CARTESIAN_POINT('',(-2.475,0.955719095842,3.3));
#2650 = CARTESIAN_POINT('',(-2.475,0.477859547921,3.3));
#2651 = CARTESIAN_POINT('',(-2.475,0.,3.3));
#2652 = CARTESIAN_POINT('',(-2.475,-0.477859547921,3.3));
#2653 = CARTESIAN_POINT('',(-2.475,-0.955719095842,3.3));
#2654 = CARTESIAN_POINT('',(-2.475,-1.433578643763,3.3));
#2655 = PLANE('',#2656);
#2656 = AXIS2_PLACEMENT_3D('',#2657,#2658,#2659);
#2657 = CARTESIAN_POINT('',(-2.475,1.433578643763,3.3));
#2658 = DIRECTION('',(1.,0.,-0.));
#2659 = DIRECTION('',(0.,-1.,0.));
#2660 = ADVANCED_FACE('',(#2661),#2667,.T.);
#2661 = FACE_BOUND('',#2662,.F.);
#2662 = EDGE_LOOP('',(#2663,#2664,#2665,#2666));
#2663 = ORIENTED_EDGE('',*,*,#2640,.T.);
#2664 = ORIENTED_EDGE('',*,*,#2042,.T.);
#2665 = ORIENTED_EDGE('',*,*,#2299,.F.);
#2666 = ORIENTED_EDGE('',*,*,#2318,.F.);
#2667 = CYLINDRICAL_SURFACE('',#2668,0.1);
#2668 = AXIS2_PLACEMENT_3D('',#2669,#2670,#2671);
#2669 = CARTESIAN_POINT('',(-2.375,-1.433578643763,3.3));
#2670 = DIRECTION('',(-0.,-0.,-1.));
#2671 = DIRECTION('',(-1.,-6.661338147751E-15,0.));
#2672 = ADVANCED_FACE('',(#2673),#2679,.T.);
#2673 = FACE_BOUND('',#2674,.T.);
#2674 = EDGE_LOOP('',(#2675,#2676,#2677,#2678));
#2675 = ORIENTED_EDGE('',*,*,#2284,.T.);
#2676 = ORIENTED_EDGE('',*,*,#2330,.T.);
#2677 = ORIENTED_EDGE('',*,*,#2646,.F.);
#2678 = ORIENTED_EDGE('',*,*,#2410,.F.);
#2679 = ( BOUNDED_SURFACE() B_SPLINE_SURFACE(6,5,(
    (#2680,#2681,#2682,#2683,#2684,#2685,#2686,#2687,#2688)
    ,(#2689,#2690,#2691,#2692,#2693,#2694,#2695,#2696,#2697)
    ,(#2698,#2699,#2700,#2701,#2702,#2703,#2704,#2705,#2706)
    ,(#2707,#2708,#2709,#2710,#2711,#2712,#2713,#2714,#2715)
    ,(#2716,#2717,#2718,#2719,#2720,#2721,#2722,#2723,#2724)
    ,(#2725,#2726,#2727,#2728,#2729,#2730,#2731,#2732,#2733)
    ,(#2734,#2735,#2736,#2737,#2738,#2739,#2740,#2741,#2742
)),.UNSPECIFIED.,.F.,.F.,.F.) B_SPLINE_SURFACE_WITH_KNOTS((7,7),(6,3,6),
(11.,12.),(0.,0.5,1.),.UNSPECIFIED.) GEOMETRIC_REPRESENTATION_ITEM() 
RATIONAL_B_SPLINE_SURFACE((
    (1.,1.,1.,1.,1.,1.,1.,1.,1.)
    ,(1.,1.,1.,1.,1.,1.,1.,1.,1.)
    ,(1.,1.,1.,1.,1.,1.,1.,1.,1.)
    ,(1.,1.,1.,1.,1.,1.,1.,1.,1.)
    ,(1.,1.,1.,1.,1.,1.,1.,1.,1.)
    ,(1.,1.,1.,1.,1.,1.,1.,1.,1.)
,(1.,1.,1.,1.,1.,1.,1.,1.,1.))) REPRESENTATION_ITEM('') SURFACE() );
#2680 = CARTESIAN_POINT('',(-2.475,1.433578643763,1.45));
#2681 = CARTESIAN_POINT('',(-2.382482508762,1.231049650806,
    1.605995886476));
#2682 = CARTESIAN_POINT('',(-2.30505790922,1.06156033624,1.780488706093)
  );
#2683 = CARTESIAN_POINT('',(-2.210634062525,0.854858162128,
    1.930929148474));
#2684 = CARTESIAN_POINT('',(-2.089365937475,0.589391482091,2.375));
#2685 = CARTESIAN_POINT('',(-2.210634062525,0.854858162128,
    2.819070851526));
#2686 = CARTESIAN_POINT('',(-2.30505790922,1.06156033624,2.969511293906)
  );
#2687 = CARTESIAN_POINT('',(-2.382482508762,1.231049650806,
    3.144004113524));
#2688 = CARTESIAN_POINT('',(-2.475,1.433578643763,3.3));
#2689 = CARTESIAN_POINT('',(-2.475,0.955719095842,1.45));
#2690 = CARTESIAN_POINT('',(-2.382482508762,0.820699767204,
    1.605995886476));
#2691 = CARTESIAN_POINT('',(-2.30505790922,0.707706890827,1.780488706093
    ));
#2692 = CARTESIAN_POINT('',(-2.210634062525,0.569905441418,
    1.930929148474));
#2693 = CARTESIAN_POINT('',(-2.089365937475,0.392927654727,2.375));
#2694 = CARTESIAN_POINT('',(-2.210634062525,0.569905441418,
    2.819070851526));
#2695 = CARTESIAN_POINT('',(-2.30505790922,0.707706890827,2.969511293906
    ));
#2696 = CARTESIAN_POINT('',(-2.382482508762,0.820699767204,
    3.144004113524));
#2697 = CARTESIAN_POINT('',(-2.475,0.955719095842,3.3));
#2698 = CARTESIAN_POINT('',(-2.475,0.477859547921,1.45));
#2699 = CARTESIAN_POINT('',(-2.382482508762,0.410349883602,
    1.605995886476));
#2700 = CARTESIAN_POINT('',(-2.30505790922,0.353853445413,1.780488706093
    ));
#2701 = CARTESIAN_POINT('',(-2.210634062525,0.284952720709,
    1.930929148474));
#2702 = CARTESIAN_POINT('',(-2.089365937475,0.196463827364,2.375));
#2703 = CARTESIAN_POINT('',(-2.210634062525,0.284952720709,
    2.819070851526));
#2704 = CARTESIAN_POINT('',(-2.30505790922,0.353853445413,2.969511293906
    ));
#2705 = CARTESIAN_POINT('',(-2.382482508762,0.410349883602,
    3.144004113524));
#2706 = CARTESIAN_POINT('',(-2.475,0.477859547921,3.3));
#2707 = CARTESIAN_POINT('',(-2.475,0.,1.45));
#2708 = CARTESIAN_POINT('',(-2.382482508762,3.218372721306E-17,
    1.605995886476));
#2709 = CARTESIAN_POINT('',(-2.30505790922,8.832028291517E-18,
    1.780488706093));
#2710 = CARTESIAN_POINT('',(-2.210634062525,-4.538232716408E-17,
    1.930929148474));
#2711 = CARTESIAN_POINT('',(-2.089365937475,4.538232716407E-17,2.375));
#2712 = CARTESIAN_POINT('',(-2.210634062525,-4.538232716408E-17,
    2.819070851526));
#2713 = CARTESIAN_POINT('',(-2.30505790922,8.832028291516E-18,
    2.969511293906));
#2714 = CARTESIAN_POINT('',(-2.382482508762,3.218372721306E-17,
    3.144004113524));
#2715 = CARTESIAN_POINT('',(-2.475,0.,3.3));
#2716 = CARTESIAN_POINT('',(-2.475,-0.477859547921,1.45));
#2717 = CARTESIAN_POINT('',(-2.382482508762,-0.410349883602,
    1.605995886476));
#2718 = CARTESIAN_POINT('',(-2.30505790922,-0.353853445413,
    1.780488706093));
#2719 = CARTESIAN_POINT('',(-2.210634062525,-0.284952720709,
    1.930929148474));
#2720 = CARTESIAN_POINT('',(-2.089365937475,-0.196463827364,2.375));
#2721 = CARTESIAN_POINT('',(-2.210634062525,-0.284952720709,
    2.819070851526));
#2722 = CARTESIAN_POINT('',(-2.30505790922,-0.353853445413,
    2.969511293906));
#2723 = CARTESIAN_POINT('',(-2.382482508762,-0.410349883602,
    3.144004113524));
#2724 = CARTESIAN_POINT('',(-2.475,-0.477859547921,3.3));
#2725 = CARTESIAN_POINT('',(-2.475,-0.955719095842,1.45));
#2726 = CARTESIAN_POINT('',(-2.382482508762,-0.820699767204,
    1.605995886476));
#2727 = CARTESIAN_POINT('',(-2.30505790922,-0.707706890827,
    1.780488706093));
#2728 = CARTESIAN_POINT('',(-2.210634062525,-0.569905441418,
    1.930929148474));
#2729 = CARTESIAN_POINT('',(-2.089365937475,-0.392927654727,2.375));
#2730 = CARTESIAN_POINT('',(-2.210634062525,-0.569905441418,
    2.819070851526));
#2731 = CARTESIAN_POINT('',(-2.30505790922,-0.707706890827,
    2.969511293906));
#2732 = CARTESIAN_POINT('',(-2.382482508762,-0.820699767204,
    3.144004113524));
#2733 = CARTESIAN_POINT('',(-2.475,-0.955719095842,3.3));
#2734 = CARTESIAN_POINT('',(-2.475,-1.433578643763,1.45));
#2735 = CARTESIAN_POINT('',(-2.382482508762,-1.231049650806,
    1.605995886476));
#2736 = CARTESIAN_POINT('',(-2.30505790922,-1.06156033624,1.780488706093
    ));
#2737 = CARTESIAN_POINT('',(-2.210634062525,-0.854858162128,
    1.930929148474));
#2738 = CARTESIAN_POINT('',(-2.089365937475,-0.589391482091,2.375));
#2739 = CARTESIAN_POINT('',(-2.210634062525,-0.854858162128,
    2.819070851526));
#2740 = CARTESIAN_POINT('',(-2.30505790922,-1.06156033624,2.969511293907
    ));
#2741 = CARTESIAN_POINT('',(-2.382482508762,-1.231049650806,
    3.144004113524));
#2742 = CARTESIAN_POINT('',(-2.475,-1.433578643763,3.3));
#2743 = ( GEOMETRIC_REPRESENTATION_CONTEXT(3) 
GLOBAL_UNCERTAINTY_ASSIGNED_CONTEXT((#2747)) 
GLOBAL_UNIT_ASSIGNED_CONTEXT((#2744,#2745,#2746)) REPRESENTATION_CONTEXT
('Context #1','3D Context with UNIT and UNCERTAINTY') );
#2744 = ( LENGTH_UNIT() NAMED_UNIT(*) SI_UNIT(.MILLI.,.METRE.) );
#2745 = ( NAMED_UNIT(*) PLANE_ANGLE_UNIT() SI_UNIT($,.RADIAN.) );
#2746 = ( NAMED_UNIT(*) SI_UNIT($,.STERADIAN.) SOLID_ANGLE_UNIT() );
#2747 = UNCERTAINTY_MEASURE_WITH_UNIT(LENGTH_MEASURE(1.E-07),#2744,
  'distance_accuracy_value','confusion accuracy');
#2748 = CONTEXT_DEPENDENT_SHAPE_REPRESENTATION(#2749,#2751);
#2749 = ( REPRESENTATION_RELATIONSHIP('','',#36,#10) 
REPRESENTATION_RELATIONSHIP_WITH_TRANSFORMATION(#2750) 
SHAPE_REPRESENTATION_RELATIONSHIP() );
#2750 = ITEM_DEFINED_TRANSFORMATION('','',#11,#15);
#2751 = PRODUCT_DEFINITION_SHAPE('Placement','Placement of an item',
  #2752);
#2752 = NEXT_ASSEMBLY_USAGE_OCCURRENCE('1','Body','',#5,#31,$);
#2753 = PRODUCT_RELATED_PRODUCT_CATEGORY('part',$,(#33));
#2754 = SHAPE_DEFINITION_REPRESENTATION(#2755,#2761);
#2755 = PRODUCT_DEFINITION_SHAPE('','',#2756);
#2756 = PRODUCT_DEFINITION('design','',#2757,#2760);
#2757 = PRODUCT_DEFINITION_FORMATION('','',#2758);
#2758 = PRODUCT('Terminals','Terminals','',(#2759));
#2759 = PRODUCT_CONTEXT('',#2,'mechanical');
#2760 = PRODUCT_DEFINITION_CONTEXT('part definition',#2,'design');
#2761 = SHAPE_REPRESENTATION('',(#11,#2762,#2912),#3062);
#2762 = MANIFOLD_SOLID_BREP('',#2763);
#2763 = CLOSED_SHELL('',(#2764,#2804,#2844,#2866,#2888,#2900));
#2764 = ADVANCED_FACE('',(#2765),#2799,.F.);
#2765 = FACE_BOUND('',#2766,.F.);
#2766 = EDGE_LOOP('',(#2767,#2777,#2785,#2793));
#2767 = ORIENTED_EDGE('',*,*,#2768,.F.);
#2768 = EDGE_CURVE('',#2769,#2771,#2773,.T.);
#2769 = VERTEX_POINT('',#2770);
#2770 = CARTESIAN_POINT('',(1.175,-2.1,0.));
#2771 = VERTEX_POINT('',#2772);
#2772 = CARTESIAN_POINT('',(1.175,-2.1,0.35));
#2773 = LINE('',#2774,#2775);
#2774 = CARTESIAN_POINT('',(1.175,-2.1,0.));
#2775 = VECTOR('',#2776,1.);
#2776 = DIRECTION('',(0.,0.,1.));
#2777 = ORIENTED_EDGE('',*,*,#2778,.T.);
#2778 = EDGE_CURVE('',#2769,#2779,#2781,.T.);
#2779 = VERTEX_POINT('',#2780);
#2780 = CARTESIAN_POINT('',(1.175,2.1,0.));
#2781 = LINE('',#2782,#2783);
#2782 = CARTESIAN_POINT('',(1.175,-2.1,0.));
#2783 = VECTOR('',#2784,1.);
#2784 = DIRECTION('',(-0.,1.,0.));
#2785 = ORIENTED_EDGE('',*,*,#2786,.T.);
#2786 = EDGE_CURVE('',#2779,#2787,#2789,.T.);
#2787 = VERTEX_POINT('',#2788);
#2788 = CARTESIAN_POINT('',(1.175,2.1,0.35));
#2789 = LINE('',#2790,#2791);
#2790 = CARTESIAN_POINT('',(1.175,2.1,0.));
#2791 = VECTOR('',#2792,1.);
#2792 = DIRECTION('',(0.,0.,1.));
#2793 = ORIENTED_EDGE('',*,*,#2794,.F.);
#2794 = EDGE_CURVE('',#2771,#2787,#2795,.T.);
#2795 = LINE('',#2796,#2797);
#2796 = CARTESIAN_POINT('',(1.175,-2.1,0.35));
#2797 = VECTOR('',#2798,1.);
#2798 = DIRECTION('',(-0.,1.,0.));
#2799 = PLANE('',#2800);
#2800 = AXIS2_PLACEMENT_3D('',#2801,#2802,#2803);
#2801 = CARTESIAN_POINT('',(1.175,-2.1,0.));
#2802 = DIRECTION('',(1.,0.,-0.));
#2803 = DIRECTION('',(0.,0.,1.));
#2804 = ADVANCED_FACE('',(#2805),#2839,.T.);
#2805 = FACE_BOUND('',#2806,.T.);
#2806 = EDGE_LOOP('',(#2807,#2817,#2825,#2833));
#2807 = ORIENTED_EDGE('',*,*,#2808,.F.);
#2808 = EDGE_CURVE('',#2809,#2811,#2813,.T.);
#2809 = VERTEX_POINT('',#2810);
#2810 = CARTESIAN_POINT('',(2.475,-2.1,0.));
#2811 = VERTEX_POINT('',#2812);
#2812 = CARTESIAN_POINT('',(2.475,-2.1,0.35));
#2813 = LINE('',#2814,#2815);
#2814 = CARTESIAN_POINT('',(2.475,-2.1,0.));
#2815 = VECTOR('',#2816,1.);
#2816 = DIRECTION('',(0.,0.,1.));
#2817 = ORIENTED_EDGE('',*,*,#2818,.T.);
#2818 = EDGE_CURVE('',#2809,#2819,#2821,.T.);
#2819 = VERTEX_POINT('',#2820);
#2820 = CARTESIAN_POINT('',(2.475,2.1,0.));
#2821 = LINE('',#2822,#2823);
#2822 = CARTESIAN_POINT('',(2.475,-2.1,0.));
#2823 = VECTOR('',#2824,1.);
#2824 = DIRECTION('',(-0.,1.,0.));
#2825 = ORIENTED_EDGE('',*,*,#2826,.T.);
#2826 = EDGE_CURVE('',#2819,#2827,#2829,.T.);
#2827 = VERTEX_POINT('',#2828);
#2828 = CARTESIAN_POINT('',(2.475,2.1,0.35));
#2829 = LINE('',#2830,#2831);
#2830 = CARTESIAN_POINT('',(2.475,2.1,0.));
#2831 = VECTOR('',#2832,1.);
#2832 = DIRECTION('',(0.,0.,1.));
#2833 = ORIENTED_EDGE('',*,*,#2834,.F.);
#2834 = EDGE_CURVE('',#2811,#2827,#2835,.T.);
#2835 = LINE('',#2836,#2837);
#2836 = CARTESIAN_POINT('',(2.475,-2.1,0.35));
#2837 = VECTOR('',#2838,1.);
#2838 = DIRECTION('',(-0.,1.,0.));
#2839 = PLANE('',#2840);
#2840 = AXIS2_PLACEMENT_3D('',#2841,#2842,#2843);
#2841 = CARTESIAN_POINT('',(2.475,-2.1,0.));
#2842 = DIRECTION('',(1.,0.,-0.));
#2843 = DIRECTION('',(0.,0.,1.));
#2844 = ADVANCED_FACE('',(#2845),#2861,.F.);
#2845 = FACE_BOUND('',#2846,.F.);
#2846 = EDGE_LOOP('',(#2847,#2853,#2854,#2860));
#2847 = ORIENTED_EDGE('',*,*,#2848,.F.);
#2848 = EDGE_CURVE('',#2769,#2809,#2849,.T.);
#2849 = LINE('',#2850,#2851);
#2850 = CARTESIAN_POINT('',(1.175,-2.1,0.));
#2851 = VECTOR('',#2852,1.);
#2852 = DIRECTION('',(1.,0.,-0.));
#2853 = ORIENTED_EDGE('',*,*,#2768,.T.);
#2854 = ORIENTED_EDGE('',*,*,#2855,.T.);
#2855 = EDGE_CURVE('',#2771,#2811,#2856,.T.);
#2856 = LINE('',#2857,#2858);
#2857 = CARTESIAN_POINT('',(1.175,-2.1,0.35));
#2858 = VECTOR('',#2859,1.);
#2859 = DIRECTION('',(1.,0.,-0.));
#2860 = ORIENTED_EDGE('',*,*,#2808,.F.);
#2861 = PLANE('',#2862);
#2862 = AXIS2_PLACEMENT_3D('',#2863,#2864,#2865);
#2863 = CARTESIAN_POINT('',(1.175,-2.1,0.));
#2864 = DIRECTION('',(-0.,1.,0.));
#2865 = DIRECTION('',(0.,0.,1.));
#2866 = ADVANCED_FACE('',(#2867),#2883,.T.);
#2867 = FACE_BOUND('',#2868,.T.);
#2868 = EDGE_LOOP('',(#2869,#2875,#2876,#2882));
#2869 = ORIENTED_EDGE('',*,*,#2870,.F.);
#2870 = EDGE_CURVE('',#2779,#2819,#2871,.T.);
#2871 = LINE('',#2872,#2873);
#2872 = CARTESIAN_POINT('',(1.175,2.1,0.));
#2873 = VECTOR('',#2874,1.);
#2874 = DIRECTION('',(1.,0.,-0.));
#2875 = ORIENTED_EDGE('',*,*,#2786,.T.);
#2876 = ORIENTED_EDGE('',*,*,#2877,.T.);
#2877 = EDGE_CURVE('',#2787,#2827,#2878,.T.);
#2878 = LINE('',#2879,#2880);
#2879 = CARTESIAN_POINT('',(1.175,2.1,0.35));
#2880 = VECTOR('',#2881,1.);
#2881 = DIRECTION('',(1.,0.,-0.));
#2882 = ORIENTED_EDGE('',*,*,#2826,.F.);
#2883 = PLANE('',#2884);
#2884 = AXIS2_PLACEMENT_3D('',#2885,#2886,#2887);
#2885 = CARTESIAN_POINT('',(1.175,2.1,0.));
#2886 = DIRECTION('',(-0.,1.,0.));
#2887 = DIRECTION('',(0.,0.,1.));
#2888 = ADVANCED_FACE('',(#2889),#2895,.F.);
#2889 = FACE_BOUND('',#2890,.F.);
#2890 = EDGE_LOOP('',(#2891,#2892,#2893,#2894));
#2891 = ORIENTED_EDGE('',*,*,#2778,.F.);
#2892 = ORIENTED_EDGE('',*,*,#2848,.T.);
#2893 = ORIENTED_EDGE('',*,*,#2818,.T.);
#2894 = ORIENTED_EDGE('',*,*,#2870,.F.);
#2895 = PLANE('',#2896);
#2896 = AXIS2_PLACEMENT_3D('',#2897,#2898,#2899);
#2897 = CARTESIAN_POINT('',(1.175,-2.1,0.));
#2898 = DIRECTION('',(0.,0.,1.));
#2899 = DIRECTION('',(1.,0.,-0.));
#2900 = ADVANCED_FACE('',(#2901),#2907,.T.);
#2901 = FACE_BOUND('',#2902,.T.);
#2902 = EDGE_LOOP('',(#2903,#2904,#2905,#2906));
#2903 = ORIENTED_EDGE('',*,*,#2794,.F.);
#2904 = ORIENTED_EDGE('',*,*,#2855,.T.);
#2905 = ORIENTED_EDGE('',*,*,#2834,.T.);
#2906 = ORIENTED_EDGE('',*,*,#2877,.F.);
#2907 = PLANE('',#2908);
#2908 = AXIS2_PLACEMENT_3D('',#2909,#2910,#2911);
#2909 = CARTESIAN_POINT('',(1.175,-2.1,0.35));
#2910 = DIRECTION('',(0.,0.,1.));
#2911 = DIRECTION('',(1.,0.,-0.));
#2912 = MANIFOLD_SOLID_BREP('',#2913);
#2913 = CLOSED_SHELL('',(#2914,#2954,#2994,#3016,#3038,#3050));
#2914 = ADVANCED_FACE('',(#2915),#2949,.F.);
#2915 = FACE_BOUND('',#2916,.F.);
#2916 = EDGE_LOOP('',(#2917,#2927,#2935,#2943));
#2917 = ORIENTED_EDGE('',*,*,#2918,.F.);
#2918 = EDGE_CURVE('',#2919,#2921,#2923,.T.);
#2919 = VERTEX_POINT('',#2920);
#2920 = CARTESIAN_POINT('',(-2.475,-2.1,0.));
#2921 = VERTEX_POINT('',#2922);
#2922 = CARTESIAN_POINT('',(-2.475,-2.1,0.35));
#2923 = LINE('',#2924,#2925);
#2924 = CARTESIAN_POINT('',(-2.475,-2.1,0.));
#2925 = VECTOR('',#2926,1.);
#2926 = DIRECTION('',(0.,0.,1.));
#2927 = ORIENTED_EDGE('',*,*,#2928,.T.);
#2928 = EDGE_CURVE('',#2919,#2929,#2931,.T.);
#2929 = VERTEX_POINT('',#2930);
#2930 = CARTESIAN_POINT('',(-2.475,2.1,0.));
#2931 = LINE('',#2932,#2933);
#2932 = CARTESIAN_POINT('',(-2.475,-2.1,0.));
#2933 = VECTOR('',#2934,1.);
#2934 = DIRECTION('',(-0.,1.,0.));
#2935 = ORIENTED_EDGE('',*,*,#2936,.T.);
#2936 = EDGE_CURVE('',#2929,#2937,#2939,.T.);
#2937 = VERTEX_POINT('',#2938);
#2938 = CARTESIAN_POINT('',(-2.475,2.1,0.35));
#2939 = LINE('',#2940,#2941);
#2940 = CARTESIAN_POINT('',(-2.475,2.1,0.));
#2941 = VECTOR('',#2942,1.);
#2942 = DIRECTION('',(0.,0.,1.));
#2943 = ORIENTED_EDGE('',*,*,#2944,.F.);
#2944 = EDGE_CURVE('',#2921,#2937,#2945,.T.);
#2945 = LINE('',#2946,#2947);
#2946 = CARTESIAN_POINT('',(-2.475,-2.1,0.35));
#2947 = VECTOR('',#2948,1.);
#2948 = DIRECTION('',(-0.,1.,0.));
#2949 = PLANE('',#2950);
#2950 = AXIS2_PLACEMENT_3D('',#2951,#2952,#2953);
#2951 = CARTESIAN_POINT('',(-2.475,-2.1,0.));
#2952 = DIRECTION('',(1.,0.,-0.));
#2953 = DIRECTION('',(0.,0.,1.));
#2954 = ADVANCED_FACE('',(#2955),#2989,.T.);
#2955 = FACE_BOUND('',#2956,.T.);
#2956 = EDGE_LOOP('',(#2957,#2967,#2975,#2983));
#2957 = ORIENTED_EDGE('',*,*,#2958,.F.);
#2958 = EDGE_CURVE('',#2959,#2961,#2963,.T.);
#2959 = VERTEX_POINT('',#2960);
#2960 = CARTESIAN_POINT('',(-1.175,-2.1,0.));
#2961 = VERTEX_POINT('',#2962);
#2962 = CARTESIAN_POINT('',(-1.175,-2.1,0.35));
#2963 = LINE('',#2964,#2965);
#2964 = CARTESIAN_POINT('',(-1.175,-2.1,0.));
#2965 = VECTOR('',#2966,1.);
#2966 = DIRECTION('',(0.,0.,1.));
#2967 = ORIENTED_EDGE('',*,*,#2968,.T.);
#2968 = EDGE_CURVE('',#2959,#2969,#2971,.T.);
#2969 = VERTEX_POINT('',#2970);
#2970 = CARTESIAN_POINT('',(-1.175,2.1,0.));
#2971 = LINE('',#2972,#2973);
#2972 = CARTESIAN_POINT('',(-1.175,-2.1,0.));
#2973 = VECTOR('',#2974,1.);
#2974 = DIRECTION('',(-0.,1.,0.));
#2975 = ORIENTED_EDGE('',*,*,#2976,.T.);
#2976 = EDGE_CURVE('',#2969,#2977,#2979,.T.);
#2977 = VERTEX_POINT('',#2978);
#2978 = CARTESIAN_POINT('',(-1.175,2.1,0.35));
#2979 = LINE('',#2980,#2981);
#2980 = CARTESIAN_POINT('',(-1.175,2.1,0.));
#2981 = VECTOR('',#2982,1.);
#2982 = DIRECTION('',(0.,0.,1.));
#2983 = ORIENTED_EDGE('',*,*,#2984,.F.);
#2984 = EDGE_CURVE('',#2961,#2977,#2985,.T.);
#2985 = LINE('',#2986,#2987);
#2986 = CARTESIAN_POINT('',(-1.175,-2.1,0.35));
#2987 = VECTOR('',#2988,1.);
#2988 = DIRECTION('',(-0.,1.,0.));
#2989 = PLANE('',#2990);
#2990 = AXIS2_PLACEMENT_3D('',#2991,#2992,#2993);
#2991 = CARTESIAN_POINT('',(-1.175,-2.1,0.));
#2992 = DIRECTION('',(1.,0.,-0.));
#2993 = DIRECTION('',(0.,0.,1.));
#2994 = ADVANCED_FACE('',(#2995),#3011,.F.);
#2995 = FACE_BOUND('',#2996,.F.);
#2996 = EDGE_LOOP('',(#2997,#3003,#3004,#3010));
#2997 = ORIENTED_EDGE('',*,*,#2998,.F.);
#2998 = EDGE_CURVE('',#2919,#2959,#2999,.T.);
#2999 = LINE('',#3000,#3001);
#3000 = CARTESIAN_POINT('',(-2.475,-2.1,0.));
#3001 = VECTOR('',#3002,1.);
#3002 = DIRECTION('',(1.,0.,-0.));
#3003 = ORIENTED_EDGE('',*,*,#2918,.T.);
#3004 = ORIENTED_EDGE('',*,*,#3005,.T.);
#3005 = EDGE_CURVE('',#2921,#2961,#3006,.T.);
#3006 = LINE('',#3007,#3008);
#3007 = CARTESIAN_POINT('',(-2.475,-2.1,0.35));
#3008 = VECTOR('',#3009,1.);
#3009 = DIRECTION('',(1.,0.,-0.));
#3010 = ORIENTED_EDGE('',*,*,#2958,.F.);
#3011 = PLANE('',#3012);
#3012 = AXIS2_PLACEMENT_3D('',#3013,#3014,#3015);
#3013 = CARTESIAN_POINT('',(-2.475,-2.1,0.));
#3014 = DIRECTION('',(-0.,1.,0.));
#3015 = DIRECTION('',(0.,0.,1.));
#3016 = ADVANCED_FACE('',(#3017),#3033,.T.);
#3017 = FACE_BOUND('',#3018,.T.);
#3018 = EDGE_LOOP('',(#3019,#3025,#3026,#3032));
#3019 = ORIENTED_EDGE('',*,*,#3020,.F.);
#3020 = EDGE_CURVE('',#2929,#2969,#3021,.T.);
#3021 = LINE('',#3022,#3023);
#3022 = CARTESIAN_POINT('',(-2.475,2.1,0.));
#3023 = VECTOR('',#3024,1.);
#3024 = DIRECTION('',(1.,0.,-0.));
#3025 = ORIENTED_EDGE('',*,*,#2936,.T.);
#3026 = ORIENTED_EDGE('',*,*,#3027,.T.);
#3027 = EDGE_CURVE('',#2937,#2977,#3028,.T.);
#3028 = LINE('',#3029,#3030);
#3029 = CARTESIAN_POINT('',(-2.475,2.1,0.35));
#3030 = VECTOR('',#3031,1.);
#3031 = DIRECTION('',(1.,0.,-0.));
#3032 = ORIENTED_EDGE('',*,*,#2976,.F.);
#3033 = PLANE('',#3034);
#3034 = AXIS2_PLACEMENT_3D('',#3035,#3036,#3037);
#3035 = CARTESIAN_POINT('',(-2.475,2.1,0.));
#3036 = DIRECTION('',(-0.,1.,0.));
#3037 = DIRECTION('',(0.,0.,1.));
#3038 = ADVANCED_FACE('',(#3039),#3045,.F.);
#3039 = FACE_BOUND('',#3040,.F.);
#3040 = EDGE_LOOP('',(#3041,#3042,#3043,#3044));
#3041 = ORIENTED_EDGE('',*,*,#2928,.F.);
#3042 = ORIENTED_EDGE('',*,*,#2998,.T.);
#3043 = ORIENTED_EDGE('',*,*,#2968,.T.);
#3044 = ORIENTED_EDGE('',*,*,#3020,.F.);
#3045 = PLANE('',#3046);
#3046 = AXIS2_PLACEMENT_3D('',#3047,#3048,#3049);
#3047 = CARTESIAN_POINT('',(-2.475,-2.1,0.));
#3048 = DIRECTION('',(0.,0.,1.));
#3049 = DIRECTION('',(1.,0.,-0.));
#3050 = ADVANCED_FACE('',(#3051),#3057,.T.);
#3051 = FACE_BOUND('',#3052,.T.);
#3052 = EDGE_LOOP('',(#3053,#3054,#3055,#3056));
#3053 = ORIENTED_EDGE('',*,*,#2944,.F.);
#3054 = ORIENTED_EDGE('',*,*,#3005,.T.);
#3055 = ORIENTED_EDGE('',*,*,#2984,.T.);
#3056 = ORIENTED_EDGE('',*,*,#3027,.F.);
#3057 = PLANE('',#3058);
#3058 = AXIS2_PLACEMENT_3D('',#3059,#3060,#3061);
#3059 = CARTESIAN_POINT('',(-2.475,-2.1,0.35));
#3060 = DIRECTION('',(0.,0.,1.));
#3061 = DIRECTION('',(1.,0.,-0.));
#3062 = ( GEOMETRIC_REPRESENTATION_CONTEXT(3) 
GLOBAL_UNCERTAINTY_ASSIGNED_CONTEXT((#3066)) 
GLOBAL_UNIT_ASSIGNED_CONTEXT((#3063,#3064,#3065)) REPRESENTATION_CONTEXT
('Context #1','3D Context with UNIT and UNCERTAINTY') );
#3063 = ( LENGTH_UNIT() NAMED_UNIT(*) SI_UNIT(.MILLI.,.METRE.) );
#3064 = ( NAMED_UNIT(*) PLANE_ANGLE_UNIT() SI_UNIT($,.RADIAN.) );
#3065 = ( NAMED_UNIT(*) SI_UNIT($,.STERADIAN.) SOLID_ANGLE_UNIT() );
#3066 = UNCERTAINTY_MEASURE_WITH_UNIT(LENGTH_MEASURE(1.E-07),#3063,
  'distance_accuracy_value','confusion accuracy');
#3067 = CONTEXT_DEPENDENT_SHAPE_REPRESENTATION(#3068,#3070);
#3068 = ( REPRESENTATION_RELATIONSHIP('','',#2761,#10) 
REPRESENTATION_RELATIONSHIP_WITH_TRANSFORMATION(#3069) 
SHAPE_REPRESENTATION_RELATIONSHIP() );
#3069 = ITEM_DEFINED_TRANSFORMATION('','',#11,#19);
#3070 = PRODUCT_DEFINITION_SHAPE('Placement','Placement of an item',
  #3071);
#3071 = NEXT_ASSEMBLY_USAGE_OCCURRENCE('2','Terminals','',#5,#2756,$);
#3072 = PRODUCT_RELATED_PRODUCT_CATEGORY('part',$,(#2758));
#3073 = MECHANICAL_DESIGN_GEOMETRIC_PRESENTATION_REPRESENTATION('',(
    #3074,#3085),#3062);
#3074 = STYLED_ITEM('color',(#3075),#2762);
#3075 = PRESENTATION_STYLE_ASSIGNMENT((#3076,#3082));
#3076 = SURFACE_STYLE_USAGE(.BOTH.,#3077);
#3077 = SURFACE_SIDE_STYLE('',(#3078));
#3078 = SURFACE_STYLE_FILL_AREA(#3079);
#3079 = FILL_AREA_STYLE('',(#3080));
#3080 = FILL_AREA_STYLE_COLOUR('',#3081);
#3081 = COLOUR_RGB('',0.823999987314,0.819999987296,0.781000009244);
#3082 = CURVE_STYLE('',#3083,POSITIVE_LENGTH_MEASURE(0.1),#3084);
#3083 = DRAUGHTING_PRE_DEFINED_CURVE_FONT('continuous');
#3084 = COLOUR_RGB('',9.803921802644E-02,9.803921802644E-02,
  9.803921802644E-02);
#3085 = STYLED_ITEM('color',(#3086),#2912);
#3086 = PRESENTATION_STYLE_ASSIGNMENT((#3087,#3092));
#3087 = SURFACE_STYLE_USAGE(.BOTH.,#3088);
#3088 = SURFACE_SIDE_STYLE('',(#3089));
#3089 = SURFACE_STYLE_FILL_AREA(#3090);
#3090 = FILL_AREA_STYLE('',(#3091));
#3091 = FILL_AREA_STYLE_COLOUR('',#3081);
#3092 = CURVE_STYLE('',#3093,POSITIVE_LENGTH_MEASURE(0.1),#3084);
#3093 = DRAUGHTING_PRE_DEFINED_CURVE_FONT('continuous');
#3094 = MECHANICAL_DESIGN_GEOMETRIC_PRESENTATION_REPRESENTATION('',(
    #3095,#3105),#2743);
#3095 = STYLED_ITEM('color',(#3096),#37);
#3096 = PRESENTATION_STYLE_ASSIGNMENT((#3097,#3103));
#3097 = SURFACE_STYLE_USAGE(.BOTH.,#3098);
#3098 = SURFACE_SIDE_STYLE('',(#3099));
#3099 = SURFACE_STYLE_FILL_AREA(#3100);
#3100 = FILL_AREA_STYLE('',(#3101));
#3101 = FILL_AREA_STYLE_COLOUR('',#3102);
#3102 = COLOUR_RGB('',0.139999997847,0.109999998779,9.999999991362E-02);
#3103 = CURVE_STYLE('',#3104,POSITIVE_LENGTH_MEASURE(0.1),#3084);
#3104 = DRAUGHTING_PRE_DEFINED_CURVE_FONT('continuous');
#3105 = OVER_RIDING_STYLED_ITEM('overriding color',(#3106),#1951,#3095);
#3106 = PRESENTATION_STYLE_ASSIGNMENT((#3107));
#3107 = SURFACE_STYLE_USAGE(.BOTH.,#3108);
#3108 = SURFACE_SIDE_STYLE('',(#3109));
#3109 = SURFACE_STYLE_FILL_AREA(#3110);
#3110 = FILL_AREA_STYLE('',(#3111));
#3111 = FILL_AREA_STYLE_COLOUR('',#3112);
#3112 = COLOUR_RGB('',0.28999998818,0.270000008848,0.250000000672);
ENDSEC;
END-ISO-10303-21;
