ISO-10303-21;
HEADER;
FILE_DESCRIPTION (( 'STEP AP214' ),
    '1' );
FILE_NAME ('Assem4 - Copy.STEP',
    '2021-06-03T09:25:11',
    ( '' ),
    ( '' ),
    'SwSTEP 2.0',
    'SolidWorks 2018',
    '' );
FILE_SCHEMA (( 'AUTOMOTIVE_DESIGN' ));
ENDSEC;

DATA;
#1 = SURFACE_STYLE_FILL_AREA ( #4097 ) ;
#2 = DIRECTION ( 'NONE',  ( 0.000000000000000000, -1.000000000000000000, 0.000000000000000000 ) ) ;
#3 = COLOUR_RGB ( '',1.000000000000000000, 1.000000000000000000, 1.000000000000000000 ) ;
#4 = EDGE_LOOP ( 'NONE', ( #5499, #5146, #1187, #610 ) ) ;
#5 = LINE ( 'NONE', #621, #5220 ) ;
#6 = CARTESIAN_POINT ( 'NONE',  ( 0.3999999999999999667, 0.1499999999999999944, 1.500000000000000000 ) ) ;
#7 = DIRECTION ( 'NONE',  ( -1.000000000000000000, 0.000000000000000000, 0.000000000000000000 ) ) ;
#8 = LINE ( 'NONE', #2931, #3887 ) ;
#9 = EDGE_CURVE ( 'NONE', #4480, #3148, #6125, .T. ) ;
#10 = SURFACE_SIDE_STYLE ('',( #5512 ) ) ;
#11 = ORIENTED_EDGE ( 'NONE', *, *, #4788, .F. ) ;
#12 = VECTOR ( 'NONE', #2732, 1000.000000000000000 ) ;
#13 = CARTESIAN_POINT ( 'NONE',  ( -0.5999999999999999778, -0.05000000000000000278, 1.500000000000000000 ) ) ;
#14 = VECTOR ( 'NONE', #3859, 1000.000000000000000 ) ;
#15 = DIRECTION ( 'NONE',  ( 1.000000000000000000, 0.000000000000000000, 0.000000000000000000 ) ) ;
#16 = ORIENTED_EDGE ( 'NONE', *, *, #5152, .T. ) ;
#17 = EDGE_LOOP ( 'NONE', ( #1150, #91, #3275, #5085 ) ) ;
#18 = VERTEX_POINT ( 'NONE', #4354 ) ;
#19 = DIRECTION ( 'NONE',  ( 0.000000000000000000, -0.000000000000000000, -1.000000000000000000 ) ) ;
#20 = EDGE_CURVE ( 'NONE', #867, #5908, #5090, .T. ) ;
#21 = DIRECTION ( 'NONE',  ( -0.000000000000000000, 0.000000000000000000, 1.000000000000000000 ) ) ;
#22 = ADVANCED_FACE ( 'NONE', ( #3659 ), #4901, .T. ) ;
#23 = DIRECTION ( 'NONE',  ( 0.000000000000000000, 0.000000000000000000, -1.000000000000000000 ) ) ;
#24 =( NAMED_UNIT ( * ) PLANE_ANGLE_UNIT ( ) SI_UNIT ( $, .RADIAN. ) );
#25 = CARTESIAN_POINT ( 'NONE',  ( -0.8499999999999999778, 0.1499999999999999944, -0.8750000000000000000 ) ) ;
#26 = ORIENTED_EDGE ( 'NONE', *, *, #278, .F. ) ;
#27 = STYLED_ITEM ( 'NONE', ( #6142 ), #5384 ) ;
#28 = VECTOR ( 'NONE', #6038, 1000.000000000000000 ) ;
#29 = CARTESIAN_POINT ( 'NONE',  ( 0.2749999999999999667, 0.1499999999999999944, -1.100000000000000089 ) ) ;
#30 = STYLED_ITEM ( 'NONE', ( #4987 ), #2252 ) ;
#31 = VECTOR ( 'NONE', #649, 1000.000000000000000 ) ;
#32 = EDGE_CURVE ( 'NONE', #3770, #4125, #4776, .T. ) ;
#33 = LINE ( 'NONE', #3660, #4778 ) ;
#34 = CARTESIAN_POINT ( 'NONE',  ( 1.250000000000000000, 0.1499999999999999944, -0.1250000000000000000 ) ) ;
#35 = VERTEX_POINT ( 'NONE', #1451 ) ;
#36 = DIRECTION ( 'NONE',  ( 0.000000000000000000, 0.000000000000000000, -1.000000000000000000 ) ) ;
#37 = CARTESIAN_POINT ( 'NONE',  ( -0.8499999999999999778, -0.000000000000000000, -0.8750000000000000000 ) ) ;
#38 = ORIENTED_EDGE ( 'NONE', *, *, #6060, .T. ) ;
#39 = MECHANICAL_DESIGN_GEOMETRIC_PRESENTATION_REPRESENTATION (  '', ( #5673 ), #382 ) ;
#40 = EDGE_CURVE ( 'NONE', #1830, #1145, #5482, .T. ) ;
#41 = DIRECTION ( 'NONE',  ( 1.000000000000000000, 0.000000000000000000, 0.000000000000000000 ) ) ;
#42 = PRESENTATION_LAYER_ASSIGNMENT (  '', '', ( #4997 ) ) ;
#43 =( NAMED_UNIT ( * ) PLANE_ANGLE_UNIT ( ) SI_UNIT ( $, .RADIAN. ) );
#44 = ORIENTED_EDGE ( 'NONE', *, *, #4068, .T. ) ;
#45 = FILL_AREA_STYLE ('',( #4415 ) ) ;
#46 = DIRECTION ( 'NONE',  ( -1.000000000000000000, 0.000000000000000000, 0.000000000000000000 ) ) ;
#47 = ORIENTED_EDGE ( 'NONE', *, *, #5439, .F. ) ;
#48 = STYLED_ITEM ( 'NONE', ( #543 ), #3271 ) ;
#49 = ORIENTED_EDGE ( 'NONE', *, *, #505, .F. ) ;
#50 =( LENGTH_UNIT ( ) NAMED_UNIT ( * ) SI_UNIT ( .MILLI., .METRE. ) );
#51 = STYLED_ITEM ( 'NONE', ( #1832 ), #5681 ) ;
#52 = ORIENTED_EDGE ( 'NONE', *, *, #2291, .T. ) ;
#53 = FILL_AREA_STYLE_COLOUR ( '', #1359 ) ;
#54 = VERTEX_POINT ( 'NONE', #2495 ) ;
#55 = DIRECTION ( 'NONE',  ( 1.000000000000000000, -0.000000000000000000, -0.000000000000000000 ) ) ;
#56 = SURFACE_STYLE_USAGE ( .BOTH. , #3115 ) ;
#57 =( NAMED_UNIT ( * ) SI_UNIT ( $, .STERADIAN. ) SOLID_ANGLE_UNIT ( ) );
#58 = PRESENTATION_STYLE_ASSIGNMENT (( #3716 ) ) ;
#59 = FILL_AREA_STYLE ('',( #1059 ) ) ;
#60 = ADVANCED_FACE ( 'NONE', ( #5245 ), #2430, .F. ) ;
#61 = SURFACE_SIDE_STYLE ('',( #5081 ) ) ;
#62 = PLANE ( 'NONE',  #5385 ) ;
#63 = ORIENTED_EDGE ( 'NONE', *, *, #2820, .F. ) ;
#64 = STYLED_ITEM ( 'NONE', ( #162 ), #2279 ) ;
#65 = EDGE_CURVE ( 'NONE', #4495, #2967, #4469, .T. ) ;
#66 = FACE_OUTER_BOUND ( 'NONE', #471, .T. ) ;
#67 = PRODUCT_DEFINITION_FORMATION_WITH_SPECIFIED_SOURCE ( 'ANY', '', #2620, .NOT_KNOWN. ) ;
#68 = PLANE ( 'NONE',  #2564 ) ;
#69 = CARTESIAN_POINT ( 'NONE',  ( -0.8499999999999999778, -0.05000000000000000278, -0.6250000000000000000 ) ) ;
#70 = UNCERTAINTY_MEASURE_WITH_UNIT (LENGTH_MEASURE( 1.000000000000000082E-05 ), #3984, 'distance_accuracy_value', 'NONE');
#71 = PRESENTATION_LAYER_ASSIGNMENT (  '', '', ( #3252 ) ) ;
#72 = FILL_AREA_STYLE ('',( #53 ) ) ;
#73 = FACE_OUTER_BOUND ( 'NONE', #4621, .T. ) ;
#74 = DIRECTION ( 'NONE',  ( 0.000000000000000000, 0.000000000000000000, -1.000000000000000000 ) ) ;
#75 = COLOUR_RGB ( '',1.000000000000000000, 1.000000000000000000, 1.000000000000000000 ) ;
#76 = ORIENTED_EDGE ( 'NONE', *, *, #3395, .F. ) ;
#77 = LINE ( 'NONE', #1756, #3092 ) ;
#78 = ADVANCED_FACE ( 'NONE', ( #3986 ), #440, .F. ) ;
#79 = DIRECTION ( 'NONE',  ( 0.000000000000000000, 0.000000000000000000, 1.000000000000000000 ) ) ;
#80 = LINE ( 'NONE', #3264, #876 ) ;
#81 = VERTEX_POINT ( 'NONE', #3415 ) ;
#82 = CARTESIAN_POINT ( 'NONE',  ( 0.6500000000000000222, 0.1499999999999999944, 1.500000000000000000 ) ) ;
#83 = STYLED_ITEM ( 'NONE', ( #5620 ), #636 ) ;
#84 = CARTESIAN_POINT ( 'NONE',  ( -0.5999999999999999778, -0.05000000000000000278, -1.500000000000000000 ) ) ;
#85 = DIRECTION ( 'NONE',  ( 1.000000000000000000, 0.000000000000000000, 0.000000000000000000 ) ) ;
#86 = EDGE_LOOP ( 'NONE', ( #6064, #1273, #6026, #587 ) ) ;
#87 = DIRECTION ( 'NONE',  ( 0.000000000000000000, 0.000000000000000000, -1.000000000000000000 ) ) ;
#88 = ORIENTED_EDGE ( 'NONE', *, *, #3082, .F. ) ;
#89 = LINE ( 'NONE', #3262, #5951 ) ;
#90 = LINE ( 'NONE', #5333, #958 ) ;
#91 = ORIENTED_EDGE ( 'NONE', *, *, #1385, .T. ) ;
#92 = EDGE_LOOP ( 'NONE', ( #569, #1965, #765, #5709 ) ) ;
#93 = CARTESIAN_POINT ( 'NONE',  ( 0.6500000000000000222, 0.1499999999999999944, 1.350000000000000089 ) ) ;
#94 = CARTESIAN_POINT ( 'NONE',  ( -0.8499999999999999778, -0.05000000000000000278, -0.6250000000000000000 ) ) ;
#95 = SURFACE_STYLE_USAGE ( .BOTH. , #122 ) ;
#96 = ADVANCED_FACE ( 'NONE', ( #2054 ), #6525, .T. ) ;
#97 = COLOUR_RGB ( '',0.7921568627450980005, 0.8196078431372548767, 0.9333333333333333481 ) ;
#98 = EDGE_CURVE ( 'NONE', #2851, #5630, #1737, .T. ) ;
#99 = LINE ( 'NONE', #1124, #3559 ) ;
#100 = EDGE_CURVE ( 'NONE', #3881, #1211, #506, .T. ) ;
#101 = VECTOR ( 'NONE', #406, 1000.000000000000000 ) ;
#102 = ORIENTED_EDGE ( 'NONE', *, *, #5743, .T. ) ;
#103 = ORIENTED_EDGE ( 'NONE', *, *, #362, .F. ) ;
#104 = AXIS2_PLACEMENT_3D ( 'NONE', #5617, #3646, #5644 ) ;
#105 = CARTESIAN_POINT ( 'NONE',  ( -0.3499999999999999778, -0.000000000000000000, -1.500000000000000000 ) ) ;
#106 = VECTOR ( 'NONE', #3410, 1000.000000000000000 ) ;
#107 = PLANE ( 'NONE',  #1838 ) ;
#108 = VECTOR ( 'NONE', #5717, 1000.000000000000000 ) ;
#109 = ORIENTED_EDGE ( 'NONE', *, *, #5242, .F. ) ;
#110 = STYLED_ITEM ( 'NONE', ( #271 ), #1398 ) ;
#111 = ORIENTED_EDGE ( 'NONE', *, *, #3703, .F. ) ;
#112 = EDGE_CURVE ( 'NONE', #2547, #5030, #4934, .T. ) ;
#113 = CARTESIAN_POINT ( 'NONE',  ( 0.6500000000000000222, 0.000000000000000000, -1.500000000000000000 ) ) ;
#114 =( LENGTH_UNIT ( ) NAMED_UNIT ( * ) SI_UNIT ( .MILLI., .METRE. ) );
#115 = DIRECTION ( 'NONE',  ( 3.614007241618349264E-16, 0.000000000000000000, -1.000000000000000000 ) ) ;
#116 = LINE ( 'NONE', #5204, #274 ) ;
#117 =( LENGTH_UNIT ( ) NAMED_UNIT ( * ) SI_UNIT ( .MILLI., .METRE. ) );
#118 = FACE_OUTER_BOUND ( 'NONE', #5897, .T. ) ;
#119 = ORIENTED_EDGE ( 'NONE', *, *, #5433, .T. ) ;
#120 = EDGE_CURVE ( 'NONE', #18, #6365, #2131, .T. ) ;
#121 = AXIS2_PLACEMENT_3D ( 'NONE', #937, #4023, #1503 ) ;
#123 = LINE ( 'NONE', #4838, #2143 ) ;
#122 = SURFACE_SIDE_STYLE ('',( #4848 ) ) ;
#124 = ORIENTED_EDGE ( 'NONE', *, *, #6011, .F. ) ;
#125 = LINE ( 'NONE', #3711, #3761 ) ;
#126 = CARTESIAN_POINT ( 'NONE',  ( 1.250000000000000000, -0.05000000000000000278, 0.1250000000000000000 ) ) ;
#127 = PRESENTATION_STYLE_ASSIGNMENT (( #6249 ) ) ;
#128 = VERTEX_POINT ( 'NONE', #5567 ) ;
#129 = ADVANCED_FACE ( 'NONE', ( #4067 ), #4120, .F. ) ;
#130 = VERTEX_POINT ( 'NONE', #4142 ) ;
#131 = PRESENTATION_LAYER_ASSIGNMENT (  '', '', ( #4579 ) ) ;
#132 = DIRECTION ( 'NONE',  ( -0.000000000000000000, 0.000000000000000000, 1.000000000000000000 ) ) ;
#133 = ORIENTED_EDGE ( 'NONE', *, *, #2291, .F. ) ;
#134 = FILL_AREA_STYLE_COLOUR ( '', #6497 ) ;
#135 = ORIENTED_EDGE ( 'NONE', *, *, #4632, .T. ) ;
#136 = SURFACE_STYLE_USAGE ( .BOTH. , #6156 ) ;
#137 = FACE_OUTER_BOUND ( 'NONE', #1813, .T. ) ;
#138 = VECTOR ( 'NONE', #2982, 1000.000000000000000 ) ;
#139 = AXIS2_PLACEMENT_3D ( 'NONE', #3801, #1854, #1766 ) ;
#140 = ORIENTED_EDGE ( 'NONE', *, *, #2530, .T. ) ;
#141 = CARTESIAN_POINT ( 'NONE',  ( -0.8499999999999999778, 0.1499999999999999944, 1.500000000000000000 ) ) ;
#142 = CARTESIAN_POINT ( 'NONE',  ( 1.250000000000000000, 0.9499999999999999556, 1.500000000000000000 ) ) ;
#143 = AXIS2_PLACEMENT_3D ( 'NONE', #3503, #6438, #1401 ) ;
#144 = FILL_AREA_STYLE ('',( #2094 ) ) ;
#145 = AXIS2_PLACEMENT_3D ( 'NONE', #4288, #2170, #792 ) ;
#146 = EDGE_CURVE ( 'NONE', #635, #1840, #264, .T. ) ;
#147 = ADVANCED_FACE ( 'NONE', ( #3342 ), #3567, .F. ) ;
#148 = CARTESIAN_POINT ( 'NONE',  ( 0.9000000000000000222, -0.05000000000000000278, -1.224999999999999867 ) ) ;
#149 = DIRECTION ( 'NONE',  ( 0.000000000000000000, 0.000000000000000000, 1.000000000000000000 ) ) ;
#150 =( LENGTH_UNIT ( ) NAMED_UNIT ( * ) SI_UNIT ( .MILLI., .METRE. ) );
#151 = FILL_AREA_STYLE_COLOUR ( '', #4381 ) ;
#152 = DIRECTION ( 'NONE',  ( 0.000000000000000000, 0.000000000000000000, -1.000000000000000000 ) ) ;
#153 = LINE ( 'NONE', #871, #4733 ) ;
#154 = ORIENTED_EDGE ( 'NONE', *, *, #6384, .T. ) ;
#155 = AXIS2_PLACEMENT_3D ( 'NONE', #427, #4482, #2907 ) ;
#156 = EDGE_CURVE ( 'NONE', #457, #5135, #4221, .T. ) ;
#157 = VECTOR ( 'NONE', #2352, 1000.000000000000000 ) ;
#158 = VECTOR ( 'NONE', #6124, 1000.000000000000000 ) ;
#159 = DIRECTION ( 'NONE',  ( -0.000000000000000000, 0.000000000000000000, 1.000000000000000000 ) ) ;
#160 = ADVANCED_FACE ( 'NONE', ( #5889 ), #1060, .F. ) ;
#161 = UNCERTAINTY_MEASURE_WITH_UNIT (LENGTH_MEASURE( 1.000000000000000082E-05 ), #5678, 'distance_accuracy_value', 'NONE');
#162 = PRESENTATION_STYLE_ASSIGNMENT (( #2432 ) ) ;
#163 = EDGE_LOOP ( 'NONE', ( #4336, #1906, #5248, #109 ) ) ;
#164 = LINE ( 'NONE', #2849, #6105 ) ;
#165 = EDGE_CURVE ( 'NONE', #6184, #3881, #6485, .T. ) ;
#166 =( GEOMETRIC_REPRESENTATION_CONTEXT ( 3 ) GLOBAL_UNCERTAINTY_ASSIGNED_CONTEXT ( ( #2208 ) ) GLOBAL_UNIT_ASSIGNED_CONTEXT ( ( #5054, #420, #3522 ) ) REPRESENTATION_CONTEXT ( 'NONE', 'WORKASPACE' ) );
#167 = LINE ( 'NONE', #1397, #484 ) ;
#168 =( LENGTH_UNIT ( ) NAMED_UNIT ( * ) SI_UNIT ( .MILLI., .METRE. ) );
#169 = VERTEX_POINT ( 'NONE', #1509 ) ;
#170 = ORIENTED_EDGE ( 'NONE', *, *, #2865, .F. ) ;
#171 = DIRECTION ( 'NONE',  ( -0.000000000000000000, 1.000000000000000000, -0.000000000000000000 ) ) ;
#172 = CARTESIAN_POINT ( 'NONE',  ( -1.250000000000000000, -0.05000000000000000278, 0.3750000000000000000 ) ) ;
#173 = CARTESIAN_POINT ( 'NONE',  ( 0.2749999999999999667, 0.000000000000000000, -1.224999999999999867 ) ) ;
#175 = FACE_OUTER_BOUND ( 'NONE', #568, .T. ) ;
#174 =( LENGTH_UNIT ( ) NAMED_UNIT ( * ) SI_UNIT ( .MILLI., .METRE. ) );
#176 = ORIENTED_EDGE ( 'NONE', *, *, #3888, .T. ) ;
#177 = VERTEX_POINT ( 'NONE', #5658 ) ;
#178 = ORIENTED_EDGE ( 'NONE', *, *, #4910, .F. ) ;
#179 = MECHANICAL_DESIGN_GEOMETRIC_PRESENTATION_REPRESENTATION (  '', ( #6078 ), #4931 ) ;
#180 = FACE_OUTER_BOUND ( 'NONE', #251, .T. ) ;
#181 = SURFACE_STYLE_FILL_AREA ( #6109 ) ;
#182 = COLOUR_RGB ( '',1.000000000000000000, 1.000000000000000000, 1.000000000000000000 ) ;
#183 = DIRECTION ( 'NONE',  ( -1.000000000000000000, 0.000000000000000000, 0.000000000000000000 ) ) ;
#184 = ORIENTED_EDGE ( 'NONE', *, *, #313, .T. ) ;
#185 = DIRECTION ( 'NONE',  ( 0.000000000000000000, 0.000000000000000000, 1.000000000000000000 ) ) ;
#186 = EDGE_CURVE ( 'NONE', #1427, #1902, #2295, .T. ) ;
#187 = ADVANCED_FACE ( 'NONE', ( #1650 ), #2114, .T. ) ;
#188 = ORIENTED_EDGE ( 'NONE', *, *, #4134, .T. ) ;
#189 = LINE ( 'NONE', #6523, #4785 ) ;
#190 = DIRECTION ( 'NONE',  ( 0.000000000000000000, 0.000000000000000000, -1.000000000000000000 ) ) ;
#191 = DIRECTION ( 'NONE',  ( 0.000000000000000000, 0.000000000000000000, -1.000000000000000000 ) ) ;
#192 = CARTESIAN_POINT ( 'NONE',  ( -1.250000000000000000, 0.000000000000000000, 1.500000000000000000 ) ) ;
#193 = EDGE_LOOP ( 'NONE', ( #5799, #6297, #2286, #1991, #1661, #2320, #4605, #2125, #5993, #5119 ) ) ;
#194 = DIRECTION ( 'NONE',  ( 0.000000000000000000, -0.000000000000000000, -1.000000000000000000 ) ) ;
#195 = PRESENTATION_LAYER_ASSIGNMENT (  '', '', ( #6410 ) ) ;
#196 = EDGE_CURVE ( 'NONE', #6428, #4952, #1040, .T. ) ;
#197 = VECTOR ( 'NONE', #6240, 1000.000000000000000 ) ;
#198 =( NAMED_UNIT ( * ) PLANE_ANGLE_UNIT ( ) SI_UNIT ( $, .RADIAN. ) );
#199 = ORIENTED_EDGE ( 'NONE', *, *, #5283, .F. ) ;
#200 = UNCERTAINTY_MEASURE_WITH_UNIT (LENGTH_MEASURE( 1.000000000000000082E-05 ), #5272, 'distance_accuracy_value', 'NONE');
#201 = ORIENTED_EDGE ( 'NONE', *, *, #942, .T. ) ;
#202 = CARTESIAN_POINT ( 'NONE',  ( -0.9749999999999999778, 0.1499999999999999944, 0.3750000000000000000 ) ) ;
#203 = SURFACE_SIDE_STYLE ('',( #3061 ) ) ;
#204 = CYLINDRICAL_SURFACE ( 'NONE', #703, 0.1249999999999998890 ) ;
#205 = CARTESIAN_POINT ( 'NONE',  ( 0.2750000000000000222, 0.000000000000000000, 1.099999999999999867 ) ) ;
#206 = VECTOR ( 'NONE', #4138, 1000.000000000000000 ) ;
#207 = VERTEX_POINT ( 'NONE', #631 ) ;
#208 =( NAMED_UNIT ( * ) SI_UNIT ( $, .STERADIAN. ) SOLID_ANGLE_UNIT ( ) );
#209 = PRESENTATION_STYLE_ASSIGNMENT (( #2844 ) ) ;
#210 = SURFACE_SIDE_STYLE ('',( #4136 ) ) ;
#211 = ORIENTED_EDGE ( 'NONE', *, *, #6458, .F. ) ;
#212 = DIRECTION ( 'NONE',  ( 0.000000000000000000, -1.000000000000000000, 0.000000000000000000 ) ) ;
#213 = LINE ( 'NONE', #4110, #4571 ) ;
#214 = VERTEX_POINT ( 'NONE', #5682 ) ;
#215 = CARTESIAN_POINT ( 'NONE',  ( -0.9749999999999999778, 0.1499999999999999944, 0.7500000000000000000 ) ) ;
#216 = VERTEX_POINT ( 'NONE', #172 ) ;
#217 = AXIS2_PLACEMENT_3D ( 'NONE', #3788, #3308, #3817 ) ;
#218 = DIRECTION ( 'NONE',  ( 0.000000000000000000, -1.000000000000000000, 0.000000000000000000 ) ) ;
#219 = EDGE_LOOP ( 'NONE', ( #1807, #4139, #3327, #3136 ) ) ;
#220 = DIRECTION ( 'NONE',  ( -1.000000000000000000, 0.000000000000000000, -4.928191693115928797E-17 ) ) ;
#221 = FACE_OUTER_BOUND ( 'NONE', #4059, .T. ) ;
#222 =( LENGTH_UNIT ( ) NAMED_UNIT ( * ) SI_UNIT ( .MILLI., .METRE. ) );
#223 = ADVANCED_FACE ( 'NONE', ( #2467 ), #3725, .T. ) ;
#224 = FILL_AREA_STYLE ('',( #1251 ) ) ;
#225 = PLANE ( 'NONE',  #2456 ) ;
#226 = PRESENTATION_LAYER_ASSIGNMENT (  '', '', ( #5094 ) ) ;
#227 = FILL_AREA_STYLE ('',( #1414 ) ) ;
#228 = LINE ( 'NONE', #2758, #5762 ) ;
#229 = EDGE_CURVE ( 'NONE', #457, #481, #812, .T. ) ;
#230 = DIRECTION ( 'NONE',  ( -1.000000000000000000, 0.000000000000000000, 0.000000000000000000 ) ) ;
#231 =( NAMED_UNIT ( * ) PLANE_ANGLE_UNIT ( ) SI_UNIT ( $, .RADIAN. ) );
#232 = FILL_AREA_STYLE_COLOUR ( '', #5244 ) ;
#233 =( LENGTH_UNIT ( ) NAMED_UNIT ( * ) SI_UNIT ( .MILLI., .METRE. ) );
#234 = AXIS2_PLACEMENT_3D ( 'NONE', #4369, #2903, #3831 ) ;
#235 = EDGE_CURVE ( 'NONE', #4149, #4445, #644, .T. ) ;
#236 = CARTESIAN_POINT ( 'NONE',  ( 1.250000000000000000, 0.000000000000000000, -1.500000000000000000 ) ) ;
#237 = VECTOR ( 'NONE', #2517, 1000.000000000000000 ) ;
#238 = VECTOR ( 'NONE', #4162, 1000.000000000000000 ) ;
#239 = DIRECTION ( 'NONE',  ( -4.928191693115928797E-17, 0.000000000000000000, 1.000000000000000000 ) ) ;
#240 = CARTESIAN_POINT ( 'NONE',  ( -1.250000000000000000, -0.05000000000000000278, 0.1250000000000000000 ) ) ;
#241 = CARTESIAN_POINT ( 'NONE',  ( -0.9749999999999999778, 0.1499999999999999944, 0.8750000000000000000 ) ) ;
#242 = AXIS2_PLACEMENT_3D ( 'NONE', #4882, #345, #3869 ) ;
#243 = DIRECTION ( 'NONE',  ( -0.000000000000000000, -1.000000000000000000, -0.000000000000000000 ) ) ;
#244 = ORIENTED_EDGE ( 'NONE', *, *, #229, .F. ) ;
#245 = VECTOR ( 'NONE', #1888, 1000.000000000000000 ) ;
#246 = CARTESIAN_POINT ( 'NONE',  ( 0.4000000000000000222, 0.1499999999999999944, -1.350000000000000089 ) ) ;
#247 = CARTESIAN_POINT ( 'NONE',  ( -0.1000000000000000056, -0.000000000000000000, -1.500000000000000000 ) ) ;
#248 = FACE_OUTER_BOUND ( 'NONE', #4212, .T. ) ;
#249 = EDGE_CURVE ( 'NONE', #299, #169, #5232, .T. ) ;
#250 = DIRECTION ( 'NONE',  ( -1.000000000000000000, 0.000000000000000000, 0.000000000000000000 ) ) ;
#251 = EDGE_LOOP ( 'NONE', ( #1437, #2692, #1517, #2450 ) ) ;
#252 = ORIENTED_EDGE ( 'NONE', *, *, #2876, .T. ) ;
#253 = ORIENTED_EDGE ( 'NONE', *, *, #3573, .F. ) ;
#254 = AXIS2_PLACEMENT_3D ( 'NONE', #6166, #3142, #4681 ) ;
#255 = EDGE_CURVE ( 'NONE', #3031, #3799, #5393, .T. ) ;
#256 = LINE ( 'NONE', #1479, #5389 ) ;
#257 = ORIENTED_EDGE ( 'NONE', *, *, #5735, .F. ) ;
#258 =( NAMED_UNIT ( * ) PLANE_ANGLE_UNIT ( ) SI_UNIT ( $, .RADIAN. ) );
#259 = CARTESIAN_POINT ( 'NONE',  ( -0.8499999999999999778, -0.05000000000000000278, -1.500000000000000000 ) ) ;
#260 = DIRECTION ( 'NONE',  ( -0.000000000000000000, -1.000000000000000000, -0.000000000000000000 ) ) ;
#261 =( NAMED_UNIT ( * ) SI_UNIT ( $, .STERADIAN. ) SOLID_ANGLE_UNIT ( ) );
#262 = LINE ( 'NONE', #4494, #2391 ) ;
#263 = DIRECTION ( 'NONE',  ( 1.000000000000000000, 0.000000000000000000, 0.000000000000000000 ) ) ;
#264 = LINE ( 'NONE', #1525, #3038 ) ;
#265 = VERTEX_POINT ( 'NONE', #3158 ) ;
#266 = ORIENTED_EDGE ( 'NONE', *, *, #4044, .F. ) ;
#267 = DIRECTION ( 'NONE',  ( 0.000000000000000000, 0.000000000000000000, -1.000000000000000000 ) ) ;
#268 = AXIS2_PLACEMENT_3D ( 'NONE', #5813, #3242, #2780 ) ;
#269 = CARTESIAN_POINT ( 'NONE',  ( 0.6500000000000000222, 0.1499999999999999944, -1.500000000000000000 ) ) ;
#270 = VECTOR ( 'NONE', #6050, 1000.000000000000000 ) ;
#271 = PRESENTATION_STYLE_ASSIGNMENT (( #4177 ) ) ;
#272 = ORIENTED_EDGE ( 'NONE', *, *, #614, .F. ) ;
#273 = MECHANICAL_DESIGN_GEOMETRIC_PRESENTATION_REPRESENTATION (  '', ( #1677 ), #824 ) ;
#274 = VECTOR ( 'NONE', #5816, 1000.000000000000000 ) ;
#275 = FILL_AREA_STYLE ('',( #2795 ) ) ;
#276 = CARTESIAN_POINT ( 'NONE',  ( 1.250000000000000000, 0.1499999999999999944, -0.3750000000000000000 ) ) ;
#277 = EDGE_LOOP ( 'NONE', ( #5432, #2452, #4171, #2855 ) ) ;
#278 = EDGE_CURVE ( 'NONE', #449, #4289, #3727, .T. ) ;
#279 = DIRECTION ( 'NONE',  ( -0.000000000000000000, 1.000000000000000000, -0.000000000000000000 ) ) ;
#280 = DIRECTION ( 'NONE',  ( 0.000000000000000000, -1.000000000000000000, 0.000000000000000000 ) ) ;
#281 = DIRECTION ( 'NONE',  ( 0.000000000000000000, 0.000000000000000000, -1.000000000000000000 ) ) ;
#282 = ORIENTED_EDGE ( 'NONE', *, *, #120, .T. ) ;
#283 =( LENGTH_UNIT ( ) NAMED_UNIT ( * ) SI_UNIT ( .MILLI., .METRE. ) );
#284 =( LENGTH_UNIT ( ) NAMED_UNIT ( * ) SI_UNIT ( .MILLI., .METRE. ) );
#285 = PRESENTATION_LAYER_ASSIGNMENT (  '', '', ( #1290 ) ) ;
#286 = DIRECTION ( 'NONE',  ( -0.000000000000000000, -1.000000000000000000, -0.000000000000000000 ) ) ;
#287 = EDGE_CURVE ( 'NONE', #2967, #1002, #2202, .T. ) ;
#288 = CARTESIAN_POINT ( 'NONE',  ( 1.250000000000000000, 0.1499999999999999944, 0.1250000000000000000 ) ) ;
#289 =( GEOMETRIC_REPRESENTATION_CONTEXT ( 3 ) GLOBAL_UNCERTAINTY_ASSIGNED_CONTEXT ( ( #770 ) ) GLOBAL_UNIT_ASSIGNED_CONTEXT ( ( #5531, #321, #956 ) ) REPRESENTATION_CONTEXT ( 'NONE', 'WORKASPACE' ) );
#290 = ORIENTED_EDGE ( 'NONE', *, *, #539, .T. ) ;
#291 = EDGE_CURVE ( 'NONE', #1730, #1458, #99, .T. ) ;
#292 = CARTESIAN_POINT ( 'NONE',  ( -0.1000000000000000056, 0.1499999999999999944, 1.500000000000000000 ) ) ;
#293 = CARTESIAN_POINT ( 'NONE',  ( 0.9000000000000000222, 0.000000000000000000, 1.224999999999999867 ) ) ;
#294 = DIRECTION ( 'NONE',  ( 0.000000000000000000, 0.000000000000000000, -1.000000000000000000 ) ) ;
#295 = ORIENTED_EDGE ( 'NONE', *, *, #3365, .T. ) ;
#296 = EDGE_CURVE ( 'NONE', #3186, #5135, #5316, .T. ) ;
#297 = FILL_AREA_STYLE ('',( #2308 ) ) ;
#298 = DIRECTION ( 'NONE',  ( 0.000000000000000000, -1.000000000000000000, 0.000000000000000000 ) ) ;
#299 = VERTEX_POINT ( 'NONE', #756 ) ;
#300 = SURFACE_STYLE_USAGE ( .BOTH. , #1285 ) ;
#301 = CARTESIAN_POINT ( 'NONE',  ( -1.250000000000000000, 0.1499999999999999944, 0.1250000000000000000 ) ) ;
#302 =( LENGTH_UNIT ( ) NAMED_UNIT ( * ) SI_UNIT ( .MILLI., .METRE. ) );
#303 = LINE ( 'NONE', #6261, #5595 ) ;
#304 = AXIS2_PLACEMENT_3D ( 'NONE', #4923, #1911, #3446 ) ;
#305 = ORIENTED_EDGE ( 'NONE', *, *, #2161, .T. ) ;
#306 = DIRECTION ( 'NONE',  ( 0.000000000000000000, -1.000000000000000000, 0.000000000000000000 ) ) ;
#307 = SURFACE_STYLE_FILL_AREA ( #5787 ) ;
#308 = ORIENTED_EDGE ( 'NONE', *, *, #6536, .T. ) ;
#309 =( GEOMETRIC_REPRESENTATION_CONTEXT ( 3 ) GLOBAL_UNCERTAINTY_ASSIGNED_CONTEXT ( ( #4012 ) ) GLOBAL_UNIT_ASSIGNED_CONTEXT ( ( #1763, #3370, #3886 ) ) REPRESENTATION_CONTEXT ( 'NONE', 'WORKASPACE' ) );
#310 = DIRECTION ( 'NONE',  ( 0.000000000000000000, 0.000000000000000000, -1.000000000000000000 ) ) ;
#311 =( NAMED_UNIT ( * ) PLANE_ANGLE_UNIT ( ) SI_UNIT ( $, .RADIAN. ) );
#312 = LINE ( 'NONE', #5529, #3952 ) ;
#313 = EDGE_CURVE ( 'NONE', #5763, #428, #2625, .T. ) ;
#314 = VERTEX_POINT ( 'NONE', #5788 ) ;
#315 = FILL_AREA_STYLE ('',( #2310 ) ) ;
#316 =( GEOMETRIC_REPRESENTATION_CONTEXT ( 3 ) GLOBAL_UNCERTAINTY_ASSIGNED_CONTEXT ( ( #377 ) ) GLOBAL_UNIT_ASSIGNED_CONTEXT ( ( #3516, #1014, #503 ) ) REPRESENTATION_CONTEXT ( 'NONE', 'WORKASPACE' ) );
#317 = ADVANCED_FACE ( 'NONE', ( #1641 ), #2226, .F. ) ;
#318 = LINE ( 'NONE', #728, #3236 ) ;
#319 =( NAMED_UNIT ( * ) SI_UNIT ( $, .STERADIAN. ) SOLID_ANGLE_UNIT ( ) );
#320 = SURFACE_STYLE_FILL_AREA ( #5550 ) ;
#321 =( NAMED_UNIT ( * ) PLANE_ANGLE_UNIT ( ) SI_UNIT ( $, .RADIAN. ) );
#322 = CARTESIAN_POINT ( 'NONE',  ( 0.2250000000000000056, 0.1499999999999999944, -0.3750000000000000000 ) ) ;
#323 = PRESENTATION_LAYER_ASSIGNMENT (  '', '', ( #789 ) ) ;
#324 = CARTESIAN_POINT ( 'NONE',  ( -1.250000000000000000, 0.1499999999999999944, 0.8750000000000000000 ) ) ;
#325 = EDGE_CURVE ( 'NONE', #6089, #2874, #1805, .T. ) ;
#326 = DIRECTION ( 'NONE',  ( -0.000000000000000000, -1.000000000000000000, -0.000000000000000000 ) ) ;
#327 = CARTESIAN_POINT ( 'NONE',  ( -0.9749999999999999778, 0.1499999999999999944, 0.3750000000000000000 ) ) ;
#328 = CYLINDRICAL_SURFACE ( 'NONE', #5837, 0.1249999999999998890 ) ;
#329 = PLANE ( 'NONE',  #2727 ) ;
#330 = ORIENTED_EDGE ( 'NONE', *, *, #2017, .F. ) ;
#331 = VECTOR ( 'NONE', #3765, 1000.000000000000000 ) ;
#332 = AXIS2_PLACEMENT_3D ( 'NONE', #4810, #4734, #5829 ) ;
#333 = CARTESIAN_POINT ( 'NONE',  ( 0.1499999999999999667, -0.05000000000000000278, -1.224999999999999867 ) ) ;
#334 = CARTESIAN_POINT ( 'NONE',  ( 0.4000000000000000222, 0.1499999999999999944, 1.350000000000000089 ) ) ;
#335 = CARTESIAN_POINT ( 'NONE',  ( 0.9000000000000000222, 0.1499999999999999944, -1.500000000000000000 ) ) ;
#336 = ORIENTED_EDGE ( 'NONE', *, *, #3755, .T. ) ;
#337 = VECTOR ( 'NONE', #4791, 1000.000000000000000 ) ;
#338 = CIRCLE ( 'NONE', #3207, 0.1250000000000000000 ) ;
#339 = PRESENTATION_LAYER_ASSIGNMENT (  '', '', ( #6535 ) ) ;
#340 = DIRECTION ( 'NONE',  ( 0.000000000000000000, -1.000000000000000000, 0.000000000000000000 ) ) ;
#341 = ORIENTED_EDGE ( 'NONE', *, *, #4100, .F. ) ;
#342 = EDGE_CURVE ( 'NONE', #3268, #416, #3022, .T. ) ;
#343 = DIRECTION ( 'NONE',  ( 0.000000000000000000, -1.000000000000000000, 0.000000000000000000 ) ) ;
#344 = SURFACE_STYLE_FILL_AREA ( #6222 ) ;
#345 = DIRECTION ( 'NONE',  ( -0.000000000000000000, 0.000000000000000000, 1.000000000000000000 ) ) ;
#346 = VERTEX_POINT ( 'NONE', #6290 ) ;
#347 = VERTEX_POINT ( 'NONE', #241 ) ;
#348 = CARTESIAN_POINT ( 'NONE',  ( -1.250000000000000000, 0.1499999999999999944, -0.6250000000000000000 ) ) ;
#349 = COLOUR_RGB ( '',1.000000000000000000, 1.000000000000000000, 1.000000000000000000 ) ;
#350 = FILL_AREA_STYLE_COLOUR ( '', #3896 ) ;
#351 = CARTESIAN_POINT ( 'NONE',  ( 1.250000000000000000, 0.000000000000000000, 1.500000000000000000 ) ) ;
#352 = ORIENTED_EDGE ( 'NONE', *, *, #4269, .T. ) ;
#353 = FILL_AREA_STYLE ('',( #4870 ) ) ;
#354 = PRESENTATION_STYLE_ASSIGNMENT (( #6126 ) ) ;
#355 = ADVANCED_FACE ( 'NONE', ( #4846 ), #5294, .T. ) ;
#356 = ORIENTED_EDGE ( 'NONE', *, *, #98, .T. ) ;
#357 = MECHANICAL_DESIGN_GEOMETRIC_PRESENTATION_REPRESENTATION (  '', ( #898 ), #819 ) ;
#358 = EDGE_CURVE ( 'NONE', #2211, #428, #957, .T. ) ;
#359 = AXIS2_PLACEMENT_3D ( 'NONE', #1501, #1539, #5625 ) ;
#360 = ORIENTED_EDGE ( 'NONE', *, *, #3795, .F. ) ;
#361 = CARTESIAN_POINT ( 'NONE',  ( -0.9749999999999999778, 0.1499999999999999944, 0.8750000000000000000 ) ) ;
#362 = EDGE_CURVE ( 'NONE', #5135, #1671, #1891, .T. ) ;
#363 = PRESENTATION_STYLE_ASSIGNMENT (( #4815 ) ) ;
#364 = VERTEX_POINT ( 'NONE', #4218 ) ;
#365 = DIRECTION ( 'NONE',  ( -0.000000000000000000, -1.000000000000000000, -0.000000000000000000 ) ) ;
#366 = VECTOR ( 'NONE', #5853, 1000.000000000000000 ) ;
#367 = ORIENTED_EDGE ( 'NONE', *, *, #487, .F. ) ;
#368 = CARTESIAN_POINT ( 'NONE',  ( 0.2250000000000000056, -0.05000000000000000278, 0.6250000000000000000 ) ) ;
#369 = DIRECTION ( 'NONE',  ( -0.000000000000000000, 1.000000000000000000, -0.000000000000000000 ) ) ;
#370 = UNCERTAINTY_MEASURE_WITH_UNIT (LENGTH_MEASURE( 1.000000000000000082E-05 ), #402, 'distance_accuracy_value', 'NONE');
#371 = PRESENTATION_LAYER_ASSIGNMENT (  '', '', ( #27 ) ) ;
#372 = EDGE_LOOP ( 'NONE', ( #795, #725, #170, #124, #4963, #896, #3899, #3599, #3731, #3639 ) ) ;
#373 = VECTOR ( 'NONE', #3272, 1000.000000000000000 ) ;
#374 = EDGE_CURVE ( 'NONE', #1140, #6365, #5873, .T. ) ;
#375 = FACE_OUTER_BOUND ( 'NONE', #4867, .T. ) ;
#376 = FILL_AREA_STYLE ('',( #1831 ) ) ;
#377 = UNCERTAINTY_MEASURE_WITH_UNIT (LENGTH_MEASURE( 1.000000000000000082E-05 ), #3516, 'distance_accuracy_value', 'NONE');
#378 = ORIENTED_EDGE ( 'NONE', *, *, #1529, .T. ) ;
#379 = ORIENTED_EDGE ( 'NONE', *, *, #5070, .T. ) ;
#380 = LINE ( 'NONE', #5588, #617 ) ;
#381 = CARTESIAN_POINT ( 'NONE',  ( -1.250000000000000000, -0.05000000000000000278, -0.6250000000000000000 ) ) ;
#382 =( GEOMETRIC_REPRESENTATION_CONTEXT ( 3 ) GLOBAL_UNCERTAINTY_ASSIGNED_CONTEXT ( ( #3479 ) ) GLOBAL_UNIT_ASSIGNED_CONTEXT ( ( #5841, #2813, #3243 ) ) REPRESENTATION_CONTEXT ( 'NONE', 'WORKASPACE' ) );
#383 = EDGE_CURVE ( 'NONE', #54, #823, #4296, .T. ) ;
#384 = PLANE ( 'NONE',  #2251 ) ;
#385 = AXIS2_PLACEMENT_3D ( 'NONE', #2917, #4948, #3401 ) ;
#386 = ADVANCED_FACE ( 'NONE', ( #1428 ), #5153, .T. ) ;
#387 = VECTOR ( 'NONE', #149, 1000.000000000000000 ) ;
#388 = FILL_AREA_STYLE_COLOUR ( '', #3800 ) ;
#389 = DIRECTION ( 'NONE',  ( 0.000000000000000000, -1.000000000000000000, 0.000000000000000000 ) ) ;
#390 = VERTEX_POINT ( 'NONE', #4698 ) ;
#391 = FILL_AREA_STYLE_COLOUR ( '', #5757 ) ;
#392 = COLOUR_RGB ( '',1.000000000000000000, 1.000000000000000000, 1.000000000000000000 ) ;
#393 = MECHANICAL_DESIGN_GEOMETRIC_PRESENTATION_REPRESENTATION (  '', ( #1396 ), #5255 ) ;
#394 = CARTESIAN_POINT ( 'NONE',  ( -0.2250000000000000056, 0.1499999999999999944, 1.224999999999999867 ) ) ;
#395 = STYLED_ITEM ( 'NONE', ( #3575 ), #5957 ) ;
#396 = CARTESIAN_POINT ( 'NONE',  ( 0.2250000000000000056, 0.1499999999999999944, 0.5000000000000000000 ) ) ;
#397 = VECTOR ( 'NONE', #5655, 1000.000000000000000 ) ;
#398 = EDGE_CURVE ( 'NONE', #3269, #635, #89, .T. ) ;
#399 = LINE ( 'NONE', #515, #2527 ) ;
#400 = ORIENTED_EDGE ( 'NONE', *, *, #2693, .F. ) ;
#401 = VECTOR ( 'NONE', #1841, 1000.000000000000000 ) ;
#402 =( LENGTH_UNIT ( ) NAMED_UNIT ( * ) SI_UNIT ( .MILLI., .METRE. ) );
#403 = DIRECTION ( 'NONE',  ( 0.000000000000000000, 0.000000000000000000, -1.000000000000000000 ) ) ;
#404 = DIRECTION ( 'NONE',  ( -0.000000000000000000, 0.000000000000000000, -1.000000000000000000 ) ) ;
#405 = PRESENTATION_LAYER_ASSIGNMENT (  '', '', ( #3404 ) ) ;
#406 = DIRECTION ( 'NONE',  ( -0.000000000000000000, -1.000000000000000000, -0.000000000000000000 ) ) ;
#407 = LINE ( 'NONE', #4463, #6408 ) ;
#408 = EDGE_LOOP ( 'NONE', ( #493, #1382, #3204, #2324 ) ) ;
#409 = MECHANICAL_DESIGN_GEOMETRIC_PRESENTATION_REPRESENTATION (  '', ( #64 ), #752 ) ;
#410 = COLOUR_RGB ( '',1.000000000000000000, 1.000000000000000000, 1.000000000000000000 ) ;
#411 = EDGE_CURVE ( 'NONE', #2043, #1193, #3257, .T. ) ;
#412 = ORIENTED_EDGE ( 'NONE', *, *, #2001, .T. ) ;
#413 = ORIENTED_EDGE ( 'NONE', *, *, #1646, .T. ) ;
#414 = PRESENTATION_LAYER_ASSIGNMENT (  '', '', ( #4405 ) ) ;
#415 = FACE_OUTER_BOUND ( 'NONE', #6477, .T. ) ;
#416 = VERTEX_POINT ( 'NONE', #2756 ) ;
#417 = ADVANCED_FACE ( 'NONE', ( #1569 ), #651, .F. ) ;
#418 = VECTOR ( 'NONE', #4316, 1000.000000000000000 ) ;
#419 = PLANE ( 'NONE',  #4456 ) ;
#420 =( NAMED_UNIT ( * ) PLANE_ANGLE_UNIT ( ) SI_UNIT ( $, .RADIAN. ) );
#421 = CARTESIAN_POINT ( 'NONE',  ( 0.4000000000000000222, 0.1499999999999999944, -1.500000000000000000 ) ) ;
#422 = EDGE_LOOP ( 'NONE', ( #2108, #4553, #3117, #1070, #6252, #4063, #6434, #423, #4995, #4343, #3672, #1935, #5362, #253, #4441, #1866, #2835, #5475, #5076, #6360 ) ) ;
#423 = ORIENTED_EDGE ( 'NONE', *, *, #3229, .F. ) ;
#424 = DIRECTION ( 'NONE',  ( 0.000000000000000000, -1.000000000000000000, 0.000000000000000000 ) ) ;
#425 =( NAMED_UNIT ( * ) SI_UNIT ( $, .STERADIAN. ) SOLID_ANGLE_UNIT ( ) );
#426 = ORIENTED_EDGE ( 'NONE', *, *, #4976, .T. ) ;
#427 = CARTESIAN_POINT ( 'NONE',  ( -0.8499999999999999778, -0.05000000000000000278, 1.500000000000000000 ) ) ;
#428 = VERTEX_POINT ( 'NONE', #324 ) ;
#429 = CIRCLE ( 'NONE', #4040, 0.1249999999999998890 ) ;
#430 = DIRECTION ( 'NONE',  ( -1.000000000000000000, 0.000000000000000000, 0.000000000000000000 ) ) ;
#431 = FACE_OUTER_BOUND ( 'NONE', #6409, .T. ) ;
#432 = PLANE ( 'NONE',  #985 ) ;
#433 = ORIENTED_EDGE ( 'NONE', *, *, #1241, .F. ) ;
#434 = FILL_AREA_STYLE_COLOUR ( '', #3035 ) ;
#435 = LINE ( 'NONE', #4079, #5172 ) ;
#436 = PRESENTATION_STYLE_ASSIGNMENT (( #2513 ) ) ;
#437 = ORIENTED_EDGE ( 'NONE', *, *, #4305, .F. ) ;
#438 = DIRECTION ( 'NONE',  ( -1.000000000000000000, 0.000000000000000000, 0.000000000000000000 ) ) ;
#439 = CARTESIAN_POINT ( 'NONE',  ( -0.9500000000000000666, 0.9000000000000000222, -1.139999999999999902 ) ) ;
#440 = PLANE ( 'NONE',  #2080 ) ;
#441 = ORIENTED_EDGE ( 'NONE', *, *, #6463, .F. ) ;
#442 = CARTESIAN_POINT ( 'NONE',  ( 0.6500000000000000222, 0.000000000000000000, 1.350000000000000089 ) ) ;
#443 = CARTESIAN_POINT ( 'NONE',  ( 0.2250000000000000056, 0.000000000000000000, -0.3750000000000000000 ) ) ;
#444 = UNCERTAINTY_MEASURE_WITH_UNIT (LENGTH_MEASURE( 1.000000000000000082E-05 ), #4600, 'distance_accuracy_value', 'NONE');
#445 = AXIS2_PLACEMENT_3D ( 'NONE', #3139, #1142, #5182 ) ;
#446 = EDGE_CURVE ( 'NONE', #1966, #5765, #3552, .T. ) ;
#447 = UNCERTAINTY_MEASURE_WITH_UNIT (LENGTH_MEASURE( 1.000000000000000082E-05 ), #4977, 'distance_accuracy_value', 'NONE');
#448 = EDGE_LOOP ( 'NONE', ( #1035, #2660, #2875, #741 ) ) ;
#449 = VERTEX_POINT ( 'NONE', #1822 ) ;
#450 =( LENGTH_UNIT ( ) NAMED_UNIT ( * ) SI_UNIT ( .MILLI., .METRE. ) );
#451 = CARTESIAN_POINT ( 'NONE',  ( -0.3499999999999999778, 0.1499999999999999944, 1.224999999999999867 ) ) ;
#452 = CARTESIAN_POINT ( 'NONE',  ( 0.9000000000000000222, 0.000000000000000000, -1.500000000000000000 ) ) ;
#453 = UNCERTAINTY_MEASURE_WITH_UNIT (LENGTH_MEASURE( 1.000000000000000082E-05 ), #4087, 'distance_accuracy_value', 'NONE');
#454 = SURFACE_SIDE_STYLE ('',( #1894 ) ) ;
#455 =( NAMED_UNIT ( * ) SI_UNIT ( $, .STERADIAN. ) SOLID_ANGLE_UNIT ( ) );
#456 = AXIS2_PLACEMENT_3D ( 'NONE', #5705, #1632, #5728 ) ;
#457 = VERTEX_POINT ( 'NONE', #3363 ) ;
#458 = EDGE_CURVE ( 'NONE', #5576, #1490, #4745, .T. ) ;
#459 = CARTESIAN_POINT ( 'NONE',  ( 1.250000000000000000, -0.05000000000000000278, 0.3750000000000000000 ) ) ;
#460 = LINE ( 'NONE', #4422, #5683 ) ;
#461 =( LENGTH_UNIT ( ) NAMED_UNIT ( * ) SI_UNIT ( .MILLI., .METRE. ) );
#462 = DIRECTION ( 'NONE',  ( 0.000000000000000000, 0.000000000000000000, -1.000000000000000000 ) ) ;
#463 = DIRECTION ( 'NONE',  ( 0.000000000000000000, 1.000000000000000000, 0.000000000000000000 ) ) ;
#464 = PRESENTATION_STYLE_ASSIGNMENT (( #5293 ) ) ;
#465 = EDGE_CURVE ( 'NONE', #1887, #1427, #4287, .T. ) ;
#466 = SURFACE_SIDE_STYLE ('',( #3357 ) ) ;
#467 = PRESENTATION_LAYER_ASSIGNMENT (  '', '', ( #3418 ) ) ;
#468 = DIRECTION ( 'NONE',  ( -0.000000000000000000, -1.000000000000000000, -0.000000000000000000 ) ) ;
#469 = SURFACE_STYLE_USAGE ( .BOTH. , #2478 ) ;
#470 = FACE_OUTER_BOUND ( 'NONE', #841, .T. ) ;
#471 = EDGE_LOOP ( 'NONE', ( #2010, #1572, #272, #4839 ) ) ;
#472 = DIRECTION ( 'NONE',  ( 0.000000000000000000, -1.000000000000000000, 0.000000000000000000 ) ) ;
#473 = APPLICATION_PROTOCOL_DEFINITION ( 'draft international standard', 'automotive_design', 1998, #2847 ) ;
#474 = VECTOR ( 'NONE', #1651, 1000.000000000000000 ) ;
#475 = AXIS2_PLACEMENT_3D ( 'NONE', #1164, #4708, #1699 ) ;
#476 = FACE_OUTER_BOUND ( 'NONE', #4831, .T. ) ;
#477 = CIRCLE ( 'NONE', #1575, 0.1250000000000001110 ) ;
#478 = PRESENTATION_LAYER_ASSIGNMENT (  '', '', ( #1677 ) ) ;
#479 = SURFACE_STYLE_USAGE ( .BOTH. , #6496 ) ;
#480 = VECTOR ( 'NONE', #4204, 1000.000000000000000 ) ;
#481 = VERTEX_POINT ( 'NONE', #2829 ) ;
#482 = CARTESIAN_POINT ( 'NONE',  ( 0.4000000000000000222, -0.05000000000000000278, -1.350000000000000089 ) ) ;
#483 = DIRECTION ( 'NONE',  ( 0.000000000000000000, -0.000000000000000000, 1.000000000000000000 ) ) ;
#484 = VECTOR ( 'NONE', #1892, 1000.000000000000000 ) ;
#485 = STYLED_ITEM ( 'NONE', ( #2459 ), #3934 ) ;
#486 = MECHANICAL_DESIGN_GEOMETRIC_PRESENTATION_REPRESENTATION (  '', ( #2804 ), #5564 ) ;
#487 = EDGE_CURVE ( 'NONE', #4445, #3339, #2940, .T. ) ;
#488 = ORIENTED_EDGE ( 'NONE', *, *, #296, .T. ) ;
#489 = COLOUR_RGB ( '',1.000000000000000000, 1.000000000000000000, 1.000000000000000000 ) ;
#490 =( NAMED_UNIT ( * ) PLANE_ANGLE_UNIT ( ) SI_UNIT ( $, .RADIAN. ) );
#491 = VECTOR ( 'NONE', #2123, 1000.000000000000000 ) ;
#492 = CARTESIAN_POINT ( 'NONE',  ( -0.3499999999999999778, -0.05000000000000000278, -1.500000000000000000 ) ) ;
#493 = ORIENTED_EDGE ( 'NONE', *, *, #870, .T. ) ;
#494 = UNCERTAINTY_MEASURE_WITH_UNIT (LENGTH_MEASURE( 1.000000000000000082E-05 ), #1870, 'distance_accuracy_value', 'NONE');
#495 = FACE_OUTER_BOUND ( 'NONE', #3783, .T. ) ;
#496 = ADVANCED_FACE ( 'NONE', ( #3397 ), #6029, .T. ) ;
#497 = CIRCLE ( 'NONE', #6091, 0.1250000000000000000 ) ;
#498 = CARTESIAN_POINT ( 'NONE',  ( -1.250000000000000000, 0.1499999999999999944, -0.1250000000000000000 ) ) ;
#499 = AXIS2_PLACEMENT_3D ( 'NONE', #5870, #298, #4395 ) ;
#500 = ORIENTED_EDGE ( 'NONE', *, *, #3086, .T. ) ;
#501 = ORIENTED_EDGE ( 'NONE', *, *, #3492, .F. ) ;
#502 = AXIS2_PLACEMENT_3D ( 'NONE', #3981, #1949, #6445 ) ;
#503 =( NAMED_UNIT ( * ) SI_UNIT ( $, .STERADIAN. ) SOLID_ANGLE_UNIT ( ) );
#504 = LINE ( 'NONE', #1961, #1577 ) ;
#505 = EDGE_CURVE ( 'NONE', #2582, #4480, #5225, .T. ) ;
#506 = LINE ( 'NONE', #2029, #4615 ) ;
#507 = LINE ( 'NONE', #2859, #5721 ) ;
#508 = VERTEX_POINT ( 'NONE', #451 ) ;
#509 =( NAMED_UNIT ( * ) PLANE_ANGLE_UNIT ( ) SI_UNIT ( $, .RADIAN. ) );
#510 = EDGE_CURVE ( 'NONE', #5107, #18, #6108, .T. ) ;
#511 = SURFACE_STYLE_USAGE ( .BOTH. , #2447 ) ;
#512 = VERTEX_POINT ( 'NONE', #3400 ) ;
#513 = CARTESIAN_POINT ( 'NONE',  ( -0.2250000000000000056, 0.1499999999999999944, -1.224999999999999867 ) ) ;
#514 = SURFACE_SIDE_STYLE ('',( #2817 ) ) ;
#515 = CARTESIAN_POINT ( 'NONE',  ( 0.1499999999999999667, -0.05000000000000000278, 1.500000000000000000 ) ) ;
#516 = EDGE_LOOP ( 'NONE', ( #2636, #2274, #437, #4795 ) ) ;
#517 = AXIS2_PLACEMENT_3D ( 'NONE', #1031, #576, #5585 ) ;
#518 = CARTESIAN_POINT ( 'NONE',  ( -0.5999999999999999778, -0.05000000000000000278, -1.500000000000000000 ) ) ;
#519 = SURFACE_STYLE_FILL_AREA ( #3922 ) ;
#520 = DIRECTION ( 'NONE',  ( 0.000000000000000000, -0.000000000000000000, -1.000000000000000000 ) ) ;
#521 = DIRECTION ( 'NONE',  ( -4.928191693115928181E-17, 0.000000000000000000, 1.000000000000000000 ) ) ;
#523 = CIRCLE ( 'NONE', #145, 0.1250000000000000000 ) ;
#522 = DIRECTION ( 'NONE',  ( 0.000000000000000000, -1.000000000000000000, 0.000000000000000000 ) ) ;
#524 = AXIS2_PLACEMENT_3D ( 'NONE', #2009, #4053, #2497 ) ;
#525 = CLOSED_SHELL ( 'NONE', ( #3902, #3383, #5320, #6095, #2466, #3812 ) ) ;
#526 = PRODUCT_DEFINITION_SHAPE ( 'NONE', 'NONE',  #6531 ) ;
#527 = EDGE_CURVE ( 'NONE', #2814, #5547, #1341, .T. ) ;
#528 = EDGE_LOOP ( 'NONE', ( #3350, #4620, #5789, #4686 ) ) ;
#529 = DIRECTION ( 'NONE',  ( 0.000000000000000000, 0.000000000000000000, 1.000000000000000000 ) ) ;
#530 = VECTOR ( 'NONE', #730, 1000.000000000000000 ) ;
#531 = MECHANICAL_DESIGN_GEOMETRIC_PRESENTATION_REPRESENTATION (  '', ( #6407 ), #316 ) ;
#532 = CARTESIAN_POINT ( 'NONE',  ( 0.4000000000000000222, 0.1499999999999999944, -1.350000000000000089 ) ) ;
#533 = VECTOR ( 'NONE', #607, 1000.000000000000000 ) ;
#534 = VERTEX_POINT ( 'NONE', #4440 ) ;
#535 = SURFACE_STYLE_USAGE ( .BOTH. , #466 ) ;
#536 = VERTEX_POINT ( 'NONE', #6453 ) ;
#537 = MECHANICAL_DESIGN_GEOMETRIC_PRESENTATION_REPRESENTATION (  '', ( #6410 ), #869 ) ;
#538 = VECTOR ( 'NONE', #3024, 1000.000000000000000 ) ;
#539 = EDGE_CURVE ( 'NONE', #2367, #6335, #8, .T. ) ;
#540 = VECTOR ( 'NONE', #1393, 1000.000000000000000 ) ;
#541 = AXIS2_PLACEMENT_3D ( 'NONE', #2505, #1440, #1979 ) ;
#542 = SURFACE_STYLE_USAGE ( .BOTH. , #2088 ) ;
#543 = PRESENTATION_STYLE_ASSIGNMENT (( #716 ) ) ;
#544 = CARTESIAN_POINT ( 'NONE',  ( -0.8499999999999998668, 0.000000000000000000, 1.500000000000000000 ) ) ;
#545 = ORIENTED_EDGE ( 'NONE', *, *, #2557, .F. ) ;
#546 = CARTESIAN_POINT ( 'NONE',  ( 0.2250000000000000056, -0.05000000000000000278, 0.5000000000000000000 ) ) ;
#547 = VERTEX_POINT ( 'NONE', #910 ) ;
#548 = DIRECTION ( 'NONE',  ( 1.000000000000000000, 0.000000000000000000, -0.000000000000000000 ) ) ;
#549 = VECTOR ( 'NONE', #4637, 1000.000000000000000 ) ;
#550 =( LENGTH_UNIT ( ) NAMED_UNIT ( * ) SI_UNIT ( .MILLI., .METRE. ) );
#551 = EDGE_LOOP ( 'NONE', ( #201, #4319, #4522, #4514 ) ) ;
#552 = FACE_OUTER_BOUND ( 'NONE', #163, .T. ) ;
#553 = DIRECTION ( 'NONE',  ( 0.000000000000000000, 0.000000000000000000, -1.000000000000000000 ) ) ;
#554 = DIRECTION ( 'NONE',  ( 1.000000000000000000, 0.000000000000000000, 0.000000000000000000 ) ) ;
#555 = PRESENTATION_LAYER_ASSIGNMENT (  '', '', ( #5425 ) ) ;
#556 = LINE ( 'NONE', #2559, #5214 ) ;
#557 = CARTESIAN_POINT ( 'NONE',  ( 0.1499999999999999667, 0.1499999999999999944, -1.224999999999999867 ) ) ;
#558 = ORIENTED_EDGE ( 'NONE', *, *, #2122, .T. ) ;
#559 = DIRECTION ( 'NONE',  ( 1.000000000000000000, 0.000000000000000000, 0.000000000000000000 ) ) ;
#560 = ORIENTED_EDGE ( 'NONE', *, *, #1379, .T. ) ;
#561 = FACE_OUTER_BOUND ( 'NONE', #1499, .T. ) ;
#562 = CARTESIAN_POINT ( 'NONE',  ( 0.6500000000000000222, 0.1499999999999999944, 1.350000000000000089 ) ) ;
#563 = FACE_OUTER_BOUND ( 'NONE', #422, .T. ) ;
#564 = PLANE ( 'NONE',  #1121 ) ;
#565 = ORIENTED_EDGE ( 'NONE', *, *, #4005, .F. ) ;
#566 = UNCERTAINTY_MEASURE_WITH_UNIT (LENGTH_MEASURE( 1.000000000000000082E-05 ), #1814, 'distance_accuracy_value', 'NONE');
#567 = LINE ( 'NONE', #2349, #1122 ) ;
#568 = EDGE_LOOP ( 'NONE', ( #1192, #2904, #103, #6192, #3051, #799, #5235, #2201, #4260, #1348 ) ) ;
#569 = ORIENTED_EDGE ( 'NONE', *, *, #2601, .T. ) ;
#570 = PRESENTATION_STYLE_ASSIGNMENT (( #2272 ) ) ;
#571 = DIRECTION ( 'NONE',  ( 0.000000000000000000, 0.000000000000000000, -1.000000000000000000 ) ) ;
#572 = VERTEX_POINT ( 'NONE', #3427 ) ;
#573 = AXIS2_PLACEMENT_3D ( 'NONE', #2902, #6422, #881 ) ;
#574 = CARTESIAN_POINT ( 'NONE',  ( -0.9749999999999999778, 0.1499999999999999944, 0.6250000000000000000 ) ) ;
#575 = EDGE_CURVE ( 'NONE', #3338, #4617, #407, .T. ) ;
#576 = DIRECTION ( 'NONE',  ( 0.000000000000000000, -1.000000000000000000, 0.000000000000000000 ) ) ;
#577 = FILL_AREA_STYLE ('',( #5106 ) ) ;
#578 = ORIENTED_EDGE ( 'NONE', *, *, #3166, .T. ) ;
#579 = ORIENTED_EDGE ( 'NONE', *, *, #3832, .T. ) ;
#580 = MECHANICAL_DESIGN_GEOMETRIC_PRESENTATION_REPRESENTATION (  '', ( #2773 ), #2032 ) ;
#581 = SURFACE_STYLE_FILL_AREA ( #5929 ) ;
#582 = AXIS2_PLACEMENT_3D ( 'NONE', #202, #5324, #2816 ) ;
#583 = SURFACE_STYLE_FILL_AREA ( #2663 ) ;
#584 = EDGE_CURVE ( 'NONE', #5748, #2385, #2372, .T. ) ;
#585 = SURFACE_STYLE_USAGE ( .BOTH. , #5114 ) ;
#586 =( NAMED_UNIT ( * ) SI_UNIT ( $, .STERADIAN. ) SOLID_ANGLE_UNIT ( ) );
#587 = ORIENTED_EDGE ( 'NONE', *, *, #4636, .F. ) ;
#588 = CARTESIAN_POINT ( 'NONE',  ( -0.5999999999999999778, 0.1499999999999999944, -1.500000000000000000 ) ) ;
#589 = DIRECTION ( 'NONE',  ( -1.000000000000000000, 0.000000000000000000, 0.000000000000000000 ) ) ;
#590 = VERTEX_POINT ( 'NONE', #3164 ) ;
#591 = AXIS2_PLACEMENT_3D ( 'NONE', #4324, #2781, #2250 ) ;
#592 = EDGE_CURVE ( 'NONE', #2851, #1855, #3251, .T. ) ;
#593 = ORIENTED_EDGE ( 'NONE', *, *, #1465, .F. ) ;
#594 = CARTESIAN_POINT ( 'NONE',  ( 1.250000000000000000, 0.1499999999999999944, 0.6250000000000000000 ) ) ;
#595 = FACE_OUTER_BOUND ( 'NONE', #2484, .T. ) ;
#596 = LINE ( 'NONE', #1856, #2232 ) ;
#597 = PLANE ( 'NONE',  #3776 ) ;
#598 =( NAMED_UNIT ( * ) SI_UNIT ( $, .STERADIAN. ) SOLID_ANGLE_UNIT ( ) );
#599 = VERTEX_POINT ( 'NONE', #2307 ) ;
#600 = SURFACE_SIDE_STYLE ('',( #3352 ) ) ;
#601 = CARTESIAN_POINT ( 'NONE',  ( 0.000000000000000000, -0.05000000000000000278, 0.000000000000000000 ) ) ;
#602 = CARTESIAN_POINT ( 'NONE',  ( 0.6500000000000000222, -0.05000000000000000278, 1.500000000000000000 ) ) ;
#603 = VECTOR ( 'NONE', #3320, 1000.000000000000000 ) ;
#604 =( GEOMETRIC_REPRESENTATION_CONTEXT ( 3 ) GLOBAL_UNCERTAINTY_ASSIGNED_CONTEXT ( ( #3433 ) ) GLOBAL_UNIT_ASSIGNED_CONTEXT ( ( #168, #6202, #2188 ) ) REPRESENTATION_CONTEXT ( 'NONE', 'WORKASPACE' ) );
#605 = ORIENTED_EDGE ( 'NONE', *, *, #5880, .T. ) ;
#606 =( NAMED_UNIT ( * ) PLANE_ANGLE_UNIT ( ) SI_UNIT ( $, .RADIAN. ) );
#607 = DIRECTION ( 'NONE',  ( 1.000000000000000000, -0.000000000000000000, -0.000000000000000000 ) ) ;
#608 = CARTESIAN_POINT ( 'NONE',  ( 1.250000000000000000, 0.000000000000000000, 1.500000000000000000 ) ) ;
#609 = FILL_AREA_STYLE ('',( #2019 ) ) ;
#610 = ORIENTED_EDGE ( 'NONE', *, *, #278, .T. ) ;
#611 = CARTESIAN_POINT ( 'NONE',  ( 0.1499999999999999667, -0.05000000000000000278, 1.500000000000000000 ) ) ;
#612 = STYLED_ITEM ( 'NONE', ( #1112 ), #3894 ) ;
#613 = CIRCLE ( 'NONE', #648, 0.1250000000000000000 ) ;
#614 = EDGE_CURVE ( 'NONE', #6274, #5540, #2040, .T. ) ;
#615 = ORIENTED_EDGE ( 'NONE', *, *, #156, .T. ) ;
#616 = EDGE_CURVE ( 'NONE', #3849, #1140, #5783, .T. ) ;
#617 = VECTOR ( 'NONE', #6025, 1000.000000000000000 ) ;
#618 = DIRECTION ( 'NONE',  ( 0.000000000000000000, -1.000000000000000000, 0.000000000000000000 ) ) ;
#619 = CARTESIAN_POINT ( 'NONE',  ( -0.8499999999999999778, -0.000000000000000000, -0.8750000000000000000 ) ) ;
#620 = PRESENTATION_LAYER_ASSIGNMENT (  '', '', ( #4817 ) ) ;
#621 = CARTESIAN_POINT ( 'NONE',  ( -1.250000000000000000, 0.1499999999999999944, -0.6250000000000000000 ) ) ;
#622 = AXIS2_PLACEMENT_3D ( 'NONE', #1810, #5042, #1990 ) ;
#623 = PRESENTATION_STYLE_ASSIGNMENT (( #1647 ) ) ;
#624 = SURFACE_STYLE_FILL_AREA ( #1938 ) ;
#625 = DIRECTION ( 'NONE',  ( -0.000000000000000000, 1.000000000000000000, -0.000000000000000000 ) ) ;
#626 = EDGE_LOOP ( 'NONE', ( #2300, #2490, #441, #2776 ) ) ;
#627 =( GEOMETRIC_REPRESENTATION_CONTEXT ( 3 ) GLOBAL_UNCERTAINTY_ASSIGNED_CONTEXT ( ( #3003 ) ) GLOBAL_UNIT_ASSIGNED_CONTEXT ( ( #5078, #43, #598 ) ) REPRESENTATION_CONTEXT ( 'NONE', 'WORKASPACE' ) );
#628 = VECTOR ( 'NONE', #1825, 1000.000000000000000 ) ;
#629 = CARTESIAN_POINT ( 'NONE',  ( -0.7249999999999999778, 0.1499999999999999944, 1.224999999999999867 ) ) ;
#630 = CARTESIAN_POINT ( 'NONE',  ( -0.7249999999999999778, 0.1499999999999999944, -1.224999999999999867 ) ) ;
#631 = CARTESIAN_POINT ( 'NONE',  ( 0.2250000000000000056, 0.1499999999999999944, -0.3750000000000000000 ) ) ;
#632 = COLOUR_RGB ( '',1.000000000000000000, 1.000000000000000000, 1.000000000000000000 ) ;
#633 = STYLED_ITEM ( 'NONE', ( #4664 ), #2909 ) ;
#634 = VERTEX_POINT ( 'NONE', #6349 ) ;
#635 = VERTEX_POINT ( 'NONE', #5802 ) ;
#636 = ADVANCED_FACE ( 'NONE', ( #563 ), #5287, .T. ) ;
#637 = COLOUR_RGB ( '',0.7921568627450980005, 0.8196078431372548767, 0.9333333333333333481 ) ;
#638 = ADVANCED_FACE ( 'NONE', ( #3929 ), #5021, .T. ) ;
#639 = CARTESIAN_POINT ( 'NONE',  ( -0.9749999999999999778, 0.1499999999999999944, -0.1250000000000000000 ) ) ;
#640 = ORIENTED_EDGE ( 'NONE', *, *, #4855, .F. ) ;
#641 = PLANE ( 'NONE',  #3118 ) ;
#642 = FILL_AREA_STYLE_COLOUR ( '', #637 ) ;
#643 = UNCERTAINTY_MEASURE_WITH_UNIT (LENGTH_MEASURE( 1.000000000000000082E-05 ), #2317, 'distance_accuracy_value', 'NONE');
#644 = CIRCLE ( 'NONE', #254, 0.1250000000000000000 ) ;
#645 = EDGE_CURVE ( 'NONE', #1962, #5552, #5268, .T. ) ;
#646 = VERTEX_POINT ( 'NONE', #1148 ) ;
#647 = ORIENTED_EDGE ( 'NONE', *, *, #592, .F. ) ;
#648 = AXIS2_PLACEMENT_3D ( 'NONE', #4153, #3623, #6116 ) ;
#649 = DIRECTION ( 'NONE',  ( -0.000000000000000000, 1.000000000000000000, -0.000000000000000000 ) ) ;
#650 = CARTESIAN_POINT ( 'NONE',  ( -1.250000000000000000, 0.000000000000000000, 0.6250000000000000000 ) ) ;
#651 = PLANE ( 'NONE',  #5982 ) ;
#652 = ADVANCED_FACE ( 'NONE', ( #3135 ), #5986, .F. ) ;
#653 = LINE ( 'NONE', #13, #5887 ) ;
#654 = SURFACE_SIDE_STYLE ('',( #672 ) ) ;
#655 = AXIS2_PLACEMENT_3D ( 'NONE', #5412, #2374, #5865 ) ;
#656 =( NAMED_UNIT ( * ) PLANE_ANGLE_UNIT ( ) SI_UNIT ( $, .RADIAN. ) );
#657 = ORIENTED_EDGE ( 'NONE', *, *, #4819, .T. ) ;
#658 = DIRECTION ( 'NONE',  ( 1.000000000000000000, 0.000000000000000000, -0.000000000000000000 ) ) ;
#659 = DIRECTION ( 'NONE',  ( -0.000000000000000000, 0.000000000000000000, -1.000000000000000000 ) ) ;
#660 = AXIS2_PLACEMENT_3D ( 'NONE', #2241, #1681, #2774 ) ;
#661 = PRESENTATION_STYLE_ASSIGNMENT (( #677 ) ) ;
#662 = CARTESIAN_POINT ( 'NONE',  ( 0.2749999999999999667, -0.05000000000000000278, -1.224999999999999867 ) ) ;
#663 = CARTESIAN_POINT ( 'NONE',  ( 0.4000000000000000222, 0.1499999999999999944, 1.350000000000000089 ) ) ;
#664 = ORIENTED_EDGE ( 'NONE', *, *, #5336, .F. ) ;
#665 = EDGE_CURVE ( 'NONE', #6184, #5434, #3675, .T. ) ;
#666 = FILL_AREA_STYLE_COLOUR ( '', #2155 ) ;
#667 = COLOUR_RGB ( '',1.000000000000000000, 1.000000000000000000, 1.000000000000000000 ) ;
#668 = ORIENTED_EDGE ( 'NONE', *, *, #924, .F. ) ;
#669 = CARTESIAN_POINT ( 'NONE',  ( -0.8499999999999999778, 0.1499999999999999944, 1.500000000000000000 ) ) ;
#670 = CARTESIAN_POINT ( 'NONE',  ( 0.2749999999999999667, -0.05000000000000000278, -1.100000000000000089 ) ) ;
#671 = CARTESIAN_POINT ( 'NONE',  ( -0.8499999999999999778, 0.1499999999999999944, 1.500000000000000000 ) ) ;
#672 = SURFACE_STYLE_FILL_AREA ( #1612 ) ;
#673 = VERTEX_POINT ( 'NONE', #1656 ) ;
#674 = VERTEX_POINT ( 'NONE', #4710 ) ;
#675 = AXIS2_PLACEMENT_3D ( 'NONE', #2955, #1346, #430 ) ;
#676 = DIRECTION ( 'NONE',  ( 1.000000000000000000, 0.000000000000000000, -0.000000000000000000 ) ) ;
#677 = SURFACE_STYLE_USAGE ( .BOTH. , #1744 ) ;
#678 = UNCERTAINTY_MEASURE_WITH_UNIT (LENGTH_MEASURE( 1.000000000000000082E-05 ), #3798, 'distance_accuracy_value', 'NONE');
#679 = UNCERTAINTY_MEASURE_WITH_UNIT (LENGTH_MEASURE( 1.000000000000000082E-05 ), #2042, 'distance_accuracy_value', 'NONE');
#680 = VERTEX_POINT ( 'NONE', #663 ) ;
#681 = PLANE ( 'NONE',  #4643 ) ;
#682 = CARTESIAN_POINT ( 'NONE',  ( 0.2750000000000000777, -0.05000000000000000278, 1.099999999999999867 ) ) ;
#683 = LINE ( 'NONE', #3249, #373 ) ;
#684 = FILL_AREA_STYLE ('',( #5795 ) ) ;
#685 = FACE_OUTER_BOUND ( 'NONE', #3993, .T. ) ;
#686 = STYLED_ITEM ( 'NONE', ( #1620 ), #3587 ) ;
#687 = VERTEX_POINT ( 'NONE', #5708 ) ;
#688 =( NAMED_UNIT ( * ) SI_UNIT ( $, .STERADIAN. ) SOLID_ANGLE_UNIT ( ) );
#689 = ADVANCED_FACE ( 'NONE', ( #2984 ), #5208, .F. ) ;
#690 = LINE ( 'NONE', #2888, #1317 ) ;
#691 = ADVANCED_FACE ( 'NONE', ( #5111 ), #225, .F. ) ;
#692 = CYLINDRICAL_SURFACE ( 'NONE', #385, 0.1250000000000001110 ) ;
#693 = PRESENTATION_LAYER_ASSIGNMENT (  '', '', ( #485 ) ) ;
#694 =( NAMED_UNIT ( * ) SI_UNIT ( $, .STERADIAN. ) SOLID_ANGLE_UNIT ( ) );
#695 = STYLED_ITEM ( 'NONE', ( #2811 ), #1191 ) ;
#696 = EDGE_CURVE ( 'NONE', #5630, #6089, #1301, .T. ) ;
#697 = PLANE ( 'NONE',  #3095 ) ;
#698 = VECTOR ( 'NONE', #6147, 1000.000000000000000 ) ;
#699 =( LENGTH_UNIT ( ) NAMED_UNIT ( * ) SI_UNIT ( .MILLI., .METRE. ) );
#700 = ORIENTED_EDGE ( 'NONE', *, *, #863, .F. ) ;
#701 = CLOSED_SHELL ( 'NONE', ( #417, #2157, #4374, #3143, #3796, #78 ) ) ;
#702 = CARTESIAN_POINT ( 'NONE',  ( -0.9749999999999999778, 0.000000000000000000, 0.2500000000000000000 ) ) ;
#703 = AXIS2_PLACEMENT_3D ( 'NONE', #5396, #2884, #4481 ) ;
#704 = DIRECTION ( 'NONE',  ( 0.000000000000000000, -1.000000000000000000, 0.000000000000000000 ) ) ;
#705 = PLANE ( 'NONE',  #1028 ) ;
#706 = LINE ( 'NONE', #4634, #1176 ) ;
#707 = DIRECTION ( 'NONE',  ( -1.000000000000000000, 0.000000000000000000, 0.000000000000000000 ) ) ;
#708 = VECTOR ( 'NONE', #4624, 1000.000000000000000 ) ;
#709 = ADVANCED_FACE ( 'NONE', ( #2323 ), #705, .F. ) ;
#710 =( NAMED_UNIT ( * ) SI_UNIT ( $, .STERADIAN. ) SOLID_ANGLE_UNIT ( ) );
#711 = EDGE_LOOP ( 'NONE', ( #6069, #3680, #5511, #2742 ) ) ;
#712 = EDGE_CURVE ( 'NONE', #5972, #3059, #2738, .T. ) ;
#713 = STYLED_ITEM ( 'NONE', ( #3611 ), #5034 ) ;
#714 = LINE ( 'NONE', #482, #4919 ) ;
#715 = CARTESIAN_POINT ( 'NONE',  ( -0.9749999999999999778, 0.1499999999999999944, 0.1250000000000000000 ) ) ;
#716 = SURFACE_STYLE_USAGE ( .BOTH. , #1665 ) ;
#717 = DIRECTION ( 'NONE',  ( 0.000000000000000000, 0.000000000000000000, 1.000000000000000000 ) ) ;
#718 = SURFACE_SIDE_STYLE ('',( #5440 ) ) ;
#719 = VECTOR ( 'NONE', #3469, 1000.000000000000000 ) ;
#720 = VECTOR ( 'NONE', #1971, 1000.000000000000000 ) ;
#721 = ORIENTED_EDGE ( 'NONE', *, *, #3735, .T. ) ;
#722 = COLOUR_RGB ( '',1.000000000000000000, 1.000000000000000000, 1.000000000000000000 ) ;
#723 =( NAMED_UNIT ( * ) PLANE_ANGLE_UNIT ( ) SI_UNIT ( $, .RADIAN. ) );
#724 =( GEOMETRIC_REPRESENTATION_CONTEXT ( 3 ) GLOBAL_UNCERTAINTY_ASSIGNED_CONTEXT ( ( #447 ) ) GLOBAL_UNIT_ASSIGNED_CONTEXT ( ( #4977, #4521, #4564 ) ) REPRESENTATION_CONTEXT ( 'NONE', 'WORKASPACE' ) );
#725 = ORIENTED_EDGE ( 'NONE', *, *, #5121, .F. ) ;
#726 = STYLED_ITEM ( 'NONE', ( #3791 ), #3143 ) ;
#727 = SURFACE_STYLE_FILL_AREA ( #3290 ) ;
#729 = LINE ( 'NONE', #5309, #5952 ) ;
#728 = CARTESIAN_POINT ( 'NONE',  ( 0.2250000000000000056, 0.1499999999999999944, 0.3750000000000000000 ) ) ;
#730 = DIRECTION ( 'NONE',  ( -0.000000000000000000, 1.000000000000000000, -0.000000000000000000 ) ) ;
#731 = ORIENTED_EDGE ( 'NONE', *, *, #4687, .F. ) ;
#732 = PLANE ( 'NONE',  #121 ) ;
#733 = CARTESIAN_POINT ( 'NONE',  ( -1.250000000000000000, 0.000000000000000000, 1.500000000000000000 ) ) ;
#734 = AXIS2_PLACEMENT_3D ( 'NONE', #3332, #3864, #4366 ) ;
#735 = DIRECTION ( 'NONE',  ( -1.000000000000000000, 0.000000000000000000, 0.000000000000000000 ) ) ;
#736 =( LENGTH_UNIT ( ) NAMED_UNIT ( * ) SI_UNIT ( .MILLI., .METRE. ) );
#737 = VERTEX_POINT ( 'NONE', #1230 ) ;
#738 = VERTEX_POINT ( 'NONE', #4276 ) ;
#739 = AXIS2_PLACEMENT_3D ( 'NONE', #394, #5446, #3933 ) ;
#740 = VECTOR ( 'NONE', #1114, 1000.000000000000000 ) ;
#741 = ORIENTED_EDGE ( 'NONE', *, *, #1743, .T. ) ;
#742 = VECTOR ( 'NONE', #3200, 1000.000000000000000 ) ;
#743 = PRESENTATION_LAYER_ASSIGNMENT (  '', '', ( #3751 ) ) ;
#744 = CARTESIAN_POINT ( 'NONE',  ( 0.2250000000000000056, -0.05000000000000000278, -0.6250000000000000000 ) ) ;
#745 = CARTESIAN_POINT ( 'NONE',  ( -0.5999999999999999778, -0.05000000000000000278, -1.500000000000000000 ) ) ;
#746 = CARTESIAN_POINT ( 'NONE',  ( -1.250000000000000000, 0.1499999999999999944, -0.8750000000000000000 ) ) ;
#747 = CARTESIAN_POINT ( 'NONE',  ( -0.9749999999999999778, 0.1499999999999999944, 0.8750000000000000000 ) ) ;
#748 = ORIENTED_EDGE ( 'NONE', *, *, #4762, .T. ) ;
#749 = DIRECTION ( 'NONE',  ( 1.000000000000000000, 0.000000000000000000, 0.000000000000000000 ) ) ;
#750 = CARTESIAN_POINT ( 'NONE',  ( -1.250000000000000000, -0.05000000000000000278, -0.3750000000000000000 ) ) ;
#751 = VECTOR ( 'NONE', #1617, 1000.000000000000000 ) ;
#752 =( GEOMETRIC_REPRESENTATION_CONTEXT ( 3 ) GLOBAL_UNCERTAINTY_ASSIGNED_CONTEXT ( ( #1599 ) ) GLOBAL_UNIT_ASSIGNED_CONTEXT ( ( #1387, #5981, #6466 ) ) REPRESENTATION_CONTEXT ( 'NONE', 'WORKASPACE' ) );
#753 =( NAMED_UNIT ( * ) PLANE_ANGLE_UNIT ( ) SI_UNIT ( $, .RADIAN. ) );
#754 = EDGE_CURVE ( 'NONE', #5765, #1256, #2238, .T. ) ;
#755 = FILL_AREA_STYLE ('',( #1203 ) ) ;
#756 = CARTESIAN_POINT ( 'NONE',  ( -1.250000000000000000, 0.1499999999999999944, 0.8750000000000000000 ) ) ;
#757 = ORIENTED_EDGE ( 'NONE', *, *, #4305, .T. ) ;
#758 = ADVANCED_FACE ( 'NONE', ( #4006 ), #4257, .T. ) ;
#759 = DIRECTION ( 'NONE',  ( 0.000000000000000000, 0.000000000000000000, 1.000000000000000000 ) ) ;
#760 =( NAMED_UNIT ( * ) SI_UNIT ( $, .STERADIAN. ) SOLID_ANGLE_UNIT ( ) );
#761 = FACE_OUTER_BOUND ( 'NONE', #448, .T. ) ;
#762 = COLOUR_RGB ( '',1.000000000000000000, 1.000000000000000000, 1.000000000000000000 ) ;
#763 = EDGE_LOOP ( 'NONE', ( #3650, #4326, #1928, #2507 ) ) ;
#764 = VECTOR ( 'NONE', #3778, 1000.000000000000000 ) ;
#765 = ORIENTED_EDGE ( 'NONE', *, *, #5336, .T. ) ;
#766 = DIRECTION ( 'NONE',  ( 1.000000000000000000, 0.000000000000000000, 0.000000000000000000 ) ) ;
#767 = SURFACE_STYLE_FILL_AREA ( #3167 ) ;
#768 = CARTESIAN_POINT ( 'NONE',  ( 0.7750000000000000222, 0.1499999999999999944, 1.224999999999999867 ) ) ;
#769 = DIRECTION ( 'NONE',  ( 0.000000000000000000, 0.000000000000000000, -1.000000000000000000 ) ) ;
#770 = UNCERTAINTY_MEASURE_WITH_UNIT (LENGTH_MEASURE( 1.000000000000000082E-05 ), #5531, 'distance_accuracy_value', 'NONE');
#771 = CARTESIAN_POINT ( 'NONE',  ( -0.9749999999999999778, -0.05000000000000000278, 0.6250000000000000000 ) ) ;
#772 = VERTEX_POINT ( 'NONE', #205 ) ;
#773 = DIRECTION ( 'NONE',  ( 0.000000000000000000, -1.000000000000000000, -0.000000000000000000 ) ) ;
#774 = UNCERTAINTY_MEASURE_WITH_UNIT (LENGTH_MEASURE( 1.000000000000000082E-05 ), #1624, 'distance_accuracy_value', 'NONE');
#775 = COLOUR_RGB ( '',1.000000000000000000, 1.000000000000000000, 1.000000000000000000 ) ;
#776 = LINE ( 'NONE', #2394, #5997 ) ;
#777 = SURFACE_SIDE_STYLE ('',( #5727 ) ) ;
#778 = ORIENTED_EDGE ( 'NONE', *, *, #3492, .T. ) ;
#779 =( LENGTH_UNIT ( ) NAMED_UNIT ( * ) SI_UNIT ( .MILLI., .METRE. ) );
#780 = LINE ( 'NONE', #2498, #5679 ) ;
#781 = SURFACE_SIDE_STYLE ('',( #5651 ) ) ;
#782 = VECTOR ( 'NONE', #735, 1000.000000000000000 ) ;
#783 = EDGE_CURVE ( 'NONE', #801, #6516, #6210, .T. ) ;
#784 = EDGE_CURVE ( 'NONE', #5659, #572, #2978, .T. ) ;
#785 = DIRECTION ( 'NONE',  ( -0.000000000000000000, -1.000000000000000000, -0.000000000000000000 ) ) ;
#786 = ADVANCED_FACE ( 'NONE', ( #2151 ), #5821, .F. ) ;
#787 = SURFACE_SIDE_STYLE ('',( #1722 ) ) ;
#788 =( NAMED_UNIT ( * ) SI_UNIT ( $, .STERADIAN. ) SOLID_ANGLE_UNIT ( ) );
#789 = STYLED_ITEM ( 'NONE', ( #3987 ), #1520 ) ;
#790 = PLANE ( 'NONE',  #6352 ) ;
#791 = CYLINDRICAL_SURFACE ( 'NONE', #976, 0.1250000000000000000 ) ;
#792 = DIRECTION ( 'NONE',  ( 0.000000000000000000, 0.000000000000000000, -1.000000000000000000 ) ) ;
#793 = PRESENTATION_STYLE_ASSIGNMENT (( #4359 ) ) ;
#794 = CARTESIAN_POINT ( 'NONE',  ( -1.250000000000000000, 0.9499999999999999556, -1.500000000000000000 ) ) ;
#795 = ORIENTED_EDGE ( 'NONE', *, *, #527, .F. ) ;
#796 = DIRECTION ( 'NONE',  ( 0.000000000000000000, 0.000000000000000000, -1.000000000000000000 ) ) ;
#797 = CARTESIAN_POINT ( 'NONE',  ( 0.7750000000000000222, 0.000000000000000000, -1.224999999999999867 ) ) ;
#798 = EDGE_CURVE ( 'NONE', #3506, #2989, #1068, .T. ) ;
#799 = ORIENTED_EDGE ( 'NONE', *, *, #2999, .F. ) ;
#800 = CARTESIAN_POINT ( 'NONE',  ( 1.250000000000000000, 0.1499999999999999944, 0.6250000000000000000 ) ) ;
#801 = VERTEX_POINT ( 'NONE', #3485 ) ;
#802 = VECTOR ( 'NONE', #4425, 1000.000000000000000 ) ;
#803 = VECTOR ( 'NONE', #4293, 1000.000000000000000 ) ;
#804 = VECTOR ( 'NONE', #4155, 1000.000000000000000 ) ;
#805 = MECHANICAL_DESIGN_GEOMETRIC_PRESENTATION_REPRESENTATION (  '', ( #3418 ), #1582 ) ;
#806 = UNCERTAINTY_MEASURE_WITH_UNIT (LENGTH_MEASURE( 1.000000000000000082E-05 ), #1707, 'distance_accuracy_value', 'NONE');
#807 = ORIENTED_EDGE ( 'NONE', *, *, #4044, .T. ) ;
#808 = DIRECTION ( 'NONE',  ( -1.000000000000000000, 0.000000000000000000, 0.000000000000000000 ) ) ;
#809 = FILL_AREA_STYLE ('',( #6375 ) ) ;
#810 = PRESENTATION_STYLE_ASSIGNMENT (( #2534 ) ) ;
#811 = DIRECTION ( 'NONE',  ( -0.000000000000000000, 0.000000000000000000, 1.000000000000000000 ) ) ;
#812 = LINE ( 'NONE', #1628, #1975 ) ;
#813 = LINE ( 'NONE', #1664, #5549 ) ;
#814 = UNCERTAINTY_MEASURE_WITH_UNIT (LENGTH_MEASURE( 1.000000000000000082E-05 ), #5132, 'distance_accuracy_value', 'NONE');
#815 =( LENGTH_UNIT ( ) NAMED_UNIT ( * ) SI_UNIT ( .MILLI., .METRE. ) );
#816 = VERTEX_POINT ( 'NONE', #4992 ) ;
#817 = EDGE_LOOP ( 'NONE', ( #3917, #5537, #1564, #1450 ) ) ;
#818 = DIRECTION ( 'NONE',  ( 0.000000000000000000, 0.000000000000000000, 1.000000000000000000 ) ) ;
#819 =( GEOMETRIC_REPRESENTATION_CONTEXT ( 3 ) GLOBAL_UNCERTAINTY_ASSIGNED_CONTEXT ( ( #4424 ) ) GLOBAL_UNIT_ASSIGNED_CONTEXT ( ( #3667, #4168, #3620 ) ) REPRESENTATION_CONTEXT ( 'NONE', 'WORKASPACE' ) );
#820 = VECTOR ( 'NONE', #5597, 1000.000000000000000 ) ;
#821 = FILL_AREA_STYLE ('',( #6398 ) ) ;
#822 = VECTOR ( 'NONE', #6185, 1000.000000000000000 ) ;
#823 = VERTEX_POINT ( 'NONE', #1899 ) ;
#824 =( GEOMETRIC_REPRESENTATION_CONTEXT ( 3 ) GLOBAL_UNCERTAINTY_ASSIGNED_CONTEXT ( ( #1630 ) ) GLOBAL_UNIT_ASSIGNED_CONTEXT ( ( #2128, #3715, #3152 ) ) REPRESENTATION_CONTEXT ( 'NONE', 'WORKASPACE' ) );
#825 = VECTOR ( 'NONE', #3593, 1000.000000000000000 ) ;
#826 = DIRECTION ( 'NONE',  ( 0.000000000000000000, -1.000000000000000000, 0.000000000000000000 ) ) ;
#827 = LINE ( 'NONE', #2278, #3189 ) ;
#828 = STYLED_ITEM ( 'NONE', ( #436 ), #854 ) ;
#829 = ORIENTED_EDGE ( 'NONE', *, *, #6441, .F. ) ;
#830 = EDGE_CURVE ( 'NONE', #4546, #5112, #596, .T. ) ;
#831 =( NAMED_UNIT ( * ) SI_UNIT ( $, .STERADIAN. ) SOLID_ANGLE_UNIT ( ) );
#832 = SURFACE_STYLE_USAGE ( .BOTH. , #5900 ) ;
#833 = CARTESIAN_POINT ( 'NONE',  ( 0.1499999999999999667, 0.000000000000000000, -1.224999999999999867 ) ) ;
#834 = DIRECTION ( 'NONE',  ( 0.000000000000000000, 0.000000000000000000, -1.000000000000000000 ) ) ;
#835 = CARTESIAN_POINT ( 'NONE',  ( -0.5999999999999999778, 0.1499999999999999944, -1.500000000000000000 ) ) ;
#836 = ORIENTED_EDGE ( 'NONE', *, *, #4714, .F. ) ;
#837 = AXIS2_PLACEMENT_3D ( 'NONE', #5483, #1454, #2455 ) ;
#838 = FACE_OUTER_BOUND ( 'NONE', #3854, .T. ) ;
#839 = EDGE_CURVE ( 'NONE', #1566, #1855, #3435, .T. ) ;
#840 = ORIENTED_EDGE ( 'NONE', *, *, #839, .F. ) ;
#841 = EDGE_LOOP ( 'NONE', ( #5809, #4669, #4410, #6265 ) ) ;
#842 = EDGE_CURVE ( 'NONE', #3420, #1002, #4485, .T. ) ;
#843 = CARTESIAN_POINT ( 'NONE',  ( 1.250000000000000000, 0.000000000000000000, -1.500000000000000000 ) ) ;
#844 = ORIENTED_EDGE ( 'NONE', *, *, #6121, .F. ) ;
#845 = ORIENTED_EDGE ( 'NONE', *, *, #1158, .F. ) ;
#846 = CARTESIAN_POINT ( 'NONE',  ( 0.4000000000000000222, 0.1499999999999999944, -1.500000000000000000 ) ) ;
#847 = AXIS2_PLACEMENT_3D ( 'NONE', #2617, #5102, #529 ) ;
#848 = ADVANCED_FACE ( 'NONE', ( #5260 ), #2377, .F. ) ;
#849 = CIRCLE ( 'NONE', #6521, 0.1250000000000001110 ) ;
#850 = ORIENTED_EDGE ( 'NONE', *, *, #4904, .T. ) ;
#851 =( NAMED_UNIT ( * ) SI_UNIT ( $, .STERADIAN. ) SOLID_ANGLE_UNIT ( ) );
#852 = UNCERTAINTY_MEASURE_WITH_UNIT (LENGTH_MEASURE( 1.000000000000000082E-05 ), #1755, 'distance_accuracy_value', 'NONE');
#853 =( LENGTH_UNIT ( ) NAMED_UNIT ( * ) SI_UNIT ( .MILLI., .METRE. ) );
#854 = MANIFOLD_SOLID_BREP ( 'Boss-Extrude4[8]', #3144 ) ;
#855 = CYLINDRICAL_SURFACE ( 'NONE', #4238, 0.1250000000000000278 ) ;
#856 = MECHANICAL_DESIGN_GEOMETRIC_PRESENTATION_REPRESENTATION (  '', ( #726 ), #3912 ) ;
#857 =( NAMED_UNIT ( * ) SI_UNIT ( $, .STERADIAN. ) SOLID_ANGLE_UNIT ( ) );
#858 = COLOUR_RGB ( '',1.000000000000000000, 1.000000000000000000, 1.000000000000000000 ) ;
#859 = DIRECTION ( 'NONE',  ( -0.000000000000000000, -1.000000000000000000, -0.000000000000000000 ) ) ;
#860 = LINE ( 'NONE', #4990, #4028 ) ;
#861 = CARTESIAN_POINT ( 'NONE',  ( -0.3499999999999999778, 0.1499999999999999944, 1.500000000000000000 ) ) ;
#862 = ORIENTED_EDGE ( 'NONE', *, *, #3050, .F. ) ;
#863 = EDGE_CURVE ( 'NONE', #2562, #737, #4408, .T. ) ;
#864 = LINE ( 'NONE', #5593, #1328 ) ;
#865 = UNCERTAINTY_MEASURE_WITH_UNIT (LENGTH_MEASURE( 1.000000000000000082E-05 ), #3535, 'distance_accuracy_value', 'NONE');
#866 =( GEOMETRIC_REPRESENTATION_CONTEXT ( 3 ) GLOBAL_UNCERTAINTY_ASSIGNED_CONTEXT ( ( #2344 ) ) GLOBAL_UNIT_ASSIGNED_CONTEXT ( ( #3149, #2038, #6177 ) ) REPRESENTATION_CONTEXT ( 'NONE', 'WORKASPACE' ) );
#867 = VERTEX_POINT ( 'NONE', #4635 ) ;
#868 = SURFACE_STYLE_FILL_AREA ( #1532 ) ;
#869 =( GEOMETRIC_REPRESENTATION_CONTEXT ( 3 ) GLOBAL_UNCERTAINTY_ASSIGNED_CONTEXT ( ( #4106 ) ) GLOBAL_UNIT_ASSIGNED_CONTEXT ( ( #1286, #3344, #788 ) ) REPRESENTATION_CONTEXT ( 'NONE', 'WORKASPACE' ) );
#870 = EDGE_CURVE ( 'NONE', #6479, #3483, #987, .T. ) ;
#871 = CARTESIAN_POINT ( 'NONE',  ( -0.1000000000000000056, 0.1499999999999999944, -1.500000000000000000 ) ) ;
#872 = CARTESIAN_POINT ( 'NONE',  ( -0.1000000000000000056, 0.1499999999999999944, -1.500000000000000000 ) ) ;
#873 = VERTEX_POINT ( 'NONE', #3053 ) ;
#874 = CARTESIAN_POINT ( 'NONE',  ( 1.250000000000000000, 0.9499999999999999556, 1.500000000000000000 ) ) ;
#875 = DIRECTION ( 'NONE',  ( -0.000000000000000000, -1.000000000000000000, -0.000000000000000000 ) ) ;
#876 = VECTOR ( 'NONE', #6307, 1000.000000000000000 ) ;
#877 = ADVANCED_FACE ( 'NONE', ( #4243 ), #5738, .T. ) ;
#878 = CARTESIAN_POINT ( 'NONE',  ( -0.8499999999999999778, -0.05000000000000000278, 1.500000000000000000 ) ) ;
#879 = VECTOR ( 'NONE', #1392, 1000.000000000000000 ) ;
#880 = VERTEX_POINT ( 'NONE', #3116 ) ;
#881 = DIRECTION ( 'NONE',  ( 0.000000000000000000, 0.000000000000000000, -1.000000000000000000 ) ) ;
#882 = DIRECTION ( 'NONE',  ( -0.000000000000000000, 1.000000000000000000, -0.000000000000000000 ) ) ;
#883 = ORIENTED_EDGE ( 'NONE', *, *, #5113, .F. ) ;
#884 = UNCERTAINTY_MEASURE_WITH_UNIT (LENGTH_MEASURE( 1.000000000000000082E-05 ), #5202, 'distance_accuracy_value', 'NONE');
#885 =( NAMED_UNIT ( * ) PLANE_ANGLE_UNIT ( ) SI_UNIT ( $, .RADIAN. ) );
#886 = ORIENTED_EDGE ( 'NONE', *, *, #4022, .T. ) ;
#887 = ORIENTED_EDGE ( 'NONE', *, *, #6411, .F. ) ;
#888 = CARTESIAN_POINT ( 'NONE',  ( 0.9000000000000000222, -0.05000000000000000278, 1.500000000000000000 ) ) ;
#889 = PLANE ( 'NONE',  #5210 ) ;
#890 =( GEOMETRIC_REPRESENTATION_CONTEXT ( 3 ) GLOBAL_UNCERTAINTY_ASSIGNED_CONTEXT ( ( #5266 ) ) GLOBAL_UNIT_ASSIGNED_CONTEXT ( ( #1685, #5247, #2189 ) ) REPRESENTATION_CONTEXT ( 'NONE', 'WORKASPACE' ) );
#891 = LINE ( 'NONE', #1483, #820 ) ;
#892 = COLOUR_RGB ( '',1.000000000000000000, 1.000000000000000000, 1.000000000000000000 ) ;
#893 = SURFACE_SIDE_STYLE ('',( #5212 ) ) ;
#894 = ORIENTED_EDGE ( 'NONE', *, *, #5361, .T. ) ;
#895 = CARTESIAN_POINT ( 'NONE',  ( -0.3499999999999999778, -0.000000000000000000, -1.224999999999999867 ) ) ;
#896 = ORIENTED_EDGE ( 'NONE', *, *, #5267, .F. ) ;
#897 = FILL_AREA_STYLE_COLOUR ( '', #1658 ) ;
#898 = STYLED_ITEM ( 'NONE', ( #1312 ), #3580 ) ;
#899 = LINE ( 'NONE', #3120, #825 ) ;
#900 = AXIS2_PLACEMENT_3D ( 'NONE', #2920, #5450, #1984 ) ;
#901 = ORIENTED_EDGE ( 'NONE', *, *, #1370, .T. ) ;
#902 = CARTESIAN_POINT ( 'NONE',  ( -0.5999999999999999778, 0.1499999999999999944, -1.224999999999999867 ) ) ;
#903 = PRESENTATION_STYLE_ASSIGNMENT (( #3942 ) ) ;
#904 =( NAMED_UNIT ( * ) PLANE_ANGLE_UNIT ( ) SI_UNIT ( $, .RADIAN. ) );
#905 = AXIS2_PLACEMENT_3D ( 'NONE', #1858, #343, #5417 ) ;
#906 = DIRECTION ( 'NONE',  ( -0.000000000000000000, 1.000000000000000000, -0.000000000000000000 ) ) ;
#907 = EDGE_CURVE ( 'NONE', #2989, #2582, #2898, .T. ) ;
#908 = VERTEX_POINT ( 'NONE', #2154 ) ;
#909 = PLANE ( 'NONE',  #3467 ) ;
#910 = CARTESIAN_POINT ( 'NONE',  ( 0.1499999999999999667, 0.1499999999999999944, -1.224999999999999867 ) ) ;
#911 = LINE ( 'NONE', #5285, #1606 ) ;
#912 = CARTESIAN_POINT ( 'NONE',  ( 0.9000000000000000222, 0.1499999999999999944, 1.500000000000000000 ) ) ;
#913 = PRESENTATION_STYLE_ASSIGNMENT (( #4852 ) ) ;
#914 = CARTESIAN_POINT ( 'NONE',  ( -0.9749999999999999778, 0.1499999999999999944, 0.7500000000000000000 ) ) ;
#915 = ORIENTED_EDGE ( 'NONE', *, *, #3321, .T. ) ;
#916 = EDGE_CURVE ( 'NONE', #961, #4013, #1380, .T. ) ;
#917 = FILL_AREA_STYLE ('',( #897 ) ) ;
#918 = ORIENTED_EDGE ( 'NONE', *, *, #3841, .T. ) ;
#919 =( NAMED_UNIT ( * ) SI_UNIT ( $, .STERADIAN. ) SOLID_ANGLE_UNIT ( ) );
#920 = FILL_AREA_STYLE_COLOUR ( '', #4446 ) ;
#921 = PLANE ( 'NONE',  #2600 ) ;
#922 = LINE ( 'NONE', #1889, #1859 ) ;
#923 = FILL_AREA_STYLE ('',( #2925 ) ) ;
#924 = EDGE_CURVE ( 'NONE', #3338, #4640, #1220, .T. ) ;
#925 = MECHANICAL_DESIGN_GEOMETRIC_PRESENTATION_REPRESENTATION (  '', ( #4579 ), #3857 ) ;
#926 = ORIENTED_EDGE ( 'NONE', *, *, #5743, .F. ) ;
#927 = LINE ( 'NONE', #5198, #3699 ) ;
#928 = FACE_OUTER_BOUND ( 'NONE', #6444, .T. ) ;
#929 = DIRECTION ( 'NONE',  ( 1.000000000000000000, 0.000000000000000000, 0.000000000000000000 ) ) ;
#930 = CARTESIAN_POINT ( 'NONE',  ( 0.9000000000000000222, 0.1499999999999999944, -1.500000000000000000 ) ) ;
#931 = CARTESIAN_POINT ( 'NONE',  ( -0.9500000000000000666, 0.9000000000000000222, -1.014999999999999902 ) ) ;
#932 = DIRECTION ( 'NONE',  ( 0.000000000000000000, 0.000000000000000000, -1.000000000000000000 ) ) ;
#933 = PRESENTATION_LAYER_ASSIGNMENT (  '', '', ( #4667 ) ) ;
#934 = DIRECTION ( 'NONE',  ( -0.000000000000000000, -1.000000000000000000, -0.000000000000000000 ) ) ;
#935 = PRESENTATION_STYLE_ASSIGNMENT (( #2602 ) ) ;
#936 =( NAMED_UNIT ( * ) SI_UNIT ( $, .STERADIAN. ) SOLID_ANGLE_UNIT ( ) );
#937 = CARTESIAN_POINT ( 'NONE',  ( -0.7249999999999999778, 0.1499999999999999944, -1.224999999999999867 ) ) ;
#938 = ORIENTED_EDGE ( 'NONE', *, *, #1929, .T. ) ;
#939 = DIRECTION ( 'NONE',  ( 0.000000000000000000, 0.000000000000000000, -1.000000000000000000 ) ) ;
#940 = MECHANICAL_DESIGN_GEOMETRIC_PRESENTATION_REPRESENTATION (  '', ( #5477 ), #5825 ) ;
#941 = AXIS2_PLACEMENT_3D ( 'NONE', #1360, #5300, #4877 ) ;
#942 = EDGE_CURVE ( 'NONE', #2227, #3453, #523, .T. ) ;
#943 = ORIENTED_EDGE ( 'NONE', *, *, #3841, .F. ) ;
#944 = COLOUR_RGB ( '',1.000000000000000000, 1.000000000000000000, 1.000000000000000000 ) ;
#945 =( NAMED_UNIT ( * ) PLANE_ANGLE_UNIT ( ) SI_UNIT ( $, .RADIAN. ) );
#946 = CARTESIAN_POINT ( 'NONE',  ( -1.250000000000000000, -0.000000000000000000, -0.3750000000000000000 ) ) ;
#947 = SURFACE_STYLE_USAGE ( .BOTH. , #1952 ) ;
#948 = ADVANCED_FACE ( 'NONE', ( #4331 ), #1759, .T. ) ;
#949 = EDGE_LOOP ( 'NONE', ( #2912 ) ) ;
#950 = ORIENTED_EDGE ( 'NONE', *, *, #592, .T. ) ;
#951 = SURFACE_STYLE_USAGE ( .BOTH. , #997 ) ;
#952 = MECHANICAL_DESIGN_GEOMETRIC_PRESENTATION_REPRESENTATION (  '', ( #4568 ), #2873 ) ;
#953 = DIRECTION ( 'NONE',  ( 1.000000000000000000, 0.000000000000000000, 0.000000000000000000 ) ) ;
#954 = LINE ( 'NONE', #6494, #2688 ) ;
#955 = STYLED_ITEM ( 'NONE', ( #4144 ), #96 ) ;
#956 =( NAMED_UNIT ( * ) SI_UNIT ( $, .STERADIAN. ) SOLID_ANGLE_UNIT ( ) );
#957 = LINE ( 'NONE', #747, #4528 ) ;
#958 = VECTOR ( 'NONE', #1339, 1000.000000000000000 ) ;
#959 = DIRECTION ( 'NONE',  ( -0.000000000000000000, 1.000000000000000000, -0.000000000000000000 ) ) ;
#960 = ORIENTED_EDGE ( 'NONE', *, *, #6213, .F. ) ;
#961 = VERTEX_POINT ( 'NONE', #6218 ) ;
#962 = CARTESIAN_POINT ( 'NONE',  ( -0.1000000000000000056, -0.05000000000000000278, -1.500000000000000000 ) ) ;
#963 = UNCERTAINTY_MEASURE_WITH_UNIT (LENGTH_MEASURE( 1.000000000000000082E-05 ), #2168, 'distance_accuracy_value', 'NONE');
#964 = PLANE ( 'NONE',  #1054 ) ;
#965 = PLANE ( 'NONE',  #2449 ) ;
#966 = ORIENTED_EDGE ( 'NONE', *, *, #3412, .F. ) ;
#967 = EDGE_LOOP ( 'NONE', ( #1316, #1579, #4148, #5334 ) ) ;
#968 = FILL_AREA_STYLE_COLOUR ( '', #2887 ) ;
#969 =( NAMED_UNIT ( * ) PLANE_ANGLE_UNIT ( ) SI_UNIT ( $, .RADIAN. ) );
#970 = CIRCLE ( 'NONE', #3318, 0.1250000000000000278 ) ;
#971 = DIRECTION ( 'NONE',  ( 0.000000000000000000, -1.000000000000000000, 0.000000000000000000 ) ) ;
#972 = LINE ( 'NONE', #3069, #3829 ) ;
#973 = PRESENTATION_STYLE_ASSIGNMENT (( #2474 ) ) ;
#974 = PLANE ( 'NONE',  #1738 ) ;
#975 = VERTEX_POINT ( 'NONE', #5834 ) ;
#976 = AXIS2_PLACEMENT_3D ( 'NONE', #4721, #171, #4680 ) ;
#977 = DIRECTION ( 'NONE',  ( -4.928191693115928181E-17, 0.000000000000000000, 1.000000000000000000 ) ) ;
#978 = ORIENTED_EDGE ( 'NONE', *, *, #3073, .F. ) ;
#979 = DIRECTION ( 'NONE',  ( 1.000000000000000000, 0.000000000000000000, 0.000000000000000000 ) ) ;
#980 = CARTESIAN_POINT ( 'NONE',  ( 0.2250000000000000056, 0.000000000000000000, 0.5000000000000000000 ) ) ;
#981 = CIRCLE ( 'NONE', #5594, 0.1250000000000001110 ) ;
#982 =( NAMED_UNIT ( * ) PLANE_ANGLE_UNIT ( ) SI_UNIT ( $, .RADIAN. ) );
#983 = EDGE_LOOP ( 'NONE', ( #4719, #5734, #1638, #1804 ) ) ;
#984 = DIRECTION ( 'NONE',  ( 0.000000000000000000, 0.000000000000000000, 1.000000000000000000 ) ) ;
#985 = AXIS2_PLACEMENT_3D ( 'NONE', #3965, #1478, #2959 ) ;
#986 = SURFACE_STYLE_USAGE ( .BOTH. , #1542 ) ;
#987 = LINE ( 'NONE', #1175, #3130 ) ;
#988 = ORIENTED_EDGE ( 'NONE', *, *, #3921, .F. ) ;
#989 = DIRECTION ( 'NONE',  ( 0.000000000000000000, -1.000000000000000000, 0.000000000000000000 ) ) ;
#990 = ORIENTED_EDGE ( 'NONE', *, *, #4976, .F. ) ;
#991 = DIRECTION ( 'NONE',  ( 0.000000000000000000, 0.000000000000000000, -1.000000000000000000 ) ) ;
#992 = FILL_AREA_STYLE ('',( #5570 ) ) ;
#993 =( GEOMETRIC_REPRESENTATION_CONTEXT ( 3 ) GLOBAL_UNCERTAINTY_ASSIGNED_CONTEXT ( ( #5265 ) ) GLOBAL_UNIT_ASSIGNED_CONTEXT ( ( #1238, #1194, #694 ) ) REPRESENTATION_CONTEXT ( 'NONE', 'WORKASPACE' ) );
#994 = EDGE_CURVE ( 'NONE', #3579, #2367, #2892, .T. ) ;
#995 = ORIENTED_EDGE ( 'NONE', *, *, #5648, .T. ) ;
#996 = ORIENTED_EDGE ( 'NONE', *, *, #3953, .T. ) ;
#997 = SURFACE_SIDE_STYLE ('',( #320 ) ) ;
#998 = CARTESIAN_POINT ( 'NONE',  ( -0.9749999999999999778, -0.05000000000000000278, 0.6250000000000000000 ) ) ;
#999 = SURFACE_STYLE_FILL_AREA ( #1550 ) ;
#1000 = CARTESIAN_POINT ( 'NONE',  ( 0.2250000000000000056, 0.1499999999999999944, 0.3750000000000000000 ) ) ;
#1001 = CARTESIAN_POINT ( 'NONE',  ( -0.1250000000000000000, 0.1499999999999999944, -0.1250000000000000555 ) ) ;
#1002 = VERTEX_POINT ( 'NONE', #4766 ) ;
#1003 = EDGE_CURVE ( 'NONE', #1505, #908, #1143, .T. ) ;
#1004 = STYLED_ITEM ( 'NONE', ( #6176 ), #4119 ) ;
#1005 = COLOUR_RGB ( '',0.7921568627450980005, 0.8196078431372548767, 0.9333333333333333481 ) ;
#1006 = FILL_AREA_STYLE ('',( #3001 ) ) ;
#1007 = CARTESIAN_POINT ( 'NONE',  ( -0.8499999999999999778, 0.1499999999999999944, 1.224999999999999867 ) ) ;
#1008 = DIRECTION ( 'NONE',  ( 0.000000000000000000, -0.000000000000000000, -1.000000000000000000 ) ) ;
#1009 = CARTESIAN_POINT ( 'NONE',  ( 0.9000000000000000222, 0.1499999999999999944, -1.224999999999999867 ) ) ;
#1010 = EDGE_LOOP ( 'NONE', ( #2647, #943, #6193, #5319 ) ) ;
#1011 = LINE ( 'NONE', #5041, #237 ) ;
#1012 = SURFACE_STYLE_FILL_AREA ( #1015 ) ;
#1013 = CARTESIAN_POINT ( 'NONE',  ( 0.4000000000000000222, 0.000000000000000000, -1.500000000000000000 ) ) ;
#1014 =( NAMED_UNIT ( * ) PLANE_ANGLE_UNIT ( ) SI_UNIT ( $, .RADIAN. ) );
#1015 = FILL_AREA_STYLE ('',( #5091 ) ) ;
#1016 = CIRCLE ( 'NONE', #1250, 0.1250000000000001110 ) ;
#1017 = DIRECTION ( 'NONE',  ( 0.000000000000000000, -1.000000000000000000, 0.000000000000000000 ) ) ;
#1018 = AXIS2_PLACEMENT_3D ( 'NONE', #682, #5729, #2714 ) ;
#1019 = FACE_OUTER_BOUND ( 'NONE', #5954, .T. ) ;
#1020 = VECTOR ( 'NONE', #5139, 1000.000000000000000 ) ;
#1021 = STYLED_ITEM ( 'NONE', ( #4539 ), #6221 ) ;
#1022 = CARTESIAN_POINT ( 'NONE',  ( 0.3999999999999999667, 0.1499999999999999944, 1.500000000000000000 ) ) ;
#1023 = SURFACE_STYLE_FILL_AREA ( #992 ) ;
#1024 = EDGE_LOOP ( 'NONE', ( #500, #4752, #4988, #990 ) ) ;
#1025 = SURFACE_STYLE_FILL_AREA ( #5461 ) ;
#1026 =( LENGTH_UNIT ( ) NAMED_UNIT ( * ) SI_UNIT ( .MILLI., .METRE. ) );
#1027 = COLOUR_RGB ( '',0.7921568627450980005, 0.8196078431372548767, 0.9333333333333333481 ) ;
#1028 = AXIS2_PLACEMENT_3D ( 'NONE', #3226, #1253, #3274 ) ;
#1029 = CARTESIAN_POINT ( 'NONE',  ( -1.250000000000000000, 0.1499999999999999944, 0.1250000000000000000 ) ) ;
#1030 = EDGE_CURVE ( 'NONE', #5949, #6370, #5416, .T. ) ;
#1031 = CARTESIAN_POINT ( 'NONE',  ( 0.7750000000000000222, 0.1499999999999999944, -1.224999999999999867 ) ) ;
#1032 = VECTOR ( 'NONE', #6359, 1000.000000000000000 ) ;
#1033 = DIRECTION ( 'NONE',  ( 1.000000000000000000, 0.000000000000000000, 3.942553354492743901E-17 ) ) ;
#1034 = FILL_AREA_STYLE ('',( #5568 ) ) ;
#1035 = ORIENTED_EDGE ( 'NONE', *, *, #4689, .T. ) ;
#1036 = PLANE ( 'NONE',  #1803 ) ;
#1037 = LINE ( 'NONE', #2327, #6342 ) ;
#1038 =( GEOMETRIC_REPRESENTATION_CONTEXT ( 3 ) GLOBAL_UNCERTAINTY_ASSIGNED_CONTEXT ( ( #3595 ) ) GLOBAL_UNIT_ASSIGNED_CONTEXT ( ( #5980, #885, #425 ) ) REPRESENTATION_CONTEXT ( 'NONE', 'WORKASPACE' ) );
#1039 = ORIENTED_EDGE ( 'NONE', *, *, #4392, .T. ) ;
#1040 = LINE ( 'NONE', #3202, #2794 ) ;
#1041 = CARTESIAN_POINT ( 'NONE',  ( -0.1250000000000000000, 0.1499999999999999944, -4.241313930147960914E-17 ) ) ;
#1042 = MECHANICAL_DESIGN_GEOMETRIC_PRESENTATION_REPRESENTATION (  '', ( #4365 ), #3500 ) ;
#1043 = ORIENTED_EDGE ( 'NONE', *, *, #1456, .F. ) ;
#1044 = ORIENTED_EDGE ( 'NONE', *, *, #4510, .T. ) ;
#1045 = DIRECTION ( 'NONE',  ( 0.000000000000000000, -1.000000000000000000, 0.000000000000000000 ) ) ;
#1046 = LINE ( 'NONE', #6123, #4688 ) ;
#1047 = VECTOR ( 'NONE', #3590, 1000.000000000000000 ) ;
#1048 = ORIENTED_EDGE ( 'NONE', *, *, #2167, .T. ) ;
#1049 = DIRECTION ( 'NONE',  ( 0.000000000000000000, -0.000000000000000000, 1.000000000000000000 ) ) ;
#1050 = UNCERTAINTY_MEASURE_WITH_UNIT (LENGTH_MEASURE( 1.000000000000000082E-05 ), #2075, 'distance_accuracy_value', 'NONE');
#1051 = ADVANCED_FACE ( 'NONE', ( #4878 ), #1198, .T. ) ;
#1052 = LINE ( 'NONE', #2489, #3905 ) ;
#1053 = EDGE_CURVE ( 'NONE', #1490, #4149, #3749, .T. ) ;
#1054 = AXIS2_PLACEMENT_3D ( 'NONE', #2491, #1469, #6041 ) ;
#1055 = SURFACE_STYLE_FILL_AREA ( #144 ) ;
#1056 = LINE ( 'NONE', #2621, #822 ) ;
#1057 = FILL_AREA_STYLE ('',( #3539 ) ) ;
#1058 = VERTEX_POINT ( 'NONE', #3288 ) ;
#1059 = FILL_AREA_STYLE_COLOUR ( '', #5051 ) ;
#1060 = PLANE ( 'NONE',  #2793 ) ;
#1061 = CARTESIAN_POINT ( 'NONE',  ( 0.9000000000000000222, 0.1499999999999999944, 1.224999999999999867 ) ) ;
#1062 = DIRECTION ( 'NONE',  ( -0.000000000000000000, 1.000000000000000000, -0.000000000000000000 ) ) ;
#1063 = AXIS2_PLACEMENT_3D ( 'NONE', #4187, #4603, #1210 ) ;
#1064 = VERTEX_POINT ( 'NONE', #771 ) ;
#1065 = STYLED_ITEM ( 'NONE', ( #5772 ), #3014 ) ;
#1066 = FACE_OUTER_BOUND ( 'NONE', #763, .T. ) ;
#1067 = CARTESIAN_POINT ( 'NONE',  ( -0.5999999999999999778, 0.1499999999999999944, -1.500000000000000000 ) ) ;
#1068 = LINE ( 'NONE', #421, #6281 ) ;
#1069 = MECHANICAL_DESIGN_GEOMETRIC_PRESENTATION_REPRESENTATION (  '', ( #395 ), #309 ) ;
#1070 = ORIENTED_EDGE ( 'NONE', *, *, #5991, .T. ) ;
#1071 = FACE_OUTER_BOUND ( 'NONE', #817, .T. ) ;
#1072 = SURFACE_SIDE_STYLE ('',( #3734 ) ) ;
#1073 = ORIENTED_EDGE ( 'NONE', *, *, #6458, .T. ) ;
#1074 = CARTESIAN_POINT ( 'NONE',  ( 0.7750000000000000222, 0.000000000000000000, -1.100000000000000089 ) ) ;
#1075 = CARTESIAN_POINT ( 'NONE',  ( -1.250000000000000000, 0.1499999999999999944, -0.8750000000000000000 ) ) ;
#1076 = AXIS2_PLACEMENT_3D ( 'NONE', #1255, #5894, #2333 ) ;
#1077 = FACE_OUTER_BOUND ( 'NONE', #3730, .T. ) ;
#1078 = ORIENTED_EDGE ( 'NONE', *, *, #186, .T. ) ;
#1079 = CARTESIAN_POINT ( 'NONE',  ( 0.4000000000000000222, 0.1499999999999999944, 1.350000000000000089 ) ) ;
#1080 = VERTEX_POINT ( 'NONE', #5227 ) ;
#1081 = DIRECTION ( 'NONE',  ( 0.000000000000000000, 0.000000000000000000, 1.000000000000000000 ) ) ;
#1082 = FILL_AREA_STYLE_COLOUR ( '', #775 ) ;
#1083 = LINE ( 'NONE', #602, #5839 ) ;
#1084 = PRESENTATION_LAYER_ASSIGNMENT (  '', '', ( #6248 ) ) ;
#1085 = DIRECTION ( 'NONE',  ( 1.000000000000000000, 0.000000000000000000, 0.000000000000000000 ) ) ;
#1086 = DIRECTION ( 'NONE',  ( 0.000000000000000000, -1.000000000000000000, 0.000000000000000000 ) ) ;
#1087 =( NAMED_UNIT ( * ) SI_UNIT ( $, .STERADIAN. ) SOLID_ANGLE_UNIT ( ) );
#1088 = VECTOR ( 'NONE', #4836, 1000.000000000000000 ) ;
#1089 = ORIENTED_EDGE ( 'NONE', *, *, #1170, .T. ) ;
#1090 = AXIS2_PLACEMENT_3D ( 'NONE', #6518, #1923, #2448 ) ;
#1091 = DIRECTION ( 'NONE',  ( 0.000000000000000000, 0.000000000000000000, -1.000000000000000000 ) ) ;
#1092 = COLOUR_RGB ( '',1.000000000000000000, 1.000000000000000000, 1.000000000000000000 ) ;
#1093 = CARTESIAN_POINT ( 'NONE',  ( 1.250000000000000000, -0.05000000000000000278, -0.6250000000000000000 ) ) ;
#1094 = FILL_AREA_STYLE_COLOUR ( '', #762 ) ;
#1095 = CARTESIAN_POINT ( 'NONE',  ( -0.9749999999999999778, 0.1499999999999999944, 0.7500000000000000000 ) ) ;
#1096 =( LENGTH_UNIT ( ) NAMED_UNIT ( * ) SI_UNIT ( .MILLI., .METRE. ) );
#1097 = SURFACE_STYLE_USAGE ( .BOTH. , #3527 ) ;
#1098 =( NAMED_UNIT ( * ) PLANE_ANGLE_UNIT ( ) SI_UNIT ( $, .RADIAN. ) );
#1099 = AXIS2_PLACEMENT_3D ( 'NONE', #5376, #6358, #1260 ) ;
#1100 = LINE ( 'NONE', #1600, #1631 ) ;
#1101 = FILL_AREA_STYLE_COLOUR ( '', #1173 ) ;
#1102 = ORIENTED_EDGE ( 'NONE', *, *, #4510, .F. ) ;
#1103 = DIRECTION ( 'NONE',  ( -1.000000000000000000, 0.000000000000000000, 0.000000000000000000 ) ) ;
#1104 = PRESENTATION_STYLE_ASSIGNMENT (( #3071 ) ) ;
#1105 = VERTEX_POINT ( 'NONE', #4246 ) ;
#1106 = SURFACE_SIDE_STYLE ('',( #999 ) ) ;
#1107 = DIRECTION ( 'NONE',  ( -0.000000000000000000, 1.000000000000000000, -0.000000000000000000 ) ) ;
#1108 = CARTESIAN_POINT ( 'NONE',  ( -1.250000000000000000, 0.1499999999999999944, 0.1250000000000000000 ) ) ;
#1109 = ORIENTED_EDGE ( 'NONE', *, *, #924, .T. ) ;
#1110 = EDGE_CURVE ( 'NONE', #128, #2770, #1214, .T. ) ;
#1111 = ORIENTED_EDGE ( 'NONE', *, *, #5406, .T. ) ;
#1112 = PRESENTATION_STYLE_ASSIGNMENT (( #1311 ) ) ;
#1113 = STYLED_ITEM ( 'NONE', ( #1773 ), #5164 ) ;
#1114 = DIRECTION ( 'NONE',  ( -0.000000000000000000, 1.000000000000000000, -0.000000000000000000 ) ) ;
#1115 = ORIENTED_EDGE ( 'NONE', *, *, #2747, .T. ) ;
#1116 = CIRCLE ( 'NONE', #6284, 0.1250000000000001110 ) ;
#1117 = DIRECTION ( 'NONE',  ( -1.000000000000000000, 0.000000000000000000, 0.000000000000000000 ) ) ;
#1118 = VERTEX_POINT ( 'NONE', #872 ) ;
#1119 = ORIENTED_EDGE ( 'NONE', *, *, #4401, .F. ) ;
#1120 = CARTESIAN_POINT ( 'NONE',  ( 0.000000000000000000, 0.1499999999999999944, 0.000000000000000000 ) ) ;
#1121 = AXIS2_PLACEMENT_3D ( 'NONE', #4113, #4614, #2067 ) ;
#1122 = VECTOR ( 'NONE', #4894, 1000.000000000000000 ) ;
#1123 =( NAMED_UNIT ( * ) SI_UNIT ( $, .STERADIAN. ) SOLID_ANGLE_UNIT ( ) );
#1124 = CARTESIAN_POINT ( 'NONE',  ( 0.1499999999999999667, 0.1499999999999999944, -1.500000000000000000 ) ) ;
#1125 = CARTESIAN_POINT ( 'NONE',  ( -1.250000000000000000, -0.05000000000000000278, 0.3750000000000000000 ) ) ;
#1127 = CIRCLE ( 'NONE', #4684, 0.1250000000000000000 ) ;
#1126 = SURFACE_STYLE_USAGE ( .BOTH. , #3206 ) ;
#1128 =( NAMED_UNIT ( * ) PLANE_ANGLE_UNIT ( ) SI_UNIT ( $, .RADIAN. ) );
#1129 = ORIENTED_EDGE ( 'NONE', *, *, #4401, .T. ) ;
#1130 = ORIENTED_EDGE ( 'NONE', *, *, #5890, .T. ) ;
#1131 = LINE ( 'NONE', #1786, #2631 ) ;
#1132 = VECTOR ( 'NONE', #1091, 1000.000000000000000 ) ;
#1133 = CARTESIAN_POINT ( 'NONE',  ( 0.2750000000000000222, 0.1499999999999999944, 1.099999999999999867 ) ) ;
#1134 = UNCERTAINTY_MEASURE_WITH_UNIT (LENGTH_MEASURE( 1.000000000000000082E-05 ), #150, 'distance_accuracy_value', 'NONE');
#1135 = VERTEX_POINT ( 'NONE', #1309 ) ;
#1136 = UNCERTAINTY_MEASURE_WITH_UNIT (LENGTH_MEASURE( 1.000000000000000082E-05 ), #3709, 'distance_accuracy_value', 'NONE');
#1137 = VECTOR ( 'NONE', #267, 1000.000000000000000 ) ;
#1138 =( NAMED_UNIT ( * ) SI_UNIT ( $, .STERADIAN. ) SOLID_ANGLE_UNIT ( ) );
#1139 = SURFACE_STYLE_USAGE ( .BOTH. , #6216 ) ;
#1140 = VERTEX_POINT ( 'NONE', #1326 ) ;
#1141 =( GEOMETRIC_REPRESENTATION_CONTEXT ( 3 ) GLOBAL_UNCERTAINTY_ASSIGNED_CONTEXT ( ( #6231 ) ) GLOBAL_UNIT_ASSIGNED_CONTEXT ( ( #853, #2364, #2346 ) ) REPRESENTATION_CONTEXT ( 'NONE', 'WORKASPACE' ) );
#1142 = DIRECTION ( 'NONE',  ( -0.000000000000000000, 0.000000000000000000, -1.000000000000000000 ) ) ;
#1143 = LINE ( 'NONE', #1667, #197 ) ;
#1144 = DIRECTION ( 'NONE',  ( -0.000000000000000000, 1.000000000000000000, -0.000000000000000000 ) ) ;
#1145 = VERTEX_POINT ( 'NONE', #2366 ) ;
#1146 = CARTESIAN_POINT ( 'NONE',  ( -0.9749999999999999778, 0.1499999999999999944, 0.1250000000000000000 ) ) ;
#1147 = FACE_OUTER_BOUND ( 'NONE', #983, .T. ) ;
#1148 = CARTESIAN_POINT ( 'NONE',  ( -0.8499999999999999778, 0.1499999999999999944, -1.224999999999999867 ) ) ;
#1149 =( GEOMETRIC_REPRESENTATION_CONTEXT ( 3 ) GLOBAL_UNCERTAINTY_ASSIGNED_CONTEXT ( ( #4908 ) ) GLOBAL_UNIT_ASSIGNED_CONTEXT ( ( #3777, #4275, #760 ) ) REPRESENTATION_CONTEXT ( 'NONE', 'WORKASPACE' ) );
#1150 = ORIENTED_EDGE ( 'NONE', *, *, #2616, .T. ) ;
#1151 = ADVANCED_FACE ( 'NONE', ( #2722 ), #3820, .F. ) ;
#1152 = ORIENTED_EDGE ( 'NONE', *, *, #1258, .F. ) ;
#1153 = CYLINDRICAL_SURFACE ( 'NONE', #2591, 0.1249999999999998890 ) ;
#1154 = CARTESIAN_POINT ( 'NONE',  ( -0.7249999999999999778, 0.000000000000000000, 1.224999999999999867 ) ) ;
#1155 = CARTESIAN_POINT ( 'NONE',  ( -0.5999999999999999778, 0.1499999999999999944, 1.500000000000000000 ) ) ;
#1156 = PRESENTATION_LAYER_ASSIGNMENT (  '', '', ( #828 ) ) ;
#1157 = FILL_AREA_STYLE_COLOUR ( '', #489 ) ;
#1158 = EDGE_CURVE ( 'NONE', #5946, #6073, #5174, .T. ) ;
#1159 =( NAMED_UNIT ( * ) PLANE_ANGLE_UNIT ( ) SI_UNIT ( $, .RADIAN. ) );
#1160 = ORIENTED_EDGE ( 'NONE', *, *, #2729, .F. ) ;
#1161 = VECTOR ( 'NONE', #906, 1000.000000000000000 ) ;
#1162 = LINE ( 'NONE', #3470, #3774 ) ;
#1163 = DIRECTION ( 'NONE',  ( 1.000000000000000000, 0.000000000000000000, 0.000000000000000000 ) ) ;
#1164 = CARTESIAN_POINT ( 'NONE',  ( -0.9749999999999999778, -0.05000000000000000278, 0.7500000000000000000 ) ) ;
#1165 = EDGE_CURVE ( 'NONE', #1145, #4786, #123, .T. ) ;
#1166 = VECTOR ( 'NONE', #3724, 1000.000000000000000 ) ;
#1167 = ADVANCED_FACE ( 'NONE', ( #3996 ), #5428, .T. ) ;
#1168 =( NAMED_UNIT ( * ) SI_UNIT ( $, .STERADIAN. ) SOLID_ANGLE_UNIT ( ) );
#1169 = COLOUR_RGB ( '',1.000000000000000000, 1.000000000000000000, 1.000000000000000000 ) ;
#1170 = EDGE_CURVE ( 'NONE', #6135, #364, #5341, .T. ) ;
#1171 = PRESENTATION_LAYER_ASSIGNMENT (  '', '', ( #3808 ) ) ;
#1172 = DIRECTION ( 'NONE',  ( 1.000000000000000000, 0.000000000000000000, 0.000000000000000000 ) ) ;
#1173 = COLOUR_RGB ( '',1.000000000000000000, 1.000000000000000000, 1.000000000000000000 ) ;
#1174 = COLOUR_RGB ( '',1.000000000000000000, 1.000000000000000000, 1.000000000000000000 ) ;
#1175 = CARTESIAN_POINT ( 'NONE',  ( -0.8499999999999999778, -0.000000000000000000, -1.224999999999999867 ) ) ;
#1176 = VECTOR ( 'NONE', #4117, 1000.000000000000000 ) ;
#1177 = ADVANCED_FACE ( 'NONE', ( #6504 ), #329, .F. ) ;
#1178 = DIRECTION ( 'NONE',  ( 0.000000000000000000, 0.000000000000000000, 1.000000000000000000 ) ) ;
#1179 = ADVANCED_FACE ( 'NONE', ( #1752 ), #1890, .T. ) ;
#1180 = FACE_OUTER_BOUND ( 'NONE', #2748, .T. ) ;
#1181 = SURFACE_STYLE_USAGE ( .BOTH. , #4739 ) ;
#1182 = PRESENTATION_LAYER_ASSIGNMENT (  '', '', ( #3431 ) ) ;
#1183 = VERTEX_POINT ( 'NONE', #4467 ) ;
#1184 =( LENGTH_UNIT ( ) NAMED_UNIT ( * ) SI_UNIT ( .MILLI., .METRE. ) );
#1185 = FILL_AREA_STYLE_COLOUR ( '', #1610 ) ;
#1186 = VECTOR ( 'NONE', #5462, 1000.000000000000000 ) ;
#1187 = ORIENTED_EDGE ( 'NONE', *, *, #4264, .T. ) ;
#1188 = FILL_AREA_STYLE ('',( #1237 ) ) ;
#1189 = EDGE_LOOP ( 'NONE', ( #356, #1934, #1942, #5466 ) ) ;
#1190 = EDGE_CURVE ( 'NONE', #673, #5540, #4872, .T. ) ;
#1191 = ADVANCED_FACE ( 'NONE', ( #431 ), #2652, .F. ) ;
#1192 = ORIENTED_EDGE ( 'NONE', *, *, #3850, .F. ) ;
#1193 = VERTEX_POINT ( 'NONE', #4967 ) ;
#1194 =( NAMED_UNIT ( * ) PLANE_ANGLE_UNIT ( ) SI_UNIT ( $, .RADIAN. ) );
#1195 = CARTESIAN_POINT ( 'NONE',  ( 0.4000000000000000222, -0.05000000000000000278, -1.500000000000000000 ) ) ;
#1196 = FACE_OUTER_BOUND ( 'NONE', #5983, .T. ) ;
#1197 = DIRECTION ( 'NONE',  ( 0.000000000000000000, 0.000000000000000000, -1.000000000000000000 ) ) ;
#1198 = PLANE ( 'NONE',  #2148 ) ;
#1199 = FACE_OUTER_BOUND ( 'NONE', #4172, .T. ) ;
#1200 =( GEOMETRIC_REPRESENTATION_CONTEXT ( 3 ) GLOBAL_UNCERTAINTY_ASSIGNED_CONTEXT ( ( #5849 ) ) GLOBAL_UNIT_ASSIGNED_CONTEXT ( ( #3267, #753, #3822 ) ) REPRESENTATION_CONTEXT ( 'NONE', 'WORKASPACE' ) );
#1201 = ORIENTED_EDGE ( 'NONE', *, *, #4602, .F. ) ;
#1202 = EDGE_CURVE ( 'NONE', #130, #5228, #1448, .T. ) ;
#1203 = FILL_AREA_STYLE_COLOUR ( '', #858 ) ;
#1204 = SURFACE_STYLE_USAGE ( .BOTH. , #3706 ) ;
#1205 = FILL_AREA_STYLE_COLOUR ( '', #5331 ) ;
#1206 = CARTESIAN_POINT ( 'NONE',  ( 0.000000000000000000, 0.1499999999999999944, 0.000000000000000000 ) ) ;
#1207 = CARTESIAN_POINT ( 'NONE',  ( 0.2749999999999999667, 0.000000000000000000, -1.100000000000000089 ) ) ;
#1208 = ORIENTED_EDGE ( 'NONE', *, *, #411, .T. ) ;
#1209 = COLOUR_RGB ( '',0.7921568627450980005, 0.8196078431372548767, 0.9333333333333333481 ) ;
#1210 = DIRECTION ( 'NONE',  ( 0.000000000000000000, 0.000000000000000000, -1.000000000000000000 ) ) ;
#1211 = VERTEX_POINT ( 'NONE', #3893 ) ;
#1212 = SURFACE_STYLE_FILL_AREA ( #6544 ) ;
#1213 = CARTESIAN_POINT ( 'NONE',  ( 0.3999999999999999667, -0.05000000000000000278, 1.500000000000000000 ) ) ;
#1214 = LINE ( 'NONE', #2852, #3584 ) ;
#1215 = ADVANCED_FACE ( 'NONE', ( #6499 ), #3354, .F. ) ;
#1216 = ORIENTED_EDGE ( 'NONE', *, *, #3365, .F. ) ;
#1217 = PLANE ( 'NONE',  #3044 ) ;
#1218 = CARTESIAN_POINT ( 'NONE',  ( 0.6500000000000000222, -0.05000000000000000278, -1.350000000000000089 ) ) ;
#1219 = DIRECTION ( 'NONE',  ( 0.000000000000000000, -1.000000000000000000, 0.000000000000000000 ) ) ;
#1220 = LINE ( 'NONE', #4198, #1601 ) ;
#1221 = CARTESIAN_POINT ( 'NONE',  ( 0.2250000000000000056, 0.1499999999999999944, -0.3750000000000000000 ) ) ;
#1222 = ORIENTED_EDGE ( 'NONE', *, *, #6021, .T. ) ;
#1223 = DIRECTION ( 'NONE',  ( 0.000000000000000000, -1.000000000000000000, 0.000000000000000000 ) ) ;
#1224 = DIRECTION ( 'NONE',  ( -1.000000000000000000, 0.000000000000000000, 0.000000000000000000 ) ) ;
#1225 = VECTOR ( 'NONE', #559, 1000.000000000000000 ) ;
#1226 = EDGE_LOOP ( 'NONE', ( #657, #593, #1351, #2740 ) ) ;
#1227 = VERTEX_POINT ( 'NONE', #4332 ) ;
#1228 = DIRECTION ( 'NONE',  ( -0.000000000000000000, -1.000000000000000000, -0.000000000000000000 ) ) ;
#1229 =( LENGTH_UNIT ( ) NAMED_UNIT ( * ) SI_UNIT ( .MILLI., .METRE. ) );
#1230 = CARTESIAN_POINT ( 'NONE',  ( -0.3499999999999999778, 0.000000000000000000, -1.224999999999999867 ) ) ;
#1231 = SURFACE_STYLE_FILL_AREA ( #4730 ) ;
#1232 = MECHANICAL_DESIGN_GEOMETRIC_PRESENTATION_REPRESENTATION (  '', ( #6227 ), #4547 ) ;
#1233 = ORIENTED_EDGE ( 'NONE', *, *, #2390, .F. ) ;
#1234 = EDGE_CURVE ( 'NONE', #5972, #5710, #827, .T. ) ;
#1235 = ORIENTED_EDGE ( 'NONE', *, *, #3895, .T. ) ;
#1236 = DIRECTION ( 'NONE',  ( 0.000000000000000000, 0.000000000000000000, -1.000000000000000000 ) ) ;
#1237 = FILL_AREA_STYLE_COLOUR ( '', #3644 ) ;
#1238 =( LENGTH_UNIT ( ) NAMED_UNIT ( * ) SI_UNIT ( .MILLI., .METRE. ) );
#1239 =( GEOMETRIC_REPRESENTATION_CONTEXT ( 3 ) GLOBAL_UNCERTAINTY_ASSIGNED_CONTEXT ( ( #3683 ) ) GLOBAL_UNIT_ASSIGNED_CONTEXT ( ( #283, #6329, #3748 ) ) REPRESENTATION_CONTEXT ( 'NONE', 'WORKASPACE' ) );
#1240 = CARTESIAN_POINT ( 'NONE',  ( -0.2250000000000000056, -0.05000000000000000278, -1.224999999999999867 ) ) ;
#1241 = EDGE_CURVE ( 'NONE', #6274, #54, #3504, .T. ) ;
#1242 =( NAMED_UNIT ( * ) PLANE_ANGLE_UNIT ( ) SI_UNIT ( $, .RADIAN. ) );
#1243 = CARTESIAN_POINT ( 'NONE',  ( -0.8499999999999999778, -0.05000000000000000278, -1.500000000000000000 ) ) ;
#1244 = UNCERTAINTY_MEASURE_WITH_UNIT (LENGTH_MEASURE( 1.000000000000000082E-05 ), #3337, 'distance_accuracy_value', 'NONE');
#1245 = DIRECTION ( 'NONE',  ( 0.000000000000000000, -1.000000000000000000, 0.000000000000000000 ) ) ;
#1246 = CARTESIAN_POINT ( 'NONE',  ( -1.250000000000000000, -0.05000000000000000278, 0.1250000000000000000 ) ) ;
#1247 = PRESENTATION_LAYER_ASSIGNMENT (  '', '', ( #4596 ) ) ;
#1248 = DIRECTION ( 'NONE',  ( 0.000000000000000000, 0.000000000000000000, -1.000000000000000000 ) ) ;
#1249 = CARTESIAN_POINT ( 'NONE',  ( 1.250000000000000000, 0.000000000000000000, 1.500000000000000000 ) ) ;
#1250 = AXIS2_PLACEMENT_3D ( 'NONE', #2136, #2671, #87 ) ;
#1251 = FILL_AREA_STYLE_COLOUR ( '', #2906 ) ;
#1252 = EDGE_CURVE ( 'NONE', #1344, #3403, #5563, .T. ) ;
#1253 = DIRECTION ( 'NONE',  ( 3.942553354492743901E-17, 0.000000000000000000, -1.000000000000000000 ) ) ;
#1254 = PRODUCT_DEFINITION_CONTEXT ( 'detailed design', #1939, 'design' ) ;
#1255 = CARTESIAN_POINT ( 'NONE',  ( -1.250000000000000000, -0.05000000000000000278, -0.8750000000000000000 ) ) ;
#1256 = VERTEX_POINT ( 'NONE', #6048 ) ;
#1257 = ORIENTED_EDGE ( 'NONE', *, *, #1788, .F. ) ;
#1258 = EDGE_CURVE ( 'NONE', #5077, #5077, #1662, .T. ) ;
#1259 = SURFACE_STYLE_FILL_AREA ( #3459 ) ;
#1260 = DIRECTION ( 'NONE',  ( 0.000000000000000000, 0.000000000000000000, 1.000000000000000000 ) ) ;
#1261 = FILL_AREA_STYLE_COLOUR ( '', #1546 ) ;
#1262 = VECTOR ( 'NONE', #3856, 1000.000000000000000 ) ;
#1263 = FILL_AREA_STYLE ('',( #3612 ) ) ;
#1264 = ORIENTED_EDGE ( 'NONE', *, *, #3133, .T. ) ;
#1265 = ADVANCED_FACE ( 'NONE', ( #118 ), #921, .T. ) ;
#1266 = DIRECTION ( 'NONE',  ( -0.000000000000000000, 1.000000000000000000, -0.000000000000000000 ) ) ;
#1267 = ORIENTED_EDGE ( 'NONE', *, *, #2944, .T. ) ;
#1268 = DIRECTION ( 'NONE',  ( 0.000000000000000000, -0.000000000000000000, 1.000000000000000000 ) ) ;
#1269 = MECHANICAL_DESIGN_GEOMETRIC_PRESENTATION_REPRESENTATION (  '', ( #48 ), #604 ) ;
#1270 = CARTESIAN_POINT ( 'NONE',  ( 1.250000000000000000, 0.9499999999999999556, -1.500000000000000000 ) ) ;
#1271 = EDGE_LOOP ( 'NONE', ( #6045, #3174, #6354, #413 ) ) ;
#1272 = CIRCLE ( 'NONE', #5062, 0.1250000000000001110 ) ;
#1273 = ORIENTED_EDGE ( 'NONE', *, *, #5439, .T. ) ;
#1274 = PRESENTATION_LAYER_ASSIGNMENT (  '', '', ( #1400 ) ) ;
#1275 = SURFACE_SIDE_STYLE ('',( #4002 ) ) ;
#1276 = ORIENTED_EDGE ( 'NONE', *, *, #5394, .F. ) ;
#1277 = ORIENTED_EDGE ( 'NONE', *, *, #1728, .T. ) ;
#1278 = AXIS2_PLACEMENT_3D ( 'NONE', #4468, #1482, #1464 ) ;
#1279 = ADVANCED_FACE ( 'NONE', ( #1593 ), #3461, .F. ) ;
#1280 = PRESENTATION_LAYER_ASSIGNMENT (  '', '', ( #2864 ) ) ;
#1281 = SURFACE_STYLE_FILL_AREA ( #376 ) ;
#1282 = PRESENTATION_STYLE_ASSIGNMENT (( #5308 ) ) ;
#1283 = COLOUR_RGB ( '',1.000000000000000000, 1.000000000000000000, 1.000000000000000000 ) ;
#1284 = FACE_OUTER_BOUND ( 'NONE', #2058, .T. ) ;
#1285 = SURFACE_SIDE_STYLE ('',( #3409 ) ) ;
#1286 =( LENGTH_UNIT ( ) NAMED_UNIT ( * ) SI_UNIT ( .MILLI., .METRE. ) );
#1287 = ORIENTED_EDGE ( 'NONE', *, *, #3093, .F. ) ;
#1288 =( NAMED_UNIT ( * ) PLANE_ANGLE_UNIT ( ) SI_UNIT ( $, .RADIAN. ) );
#1289 = DIRECTION ( 'NONE',  ( -1.000000000000000000, 0.000000000000000000, 0.000000000000000000 ) ) ;
#1290 = STYLED_ITEM ( 'NONE', ( #5784 ), #2224 ) ;
#1291 = FILL_AREA_STYLE_COLOUR ( '', #5973 ) ;
#1292 = PRESENTATION_LAYER_ASSIGNMENT (  '', '', ( #955 ) ) ;
#1293 = ORIENTED_EDGE ( 'NONE', *, *, #4116, .T. ) ;
#1294 = DIRECTION ( 'NONE',  ( 0.000000000000000000, -0.000000000000000000, -1.000000000000000000 ) ) ;
#1295 = SURFACE_SIDE_STYLE ('',( #1886 ) ) ;
#1296 = FACE_OUTER_BOUND ( 'NONE', #4390, .T. ) ;
#1297 = ORIENTED_EDGE ( 'NONE', *, *, #4392, .F. ) ;
#1298 = SURFACE_STYLE_USAGE ( .BOTH. , #1275 ) ;
#1299 = MECHANICAL_DESIGN_GEOMETRIC_PRESENTATION_REPRESENTATION (  '', ( #3808 ), #2885 ) ;
#1300 = ADVANCED_FACE ( 'NONE', ( #3991 ), #4004, .F. ) ;
#1301 = LINE ( 'NONE', #5238, #3292 ) ;
#1302 = VERTEX_POINT ( 'NONE', #2971 ) ;
#1303 = DIRECTION ( 'NONE',  ( 1.000000000000000000, 0.000000000000000000, 0.000000000000000000 ) ) ;
#1304 =( NAMED_UNIT ( * ) PLANE_ANGLE_UNIT ( ) SI_UNIT ( $, .RADIAN. ) );
#1305 = COLOUR_RGB ( '',1.000000000000000000, 1.000000000000000000, 1.000000000000000000 ) ;
#1306 = FILL_AREA_STYLE ('',( #1261 ) ) ;
#1307 = CARTESIAN_POINT ( 'NONE',  ( -0.9749999999999999778, -0.05000000000000000278, 0.7500000000000000000 ) ) ;
#1308 = PRESENTATION_LAYER_ASSIGNMENT (  '', '', ( #5726 ) ) ;
#1309 = CARTESIAN_POINT ( 'NONE',  ( -0.8499999999999999778, -0.05000000000000000278, -0.8750000000000000000 ) ) ;
#1310 = ORIENTED_EDGE ( 'NONE', *, *, #1929, .F. ) ;
#1311 = SURFACE_STYLE_USAGE ( .BOTH. , #5344 ) ;
#1312 = PRESENTATION_STYLE_ASSIGNMENT (( #136 ) ) ;
#1313 = PRESENTATION_LAYER_ASSIGNMENT (  '', '', ( #3436 ) ) ;
#1314 = DIRECTION ( 'NONE',  ( 0.000000000000000000, 1.000000000000000000, 0.000000000000000000 ) ) ;
#1315 = CARTESIAN_POINT ( 'NONE',  ( -1.250000000000000000, 0.9499999999999999556, 1.500000000000000000 ) ) ;
#1316 = ORIENTED_EDGE ( 'NONE', *, *, #2522, .T. ) ;
#1317 = VECTOR ( 'NONE', #4417, 1000.000000000000000 ) ;
#1318 = LINE ( 'NONE', #5967, #5120 ) ;
#1319 = SURFACE_STYLE_USAGE ( .BOTH. , #4804 ) ;
#1320 = CARTESIAN_POINT ( 'NONE',  ( 0.2750000000000000222, 0.1499999999999999944, 1.224999999999999867 ) ) ;
#1321 = UNCERTAINTY_MEASURE_WITH_UNIT (LENGTH_MEASURE( 1.000000000000000082E-05 ), #5098, 'distance_accuracy_value', 'NONE');
#1322 =( GEOMETRIC_REPRESENTATION_CONTEXT ( 3 ) GLOBAL_UNCERTAINTY_ASSIGNED_CONTEXT ( ( #852 ) ) GLOBAL_UNIT_ASSIGNED_CONTEXT ( ( #1755, #4811, #851 ) ) REPRESENTATION_CONTEXT ( 'NONE', 'WORKASPACE' ) );
#1323 = FILL_AREA_STYLE ('',( #391 ) ) ;
#1324 = VECTOR ( 'NONE', #1597, 1000.000000000000000 ) ;
#1325 = UNCERTAINTY_MEASURE_WITH_UNIT (LENGTH_MEASURE( 1.000000000000000082E-05 ), #2535, 'distance_accuracy_value', 'NONE');
#1326 = CARTESIAN_POINT ( 'NONE',  ( -1.250000000000000000, 0.000000000000000000, -0.3749999999999998890 ) ) ;
#1327 = AXIS2_PLACEMENT_3D ( 'NONE', #4887, #6510, #979 ) ;
#1328 = VECTOR ( 'NONE', #2635, 1000.000000000000000 ) ;
#1329 = DIRECTION ( 'NONE',  ( 0.000000000000000000, 0.000000000000000000, -1.000000000000000000 ) ) ;
#1330 = ADVANCED_FACE ( 'NONE', ( #5488 ), #5436, .F. ) ;
#1331 = LINE ( 'NONE', #2950, #2028 ) ;
#1332 = SURFACE_STYLE_USAGE ( .BOTH. , #1355 ) ;
#1333 = DIRECTION ( 'NONE',  ( -0.000000000000000000, 1.000000000000000000, -0.000000000000000000 ) ) ;
#1334 =( NAMED_UNIT ( * ) SI_UNIT ( $, .STERADIAN. ) SOLID_ANGLE_UNIT ( ) );
#1335 = EDGE_CURVE ( 'NONE', #4617, #3858, #3428, .T. ) ;
#1336 = FACE_OUTER_BOUND ( 'NONE', #6179, .T. ) ;
#1337 = ORIENTED_EDGE ( 'NONE', *, *, #1190, .F. ) ;
#1338 = DIRECTION ( 'NONE',  ( 0.000000000000000000, 0.000000000000000000, 1.000000000000000000 ) ) ;
#1339 = DIRECTION ( 'NONE',  ( -0.000000000000000000, -1.000000000000000000, -0.000000000000000000 ) ) ;
#1340 = STYLED_ITEM ( 'NONE', ( #2690 ), #417 ) ;
#1341 = LINE ( 'NONE', #6431, #879 ) ;
#1342 = FACE_OUTER_BOUND ( 'NONE', #1640, .T. ) ;
#1343 =( GEOMETRIC_REPRESENTATION_CONTEXT ( 3 ) GLOBAL_UNCERTAINTY_ASSIGNED_CONTEXT ( ( #4471 ) ) GLOBAL_UNIT_ASSIGNED_CONTEXT ( ( #3494, #4085, #1477 ) ) REPRESENTATION_CONTEXT ( 'NONE', 'WORKASPACE' ) );
#1344 = VERTEX_POINT ( 'NONE', #5039 ) ;
#1345 = PLANE ( 'NONE',  #2650 ) ;
#1346 = DIRECTION ( 'NONE',  ( -0.000000000000000000, 0.000000000000000000, -1.000000000000000000 ) ) ;
#1347 = SURFACE_STYLE_FILL_AREA ( #2303 ) ;
#1348 = ORIENTED_EDGE ( 'NONE', *, *, #783, .F. ) ;
#1349 = CARTESIAN_POINT ( 'NONE',  ( 0.7750000000000000222, 0.1499999999999999944, -1.224999999999999867 ) ) ;
#1350 = DIRECTION ( 'NONE',  ( 0.000000000000000000, -1.000000000000000000, 0.000000000000000000 ) ) ;
#1351 = ORIENTED_EDGE ( 'NONE', *, *, #5696, .F. ) ;
#1352 = ORIENTED_EDGE ( 'NONE', *, *, #5454, .F. ) ;
#1353 = VERTEX_POINT ( 'NONE', #574 ) ;
#1354 = LINE ( 'NONE', #6356, #6118 ) ;
#1355 = SURFACE_SIDE_STYLE ('',( #1281 ) ) ;
#1356 = PRESENTATION_LAYER_ASSIGNMENT (  '', '', ( #6034 ) ) ;
#1357 = LINE ( 'NONE', #5975, #1819 ) ;
#1358 = EDGE_CURVE ( 'NONE', #5763, #6067, #189, .T. ) ;
#1359 = COLOUR_RGB ( '',0.7921568627450980005, 0.8196078431372548767, 0.9333333333333333481 ) ;
#1360 = CARTESIAN_POINT ( 'NONE',  ( -0.9749999999999999778, -0.05000000000000000278, -0.2500000000000000000 ) ) ;
#1361 = ORIENTED_EDGE ( 'NONE', *, *, #5803, .T. ) ;
#1362 =( GEOMETRIC_REPRESENTATION_CONTEXT ( 3 ) GLOBAL_UNCERTAINTY_ASSIGNED_CONTEXT ( ( #3230 ) ) GLOBAL_UNIT_ASSIGNED_CONTEXT ( ( #3026, #509, #6080 ) ) REPRESENTATION_CONTEXT ( 'NONE', 'WORKASPACE' ) );
#1363 = LINE ( 'NONE', #2968, #28 ) ;
#1364 = CIRCLE ( 'NONE', #2021, 0.1250000000000001110 ) ;
#1365 = VECTOR ( 'NONE', #3853, 1000.000000000000000 ) ;
#1366 = CARTESIAN_POINT ( 'NONE',  ( 1.250000000000000000, -0.05000000000000000278, 0.3750000000000000000 ) ) ;
#1367 =( GEOMETRIC_REPRESENTATION_CONTEXT ( 3 ) GLOBAL_UNCERTAINTY_ASSIGNED_CONTEXT ( ( #2924 ) ) GLOBAL_UNIT_ASSIGNED_CONTEXT ( ( #4025, #2532, #57 ) ) REPRESENTATION_CONTEXT ( 'NONE', 'WORKASPACE' ) );
#1368 = CARTESIAN_POINT ( 'NONE',  ( 0.4000000000000000222, 0.1499999999999999944, -1.500000000000000000 ) ) ;
#1369 = ORIENTED_EDGE ( 'NONE', *, *, #342, .T. ) ;
#1370 = EDGE_CURVE ( 'NONE', #4130, #5989, #3279, .T. ) ;
#1371 = FILL_AREA_STYLE ('',( #4281 ) ) ;
#1372 = ADVANCED_FACE ( 'NONE', ( #4159 ), #3566, .F. ) ;
#1373 = CARTESIAN_POINT ( 'NONE',  ( 0.2250000000000000056, -0.05000000000000000278, -0.3750000000000000000 ) ) ;
#1374 = AXIS2_PLACEMENT_3D ( 'NONE', #5775, #4235, #1236 ) ;
#1375 = EDGE_LOOP ( 'NONE', ( #2724, #887, #5003, #4962, #4944, #3677, #2119, #2457, #1654, #1039, #4300, #3058, #2116, #4561, #5753, #1498, #3758, #1747, #1115, #3521, #5418, #6154, #3042, #2949, #2578, #1276, #2020, #2838, #1556, #3713, #3414, #5598, #3814, #4851, #11, #4486, #3872, #700, #3489, #3609, #501, #6122, #6111, #111, #3444, #1530, #3830, #4384, #3518, #844, #558, #1622, #3924, #5833, #3547, #3972, #1310, #2184, #578, #6450 ) ) ;
#1376 = DIRECTION ( 'NONE',  ( 0.000000000000000000, 0.000000000000000000, 1.000000000000000000 ) ) ;
#1377 = CARTESIAN_POINT ( 'NONE',  ( -1.250000000000000000, 0.1499999999999999944, -0.3750000000000000000 ) ) ;
#1378 = DIRECTION ( 'NONE',  ( -3.614007241618349264E-16, 0.000000000000000000, 1.000000000000000000 ) ) ;
#1379 = EDGE_CURVE ( 'NONE', #3767, #216, #1056, .T. ) ;
#1380 = LINE ( 'NONE', #4701, #206 ) ;
#1381 =( NAMED_UNIT ( * ) SI_UNIT ( $, .STERADIAN. ) SOLID_ANGLE_UNIT ( ) );
#1382 = ORIENTED_EDGE ( 'NONE', *, *, #5674, .F. ) ;
#1383 = CARTESIAN_POINT ( 'NONE',  ( 1.250000000000000000, -0.05000000000000000278, -0.6250000000000000000 ) ) ;
#1384 = ORIENTED_EDGE ( 'NONE', *, *, #2876, .F. ) ;
#1385 = EDGE_CURVE ( 'NONE', #4252, #2629, #4470, .T. ) ;
#1386 =( GEOMETRIC_REPRESENTATION_CONTEXT ( 3 ) GLOBAL_UNCERTAINTY_ASSIGNED_CONTEXT ( ( #2935 ) ) GLOBAL_UNIT_ASSIGNED_CONTEXT ( ( #302, #1288, #261 ) ) REPRESENTATION_CONTEXT ( 'NONE', 'WORKASPACE' ) );
#1387 =( LENGTH_UNIT ( ) NAMED_UNIT ( * ) SI_UNIT ( .MILLI., .METRE. ) );
#1388 = SURFACE_STYLE_FILL_AREA ( #2503 ) ;
#1389 = ORIENTED_EDGE ( 'NONE', *, *, #4356, .T. ) ;
#1390 = CARTESIAN_POINT ( 'NONE',  ( 0.6500000000000000222, 0.1499999999999999944, -1.350000000000000089 ) ) ;
#1391 = CYLINDRICAL_SURFACE ( 'NONE', #6119, 0.1250000000000001110 ) ;
#1392 = DIRECTION ( 'NONE',  ( 0.000000000000000000, 0.000000000000000000, 1.000000000000000000 ) ) ;
#1393 = DIRECTION ( 'NONE',  ( -0.000000000000000000, 1.000000000000000000, -0.000000000000000000 ) ) ;
#1394 = CARTESIAN_POINT ( 'NONE',  ( 0.7750000000000000222, 0.1499999999999999944, 1.099999999999999867 ) ) ;
#1395 = FACE_OUTER_BOUND ( 'NONE', #4678, .T. ) ;
#1396 = STYLED_ITEM ( 'NONE', ( #5689 ), #3104 ) ;
#1397 = CARTESIAN_POINT ( 'NONE',  ( -0.5999999999999999778, 0.1499999999999999944, -1.500000000000000000 ) ) ;
#1398 = ADVANCED_FACE ( 'NONE', ( #6355 ), #5741, .F. ) ;
#1399 = FACE_OUTER_BOUND ( 'NONE', #2622, .T. ) ;
#1400 = STYLED_ITEM ( 'NONE', ( #2302 ), #5968 ) ;
#1401 = DIRECTION ( 'NONE',  ( 0.000000000000000000, 0.000000000000000000, 1.000000000000000000 ) ) ;
#1402 =( NAMED_UNIT ( * ) PLANE_ANGLE_UNIT ( ) SI_UNIT ( $, .RADIAN. ) );
#1403 = SURFACE_STYLE_FILL_AREA ( #3141 ) ;
#1404 = LINE ( 'NONE', #327, #3784 ) ;
#1405 = DIRECTION ( 'NONE',  ( 0.000000000000000000, -1.000000000000000000, 0.000000000000000000 ) ) ;
#1406 = PRESENTATION_LAYER_ASSIGNMENT (  '', '', ( #4809 ) ) ;
#1407 = CARTESIAN_POINT ( 'NONE',  ( 0.9000000000000000222, 0.1499999999999999944, -1.224999999999999867 ) ) ;
#1408 = VECTOR ( 'NONE', #882, 1000.000000000000000 ) ;
#1409 = CARTESIAN_POINT ( 'NONE',  ( 0.2250000000000000056, 0.1499999999999999944, -0.5000000000000000000 ) ) ;
#1410 = STYLED_ITEM ( 'NONE', ( #4280 ), #2358 ) ;
#1411 = CARTESIAN_POINT ( 'NONE',  ( -0.3499999999999999778, -0.05000000000000000278, -1.224999999999999867 ) ) ;
#1412 = EDGE_CURVE ( 'NONE', #1995, #738, #3916, .T. ) ;
#1413 =( LENGTH_UNIT ( ) NAMED_UNIT ( * ) SI_UNIT ( .MILLI., .METRE. ) );
#1414 = FILL_AREA_STYLE_COLOUR ( '', #2311 ) ;
#1415 = EDGE_LOOP ( 'NONE', ( #5845, #4492, #1740, #1089 ) ) ;
#1416 = PRODUCT_DEFINITION ( 'UNKNOWN', '', #3248, #1254 ) ;
#1417 = CARTESIAN_POINT ( 'NONE',  ( 1.250000000000000000, 0.1499999999999999944, -0.3750000000000000000 ) ) ;
#1418 = LINE ( 'NONE', #1558, #3389 ) ;
#1419 = FACE_OUTER_BOUND ( 'NONE', #1024, .T. ) ;
#1420 = CLOSED_SHELL ( 'NONE', ( #1177, #1398, #2212, #5826, #6467, #5007 ) ) ;
#1421 = CARTESIAN_POINT ( 'NONE',  ( -0.5999999999999999778, -0.000000000000000000, -1.224999999999999867 ) ) ;
#1422 = AXIS2_PLACEMENT_3D ( 'NONE', #1540, #3094, #4073 ) ;
#1423 = ORIENTED_EDGE ( 'NONE', *, *, #4876, .F. ) ;
#1424 = DIRECTION ( 'NONE',  ( 0.000000000000000000, 0.000000000000000000, 1.000000000000000000 ) ) ;
#1425 = ORIENTED_EDGE ( 'NONE', *, *, #5242, .T. ) ;
#1426 = ORIENTED_EDGE ( 'NONE', *, *, #342, .F. ) ;
#1427 = VERTEX_POINT ( 'NONE', #2733 ) ;
#1428 = FACE_OUTER_BOUND ( 'NONE', #6385, .T. ) ;
#1429 = PRESENTATION_STYLE_ASSIGNMENT (( #2886 ) ) ;
#1430 = ORIENTED_EDGE ( 'NONE', *, *, #5301, .F. ) ;
#1431 =( LENGTH_UNIT ( ) NAMED_UNIT ( * ) SI_UNIT ( .MILLI., .METRE. ) );
#1432 = DIRECTION ( 'NONE',  ( -0.000000000000000000, -1.000000000000000000, -0.000000000000000000 ) ) ;
#1433 = LINE ( 'NONE', #5197, #31 ) ;
#1434 = AXIS2_PLACEMENT_3D ( 'NONE', #4317, #929, #6005 ) ;
#1435 = VECTOR ( 'NONE', #2198, 1000.000000000000000 ) ;
#1436 = FACE_OUTER_BOUND ( 'NONE', #967, .T. ) ;
#1437 = ORIENTED_EDGE ( 'NONE', *, *, #2820, .T. ) ;
#1438 = EDGE_LOOP ( 'NONE', ( #1474, #2901, #3355, #4036 ) ) ;
#1439 = FILL_AREA_STYLE_COLOUR ( '', #3941 ) ;
#1440 = DIRECTION ( 'NONE',  ( 0.000000000000000000, 0.000000000000000000, 1.000000000000000000 ) ) ;
#1441 = CARTESIAN_POINT ( 'NONE',  ( -0.5999999999999999778, 0.000000000000000000, 1.224999999999999867 ) ) ;
#1442 = LINE ( 'NONE', #611, #108 ) ;
#1443 = SURFACE_STYLE_FILL_AREA ( #2810 ) ;
#1444 = ORIENTED_EDGE ( 'NONE', *, *, #3938, .T. ) ;
#1445 = FILL_AREA_STYLE_COLOUR ( '', #5131 ) ;
#1446 = CARTESIAN_POINT ( 'NONE',  ( 0.1499999999999999667, -0.05000000000000000278, -1.500000000000000000 ) ) ;
#1447 = UNCERTAINTY_MEASURE_WITH_UNIT (LENGTH_MEASURE( 1.000000000000000082E-05 ), #461, 'distance_accuracy_value', 'NONE');
#1448 = CIRCLE ( 'NONE', #905, 0.1250000000000000000 ) ;
#1449 = CARTESIAN_POINT ( 'NONE',  ( -0.9749999999999999778, 0.1499999999999999944, 0.2500000000000000000 ) ) ;
#1450 = ORIENTED_EDGE ( 'NONE', *, *, #3416, .F. ) ;
#1451 = CARTESIAN_POINT ( 'NONE',  ( 0.7750000000000000222, 0.1499999999999999944, -1.100000000000000089 ) ) ;
#1452 = FILL_AREA_STYLE_COLOUR ( '', #3129 ) ;
#1453 = COLOUR_RGB ( '',1.000000000000000000, 1.000000000000000000, 1.000000000000000000 ) ;
#1454 = DIRECTION ( 'NONE',  ( 0.000000000000000000, -1.000000000000000000, 0.000000000000000000 ) ) ;
#1455 = PRESENTATION_LAYER_ASSIGNMENT (  '', '', ( #3362 ) ) ;
#1456 = EDGE_CURVE ( 'NONE', #634, #2414, #4941, .T. ) ;
#1457 = COLOUR_RGB ( '',1.000000000000000000, 1.000000000000000000, 1.000000000000000000 ) ;
#1458 = VERTEX_POINT ( 'NONE', #3794 ) ;
#1459 = CARTESIAN_POINT ( 'NONE',  ( -0.1250000000000000000, -0.05000000000000000278, -4.241313930147960914E-17 ) ) ;
#1460 = SURFACE_SIDE_STYLE ('',( #6301 ) ) ;
#1461 = SURFACE_SIDE_STYLE ('',( #624 ) ) ;
#1462 = SURFACE_SIDE_STYLE ('',( #2682 ) ) ;
#1463 = ORIENTED_EDGE ( 'NONE', *, *, #2343, .F. ) ;
#1464 = DIRECTION ( 'NONE',  ( -1.000000000000000000, 0.000000000000000000, 0.000000000000000000 ) ) ;
#1465 = EDGE_CURVE ( 'NONE', #4732, #2326, #33, .T. ) ;
#1466 = DIRECTION ( 'NONE',  ( 0.000000000000000000, 0.000000000000000000, -1.000000000000000000 ) ) ;
#1467 = ADVANCED_FACE ( 'NONE', ( #2214 ), #2271, .F. ) ;
#1468 = EDGE_LOOP ( 'NONE', ( #3558, #5800, #4349, #44 ) ) ;
#1469 = DIRECTION ( 'NONE',  ( 1.000000000000000000, 0.000000000000000000, 0.000000000000000000 ) ) ;
#1470 = DIRECTION ( 'NONE',  ( 1.000000000000000000, 0.000000000000000000, 0.000000000000000000 ) ) ;
#1471 =( LENGTH_UNIT ( ) NAMED_UNIT ( * ) SI_UNIT ( .MILLI., .METRE. ) );
#1472 = CARTESIAN_POINT ( 'NONE',  ( 0.2750000000000000222, 0.1499999999999999944, 1.224999999999999867 ) ) ;
#1473 = PRESENTATION_LAYER_ASSIGNMENT (  '', '', ( #3763 ) ) ;
#1474 = ORIENTED_EDGE ( 'NONE', *, *, #907, .T. ) ;
#1475 = DIRECTION ( 'NONE',  ( 0.000000000000000000, -0.000000000000000000, -1.000000000000000000 ) ) ;
#1476 = LINE ( 'NONE', #3197, #387 ) ;
#1477 =( NAMED_UNIT ( * ) SI_UNIT ( $, .STERADIAN. ) SOLID_ANGLE_UNIT ( ) );
#1478 = DIRECTION ( 'NONE',  ( -0.000000000000000000, 0.000000000000000000, -1.000000000000000000 ) ) ;
#1479 = CARTESIAN_POINT ( 'NONE',  ( 1.250000000000000000, 0.9499999999999999556, -1.500000000000000000 ) ) ;
#1480 = AXIS2_PLACEMENT_3D ( 'NONE', #3867, #4822, #3317 ) ;
#1481 = LINE ( 'NONE', #3029, #5445 ) ;
#1482 = DIRECTION ( 'NONE',  ( -0.000000000000000000, 0.000000000000000000, -1.000000000000000000 ) ) ;
#1483 = CARTESIAN_POINT ( 'NONE',  ( 1.250000000000000000, 0.000000000000000000, -0.3750000000000000000 ) ) ;
#1484 = LINE ( 'NONE', #835, #628 ) ;
#1485 = FILL_AREA_STYLE ('',( #6042 ) ) ;
#1486 = STYLED_ITEM ( 'NONE', ( #2223 ), #1151 ) ;
#1487 = EDGE_CURVE ( 'NONE', #3966, #3546, #3422, .T. ) ;
#1488 = VECTOR ( 'NONE', #1228, 1000.000000000000000 ) ;
#1489 = SURFACE_STYLE_USAGE ( .BOTH. , #4540 ) ;
#1490 = VERTEX_POINT ( 'NONE', #5838 ) ;
#1491 = PRESENTATION_STYLE_ASSIGNMENT (( #3925 ) ) ;
#1492 = ADVANCED_FACE ( 'NONE', ( #1284 ), #2716, .F. ) ;
#1493 = CARTESIAN_POINT ( 'NONE',  ( 0.6500000000000000222, 0.1499999999999999944, 1.500000000000000000 ) ) ;
#1494 = MECHANICAL_DESIGN_GEOMETRIC_PRESENTATION_REPRESENTATION (  '', ( #1290 ), #5963 ) ;
#1495 = EDGE_CURVE ( 'NONE', #1644, #4885, #5804, .T. ) ;
#1496 = FILL_AREA_STYLE ('',( #1439 ) ) ;
#1497 =( NAMED_UNIT ( * ) PLANE_ANGLE_UNIT ( ) SI_UNIT ( $, .RADIAN. ) );
#1498 = ORIENTED_EDGE ( 'NONE', *, *, #2974, .F. ) ;
#1499 = EDGE_LOOP ( 'NONE', ( #4699, #545, #2883, #918 ) ) ;
#1500 = LINE ( 'NONE', #2353, #2195 ) ;
#1501 = CARTESIAN_POINT ( 'NONE',  ( -0.1250000000000000000, 0.1499999999999999944, -4.241313930147960914E-17 ) ) ;
#1502 = ADVANCED_FACE ( 'NONE', ( #6272 ), #5251, .F. ) ;
#1503 = DIRECTION ( 'NONE',  ( 0.000000000000000000, -0.000000000000000000, -1.000000000000000000 ) ) ;
#1504 = EDGE_LOOP ( 'NONE', ( #894, #4385, #3253, #5269 ) ) ;
#1505 = VERTEX_POINT ( 'NONE', #5861 ) ;
#1506 = DIRECTION ( 'NONE',  ( 1.000000000000000000, 0.000000000000000000, 0.000000000000000000 ) ) ;
#1507 = VECTOR ( 'NONE', #5006, 1000.000000000000000 ) ;
#1508 = ADVANCED_FACE ( 'NONE', ( #2563 ), #3329, .F. ) ;
#1509 = CARTESIAN_POINT ( 'NONE',  ( -1.250000000000000000, 0.1499999999999999944, 0.6250000000000000000 ) ) ;
#1510 = COLOUR_RGB ( '',1.000000000000000000, 1.000000000000000000, 1.000000000000000000 ) ;
#1511 = VECTOR ( 'NONE', #3036, 1000.000000000000000 ) ;
#1512 = LINE ( 'NONE', #843, #3110 ) ;
#1513 = ORIENTED_EDGE ( 'NONE', *, *, #1687, .T. ) ;
#1514 = MECHANICAL_DESIGN_GEOMETRIC_PRESENTATION_REPRESENTATION (  '', ( #3431 ), #3223 ) ;
#1515 = SURFACE_STYLE_USAGE ( .BOTH. , #4567 ) ;
#1516 = SURFACE_STYLE_USAGE ( .BOTH. , #4570 ) ;
#1517 = ORIENTED_EDGE ( 'NONE', *, *, #6384, .F. ) ;
#1518 = AXIS2_PLACEMENT_3D ( 'NONE', #2741, #2711, #5231 ) ;
#1519 = DIRECTION ( 'NONE',  ( 1.000000000000000000, 0.000000000000000000, 0.000000000000000000 ) ) ;
#1520 = MANIFOLD_SOLID_BREP ( 'Boss-Extrude4[4]', #5165 ) ;
#1521 = ORIENTED_EDGE ( 'NONE', *, *, #2616, .F. ) ;
#1522 = EDGE_CURVE ( 'NONE', #680, #6180, #3413, .T. ) ;
#1523 = CARTESIAN_POINT ( 'NONE',  ( -0.5999999999999999778, 0.000000000000000000, 1.500000000000000000 ) ) ;
#1524 = LINE ( 'NONE', #946, #4239 ) ;
#1525 = CARTESIAN_POINT ( 'NONE',  ( 0.2750000000000000777, 0.1499999999999999944, 1.099999999999999867 ) ) ;
#1526 = EDGE_LOOP ( 'NONE', ( #5777, #4644, #3496, #960 ) ) ;
#1527 = DIRECTION ( 'NONE',  ( 0.000000000000000000, 0.000000000000000000, -1.000000000000000000 ) ) ;
#1528 =( GEOMETRIC_REPRESENTATION_CONTEXT ( 3 ) GLOBAL_UNCERTAINTY_ASSIGNED_CONTEXT ( ( #2806 ) ) GLOBAL_UNIT_ASSIGNED_CONTEXT ( ( #5478, #1402, #4431 ) ) REPRESENTATION_CONTEXT ( 'NONE', 'WORKASPACE' ) );
#1529 = EDGE_CURVE ( 'NONE', #1753, #6365, #5637, .T. ) ;
#1530 = ORIENTED_EDGE ( 'NONE', *, *, #3759, .T. ) ;
#1531 = DIRECTION ( 'NONE',  ( 1.000000000000000000, 0.000000000000000000, -0.000000000000000000 ) ) ;
#1532 = FILL_AREA_STYLE ('',( #6178 ) ) ;
#1533 = CIRCLE ( 'NONE', #5736, 0.1250000000000000000 ) ;
#1534 = ORIENTED_EDGE ( 'NONE', *, *, #4090, .F. ) ;
#1535 = CARTESIAN_POINT ( 'NONE',  ( -0.9749999999999999778, 0.1499999999999999944, 0.8750000000000000000 ) ) ;
#1536 = STYLED_ITEM ( 'NONE', ( #5401 ), #147 ) ;
#1537 = DIRECTION ( 'NONE',  ( 0.000000000000000000, 0.000000000000000000, -1.000000000000000000 ) ) ;
#1538 = EDGE_LOOP ( 'NONE', ( #184, #2689, #2972, #5884 ) ) ;
#1539 = DIRECTION ( 'NONE',  ( 0.000000000000000000, -1.000000000000000000, 0.000000000000000000 ) ) ;
#1540 = CARTESIAN_POINT ( 'NONE',  ( -0.9500000000000000666, 0.5464466094067259583, -1.139999999999999902 ) ) ;
#1541 = PRODUCT ( 'Assem4 - Copy', 'Assem4 - Copy', '', ( #6059 ) ) ;
#1542 = SURFACE_SIDE_STYLE ('',( #5947 ) ) ;
#1543 = SURFACE_STYLE_FILL_AREA ( #4673 ) ;
#1544 = AXIS2_PLACEMENT_3D ( 'NONE', #6280, #5761, #717 ) ;
#1545 = DIRECTION ( 'NONE',  ( 1.000000000000000000, 0.000000000000000000, 0.000000000000000000 ) ) ;
#1546 = COLOUR_RGB ( '',0.1019607843137254888, 0.1019607843137254888, 0.1019607843137254888 ) ;
#1547 = PRESENTATION_LAYER_ASSIGNMENT (  '', '', ( #633 ) ) ;
#1548 = ORIENTED_EDGE ( 'NONE', *, *, #2027, .F. ) ;
#1549 = DIRECTION ( 'NONE',  ( -1.000000000000000000, 0.000000000000000000, 0.000000000000000000 ) ) ;
#1550 = FILL_AREA_STYLE ('',( #4608 ) ) ;
#1551 = CARTESIAN_POINT ( 'NONE',  ( -0.2250000000000000056, 0.1499999999999999944, 1.224999999999999867 ) ) ;
#1552 = MECHANICAL_DESIGN_GEOMETRIC_PRESENTATION_REPRESENTATION (  '', ( #5094 ), #2939 ) ;
#1553 = VECTOR ( 'NONE', #977, 1000.000000000000000 ) ;
#1554 = EDGE_CURVE ( 'NONE', #3487, #5715, #1898, .T. ) ;
#1555 = STYLED_ITEM ( 'NONE', ( #4966 ), #5059 ) ;
#1556 = ORIENTED_EDGE ( 'NONE', *, *, #6229, .F. ) ;
#1557 = VECTOR ( 'NONE', #6325, 1000.000000000000000 ) ;
#1558 = CARTESIAN_POINT ( 'NONE',  ( -1.250000000000000000, -0.000000000000000000, -0.8750000000000000000 ) ) ;
#1559 = VECTOR ( 'NONE', #4972, 1000.000000000000000 ) ;
#1560 = EDGE_CURVE ( 'NONE', #4617, #5663, #4308, .T. ) ;
#1561 = DIRECTION ( 'NONE',  ( 0.000000000000000000, 0.000000000000000000, 1.000000000000000000 ) ) ;
#1562 = SURFACE_STYLE_FILL_AREA ( #3960 ) ;
#1563 = FILL_AREA_STYLE_COLOUR ( '', #3198 ) ;
#1564 = ORIENTED_EDGE ( 'NONE', *, *, #5036, .F. ) ;
#1565 = CARTESIAN_POINT ( 'NONE',  ( -0.3499999999999999778, -0.05000000000000000278, 1.500000000000000000 ) ) ;
#1566 = VERTEX_POINT ( 'NONE', #4951 ) ;
#1567 = ORIENTED_EDGE ( 'NONE', *, *, #916, .T. ) ;
#1568 = ORIENTED_EDGE ( 'NONE', *, *, #6063, .T. ) ;
#1569 = FACE_OUTER_BOUND ( 'NONE', #3562, .T. ) ;
#1570 = CARTESIAN_POINT ( 'NONE',  ( -0.8499999999999999778, 0.1499999999999999944, 1.500000000000000000 ) ) ;
#1571 =( GEOMETRIC_REPRESENTATION_CONTEXT ( 3 ) GLOBAL_UNCERTAINTY_ASSIGNED_CONTEXT ( ( #3121 ) ) GLOBAL_UNIT_ASSIGNED_CONTEXT ( ( #2775, #1304, #4378 ) ) REPRESENTATION_CONTEXT ( 'NONE', 'WORKASPACE' ) );
#1572 = ORIENTED_EDGE ( 'NONE', *, *, #1190, .T. ) ;
#1573 = EDGE_CURVE ( 'NONE', #5710, #5722, #3266, .T. ) ;
#1574 = CARTESIAN_POINT ( 'NONE',  ( -0.5999999999999999778, -0.05000000000000000278, 1.224999999999999867 ) ) ;
#1575 = AXIS2_PLACEMENT_3D ( 'NONE', #3955, #6476, #462 ) ;
#1576 = FILL_AREA_STYLE_COLOUR ( '', #3004 ) ;
#1577 = VECTOR ( 'NONE', #3973, 1000.000000000000000 ) ;
#1578 = EDGE_LOOP ( 'NONE', ( #829, #3963, #4692, #3408 ) ) ;
#1579 = ORIENTED_EDGE ( 'NONE', *, *, #4558, .T. ) ;
#1580 = FACE_OUTER_BOUND ( 'NONE', #949, .T. ) ;
#1581 = EDGE_CURVE ( 'NONE', #4952, #4404, #2554, .T. ) ;
#1582 =( GEOMETRIC_REPRESENTATION_CONTEXT ( 3 ) GLOBAL_UNCERTAINTY_ASSIGNED_CONTEXT ( ( #1447 ) ) GLOBAL_UNIT_ASSIGNED_CONTEXT ( ( #461, #2991, #936 ) ) REPRESENTATION_CONTEXT ( 'NONE', 'WORKASPACE' ) );
#1583 = FACE_OUTER_BOUND ( 'NONE', #4008, .T. ) ;
#1584 = EDGE_LOOP ( 'NONE', ( #16, #6295, #5586, #6336 ) ) ;
#1585 = VECTOR ( 'NONE', #5292, 1000.000000000000000 ) ;
#1586 = EDGE_LOOP ( 'NONE', ( #836, #2050, #5424, #3815 ) ) ;
#1587 = SURFACE_STYLE_USAGE ( .BOTH. , #2156 ) ;
#1588 =( LENGTH_UNIT ( ) NAMED_UNIT ( * ) SI_UNIT ( .MILLI., .METRE. ) );
#1589 =( LENGTH_UNIT ( ) NAMED_UNIT ( * ) SI_UNIT ( .MILLI., .METRE. ) );
#1590 = SURFACE_STYLE_FILL_AREA ( #5746 ) ;
#1591 =( NAMED_UNIT ( * ) SI_UNIT ( $, .STERADIAN. ) SOLID_ANGLE_UNIT ( ) );
#1592 = PLANE ( 'NONE',  #1018 ) ;
#1593 = FACE_OUTER_BOUND ( 'NONE', #86, .T. ) ;
#1594 = ORIENTED_EDGE ( 'NONE', *, *, #325, .T. ) ;
#1595 = AXIS2_PLACEMENT_3D ( 'NONE', #4697, #1172, #6235 ) ;
#1596 = ORIENTED_EDGE ( 'NONE', *, *, #2839, .F. ) ;
#1597 = DIRECTION ( 'NONE',  ( -0.000000000000000000, -1.000000000000000000, -0.000000000000000000 ) ) ;
#1598 = VECTOR ( 'NONE', #4682, 1000.000000000000000 ) ;
#1599 = UNCERTAINTY_MEASURE_WITH_UNIT (LENGTH_MEASURE( 1.000000000000000082E-05 ), #1387, 'distance_accuracy_value', 'NONE');
#1600 = CARTESIAN_POINT ( 'NONE',  ( 0.2250000000000000056, -0.05000000000000000278, 0.3750000000000000000 ) ) ;
#1601 = VECTOR ( 'NONE', #1643, 1000.000000000000000 ) ;
#1602 = MECHANICAL_DESIGN_GEOMETRIC_PRESENTATION_REPRESENTATION (  '', ( #4750 ), #2277 ) ;
#1603 = ADVANCED_FACE ( 'NONE', ( #1436 ), #564, .F. ) ;
#1604 = MANIFOLD_SOLID_BREP ( 'Boss-Extrude4[10]', #1618 ) ;
#1605 = VERTEX_POINT ( 'NONE', #4753 ) ;
#1606 = VECTOR ( 'NONE', #5798, 1000.000000000000000 ) ;
#1607 = CARTESIAN_POINT ( 'NONE',  ( 0.9000000000000000222, 0.000000000000000000, 1.500000000000000000 ) ) ;
#1608 = MECHANICAL_DESIGN_GEOMETRIC_PRESENTATION_REPRESENTATION (  '', ( #485 ), #4556 ) ;
#1609 = AXIS2_PLACEMENT_3D ( 'NONE', #3006, #463, #1424 ) ;
#1610 = COLOUR_RGB ( '',1.000000000000000000, 1.000000000000000000, 1.000000000000000000 ) ;
#1611 = ORIENTED_EDGE ( 'NONE', *, *, #1897, .F. ) ;
#1612 = FILL_AREA_STYLE ('',( #1094 ) ) ;
#1613 = LINE ( 'NONE', #2749, #3212 ) ;
#1614 = CARTESIAN_POINT ( 'NONE',  ( -0.2250000000000000056, -0.05000000000000000278, 1.224999999999999867 ) ) ;
#1615 = ORIENTED_EDGE ( 'NONE', *, *, #2786, .T. ) ;
#1616 = VERTEX_POINT ( 'NONE', #2593 ) ;
#1617 = DIRECTION ( 'NONE',  ( 0.000000000000000000, 0.000000000000000000, -1.000000000000000000 ) ) ;
#1618 = CLOSED_SHELL ( 'NONE', ( #2909, #4576, #5384, #4565, #3691, #1372 ) ) ;
#1619 =( LENGTH_UNIT ( ) NAMED_UNIT ( * ) SI_UNIT ( .MILLI., .METRE. ) );
#1620 = PRESENTATION_STYLE_ASSIGNMENT (( #3729 ) ) ;
#1621 = MECHANICAL_DESIGN_GEOMETRIC_PRESENTATION_REPRESENTATION (  '', ( #955 ), #5707 ) ;
#1622 = ORIENTED_EDGE ( 'NONE', *, *, #100, .F. ) ;
#1623 =( NAMED_UNIT ( * ) PLANE_ANGLE_UNIT ( ) SI_UNIT ( $, .RADIAN. ) );
#1624 =( LENGTH_UNIT ( ) NAMED_UNIT ( * ) SI_UNIT ( .MILLI., .METRE. ) );
#1625 = CARTESIAN_POINT ( 'NONE',  ( -1.250000000000000000, -0.000000000000000000, -1.500000000000000000 ) ) ;
#1626 = PLANE ( 'NONE',  #4251 ) ;
#1627 = LINE ( 'NONE', #3532, #1954 ) ;
#1628 = CARTESIAN_POINT ( 'NONE',  ( 0.6500000000000000222, -0.05000000000000000278, 1.350000000000000089 ) ) ;
#1629 = STYLED_ITEM ( 'NONE', ( #4652 ), #3203 ) ;
#1630 = UNCERTAINTY_MEASURE_WITH_UNIT (LENGTH_MEASURE( 1.000000000000000082E-05 ), #2128, 'distance_accuracy_value', 'NONE');
#1631 = VECTOR ( 'NONE', #4128, 1000.000000000000000 ) ;
#1632 = DIRECTION ( 'NONE',  ( -0.000000000000000000, 0.000000000000000000, 1.000000000000000000 ) ) ;
#1633 = VECTOR ( 'NONE', #2254, 1000.000000000000000 ) ;
#1634 = AXIS2_PLACEMENT_3D ( 'NONE', #2669, #1163, #152 ) ;
#1635 = SURFACE_STYLE_FILL_AREA ( #6014 ) ;
#1636 = CARTESIAN_POINT ( 'NONE',  ( -0.3499999999999999778, 0.1499999999999999944, -1.224999999999999867 ) ) ;
#1637 = SURFACE_SIDE_STYLE ('',( #5527 ) ) ;
#1638 = ORIENTED_EDGE ( 'NONE', *, *, #5852, .F. ) ;
#1639 = DIRECTION ( 'NONE',  ( 0.000000000000000000, -0.000000000000000000, -1.000000000000000000 ) ) ;
#1640 = EDGE_LOOP ( 'NONE', ( #4315, #2979, #2288, #6018 ) ) ;
#1641 = FACE_OUTER_BOUND ( 'NONE', #4231, .T. ) ;
#1642 = SURFACE_STYLE_FILL_AREA ( #4862 ) ;
#1643 = DIRECTION ( 'NONE',  ( -0.000000000000000000, -1.000000000000000000, -0.000000000000000000 ) ) ;
#1644 = VERTEX_POINT ( 'NONE', #2677 ) ;
#1645 = DIRECTION ( 'NONE',  ( 0.000000000000000000, -1.000000000000000000, 0.000000000000000000 ) ) ;
#1646 = EDGE_CURVE ( 'NONE', #5112, #5949, #4145, .T. ) ;
#1647 = SURFACE_STYLE_USAGE ( .BOTH. , #6220 ) ;
#1648 = CARTESIAN_POINT ( 'NONE',  ( 0.2750000000000000222, -0.05000000000000000278, 1.224999999999999867 ) ) ;
#1649 = FILL_AREA_STYLE_COLOUR ( '', #5013 ) ;
#1650 = FACE_OUTER_BOUND ( 'NONE', #5639, .T. ) ;
#1651 = DIRECTION ( 'NONE',  ( -0.000000000000000000, -1.000000000000000000, -0.000000000000000000 ) ) ;
#1652 = CARTESIAN_POINT ( 'NONE',  ( 1.250000000000000000, -0.05000000000000000278, -0.3750000000000000000 ) ) ;
#1653 = VERTEX_POINT ( 'NONE', #2261 ) ;
#1654 = ORIENTED_EDGE ( 'NONE', *, *, #5176, .F. ) ;
#1655 = ORIENTED_EDGE ( 'NONE', *, *, #1412, .T. ) ;
#1656 = CARTESIAN_POINT ( 'NONE',  ( 1.250000000000000000, 0.1499999999999999944, -0.1250000000000000000 ) ) ;
#1657 = EDGE_LOOP ( 'NONE', ( #938, #2405, #2076, #915 ) ) ;
#1658 = COLOUR_RGB ( '',1.000000000000000000, 1.000000000000000000, 1.000000000000000000 ) ;
#1659 = EDGE_CURVE ( 'NONE', #5434, #1211, #6264, .T. ) ;
#1660 =( LENGTH_UNIT ( ) NAMED_UNIT ( * ) SI_UNIT ( .MILLI., .METRE. ) );
#1661 = ORIENTED_EDGE ( 'NONE', *, *, #2488, .T. ) ;
#1662 = CIRCLE ( 'NONE', #1609, 0.1250000000000001110 ) ;
#1663 = SURFACE_STYLE_USAGE ( .BOTH. , #5692 ) ;
#1664 = CARTESIAN_POINT ( 'NONE',  ( -1.250000000000000000, -0.05000000000000000278, -0.3750000000000000000 ) ) ;
#1665 = SURFACE_SIDE_STYLE ('',( #3779 ) ) ;
#1666 = EDGE_LOOP ( 'NONE', ( #560, #102, #1369, #3586 ) ) ;
#1667 = CARTESIAN_POINT ( 'NONE',  ( 0.9000000000000000222, -0.05000000000000000278, 1.224999999999999867 ) ) ;
#1668 = FILL_AREA_STYLE_COLOUR ( '', #4075 ) ;
#1669 = VECTOR ( 'NONE', #6395, 1000.000000000000000 ) ;
#1670 = CARTESIAN_POINT ( 'NONE',  ( -1.250000000000000000, 0.1499999999999999944, 0.6250000000000000000 ) ) ;
#1671 = VERTEX_POINT ( 'NONE', #5150 ) ;
#1672 = PRESENTATION_LAYER_ASSIGNMENT (  '', '', ( #6227 ) ) ;
#1673 = EDGE_LOOP ( 'NONE', ( #3999, #257, #5556, #4906 ) ) ;
#1674 = EDGE_CURVE ( 'NONE', #4893, #512, #1512, .T. ) ;
#1675 = DIRECTION ( 'NONE',  ( 1.000000000000000000, 0.000000000000000000, 0.000000000000000000 ) ) ;
#1676 = DIRECTION ( 'NONE',  ( 0.000000000000000000, 0.000000000000000000, -1.000000000000000000 ) ) ;
#1677 = STYLED_ITEM ( 'NONE', ( #3741 ), #6233 ) ;
#1678 = ADVANCED_FACE ( 'NONE', ( #5317, #1199 ), #4460, .F. ) ;
#1679 = ORIENTED_EDGE ( 'NONE', *, *, #3028, .F. ) ;
#1680 = VECTOR ( 'NONE', #2672, 1000.000000000000000 ) ;
#1681 = DIRECTION ( 'NONE',  ( 0.000000000000000000, -1.000000000000000000, 0.000000000000000000 ) ) ;
#1682 = DIRECTION ( 'NONE',  ( 0.000000000000000000, 0.000000000000000000, 1.000000000000000000 ) ) ;
#1683 =( NAMED_UNIT ( * ) PLANE_ANGLE_UNIT ( ) SI_UNIT ( $, .RADIAN. ) );
#1684 = MECHANICAL_DESIGN_GEOMETRIC_PRESENTATION_REPRESENTATION (  '', ( #4003 ), #1239 ) ;
#1685 =( LENGTH_UNIT ( ) NAMED_UNIT ( * ) SI_UNIT ( .MILLI., .METRE. ) );
#1686 = LINE ( 'NONE', #6031, #138 ) ;
#1687 = EDGE_CURVE ( 'NONE', #3579, #5765, #6421, .T. ) ;
#1688 = ORIENTED_EDGE ( 'NONE', *, *, #3735, .F. ) ;
#1689 = CARTESIAN_POINT ( 'NONE',  ( 0.2250000000000000056, -0.05000000000000000278, -0.5000000000000000000 ) ) ;
#1690 = VERTEX_POINT ( 'NONE', #4898 ) ;
#1691 = CARTESIAN_POINT ( 'NONE',  ( -0.1250000000000000000, 0.000000000000000000, -0.1250000000000000833 ) ) ;
#1692 = DIRECTION ( 'NONE',  ( -1.000000000000000000, 0.000000000000000000, 0.000000000000000000 ) ) ;
#1693 = VECTOR ( 'NONE', #3904, 1000.000000000000000 ) ;
#1694 = DIRECTION ( 'NONE',  ( 0.000000000000000000, 0.000000000000000000, -1.000000000000000000 ) ) ;
#1695 = MECHANICAL_DESIGN_GEOMETRIC_PRESENTATION_REPRESENTATION (  '', ( #3751 ), #3232 ) ;
#1696 = VECTOR ( 'NONE', #1913, 1000.000000000000000 ) ;
#1697 =( NAMED_UNIT ( * ) PLANE_ANGLE_UNIT ( ) SI_UNIT ( $, .RADIAN. ) );
#1698 = DIRECTION ( 'NONE',  ( 0.000000000000000000, 0.000000000000000000, -1.000000000000000000 ) ) ;
#1699 = DIRECTION ( 'NONE',  ( 0.000000000000000000, -0.000000000000000000, -1.000000000000000000 ) ) ;
#1700 = EDGE_CURVE ( 'NONE', #6067, #3529, #507, .T. ) ;
#1701 = VECTOR ( 'NONE', #1941, 1000.000000000000000 ) ;
#1702 = DIRECTION ( 'NONE',  ( 0.000000000000000000, 0.000000000000000000, 1.000000000000000000 ) ) ;
#1703 = ORIENTED_EDGE ( 'NONE', *, *, #3608, .T. ) ;
#1704 = PRESENTATION_LAYER_ASSIGNMENT (  '', '', ( #713 ) ) ;
#1705 = DIRECTION ( 'NONE',  ( -0.000000000000000000, 1.000000000000000000, -0.000000000000000000 ) ) ;
#1706 = DIRECTION ( 'NONE',  ( -0.000000000000000000, -1.000000000000000000, -0.000000000000000000 ) ) ;
#1707 =( LENGTH_UNIT ( ) NAMED_UNIT ( * ) SI_UNIT ( .MILLI., .METRE. ) );
#1708 = CIRCLE ( 'NONE', #6394, 0.1250000000000001110 ) ;
#1709 =( NAMED_UNIT ( * ) PLANE_ANGLE_UNIT ( ) SI_UNIT ( $, .RADIAN. ) );
#1710 = LINE ( 'NONE', #5645, #4438 ) ;
#1711 = UNCERTAINTY_MEASURE_WITH_UNIT (LENGTH_MEASURE( 1.000000000000000082E-05 ), #4210, 'distance_accuracy_value', 'NONE');
#1712 = SURFACE_SIDE_STYLE ('',( #307 ) ) ;
#1713 = DIRECTION ( 'NONE',  ( 0.000000000000000000, 0.000000000000000000, -1.000000000000000000 ) ) ;
#1714 = ADVANCED_FACE ( 'NONE', ( #5083 ), #2880, .F. ) ;
#1715 = DIRECTION ( 'NONE',  ( 0.000000000000000000, 0.000000000000000000, -1.000000000000000000 ) ) ;
#1716 = AXIS2_PLACEMENT_3D ( 'NONE', #2482, #2012, #5088 ) ;
#1717 = ORIENTED_EDGE ( 'NONE', *, *, #1659, .T. ) ;
#1718 = FACE_OUTER_BOUND ( 'NONE', #219, .T. ) ;
#1719 = CARTESIAN_POINT ( 'NONE',  ( 0.4000000000000000222, 0.000000000000000000, -1.350000000000000089 ) ) ;
#1720 = DIRECTION ( 'NONE',  ( 1.000000000000000000, 0.000000000000000000, 0.000000000000000000 ) ) ;
#1721 =( GEOMETRIC_REPRESENTATION_CONTEXT ( 3 ) GLOBAL_UNCERTAINTY_ASSIGNED_CONTEXT ( ( #2115 ) ) GLOBAL_UNIT_ASSIGNED_CONTEXT ( ( #5522, #1951, #3056 ) ) REPRESENTATION_CONTEXT ( 'NONE', 'WORKASPACE' ) );
#1722 = SURFACE_STYLE_FILL_AREA ( #6371 ) ;
#1723 = ORIENTED_EDGE ( 'NONE', *, *, #40, .T. ) ;
#1724 = CARTESIAN_POINT ( 'NONE',  ( -1.250000000000000000, -0.05000000000000000278, -0.6250000000000000000 ) ) ;
#1725 = LINE ( 'NONE', #6183, #3018 ) ;
#1726 = ORIENTED_EDGE ( 'NONE', *, *, #6171, .F. ) ;
#1727 = ORIENTED_EDGE ( 'NONE', *, *, #6340, .F. ) ;
#1728 = EDGE_CURVE ( 'NONE', #2967, #590, #2872, .T. ) ;
#1729 = SURFACE_STYLE_FILL_AREA ( #3700 ) ;
#1730 = VERTEX_POINT ( 'NONE', #2754 ) ;
#1731 = DIRECTION ( 'NONE',  ( 0.000000000000000000, 0.000000000000000000, -1.000000000000000000 ) ) ;
#1732 =( LENGTH_UNIT ( ) NAMED_UNIT ( * ) SI_UNIT ( .MILLI., .METRE. ) );
#1733 = FACE_OUTER_BOUND ( 'NONE', #1946, .T. ) ;
#1734 = CARTESIAN_POINT ( 'NONE',  ( 0.6500000000000000222, 0.000000000000000000, -1.350000000000000089 ) ) ;
#1735 = VECTOR ( 'NONE', #4592, 1000.000000000000000 ) ;
#1736 = CARTESIAN_POINT ( 'NONE',  ( 0.000000000000000000, 0.000000000000000000, 0.000000000000000000 ) ) ;
#1737 = LINE ( 'NONE', #4078, #4767 ) ;
#1738 = AXIS2_PLACEMENT_3D ( 'NONE', #2568, #5082, #6131 ) ;
#1739 = DIRECTION ( 'NONE',  ( 0.000000000000000000, 0.000000000000000000, 1.000000000000000000 ) ) ;
#1740 = ORIENTED_EDGE ( 'NONE', *, *, #4520, .T. ) ;
#1741 = ORIENTED_EDGE ( 'NONE', *, *, #2953, .T. ) ;
#1742 = EDGE_LOOP ( 'NONE', ( #2421, #3025, #52, #3762 ) ) ;
#1743 = EDGE_CURVE ( 'NONE', #35, #177, #2697, .T. ) ;
#1744 = SURFACE_SIDE_STYLE ('',( #1590 ) ) ;
#1745 = DIRECTION ( 'NONE',  ( -0.000000000000000000, -1.000000000000000000, -0.000000000000000000 ) ) ;
#1746 = VERTEX_POINT ( 'NONE', #2242 ) ;
#1747 = ORIENTED_EDGE ( 'NONE', *, *, #4269, .F. ) ;
#1748 = STYLED_ITEM ( 'NONE', ( #5157 ), #187 ) ;
#1749 = LINE ( 'NONE', #1125, #751 ) ;
#1750 = MECHANICAL_DESIGN_GEOMETRIC_PRESENTATION_REPRESENTATION (  '', ( #3134 ), #3216 ) ;
#1752 = FACE_OUTER_BOUND ( 'NONE', #1584, .T. ) ;
#1751 = CARTESIAN_POINT ( 'NONE',  ( 0.4000000000000000222, -0.05000000000000000278, -1.500000000000000000 ) ) ;
#1753 = VERTEX_POINT ( 'NONE', #5806 ) ;
#1754 = CARTESIAN_POINT ( 'NONE',  ( 0.4000000000000000222, -0.05000000000000000278, 1.350000000000000089 ) ) ;
#1755 =( LENGTH_UNIT ( ) NAMED_UNIT ( * ) SI_UNIT ( .MILLI., .METRE. ) );
#1756 = CARTESIAN_POINT ( 'NONE',  ( -0.5999999999999999778, 0.000000000000000000, 1.224999999999999867 ) ) ;
#1757 = COLOUR_RGB ( '',0.7921568627450980005, 0.8196078431372548767, 0.9333333333333333481 ) ;
#1758 = EDGE_LOOP ( 'NONE', ( #3119, #6197, #1277, #135 ) ) ;
#1759 = PLANE ( 'NONE',  #5015 ) ;
#1760 = CARTESIAN_POINT ( 'NONE',  ( 0.2749999999999999667, 0.1499999999999999944, -1.224999999999999867 ) ) ;
#1761 = VECTOR ( 'NONE', #4355, 1000.000000000000000 ) ;
#1762 = DIRECTION ( 'NONE',  ( 1.000000000000000000, 0.000000000000000000, 0.000000000000000000 ) ) ;
#1763 =( LENGTH_UNIT ( ) NAMED_UNIT ( * ) SI_UNIT ( .MILLI., .METRE. ) );
#1764 = EDGE_LOOP ( 'NONE', ( #2205, #5033, #3064, #2934 ) ) ;
#1765 = PLANE ( 'NONE',  #2000 ) ;
#1766 = DIRECTION ( 'NONE',  ( 0.000000000000000000, 0.000000000000000000, 1.000000000000000000 ) ) ;
#1767 = VECTOR ( 'NONE', #6097, 1000.000000000000000 ) ;
#1768 = ORIENTED_EDGE ( 'NONE', *, *, #4022, .F. ) ;
#1769 = VERTEX_POINT ( 'NONE', #650 ) ;
#1770 = EDGE_LOOP ( 'NONE', ( #6334, #2126, #4062, #2565 ) ) ;
#1771 =( NAMED_UNIT ( * ) SI_UNIT ( $, .STERADIAN. ) SOLID_ANGLE_UNIT ( ) );
#1772 = VECTOR ( 'NONE', #2603, 1000.000000000000000 ) ;
#1773 = PRESENTATION_STYLE_ASSIGNMENT (( #4127 ) ) ;
#1774 = FILL_AREA_STYLE_COLOUR ( '', #4449 ) ;
#1775 = ORIENTED_EDGE ( 'NONE', *, *, #4548, .F. ) ;
#1776 = CARTESIAN_POINT ( 'NONE',  ( 0.2750000000000000222, -0.05000000000000000278, 1.224999999999999867 ) ) ;
#1777 = CARTESIAN_POINT ( 'NONE',  ( -0.3499999999999999778, 0.000000000000000000, 1.224999999999999867 ) ) ;
#1778 = DIRECTION ( 'NONE',  ( 0.000000000000000000, 0.000000000000000000, -1.000000000000000000 ) ) ;
#1779 = PRESENTATION_LAYER_ASSIGNMENT (  '', '', ( #3702 ) ) ;
#1780 = FACE_OUTER_BOUND ( 'NONE', #408, .T. ) ;
#1781 = EDGE_CURVE ( 'NONE', #35, #3015, #4683, .T. ) ;
#1782 = DIRECTION ( 'NONE',  ( -1.000000000000000000, 0.000000000000000000, -3.614007241618349757E-16 ) ) ;
#1783 = COLOUR_RGB ( '',1.000000000000000000, 1.000000000000000000, 1.000000000000000000 ) ;
#1784 = CARTESIAN_POINT ( 'NONE',  ( -0.2250000000000000056, 0.1499999999999999944, 1.224999999999999867 ) ) ;
#1785 = CARTESIAN_POINT ( 'NONE',  ( -1.250000000000000000, 0.000000000000000000, 0.1250000000000001110 ) ) ;
#1786 = CARTESIAN_POINT ( 'NONE',  ( 1.250000000000000000, 0.1499999999999999944, 0.1250000000000000000 ) ) ;
#1787 = FACE_OUTER_BOUND ( 'NONE', #1538, .T. ) ;
#1788 = EDGE_CURVE ( 'NONE', #6346, #1105, #6040, .T. ) ;
#1789 = PRESENTATION_LAYER_ASSIGNMENT (  '', '', ( #2256 ) ) ;
#1790 = ORIENTED_EDGE ( 'NONE', *, *, #2965, .T. ) ;
#1791 = LINE ( 'NONE', #3176, #474 ) ;
#1792 = MECHANICAL_DESIGN_GEOMETRIC_PRESENTATION_REPRESENTATION (  '', ( #3763 ), #3898 ) ;
#1793 =( LENGTH_UNIT ( ) NAMED_UNIT ( * ) SI_UNIT ( .MILLI., .METRE. ) );
#1794 = CARTESIAN_POINT ( 'NONE',  ( -0.3499999999999999778, 0.1499999999999999944, -1.224999999999999867 ) ) ;
#1795 = CARTESIAN_POINT ( 'NONE',  ( 0.9000000000000000222, 0.1499999999999999944, -1.500000000000000000 ) ) ;
#1796 = SURFACE_SIDE_STYLE ('',( #3382 ) ) ;
#1797 = MANIFOLD_SOLID_BREP ( 'Boss-Extrude4[1]', #701 ) ;
#1798 = DIRECTION ( 'NONE',  ( 0.000000000000000000, -0.000000000000000000, -1.000000000000000000 ) ) ;
#1799 = VERTEX_POINT ( 'NONE', #1218 ) ;
#1800 = COLOUR_RGB ( '',1.000000000000000000, 1.000000000000000000, 1.000000000000000000 ) ;
#1801 = UNCERTAINTY_MEASURE_WITH_UNIT (LENGTH_MEASURE( 1.000000000000000082E-05 ), #3238, 'distance_accuracy_value', 'NONE');
#1802 = DIRECTION ( 'NONE',  ( 1.000000000000000000, 0.000000000000000000, 0.000000000000000000 ) ) ;
#1803 = AXIS2_PLACEMENT_3D ( 'NONE', #5661, #1549, #5706 ) ;
#1804 = ORIENTED_EDGE ( 'NONE', *, *, #4916, .T. ) ;
#1805 = LINE ( 'NONE', #2736, #2047 ) ;
#1806 = DIRECTION ( 'NONE',  ( 0.000000000000000000, 0.000000000000000000, -1.000000000000000000 ) ) ;
#1807 = ORIENTED_EDGE ( 'NONE', *, *, #2684, .T. ) ;
#1808 = CARTESIAN_POINT ( 'NONE',  ( 0.1499999999999999667, 0.1499999999999999944, 1.500000000000000000 ) ) ;
#1809 = AXIS2_PLACEMENT_3D ( 'NONE', #3455, #4508, #1466 ) ;
#1810 = CARTESIAN_POINT ( 'NONE',  ( 0.2250000000000000056, 0.1499999999999999944, -0.5000000000000000000 ) ) ;
#1811 = PLANE ( 'NONE',  #1076 ) ;
#1812 = ORIENTED_EDGE ( 'NONE', *, *, #1953, .F. ) ;
#1813 = EDGE_LOOP ( 'NONE', ( #615, #2832, #3686, #244 ) ) ;
#1814 =( LENGTH_UNIT ( ) NAMED_UNIT ( * ) SI_UNIT ( .MILLI., .METRE. ) );
#1815 = AXIS2_PLACEMENT_3D ( 'NONE', #6035, #2987, #6436 ) ;
#1816 =( GEOMETRIC_REPRESENTATION_CONTEXT ( 3 ) GLOBAL_UNCERTAINTY_ASSIGNED_CONTEXT ( ( #5143 ) ) GLOBAL_UNIT_ASSIGNED_CONTEXT ( ( #1869, #5379, #3930 ) ) REPRESENTATION_CONTEXT ( 'NONE', 'WORKASPACE' ) );
#1817 = COLOUR_RGB ( '',0.7921568627450980005, 0.8196078431372548767, 0.9333333333333333481 ) ;
#1818 = EDGE_CURVE ( 'NONE', #975, #1995, #3177, .T. ) ;
#1819 = VECTOR ( 'NONE', #3935, 1000.000000000000000 ) ;
#1820 = FILL_AREA_STYLE ('',( #6357 ) ) ;
#1821 = DIRECTION ( 'NONE',  ( -0.000000000000000000, 0.000000000000000000, -1.000000000000000000 ) ) ;
#1822 = CARTESIAN_POINT ( 'NONE',  ( -0.9749999999999999778, 0.1499999999999999944, -0.3750000000000000000 ) ) ;
#1823 = ORIENTED_EDGE ( 'NONE', *, *, #5193, .F. ) ;
#1824 = PLANE ( 'NONE',  #2263 ) ;
#1825 = DIRECTION ( 'NONE',  ( 0.000000000000000000, 0.000000000000000000, 1.000000000000000000 ) ) ;
#1826 = SURFACE_STYLE_USAGE ( .BOTH. , #3846 ) ;
#1827 = PRESENTATION_LAYER_ASSIGNMENT (  '', '', ( #4568 ) ) ;
#1828 = FILL_AREA_STYLE ('',( #3771 ) ) ;
#1829 = EDGE_CURVE ( 'NONE', #1490, #867, #813, .T. ) ;
#1830 = VERTEX_POINT ( 'NONE', #1777 ) ;
#1831 = FILL_AREA_STYLE_COLOUR ( '', #6493 ) ;
#1832 = PRESENTATION_STYLE_ASSIGNMENT (( #3098 ) ) ;
#1833 = VECTOR ( 'NONE', #263, 1000.000000000000000 ) ;
#1834 = ORIENTED_EDGE ( 'NONE', *, *, #255, .F. ) ;
#1835 = UNCERTAINTY_MEASURE_WITH_UNIT (LENGTH_MEASURE( 1.000000000000000082E-05 ), #3807, 'distance_accuracy_value', 'NONE');
#1836 = UNCERTAINTY_MEASURE_WITH_UNIT (LENGTH_MEASURE( 1.000000000000000082E-05 ), #1184, 'distance_accuracy_value', 'NONE');
#1837 = EDGE_CURVE ( 'NONE', #6488, #390, #497, .T. ) ;
#1838 = AXIS2_PLACEMENT_3D ( 'NONE', #5675, #5122, #79 ) ;
#1839 =( LENGTH_UNIT ( ) NAMED_UNIT ( * ) SI_UNIT ( .MILLI., .METRE. ) );
#1840 = VERTEX_POINT ( 'NONE', #2826 ) ;
#1841 = DIRECTION ( 'NONE',  ( -1.000000000000000000, 0.000000000000000000, 0.000000000000000000 ) ) ;
#1842 =( NAMED_UNIT ( * ) PLANE_ANGLE_UNIT ( ) SI_UNIT ( $, .RADIAN. ) );
#1843 = FILL_AREA_STYLE_COLOUR ( '', #4814 ) ;
#1844 =( GEOMETRIC_REPRESENTATION_CONTEXT ( 3 ) GLOBAL_UNCERTAINTY_ASSIGNED_CONTEXT ( ( #1136 ) ) GLOBAL_UNIT_ASSIGNED_CONTEXT ( ( #3709, #6226, #3210 ) ) REPRESENTATION_CONTEXT ( 'NONE', 'WORKASPACE' ) );
#1845 = DIRECTION ( 'NONE',  ( -0.000000000000000000, 1.000000000000000000, -0.000000000000000000 ) ) ;
#1846 = PRESENTATION_LAYER_ASSIGNMENT (  '', '', ( #4798 ) ) ;
#1847 = FILL_AREA_STYLE_COLOUR ( '', #667 ) ;
#1848 = ORIENTED_EDGE ( 'NONE', *, *, #3093, .T. ) ;
#1849 = LINE ( 'NONE', #1652, #3217 ) ;
#1850 = ADVANCED_FACE ( 'NONE', ( #175 ), #5375, .F. ) ;
#1851 = LINE ( 'NONE', #5064, #2162 ) ;
#1852 = PRESENTATION_LAYER_ASSIGNMENT (  '', '', ( #6512 ) ) ;
#1853 = CARTESIAN_POINT ( 'NONE',  ( 0.6500000000000000222, 0.1499999999999999944, -1.350000000000000089 ) ) ;
#1854 = DIRECTION ( 'NONE',  ( -0.000000000000000000, 1.000000000000000000, -0.000000000000000000 ) ) ;
#1855 = VERTEX_POINT ( 'NONE', #1794 ) ;
#1856 = CARTESIAN_POINT ( 'NONE',  ( -0.8499999999999999778, 0.1499999999999999944, -1.500000000000000000 ) ) ;
#1857 = LINE ( 'NONE', #1535, #3454 ) ;
#1858 = CARTESIAN_POINT ( 'NONE',  ( -0.9749999999999999778, 0.000000000000000000, 0.7500000000000000000 ) ) ;
#1859 = VECTOR ( 'NONE', #3910, 1000.000000000000000 ) ;
#1860 = EDGE_CURVE ( 'NONE', #5186, #4502, #6112, .T. ) ;
#1861 =( NAMED_UNIT ( * ) SI_UNIT ( $, .STERADIAN. ) SOLID_ANGLE_UNIT ( ) );
#1862 = CARTESIAN_POINT ( 'NONE',  ( -0.9749999999999999778, -0.05000000000000000278, 0.8750000000000000000 ) ) ;
#1863 = ORIENTED_EDGE ( 'NONE', *, *, #4631, .F. ) ;
#1864 = CARTESIAN_POINT ( 'NONE',  ( -0.2250000000000000056, 0.1499999999999999944, -1.224999999999999867 ) ) ;
#1865 = EDGE_CURVE ( 'NONE', #4013, #5547, #729, .T. ) ;
#1866 = ORIENTED_EDGE ( 'NONE', *, *, #4436, .F. ) ;
#1867 = FILL_AREA_STYLE ('',( #1843 ) ) ;
#1868 = CARTESIAN_POINT ( 'NONE',  ( -1.250000000000000000, -0.05000000000000000278, -0.8750000000000000000 ) ) ;
#1869 =( LENGTH_UNIT ( ) NAMED_UNIT ( * ) SI_UNIT ( .MILLI., .METRE. ) );
#1870 =( LENGTH_UNIT ( ) NAMED_UNIT ( * ) SI_UNIT ( .MILLI., .METRE. ) );
#1871 = CARTESIAN_POINT ( 'NONE',  ( -1.250000000000000000, 0.1499999999999999944, 0.1250000000000000000 ) ) ;
#1872 = ORIENTED_EDGE ( 'NONE', *, *, #783, .T. ) ;
#1873 = CARTESIAN_POINT ( 'NONE',  ( 0.3999999999999999667, 0.1499999999999999944, 1.500000000000000000 ) ) ;
#1874 = VECTOR ( 'NONE', #3468, 1000.000000000000000 ) ;
#1875 = PRESENTATION_LAYER_ASSIGNMENT (  '', '', ( #2796 ) ) ;
#1876 = ORIENTED_EDGE ( 'NONE', *, *, #6388, .T. ) ;
#1877 = LINE ( 'NONE', #6088, #3544 ) ;
#1878 = ORIENTED_EDGE ( 'NONE', *, *, #20, .F. ) ;
#1879 = CIRCLE ( 'NONE', #304, 0.1249999999999998890 ) ;
#1880 = CARTESIAN_POINT ( 'NONE',  ( 0.6500000000000000222, 0.000000000000000000, -1.350000000000000089 ) ) ;
#1881 = CARTESIAN_POINT ( 'NONE',  ( 1.250000000000000000, 0.1499999999999999944, -0.1250000000000000000 ) ) ;
#1882 = CIRCLE ( 'NONE', #2840, 0.1249999999999998890 ) ;
#1883 = SURFACE_SIDE_STYLE ('',( #4450 ) ) ;
#1884 = ADVANCED_FACE ( 'NONE', ( #5395 ), #1345, .F. ) ;
#1885 = DIRECTION ( 'NONE',  ( 1.000000000000000000, 0.000000000000000000, 0.000000000000000000 ) ) ;
#1886 = SURFACE_STYLE_FILL_AREA ( #5326 ) ;
#1887 = VERTEX_POINT ( 'NONE', #6374 ) ;
#1888 = DIRECTION ( 'NONE',  ( -0.000000000000000000, 1.000000000000000000, -0.000000000000000000 ) ) ;
#1889 = CARTESIAN_POINT ( 'NONE',  ( -0.09999999999999999167, -0.05000000000000000278, 1.224999999999999867 ) ) ;
#1890 = PLANE ( 'NONE',  #4760 ) ;
#1891 = LINE ( 'NONE', #3773, #3171 ) ;
#1892 = DIRECTION ( 'NONE',  ( 0.000000000000000000, 0.000000000000000000, 1.000000000000000000 ) ) ;
#1893 = EDGE_LOOP ( 'NONE', ( #2328, #4915, #6482, #6134 ) ) ;
#1894 = SURFACE_STYLE_FILL_AREA ( #3471 ) ;
#1895 = AXIS2_PLACEMENT_3D ( 'NONE', #630, #1219, #4267 ) ;
#1896 = CIRCLE ( 'NONE', #1809, 0.1250000000000000000 ) ;
#1897 = EDGE_CURVE ( 'NONE', #4289, #3770, #4606, .T. ) ;
#1898 = LINE ( 'NONE', #2896, #3040 ) ;
#1899 = CARTESIAN_POINT ( 'NONE',  ( -0.1250000000000000000, 0.1499999999999999944, 0.1250000000000000000 ) ) ;
#1900 = ORIENTED_EDGE ( 'NONE', *, *, #458, .T. ) ;
#1901 = VERTEX_POINT ( 'NONE', #6324 ) ;
#1902 = VERTEX_POINT ( 'NONE', #4865 ) ;
#1903 =( LENGTH_UNIT ( ) NAMED_UNIT ( * ) SI_UNIT ( .MILLI., .METRE. ) );
#1904 = CIRCLE ( 'NONE', #2899, 0.1250000000000000000 ) ;
#1905 = DIRECTION ( 'NONE',  ( -1.000000000000000000, 0.000000000000000000, 0.000000000000000000 ) ) ;
#1906 = ORIENTED_EDGE ( 'NONE', *, *, #5624, .T. ) ;
#1907 = STYLED_ITEM ( 'NONE', ( #6056 ), #1279 ) ;
#1908 = ORIENTED_EDGE ( 'NONE', *, *, #196, .T. ) ;
#1909 = EDGE_CURVE ( 'NONE', #3181, #3181, #3821, .T. ) ;
#1910 = LINE ( 'NONE', #4797, #2969 ) ;
#1911 = DIRECTION ( 'NONE',  ( 0.000000000000000000, -1.000000000000000000, 0.000000000000000000 ) ) ;
#1912 = CARTESIAN_POINT ( 'NONE',  ( 0.6500000000000000222, 0.1499999999999999944, 1.350000000000000089 ) ) ;
#1913 = DIRECTION ( 'NONE',  ( -1.000000000000000000, 0.000000000000000000, 0.000000000000000000 ) ) ;
#1914 = PRESENTATION_LAYER_ASSIGNMENT (  '', '', ( #6278 ) ) ;
#1915 = VERTEX_POINT ( 'NONE', #2315 ) ;
#1916 = DIRECTION ( 'NONE',  ( 0.000000000000000000, -1.000000000000000000, 0.000000000000000000 ) ) ;
#1917 = SURFACE_SIDE_STYLE ('',( #5463 ) ) ;
#1918 = EDGE_CURVE ( 'NONE', #4495, #3420, #5883, .T. ) ;
#1919 = VECTOR ( 'NONE', #3657, 1000.000000000000000 ) ;
#1920 = DIRECTION ( 'NONE',  ( -0.000000000000000000, 1.000000000000000000, -0.000000000000000000 ) ) ;
#1921 = VERTEX_POINT ( 'NONE', #3307 ) ;
#1922 = UNCERTAINTY_MEASURE_WITH_UNIT (LENGTH_MEASURE( 1.000000000000000082E-05 ), #4790, 'distance_accuracy_value', 'NONE');
#1923 = DIRECTION ( 'NONE',  ( -0.000000000000000000, -1.000000000000000000, -0.000000000000000000 ) ) ;
#1924 = DIRECTION ( 'NONE',  ( 0.000000000000000000, 0.000000000000000000, -1.000000000000000000 ) ) ;
#1925 = LINE ( 'NONE', #4859, #603 ) ;
#1926 = FILL_AREA_STYLE ('',( #968 ) ) ;
#1927 =( NAMED_UNIT ( * ) SI_UNIT ( $, .STERADIAN. ) SOLID_ANGLE_UNIT ( ) );
#1928 = ORIENTED_EDGE ( 'NONE', *, *, #2601, .F. ) ;
#1929 = EDGE_CURVE ( 'NONE', #6451, #1962, #1127, .T. ) ;
#1930 = DIRECTION ( 'NONE',  ( 0.000000000000000000, 0.000000000000000000, -1.000000000000000000 ) ) ;
#1931 = MECHANICAL_DESIGN_GEOMETRIC_PRESENTATION_REPRESENTATION (  '', ( #2846 ), #1386 ) ;
#1932 = LINE ( 'NONE', #3254, #5832 ) ;
#1933 = CLOSED_SHELL ( 'NONE', ( #2434, #1279, #5087, #6101, #1051, #2877 ) ) ;
#1934 = ORIENTED_EDGE ( 'NONE', *, *, #696, .T. ) ;
#1935 = ORIENTED_EDGE ( 'NONE', *, *, #4985, .F. ) ;
#1936 = FILL_AREA_STYLE_COLOUR ( '', #944 ) ;
#1937 = FACE_OUTER_BOUND ( 'NONE', #5664, .T. ) ;
#1938 = FILL_AREA_STYLE ('',( #3911 ) ) ;
#1939 = APPLICATION_CONTEXT ( 'automotive_design' ) ;
#1940 =( GEOMETRIC_REPRESENTATION_CONTEXT ( 3 ) GLOBAL_UNCERTAINTY_ASSIGNED_CONTEXT ( ( #884 ) ) GLOBAL_UNIT_ASSIGNED_CONTEXT ( ( #5202, #3704, #1123 ) ) REPRESENTATION_CONTEXT ( 'NONE', 'WORKASPACE' ) );
#1941 = DIRECTION ( 'NONE',  ( -0.000000000000000000, -1.000000000000000000, -0.000000000000000000 ) ) ;
#1942 = ORIENTED_EDGE ( 'NONE', *, *, #2644, .T. ) ;
#1943 = VECTOR ( 'NONE', #2569, 1000.000000000000000 ) ;
#1944 = PRESENTATION_LAYER_ASSIGNMENT (  '', '', ( #4750 ) ) ;
#1945 = DIRECTION ( 'NONE',  ( -0.000000000000000000, -1.000000000000000000, -0.000000000000000000 ) ) ;
#1946 = EDGE_LOOP ( 'NONE', ( #3067, #4291, #664, #3259 ) ) ;
#1947 =( GEOMETRIC_REPRESENTATION_CONTEXT ( 3 ) GLOBAL_UNCERTAINTY_ASSIGNED_CONTEXT ( ( #6314 ) ) GLOBAL_UNIT_ASSIGNED_CONTEXT ( ( #3173, #1159, #3153 ) ) REPRESENTATION_CONTEXT ( 'NONE', 'WORKASPACE' ) );
#1948 = EDGE_CURVE ( 'NONE', #4885, #1962, #5001, .T. ) ;
#1949 = DIRECTION ( 'NONE',  ( -3.942553354492743901E-17, 0.000000000000000000, 1.000000000000000000 ) ) ;
#1950 = PRESENTATION_STYLE_ASSIGNMENT (( #2441 ) ) ;
#1951 =( NAMED_UNIT ( * ) PLANE_ANGLE_UNIT ( ) SI_UNIT ( $, .RADIAN. ) );
#1952 = SURFACE_SIDE_STYLE ('',( #1562 ) ) ;
#1953 = EDGE_CURVE ( 'NONE', #2529, #6211, #256, .T. ) ;
#1954 = VECTOR ( 'NONE', #6028, 1000.000000000000000 ) ;
#1955 = AXIS2_PLACEMENT_3D ( 'NONE', #3442, #404, #6447 ) ;
#1956 = DIRECTION ( 'NONE',  ( -0.000000000000000000, -1.000000000000000000, -0.000000000000000000 ) ) ;
#1957 = EDGE_CURVE ( 'NONE', #5161, #81, #338, .T. ) ;
#1958 = FILL_AREA_STYLE_COLOUR ( '', #5040 ) ;
#1959 = DIRECTION ( 'NONE',  ( -0.000000000000000000, 0.000000000000000000, 1.000000000000000000 ) ) ;
#1960 = CARTESIAN_POINT ( 'NONE',  ( 0.1499999999999999667, 0.000000000000000000, 1.224999999999999867 ) ) ;
#1961 = CARTESIAN_POINT ( 'NONE',  ( -0.3499999999999999778, 0.1499999999999999944, 1.500000000000000000 ) ) ;
#1962 = VERTEX_POINT ( 'NONE', #4039 ) ;
#1963 = CARTESIAN_POINT ( 'NONE',  ( -0.9749999999999999778, -0.05000000000000000278, -0.3750000000000000000 ) ) ;
#1964 = ORIENTED_EDGE ( 'NONE', *, *, #1234, .T. ) ;
#1965 = ORIENTED_EDGE ( 'NONE', *, *, #3285, .T. ) ;
#1966 = VERTEX_POINT ( 'NONE', #544 ) ;
#1967 = SURFACE_STYLE_USAGE ( .BOTH. , #4479 ) ;
#1968 = LINE ( 'NONE', #142, #804 ) ;
#1969 = DIRECTION ( 'NONE',  ( 0.000000000000000000, 0.000000000000000000, -1.000000000000000000 ) ) ;
#1970 = VERTEX_POINT ( 'NONE', #5507 ) ;
#1971 = DIRECTION ( 'NONE',  ( -0.000000000000000000, 1.000000000000000000, -0.000000000000000000 ) ) ;
#1972 = COLOUR_RGB ( '',0.7921568627450980005, 0.8196078431372548767, 0.9333333333333333481 ) ;
#1973 = STYLED_ITEM ( 'NONE', ( #4955 ), #638 ) ;
#1974 = CARTESIAN_POINT ( 'NONE',  ( 1.250000000000000000, 0.9499999999999999556, 1.500000000000000000 ) ) ;
#1975 = VECTOR ( 'NONE', #5184, 1000.000000000000000 ) ;
#1976 = ORIENTED_EDGE ( 'NONE', *, *, #3534, .T. ) ;
#1977 = ORIENTED_EDGE ( 'NONE', *, *, #5991, .F. ) ;
#1978 = DIRECTION ( 'NONE',  ( 0.000000000000000000, -1.000000000000000000, 0.000000000000000000 ) ) ;
#1979 = DIRECTION ( 'NONE',  ( 1.000000000000000000, 0.000000000000000000, 0.000000000000000000 ) ) ;
#1980 = STYLED_ITEM ( 'NONE', ( #3664 ), #5758 ) ;
#1981 = SURFACE_STYLE_FILL_AREA ( #2526 ) ;
#1982 = SURFACE_STYLE_FILL_AREA ( #577 ) ;
#1983 = ORIENTED_EDGE ( 'NONE', *, *, #2122, .F. ) ;
#1984 = DIRECTION ( 'NONE',  ( 0.000000000000000000, 0.000000000000000000, 1.000000000000000000 ) ) ;
#1985 = CARTESIAN_POINT ( 'NONE',  ( -0.5999999999999999778, 0.1499999999999999944, 1.224999999999999867 ) ) ;
#1986 = DIRECTION ( 'NONE',  ( -0.000000000000000000, 1.000000000000000000, -0.000000000000000000 ) ) ;
#1987 = VECTOR ( 'NONE', #2933, 1000.000000000000000 ) ;
#1988 = MECHANICAL_DESIGN_GEOMETRIC_PRESENTATION_REPRESENTATION (  '', ( #1113 ), #866 ) ;
#1989 = VERTEX_POINT ( 'NONE', #6077 ) ;
#1990 = DIRECTION ( 'NONE',  ( 0.000000000000000000, -0.000000000000000000, -1.000000000000000000 ) ) ;
#1991 = ORIENTED_EDGE ( 'NONE', *, *, #1860, .T. ) ;
#1992 = PLANE ( 'NONE',  #524 ) ;
#1993 = MECHANICAL_DESIGN_GEOMETRIC_PRESENTATION_REPRESENTATION (  '', ( #110 ), #4400 ) ;
#1994 = EDGE_CURVE ( 'NONE', #2731, #634, #4677, .T. ) ;
#1995 = VERTEX_POINT ( 'NONE', #2486 ) ;
#1996 = PRESENTATION_LAYER_ASSIGNMENT (  '', '', ( #2785 ) ) ;
#1997 = FILL_AREA_STYLE_COLOUR ( '', #1174 ) ;
#1998 = PRESENTATION_STYLE_ASSIGNMENT (( #535 ) ) ;
#1999 = VERTEX_POINT ( 'NONE', #2089 ) ;
#2000 = AXIS2_PLACEMENT_3D ( 'NONE', #2713, #6245, #2276 ) ;
#2001 = EDGE_CURVE ( 'NONE', #5297, #5117, #2120, .T. ) ;
#2002 = UNCERTAINTY_MEASURE_WITH_UNIT (LENGTH_MEASURE( 1.000000000000000082E-05 ), #2659, 'distance_accuracy_value', 'NONE');
#2003 = CARTESIAN_POINT ( 'NONE',  ( -0.8499999999999999778, 0.1499999999999999944, -1.224999999999999867 ) ) ;
#2004 = MANIFOLD_SOLID_BREP ( 'Boss-Extrude5', #3032 ) ;
#2005 = VERTEX_POINT ( 'NONE', #1108 ) ;
#2006 = VECTOR ( 'NONE', #4299, 1000.000000000000000 ) ;
#2007 = UNCERTAINTY_MEASURE_WITH_UNIT (LENGTH_MEASURE( 1.000000000000000082E-05 ), #5504, 'distance_accuracy_value', 'NONE');
#2008 = AXIS2_PLACEMENT_3D ( 'NONE', #1240, #2149, #6236 ) ;
#2009 = CARTESIAN_POINT ( 'NONE',  ( 0.2250000000000000056, 0.1499999999999999944, 0.3750000000000000000 ) ) ;
#2010 = ORIENTED_EDGE ( 'NONE', *, *, #3631, .T. ) ;
#2011 = DIRECTION ( 'NONE',  ( 0.000000000000000000, -0.000000000000000000, -1.000000000000000000 ) ) ;
#2012 = DIRECTION ( 'NONE',  ( -1.000000000000000000, 0.000000000000000000, 0.000000000000000000 ) ) ;
#2013 =( NAMED_UNIT ( * ) PLANE_ANGLE_UNIT ( ) SI_UNIT ( $, .RADIAN. ) );
#2014 = FACE_OUTER_BOUND ( 'NONE', #5871, .T. ) ;
#2015 = STYLED_ITEM ( 'NONE', ( #4350 ), #3531 ) ;
#2016 = LINE ( 'NONE', #2656, #1701 ) ;
#2017 = EDGE_CURVE ( 'NONE', #6211, #3579, #1968, .T. ) ;
#2018 =( NAMED_UNIT ( * ) SI_UNIT ( $, .STERADIAN. ) SOLID_ANGLE_UNIT ( ) );
#2019 = FILL_AREA_STYLE_COLOUR ( '', #2704 ) ;
#2020 = ORIENTED_EDGE ( 'NONE', *, *, #374, .T. ) ;
#2021 = AXIS2_PLACEMENT_3D ( 'NONE', #1154, #4160, #3652 ) ;
#2023 = ORIENTED_EDGE ( 'NONE', *, *, #5371, .T. ) ;
#2022 = CARTESIAN_POINT ( 'NONE',  ( 1.250000000000000000, 0.9499999999999999556, 1.500000000000000000 ) ) ;
#2024 = LINE ( 'NONE', #2623, #3621 ) ;
#2025 = CARTESIAN_POINT ( 'NONE',  ( -0.9749999999999999778, 0.1499999999999999944, 0.3750000000000000000 ) ) ;
#2026 =( GEOMETRIC_REPRESENTATION_CONTEXT ( 3 ) GLOBAL_UNCERTAINTY_ASSIGNED_CONTEXT ( ( #4879 ) ) GLOBAL_UNIT_ASSIGNED_CONTEXT ( ( #699, #1709, #2221 ) ) REPRESENTATION_CONTEXT ( 'NONE', 'WORKASPACE' ) );
#2027 = EDGE_CURVE ( 'NONE', #5186, #772, #5792, .T. ) ;
#2028 = VECTOR ( 'NONE', #468, 1000.000000000000000 ) ;
#2029 = CARTESIAN_POINT ( 'NONE',  ( -0.1250000000000000000, -0.000000000000000000, -0.1250000000000000555 ) ) ;
#2030 = FILL_AREA_STYLE_COLOUR ( '', #4398 ) ;
#2031 = DIRECTION ( 'NONE',  ( 0.000000000000000000, -0.000000000000000000, -1.000000000000000000 ) ) ;
#2032 =( GEOMETRIC_REPRESENTATION_CONTEXT ( 3 ) GLOBAL_UNCERTAINTY_ASSIGNED_CONTEXT ( ( #70 ) ) GLOBAL_UNIT_ASSIGNED_CONTEXT ( ( #3984, #4455, #1861 ) ) REPRESENTATION_CONTEXT ( 'NONE', 'WORKASPACE' ) );
#2033 = UNCERTAINTY_MEASURE_WITH_UNIT (LENGTH_MEASURE( 1.000000000000000082E-05 ), #4724, 'distance_accuracy_value', 'NONE');
#2034 = UNCERTAINTY_MEASURE_WITH_UNIT (LENGTH_MEASURE( 1.000000000000000082E-05 ), #117, 'distance_accuracy_value', 'NONE');
#2035 = ORIENTED_EDGE ( 'NONE', *, *, #325, .F. ) ;
#2036 = DIRECTION ( 'NONE',  ( 0.000000000000000000, 0.000000000000000000, -1.000000000000000000 ) ) ;
#2037 = EDGE_CURVE ( 'NONE', #3770, #3849, #3023, .T. ) ;
#2038 =( NAMED_UNIT ( * ) PLANE_ANGLE_UNIT ( ) SI_UNIT ( $, .RADIAN. ) );
#2039 = CARTESIAN_POINT ( 'NONE',  ( -0.9749999999999999778, -0.05000000000000000278, -0.1250000000000000000 ) ) ;
#2040 = LINE ( 'NONE', #4881, #6250 ) ;
#2041 = LINE ( 'NONE', #5019, #720 ) ;
#2042 =( LENGTH_UNIT ( ) NAMED_UNIT ( * ) SI_UNIT ( .MILLI., .METRE. ) );
#2043 = VERTEX_POINT ( 'NONE', #1751 ) ;
#2044 = FACE_OUTER_BOUND ( 'NONE', #3851, .T. ) ;
#2045 =( NAMED_UNIT ( * ) PLANE_ANGLE_UNIT ( ) SI_UNIT ( $, .RADIAN. ) );
#2046 = ORIENTED_EDGE ( 'NONE', *, *, #1957, .T. ) ;
#2047 = VECTOR ( 'NONE', #1266, 1000.000000000000000 ) ;
#2048 = DIRECTION ( 'NONE',  ( -0.000000000000000000, -1.000000000000000000, -0.000000000000000000 ) ) ;
#2049 = MECHANICAL_DESIGN_GEOMETRIC_PRESENTATION_REPRESENTATION (  '', ( #713 ), #5177 ) ;
#2050 = ORIENTED_EDGE ( 'NONE', *, *, #5909, .F. ) ;
#2051 = DIRECTION ( 'NONE',  ( -0.000000000000000000, -1.000000000000000000, -0.000000000000000000 ) ) ;
#2052 = ADVANCED_FACE ( 'NONE', ( #1342 ), #5226, .T. ) ;
#2053 = PLANE ( 'NONE',  #5134 ) ;
#2054 = FACE_OUTER_BOUND ( 'NONE', #6259, .T. ) ;
#2055 = CARTESIAN_POINT ( 'NONE',  ( 0.6500000000000000222, 0.000000000000000000, 1.350000000000000089 ) ) ;
#2056 = DIRECTION ( 'NONE',  ( -0.000000000000000000, 1.000000000000000000, -0.000000000000000000 ) ) ;
#2057 = ORIENTED_EDGE ( 'NONE', *, *, #4058, .F. ) ;
#2058 = EDGE_LOOP ( 'NONE', ( #6114, #3102, #5354, #5318 ) ) ;
#2059 = MECHANICAL_DESIGN_GEOMETRIC_PRESENTATION_REPRESENTATION (  '', ( #83 ), #3682 ) ;
#2060 = PRESENTATION_LAYER_ASSIGNMENT (  '', '', ( #1396 ) ) ;
#2061 = DIRECTION ( 'NONE',  ( 1.000000000000000000, 0.000000000000000000, 0.000000000000000000 ) ) ;
#2062 = VECTOR ( 'NONE', #6182, 1000.000000000000000 ) ;
#2063 = SURFACE_STYLE_FILL_AREA ( #2171 ) ;
#2064 = CARTESIAN_POINT ( 'NONE',  ( 0.7750000000000000222, -0.05000000000000000278, -1.224999999999999867 ) ) ;
#2065 = VERTEX_POINT ( 'NONE', #3278 ) ;
#2066 = AXIS2_PLACEMENT_3D ( 'NONE', #2878, #1314, #2857 ) ;
#2067 = DIRECTION ( 'NONE',  ( -1.000000000000000000, 0.000000000000000000, 0.000000000000000000 ) ) ;
#2068 = CARTESIAN_POINT ( 'NONE',  ( -0.8499999999999999778, 0.1499999999999999944, -1.224999999999999867 ) ) ;
#2069 = MECHANICAL_DESIGN_GEOMETRIC_PRESENTATION_REPRESENTATION (  '', ( #612 ), #5014 ) ;
#2070 = ORIENTED_EDGE ( 'NONE', *, *, #2196, .T. ) ;
#2071 = CARTESIAN_POINT ( 'NONE',  ( 0.2749999999999999667, 0.1499999999999999944, -1.100000000000000089 ) ) ;
#2072 = DIRECTION ( 'NONE',  ( 0.000000000000000000, 0.000000000000000000, 1.000000000000000000 ) ) ;
#2073 = CIRCLE ( 'NONE', #4772, 0.1250000000000000000 ) ;
#2074 = VECTOR ( 'NONE', #939, 1000.000000000000000 ) ;
#2075 =( LENGTH_UNIT ( ) NAMED_UNIT ( * ) SI_UNIT ( .MILLI., .METRE. ) );
#2076 = ORIENTED_EDGE ( 'NONE', *, *, #1495, .F. ) ;
#2077 = DIRECTION ( 'NONE',  ( -1.000000000000000000, 0.000000000000000000, 0.000000000000000000 ) ) ;
#2078 = DIRECTION ( 'NONE',  ( 0.000000000000000000, 0.000000000000000000, -1.000000000000000000 ) ) ;
#2079 =( GEOMETRIC_REPRESENTATION_CONTEXT ( 3 ) GLOBAL_UNCERTAINTY_ASSIGNED_CONTEXT ( ( #774 ) ) GLOBAL_UNIT_ASSIGNED_CONTEXT ( ( #1624, #2142, #2675 ) ) REPRESENTATION_CONTEXT ( 'NONE', 'WORKASPACE' ) );
#2080 = AXIS2_PLACEMENT_3D ( 'NONE', #6501, #424, #5979 ) ;
#2081 = SURFACE_STYLE_FILL_AREA ( #4301 ) ;
#2082 = AXIS2_PLACEMENT_3D ( 'NONE', #4758, #6279, #2753 ) ;
#2083 = ORIENTED_EDGE ( 'NONE', *, *, #235, .T. ) ;
#2084 = EDGE_CURVE ( 'NONE', #5748, #680, #2463, .T. ) ;
#2085 = DIRECTION ( 'NONE',  ( -0.000000000000000000, -1.000000000000000000, -0.000000000000000000 ) ) ;
#2086 =( NAMED_UNIT ( * ) SI_UNIT ( $, .STERADIAN. ) SOLID_ANGLE_UNIT ( ) );
#2087 = UNCERTAINTY_MEASURE_WITH_UNIT (LENGTH_MEASURE( 1.000000000000000082E-05 ), #50, 'distance_accuracy_value', 'NONE');
#2088 = SURFACE_SIDE_STYLE ('',( #868 ) ) ;
#2089 = CARTESIAN_POINT ( 'NONE',  ( 1.250000000000000000, 0.1499999999999999944, 0.3750000000000000000 ) ) ;
#2090 = ORIENTED_EDGE ( 'NONE', *, *, #1837, .T. ) ;
#2091 = ORIENTED_EDGE ( 'NONE', *, *, #5773, .T. ) ;
#2092 = EDGE_CURVE ( 'NONE', #1840, #908, #1116, .T. ) ;
#2093 =( GEOMETRIC_REPRESENTATION_CONTEXT ( 3 ) GLOBAL_UNCERTAINTY_ASSIGNED_CONTEXT ( ( #5360 ) ) GLOBAL_UNIT_ASSIGNED_CONTEXT ( ( #3063, #3150, #1087 ) ) REPRESENTATION_CONTEXT ( 'NONE', 'WORKASPACE' ) );
#2094 = FILL_AREA_STYLE_COLOUR ( '', #2792 ) ;
#2095 = CIRCLE ( 'NONE', #2618, 0.1249999999999998890 ) ;
#2096 = FILL_AREA_STYLE_COLOUR ( '', #3877 ) ;
#2097 = ORIENTED_EDGE ( 'NONE', *, *, #5267, .T. ) ;
#2098 = LINE ( 'NONE', #3874, #1693 ) ;
#2099 =( LENGTH_UNIT ( ) NAMED_UNIT ( * ) SI_UNIT ( .MILLI., .METRE. ) );
#2100 = FACE_BOUND ( 'NONE', #3048, .T. ) ;
#2101 =( NAMED_UNIT ( * ) PLANE_ANGLE_UNIT ( ) SI_UNIT ( $, .RADIAN. ) );
#2102 =( GEOMETRIC_REPRESENTATION_CONTEXT ( 3 ) GLOBAL_UNCERTAINTY_ASSIGNED_CONTEXT ( ( #3476 ) ) GLOBAL_UNIT_ASSIGNED_CONTEXT ( ( #5485, #2930, #3379 ) ) REPRESENTATION_CONTEXT ( 'NONE', 'WORKASPACE' ) );
#2103 =( NAMED_UNIT ( * ) PLANE_ANGLE_UNIT ( ) SI_UNIT ( $, .RADIAN. ) );
#2104 = ORIENTED_EDGE ( 'NONE', *, *, #1581, .T. ) ;
#2105 = FACE_OUTER_BOUND ( 'NONE', #6416, .T. ) ;
#2106 = PLANE ( 'NONE',  #2921 ) ;
#2107 = PRESENTATION_STYLE_ASSIGNMENT (( #3790 ) ) ;
#2108 = ORIENTED_EDGE ( 'NONE', *, *, #5674, .T. ) ;
#2109 = VECTOR ( 'NONE', #3060, 1000.000000000000000 ) ;
#2110 =( NAMED_UNIT ( * ) SI_UNIT ( $, .STERADIAN. ) SOLID_ANGLE_UNIT ( ) );
#2111 = CARTESIAN_POINT ( 'NONE',  ( -0.2250000000000000056, -0.000000000000000000, -1.224999999999999867 ) ) ;
#2112 = EDGE_CURVE ( 'NONE', #1653, #3966, #3889, .T. ) ;
#2113 = DIRECTION ( 'NONE',  ( 0.000000000000000000, 0.000000000000000000, 1.000000000000000000 ) ) ;
#2114 = PLANE ( 'NONE',  #2750 ) ;
#2115 = UNCERTAINTY_MEASURE_WITH_UNIT (LENGTH_MEASURE( 1.000000000000000082E-05 ), #5522, 'distance_accuracy_value', 'NONE');
#2116 = ORIENTED_EDGE ( 'NONE', *, *, #4819, .F. ) ;
#2117 = CARTESIAN_POINT ( 'NONE',  ( -0.8499999999999999778, 0.1499999999999999944, -0.6250000000000000000 ) ) ;
#2118 = VECTOR ( 'NONE', #4983, 1000.000000000000000 ) ;
#2119 = ORIENTED_EDGE ( 'NONE', *, *, #1165, .F. ) ;
#2120 = LINE ( 'NONE', #5173, #491 ) ;
#2121 = ORIENTED_EDGE ( 'NONE', *, *, #1003, .T. ) ;
#2122 = EDGE_CURVE ( 'NONE', #265, #1211, #4298, .T. ) ;
#2123 = DIRECTION ( 'NONE',  ( -0.000000000000000000, 1.000000000000000000, -0.000000000000000000 ) ) ;
#2124 = PRESENTATION_STYLE_ASSIGNMENT (( #2264 ) ) ;
#2125 = ORIENTED_EDGE ( 'NONE', *, *, #3526, .T. ) ;
#2126 = ORIENTED_EDGE ( 'NONE', *, *, #1358, .T. ) ;
#2127 = ORIENTED_EDGE ( 'NONE', *, *, #6420, .F. ) ;
#2128 =( LENGTH_UNIT ( ) NAMED_UNIT ( * ) SI_UNIT ( .MILLI., .METRE. ) );
#2129 = FILL_AREA_STYLE_COLOUR ( '', #4026 ) ;
#2130 = AXIS2_PLACEMENT_3D ( 'NONE', #4735, #1782, #4286 ) ;
#2131 = LINE ( 'NONE', #2583, #1047 ) ;
#2132 = ORIENTED_EDGE ( 'NONE', *, *, #1918, .F. ) ;
#2133 = DIRECTION ( 'NONE',  ( 0.000000000000000000, 0.000000000000000000, 1.000000000000000000 ) ) ;
#2134 = DIRECTION ( 'NONE',  ( -0.000000000000000000, -1.000000000000000000, -0.000000000000000000 ) ) ;
#2135 = PRESENTATION_STYLE_ASSIGNMENT (( #1181 ) ) ;
#2136 = CARTESIAN_POINT ( 'NONE',  ( -0.7249999999999999778, 0.1499999999999999944, 1.224999999999999867 ) ) ;
#2137 = CARTESIAN_POINT ( 'NONE',  ( 1.250000000000000000, -0.05000000000000000278, -0.6250000000000000000 ) ) ;
#2138 = VECTOR ( 'NONE', #5848, 1000.000000000000000 ) ;
#2139 = EDGE_LOOP ( 'NONE', ( #1152 ) ) ;
#2140 = PRESENTATION_STYLE_ASSIGNMENT (( #6087 ) ) ;
#2141 =( NAMED_UNIT ( * ) PLANE_ANGLE_UNIT ( ) SI_UNIT ( $, .RADIAN. ) );
#2143 = VECTOR ( 'NONE', #5922, 1000.000000000000000 ) ;
#2142 =( NAMED_UNIT ( * ) PLANE_ANGLE_UNIT ( ) SI_UNIT ( $, .RADIAN. ) );
#2144 = ORIENTED_EDGE ( 'NONE', *, *, #6536, .F. ) ;
#2145 = LINE ( 'NONE', #846, #4627 ) ;
#2146 =( NAMED_UNIT ( * ) PLANE_ANGLE_UNIT ( ) SI_UNIT ( $, .RADIAN. ) );
#2147 = SURFACE_SIDE_STYLE ('',( #3736 ) ) ;
#2148 = AXIS2_PLACEMENT_3D ( 'NONE', #1689, #218, #2759 ) ;
#2149 = DIRECTION ( 'NONE',  ( 0.000000000000000000, -1.000000000000000000, 0.000000000000000000 ) ) ;
#2150 = EDGE_CURVE ( 'NONE', #816, #3957, #90, .T. ) ;
#2151 = FACE_OUTER_BOUND ( 'NONE', #4922, .T. ) ;
#2152 = ORIENTED_EDGE ( 'NONE', *, *, #1335, .F. ) ;
#2153 = ORIENTED_EDGE ( 'NONE', *, *, #5696, .T. ) ;
#2154 = CARTESIAN_POINT ( 'NONE',  ( 0.9000000000000000222, 0.1499999999999999944, 1.224999999999999867 ) ) ;
#2155 = COLOUR_RGB ( '',1.000000000000000000, 1.000000000000000000, 1.000000000000000000 ) ;
#2156 = SURFACE_SIDE_STYLE ('',( #5451 ) ) ;
#2157 = ADVANCED_FACE ( 'NONE', ( #415 ), #5241, .F. ) ;
#2158 = ORIENTED_EDGE ( 'NONE', *, *, #3127, .F. ) ;
#2159 = PRESENTATION_LAYER_ASSIGNMENT (  '', '', ( #30 ) ) ;
#2160 = SURFACE_SIDE_STYLE ('',( #6520 ) ) ;
#2161 = EDGE_CURVE ( 'NONE', #6015, #207, #4747, .T. ) ;
#2162 = VECTOR ( 'NONE', #6076, 1000.000000000000000 ) ;
#2163 = ORIENTED_EDGE ( 'NONE', *, *, #2570, .F. ) ;
#2164 = DIRECTION ( 'NONE',  ( 0.000000000000000000, -1.000000000000000000, 0.000000000000000000 ) ) ;
#2165 = FACE_OUTER_BOUND ( 'NONE', #1438, .T. ) ;
#2166 = CARTESIAN_POINT ( 'NONE',  ( 0.6500000000000000222, 0.1499999999999999944, 1.350000000000000089 ) ) ;
#2167 = EDGE_CURVE ( 'NONE', #1690, #4757, #3398, .T. ) ;
#2168 =( LENGTH_UNIT ( ) NAMED_UNIT ( * ) SI_UNIT ( .MILLI., .METRE. ) );
#2169 = PLANE ( 'NONE',  #1895 ) ;
#2170 = DIRECTION ( 'NONE',  ( 0.000000000000000000, -1.000000000000000000, 0.000000000000000000 ) ) ;
#2171 = FILL_AREA_STYLE ('',( #1668 ) ) ;
#2172 =( NAMED_UNIT ( * ) SI_UNIT ( $, .STERADIAN. ) SOLID_ANGLE_UNIT ( ) );
#2173 = CARTESIAN_POINT ( 'NONE',  ( 0.9000000000000000222, 0.1499999999999999944, 1.224999999999999867 ) ) ;
#2174 = MECHANICAL_DESIGN_GEOMETRIC_PRESENTATION_REPRESENTATION (  '', ( #1065 ), #3545 ) ;
#2175 = COLOUR_RGB ( '',1.000000000000000000, 1.000000000000000000, 1.000000000000000000 ) ;
#2176 = CARTESIAN_POINT ( 'NONE',  ( 0.2250000000000000056, 0.1499999999999999944, 0.5000000000000000000 ) ) ;
#2177 = CARTESIAN_POINT ( 'NONE',  ( -0.5999999999999999778, 0.1499999999999999944, -1.500000000000000000 ) ) ;
#2178 = VECTOR ( 'NONE', #4253, 1000.000000000000000 ) ;
#2179 = MECHANICAL_DESIGN_GEOMETRIC_PRESENTATION_REPRESENTATION (  '', ( #3825 ), #1721 ) ;
#2180 = ORIENTED_EDGE ( 'NONE', *, *, #3086, .F. ) ;
#2181 = LINE ( 'NONE', #1075, #6399 ) ;
#2182 = CARTESIAN_POINT ( 'NONE',  ( -0.1000000000000000056, -0.05000000000000000278, 1.500000000000000000 ) ) ;
#2183 = EDGE_CURVE ( 'NONE', #5297, #1746, #3481, .T. ) ;
#2184 = ORIENTED_EDGE ( 'NONE', *, *, #3655, .F. ) ;
#2185 = CIRCLE ( 'NONE', #5693, 0.1250000000000001110 ) ;
#2186 = PRESENTATION_LAYER_ASSIGNMENT (  '', '', ( #3956 ) ) ;
#2187 = CARTESIAN_POINT ( 'NONE',  ( -0.09999999999999999167, 0.1499999999999999944, 1.224999999999999867 ) ) ;
#2188 =( NAMED_UNIT ( * ) SI_UNIT ( $, .STERADIAN. ) SOLID_ANGLE_UNIT ( ) );
#2189 =( NAMED_UNIT ( * ) SI_UNIT ( $, .STERADIAN. ) SOLID_ANGLE_UNIT ( ) );
#2190 = VECTOR ( 'NONE', #1956, 1000.000000000000000 ) ;
#2191 = FACE_OUTER_BOUND ( 'NONE', #3180, .T. ) ;
#2192 = ORIENTED_EDGE ( 'NONE', *, *, #2235, .T. ) ;
#2193 = AXIS2_PLACEMENT_3D ( 'NONE', #4247, #286, #3289 ) ;
#2194 = CARTESIAN_POINT ( 'NONE',  ( -0.09999999999999999167, -0.05000000000000000278, 1.224999999999999867 ) ) ;
#2195 = VECTOR ( 'NONE', #2789, 1000.000000000000000 ) ;
#2196 = EDGE_CURVE ( 'NONE', #2943, #867, #6251, .T. ) ;
#2197 = CARTESIAN_POINT ( 'NONE',  ( -1.250000000000000000, 0.1499999999999999944, 0.3750000000000000000 ) ) ;
#2198 = DIRECTION ( 'NONE',  ( 0.000000000000000000, 0.000000000000000000, -1.000000000000000000 ) ) ;
#2199 = UNCERTAINTY_MEASURE_WITH_UNIT (LENGTH_MEASURE( 1.000000000000000082E-05 ), #2646, 'distance_accuracy_value', 'NONE');
#2200 =( NAMED_UNIT ( * ) SI_UNIT ( $, .STERADIAN. ) SOLID_ANGLE_UNIT ( ) );
#2201 = ORIENTED_EDGE ( 'NONE', *, *, #146, .F. ) ;
#2202 = LINE ( 'NONE', #5745, #4754 ) ;
#2203 =( GEOMETRIC_REPRESENTATION_CONTEXT ( 3 ) GLOBAL_UNCERTAINTY_ASSIGNED_CONTEXT ( ( #4979 ) ) GLOBAL_UNIT_ASSIGNED_CONTEXT ( ( #1793, #4377, #6373 ) ) REPRESENTATION_CONTEXT ( 'NONE', 'WORKASPACE' ) );
#2204 = DIRECTION ( 'NONE',  ( -0.000000000000000000, 1.000000000000000000, -0.000000000000000000 ) ) ;
#2205 = ORIENTED_EDGE ( 'NONE', *, *, #487, .T. ) ;
#2206 = ORIENTED_EDGE ( 'NONE', *, *, #3526, .F. ) ;
#2207 = DIRECTION ( 'NONE',  ( 0.000000000000000000, -1.000000000000000000, 0.000000000000000000 ) ) ;
#2208 = UNCERTAINTY_MEASURE_WITH_UNIT (LENGTH_MEASURE( 1.000000000000000082E-05 ), #5054, 'distance_accuracy_value', 'NONE');
#2209 = VECTOR ( 'NONE', #1378, 1000.000000000000000 ) ;
#2210 = MECHANICAL_DESIGN_GEOMETRIC_PRESENTATION_REPRESENTATION (  '', ( #5286 ), #5854 ) ;
#2211 = VERTEX_POINT ( 'NONE', #361 ) ;
#2212 = ADVANCED_FACE ( 'NONE', ( #2191 ), #5399, .F. ) ;
#2213 = ORIENTED_EDGE ( 'NONE', *, *, #374, .F. ) ;
#2214 = FACE_OUTER_BOUND ( 'NONE', #5291, .T. ) ;
#2215 = CARTESIAN_POINT ( 'NONE',  ( 0.4000000000000000222, 0.1499999999999999944, 1.350000000000000089 ) ) ;
#2216 =( NAMED_UNIT ( * ) SI_UNIT ( $, .STERADIAN. ) SOLID_ANGLE_UNIT ( ) );
#2217 = CARTESIAN_POINT ( 'NONE',  ( 0.4000000000000000222, -0.05000000000000000278, -1.500000000000000000 ) ) ;
#2218 = ORIENTED_EDGE ( 'NONE', *, *, #994, .F. ) ;
#2219 = CARTESIAN_POINT ( 'NONE',  ( -0.3499999999999999778, 0.1499999999999999944, -1.500000000000000000 ) ) ;
#2220 = PRESENTATION_LAYER_ASSIGNMENT (  '', '', ( #3507 ) ) ;
#2221 =( NAMED_UNIT ( * ) SI_UNIT ( $, .STERADIAN. ) SOLID_ANGLE_UNIT ( ) );
#2222 = DIRECTION ( 'NONE',  ( 0.000000000000000000, -1.000000000000000000, 0.000000000000000000 ) ) ;
#2223 = PRESENTATION_STYLE_ASSIGNMENT (( #1826 ) ) ;
#2224 = ADVANCED_FACE ( 'NONE', ( #3803 ), #4940, .T. ) ;
#2225 = FILL_AREA_STYLE_COLOUR ( '', #5519 ) ;
#2226 = PLANE ( 'NONE',  #591 ) ;
#2227 = VERTEX_POINT ( 'NONE', #443 ) ;
#2228 =( NAMED_UNIT ( * ) SI_UNIT ( $, .STERADIAN. ) SOLID_ANGLE_UNIT ( ) );
#2229 = DIRECTION ( 'NONE',  ( 0.000000000000000000, -1.000000000000000000, -0.000000000000000000 ) ) ;
#2230 = CARTESIAN_POINT ( 'NONE',  ( 1.250000000000000000, 0.000000000000000000, 0.6250000000000000000 ) ) ;
#2231 = VECTOR ( 'NONE', #4501, 1000.000000000000000 ) ;
#2232 = VECTOR ( 'NONE', #3460, 1000.000000000000000 ) ;
#2233 = PRESENTATION_LAYER_ASSIGNMENT (  '', '', ( #2015 ) ) ;
#2234 = VERTEX_POINT ( 'NONE', #6426 ) ;
#2235 = EDGE_CURVE ( 'NONE', #3495, #5974, #4668, .T. ) ;
#2236 = DIRECTION ( 'NONE',  ( -1.000000000000000000, 0.000000000000000000, 0.000000000000000000 ) ) ;
#2237 = VECTOR ( 'NONE', #2236, 1000.000000000000000 ) ;
#2238 = LINE ( 'NONE', #733, #764 ) ;
#2239 = ADVANCED_FACE ( 'NONE', ( #3637 ), #2411, .T. ) ;
#2240 = ORIENTED_EDGE ( 'NONE', *, *, #5052, .F. ) ;
#2241 = CARTESIAN_POINT ( 'NONE',  ( 0.7750000000000000222, 0.000000000000000000, 1.224999999999999867 ) ) ;
#2242 = CARTESIAN_POINT ( 'NONE',  ( 0.1499999999999999667, -0.05000000000000000278, 1.500000000000000000 ) ) ;
#2243 = PLANE ( 'NONE',  #1434 ) ;
#2244 = AXIS2_PLACEMENT_3D ( 'NONE', #4352, #5351, #2381 ) ;
#2245 = EDGE_CURVE ( 'NONE', #2529, #4893, #5458, .T. ) ;
#2246 = ORIENTED_EDGE ( 'NONE', *, *, #3895, .F. ) ;
#2247 = CARTESIAN_POINT ( 'NONE',  ( -0.1000000000000000056, 0.000000000000000000, 1.500000000000000000 ) ) ;
#2248 = ORIENTED_EDGE ( 'NONE', *, *, #2017, .T. ) ;
#2249 =( NAMED_UNIT ( * ) SI_UNIT ( $, .STERADIAN. ) SOLID_ANGLE_UNIT ( ) );
#2250 = DIRECTION ( 'NONE',  ( 0.000000000000000000, 0.000000000000000000, -1.000000000000000000 ) ) ;
#2251 = AXIS2_PLACEMENT_3D ( 'NONE', #4996, #4433, #6404 ) ;
#2252 = ADVANCED_FACE ( 'NONE', ( #1419 ), #4999, .F. ) ;
#2253 =( NAMED_UNIT ( * ) PLANE_ANGLE_UNIT ( ) SI_UNIT ( $, .RADIAN. ) );
#2254 = DIRECTION ( 'NONE',  ( -0.000000000000000000, -1.000000000000000000, -0.000000000000000000 ) ) ;
#2255 = CARTESIAN_POINT ( 'NONE',  ( -0.5999999999999999778, 0.1499999999999999944, 1.500000000000000000 ) ) ;
#2256 = STYLED_ITEM ( 'NONE', ( #3549 ), #4109 ) ;
#2257 = LINE ( 'NONE', #5810, #4112 ) ;
#2258 = VERTEX_POINT ( 'NONE', #4434 ) ;
#2259 = CARTESIAN_POINT ( 'NONE',  ( 0.1499999999999999667, -0.05000000000000000278, -1.500000000000000000 ) ) ;
#2260 = FACE_OUTER_BOUND ( 'NONE', #2678, .T. ) ;
#2261 = CARTESIAN_POINT ( 'NONE',  ( 0.2250000000000000056, -0.05000000000000000278, -0.3750000000000000000 ) ) ;
#2262 = EDGE_CURVE ( 'NONE', #1058, #1840, #2041, .T. ) ;
#2263 = AXIS2_PLACEMENT_3D ( 'NONE', #6454, #2932, #4926 ) ;
#2264 = SURFACE_STYLE_USAGE ( .BOTH. , #2869 ) ;
#2265 = CARTESIAN_POINT ( 'NONE',  ( -1.250000000000000000, 0.1499999999999999944, 0.6250000000000000000 ) ) ;
#2266 = CARTESIAN_POINT ( 'NONE',  ( 0.2250000000000000056, -0.05000000000000000278, 0.3750000000000000000 ) ) ;
#2267 = DIRECTION ( 'NONE',  ( 1.000000000000000000, 0.000000000000000000, -0.000000000000000000 ) ) ;
#2268 = FACE_OUTER_BOUND ( 'NONE', #17, .T. ) ;
#2269 = FILL_AREA_STYLE_COLOUR ( '', #4671 ) ;
#2270 = ORIENTED_EDGE ( 'NONE', *, *, #2183, .T. ) ;
#2271 = PLANE ( 'NONE',  #4866 ) ;
#2272 = SURFACE_STYLE_USAGE ( .BOTH. , #5321 ) ;
#2273 = FACE_OUTER_BOUND ( 'NONE', #5044, .T. ) ;
#2274 = ORIENTED_EDGE ( 'NONE', *, *, #1554, .F. ) ;
#2275 = VECTOR ( 'NONE', #5984, 1000.000000000000000 ) ;
#2276 = DIRECTION ( 'NONE',  ( -1.000000000000000000, 0.000000000000000000, -0.000000000000000000 ) ) ;
#2277 =( GEOMETRIC_REPRESENTATION_CONTEXT ( 3 ) GLOBAL_UNCERTAINTY_ASSIGNED_CONTEXT ( ( #5459 ) ) GLOBAL_UNIT_ASSIGNED_CONTEXT ( ( #5779, #258, #3764 ) ) REPRESENTATION_CONTEXT ( 'NONE', 'WORKASPACE' ) );
#2278 = CARTESIAN_POINT ( 'NONE',  ( 1.250000000000000000, 0.1499999999999999944, 0.1250000000000000000 ) ) ;
#2279 = ADVANCED_FACE ( 'NONE', ( #3719 ), #974, .F. ) ;
#2280 = ORIENTED_EDGE ( 'NONE', *, *, #1781, .T. ) ;
#2281 =( NAMED_UNIT ( * ) PLANE_ANGLE_UNIT ( ) SI_UNIT ( $, .RADIAN. ) );
#2282 = LINE ( 'NONE', #3720, #6322 ) ;
#2283 = AXIS2_PLACEMENT_3D ( 'NONE', #2777, #306, #2809 ) ;
#2284 = MECHANICAL_DESIGN_GEOMETRIC_PRESENTATION_REPRESENTATION (  '', ( #828 ), #1367 ) ;
#2285 = EDGE_CURVE ( 'NONE', #738, #1921, #5217, .T. ) ;
#2286 = ORIENTED_EDGE ( 'NONE', *, *, #5600, .T. ) ;
#2287 = CARTESIAN_POINT ( 'NONE',  ( -1.250000000000000000, 0.9499999999999999556, -1.500000000000000000 ) ) ;
#2288 = ORIENTED_EDGE ( 'NONE', *, *, #398, .F. ) ;
#2289 = FILL_AREA_STYLE ('',( #232 ) ) ;
#2290 = SURFACE_STYLE_USAGE ( .BOTH. , #5831 ) ;
#2291 = EDGE_CURVE ( 'NONE', #4543, #2779, #5295, .T. ) ;
#2292 = DIRECTION ( 'NONE',  ( -0.000000000000000000, 1.000000000000000000, -0.000000000000000000 ) ) ;
#2293 = UNCERTAINTY_MEASURE_WITH_UNIT (LENGTH_MEASURE( 1.000000000000000082E-05 ), #1471, 'distance_accuracy_value', 'NONE');
#2294 = DIRECTION ( 'NONE',  ( 0.000000000000000000, -1.000000000000000000, 0.000000000000000000 ) ) ;
#2295 = LINE ( 'NONE', #6242, #1435 ) ;
#2296 = FILL_AREA_STYLE ('',( #4363 ) ) ;
#2297 = PRESENTATION_LAYER_ASSIGNMENT (  '', '', ( #64 ) ) ;
#2298 = DIRECTION ( 'NONE',  ( 0.000000000000000000, 0.000000000000000000, 1.000000000000000000 ) ) ;
#2299 = ORIENTED_EDGE ( 'NONE', *, *, #2488, .F. ) ;
#2300 = ORIENTED_EDGE ( 'NONE', *, *, #6381, .T. ) ;
#2301 = EDGE_CURVE ( 'NONE', #4845, #3799, #1877, .T. ) ;
#2302 = PRESENTATION_STYLE_ASSIGNMENT (( #6418 ) ) ;
#2303 = FILL_AREA_STYLE ('',( #4329 ) ) ;
#2304 = COLOUR_RGB ( '',1.000000000000000000, 1.000000000000000000, 1.000000000000000000 ) ;
#2305 = EDGE_LOOP ( 'NONE', ( #5835, #966, #883, #6052 ) ) ;
#2306 =( LENGTH_UNIT ( ) NAMED_UNIT ( * ) SI_UNIT ( .MILLI., .METRE. ) );
#2307 = CARTESIAN_POINT ( 'NONE',  ( -0.1000000000000000056, 0.1499999999999999944, 1.500000000000000000 ) ) ;
#2308 = FILL_AREA_STYLE_COLOUR ( '', #2822 ) ;
#2309 = PRESENTATION_LAYER_ASSIGNMENT (  '', '', ( #4498 ) ) ;
#2311 = COLOUR_RGB ( '',1.000000000000000000, 1.000000000000000000, 1.000000000000000000 ) ;
#2310 = FILL_AREA_STYLE_COLOUR ( '', #632 ) ;
#2312 = ORIENTED_EDGE ( 'NONE', *, *, #3450, .T. ) ;
#2313 = CIRCLE ( 'NONE', #5604, 0.1250000000000000000 ) ;
#2314 = CARTESIAN_POINT ( 'NONE',  ( -0.9500000000000000666, 0.9499999999999999556, -1.014999999999999902 ) ) ;
#2315 = CARTESIAN_POINT ( 'NONE',  ( -0.1000000000000000472, 0.000000000000000000, -1.500000000000000000 ) ) ;
#2316 = DIRECTION ( 'NONE',  ( 1.000000000000000000, 0.000000000000000000, 0.000000000000000000 ) ) ;
#2317 =( LENGTH_UNIT ( ) NAMED_UNIT ( * ) SI_UNIT ( .MILLI., .METRE. ) );
#2318 = DIRECTION ( 'NONE',  ( -0.000000000000000000, -1.000000000000000000, -0.000000000000000000 ) ) ;
#2319 = AXIS2_PLACEMENT_3D ( 'NONE', #2287, #5872, #4313 ) ;
#2320 = ORIENTED_EDGE ( 'NONE', *, *, #5852, .T. ) ;
#2321 = DIRECTION ( 'NONE',  ( 0.000000000000000000, -1.000000000000000000, 0.000000000000000000 ) ) ;
#2322 = LINE ( 'NONE', #5932, #2231 ) ;
#2323 = FACE_OUTER_BOUND ( 'NONE', #4816, .T. ) ;
#2324 = ORIENTED_EDGE ( 'NONE', *, *, #6138, .T. ) ;
#2325 = CARTESIAN_POINT ( 'NONE',  ( -0.9749999999999999778, 0.1499999999999999944, -0.1250000000000000000 ) ) ;
#2326 = VERTEX_POINT ( 'NONE', #5587 ) ;
#2327 = CARTESIAN_POINT ( 'NONE',  ( -0.1250000000000000000, -0.05000000000000000278, -0.1250000000000000833 ) ) ;
#2328 = ORIENTED_EDGE ( 'NONE', *, *, #3983, .T. ) ;
#2329 = AXIS2_PLACEMENT_3D ( 'NONE', #2514, #5584, #19 ) ;
#2330 = CARTESIAN_POINT ( 'NONE',  ( 1.250000000000000000, -0.05000000000000000278, 0.1250000000000000000 ) ) ;
#2331 = ORIENTED_EDGE ( 'NONE', *, *, #4307, .T. ) ;
#2332 = ORIENTED_EDGE ( 'NONE', *, *, #2262, .F. ) ;
#2333 = DIRECTION ( 'NONE',  ( 1.000000000000000000, 0.000000000000000000, 0.000000000000000000 ) ) ;
#2334 = UNCERTAINTY_MEASURE_WITH_UNIT (LENGTH_MEASURE( 1.000000000000000082E-05 ), #2099, 'distance_accuracy_value', 'NONE');
#2335 = DIRECTION ( 'NONE',  ( -1.000000000000000000, 0.000000000000000000, 0.000000000000000000 ) ) ;
#2336 =( GEOMETRIC_REPRESENTATION_CONTEXT ( 3 ) GLOBAL_UNCERTAINTY_ASSIGNED_CONTEXT ( ( #2007 ) ) GLOBAL_UNIT_ASSIGNED_CONTEXT ( ( #5504, #2013, #2483 ) ) REPRESENTATION_CONTEXT ( 'NONE', 'WORKASPACE' ) );
#2337 = VECTOR ( 'NONE', #3497, 1000.000000000000000 ) ;
#2338 = ORIENTED_EDGE ( 'NONE', *, *, #2407, .T. ) ;
#2339 = DIRECTION ( 'NONE',  ( -0.000000000000000000, 1.000000000000000000, -0.000000000000000000 ) ) ;
#2340 = SURFACE_SIDE_STYLE ('',( #4981 ) ) ;
#2341 = CYLINDRICAL_SURFACE ( 'NONE', #4427, 0.1250000000000000000 ) ;
#2342 = CARTESIAN_POINT ( 'NONE',  ( -0.3499999999999999778, -0.05000000000000000278, 1.500000000000000000 ) ) ;
#2343 = EDGE_CURVE ( 'NONE', #5192, #6335, #3012, .T. ) ;
#2344 = UNCERTAINTY_MEASURE_WITH_UNIT (LENGTH_MEASURE( 1.000000000000000082E-05 ), #3149, 'distance_accuracy_value', 'NONE');
#2345 = DIRECTION ( 'NONE',  ( 0.000000000000000000, 0.000000000000000000, -1.000000000000000000 ) ) ;
#2346 =( NAMED_UNIT ( * ) SI_UNIT ( $, .STERADIAN. ) SOLID_ANGLE_UNIT ( ) );
#2347 = DIRECTION ( 'NONE',  ( -0.000000000000000000, -1.000000000000000000, -0.000000000000000000 ) ) ;
#2348 = MECHANICAL_DESIGN_GEOMETRIC_PRESENTATION_REPRESENTATION (  '', ( #4405 ), #3126 ) ;
#2349 = CARTESIAN_POINT ( 'NONE',  ( 1.250000000000000000, 0.000000000000000000, -1.500000000000000000 ) ) ;
#2350 = CARTESIAN_POINT ( 'NONE',  ( 1.250000000000000000, -0.05000000000000000278, -0.3750000000000000000 ) ) ;
#2351 = VECTOR ( 'NONE', #6146, 1000.000000000000000 ) ;
#2352 = DIRECTION ( 'NONE',  ( -0.000000000000000000, 1.000000000000000000, -0.000000000000000000 ) ) ;
#2353 = CARTESIAN_POINT ( 'NONE',  ( -1.250000000000000000, -0.000000000000000000, -1.500000000000000000 ) ) ;
#2354 = ORIENTED_EDGE ( 'NONE', *, *, #2641, .T. ) ;
#2355 = SURFACE_SIDE_STYLE ('',( #6443 ) ) ;
#2356 = SURFACE_STYLE_FILL_AREA ( #59 ) ;
#2357 = DIRECTION ( 'NONE',  ( 0.000000000000000000, -1.000000000000000000, 0.000000000000000000 ) ) ;
#2358 = ADVANCED_FACE ( 'NONE', ( #1336 ), #328, .T. ) ;
#2359 = COLOUR_RGB ( '',1.000000000000000000, 1.000000000000000000, 1.000000000000000000 ) ;
#2360 = DIRECTION ( 'NONE',  ( 0.000000000000000000, 0.000000000000000000, -1.000000000000000000 ) ) ;
#2361 = DIRECTION ( 'NONE',  ( 0.000000000000000000, -0.000000000000000000, 1.000000000000000000 ) ) ;
#2362 = CARTESIAN_POINT ( 'NONE',  ( -1.250000000000000000, -0.05000000000000000278, -0.1250000000000000000 ) ) ;
#2363 =( NAMED_UNIT ( * ) SI_UNIT ( $, .STERADIAN. ) SOLID_ANGLE_UNIT ( ) );
#2364 =( NAMED_UNIT ( * ) PLANE_ANGLE_UNIT ( ) SI_UNIT ( $, .RADIAN. ) );
#2365 = COLOUR_RGB ( '',1.000000000000000000, 1.000000000000000000, 1.000000000000000000 ) ;
#2366 = CARTESIAN_POINT ( 'NONE',  ( -0.09999999999999999167, 0.000000000000000000, 1.224999999999999867 ) ) ;
#2367 = VERTEX_POINT ( 'NONE', #3039 ) ;
#2368 = VECTOR ( 'NONE', #5962, 1000.000000000000000 ) ;
#2369 = CIRCLE ( 'NONE', #5357, 0.1250000000000000278 ) ;
#2370 = EDGE_LOOP ( 'NONE', ( #412, #2595, #5544, #6309 ) ) ;
#2371 = AXIS2_PLACEMENT_3D ( 'NONE', #6102, #4091, #4590 ) ;
#2372 = LINE ( 'NONE', #1912, #1186 ) ;
#2373 = EDGE_CURVE ( 'NONE', #1505, #3495, #2860, .T. ) ;
#2374 = DIRECTION ( 'NONE',  ( -0.000000000000000000, 1.000000000000000000, -0.000000000000000000 ) ) ;
#2375 =( NAMED_UNIT ( * ) PLANE_ANGLE_UNIT ( ) SI_UNIT ( $, .RADIAN. ) );
#2376 = ORIENTED_EDGE ( 'NONE', *, *, #3166, .F. ) ;
#2377 = PLANE ( 'NONE',  #4098 ) ;
#2378 = VECTOR ( 'NONE', #4840, 1000.000000000000000 ) ;
#2379 = EDGE_LOOP ( 'NONE', ( #4096, #5390, #5347, #926 ) ) ;
#2380 = AXIS2_PLACEMENT_3D ( 'NONE', #4672, #3218, #5221 ) ;
#2381 = DIRECTION ( 'NONE',  ( -1.000000000000000000, 0.000000000000000000, -0.000000000000000000 ) ) ;
#2382 = EDGE_LOOP ( 'NONE', ( #6475, #2586, #2206, #1741 ) ) ;
#2383 = DIRECTION ( 'NONE',  ( -0.000000000000000000, 1.000000000000000000, -0.000000000000000000 ) ) ;
#2384 = EDGE_LOOP ( 'NONE', ( #352, #1863, #5822, #3572 ) ) ;
#2385 = VERTEX_POINT ( 'NONE', #2055 ) ;
#2386 = DIRECTION ( 'NONE',  ( 0.000000000000000000, 0.000000000000000000, 1.000000000000000000 ) ) ;
#2387 = AXIS2_PLACEMENT_3D ( 'NONE', #1784, #2294, #1798 ) ;
#2388 =( NAMED_UNIT ( * ) PLANE_ANGLE_UNIT ( ) SI_UNIT ( $, .RADIAN. ) );
#2389 = VERTEX_POINT ( 'NONE', #5876 ) ;
#2390 = EDGE_CURVE ( 'NONE', #1887, #1690, #3090, .T. ) ;
#2391 = VECTOR ( 'NONE', #6012, 1000.000000000000000 ) ;
#2392 = PRESENTATION_STYLE_ASSIGNMENT (( #3191 ) ) ;
#2393 = EDGE_LOOP ( 'NONE', ( #4364, #5987, #6000, #3554 ) ) ;
#2394 = CARTESIAN_POINT ( 'NONE',  ( 0.7750000000000000222, -0.05000000000000000278, -1.100000000000000089 ) ) ;
#2395 = DIRECTION ( 'NONE',  ( -1.000000000000000000, 0.000000000000000000, 0.000000000000000000 ) ) ;
#2396 =( GEOMETRIC_REPRESENTATION_CONTEXT ( 3 ) GLOBAL_UNCERTAINTY_ASSIGNED_CONTEXT ( ( #4781 ) ) GLOBAL_UNIT_ASSIGNED_CONTEXT ( ( #4828, #5355, #1771 ) ) REPRESENTATION_CONTEXT ( 'NONE', 'WORKASPACE' ) );
#2397 = SURFACE_SIDE_STYLE ('',( #5494 ) ) ;
#2398 = VECTOR ( 'NONE', #6474, 1000.000000000000000 ) ;
#2399 =( NAMED_UNIT ( * ) PLANE_ANGLE_UNIT ( ) SI_UNIT ( $, .RADIAN. ) );
#2400 = EDGE_CURVE ( 'NONE', #1746, #801, #399, .T. ) ;
#2401 = ADVANCED_FACE ( 'NONE', ( #1180 ), #4541, .T. ) ;
#2402 = ORIENTED_EDGE ( 'NONE', *, *, #712, .T. ) ;
#2403 = ADVANCED_FACE ( 'NONE', ( #6401 ), #5684, .T. ) ;
#2404 = CARTESIAN_POINT ( 'NONE',  ( -0.8499999999999999778, 0.1499999999999999944, -0.8750000000000000000 ) ) ;
#2405 = ORIENTED_EDGE ( 'NONE', *, *, #1948, .F. ) ;
#2406 = DIRECTION ( 'NONE',  ( 0.000000000000000000, 0.000000000000000000, -1.000000000000000000 ) ) ;
#2407 = EDGE_CURVE ( 'NONE', #3858, #4939, #2451, .T. ) ;
#2408 = ORIENTED_EDGE ( 'NONE', *, *, #2953, .F. ) ;
#2409 = FILL_AREA_STYLE_COLOUR ( '', #5819 ) ;
#2410 = STYLED_ITEM ( 'NONE', ( #3160 ), #4544 ) ;
#2411 = PLANE ( 'NONE',  #5924 ) ;
#2412 = EDGE_LOOP ( 'NONE', ( #6198, #4705, #6495, #862 ) ) ;
#2413 = DIRECTION ( 'NONE',  ( -0.000000000000000000, -1.000000000000000000, -0.000000000000000000 ) ) ;
#2414 = VERTEX_POINT ( 'NONE', #2117 ) ;
#2415 = PLANE ( 'NONE',  #6023 ) ;
#2416 = AXIS2_PLACEMENT_3D ( 'NONE', #2177, #1720, #5730 ) ;
#2417 = ORIENTED_EDGE ( 'NONE', *, *, #6287, .F. ) ;
#2418 = COLOUR_RGB ( '',1.000000000000000000, 1.000000000000000000, 1.000000000000000000 ) ;
#2419 = STYLED_ITEM ( 'NONE', ( #623 ), #3156 ) ;
#2420 =( LENGTH_UNIT ( ) NAMED_UNIT ( * ) SI_UNIT ( .MILLI., .METRE. ) );
#2421 = ORIENTED_EDGE ( 'NONE', *, *, #5193, .T. ) ;
#2422 = FILL_AREA_STYLE ('',( #5430 ) ) ;
#2423 = EDGE_LOOP ( 'NONE', ( #3591, #5794, #2132, #6214 ) ) ;
#2424 = MECHANICAL_DESIGN_GEOMETRIC_PRESENTATION_REPRESENTATION (  '', ( #6512 ), #4711 ) ;
#2425 = DIRECTION ( 'NONE',  ( 0.000000000000000000, 0.000000000000000000, -1.000000000000000000 ) ) ;
#2426 = ORIENTED_EDGE ( 'NONE', *, *, #2301, .T. ) ;
#2427 = ORIENTED_EDGE ( 'NONE', *, *, #3127, .T. ) ;
#2428 = VECTOR ( 'NONE', #5169, 1000.000000000000000 ) ;
#2429 = AXIS2_PLACEMENT_3D ( 'NONE', #4245, #4765, #4700 ) ;
#2430 = PLANE ( 'NONE',  #502 ) ;
#2431 = PLANE ( 'NONE',  #4325 ) ;
#2432 = SURFACE_STYLE_USAGE ( .BOTH. , #5933 ) ;
#2433 = MECHANICAL_DESIGN_GEOMETRIC_PRESENTATION_REPRESENTATION (  '', ( #4596 ), #1038 ) ;
#2434 = ADVANCED_FACE ( 'NONE', ( #6396 ), #6191, .F. ) ;
#2435 = LINE ( 'NONE', #3772, #2845 ) ;
#2436 =( LENGTH_UNIT ( ) NAMED_UNIT ( * ) SI_UNIT ( .MILLI., .METRE. ) );
#2437 = PRESENTATION_LAYER_ASSIGNMENT (  '', '', ( #1410 ) ) ;
#2438 = DIRECTION ( 'NONE',  ( 0.000000000000000000, 0.000000000000000000, -1.000000000000000000 ) ) ;
#2439 = EDGE_CURVE ( 'NONE', #4131, #5377, #1016, .T. ) ;
#2440 =( NAMED_UNIT ( * ) SI_UNIT ( $, .STERADIAN. ) SOLID_ANGLE_UNIT ( ) );
#2441 = SURFACE_STYLE_USAGE ( .BOTH. , #1461 ) ;
#2442 = STYLED_ITEM ( 'NONE', ( #5469 ), #6507 ) ;
#2443 = FACE_OUTER_BOUND ( 'NONE', #711, .T. ) ;
#2444 = SURFACE_STYLE_USAGE ( .BOTH. , #5509 ) ;
#2445 = DIRECTION ( 'NONE',  ( -0.000000000000000000, 1.000000000000000000, -0.000000000000000000 ) ) ;
#2446 = LINE ( 'NONE', #6106, #3954 ) ;
#2447 = SURFACE_SIDE_STYLE ('',( #5369 ) ) ;
#2448 = DIRECTION ( 'NONE',  ( 0.000000000000000000, 0.000000000000000000, -1.000000000000000000 ) ) ;
#2449 = AXIS2_PLACEMENT_3D ( 'NONE', #4513, #1470, #5994 ) ;
#2450 = ORIENTED_EDGE ( 'NONE', *, *, #2112, .F. ) ;
#2451 = LINE ( 'NONE', #3707, #480 ) ;
#2452 = ORIENTED_EDGE ( 'NONE', *, *, #5121, .T. ) ;
#2453 = CARTESIAN_POINT ( 'NONE',  ( 0.9000000000000000222, 0.1499999999999999944, 1.500000000000000000 ) ) ;
#2454 = COLOUR_RGB ( '',0.7921568627450980005, 0.8196078431372548767, 0.9333333333333333481 ) ;
#2455 = DIRECTION ( 'NONE',  ( 0.000000000000000000, -0.000000000000000000, -1.000000000000000000 ) ) ;
#2456 = AXIS2_PLACEMENT_3D ( 'NONE', #2768, #4230, #4726 ) ;
#2457 = ORIENTED_EDGE ( 'NONE', *, *, #40, .F. ) ;
#2458 = ORIENTED_EDGE ( 'NONE', *, *, #4264, .F. ) ;
#2459 = PRESENTATION_STYLE_ASSIGNMENT (( #2444 ) ) ;
#2460 = DIRECTION ( 'NONE',  ( -0.000000000000000000, -1.000000000000000000, -0.000000000000000000 ) ) ;
#2461 = ORIENTED_EDGE ( 'NONE', *, *, #2480, .F. ) ;
#2462 = APPLICATION_PROTOCOL_DEFINITION ( 'draft international standard', 'automotive_design', 1998, #3498 ) ;
#2463 = LINE ( 'NONE', #2166, #5628 ) ;
#2464 = CARTESIAN_POINT ( 'NONE',  ( 0.2250000000000000056, -0.05000000000000000278, -0.6250000000000000000 ) ) ;
#2465 = ORIENTED_EDGE ( 'NONE', *, *, #5433, .F. ) ;
#2466 = ADVANCED_FACE ( 'NONE', ( #6238 ), #681, .T. ) ;
#2467 = FACE_OUTER_BOUND ( 'NONE', #4206, .T. ) ;
#2468 = VECTOR ( 'NONE', #1682, 1000.000000000000000 ) ;
#2469 = SURFACE_SIDE_STYLE ('',( #1259 ) ) ;
#2470 = ORIENTED_EDGE ( 'NONE', *, *, #4178, .T. ) ;
#2471 = ORIENTED_EDGE ( 'NONE', *, *, #1529, .F. ) ;
#2472 = MECHANICAL_DESIGN_GEOMETRIC_PRESENTATION_REPRESENTATION (  '', ( #1555 ), #2336 ) ;
#2473 = DIRECTION ( 'NONE',  ( 0.000000000000000000, -1.000000000000000000, 0.000000000000000000 ) ) ;
#2474 = SURFACE_STYLE_USAGE ( .BOTH. , #5541 ) ;
#2475 = PLANE ( 'NONE',  #6397 ) ;
#2476 = LINE ( 'NONE', #2612, #740 ) ;
#2477 = AXIS2_PLACEMENT_3D ( 'NONE', #3349, #5943, #4383 ) ;
#2478 = SURFACE_SIDE_STYLE ('',( #3309 ) ) ;
#2479 = ORIENTED_EDGE ( 'NONE', *, *, #3582, .F. ) ;
#2480 = EDGE_CURVE ( 'NONE', #547, #2783, #1791, .T. ) ;
#2481 = LINE ( 'NONE', #4225, #1137 ) ;
#2482 = CARTESIAN_POINT ( 'NONE',  ( -0.1000000000000000056, -0.05000000000000000278, -1.500000000000000000 ) ) ;
#2483 =( NAMED_UNIT ( * ) SI_UNIT ( $, .STERADIAN. ) SOLID_ANGLE_UNIT ( ) );
#2484 = EDGE_LOOP ( 'NONE', ( #4244, #2417, #1878, #5304 ) ) ;
#2485 = PRODUCT_CONTEXT ( 'NONE', #5492, 'mechanical' ) ;
#2486 = CARTESIAN_POINT ( 'NONE',  ( 0.2749999999999999667, 0.1499999999999999944, -1.100000000000000089 ) ) ;
#2487 = AXIS2_PLACEMENT_3D ( 'NONE', #3640, #2649, #4167 ) ;
#2488 = EDGE_CURVE ( 'NONE', #4502, #5869, #4038, .T. ) ;
#2489 = CARTESIAN_POINT ( 'NONE',  ( 0.1499999999999999667, -0.05000000000000000278, 1.224999999999999867 ) ) ;
#2490 = ORIENTED_EDGE ( 'NONE', *, *, #2865, .T. ) ;
#2491 = CARTESIAN_POINT ( 'NONE',  ( -1.250000000000000000, -0.05000000000000000278, 0.3750000000000000000 ) ) ;
#2492 = PLANE ( 'NONE',  #4193 ) ;
#2493 = COLOUR_RGB ( '',1.000000000000000000, 1.000000000000000000, 1.000000000000000000 ) ;
#2494 = DIRECTION ( 'NONE',  ( 0.000000000000000000, 0.000000000000000000, -1.000000000000000000 ) ) ;
#2495 = CARTESIAN_POINT ( 'NONE',  ( -0.1250000000000000000, -0.05000000000000000278, 0.1250000000000000000 ) ) ;
#2496 = EDGE_LOOP ( 'NONE', ( #579, #668, #6442, #2734 ) ) ;
#2497 = DIRECTION ( 'NONE',  ( -1.000000000000000000, 0.000000000000000000, -0.000000000000000000 ) ) ;
#2498 = CARTESIAN_POINT ( 'NONE',  ( 0.1499999999999999667, 0.000000000000000000, -1.224999999999999867 ) ) ;
#2499 = PRESENTATION_STYLE_ASSIGNMENT (( #585 ) ) ;
#2500 = ORIENTED_EDGE ( 'NONE', *, *, #1165, .T. ) ;
#2501 = ORIENTED_EDGE ( 'NONE', *, *, #6449, .T. ) ;
#2502 = CARTESIAN_POINT ( 'NONE',  ( 0.4000000000000000222, 0.000000000000000000, 1.350000000000000089 ) ) ;
#2503 = FILL_AREA_STYLE ('',( #5530 ) ) ;
#2504 = DIRECTION ( 'NONE',  ( 0.000000000000000000, 0.000000000000000000, 1.000000000000000000 ) ) ;
#2505 = CARTESIAN_POINT ( 'NONE',  ( 0.000000000000000000, 0.000000000000000000, 0.000000000000000000 ) ) ;
#2506 = PRESENTATION_LAYER_ASSIGNMENT (  '', '', ( #3865 ) ) ;
#2507 = ORIENTED_EDGE ( 'NONE', *, *, #1948, .T. ) ;
#2508 = FACE_OUTER_BOUND ( 'NONE', #6361, .T. ) ;
#2509 =( GEOMETRIC_REPRESENTATION_CONTEXT ( 3 ) GLOBAL_UNCERTAINTY_ASSIGNED_CONTEXT ( ( #963 ) ) GLOBAL_UNIT_ASSIGNED_CONTEXT ( ( #2168, #2146, #1138 ) ) REPRESENTATION_CONTEXT ( 'NONE', 'WORKASPACE' ) );
#2510 = CARTESIAN_POINT ( 'NONE',  ( -0.9749999999999999778, 0.1499999999999999944, 0.8750000000000000000 ) ) ;
#2511 = ADVANCED_FACE ( 'NONE', ( #4587 ), #4297, .T. ) ;
#2512 = CARTESIAN_POINT ( 'NONE',  ( -1.250000000000000000, 0.1499999999999999944, -0.8750000000000000000 ) ) ;
#2513 = SURFACE_STYLE_USAGE ( .BOTH. , #5562 ) ;
#2514 = CARTESIAN_POINT ( 'NONE',  ( 0.2250000000000000056, -0.05000000000000000278, 0.5000000000000000000 ) ) ;
#2515 = PRESENTATION_LAYER_ASSIGNMENT (  '', '', ( #1486 ) ) ;
#2516 = EDGE_CURVE ( 'NONE', #1901, #6339, #3540, .T. ) ;
#2517 = DIRECTION ( 'NONE',  ( -0.000000000000000000, -1.000000000000000000, -0.000000000000000000 ) ) ;
#2518 = DIRECTION ( 'NONE',  ( 0.000000000000000000, 0.000000000000000000, -1.000000000000000000 ) ) ;
#2519 = VECTOR ( 'NONE', #6498, 1000.000000000000000 ) ;
#2520 = DIRECTION ( 'NONE',  ( 0.000000000000000000, -1.000000000000000000, 0.000000000000000000 ) ) ;
#2521 =( GEOMETRIC_REPRESENTATION_CONTEXT ( 3 ) GLOBAL_UNCERTAINTY_ASSIGNED_CONTEXT ( ( #1711 ) ) GLOBAL_UNIT_ASSIGNED_CONTEXT ( ( #4210, #231, #1168 ) ) REPRESENTATION_CONTEXT ( 'NONE', 'WORKASPACE' ) );
#2522 = EDGE_CURVE ( 'NONE', #3767, #390, #6099, .T. ) ;
#2523 = LINE ( 'NONE', #3839, #5209 ) ;
#2524 = VECTOR ( 'NONE', #4061, 1000.000000000000000 ) ;
#2525 = FACE_OUTER_BOUND ( 'NONE', #1468, .T. ) ;
#2526 = FILL_AREA_STYLE ('',( #5535 ) ) ;
#2527 = VECTOR ( 'NONE', #4123, 1000.000000000000000 ) ;
#2528 = STYLED_ITEM ( 'NONE', ( #2696 ), #223 ) ;
#2529 = VERTEX_POINT ( 'NONE', #1270 ) ;
#2530 = EDGE_CURVE ( 'NONE', #1302, #3901, #6320, .T. ) ;
#2531 =( LENGTH_UNIT ( ) NAMED_UNIT ( * ) SI_UNIT ( .MILLI., .METRE. ) );
#2532 =( NAMED_UNIT ( * ) PLANE_ANGLE_UNIT ( ) SI_UNIT ( $, .RADIAN. ) );
#2533 = VECTOR ( 'NONE', #4968, 1000.000000000000000 ) ;
#2534 = SURFACE_STYLE_USAGE ( .BOTH. , #3524 ) ;
#2535 =( LENGTH_UNIT ( ) NAMED_UNIT ( * ) SI_UNIT ( .MILLI., .METRE. ) );
#2536 = VECTOR ( 'NONE', #4884, 1000.000000000000000 ) ;
#2537 = SURFACE_STYLE_USAGE ( .BOTH. , #61 ) ;
#2538 = ADVANCED_FACE ( 'NONE', ( #2856 ), #1765, .F. ) ;
#2539 = EDGE_LOOP ( 'NONE', ( #4883, #4861, #5612, #1688 ) ) ;
#2540 =( NAMED_UNIT ( * ) SI_UNIT ( $, .STERADIAN. ) SOLID_ANGLE_UNIT ( ) );
#2541 = MECHANICAL_DESIGN_GEOMETRIC_PRESENTATION_REPRESENTATION (  '', ( #4798 ), #5817 ) ;
#2542 = VECTOR ( 'NONE', #1694, 1000.000000000000000 ) ;
#2543 = UNCERTAINTY_MEASURE_WITH_UNIT (LENGTH_MEASURE( 1.000000000000000082E-05 ), #5252, 'distance_accuracy_value', 'NONE');
#2544 = ADVANCED_FACE ( 'NONE', ( #5770 ), #3753, .F. ) ;
#2545 = PRESENTATION_STYLE_ASSIGNMENT (( #832 ) ) ;
#2546 = CARTESIAN_POINT ( 'NONE',  ( -0.9749999999999999778, 0.000000000000000000, 0.8750000000000000000 ) ) ;
#2547 = VERTEX_POINT ( 'NONE', #2743 ) ;
#2548 = ORIENTED_EDGE ( 'NONE', *, *, #6381, .F. ) ;
#2549 = DIRECTION ( 'NONE',  ( 0.000000000000000000, 0.000000000000000000, 1.000000000000000000 ) ) ;
#2550 = LINE ( 'NONE', #5271, #4459 ) ;
#2551 = AXIS2_PLACEMENT_3D ( 'NONE', #2325, #4345, #5863 ) ;
#2552 = PRESENTATION_STYLE_ASSIGNMENT (( #479 ) ) ;
#2553 = ADVANCED_FACE ( 'NONE', ( #3628 ), #4774, .T. ) ;
#2554 = CIRCLE ( 'NONE', #2828, 0.1250000000000000000 ) ;
#2555 = ORIENTED_EDGE ( 'NONE', *, *, #3661, .T. ) ;
#2556 = DIRECTION ( 'NONE',  ( 0.000000000000000000, 0.000000000000000000, 1.000000000000000000 ) ) ;
#2557 = EDGE_CURVE ( 'NONE', #534, #3148, #5697, .T. ) ;
#2558 = FACE_OUTER_BOUND ( 'NONE', #1657, .T. ) ;
#2559 = CARTESIAN_POINT ( 'NONE',  ( -0.9749999999999999778, -0.05000000000000000278, 0.8750000000000000000 ) ) ;
#2560 = DIRECTION ( 'NONE',  ( 1.000000000000000000, 0.000000000000000000, -0.000000000000000000 ) ) ;
#2561 = SURFACE_STYLE_FILL_AREA ( #2289 ) ;
#2562 = VERTEX_POINT ( 'NONE', #6337 ) ;
#2563 = FACE_OUTER_BOUND ( 'NONE', #4414, .T. ) ;
#2564 = AXIS2_PLACEMENT_3D ( 'NONE', #2064, #1045, #2589 ) ;
#2565 = ORIENTED_EDGE ( 'NONE', *, *, #6083, .T. ) ;
#2566 = DIRECTION ( 'NONE',  ( 1.000000000000000000, 0.000000000000000000, 0.000000000000000000 ) ) ;
#2567 = CARTESIAN_POINT ( 'NONE',  ( 0.2250000000000000056, 0.1499999999999999944, -0.5000000000000000000 ) ) ;
#2568 = CARTESIAN_POINT ( 'NONE',  ( 0.9000000000000000222, -0.05000000000000000278, -1.500000000000000000 ) ) ;
#2569 = DIRECTION ( 'NONE',  ( -0.000000000000000000, 1.000000000000000000, -0.000000000000000000 ) ) ;
#2570 = EDGE_CURVE ( 'NONE', #4732, #816, #6541, .T. ) ;
#2571 = VECTOR ( 'NONE', #4793, 1000.000000000000000 ) ;
#2572 = VERTEX_POINT ( 'NONE', #5256 ) ;
#2573 = AXIS2_PLACEMENT_3D ( 'NONE', #5759, #212, #3742 ) ;
#2574 = VECTOR ( 'NONE', #6464, 1000.000000000000000 ) ;
#2575 = ORIENTED_EDGE ( 'NONE', *, *, #4330, .F. ) ;
#2576 = MECHANICAL_DESIGN_GEOMETRIC_PRESENTATION_REPRESENTATION (  '', ( #2796 ), #2093 ) ;
#2577 = SURFACE_STYLE_FILL_AREA ( #1371 ) ;
#2578 = ORIENTED_EDGE ( 'NONE', *, *, #1957, .F. ) ;
#2579 = ADVANCED_FACE ( 'NONE', ( #2273 ), #3169, .F. ) ;
#2580 = ORIENTED_EDGE ( 'NONE', *, *, #3215, .F. ) ;
#2581 = CARTESIAN_POINT ( 'NONE',  ( -0.9749999999999999778, -0.05000000000000000278, -0.1250000000000000000 ) ) ;
#2582 = VERTEX_POINT ( 'NONE', #1719 ) ;
#2583 = CARTESIAN_POINT ( 'NONE',  ( -0.8499999999999999778, -0.000000000000000000, -0.6250000000000000000 ) ) ;
#2584 = CARTESIAN_POINT ( 'NONE',  ( -0.9749999999999999778, -0.05000000000000000278, 0.2500000000000000000 ) ) ;
#2585 = STYLED_ITEM ( 'NONE', ( #5935 ), #2942 ) ;
#2586 = ORIENTED_EDGE ( 'NONE', *, *, #584, .F. ) ;
#2587 = FILL_AREA_STYLE ('',( #2651 ) ) ;
#2588 = SURFACE_STYLE_USAGE ( .BOTH. , #5642 ) ;
#2589 = DIRECTION ( 'NONE',  ( 0.000000000000000000, -0.000000000000000000, -1.000000000000000000 ) ) ;
#2590 = DIRECTION ( 'NONE',  ( -1.000000000000000000, 0.000000000000000000, 0.000000000000000000 ) ) ;
#2591 = AXIS2_PLACEMENT_3D ( 'NONE', #662, #2204, #5233 ) ;
#2592 = LINE ( 'NONE', #4360, #1088 ) ;
#2593 = CARTESIAN_POINT ( 'NONE',  ( 0.9000000000000000222, 0.000000000000000000, 1.224999999999999867 ) ) ;
#2595 = ORIENTED_EDGE ( 'NONE', *, *, #3850, .T. ) ;
#2594 = CARTESIAN_POINT ( 'NONE',  ( 0.9000000000000000222, -0.05000000000000000278, -1.500000000000000000 ) ) ;
#2596 = UNCERTAINTY_MEASURE_WITH_UNIT (LENGTH_MEASURE( 1.000000000000000082E-05 ), #2531, 'distance_accuracy_value', 'NONE');
#2597 = CIRCLE ( 'NONE', #3509, 0.1250000000000000000 ) ;
#2598 = CARTESIAN_POINT ( 'NONE',  ( -0.9749999999999999778, 0.1499999999999999944, -0.1250000000000000000 ) ) ;
#2599 = DIRECTION ( 'NONE',  ( -0.000000000000000000, 1.000000000000000000, -0.000000000000000000 ) ) ;
#2600 = AXIS2_PLACEMENT_3D ( 'NONE', #1449, #2473, #4973 ) ;
#2601 = EDGE_CURVE ( 'NONE', #4885, #2802, #318, .T. ) ;
#2602 = SURFACE_STYLE_USAGE ( .BOTH. , #5166 ) ;
#2603 = DIRECTION ( 'NONE',  ( 0.000000000000000000, 0.000000000000000000, -1.000000000000000000 ) ) ;
#2604 = ORIENTED_EDGE ( 'NONE', *, *, #3557, .F. ) ;
#2605 = STYLED_ITEM ( 'NONE', ( #3384 ), #2466 ) ;
#2606 = EDGE_CURVE ( 'NONE', #4279, #3453, #3472, .T. ) ;
#2607 = CARTESIAN_POINT ( 'NONE',  ( -0.3499999999999999778, 0.000000000000000000, 1.500000000000000000 ) ) ;
#2608 = DIRECTION ( 'NONE',  ( 0.000000000000000000, 0.000000000000000000, -1.000000000000000000 ) ) ;
#2609 = VECTOR ( 'NONE', #3834, 1000.000000000000000 ) ;
#2610 = ORIENTED_EDGE ( 'NONE', *, *, #3043, .F. ) ;
#2611 = ORIENTED_EDGE ( 'NONE', *, *, #696, .F. ) ;
#2612 = CARTESIAN_POINT ( 'NONE',  ( 0.6500000000000000222, -0.05000000000000000278, -1.350000000000000089 ) ) ;
#2613 = ORIENTED_EDGE ( 'NONE', *, *, #1953, .T. ) ;
#2614 = ORIENTED_EDGE ( 'NONE', *, *, #4232, .T. ) ;
#2615 = VERTEX_POINT ( 'NONE', #246 ) ;
#2616 = EDGE_CURVE ( 'NONE', #6428, #4252, #4830, .T. ) ;
#2617 = CARTESIAN_POINT ( 'NONE',  ( 0.6500000000000000222, 0.1499999999999999944, -1.350000000000000089 ) ) ;
#2618 = AXIS2_PLACEMENT_3D ( 'NONE', #1349, #6412, #3861 ) ;
#2619 = ORIENTED_EDGE ( 'NONE', *, *, #6287, .T. ) ;
#2620 = PRODUCT ( 'Assem4 - Copy', 'Assem4 - Copy', '', ( #2485 ) ) ;
#2621 = CARTESIAN_POINT ( 'NONE',  ( -0.9749999999999999778, -0.05000000000000000278, 0.3750000000000000000 ) ) ;
#2622 = EDGE_LOOP ( 'NONE', ( #6446, #5343, #1102, #4559 ) ) ;
#2623 = CARTESIAN_POINT ( 'NONE',  ( 0.7750000000000000222, 0.1499999999999999944, -1.100000000000000089 ) ) ;
#2624 = DIRECTION ( 'NONE',  ( 1.000000000000000000, -0.000000000000000000, 3.614007241618349264E-16 ) ) ;
#2625 = LINE ( 'NONE', #4794, #803 ) ;
#2626 = VECTOR ( 'NONE', #4196, 1000.000000000000000 ) ;
#2627 = PLANE ( 'NONE',  #6439 ) ;
#2628 = ORIENTED_EDGE ( 'NONE', *, *, #5026, .T. ) ;
#2629 = VERTEX_POINT ( 'NONE', #2799 ) ;
#2630 = STYLED_ITEM ( 'NONE', ( #4580 ), #3301 ) ;
#2631 = VECTOR ( 'NONE', #3826, 1000.000000000000000 ) ;
#2632 = LINE ( 'NONE', #669, #1132 ) ;
#2633 = VECTOR ( 'NONE', #5018, 1000.000000000000000 ) ;
#2634 = CARTESIAN_POINT ( 'NONE',  ( -0.9749999999999999778, -0.05000000000000000278, 0.2500000000000000000 ) ) ;
#2635 = DIRECTION ( 'NONE',  ( 1.000000000000000000, 0.000000000000000000, 0.000000000000000000 ) ) ;
#2636 = ORIENTED_EDGE ( 'NONE', *, *, #4191, .T. ) ;
#2637 = CARTESIAN_POINT ( 'NONE',  ( 1.250000000000000000, 0.000000000000000000, -1.500000000000000000 ) ) ;
#2638 = COLOUR_RGB ( '',1.000000000000000000, 1.000000000000000000, 1.000000000000000000 ) ;
#2639 = AXIS2_PLACEMENT_3D ( 'NONE', #5923, #3914, #1329 ) ;
#2640 = ORIENTED_EDGE ( 'NONE', *, *, #4695, .F. ) ;
#2641 = EDGE_CURVE ( 'NONE', #2718, #3979, #1331, .T. ) ;
#2642 = SURFACE_STYLE_USAGE ( .BOTH. , #654 ) ;
#2643 = DIRECTION ( 'NONE',  ( 0.000000000000000000, -0.000000000000000000, -1.000000000000000000 ) ) ;
#2644 = EDGE_CURVE ( 'NONE', #6089, #3978, #2523, .T. ) ;
#2645 = FILL_AREA_STYLE_COLOUR ( '', #5599 ) ;
#2646 =( LENGTH_UNIT ( ) NAMED_UNIT ( * ) SI_UNIT ( .MILLI., .METRE. ) );
#2647 = ORIENTED_EDGE ( 'NONE', *, *, #505, .T. ) ;
#2648 = PLANE ( 'NONE',  #5261 ) ;
#2649 = DIRECTION ( 'NONE',  ( 0.000000000000000000, -1.000000000000000000, 0.000000000000000000 ) ) ;
#2650 = AXIS2_PLACEMENT_3D ( 'NONE', #301, #2360, #5830 ) ;
#2651 = FILL_AREA_STYLE_COLOUR ( '', #6380 ) ;
#2652 = PLANE ( 'NONE',  #234 ) ;
#2653 = EDGE_CURVE ( 'NONE', #169, #2866, #5373, .T. ) ;
#2654 = ORIENTED_EDGE ( 'NONE', *, *, #5329, .T. ) ;
#2655 =( NAMED_UNIT ( * ) SI_UNIT ( $, .STERADIAN. ) SOLID_ANGLE_UNIT ( ) );
#2656 = CARTESIAN_POINT ( 'NONE',  ( -1.250000000000000000, 0.1499999999999999944, 0.6250000000000000000 ) ) ;
#2657 = VECTOR ( 'NONE', #1675, 1000.000000000000000 ) ;
#2658 =( GEOMETRIC_REPRESENTATION_CONTEXT ( 3 ) GLOBAL_UNCERTAINTY_ASSIGNED_CONTEXT ( ( #1050 ) ) GLOBAL_UNIT_ASSIGNED_CONTEXT ( ( #2075, #3541, #5634 ) ) REPRESENTATION_CONTEXT ( 'NONE', 'WORKASPACE' ) );
#2659 =( LENGTH_UNIT ( ) NAMED_UNIT ( * ) SI_UNIT ( .MILLI., .METRE. ) );
#2660 = ORIENTED_EDGE ( 'NONE', *, *, #4307, .F. ) ;
#2661 = AXIS2_PLACEMENT_3D ( 'NONE', #3560, #2048, #571 ) ;
#2662 = LINE ( 'NONE', #4186, #1772 ) ;
#2663 = FILL_AREA_STYLE ('',( #3556 ) ) ;
#2664 = ADVANCED_FACE ( 'NONE', ( #552 ), #4284, .F. ) ;
#2665 = ORIENTED_EDGE ( 'NONE', *, *, #2516, .F. ) ;
#2666 = SURFACE_SIDE_STYLE ('',( #2063 ) ) ;
#2667 = CARTESIAN_POINT ( 'NONE',  ( 1.250000000000000000, 0.000000000000000000, -1.500000000000000000 ) ) ;
#2668 = PRESENTATION_LAYER_ASSIGNMENT (  '', '', ( #1973 ) ) ;
#2669 = CARTESIAN_POINT ( 'NONE',  ( -0.8499999999999999778, -0.05000000000000000278, -1.224999999999999867 ) ) ;
#2670 = PRESENTATION_LAYER_ASSIGNMENT (  '', '', ( #48 ) ) ;
#2671 = DIRECTION ( 'NONE',  ( 0.000000000000000000, -1.000000000000000000, 0.000000000000000000 ) ) ;
#2672 = DIRECTION ( 'NONE',  ( 0.000000000000000000, 0.000000000000000000, 1.000000000000000000 ) ) ;
#2673 =( GEOMETRIC_REPRESENTATION_CONTEXT ( 3 ) GLOBAL_UNCERTAINTY_ASSIGNED_CONTEXT ( ( #6429 ) ) GLOBAL_UNIT_ASSIGNED_CONTEXT ( ( #6110, #1098, #6167 ) ) REPRESENTATION_CONTEXT ( 'NONE', 'WORKASPACE' ) );
#2674 = CARTESIAN_POINT ( 'NONE',  ( 0.6500000000000000222, 0.1499999999999999944, -1.350000000000000089 ) ) ;
#2675 =( NAMED_UNIT ( * ) SI_UNIT ( $, .STERADIAN. ) SOLID_ANGLE_UNIT ( ) );
#2676 = VECTOR ( 'NONE', #2085, 1000.000000000000000 ) ;
#2677 = CARTESIAN_POINT ( 'NONE',  ( 0.2250000000000000056, 0.1499999999999999944, 0.6250000000000000000 ) ) ;
#2678 = EDGE_LOOP ( 'NONE', ( #1111, #2097, #3502, #5904 ) ) ;
#2679 = PRESENTATION_LAYER_ASSIGNMENT (  '', '', ( #6407 ) ) ;
#2680 = CARTESIAN_POINT ( 'NONE',  ( -0.5999999999999999778, 0.1499999999999999944, 1.500000000000000000 ) ) ;
#2681 = SURFACE_SIDE_STYLE ('',( #5125 ) ) ;
#2682 = SURFACE_STYLE_FILL_AREA ( #4019 ) ;
#2683 = AXIS2_PLACEMENT_3D ( 'NONE', #3241, #2222, #6285 ) ;
#2684 = EDGE_CURVE ( 'NONE', #3957, #4208, #77, .T. ) ;
#2685 = DIRECTION ( 'NONE',  ( 1.000000000000000000, 0.000000000000000000, 0.000000000000000000 ) ) ;
#2686 = ORIENTED_EDGE ( 'NONE', *, *, #5782, .T. ) ;
#2687 =( NAMED_UNIT ( * ) PLANE_ANGLE_UNIT ( ) SI_UNIT ( $, .RADIAN. ) );
#2688 = VECTOR ( 'NONE', #959, 1000.000000000000000 ) ;
#2689 = ORIENTED_EDGE ( 'NONE', *, *, #3557, .T. ) ;
#2690 = PRESENTATION_STYLE_ASSIGNMENT (( #5340 ) ) ;
#2691 = VECTOR ( 'NONE', #2608, 1000.000000000000000 ) ;
#2692 = ORIENTED_EDGE ( 'NONE', *, *, #5515, .T. ) ;
#2693 = EDGE_CURVE ( 'NONE', #364, #346, #164, .T. ) ;
#2694 = PLANE ( 'NONE',  #2737 ) ;
#2695 = CARTESIAN_POINT ( 'NONE',  ( 1.250000000000000000, 0.1499999999999999944, -0.6250000000000000000 ) ) ;
#2696 = PRESENTATION_STYLE_ASSIGNMENT (( #1204 ) ) ;
#2697 = LINE ( 'NONE', #4266, #6414 ) ;
#2698 = ORIENTED_EDGE ( 'NONE', *, *, #1487, .F. ) ;
#2699 = ORIENTED_EDGE ( 'NONE', *, *, #1158, .T. ) ;
#2700 = DIRECTION ( 'NONE',  ( 0.000000000000000000, 0.000000000000000000, 1.000000000000000000 ) ) ;
#2701 = CIRCLE ( 'NONE', #660, 0.1250000000000001110 ) ;
#2702 = FILL_AREA_STYLE_COLOUR ( '', #1457 ) ;
#2703 = PRESENTATION_STYLE_ASSIGNMENT (( #1097 ) ) ;
#2704 = COLOUR_RGB ( '',1.000000000000000000, 1.000000000000000000, 1.000000000000000000 ) ;
#2705 = UNCERTAINTY_MEASURE_WITH_UNIT (LENGTH_MEASURE( 1.000000000000000082E-05 ), #5206, 'distance_accuracy_value', 'NONE');
#2706 =( NAMED_UNIT ( * ) SI_UNIT ( $, .STERADIAN. ) SOLID_ANGLE_UNIT ( ) );
#2707 = ORIENTED_EDGE ( 'NONE', *, *, #6145, .T. ) ;
#2708 = SURFACE_SIDE_STYLE ('',( #6007 ) ) ;
#2709 = DIRECTION ( 'NONE',  ( -0.000000000000000000, -1.000000000000000000, -0.000000000000000000 ) ) ;
#2710 = MANIFOLD_SOLID_BREP ( 'Boss-Extrude4[13]', #5752 ) ;
#2711 = DIRECTION ( 'NONE',  ( -0.000000000000000000, 1.000000000000000000, -0.000000000000000000 ) ) ;
#2712 = LINE ( 'NONE', #459, #5323 ) ;
#2713 = CARTESIAN_POINT ( 'NONE',  ( 0.4000000000000000222, 0.1499999999999999944, -1.350000000000000089 ) ) ;
#2714 = DIRECTION ( 'NONE',  ( 1.000000000000000000, 0.000000000000000000, 0.000000000000000000 ) ) ;
#2715 = ORIENTED_EDGE ( 'NONE', *, *, #2916, .T. ) ;
#2716 = CYLINDRICAL_SURFACE ( 'NONE', #2193, 0.1250000000000001110 ) ;
#2717 = DIRECTION ( 'NONE',  ( 1.000000000000000000, 0.000000000000000000, 0.000000000000000000 ) ) ;
#2718 = VERTEX_POINT ( 'NONE', #2870 ) ;
#2719 =( GEOMETRIC_REPRESENTATION_CONTEXT ( 3 ) GLOBAL_UNCERTAINTY_ASSIGNED_CONTEXT ( ( #2034 ) ) GLOBAL_UNIT_ASSIGNED_CONTEXT ( ( #117, #1128, #5149 ) ) REPRESENTATION_CONTEXT ( 'NONE', 'WORKASPACE' ) );
#2720 = DIRECTION ( 'NONE',  ( 1.000000000000000000, 0.000000000000000000, 0.000000000000000000 ) ) ;
#2722 = FACE_OUTER_BOUND ( 'NONE', #1764, .T. ) ;
#2721 = DIRECTION ( 'NONE',  ( 0.000000000000000000, -1.000000000000000000, 0.000000000000000000 ) ) ;
#2723 = PRESENTATION_LAYER_ASSIGNMENT (  '', '', ( #1021 ) ) ;
#2724 = ORIENTED_EDGE ( 'NONE', *, *, #3746, .F. ) ;
#2725 = UNCERTAINTY_MEASURE_WITH_UNIT (LENGTH_MEASURE( 1.000000000000000082E-05 ), #5921, 'distance_accuracy_value', 'NONE');
#2726 = FILL_AREA_STYLE ('',( #4339 ) ) ;
#2727 = AXIS2_PLACEMENT_3D ( 'NONE', #5969, #6456, #4950 ) ;
#2728 = DIRECTION ( 'NONE',  ( 0.000000000000000000, 0.000000000000000000, 1.000000000000000000 ) ) ;
#2729 = EDGE_CURVE ( 'NONE', #5663, #687, #5381, .T. ) ;
#2730 = PRESENTATION_STYLE_ASSIGNMENT (( #2642 ) ) ;
#2731 = VERTEX_POINT ( 'NONE', #746 ) ;
#2732 = DIRECTION ( 'NONE',  ( -1.000000000000000000, 0.000000000000000000, 0.000000000000000000 ) ) ;
#2733 = CARTESIAN_POINT ( 'NONE',  ( -0.3499999999999999778, 0.1499999999999999944, 1.500000000000000000 ) ) ;
#2734 = ORIENTED_EDGE ( 'NONE', *, *, #6081, .T. ) ;
#2735 = PLANE ( 'NONE',  #1595 ) ;
#2736 = CARTESIAN_POINT ( 'NONE',  ( -0.1000000000000000056, -0.05000000000000000278, -1.500000000000000000 ) ) ;
#2737 = AXIS2_PLACEMENT_3D ( 'NONE', #5194, #159, #5215 ) ;
#2738 = LINE ( 'NONE', #3250, #6511 ) ;
#2739 = ADVANCED_FACE ( 'NONE', ( #5778 ), #3714, .F. ) ;
#2740 = ORIENTED_EDGE ( 'NONE', *, *, #3113, .T. ) ;
#2741 = CARTESIAN_POINT ( 'NONE',  ( -0.7249999999999999778, -0.05000000000000000278, 1.224999999999999867 ) ) ;
#2742 = ORIENTED_EDGE ( 'NONE', *, *, #6083, .F. ) ;
#2743 = CARTESIAN_POINT ( 'NONE',  ( 0.9000000000000000222, 0.1499999999999999944, -1.500000000000000000 ) ) ;
#2744 = AXIS2_PLACEMENT_3D ( 'NONE', #2176, #3316, #1294 ) ;
#2745 =( NAMED_UNIT ( * ) SI_UNIT ( $, .STERADIAN. ) SOLID_ANGLE_UNIT ( ) );
#2746 = ORIENTED_EDGE ( 'NONE', *, *, #6315, .T. ) ;
#2747 = EDGE_CURVE ( 'NONE', #1769, #4640, #5538, .T. ) ;
#2748 = EDGE_LOOP ( 'NONE', ( #4936, #2427, #2280, #252, #2312, #4133, #2990, #901, #4769, #4237 ) ) ;
#2749 = CARTESIAN_POINT ( 'NONE',  ( -1.250000000000000000, -0.05000000000000000278, 0.1250000000000000000 ) ) ;
#2750 = AXIS2_PLACEMENT_3D ( 'NONE', #1648, #618, #4181 ) ;
#2751 = UNCERTAINTY_MEASURE_WITH_UNIT (LENGTH_MEASURE( 1.000000000000000082E-05 ), #6046, 'distance_accuracy_value', 'NONE');
#2752 = EDGE_CURVE ( 'NONE', #5155, #5155, #4595, .T. ) ;
#2753 = DIRECTION ( 'NONE',  ( -1.000000000000000000, 0.000000000000000000, 0.000000000000000000 ) ) ;
#2754 = CARTESIAN_POINT ( 'NONE',  ( 0.1499999999999999667, 0.1499999999999999944, -1.500000000000000000 ) ) ;
#2755 = CARTESIAN_POINT ( 'NONE',  ( -1.250000000000000000, 0.000000000000000000, 0.3750000000000000000 ) ) ;
#2756 = CARTESIAN_POINT ( 'NONE',  ( -0.9749999999999999778, -0.05000000000000000278, 0.1250000000000000000 ) ) ;
#2757 = DIRECTION ( 'NONE',  ( 0.000000000000000000, 0.000000000000000000, -1.000000000000000000 ) ) ;
#2758 = CARTESIAN_POINT ( 'NONE',  ( 0.2250000000000000056, 0.1499999999999999944, 0.3750000000000000000 ) ) ;
#2759 = DIRECTION ( 'NONE',  ( 0.000000000000000000, -0.000000000000000000, -1.000000000000000000 ) ) ;
#2760 = ORIENTED_EDGE ( 'NONE', *, *, #6340, .T. ) ;
#2761 = ORIENTED_EDGE ( 'NONE', *, *, #5867, .F. ) ;
#2762 = COLOUR_RGB ( '',1.000000000000000000, 1.000000000000000000, 1.000000000000000000 ) ;
#2763 = FILL_AREA_STYLE ('',( #1205 ) ) ;
#2764 = AXIS2_PLACEMENT_3D ( 'NONE', #1041, #3548, #3514 ) ;
#2765 = VECTOR ( 'NONE', #369, 1000.000000000000000 ) ;
#2766 = DIRECTION ( 'NONE',  ( 1.000000000000000000, 0.000000000000000000, 0.000000000000000000 ) ) ;
#2767 = CARTESIAN_POINT ( 'NONE',  ( 0.2750000000000000222, 0.1499999999999999944, 1.224999999999999867 ) ) ;
#2768 = CARTESIAN_POINT ( 'NONE',  ( 0.6500000000000000222, -0.05000000000000000278, 1.500000000000000000 ) ) ;
#2769 = CARTESIAN_POINT ( 'NONE',  ( 0.2750000000000000222, -0.05000000000000000278, 1.224999999999999867 ) ) ;
#2770 = VERTEX_POINT ( 'NONE', #3361 ) ;
#2771 = LINE ( 'NONE', #1390, #5138 ) ;
#2772 = FACE_OUTER_BOUND ( 'NONE', #2305, .T. ) ;
#2773 = STYLED_ITEM ( 'NONE', ( #4709 ), #5449 ) ;
#2774 = DIRECTION ( 'NONE',  ( 0.000000000000000000, 0.000000000000000000, -1.000000000000000000 ) ) ;
#2775 =( LENGTH_UNIT ( ) NAMED_UNIT ( * ) SI_UNIT ( .MILLI., .METRE. ) );
#2776 = ORIENTED_EDGE ( 'NONE', *, *, #6237, .F. ) ;
#2777 = CARTESIAN_POINT ( 'NONE',  ( -0.1250000000000000000, 0.1499999999999999944, -4.241313930147960914E-17 ) ) ;
#2778 = MECHANICAL_DESIGN_GEOMETRIC_PRESENTATION_REPRESENTATION (  '', ( #1410 ), #3447 ) ;
#2779 = VERTEX_POINT ( 'NONE', #322 ) ;
#2780 = DIRECTION ( 'NONE',  ( 0.000000000000000000, 0.000000000000000000, -1.000000000000000000 ) ) ;
#2781 = DIRECTION ( 'NONE',  ( 1.000000000000000000, 0.000000000000000000, 0.000000000000000000 ) ) ;
#2782 = FILL_AREA_STYLE ('',( #134 ) ) ;
#2783 = VERTEX_POINT ( 'NONE', #833 ) ;
#2784 = VECTOR ( 'NONE', #1762, 1000.000000000000000 ) ;
#2785 = STYLED_ITEM ( 'NONE', ( #2926 ), #4103 ) ;
#2786 = EDGE_CURVE ( 'NONE', #646, #4546, #5942, .T. ) ;
#2788 = COLOUR_RGB ( '',1.000000000000000000, 1.000000000000000000, 1.000000000000000000 ) ;
#2787 = CARTESIAN_POINT ( 'NONE',  ( -0.9749999999999999778, -0.05000000000000000278, 0.3750000000000000000 ) ) ;
#2789 = DIRECTION ( 'NONE',  ( 1.000000000000000000, 0.000000000000000000, 0.000000000000000000 ) ) ;
#2790 = ORIENTED_EDGE ( 'NONE', *, *, #2001, .F. ) ;
#2791 = CARTESIAN_POINT ( 'NONE',  ( -0.7249999999999999778, 0.1499999999999999944, 1.224999999999999867 ) ) ;
#2792 = COLOUR_RGB ( '',1.000000000000000000, 1.000000000000000000, 1.000000000000000000 ) ;
#2793 = AXIS2_PLACEMENT_3D ( 'NONE', #513, #4052, #1008 ) ;
#2794 = VECTOR ( 'NONE', #3636, 1000.000000000000000 ) ;
#2795 = FILL_AREA_STYLE_COLOUR ( '', #2493 ) ;
#2796 = STYLED_ITEM ( 'NONE', ( #4034 ), #4407 ) ;
#2797 = ORIENTED_EDGE ( 'NONE', *, *, #712, .F. ) ;
#2798 = ORIENTED_EDGE ( 'NONE', *, *, #6441, .T. ) ;
#2799 = CARTESIAN_POINT ( 'NONE',  ( 0.2250000000000000056, 0.1499999999999999944, 0.6250000000000000000 ) ) ;
#2800 = SURFACE_STYLE_FILL_AREA ( #3508 ) ;
#2801 = CARTESIAN_POINT ( 'NONE',  ( -0.9749999999999999778, 0.1499999999999999944, 0.2500000000000000000 ) ) ;
#2802 = VERTEX_POINT ( 'NONE', #5807 ) ;
#2803 = SURFACE_STYLE_USAGE ( .BOTH. , #718 ) ;
#2804 = STYLED_ITEM ( 'NONE', ( #913 ), #758 ) ;
#2805 = CARTESIAN_POINT ( 'NONE',  ( 0.4000000000000000222, -0.05000000000000000278, -1.500000000000000000 ) ) ;
#2806 = UNCERTAINTY_MEASURE_WITH_UNIT (LENGTH_MEASURE( 1.000000000000000082E-05 ), #5478, 'distance_accuracy_value', 'NONE');
#2807 = MECHANICAL_DESIGN_GEOMETRIC_PRESENTATION_REPRESENTATION (  '', ( #5425 ), #2102 ) ;
#2808 = VECTOR ( 'NONE', #4661, 1000.000000000000000 ) ;
#2809 = DIRECTION ( 'NONE',  ( 0.000000000000000000, -0.000000000000000000, -1.000000000000000000 ) ) ;
#2810 = FILL_AREA_STYLE ('',( #1291 ) ) ;
#2811 = PRESENTATION_STYLE_ASSIGNMENT (( #6400 ) ) ;
#2812 = ADVANCED_FACE ( 'NONE', ( #1718 ), #2243, .F. ) ;
#2813 =( NAMED_UNIT ( * ) PLANE_ANGLE_UNIT ( ) SI_UNIT ( $, .RADIAN. ) );
#2814 = VERTEX_POINT ( 'NONE', #1795 ) ;
#2815 = PLANE ( 'NONE',  #2066 ) ;
#2816 = DIRECTION ( 'NONE',  ( 1.000000000000000000, 0.000000000000000000, -0.000000000000000000 ) ) ;
#2817 = SURFACE_STYLE_FILL_AREA ( #1034 ) ;
#2818 = VECTOR ( 'NONE', #5812, 1000.000000000000000 ) ;
#2819 = ORIENTED_EDGE ( 'NONE', *, *, #3921, .T. ) ;
#2820 = EDGE_CURVE ( 'NONE', #1653, #207, #5061, .T. ) ;
#2821 = DIRECTION ( 'NONE',  ( 0.000000000000000000, 0.000000000000000000, -1.000000000000000000 ) ) ;
#2822 = COLOUR_RGB ( '',1.000000000000000000, 1.000000000000000000, 1.000000000000000000 ) ;
#2823 = DIRECTION ( 'NONE',  ( -1.000000000000000000, 0.000000000000000000, 0.000000000000000000 ) ) ;
#2824 = ORIENTED_EDGE ( 'NONE', *, *, #3480, .T. ) ;
#2825 = PLANE ( 'NONE',  #2082 ) ;
#2826 = CARTESIAN_POINT ( 'NONE',  ( 0.7750000000000000222, 0.1499999999999999944, 1.099999999999999867 ) ) ;
#2827 =( NAMED_UNIT ( * ) SI_UNIT ( $, .STERADIAN. ) SOLID_ANGLE_UNIT ( ) );
#2828 = AXIS2_PLACEMENT_3D ( 'NONE', #546, #4591, #1537 ) ;
#2829 = CARTESIAN_POINT ( 'NONE',  ( 0.4000000000000000222, -0.05000000000000000278, 1.350000000000000089 ) ) ;
#2830 = EDGE_CURVE ( 'NONE', #1193, #1799, #3016, .T. ) ;
#2831 = DIRECTION ( 'NONE',  ( 0.000000000000000000, 0.000000000000000000, 1.000000000000000000 ) ) ;
#2832 = ORIENTED_EDGE ( 'NONE', *, *, #362, .T. ) ;
#2833 = SURFACE_SIDE_STYLE ('',( #3464 ) ) ;
#2834 = DIRECTION ( 'NONE',  ( -0.000000000000000000, 0.000000000000000000, -1.000000000000000000 ) ) ;
#2835 = ORIENTED_EDGE ( 'NONE', *, *, #5301, .T. ) ;
#2836 = PRESENTATION_STYLE_ASSIGNMENT (( #6533 ) ) ;
#2837 = CARTESIAN_POINT ( 'NONE',  ( -0.9749999999999999778, 0.1499999999999999944, -0.3750000000000000000 ) ) ;
#2838 = ORIENTED_EDGE ( 'NONE', *, *, #120, .F. ) ;
#2839 = EDGE_CURVE ( 'NONE', #2234, #3294, #3247, .T. ) ;
#2840 = AXIS2_PLACEMENT_3D ( 'NONE', #5539, #6540, #3438 ) ;
#2841 = SURFACE_STYLE_FILL_AREA ( #4484 ) ;
#2842 = LINE ( 'NONE', #2266, #4353 ) ;
#2843 = UNCERTAINTY_MEASURE_WITH_UNIT (LENGTH_MEASURE( 1.000000000000000082E-05 ), #5296, 'distance_accuracy_value', 'NONE');
#2844 = SURFACE_STYLE_USAGE ( .BOTH. , #3833 ) ;
#2845 = VECTOR ( 'NONE', #4737, 1000.000000000000000 ) ;
#2846 = STYLED_ITEM ( 'NONE', ( #4649 ), #4829 ) ;
#2847 = APPLICATION_CONTEXT ( 'automotive_design' ) ;
#2848 = CARTESIAN_POINT ( 'NONE',  ( -0.9500000000000000666, 0.9499999999999999556, -1.139999999999999902 ) ) ;
#2849 = CARTESIAN_POINT ( 'NONE',  ( -0.3499999999999999778, 0.1499999999999999944, -1.224999999999999867 ) ) ;
#2850 = VECTOR ( 'NONE', #2061, 1000.000000000000000 ) ;
#2851 = VERTEX_POINT ( 'NONE', #2913 ) ;
#2852 = CARTESIAN_POINT ( 'NONE',  ( -0.5999999999999999778, -0.05000000000000000278, 1.224999999999999867 ) ) ;
#2853 = FACE_OUTER_BOUND ( 'NONE', #3676, .T. ) ;
#2854 =( NAMED_UNIT ( * ) PLANE_ANGLE_UNIT ( ) SI_UNIT ( $, .RADIAN. ) );
#2855 = ORIENTED_EDGE ( 'NONE', *, *, #6145, .F. ) ;
#2856 = FACE_OUTER_BOUND ( 'NONE', #1010, .T. ) ;
#2857 = DIRECTION ( 'NONE',  ( 0.000000000000000000, -0.000000000000000000, 1.000000000000000000 ) ) ;
#2858 =( GEOMETRIC_REPRESENTATION_CONTEXT ( 3 ) GLOBAL_UNCERTAINTY_ASSIGNED_CONTEXT ( ( #679 ) ) GLOBAL_UNIT_ASSIGNED_CONTEXT ( ( #2042, #4549, #2018 ) ) REPRESENTATION_CONTEXT ( 'NONE', 'WORKASPACE' ) );
#2859 = CARTESIAN_POINT ( 'NONE',  ( -1.250000000000000000, -0.05000000000000000278, 0.6250000000000000000 ) ) ;
#2860 = LINE ( 'NONE', #3100, #4913 ) ;
#2861 = ORIENTED_EDGE ( 'NONE', *, *, #1909, .T. ) ;
#2862 = LINE ( 'NONE', #874, #802 ) ;
#2863 = SURFACE_STYLE_USAGE ( .BOTH. , #5895 ) ;
#2864 = STYLED_ITEM ( 'NONE', ( #2730 ), #877 ) ;
#2865 = EDGE_CURVE ( 'NONE', #5276, #3738, #2771, .T. ) ;
#2866 = VERTEX_POINT ( 'NONE', #4399 ) ;
#2867 = COLOUR_RGB ( '',1.000000000000000000, 1.000000000000000000, 1.000000000000000000 ) ;
#2868 = ORIENTED_EDGE ( 'NONE', *, *, #5735, .T. ) ;
#2869 = SURFACE_SIDE_STYLE ('',( #5158 ) ) ;
#2870 = CARTESIAN_POINT ( 'NONE',  ( 0.1499999999999999667, 0.1499999999999999944, 1.224999999999999867 ) ) ;
#2871 = FILL_AREA_STYLE ('',( #3381 ) ) ;
#2872 = LINE ( 'NONE', #745, #2468 ) ;
#2873 =( GEOMETRIC_REPRESENTATION_CONTEXT ( 3 ) GLOBAL_UNCERTAINTY_ASSIGNED_CONTEXT ( ( #5961 ) ) GLOBAL_UNIT_ASSIGNED_CONTEXT ( ( #1839, #3871, #3465 ) ) REPRESENTATION_CONTEXT ( 'NONE', 'WORKASPACE' ) );
#2874 = VERTEX_POINT ( 'NONE', #5936 ) ;
#2875 = ORIENTED_EDGE ( 'NONE', *, *, #1781, .F. ) ;
#2876 = EDGE_CURVE ( 'NONE', #3015, #547, #1879, .T. ) ;
#2877 = ADVANCED_FACE ( 'NONE', ( #4126 ), #909, .F. ) ;
#2878 = CARTESIAN_POINT ( 'NONE',  ( -0.9500000000000000666, 0.9499999999999999556, -1.139999999999999902 ) ) ;
#2879 = EDGE_CURVE ( 'NONE', #873, #4786, #5532, .T. ) ;
#2880 = PLANE ( 'NONE',  #3491 ) ;
#2881 = CARTESIAN_POINT ( 'NONE',  ( -1.250000000000000000, 0.1499999999999999944, -0.1250000000000000000 ) ) ;
#2882 = PRESENTATION_STYLE_ASSIGNMENT (( #5690 ) ) ;
#2883 = ORIENTED_EDGE ( 'NONE', *, *, #5650, .F. ) ;
#2884 = DIRECTION ( 'NONE',  ( -0.000000000000000000, -1.000000000000000000, -0.000000000000000000 ) ) ;
#2885 =( GEOMETRIC_REPRESENTATION_CONTEXT ( 3 ) GLOBAL_UNCERTAINTY_ASSIGNED_CONTEXT ( ( #4111 ) ) GLOBAL_UNIT_ASSIGNED_CONTEXT ( ( #550, #3632, #2110 ) ) REPRESENTATION_CONTEXT ( 'NONE', 'WORKASPACE' ) );
#2887 = COLOUR_RGB ( '',1.000000000000000000, 1.000000000000000000, 1.000000000000000000 ) ;
#2886 = SURFACE_STYLE_USAGE ( .BOTH. , #4920 ) ;
#2888 = CARTESIAN_POINT ( 'NONE',  ( -1.250000000000000000, 0.1499999999999999944, -0.8750000000000000000 ) ) ;
#2889 = ORIENTED_EDGE ( 'NONE', *, *, #1554, .T. ) ;
#2890 = PRESENTATION_STYLE_ASSIGNMENT (( #1489 ) ) ;
#2891 = SURFACE_SIDE_STYLE ('',( #1729 ) ) ;
#2892 = LINE ( 'NONE', #4718, #2818 ) ;
#2893 = CARTESIAN_POINT ( 'NONE',  ( -0.8499999999999999778, 0.1499999999999999944, -1.500000000000000000 ) ) ;
#2894 = ORIENTED_EDGE ( 'NONE', *, *, #4602, .T. ) ;
#2895 =( GEOMETRIC_REPRESENTATION_CONTEXT ( 3 ) GLOBAL_UNCERTAINTY_ASSIGNED_CONTEXT ( ( #6269 ) ) GLOBAL_UNIT_ASSIGNED_CONTEXT ( ( #222, #198, #4770 ) ) REPRESENTATION_CONTEXT ( 'NONE', 'WORKASPACE' ) );
#2896 = CARTESIAN_POINT ( 'NONE',  ( -0.8499999999999999778, 0.1499999999999999944, -0.8750000000000000000 ) ) ;
#2897 = CIRCLE ( 'NONE', #4641, 0.1250000000000001110 ) ;
#2898 = LINE ( 'NONE', #6204, #1919 ) ;
#2899 = AXIS2_PLACEMENT_3D ( 'NONE', #3385, #5345, #310 ) ;
#2900 = SURFACE_SIDE_STYLE ('',( #581 ) ) ;
#2901 = ORIENTED_EDGE ( 'NONE', *, *, #5312, .F. ) ;
#2902 = CARTESIAN_POINT ( 'NONE',  ( -0.2250000000000000056, 0.1499999999999999944, -1.224999999999999867 ) ) ;
#2903 = DIRECTION ( 'NONE',  ( 0.000000000000000000, 1.000000000000000000, 0.000000000000000000 ) ) ;
#2904 = ORIENTED_EDGE ( 'NONE', *, *, #6490, .F. ) ;
#2905 = CARTESIAN_POINT ( 'NONE',  ( -0.7249999999999999778, -0.000000000000000000, -1.224999999999999867 ) ) ;
#2906 = COLOUR_RGB ( '',1.000000000000000000, 1.000000000000000000, 1.000000000000000000 ) ;
#2907 = DIRECTION ( 'NONE',  ( 0.000000000000000000, 0.000000000000000000, -1.000000000000000000 ) ) ;
#2908 = MECHANICAL_DESIGN_GEOMETRIC_PRESENTATION_REPRESENTATION (  '', ( #3956 ), #4312 ) ;
#2909 = ADVANCED_FACE ( 'NONE', ( #476 ), #4487, .F. ) ;
#2910 = CARTESIAN_POINT ( 'NONE',  ( -0.8499999999999999778, 0.1499999999999999944, -1.500000000000000000 ) ) ;
#2911 = LINE ( 'NONE', #930, #533 ) ;
#2912 = ORIENTED_EDGE ( 'NONE', *, *, #1258, .T. ) ;
#2913 = CARTESIAN_POINT ( 'NONE',  ( -0.3499999999999999778, -0.05000000000000000278, -1.224999999999999867 ) ) ;
#2914 = PRESENTATION_LAYER_ASSIGNMENT (  '', '', ( #110 ) ) ;
#2915 = CARTESIAN_POINT ( 'NONE',  ( -0.8499999999999999778, 0.1499999999999999944, -0.6250000000000000000 ) ) ;
#2916 = EDGE_CURVE ( 'NONE', #2802, #5552, #4516, .T. ) ;
#2917 = CARTESIAN_POINT ( 'NONE',  ( -0.2250000000000000056, 0.1499999999999999944, 1.224999999999999867 ) ) ;
#2918 = DIRECTION ( 'NONE',  ( 0.000000000000000000, 0.000000000000000000, 1.000000000000000000 ) ) ;
#2919 = PLANE ( 'NONE',  #1815 ) ;
#2920 = CARTESIAN_POINT ( 'NONE',  ( 0.2250000000000000056, -0.05000000000000000278, -0.5000000000000000000 ) ) ;
#2921 = AXIS2_PLACEMENT_3D ( 'NONE', #1551, #5115, #4628 ) ;
#2922 = VERTEX_POINT ( 'NONE', #6486 ) ;
#2923 = DIRECTION ( 'NONE',  ( 0.000000000000000000, 0.000000000000000000, -1.000000000000000000 ) ) ;
#2924 = UNCERTAINTY_MEASURE_WITH_UNIT (LENGTH_MEASURE( 1.000000000000000082E-05 ), #4025, 'distance_accuracy_value', 'NONE');
#2925 = FILL_AREA_STYLE_COLOUR ( '', #1283 ) ;
#2926 = PRESENTATION_STYLE_ASSIGNMENT (( #5506 ) ) ;
#2927 = DIRECTION ( 'NONE',  ( -0.000000000000000000, 0.000000000000000000, -1.000000000000000000 ) ) ;
#2928 = DIRECTION ( 'NONE',  ( -0.000000000000000000, -1.000000000000000000, -0.000000000000000000 ) ) ;
#2929 = FACE_OUTER_BOUND ( 'NONE', #277, .T. ) ;
#2930 =( NAMED_UNIT ( * ) PLANE_ANGLE_UNIT ( ) SI_UNIT ( $, .RADIAN. ) );
#2931 = CARTESIAN_POINT ( 'NONE',  ( -1.250000000000000000, 0.9499999999999999556, -1.500000000000000000 ) ) ;
#2932 = DIRECTION ( 'NONE',  ( 0.000000000000000000, -1.000000000000000000, 0.000000000000000000 ) ) ;
#2933 = DIRECTION ( 'NONE',  ( 0.000000000000000000, 0.000000000000000000, 1.000000000000000000 ) ) ;
#2934 = ORIENTED_EDGE ( 'NONE', *, *, #4232, .F. ) ;
#2935 = UNCERTAINTY_MEASURE_WITH_UNIT (LENGTH_MEASURE( 1.000000000000000082E-05 ), #302, 'distance_accuracy_value', 'NONE');
#2936 = FACE_OUTER_BOUND ( 'NONE', #2139, .T. ) ;
#2937 = ADVANCED_FACE ( 'NONE', ( #6542 ), #4041, .F. ) ;
#2938 = CARTESIAN_POINT ( 'NONE',  ( 0.9000000000000000222, 0.000000000000000000, -1.500000000000000000 ) ) ;
#2939 =( GEOMETRIC_REPRESENTATION_CONTEXT ( 3 ) GLOBAL_UNCERTAINTY_ASSIGNED_CONTEXT ( ( #3931 ) ) GLOBAL_UNIT_ASSIGNED_CONTEXT ( ( #1229, #4801, #5257 ) ) REPRESENTATION_CONTEXT ( 'NONE', 'WORKASPACE' ) );
#2940 = LINE ( 'NONE', #6469, #4921 ) ;
#2941 = EDGE_CURVE ( 'NONE', #54, #2922, #4736, .T. ) ;
#2942 = ADVANCED_FACE ( 'NONE', ( #3387 ), #6113, .F. ) ;
#2943 = VERTEX_POINT ( 'NONE', #498 ) ;
#2944 = EDGE_CURVE ( 'NONE', #508, #5815, #1708, .T. ) ;
#2945 = EDGE_LOOP ( 'NONE', ( #1976, #488, #3915, #1768 ) ) ;
#2946 = ORIENTED_EDGE ( 'NONE', *, *, #5950, .T. ) ;
#2947 = VECTOR ( 'NONE', #185, 1000.000000000000000 ) ;
#2948 = CARTESIAN_POINT ( 'NONE',  ( -0.8499999999999999778, -0.05000000000000000278, -1.224999999999999867 ) ) ;
#2949 = ORIENTED_EDGE ( 'NONE', *, *, #4645, .F. ) ;
#2950 = CARTESIAN_POINT ( 'NONE',  ( 0.1499999999999999667, 0.1499999999999999944, 1.224999999999999867 ) ) ;
#2951 = MECHANICAL_DESIGN_GEOMETRIC_PRESENTATION_REPRESENTATION (  '', ( #4975 ), #3961 ) ;
#2952 = SURFACE_SIDE_STYLE ('',( #2841 ) ) ;
#2953 = EDGE_CURVE ( 'NONE', #4418, #4845, #3630, .T. ) ;
#2954 = CIRCLE ( 'NONE', #359, 0.1250000000000000278 ) ;
#2955 = CARTESIAN_POINT ( 'NONE',  ( -0.9749999999999999778, -0.05000000000000000278, 0.8750000000000000000 ) ) ;
#2956 = EDGE_LOOP ( 'NONE', ( #5075, #3360, #5460, #3809 ) ) ;
#2957 = DIRECTION ( 'NONE',  ( 0.000000000000000000, -0.000000000000000000, -1.000000000000000000 ) ) ;
#2958 = EDGE_LOOP ( 'NONE', ( #1216, #3440, #5881, #1337 ) ) ;
#2959 = DIRECTION ( 'NONE',  ( -1.000000000000000000, 0.000000000000000000, 0.000000000000000000 ) ) ;
#2960 = STYLED_ITEM ( 'NONE', ( #1998 ), #5548 ) ;
#2961 = CARTESIAN_POINT ( 'NONE',  ( 0.1499999999999999667, 0.1499999999999999944, 1.224999999999999867 ) ) ;
#2962 = VECTOR ( 'NONE', #4844, 1000.000000000000000 ) ;
#2963 = DIRECTION ( 'NONE',  ( 0.000000000000000000, 0.000000000000000000, -1.000000000000000000 ) ) ;
#2964 = ORIENTED_EDGE ( 'NONE', *, *, #5966, .T. ) ;
#2965 = EDGE_CURVE ( 'NONE', #3403, #2731, #3876, .T. ) ;
#2966 = VECTOR ( 'NONE', #1739, 1000.000000000000000 ) ;
#2967 = VERTEX_POINT ( 'NONE', #518 ) ;
#2968 = CARTESIAN_POINT ( 'NONE',  ( 0.4000000000000000222, 0.1499999999999999944, -1.350000000000000089 ) ) ;
#2969 = VECTOR ( 'NONE', #6243, 1000.000000000000000 ) ;
#2970 = CARTESIAN_POINT ( 'NONE',  ( -1.250000000000000000, 0.1499999999999999944, 0.1250000000000000000 ) ) ;
#2971 = CARTESIAN_POINT ( 'NONE',  ( -0.1000000000000000056, 0.1499999999999999944, 1.500000000000000000 ) ) ;
#2972 = ORIENTED_EDGE ( 'NONE', *, *, #1700, .F. ) ;
#2973 = DIRECTION ( 'NONE',  ( -1.000000000000000000, -0.000000000000000000, 0.000000000000000000 ) ) ;
#2974 = EDGE_CURVE ( 'NONE', #5228, #1256, #6175, .T. ) ;
#2975 = LINE ( 'NONE', #5145, #1598 ) ;
#2976 = DIRECTION ( 'NONE',  ( -0.000000000000000000, 1.000000000000000000, -0.000000000000000000 ) ) ;
#2977 = FILL_AREA_STYLE_COLOUR ( '', #4021 ) ;
#2978 = LINE ( 'NONE', #5820, #5105 ) ;
#2979 = ORIENTED_EDGE ( 'NONE', *, *, #4010, .T. ) ;
#2980 = CARTESIAN_POINT ( 'NONE',  ( 1.250000000000000000, 0.1499999999999999944, 0.3750000000000000000 ) ) ;
#2981 = VECTOR ( 'NONE', #785, 1000.000000000000000 ) ;
#2982 = DIRECTION ( 'NONE',  ( 0.000000000000000000, 0.000000000000000000, 1.000000000000000000 ) ) ;
#2983 = APPLICATION_PROTOCOL_DEFINITION ( 'draft international standard', 'automotive_design', 1998, #5492 ) ;
#2984 = FACE_OUTER_BOUND ( 'NONE', #1271, .T. ) ;
#2985 = STYLED_ITEM ( 'NONE', ( #3097 ), #3705 ) ;
#2986 = ORIENTED_EDGE ( 'NONE', *, *, #2830, .F. ) ;
#2987 = DIRECTION ( 'NONE',  ( 1.000000000000000000, 0.000000000000000000, 0.000000000000000000 ) ) ;
#2988 = VERTEX_POINT ( 'NONE', #5002 ) ;
#2989 = VERTEX_POINT ( 'NONE', #1013 ) ;
#2990 = ORIENTED_EDGE ( 'NONE', *, *, #4746, .T. ) ;
#2991 =( NAMED_UNIT ( * ) PLANE_ANGLE_UNIT ( ) SI_UNIT ( $, .RADIAN. ) );
#2992 = COLOUR_RGB ( '',1.000000000000000000, 1.000000000000000000, 1.000000000000000000 ) ;
#2993 = PRESENTATION_LAYER_ASSIGNMENT (  '', '', ( #5477 ) ) ;
#2994 = MECHANICAL_DESIGN_GEOMETRIC_PRESENTATION_REPRESENTATION (  '', ( #6047 ), #2026 ) ;
#2995 = CARTESIAN_POINT ( 'NONE',  ( 0.2250000000000000056, 0.1499999999999999944, -0.5000000000000000000 ) ) ;
#2996 = ORIENTED_EDGE ( 'NONE', *, *, #255, .T. ) ;
#2997 = EDGE_CURVE ( 'NONE', #6180, #6203, #6019, .T. ) ;
#2998 =( GEOMETRIC_REPRESENTATION_CONTEXT ( 3 ) GLOBAL_UNCERTAINTY_ASSIGNED_CONTEXT ( ( #3678 ) ) GLOBAL_UNIT_ASSIGNED_CONTEXT ( ( #1619, #2687, #1591 ) ) REPRESENTATION_CONTEXT ( 'NONE', 'WORKASPACE' ) );
#2999 = EDGE_CURVE ( 'NONE', #908, #5974, #3474, .T. ) ;
#3000 = CARTESIAN_POINT ( 'NONE',  ( 0.4000000000000000222, -0.05000000000000000278, 1.350000000000000089 ) ) ;
#3001 = FILL_AREA_STYLE_COLOUR ( '', #1510 ) ;
#3002 = LINE ( 'NONE', #5616, #4195 ) ;
#3003 = UNCERTAINTY_MEASURE_WITH_UNIT (LENGTH_MEASURE( 1.000000000000000082E-05 ), #5078, 'distance_accuracy_value', 'NONE');
#3004 = COLOUR_RGB ( '',1.000000000000000000, 1.000000000000000000, 1.000000000000000000 ) ;
#3005 = CARTESIAN_POINT ( 'NONE',  ( 0.4000000000000000222, 0.1499999999999999944, -1.350000000000000089 ) ) ;
#3006 = CARTESIAN_POINT ( 'NONE',  ( -0.9500000000000000666, 0.9499999999999999556, -1.139999999999999902 ) ) ;
#3007 = SURFACE_STYLE_FILL_AREA ( #4185 ) ;
#3008 = CARTESIAN_POINT ( 'NONE',  ( -0.3499999999999999778, 0.1499999999999999944, -1.224999999999999867 ) ) ;
#3009 = VECTOR ( 'NONE', #4779, 1000.000000000000000 ) ;
#3010 = FILL_AREA_STYLE ('',( #5545 ) ) ;
#3011 = STYLED_ITEM ( 'NONE', ( #127 ), #691 ) ;
#3012 = LINE ( 'NONE', #3570, #3712 ) ;
#3013 = PRESENTATION_LAYER_ASSIGNMENT (  '', '', ( #2630 ) ) ;
#3014 = ADVANCED_FACE ( 'NONE', ( #1019 ), #5063, .F. ) ;
#3015 = VERTEX_POINT ( 'NONE', #29 ) ;
#3016 = LINE ( 'NONE', #4461, #2368 ) ;
#3017 = CARTESIAN_POINT ( 'NONE',  ( 0.7750000000000000222, -0.05000000000000000278, -1.100000000000000089 ) ) ;
#3018 = VECTOR ( 'NONE', #1197, 1000.000000000000000 ) ;
#3019 = DIRECTION ( 'NONE',  ( 0.000000000000000000, 0.000000000000000000, -1.000000000000000000 ) ) ;
#3020 = EDGE_LOOP ( 'NONE', ( #3662, #6062, #4566, #2057 ) ) ;
#3021 = APPLICATION_PROTOCOL_DEFINITION ( 'draft international standard', 'automotive_design', 1998, #1939 ) ;
#3022 = LINE ( 'NONE', #1246, #2784 ) ;
#3023 = LINE ( 'NONE', #5647, #2691 ) ;
#3024 = DIRECTION ( 'NONE',  ( 1.000000000000000000, 0.000000000000000000, 3.942553354492743901E-17 ) ) ;
#3025 = ORIENTED_EDGE ( 'NONE', *, *, #3582, .T. ) ;
#3026 =( LENGTH_UNIT ( ) NAMED_UNIT ( * ) SI_UNIT ( .MILLI., .METRE. ) );
#3027 = STYLED_ITEM ( 'NONE', ( #3723 ), #3812 ) ;
#3028 = EDGE_CURVE ( 'NONE', #416, #6488, #1627, .T. ) ;
#3029 = CARTESIAN_POINT ( 'NONE',  ( -0.9749999999999999778, 0.1499999999999999944, 0.6250000000000000000 ) ) ;
#3030 =( NAMED_UNIT ( * ) PLANE_ANGLE_UNIT ( ) SI_UNIT ( $, .RADIAN. ) );
#3031 = VERTEX_POINT ( 'NONE', #2502 ) ;
#3032 = CLOSED_SHELL ( 'NONE', ( #4207, #5957, #1191 ) ) ;
#3033 = AXIS2_PLACEMENT_3D ( 'NONE', #4064, #472, #4017 ) ;
#3034 = FILL_AREA_STYLE ('',( #4099 ) ) ;
#3035 = COLOUR_RGB ( '',1.000000000000000000, 1.000000000000000000, 1.000000000000000000 ) ;
#3036 = DIRECTION ( 'NONE',  ( -0.000000000000000000, 1.000000000000000000, -0.000000000000000000 ) ) ;
#3037 = DIRECTION ( 'NONE',  ( 0.000000000000000000, -1.000000000000000000, 0.000000000000000000 ) ) ;
#3038 = VECTOR ( 'NONE', #1545, 1000.000000000000000 ) ;
#3040 = VECTOR ( 'NONE', #875, 1000.000000000000000 ) ;
#3039 = CARTESIAN_POINT ( 'NONE',  ( -1.250000000000000000, 0.9499999999999999556, -1.500000000000000000 ) ) ;
#3041 =( GEOMETRIC_REPRESENTATION_CONTEXT ( 3 ) GLOBAL_UNCERTAINTY_ASSIGNED_CONTEXT ( ( #4660 ) ) GLOBAL_UNIT_ASSIGNED_CONTEXT ( ( #815, #2854, #3407 ) ) REPRESENTATION_CONTEXT ( 'NONE', 'WORKASPACE' ) );
#3042 = ORIENTED_EDGE ( 'NONE', *, *, #4687, .T. ) ;
#3043 = EDGE_CURVE ( 'NONE', #5815, #1302, #4824, .T. ) ;
#3044 = AXIS2_PLACEMENT_3D ( 'NONE', #5374, #1959, #3968 ) ;
#3045 = VECTOR ( 'NONE', #759, 1000.000000000000000 ) ;
#3046 =( NAMED_UNIT ( * ) SI_UNIT ( $, .STERADIAN. ) SOLID_ANGLE_UNIT ( ) );
#3047 = CARTESIAN_POINT ( 'NONE',  ( -0.1250000000000000000, 0.1499999999999999944, 0.1250000000000000000 ) ) ;
#3048 = EDGE_LOOP ( 'NONE', ( #5284 ) ) ;
#3049 = FILL_AREA_STYLE_COLOUR ( '', #5435 ) ;
#3050 = EDGE_CURVE ( 'NONE', #4452, #1344, #312, .T. ) ;
#3051 = ORIENTED_EDGE ( 'NONE', *, *, #5514, .F. ) ;
#3052 = DIRECTION ( 'NONE',  ( 1.000000000000000000, 0.000000000000000000, 0.000000000000000000 ) ) ;
#3053 = CARTESIAN_POINT ( 'NONE',  ( 0.1499999999999999667, 0.000000000000000000, 1.500000000000000000 ) ) ;
#3054 = COLOUR_RGB ( '',0.1019607843137254888, 0.1019607843137254888, 0.1019607843137254888 ) ;
#3055 = ORIENTED_EDGE ( 'NONE', *, *, #4068, .F. ) ;
#3056 =( NAMED_UNIT ( * ) SI_UNIT ( $, .STERADIAN. ) SOLID_ANGLE_UNIT ( ) );
#3057 = FACE_OUTER_BOUND ( 'NONE', #3162, .T. ) ;
#3058 = ORIENTED_EDGE ( 'NONE', *, *, #6315, .F. ) ;
#3059 = VERTEX_POINT ( 'NONE', #4014 ) ;
#3060 = DIRECTION ( 'NONE',  ( 0.000000000000000000, 0.000000000000000000, 1.000000000000000000 ) ) ;
#3061 = SURFACE_STYLE_FILL_AREA ( #224 ) ;
#3062 = DIRECTION ( 'NONE',  ( 0.000000000000000000, 0.000000000000000000, 1.000000000000000000 ) ) ;
#3063 =( LENGTH_UNIT ( ) NAMED_UNIT ( * ) SI_UNIT ( .MILLI., .METRE. ) );
#3064 = ORIENTED_EDGE ( 'NONE', *, *, #5371, .F. ) ;
#3065 = ORIENTED_EDGE ( 'NONE', *, *, #4897, .T. ) ;
#3066 =( NAMED_UNIT ( * ) PLANE_ANGLE_UNIT ( ) SI_UNIT ( $, .RADIAN. ) );
#3067 = ORIENTED_EDGE ( 'NONE', *, *, #3655, .T. ) ;
#3068 = AXIS2_PLACEMENT_3D ( 'NONE', #396, #934, #2425 ) ;
#3069 = CARTESIAN_POINT ( 'NONE',  ( -0.8499999999999999778, -0.05000000000000000278, 1.500000000000000000 ) ) ;
#3070 = SURFACE_STYLE_FILL_AREA ( #1323 ) ;
#3071 = SURFACE_STYLE_USAGE ( .BOTH. , #6164 ) ;
#3072 = COLOUR_RGB ( '',1.000000000000000000, 1.000000000000000000, 1.000000000000000000 ) ;
#3073 = EDGE_CURVE ( 'NONE', #3920, #1135, #4978, .T. ) ;
#3074 = FILL_AREA_STYLE_COLOUR ( '', #349 ) ;
#3075 = SURFACE_STYLE_FILL_AREA ( #6282 ) ;
#3076 = CARTESIAN_POINT ( 'NONE',  ( -1.250000000000000000, -0.000000000000000000, -1.500000000000000000 ) ) ;
#3077 = PRESENTATION_STYLE_ASSIGNMENT (( #5141 ) ) ;
#3078 = MECHANICAL_DESIGN_GEOMETRIC_PRESENTATION_REPRESENTATION (  '', ( #6278 ), #5956 ) ;
#3079 = LINE ( 'NONE', #3536, #3538 ) ;
#3080 = CARTESIAN_POINT ( 'NONE',  ( 0.3999999999999999667, 0.1499999999999999944, 1.500000000000000000 ) ) ;
#3081 = PRESENTATION_LAYER_ASSIGNMENT (  '', '', ( #5191 ) ) ;
#3082 = EDGE_CURVE ( 'NONE', #4289, #81, #5525, .T. ) ;
#3083 = FILL_AREA_STYLE_COLOUR ( '', #1305 ) ;
#3084 = DIRECTION ( 'NONE',  ( 1.000000000000000000, 0.000000000000000000, 0.000000000000000000 ) ) ;
#3085 = DIRECTION ( 'NONE',  ( 1.000000000000000000, 0.000000000000000000, 0.000000000000000000 ) ) ;
#3086 = EDGE_CURVE ( 'NONE', #1989, #6144, #5203, .T. ) ;
#3087 = VECTOR ( 'NONE', #5133, 1000.000000000000000 ) ;
#3088 = ORIENTED_EDGE ( 'NONE', *, *, #4367, .F. ) ;
#3089 = CARTESIAN_POINT ( 'NONE',  ( 0.7750000000000000222, 0.1499999999999999944, -1.100000000000000089 ) ) ;
#3090 = LINE ( 'NONE', #1565, #4738 ) ;
#3091 = EDGE_LOOP ( 'NONE', ( #282, #2471, #266, #3937 ) ) ;
#3092 = VECTOR ( 'NONE', #4835, 1000.000000000000000 ) ;
#3093 = EDGE_CURVE ( 'NONE', #1135, #634, #3002, .T. ) ;
#3094 = DIRECTION ( 'NONE',  ( 0.000000000000000000, 1.000000000000000000, 0.000000000000000000 ) ) ;
#3095 = AXIS2_PLACEMENT_3D ( 'NONE', #4321, #4813, #2267 ) ;
#3096 = FACE_OUTER_BOUND ( 'NONE', #4630, .T. ) ;
#3097 = PRESENTATION_STYLE_ASSIGNMENT (( #6363 ) ) ;
#3098 = SURFACE_STYLE_USAGE ( .BOTH. , #600 ) ;
#3099 = ORIENTED_EDGE ( 'NONE', *, *, #2965, .F. ) ;
#3100 = CARTESIAN_POINT ( 'NONE',  ( 0.9000000000000000222, -0.05000000000000000278, 1.224999999999999867 ) ) ;
#3101 = LINE ( 'NONE', #6331, #3555 ) ;
#3102 = ORIENTED_EDGE ( 'NONE', *, *, #6138, .F. ) ;
#3103 = VECTOR ( 'NONE', #5156, 1000.000000000000000 ) ;
#3104 = ADVANCED_FACE ( 'NONE', ( #6013 ), #6136, .F. ) ;
#3105 = ORIENTED_EDGE ( 'NONE', *, *, #2839, .T. ) ;
#3106 = FILL_AREA_STYLE ('',( #3083 ) ) ;
#3107 = CARTESIAN_POINT ( 'NONE',  ( 0.2250000000000000056, 0.000000000000000000, -0.6250000000000000000 ) ) ;
#3108 = VECTOR ( 'NONE', #4240, 1000.000000000000000 ) ;
#3109 = AXIS2_PLACEMENT_3D ( 'NONE', #4295, #6291, #1715 ) ;
#3110 = VECTOR ( 'NONE', #3371, 1000.000000000000000 ) ;
#3111 = ORIENTED_EDGE ( 'NONE', *, *, #2830, .T. ) ;
#3112 = ORIENTED_EDGE ( 'NONE', *, *, #3124, .F. ) ;
#3113 = EDGE_CURVE ( 'NONE', #3294, #1966, #4658, .T. ) ;
#3114 = VECTOR ( 'NONE', #6383, 1000.000000000000000 ) ;
#3115 = SURFACE_SIDE_STYLE ('',( #1 ) ) ;
#3116 = CARTESIAN_POINT ( 'NONE',  ( 0.9000000000000000222, 0.1499999999999999944, 1.500000000000000000 ) ) ;
#3117 = ORIENTED_EDGE ( 'NONE', *, *, #539, .F. ) ;
#3118 = AXIS2_PLACEMENT_3D ( 'NONE', #1636, #707, #1702 ) ;
#3119 = ORIENTED_EDGE ( 'NONE', *, *, #5415, .T. ) ;
#3120 = CARTESIAN_POINT ( 'NONE',  ( -1.250000000000000000, 0.1499999999999999944, 0.3750000000000000000 ) ) ;
#3121 = UNCERTAINTY_MEASURE_WITH_UNIT (LENGTH_MEASURE( 1.000000000000000082E-05 ), #2775, 'distance_accuracy_value', 'NONE');
#3122 =( GEOMETRIC_REPRESENTATION_CONTEXT ( 3 ) GLOBAL_UNCERTAINTY_ASSIGNED_CONTEXT ( ( #4783 ) ) GLOBAL_UNIT_ASSIGNED_CONTEXT ( ( #4958, #5500, #3421 ) ) REPRESENTATION_CONTEXT ( 'NONE', 'WORKASPACE' ) );
#3123 = DIRECTION ( 'NONE',  ( 0.000000000000000000, 0.000000000000000000, 1.000000000000000000 ) ) ;
#3124 = EDGE_CURVE ( 'NONE', #3546, #2258, #4509, .T. ) ;
#3125 = EDGE_LOOP ( 'NONE', ( #1812, #1977, #2218, #330 ) ) ;
#3126 =( GEOMETRIC_REPRESENTATION_CONTEXT ( 3 ) GLOBAL_UNCERTAINTY_ASSIGNED_CONTEXT ( ( #1922 ) ) GLOBAL_UNIT_ASSIGNED_CONTEXT ( ( #4790, #4833, #3838 ) ) REPRESENTATION_CONTEXT ( 'NONE', 'WORKASPACE' ) );
#3127 = EDGE_CURVE ( 'NONE', #1080, #35, #5606, .T. ) ;
#3128 = DIRECTION ( 'NONE',  ( -0.000000000000000000, 1.000000000000000000, -0.000000000000000000 ) ) ;
#3129 = COLOUR_RGB ( '',1.000000000000000000, 1.000000000000000000, 1.000000000000000000 ) ;
#3130 = VECTOR ( 'NONE', #4656, 1000.000000000000000 ) ;
#3131 = ORIENTED_EDGE ( 'NONE', *, *, #3606, .F. ) ;
#3132 = PRESENTATION_LAYER_ASSIGNMENT (  '', '', ( #1748 ) ) ;
#3133 = EDGE_CURVE ( 'NONE', #1118, #1915, #1011, .T. ) ;
#3134 = STYLED_ITEM ( 'NONE', ( #4199 ), #4374 ) ;
#3135 = FACE_OUTER_BOUND ( 'NONE', #551, .T. ) ;
#3136 = ORIENTED_EDGE ( 'NONE', *, *, #2150, .T. ) ;
#3137 = ORIENTED_EDGE ( 'NONE', *, *, #6229, .T. ) ;
#3138 = DIRECTION ( 'NONE',  ( 0.000000000000000000, -1.000000000000000000, 0.000000000000000000 ) ) ;
#3139 = CARTESIAN_POINT ( 'NONE',  ( -0.5999999999999999778, -0.05000000000000000278, 1.500000000000000000 ) ) ;
#3140 = LINE ( 'NONE', #4713, #2657 ) ;
#3141 = FILL_AREA_STYLE ('',( #5657 ) ) ;
#3142 = DIRECTION ( 'NONE',  ( 0.000000000000000000, -1.000000000000000000, 0.000000000000000000 ) ) ;
#3143 = ADVANCED_FACE ( 'NONE', ( #470 ), #791, .T. ) ;
#3144 = CLOSED_SHELL ( 'NONE', ( #1151, #5615, #3104, #877, #758, #5496 ) ) ;
#3145 = FILL_AREA_STYLE ('',( #1082 ) ) ;
#3146 = FACE_OUTER_BOUND ( 'NONE', #1673, .T. ) ;
#3147 = ADVANCED_FACE ( 'NONE', ( #2929 ), #1626, .F. ) ;
#3148 = VERTEX_POINT ( 'NONE', #113 ) ;
#3149 =( LENGTH_UNIT ( ) NAMED_UNIT ( * ) SI_UNIT ( .MILLI., .METRE. ) );
#3150 =( NAMED_UNIT ( * ) PLANE_ANGLE_UNIT ( ) SI_UNIT ( $, .RADIAN. ) );
#3151 = EDGE_CURVE ( 'NONE', #6144, #1995, #2024, .T. ) ;
#3152 =( NAMED_UNIT ( * ) SI_UNIT ( $, .STERADIAN. ) SOLID_ANGLE_UNIT ( ) );
#3153 =( NAMED_UNIT ( * ) SI_UNIT ( $, .STERADIAN. ) SOLID_ANGLE_UNIT ( ) );
#3154 =( NAMED_UNIT ( * ) SI_UNIT ( $, .STERADIAN. ) SOLID_ANGLE_UNIT ( ) );
#3155 = MECHANICAL_DESIGN_GEOMETRIC_PRESENTATION_REPRESENTATION (  '', ( #3362 ), #5878 ) ;
#3156 = ADVANCED_FACE ( 'NONE', ( #2260 ), #4657, .F. ) ;
#3157 = VECTOR ( 'NONE', #6212, 1000.000000000000000 ) ;
#3158 = CARTESIAN_POINT ( 'NONE',  ( 1.250000000000000000, 0.000000000000000000, -0.3749999999999998890 ) ) ;
#3159 = CARTESIAN_POINT ( 'NONE',  ( 0.6500000000000000222, 0.1499999999999999944, 1.350000000000000089 ) ) ;
#3160 = PRESENTATION_STYLE_ASSIGNMENT (( #3402 ) ) ;
#3161 = FILL_AREA_STYLE_COLOUR ( '', #5702 ) ;
#3162 = EDGE_LOOP ( 'NONE', ( #5380, #3334, #1287, #978 ) ) ;
#3163 = FILL_AREA_STYLE ('',( #3600 ) ) ;
#3164 = CARTESIAN_POINT ( 'NONE',  ( -0.5999999999999999778, -0.05000000000000000278, -1.224999999999999867 ) ) ;
#3165 = FACE_OUTER_BOUND ( 'NONE', #516, .T. ) ;
#3166 = EDGE_CURVE ( 'NONE', #572, #1901, #4272, .T. ) ;
#3167 = FILL_AREA_STYLE ('',( #666 ) ) ;
#3168 = ORIENTED_EDGE ( 'NONE', *, *, #4447, .T. ) ;
#3169 = CYLINDRICAL_SURFACE ( 'NONE', #6137, 0.1250000000000001110 ) ;
#3170 = DIRECTION ( 'NONE',  ( 0.000000000000000000, 0.000000000000000000, -1.000000000000000000 ) ) ;
#3171 = VECTOR ( 'NONE', #3797, 1000.000000000000000 ) ;
#3172 = ADVANCED_FACE ( 'NONE', ( #4974 ), #5685, .T. ) ;
#3173 =( LENGTH_UNIT ( ) NAMED_UNIT ( * ) SI_UNIT ( .MILLI., .METRE. ) );
#3174 = ORIENTED_EDGE ( 'NONE', *, *, #4337, .F. ) ;
#3175 = DIRECTION ( 'NONE',  ( 0.000000000000000000, 0.000000000000000000, 1.000000000000000000 ) ) ;
#3177 = LINE ( 'NONE', #670, #14 ) ;
#3176 = CARTESIAN_POINT ( 'NONE',  ( 0.1499999999999999667, 0.1499999999999999944, -1.224999999999999867 ) ) ;
#3178 = DIRECTION ( 'NONE',  ( -0.000000000000000000, 1.000000000000000000, -0.000000000000000000 ) ) ;
#3179 = ORIENTED_EDGE ( 'NONE', *, *, #4134, .F. ) ;
#3180 = EDGE_LOOP ( 'NONE', ( #6283, #2760, #4928, #845 ) ) ;
#3181 = VERTEX_POINT ( 'NONE', #2314 ) ;
#3182 =( GEOMETRIC_REPRESENTATION_CONTEXT ( 3 ) GLOBAL_UNCERTAINTY_ASSIGNED_CONTEXT ( ( #1836 ) ) GLOBAL_UNIT_ASSIGNED_CONTEXT ( ( #1184, #6294, #2745 ) ) REPRESENTATION_CONTEXT ( 'NONE', 'WORKASPACE' ) );
#3183 = VECTOR ( 'NONE', #1705, 1000.000000000000000 ) ;
#3184 = COLOUR_RGB ( '',1.000000000000000000, 1.000000000000000000, 1.000000000000000000 ) ;
#3185 = SURFACE_SIDE_STYLE ('',( #767 ) ) ;
#3186 = VERTEX_POINT ( 'NONE', #82 ) ;
#3187 = AXIS2_PLACEMENT_3D ( 'NONE', #629, #4696, #1639 ) ;
#3188 = VECTOR ( 'NONE', #4202, 1000.000000000000000 ) ;
#3189 = VECTOR ( 'NONE', #4823, 1000.000000000000000 ) ;
#3190 = SURFACE_STYLE_USAGE ( .BOTH. , #6234 ) ;
#3191 = SURFACE_STYLE_USAGE ( .BOTH. , #2147 ) ;
#3192 = PRESENTATION_LAYER_ASSIGNMENT (  '', '', ( #4003 ) ) ;
#3193 = ORIENTED_EDGE ( 'NONE', *, *, #2301, .F. ) ;
#3194 = EDGE_CURVE ( 'NONE', #3529, #1353, #3462, .T. ) ;
#3195 = ADVANCED_FACE ( 'NONE', ( #2105 ), #597, .F. ) ;
#3196 = ADVANCED_FACE ( 'NONE', ( #66 ), #4249, .F. ) ;
#3197 = CARTESIAN_POINT ( 'NONE',  ( 0.4000000000000000222, 0.1499999999999999944, -1.500000000000000000 ) ) ;
#3198 = COLOUR_RGB ( '',1.000000000000000000, 1.000000000000000000, 1.000000000000000000 ) ;
#3199 = DIRECTION ( 'NONE',  ( 0.000000000000000000, 0.000000000000000000, -1.000000000000000000 ) ) ;
#3200 = DIRECTION ( 'NONE',  ( -1.000000000000000000, 0.000000000000000000, 0.000000000000000000 ) ) ;
#3201 = SURFACE_SIDE_STYLE ('',( #6093 ) ) ;
#3202 = CARTESIAN_POINT ( 'NONE',  ( 1.250000000000000000, -0.05000000000000000278, 0.6250000000000000000 ) ) ;
#3203 = MANIFOLD_SOLID_BREP ( 'Boss-Extrude4[3]', #1933 ) ;
#3204 = ORIENTED_EDGE ( 'NONE', *, *, #2786, .F. ) ;
#3205 = DIRECTION ( 'NONE',  ( 1.000000000000000000, 0.000000000000000000, -0.000000000000000000 ) ) ;
#3206 = SURFACE_SIDE_STYLE ('',( #3244 ) ) ;
#3207 = AXIS2_PLACEMENT_3D ( 'NONE', #5555, #1017, #36 ) ;
#3208 = CARTESIAN_POINT ( 'NONE',  ( -0.5999999999999999778, -0.05000000000000000278, -1.224999999999999867 ) ) ;
#3209 = EDGE_CURVE ( 'NONE', #4982, #6428, #4432, .T. ) ;
#3210 =( NAMED_UNIT ( * ) SI_UNIT ( $, .STERADIAN. ) SOLID_ANGLE_UNIT ( ) );
#3211 = ORIENTED_EDGE ( 'NONE', *, *, #383, .T. ) ;
#3212 = VECTOR ( 'NONE', #6253, 1000.000000000000000 ) ;
#3213 = EDGE_LOOP ( 'NONE', ( #5493, #840, #3131, #640 ) ) ;
#3214 = VERTEX_POINT ( 'NONE', #2197 ) ;
#3215 = EDGE_CURVE ( 'NONE', #4013, #1989, #5931, .T. ) ;
#3216 =( GEOMETRIC_REPRESENTATION_CONTEXT ( 3 ) GLOBAL_UNCERTAINTY_ASSIGNED_CONTEXT ( ( #453 ) ) GLOBAL_UNIT_ASSIGNED_CONTEXT ( ( #4087, #4647, #586 ) ) REPRESENTATION_CONTEXT ( 'NONE', 'WORKASPACE' ) );
#3217 = VECTOR ( 'NONE', #3178, 1000.000000000000000 ) ;
#3218 = DIRECTION ( 'NONE',  ( -0.000000000000000000, 1.000000000000000000, -0.000000000000000000 ) ) ;
#3219 = ORIENTED_EDGE ( 'NONE', *, *, #2941, .F. ) ;
#3220 = LINE ( 'NONE', #1862, #1161 ) ;
#3221 =( NAMED_UNIT ( * ) SI_UNIT ( $, .STERADIAN. ) SOLID_ANGLE_UNIT ( ) );
#3222 = CARTESIAN_POINT ( 'NONE',  ( 1.250000000000000000, 0.1499999999999999944, 0.1250000000000000000 ) ) ;
#3223 =( GEOMETRIC_REPRESENTATION_CONTEXT ( 3 ) GLOBAL_UNCERTAINTY_ASSIGNED_CONTEXT ( ( #5791 ) ) GLOBAL_UNIT_ASSIGNED_CONTEXT ( ( #1096, #4141, #2172 ) ) REPRESENTATION_CONTEXT ( 'NONE', 'WORKASPACE' ) );
#3224 = CARTESIAN_POINT ( 'NONE',  ( 0.7750000000000000222, 0.1499999999999999944, 1.224999999999999867 ) ) ;
#3225 = FILL_AREA_STYLE ('',( #4205 ) ) ;
#3226 = CARTESIAN_POINT ( 'NONE',  ( -0.1250000000000000000, 0.1499999999999999944, -0.1250000000000000555 ) ) ;
#3227 = MECHANICAL_DESIGN_GEOMETRIC_PRESENTATION_REPRESENTATION (  '', ( #51 ), #5050 ) ;
#3228 = PLANE ( 'NONE',  #3785 ) ;
#3229 = EDGE_CURVE ( 'NONE', #534, #2547, #2435, .T. ) ;
#3230 = UNCERTAINTY_MEASURE_WITH_UNIT (LENGTH_MEASURE( 1.000000000000000082E-05 ), #3026, 'distance_accuracy_value', 'NONE');
#3231 = UNCERTAINTY_MEASURE_WITH_UNIT (LENGTH_MEASURE( 1.000000000000000082E-05 ), #4538, 'distance_accuracy_value', 'NONE');
#3232 =( GEOMETRIC_REPRESENTATION_CONTEXT ( 3 ) GLOBAL_UNCERTAINTY_ASSIGNED_CONTEXT ( ( #6090 ) ) GLOBAL_UNIT_ASSIGNED_CONTEXT ( ( #736, #2141, #208 ) ) REPRESENTATION_CONTEXT ( 'NONE', 'WORKASPACE' ) );
#3233 = CARTESIAN_POINT ( 'NONE',  ( 1.250000000000000000, -0.05000000000000000278, 0.6250000000000000000 ) ) ;
#3234 = DIRECTION ( 'NONE',  ( 0.000000000000000000, 0.000000000000000000, 1.000000000000000000 ) ) ;
#3235 = DIRECTION ( 'NONE',  ( -0.000000000000000000, 1.000000000000000000, -0.000000000000000000 ) ) ;
#3236 = VECTOR ( 'NONE', #2766, 1000.000000000000000 ) ;
#3237 = DIRECTION ( 'NONE',  ( 1.000000000000000000, 0.000000000000000000, 0.000000000000000000 ) ) ;
#3238 =( LENGTH_UNIT ( ) NAMED_UNIT ( * ) SI_UNIT ( .MILLI., .METRE. ) );
#3239 = PLANE ( 'NONE',  #2283 ) ;
#3240 = MECHANICAL_DESIGN_GEOMETRIC_PRESENTATION_REPRESENTATION (  '', ( #6528 ), #1200 ) ;
#3241 = CARTESIAN_POINT ( 'NONE',  ( 0.2250000000000000056, 0.1499999999999999944, 0.5000000000000000000 ) ) ;
#3242 = DIRECTION ( 'NONE',  ( 0.000000000000000000, -1.000000000000000000, 0.000000000000000000 ) ) ;
#3243 =( NAMED_UNIT ( * ) SI_UNIT ( $, .STERADIAN. ) SOLID_ANGLE_UNIT ( ) );
#3244 = SURFACE_STYLE_FILL_AREA ( #3665 ) ;
#3245 = CARTESIAN_POINT ( 'NONE',  ( 0.000000000000000000, 0.000000000000000000, 0.000000000000000000 ) ) ;
#3246 = ORIENTED_EDGE ( 'NONE', *, *, #291, .F. ) ;
#3247 = LINE ( 'NONE', #3878, #401 ) ;
#3248 = PRODUCT_DEFINITION_FORMATION_WITH_SPECIFIED_SOURCE ( 'ANY', '', #1541, .NOT_KNOWN. ) ;
#3249 = CARTESIAN_POINT ( 'NONE',  ( 1.250000000000000000, -0.05000000000000000278, -0.1250000000000000000 ) ) ;
#3250 = CARTESIAN_POINT ( 'NONE',  ( 1.250000000000000000, 0.1499999999999999944, 0.1250000000000000000 ) ) ;
#3251 = LINE ( 'NONE', #1411, #5066 ) ;
#3252 = STYLED_ITEM ( 'NONE', ( #3265 ), #129 ) ;
#3253 = ORIENTED_EDGE ( 'NONE', *, *, #1865, .F. ) ;
#3254 = CARTESIAN_POINT ( 'NONE',  ( -0.1000000000000000056, -0.05000000000000000278, -1.224999999999999867 ) ) ;
#3255 = AXIS2_PLACEMENT_3D ( 'NONE', #439, #4991, #984 ) ;
#3256 = ORIENTED_EDGE ( 'NONE', *, *, #6060, .F. ) ;
#3257 = LINE ( 'NONE', #2217, #4051 ) ;
#3258 = PRESENTATION_STYLE_ASSIGNMENT (( #95 ) ) ;
#3259 = ORIENTED_EDGE ( 'NONE', *, *, #784, .T. ) ;
#3260 = SURFACE_SIDE_STYLE ('',( #2561 ) ) ;
#3261 = FILL_AREA_STYLE_COLOUR ( '', #3072 ) ;
#3262 = CARTESIAN_POINT ( 'NONE',  ( 0.2750000000000000222, -0.05000000000000000278, 1.099999999999999867 ) ) ;
#3263 = DIRECTION ( 'NONE',  ( 0.000000000000000000, 0.000000000000000000, -1.000000000000000000 ) ) ;
#3264 = CARTESIAN_POINT ( 'NONE',  ( -0.3499999999999999778, -0.05000000000000000278, -1.500000000000000000 ) ) ;
#3265 = PRESENTATION_STYLE_ASSIGNMENT (( #5126 ) ) ;
#3266 = LINE ( 'NONE', #5510, #5239 ) ;
#3267 =( LENGTH_UNIT ( ) NAMED_UNIT ( * ) SI_UNIT ( .MILLI., .METRE. ) );
#3268 = VERTEX_POINT ( 'NONE', #240 ) ;
#3269 = VERTEX_POINT ( 'NONE', #4292 ) ;
#3270 = CARTESIAN_POINT ( 'NONE',  ( -0.9749999999999999778, 0.1499999999999999944, -0.2500000000000000000 ) ) ;
#3271 = ADVANCED_FACE ( 'NONE', ( #6390 ), #2735, .F. ) ;
#3272 = DIRECTION ( 'NONE',  ( -0.000000000000000000, 1.000000000000000000, -0.000000000000000000 ) ) ;
#3273 = CARTESIAN_POINT ( 'NONE',  ( 0.7750000000000000222, -0.05000000000000000278, 1.224999999999999867 ) ) ;
#3274 = DIRECTION ( 'NONE',  ( -1.000000000000000000, 0.000000000000000000, -3.942553354492743901E-17 ) ) ;
#3275 = ORIENTED_EDGE ( 'NONE', *, *, #4857, .F. ) ;
#3276 = AXIS2_PLACEMENT_3D ( 'NONE', #2767, #5207, #6247 ) ;
#3277 = FILL_AREA_STYLE_COLOUR ( '', #4488 ) ;
#3279 = LINE ( 'NONE', #532, #4323 ) ;
#3278 = CARTESIAN_POINT ( 'NONE',  ( 0.4000000000000000222, 0.1499999999999999944, -1.500000000000000000 ) ) ;
#3280 = PRESENTATION_LAYER_ASSIGNMENT (  '', '', ( #1113 ) ) ;
#3281 = EDGE_LOOP ( 'NONE', ( #1222, #3651, #4653, #6151 ) ) ;
#3282 = UNCERTAINTY_MEASURE_WITH_UNIT (LENGTH_MEASURE( 1.000000000000000082E-05 ), #450, 'distance_accuracy_value', 'NONE');
#3283 = FILL_AREA_STYLE_COLOUR ( '', #3882 ) ;
#3284 = AXIS2_PLACEMENT_3D ( 'NONE', #1095, #1645, #2643 ) ;
#3285 = EDGE_CURVE ( 'NONE', #2802, #5659, #927, .T. ) ;
#3286 = DIRECTION ( 'NONE',  ( 0.000000000000000000, -0.000000000000000000, -1.000000000000000000 ) ) ;
#3287 = VERTEX_POINT ( 'NONE', #5246 ) ;
#3288 = CARTESIAN_POINT ( 'NONE',  ( 0.7750000000000000222, -0.05000000000000000278, 1.099999999999999867 ) ) ;
#3289 = DIRECTION ( 'NONE',  ( 0.000000000000000000, 0.000000000000000000, -1.000000000000000000 ) ) ;
#3290 = FILL_AREA_STYLE ('',( #6310 ) ) ;
#3291 = AXIS2_PLACEMENT_3D ( 'NONE', #1061, #3488, #3542 ) ;
#3292 = VECTOR ( 'NONE', #2717, 1000.000000000000000 ) ;
#3293 = ORIENTED_EDGE ( 'NONE', *, *, #4532, .T. ) ;
#3294 = VERTEX_POINT ( 'NONE', #671 ) ;
#3295 = MECHANICAL_DESIGN_GEOMETRIC_PRESENTATION_REPRESENTATION (  '', ( #2605 ), #6338 ) ;
#3296 =( LENGTH_UNIT ( ) NAMED_UNIT ( * ) SI_UNIT ( .MILLI., .METRE. ) );
#3297 = LINE ( 'NONE', #2182, #4493 ) ;
#3298 = EDGE_LOOP ( 'NONE', ( #1848, #4599, #3088, #2240 ) ) ;
#3299 = ORIENTED_EDGE ( 'NONE', *, *, #994, .T. ) ;
#3300 = LINE ( 'NONE', #3076, #2428 ) ;
#3301 = ADVANCED_FACE ( 'NONE', ( #5928 ), #5760, .F. ) ;
#3302 = LINE ( 'NONE', #34, #4018 ) ;
#3303 = ADVANCED_FACE ( 'NONE', ( #1399 ), #2169, .F. ) ;
#3304 =( GEOMETRIC_REPRESENTATION_CONTEXT ( 3 ) GLOBAL_UNCERTAINTY_ASSIGNED_CONTEXT ( ( #2199 ) ) GLOBAL_UNIT_ASSIGNED_CONTEXT ( ( #2646, #4224, #6188 ) ) REPRESENTATION_CONTEXT ( 'NONE', 'WORKASPACE' ) );
#3305 = ORIENTED_EDGE ( 'NONE', *, *, #4005, .T. ) ;
#3306 = PLANE ( 'NONE',  #2573 ) ;
#3307 = CARTESIAN_POINT ( 'NONE',  ( 0.1499999999999999667, 0.1499999999999999944, -1.500000000000000000 ) ) ;
#3308 = DIRECTION ( 'NONE',  ( 0.000000000000000000, -1.000000000000000000, 0.000000000000000000 ) ) ;
#3309 = SURFACE_STYLE_FILL_AREA ( #3466 ) ;
#3310 = DIRECTION ( 'NONE',  ( -0.000000000000000000, -1.000000000000000000, -0.000000000000000000 ) ) ;
#3311 = LINE ( 'NONE', #5314, #5930 ) ;
#3312 = CARTESIAN_POINT ( 'NONE',  ( -1.250000000000000000, -0.000000000000000000, -1.500000000000000000 ) ) ;
#3313 = SURFACE_STYLE_USAGE ( .BOTH. , #6332 ) ;
#3314 = CARTESIAN_POINT ( 'NONE',  ( -0.9749999999999999778, 0.1499999999999999944, -0.3750000000000000000 ) ) ;
#3315 = MECHANICAL_DESIGN_GEOMETRIC_PRESENTATION_REPRESENTATION (  '', ( #2985 ), #4346 ) ;
#3316 = DIRECTION ( 'NONE',  ( 0.000000000000000000, -1.000000000000000000, 0.000000000000000000 ) ) ;
#3317 = DIRECTION ( 'NONE',  ( 0.000000000000000000, 0.000000000000000000, -1.000000000000000000 ) ) ;
#3318 = AXIS2_PLACEMENT_3D ( 'NONE', #6515, #6459, #4474 ) ;
#3319 = LINE ( 'NONE', #1868, #2765 ) ;
#3320 = DIRECTION ( 'NONE',  ( -0.000000000000000000, 1.000000000000000000, -0.000000000000000000 ) ) ;
#3321 = EDGE_CURVE ( 'NONE', #1644, #6451, #4969, .T. ) ;
#3322 = CIRCLE ( 'NONE', #3255, 0.1250000000000001110 ) ;
#3323 = PLANE ( 'NONE',  #332 ) ;
#3324 = DIRECTION ( 'NONE',  ( 0.000000000000000000, -0.000000000000000000, -1.000000000000000000 ) ) ;
#3325 = SURFACE_STYLE_USAGE ( .BOTH. , #6306 ) ;
#3326 = PRESENTATION_STYLE_ASSIGNMENT (( #2863 ) ) ;
#3327 = ORIENTED_EDGE ( 'NONE', *, *, #5095, .F. ) ;
#3328 = CARTESIAN_POINT ( 'NONE',  ( -1.250000000000000000, -0.05000000000000000278, -0.8750000000000000000 ) ) ;
#3329 = PLANE ( 'NONE',  #2477 ) ;
#3330 = ADVANCED_FACE ( 'NONE', ( #2014 ), #2341, .F. ) ;
#3331 = ORIENTED_EDGE ( 'NONE', *, *, #5329, .F. ) ;
#3332 = CARTESIAN_POINT ( 'NONE',  ( -1.250000000000000000, 0.1499999999999999944, 0.6250000000000000000 ) ) ;
#3333 = ORIENTED_EDGE ( 'NONE', *, *, #2879, .F. ) ;
#3334 = ORIENTED_EDGE ( 'NONE', *, *, #1994, .T. ) ;
#3335 = PRESENTATION_LAYER_ASSIGNMENT (  '', '', ( #5413 ) ) ;
#3336 = COLOUR_RGB ( '',0.7921568627450980005, 0.8196078431372548767, 0.9333333333333333481 ) ;
#3337 =( LENGTH_UNIT ( ) NAMED_UNIT ( * ) SI_UNIT ( .MILLI., .METRE. ) );
#3338 = VERTEX_POINT ( 'NONE', #5178 ) ;
#3339 = VERTEX_POINT ( 'NONE', #5780 ) ;
#3340 =( LENGTH_UNIT ( ) NAMED_UNIT ( * ) SI_UNIT ( .MILLI., .METRE. ) );
#3341 = VECTOR ( 'NONE', #55, 1000.000000000000000 ) ;
#3342 = FACE_OUTER_BOUND ( 'NONE', #5004, .T. ) ;
#3343 = DIRECTION ( 'NONE',  ( -1.000000000000000000, 0.000000000000000000, 0.000000000000000000 ) ) ;
#3344 =( NAMED_UNIT ( * ) PLANE_ANGLE_UNIT ( ) SI_UNIT ( $, .RADIAN. ) );
#3345 = ORIENTED_EDGE ( 'NONE', *, *, #287, .T. ) ;
#3346 = DIRECTION ( 'NONE',  ( 0.000000000000000000, -1.000000000000000000, 0.000000000000000000 ) ) ;
#3347 = AXIS2_PLACEMENT_3D ( 'NONE', #1974, #6172, #6158 ) ;
#3348 = FACE_OUTER_BOUND ( 'NONE', #2382, .T. ) ;
#3349 = CARTESIAN_POINT ( 'NONE',  ( -0.09999999999999999167, 0.1499999999999999944, 1.224999999999999867 ) ) ;
#3350 = ORIENTED_EDGE ( 'NONE', *, *, #4496, .T. ) ;
#3351 = CARTESIAN_POINT ( 'NONE',  ( 0.9000000000000000222, 0.1499999999999999944, 1.224999999999999867 ) ) ;
#3352 = SURFACE_STYLE_FILL_AREA ( #3684 ) ;
#3353 = PRESENTATION_LAYER_ASSIGNMENT (  '', '', ( #3027 ) ) ;
#3354 = PLANE ( 'NONE',  #2244 ) ;
#3355 = ORIENTED_EDGE ( 'NONE', *, *, #4746, .F. ) ;
#3356 = DIRECTION ( 'NONE',  ( 0.000000000000000000, -0.000000000000000000, -1.000000000000000000 ) ) ;
#3357 = SURFACE_STYLE_FILL_AREA ( #45 ) ;
#3358 = ADVANCED_FACE ( 'NONE', ( #5045 ), #5222, .T. ) ;
#3359 = ORIENTED_EDGE ( 'NONE', *, *, #3885, .F. ) ;
#3360 = ORIENTED_EDGE ( 'NONE', *, *, #20, .T. ) ;
#3361 = CARTESIAN_POINT ( 'NONE',  ( -0.5999999999999999778, -0.05000000000000000278, 1.500000000000000000 ) ) ;
#3362 = STYLED_ITEM ( 'NONE', ( #2882 ), #1604 ) ;
#3363 = CARTESIAN_POINT ( 'NONE',  ( 0.6500000000000000222, -0.05000000000000000278, 1.350000000000000089 ) ) ;
#3364 = COLOUR_RGB ( '',0.1019607843137254888, 0.1019607843137254888, 0.1019607843137254888 ) ;
#3365 = EDGE_CURVE ( 'NONE', #674, #673, #5589, .T. ) ;
#3366 = CARTESIAN_POINT ( 'NONE',  ( -1.250000000000000000, -0.05000000000000000278, 0.3750000000000000000 ) ) ;
#3367 = ORIENTED_EDGE ( 'NONE', *, *, #4429, .F. ) ;
#3368 = PLANE ( 'NONE',  #1278 ) ;
#3369 = VECTOR ( 'NONE', #4254, 1000.000000000000000 ) ;
#3370 =( NAMED_UNIT ( * ) PLANE_ANGLE_UNIT ( ) SI_UNIT ( $, .RADIAN. ) );
#3371 = DIRECTION ( 'NONE',  ( 0.000000000000000000, 0.000000000000000000, 1.000000000000000000 ) ) ;
#3372 = DIRECTION ( 'NONE',  ( 0.000000000000000000, 0.000000000000000000, -1.000000000000000000 ) ) ;
#3373 = ORIENTED_EDGE ( 'NONE', *, *, #229, .T. ) ;
#3374 = PRESENTATION_LAYER_ASSIGNMENT (  '', '', ( #1004 ) ) ;
#3375 = VECTOR ( 'NONE', #3928, 1000.000000000000000 ) ;
#3376 = SURFACE_SIDE_STYLE ('',( #519 ) ) ;
#3377 = PRESENTATION_STYLE_ASSIGNMENT (( #5902 ) ) ;
#3378 = DIRECTION ( 'NONE',  ( 0.000000000000000000, 0.000000000000000000, 1.000000000000000000 ) ) ;
#3379 =( NAMED_UNIT ( * ) SI_UNIT ( $, .STERADIAN. ) SOLID_ANGLE_UNIT ( ) );
#3380 = CARTESIAN_POINT ( 'NONE',  ( 0.2250000000000000056, -0.05000000000000000278, 0.3750000000000000000 ) ) ;
#3381 = FILL_AREA_STYLE_COLOUR ( '', #3512 ) ;
#3382 = SURFACE_STYLE_FILL_AREA ( #353 ) ;
#3383 = ADVANCED_FACE ( 'NONE', ( #221 ), #5067, .F. ) ;
#3384 = PRESENTATION_STYLE_ASSIGNMENT (( #5147 ) ) ;
#3385 = CARTESIAN_POINT ( 'NONE',  ( 0.2250000000000000056, 0.1499999999999999944, 0.5000000000000000000 ) ) ;
#3386 = PRESENTATION_LAYER_ASSIGNMENT (  '', '', ( #898 ) ) ;
#3387 = FACE_OUTER_BOUND ( 'NONE', #2958, .T. ) ;
#3388 = EDGE_CURVE ( 'NONE', #2572, #2211, #3220, .T. ) ;
#3389 = VECTOR ( 'NONE', #3052, 1000.000000000000000 ) ;
#3390 = STYLED_ITEM ( 'NONE', ( #2552 ), #6095 ) ;
#3391 = MANIFOLD_SOLID_BREP ( 'Cut-Extrude15', #6423 ) ;
#3392 = ORIENTED_EDGE ( 'NONE', *, *, #4676, .T. ) ;
#3393 = DIRECTION ( 'NONE',  ( -1.000000000000000000, 0.000000000000000000, 0.000000000000000000 ) ) ;
#3394 = PRESENTATION_LAYER_ASSIGNMENT (  '', '', ( #6047 ) ) ;
#3395 = EDGE_CURVE ( 'NONE', #5219, #5192, #690, .T. ) ;
#3396 = SURFACE_SIDE_STYLE ('',( #2577 ) ) ;
#3397 = FACE_OUTER_BOUND ( 'NONE', #4, .T. ) ;
#3398 = CIRCLE ( 'NONE', #499, 0.1250000000000001110 ) ;
#3399 = ORIENTED_EDGE ( 'NONE', *, *, #1110, .F. ) ;
#3400 = CARTESIAN_POINT ( 'NONE',  ( 1.250000000000000000, 0.000000000000000000, -0.6250000000000000000 ) ) ;
#3401 = DIRECTION ( 'NONE',  ( 0.000000000000000000, 0.000000000000000000, -1.000000000000000000 ) ) ;
#3402 = SURFACE_STYLE_USAGE ( .BOTH. , #1796 ) ;
#3403 = VERTEX_POINT ( 'NONE', #348 ) ;
#3404 = STYLED_ITEM ( 'NONE', ( #3598 ), #5320 ) ;
#3405 = CARTESIAN_POINT ( 'NONE',  ( 0.1499999999999999667, 0.1499999999999999944, 1.500000000000000000 ) ) ;
#3406 = MECHANICAL_DESIGN_GEOMETRIC_PRESENTATION_REPRESENTATION (  '', ( #5191 ), #1571 ) ;
#3407 =( NAMED_UNIT ( * ) SI_UNIT ( $, .STERADIAN. ) SOLID_ANGLE_UNIT ( ) );
#3408 = ORIENTED_EDGE ( 'NONE', *, *, #5624, .F. ) ;
#3409 = SURFACE_STYLE_FILL_AREA ( #2726 ) ;
#3410 = DIRECTION ( 'NONE',  ( 1.000000000000000000, 0.000000000000000000, 0.000000000000000000 ) ) ;
#3411 = VECTOR ( 'NONE', #1945, 1000.000000000000000 ) ;
#3412 = EDGE_CURVE ( 'NONE', #347, #5228, #1857, .T. ) ;
#3413 = LINE ( 'NONE', #334, #2209 ) ;
#3414 = ORIENTED_EDGE ( 'NONE', *, *, #2343, .T. ) ;
#3415 = CARTESIAN_POINT ( 'NONE',  ( -0.9749999999999999778, 0.000000000000000000, -0.1250000000000000000 ) ) ;
#3416 = EDGE_CURVE ( 'NONE', #6067, #1064, #2098, .T. ) ;
#3417 = PLANE ( 'NONE',  #5443 ) ;
#3418 = STYLED_ITEM ( 'NONE', ( #3622 ), #4576 ) ;
#3419 = LINE ( 'NONE', #37, #2062 ) ;
#3420 = VERTEX_POINT ( 'NONE', #2910 ) ;
#3422 = LINE ( 'NONE', #4818, #1585 ) ;
#3421 =( NAMED_UNIT ( * ) SI_UNIT ( $, .STERADIAN. ) SOLID_ANGLE_UNIT ( ) );
#3423 = DIRECTION ( 'NONE',  ( 0.000000000000000000, 0.000000000000000000, -1.000000000000000000 ) ) ;
#3424 = ORIENTED_EDGE ( 'NONE', *, *, #235, .F. ) ;
#3425 = VECTOR ( 'NONE', #243, 1000.000000000000000 ) ;
#3426 = DIRECTION ( 'NONE',  ( 0.000000000000000000, -0.000000000000000000, -1.000000000000000000 ) ) ;
#3427 = CARTESIAN_POINT ( 'NONE',  ( 1.250000000000000000, 0.000000000000000000, 0.6250000000000001110 ) ) ;
#3428 = LINE ( 'NONE', #1029, #3669 ) ;
#3429 = CARTESIAN_POINT ( 'NONE',  ( 0.9000000000000000222, 0.1499999999999999944, 1.224999999999999867 ) ) ;
#3430 = ORIENTED_EDGE ( 'NONE', *, *, #3194, .F. ) ;
#3431 = STYLED_ITEM ( 'NONE', ( #3077 ), #3172 ) ;
#3432 =( NAMED_UNIT ( * ) PLANE_ANGLE_UNIT ( ) SI_UNIT ( $, .RADIAN. ) );
#3433 = UNCERTAINTY_MEASURE_WITH_UNIT (LENGTH_MEASURE( 1.000000000000000082E-05 ), #168, 'distance_accuracy_value', 'NONE');
#3434 = LINE ( 'NONE', #2453, #6367 ) ;
#3435 = CIRCLE ( 'NONE', #573, 0.1250000000000001110 ) ;
#3436 = STYLED_ITEM ( 'NONE', ( #2890 ), #5633 ) ;
#3437 = EDGE_LOOP ( 'NONE', ( #5022, #4675, #647, #341 ) ) ;
#3438 = DIRECTION ( 'NONE',  ( 0.000000000000000000, 0.000000000000000000, -1.000000000000000000 ) ) ;
#3439 = SURFACE_SIDE_STYLE ('',( #3569 ) ) ;
#3440 = ORIENTED_EDGE ( 'NONE', *, *, #5992, .F. ) ;
#3441 = DIRECTION ( 'NONE',  ( 0.000000000000000000, -1.000000000000000000, 0.000000000000000000 ) ) ;
#3442 = CARTESIAN_POINT ( 'NONE',  ( 0.7750000000000000222, -0.05000000000000000278, -1.100000000000000089 ) ) ;
#3443 = AXIS2_PLACEMENT_3D ( 'NONE', #3782, #826, #3356 ) ;
#3444 = ORIENTED_EDGE ( 'NONE', *, *, #6063, .F. ) ;
#3445 = ORIENTED_EDGE ( 'NONE', *, *, #1465, .T. ) ;
#3446 = DIRECTION ( 'NONE',  ( 0.000000000000000000, 0.000000000000000000, -1.000000000000000000 ) ) ;
#3447 =( GEOMETRIC_REPRESENTATION_CONTEXT ( 3 ) GLOBAL_UNCERTAINTY_ASSIGNED_CONTEXT ( ( #444 ) ) GLOBAL_UNIT_ASSIGNED_CONTEXT ( ( #4600, #24, #2540 ) ) REPRESENTATION_CONTEXT ( 'NONE', 'WORKASPACE' ) );
#3448 = LINE ( 'NONE', #247, #1680 ) ;
#3449 = DIRECTION ( 'NONE',  ( 0.000000000000000000, -1.000000000000000000, 0.000000000000000000 ) ) ;
#3450 = EDGE_CURVE ( 'NONE', #547, #1730, #5847, .T. ) ;
#3451 = FILL_AREA_STYLE_COLOUR ( '', #4188 ) ;
#3452 =( LENGTH_UNIT ( ) NAMED_UNIT ( * ) SI_UNIT ( .MILLI., .METRE. ) );
#3453 = VERTEX_POINT ( 'NONE', #6427 ) ;
#3454 = VECTOR ( 'NONE', #2928, 1000.000000000000000 ) ;
#3455 = CARTESIAN_POINT ( 'NONE',  ( -0.9749999999999999778, -0.05000000000000000278, 0.7500000000000000000 ) ) ;
#3456 = SURFACE_STYLE_FILL_AREA ( #1867 ) ;
#3457 = MECHANICAL_DESIGN_GEOMETRIC_PRESENTATION_REPRESENTATION (  '', ( #3252 ), #2658 ) ;
#3458 = ADVANCED_FACE ( 'NONE', ( #2165 ), #889, .F. ) ;
#3459 = FILL_AREA_STYLE ('',( #4048 ) ) ;
#3460 = DIRECTION ( 'NONE',  ( 1.000000000000000000, 0.000000000000000000, 0.000000000000000000 ) ) ;
#3461 = PLANE ( 'NONE',  #4056 ) ;
#3462 = LINE ( 'NONE', #1670, #549 ) ;
#3463 = SURFACE_STYLE_USAGE ( .BOTH. , #3439 ) ;
#3464 = SURFACE_STYLE_FILL_AREA ( #6117 ) ;
#3465 =( NAMED_UNIT ( * ) SI_UNIT ( $, .STERADIAN. ) SOLID_ANGLE_UNIT ( ) );
#3466 = FILL_AREA_STYLE ('',( #2977 ) ) ;
#3467 = AXIS2_PLACEMENT_3D ( 'NONE', #1409, #4907, #3426 ) ;
#3468 = DIRECTION ( 'NONE',  ( 0.000000000000000000, 0.000000000000000000, -1.000000000000000000 ) ) ;
#3469 = DIRECTION ( 'NONE',  ( -0.000000000000000000, 1.000000000000000000, -0.000000000000000000 ) ) ;
#3470 = CARTESIAN_POINT ( 'NONE',  ( 0.9000000000000000222, 0.1499999999999999944, 1.500000000000000000 ) ) ;
#3471 = FILL_AREA_STYLE ('',( #434 ) ) ;
#3472 = LINE ( 'NONE', #5749, #1633 ) ;
#3473 = ORIENTED_EDGE ( 'NONE', *, *, #4520, .F. ) ;
#3474 = LINE ( 'NONE', #5049, #2109 ) ;
#3475 = SURFACE_STYLE_USAGE ( .BOTH. , #1917 ) ;
#3476 = UNCERTAINTY_MEASURE_WITH_UNIT (LENGTH_MEASURE( 1.000000000000000082E-05 ), #5485, 'distance_accuracy_value', 'NONE');
#3477 = CARTESIAN_POINT ( 'NONE',  ( -0.8499999999999999778, -0.05000000000000000278, 1.224999999999999867 ) ) ;
#3478 = MECHANICAL_DESIGN_GEOMETRIC_PRESENTATION_REPRESENTATION (  '', ( #5686 ), #4854 ) ;
#3479 = UNCERTAINTY_MEASURE_WITH_UNIT (LENGTH_MEASURE( 1.000000000000000082E-05 ), #5841, 'distance_accuracy_value', 'NONE');
#3480 = EDGE_CURVE ( 'NONE', #1080, #3287, #3860, .T. ) ;
#3481 = LINE ( 'NONE', #5356, #2609 ) ;
#3482 = EDGE_LOOP ( 'NONE', ( #4792, #5307, #605, #4083 ) ) ;
#3483 = VERTEX_POINT ( 'NONE', #6529 ) ;
#3484 = ORIENTED_EDGE ( 'NONE', *, *, #2747, .F. ) ;
#3485 = CARTESIAN_POINT ( 'NONE',  ( 0.1499999999999999667, 0.1499999999999999944, 1.500000000000000000 ) ) ;
#3486 = FACE_OUTER_BOUND ( 'NONE', #2412, .T. ) ;
#3487 = VERTEX_POINT ( 'NONE', #25 ) ;
#3488 = DIRECTION ( 'NONE',  ( 1.000000000000000000, 0.000000000000000000, 0.000000000000000000 ) ) ;
#3489 = ORIENTED_EDGE ( 'NONE', *, *, #3608, .F. ) ;
#3490 = FILL_AREA_STYLE_COLOUR ( '', #6328 ) ;
#3491 = AXIS2_PLACEMENT_3D ( 'NONE', #3697, #6215, #5737 ) ;
#3492 = EDGE_CURVE ( 'NONE', #2783, #1458, #780, .T. ) ;
#3493 = VECTOR ( 'NONE', #5575, 1000.000000000000000 ) ;
#3494 =( LENGTH_UNIT ( ) NAMED_UNIT ( * ) SI_UNIT ( .MILLI., .METRE. ) );
#3495 = VERTEX_POINT ( 'NONE', #5084 ) ;
#3496 = ORIENTED_EDGE ( 'NONE', *, *, #6256, .F. ) ;
#3497 = DIRECTION ( 'NONE',  ( -0.000000000000000000, 1.000000000000000000, -0.000000000000000000 ) ) ;
#3498 = APPLICATION_CONTEXT ( 'automotive_design' ) ;
#3499 = CARTESIAN_POINT ( 'NONE',  ( -0.1000000000000000056, -0.05000000000000000278, -1.224999999999999867 ) ) ;
#3500 =( GEOMETRIC_REPRESENTATION_CONTEXT ( 3 ) GLOBAL_UNCERTAINTY_ASSIGNED_CONTEXT ( ( #5846 ) ) GLOBAL_UNIT_ASSIGNED_CONTEXT ( ( #174, #4725, #5636 ) ) REPRESENTATION_CONTEXT ( 'NONE', 'WORKASPACE' ) );
#3501 = EDGE_CURVE ( 'NONE', #6073, #4131, #4504, .T. ) ;
#3502 = ORIENTED_EDGE ( 'NONE', *, *, #4496, .F. ) ;
#3503 = CARTESIAN_POINT ( 'NONE',  ( -0.8499999999999999778, -0.05000000000000000278, -0.8750000000000000000 ) ) ;
#3504 = LINE ( 'NONE', #2330, #4229 ) ;
#3505 =( NAMED_UNIT ( * ) SI_UNIT ( $, .STERADIAN. ) SOLID_ANGLE_UNIT ( ) );
#3506 = VERTEX_POINT ( 'NONE', #4542 ) ;
#3507 = STYLED_ITEM ( 'NONE', ( #5627 ), #386 ) ;
#3508 = FILL_AREA_STYLE ('',( #6462 ) ) ;
#3509 = AXIS2_PLACEMENT_3D ( 'NONE', #702, #5250, #932 ) ;
#3510 = VECTOR ( 'NONE', #1969, 1000.000000000000000 ) ;
#3511 = DIRECTION ( 'NONE',  ( 0.000000000000000000, 0.000000000000000000, -1.000000000000000000 ) ) ;
#3512 = COLOUR_RGB ( '',1.000000000000000000, 1.000000000000000000, 1.000000000000000000 ) ;
#3513 = EDGE_LOOP ( 'NONE', ( #995, #2127, #6219, #5905 ) ) ;
#3514 = DIRECTION ( 'NONE',  ( 0.000000000000000000, -0.000000000000000000, -1.000000000000000000 ) ) ;
#3515 = COLOUR_RGB ( '',0.7921568627450980005, 0.8196078431372548767, 0.9333333333333333481 ) ;
#3516 =( LENGTH_UNIT ( ) NAMED_UNIT ( * ) SI_UNIT ( .MILLI., .METRE. ) );
#3517 = DIRECTION ( 'NONE',  ( 0.000000000000000000, 0.000000000000000000, 1.000000000000000000 ) ) ;
#3518 = ORIENTED_EDGE ( 'NONE', *, *, #942, .F. ) ;
#3519 = LINE ( 'NONE', #5754, #3679 ) ;
#3520 = SURFACE_STYLE_USAGE ( .BOTH. , #1072 ) ;
#3521 = ORIENTED_EDGE ( 'NONE', *, *, #3832, .F. ) ;
#3522 =( NAMED_UNIT ( * ) SI_UNIT ( $, .STERADIAN. ) SOLID_ANGLE_UNIT ( ) );
#3523 = FACE_OUTER_BOUND ( 'NONE', #5484, .T. ) ;
#3524 = SURFACE_SIDE_STYLE ('',( #1347 ) ) ;
#3525 = COLOUR_RGB ( '',1.000000000000000000, 1.000000000000000000, 1.000000000000000000 ) ;
#3526 = EDGE_CURVE ( 'NONE', #4418, #5748, #380, .T. ) ;
#3527 = SURFACE_SIDE_STYLE ('',( #181 ) ) ;
#3528 = CARTESIAN_POINT ( 'NONE',  ( -1.250000000000000000, -0.05000000000000000278, -0.1250000000000000000 ) ) ;
#3529 = VERTEX_POINT ( 'NONE', #5571 ) ;
#3530 = PRESENTATION_STYLE_ASSIGNMENT (( #4465 ) ) ;
#3531 = ADVANCED_FACE ( 'NONE', ( #2508 ), #1391, .T. ) ;
#3532 = CARTESIAN_POINT ( 'NONE',  ( -0.9749999999999999778, -0.05000000000000000278, 0.1250000000000000000 ) ) ;
#3533 = MECHANICAL_DESIGN_GEOMETRIC_PRESENTATION_REPRESENTATION (  '', ( #5148 ), #2521 ) ;
#3534 = EDGE_CURVE ( 'NONE', #314, #3186, #1083, .T. ) ;
#3535 =( LENGTH_UNIT ( ) NAMED_UNIT ( * ) SI_UNIT ( .MILLI., .METRE. ) );
#3536 = CARTESIAN_POINT ( 'NONE',  ( -0.09999999999999999167, -0.05000000000000000278, 1.224999999999999867 ) ) ;
#3537 = CARTESIAN_POINT ( 'NONE',  ( 0.6500000000000000222, 0.000000000000000000, 1.500000000000000000 ) ) ;
#3538 = VECTOR ( 'NONE', #521, 1000.000000000000000 ) ;
#3539 = FILL_AREA_STYLE_COLOUR ( '', #722 ) ;
#3540 = LINE ( 'NONE', #1249, #2178 ) ;
#3541 =( NAMED_UNIT ( * ) PLANE_ANGLE_UNIT ( ) SI_UNIT ( $, .RADIAN. ) );
#3542 = DIRECTION ( 'NONE',  ( 0.000000000000000000, 0.000000000000000000, -1.000000000000000000 ) ) ;
#3543 = DIRECTION ( 'NONE',  ( -1.000000000000000000, 0.000000000000000000, 0.000000000000000000 ) ) ;
#3544 = VECTOR ( 'NONE', #46, 1000.000000000000000 ) ;
#3545 =( GEOMETRIC_REPRESENTATION_CONTEXT ( 3 ) GLOBAL_UNCERTAINTY_ASSIGNED_CONTEXT ( ( #3282 ) ) GLOBAL_UNIT_ASSIGNED_CONTEXT ( ( #450, #6074, #3046 ) ) REPRESENTATION_CONTEXT ( 'NONE', 'WORKASPACE' ) );
#3546 = VERTEX_POINT ( 'NONE', #2137 ) ;
#3547 = ORIENTED_EDGE ( 'NONE', *, *, #3885, .T. ) ;
#3548 = DIRECTION ( 'NONE',  ( 0.000000000000000000, -1.000000000000000000, 0.000000000000000000 ) ) ;
#3549 = PRESENTATION_STYLE_ASSIGNMENT (( #4000 ) ) ;
#3550 = DIRECTION ( 'NONE',  ( 0.000000000000000000, -0.000000000000000000, 1.000000000000000000 ) ) ;
#3551 = CARTESIAN_POINT ( 'NONE',  ( -1.250000000000000000, 0.1499999999999999944, -0.8750000000000000000 ) ) ;
#3552 = LINE ( 'NONE', #5718, #1032 ) ;
#3553 = ADVANCED_FACE ( 'NONE', ( #1780 ), #1036, .F. ) ;
#3554 = ORIENTED_EDGE ( 'NONE', *, *, #5714, .F. ) ;
#3555 = VECTOR ( 'NONE', #4406, 1000.000000000000000 ) ;
#3556 = FILL_AREA_STYLE_COLOUR ( '', #97 ) ;
#3557 = EDGE_CURVE ( 'NONE', #428, #3529, #2662, .T. ) ;
#3558 = ORIENTED_EDGE ( 'NONE', *, *, #4777, .T. ) ;
#3559 = VECTOR ( 'NONE', #2134, 1000.000000000000000 ) ;
#3560 = CARTESIAN_POINT ( 'NONE',  ( -0.9749999999999999778, 0.1499999999999999944, 0.2500000000000000000 ) ) ;
#3561 = ORIENTED_EDGE ( 'NONE', *, *, #842, .T. ) ;
#3562 = EDGE_LOOP ( 'NONE', ( #748, #5342, #3852, #1119 ) ) ;
#3563 = EDGE_LOOP ( 'NONE', ( #3745, #5572, #4604, #2964 ) ) ;
#3564 = PRESENTATION_LAYER_ASSIGNMENT (  '', '', ( #2960 ) ) ;
#3565 = CARTESIAN_POINT ( 'NONE',  ( 0.2250000000000000056, 0.1499999999999999944, 0.3750000000000000000 ) ) ;
#3566 = PLANE ( 'NONE',  #3284 ) ;
#3567 = PLANE ( 'NONE',  #5851 ) ;
#3568 = PRESENTATION_STYLE_ASSIGNMENT (( #3520 ) ) ;
#3569 = SURFACE_STYLE_FILL_AREA ( #4956 ) ;
#3570 = CARTESIAN_POINT ( 'NONE',  ( -1.250000000000000000, 0.000000000000000000, 1.500000000000000000 ) ) ;
#3571 = STYLED_ITEM ( 'NONE', ( #5960 ), #1603 ) ;
#3572 = ORIENTED_EDGE ( 'NONE', *, *, #4695, .T. ) ;
#3573 = EDGE_CURVE ( 'NONE', #1915, #1458, #3300, .T. ) ;
#3574 = MECHANICAL_DESIGN_GEOMETRIC_PRESENTATION_REPRESENTATION (  '', ( #2442 ), #2203 ) ;
#3575 = PRESENTATION_STYLE_ASSIGNMENT (( #1332 ) ) ;
#3576 = ORIENTED_EDGE ( 'NONE', *, *, #1743, .F. ) ;
#3577 = CARTESIAN_POINT ( 'NONE',  ( -0.8499999999999999778, 0.1499999999999999944, -0.6250000000000000000 ) ) ;
#3578 = PLANE ( 'NONE',  #2130 ) ;
#3579 = VERTEX_POINT ( 'NONE', #4147 ) ;
#3580 = ADVANCED_FACE ( 'NONE', ( #137 ), #2627, .F. ) ;
#3581 = FACE_OUTER_BOUND ( 'NONE', #2539, .T. ) ;
#3582 = EDGE_CURVE ( 'NONE', #4715, #4543, #5038, .T. ) ;
#3583 =( GEOMETRIC_REPRESENTATION_CONTEXT ( 3 ) GLOBAL_UNCERTAINTY_ASSIGNED_CONTEXT ( ( #3980 ) ) GLOBAL_UNIT_ASSIGNED_CONTEXT ( ( #1026, #4654, #5602 ) ) REPRESENTATION_CONTEXT ( 'NONE', 'WORKASPACE' ) );
#3584 = VECTOR ( 'NONE', #1376, 1000.000000000000000 ) ;
#3585 = CARTESIAN_POINT ( 'NONE',  ( -0.1250000000000000000, 0.1499999999999999944, -0.1250000000000000833 ) ) ;
#3586 = ORIENTED_EDGE ( 'NONE', *, *, #5104, .T. ) ;
#3587 = ADVANCED_FACE ( 'NONE', ( #1937 ), #1592, .F. ) ;
#3588 = EDGE_LOOP ( 'NONE', ( #5452, #140, #4756, #1267 ) ) ;
#3589 =( NAMED_UNIT ( * ) PLANE_ANGLE_UNIT ( ) SI_UNIT ( $, .RADIAN. ) );
#3590 = DIRECTION ( 'NONE',  ( -1.000000000000000000, 0.000000000000000000, 0.000000000000000000 ) ) ;
#3591 = ORIENTED_EDGE ( 'NONE', *, *, #4330, .T. ) ;
#3592 = ADVANCED_FACE ( 'NONE', ( #3523 ), #1153, .T. ) ;
#3593 = DIRECTION ( 'NONE',  ( 0.000000000000000000, 0.000000000000000000, -1.000000000000000000 ) ) ;
#3594 = MECHANICAL_DESIGN_GEOMETRIC_PRESENTATION_REPRESENTATION (  '', ( #2585 ), #1343 ) ;
#3595 = UNCERTAINTY_MEASURE_WITH_UNIT (LENGTH_MEASURE( 1.000000000000000082E-05 ), #5980, 'distance_accuracy_value', 'NONE');
#3596 = DIRECTION ( 'NONE',  ( -0.000000000000000000, 1.000000000000000000, -0.000000000000000000 ) ) ;
#3597 = UNCERTAINTY_MEASURE_WITH_UNIT (LENGTH_MEASURE( 1.000000000000000082E-05 ), #1732, 'distance_accuracy_value', 'NONE');
#3598 = PRESENTATION_STYLE_ASSIGNMENT (( #1298 ) ) ;
#3599 = ORIENTED_EDGE ( 'NONE', *, *, #1412, .F. ) ;
#3600 = FILL_AREA_STYLE_COLOUR ( '', #1169 ) ;
#3601 = DIRECTION ( 'NONE',  ( -1.000000000000000000, 0.000000000000000000, 0.000000000000000000 ) ) ;
#3602 = DIRECTION ( 'NONE',  ( 1.000000000000000000, 0.000000000000000000, 0.000000000000000000 ) ) ;
#3603 = FACE_OUTER_BOUND ( 'NONE', #5892, .T. ) ;
#3604 = AXIS2_PLACEMENT_3D ( 'NONE', #797, #340, #1806 ) ;
#3605 = ORIENTED_EDGE ( 'NONE', *, *, #249, .F. ) ;
#3606 = EDGE_CURVE ( 'NONE', #2874, #1566, #6075, .T. ) ;
#3607 = SURFACE_SIDE_STYLE ('',( #5891 ) ) ;
#3608 = EDGE_CURVE ( 'NONE', #1915, #2562, #3448, .T. ) ;
#3609 = ORIENTED_EDGE ( 'NONE', *, *, #3573, .T. ) ;
#3610 = PLANE ( 'NONE',  #3740 ) ;
#3611 = PRESENTATION_STYLE_ASSIGNMENT (( #5489 ) ) ;
#3612 = FILL_AREA_STYLE_COLOUR ( '', #3054 ) ;
#3613 = PRESENTATION_LAYER_ASSIGNMENT (  '', '', ( #3571 ) ) ;
#3614 = CARTESIAN_POINT ( 'NONE',  ( 1.250000000000000000, 0.1499999999999999944, 0.6250000000000000000 ) ) ;
#3615 = VECTOR ( 'NONE', #3743, 1000.000000000000000 ) ;
#3616 = EDGE_CURVE ( 'NONE', #536, #6015, #1849, .T. ) ;
#3617 = CARTESIAN_POINT ( 'NONE',  ( 0.9000000000000000222, 0.1499999999999999944, -1.500000000000000000 ) ) ;
#3618 = LINE ( 'NONE', #1221, #4183 ) ;
#3619 = CARTESIAN_POINT ( 'NONE',  ( 1.250000000000000000, 0.1499999999999999944, 0.6250000000000000000 ) ) ;
#3620 =( NAMED_UNIT ( * ) SI_UNIT ( $, .STERADIAN. ) SOLID_ANGLE_UNIT ( ) );
#3621 = VECTOR ( 'NONE', #6165, 1000.000000000000000 ) ;
#3622 = PRESENTATION_STYLE_ASSIGNMENT (( #3862 ) ) ;
#3623 = DIRECTION ( 'NONE',  ( 0.000000000000000000, -1.000000000000000000, 0.000000000000000000 ) ) ;
#3624 = DIRECTION ( 'NONE',  ( -0.000000000000000000, 0.000000000000000000, -1.000000000000000000 ) ) ;
#3625 = COLOUR_RGB ( '',1.000000000000000000, 1.000000000000000000, 1.000000000000000000 ) ;
#3626 = LINE ( 'NONE', #2581, #158 ) ;
#3627 = DIRECTION ( 'NONE',  ( 0.000000000000000000, 0.000000000000000000, -1.000000000000000000 ) ) ;
#3628 = FACE_OUTER_BOUND ( 'NONE', #5029, .T. ) ;
#3629 = ORIENTED_EDGE ( 'NONE', *, *, #465, .T. ) ;
#3630 = LINE ( 'NONE', #1493, #2524 ) ;
#3631 = EDGE_CURVE ( 'NONE', #214, #673, #683, .T. ) ;
#3632 =( NAMED_UNIT ( * ) PLANE_ANGLE_UNIT ( ) SI_UNIT ( $, .RADIAN. ) );
#3633 = PRESENTATION_LAYER_ASSIGNMENT (  '', '', ( #2410 ) ) ;
#3634 = DIRECTION ( 'NONE',  ( 0.000000000000000000, 0.000000000000000000, -1.000000000000000000 ) ) ;
#3635 = CARTESIAN_POINT ( 'NONE',  ( 0.1499999999999999667, 0.1499999999999999944, -1.224999999999999867 ) ) ;
#3636 = DIRECTION ( 'NONE',  ( -1.000000000000000000, 0.000000000000000000, 0.000000000000000000 ) ) ;
#3637 = FACE_OUTER_BOUND ( 'NONE', #1415, .T. ) ;
#3638 = CARTESIAN_POINT ( 'NONE',  ( 0.4000000000000000222, 0.1499999999999999944, 1.350000000000000089 ) ) ;
#3639 = ORIENTED_EDGE ( 'NONE', *, *, #4904, .F. ) ;
#3640 = CARTESIAN_POINT ( 'NONE',  ( -0.7249999999999999778, -0.05000000000000000278, -1.224999999999999867 ) ) ;
#3641 = ORIENTED_EDGE ( 'NONE', *, *, #2161, .F. ) ;
#3642 = UNCERTAINTY_MEASURE_WITH_UNIT (LENGTH_MEASURE( 1.000000000000000082E-05 ), #1660, 'distance_accuracy_value', 'NONE');
#3643 = ORIENTED_EDGE ( 'NONE', *, *, #4645, .T. ) ;
#3644 = COLOUR_RGB ( '',1.000000000000000000, 1.000000000000000000, 1.000000000000000000 ) ;
#3645 = ORIENTED_EDGE ( 'NONE', *, *, #907, .F. ) ;
#3646 = DIRECTION ( 'NONE',  ( -0.000000000000000000, 0.000000000000000000, -1.000000000000000000 ) ) ;
#3647 = VECTOR ( 'NONE', #3372, 1000.000000000000000 ) ;
#3648 =( GEOMETRIC_REPRESENTATION_CONTEXT ( 3 ) GLOBAL_UNCERTAINTY_ASSIGNED_CONTEXT ( ( #4423 ) ) GLOBAL_UNIT_ASSIGNED_CONTEXT ( ( #4552, #2045, #4533 ) ) REPRESENTATION_CONTEXT ( 'NONE', 'WORKASPACE' ) );
#3649 = COLOUR_RGB ( '',1.000000000000000000, 1.000000000000000000, 1.000000000000000000 ) ;
#3650 = ORIENTED_EDGE ( 'NONE', *, *, #645, .T. ) ;
#3651 = ORIENTED_EDGE ( 'NONE', *, *, #5053, .T. ) ;
#3652 = DIRECTION ( 'NONE',  ( 0.000000000000000000, 0.000000000000000000, -1.000000000000000000 ) ) ;
#3653 = PRESENTATION_LAYER_ASSIGNMENT (  '', '', ( #612 ) ) ;
#3654 = PRESENTATION_LAYER_ASSIGNMENT (  '', '', ( #1907 ) ) ;
#3655 = EDGE_CURVE ( 'NONE', #572, #6451, #5750, .T. ) ;
#3656 = LINE ( 'NONE', #3918, #2962 ) ;
#3657 = DIRECTION ( 'NONE',  ( 0.000000000000000000, 0.000000000000000000, 1.000000000000000000 ) ) ;
#3658 = VECTOR ( 'NONE', #190, 1000.000000000000000 ) ;
#3659 = FACE_OUTER_BOUND ( 'NONE', #1742, .T. ) ;
#3660 = CARTESIAN_POINT ( 'NONE',  ( -0.8499999999999999778, 0.1499999999999999944, 1.224999999999999867 ) ) ;
#3661 = EDGE_CURVE ( 'NONE', #590, #5964, #5583, .T. ) ;
#3662 = ORIENTED_EDGE ( 'NONE', *, *, #2262, .T. ) ;
#3663 = CARTESIAN_POINT ( 'NONE',  ( -0.1250000000000000000, 0.000000000000000000, 0.1250000000000000000 ) ) ;
#3664 = PRESENTATION_STYLE_ASSIGNMENT (( #5725 ) ) ;
#3665 = FILL_AREA_STYLE ('',( #3161 ) ) ;
#3666 = AXIS2_PLACEMENT_3D ( 'NONE', #1320, #280, #3324 ) ;
#3667 =( LENGTH_UNIT ( ) NAMED_UNIT ( * ) SI_UNIT ( .MILLI., .METRE. ) );
#3668 = AXIS2_PLACEMENT_3D ( 'NONE', #5520, #989, #2518 ) ;
#3669 = VECTOR ( 'NONE', #2051, 1000.000000000000000 ) ;
#3670 = ORIENTED_EDGE ( 'NONE', *, *, #575, .T. ) ;
#3671 =( NAMED_UNIT ( * ) PLANE_ANGLE_UNIT ( ) SI_UNIT ( $, .RADIAN. ) );
#3672 = ORIENTED_EDGE ( 'NONE', *, *, #798, .F. ) ;
#3673 = ORIENTED_EDGE ( 'NONE', *, *, #4046, .F. ) ;
#3674 = DIRECTION ( 'NONE',  ( 0.000000000000000000, -1.000000000000000000, 0.000000000000000000 ) ) ;
#3675 = LINE ( 'NONE', #5259, #5827 ) ;
#3676 = EDGE_LOOP ( 'NONE', ( #4625, #6417, #133, #6032 ) ) ;
#3677 = ORIENTED_EDGE ( 'NONE', *, *, #2879, .T. ) ;
#3678 = UNCERTAINTY_MEASURE_WITH_UNIT (LENGTH_MEASURE( 1.000000000000000082E-05 ), #1619, 'distance_accuracy_value', 'NONE');
#3679 = VECTOR ( 'NONE', #2720, 1000.000000000000000 ) ;
#3680 = ORIENTED_EDGE ( 'NONE', *, *, #4876, .T. ) ;
#3681 =( NAMED_UNIT ( * ) SI_UNIT ( $, .STERADIAN. ) SOLID_ANGLE_UNIT ( ) );
#3682 =( GEOMETRIC_REPRESENTATION_CONTEXT ( 3 ) GLOBAL_UNCERTAINTY_ASSIGNED_CONTEXT ( ( #6053 ) ) GLOBAL_UNIT_ASSIGNED_CONTEXT ( ( #3340, #4807, #319 ) ) REPRESENTATION_CONTEXT ( 'NONE', 'WORKASPACE' ) );
#3683 = UNCERTAINTY_MEASURE_WITH_UNIT (LENGTH_MEASURE( 1.000000000000000082E-05 ), #283, 'distance_accuracy_value', 'NONE');
#3684 = FILL_AREA_STYLE ('',( #1563 ) ) ;
#3685 = MECHANICAL_DESIGN_GEOMETRIC_PRESENTATION_REPRESENTATION (  '', ( #2630 ), #4033 ) ;
#3686 = ORIENTED_EDGE ( 'NONE', *, *, #6449, .F. ) ;
#3687 = PLANE ( 'NONE',  #475 ) ;
#3688 = SURFACE_SIDE_STYLE ('',( #2081 ) ) ;
#3689 = FACE_OUTER_BOUND ( 'NONE', #4616, .T. ) ;
#3690 = AXIS2_PLACEMENT_3D ( 'NONE', #3222, #1268, #3205 ) ;
#3691 = ADVANCED_FACE ( 'NONE', ( #4416 ), #3687, .T. ) ;
#3692 = VERTEX_POINT ( 'NONE', #1207 ) ;
#3693 = PLANE ( 'NONE',  #6133 ) ;
#3694 = SURFACE_STYLE_FILL_AREA ( #1496 ) ;
#3695 = EDGE_CURVE ( 'NONE', #2234, #4208, #4727, .T. ) ;
#3696 = ADVANCED_FACE ( 'NONE', ( #5864 ), #5281, .T. ) ;
#3697 = CARTESIAN_POINT ( 'NONE',  ( 0.9000000000000000222, -0.05000000000000000278, 1.224999999999999867 ) ) ;
#3698 =( NAMED_UNIT ( * ) SI_UNIT ( $, .STERADIAN. ) SOLID_ANGLE_UNIT ( ) );
#3699 = VECTOR ( 'NONE', #2700, 1000.000000000000000 ) ;
#3700 = FILL_AREA_STYLE ('',( #5273 ) ) ;
#3701 = ORIENTED_EDGE ( 'NONE', *, *, #1994, .F. ) ;
#3702 = STYLED_ITEM ( 'NONE', ( #2392 ), #1714 ) ;
#3703 = EDGE_CURVE ( 'NONE', #3287, #177, #6084, .T. ) ;
#3704 =( NAMED_UNIT ( * ) PLANE_ANGLE_UNIT ( ) SI_UNIT ( $, .RADIAN. ) );
#3705 = ADVANCED_FACE ( 'NONE', ( #4820 ), #5229, .T. ) ;
#3706 = SURFACE_SIDE_STYLE ('',( #4060 ) ) ;
#3707 = CARTESIAN_POINT ( 'NONE',  ( -1.250000000000000000, 0.000000000000000000, 0.1250000000000000000 ) ) ;
#3708 = SURFACE_SIDE_STYLE ('',( #5189 ) ) ;
#3709 =( LENGTH_UNIT ( ) NAMED_UNIT ( * ) SI_UNIT ( .MILLI., .METRE. ) );
#3710 = VECTOR ( 'NONE', #1107, 1000.000000000000000 ) ;
#3711 = CARTESIAN_POINT ( 'NONE',  ( -0.9749999999999999778, 0.1499999999999999944, -0.1250000000000000000 ) ) ;
#3712 = VECTOR ( 'NONE', #2031, 1000.000000000000000 ) ;
#3713 = ORIENTED_EDGE ( 'NONE', *, *, #4191, .F. ) ;
#3714 = CYLINDRICAL_SURFACE ( 'NONE', #5290, 0.1249999999999998890 ) ;
#3715 =( NAMED_UNIT ( * ) PLANE_ANGLE_UNIT ( ) SI_UNIT ( $, .RADIAN. ) );
#3716 = SURFACE_STYLE_USAGE ( .BOTH. , #2681 ) ;
#3717 = FILL_AREA_STYLE ('',( #1157 ) ) ;
#3718 = VECTOR ( 'NONE', #953, 1000.000000000000000 ) ;
#3719 = FACE_OUTER_BOUND ( 'NONE', #1504, .T. ) ;
#3720 = CARTESIAN_POINT ( 'NONE',  ( -0.8499999999999999778, 0.1499999999999999944, -0.6250000000000000000 ) ) ;
#3721 = AXIS2_PLACEMENT_3D ( 'NONE', #1864, #365, #5919 ) ;
#3722 = ORIENTED_EDGE ( 'NONE', *, *, #112, .T. ) ;
#3723 = PRESENTATION_STYLE_ASSIGNMENT (( #986 ) ) ;
#3724 = DIRECTION ( 'NONE',  ( 0.000000000000000000, 0.000000000000000000, 1.000000000000000000 ) ) ;
#3725 = PLANE ( 'NONE',  #4787 ) ;
#3726 = CARTESIAN_POINT ( 'NONE',  ( -0.09999999999999999167, 0.1499999999999999944, 1.224999999999999867 ) ) ;
#3727 = CIRCLE ( 'NONE', #4914, 0.1250000000000000000 ) ;
#3728 = CARTESIAN_POINT ( 'NONE',  ( 1.250000000000000000, -0.05000000000000000278, 0.6250000000000000000 ) ) ;
#3729 = SURFACE_STYLE_USAGE ( .BOTH. , #2160 ) ;
#3730 = EDGE_LOOP ( 'NONE', ( #4989, #1130, #1679, #1426 ) ) ;
#3731 = ORIENTED_EDGE ( 'NONE', *, *, #3151, .F. ) ;
#3732 = VECTOR ( 'NONE', #5363, 1000.000000000000000 ) ;
#3733 = MECHANICAL_DESIGN_GEOMETRIC_PRESENTATION_REPRESENTATION (  '', ( #2015 ), #2719 ) ;
#3734 = SURFACE_STYLE_FILL_AREA ( #1006 ) ;
#3735 = EDGE_CURVE ( 'NONE', #6073, #128, #4924, .T. ) ;
#3736 = SURFACE_STYLE_FILL_AREA ( #821 ) ;
#3737 = DIRECTION ( 'NONE',  ( 0.000000000000000000, 0.000000000000000000, 1.000000000000000000 ) ) ;
#3738 = VERTEX_POINT ( 'NONE', #4348 ) ;
#3739 = DIRECTION ( 'NONE',  ( 0.000000000000000000, 0.000000000000000000, 1.000000000000000000 ) ) ;
#3740 = AXIS2_PLACEMENT_3D ( 'NONE', #2510, #1049, #548 ) ;
#3741 = PRESENTATION_STYLE_ASSIGNMENT (( #3190 ) ) ;
#3742 = DIRECTION ( 'NONE',  ( 0.000000000000000000, -0.000000000000000000, -1.000000000000000000 ) ) ;
#3743 = DIRECTION ( 'NONE',  ( -0.000000000000000000, -1.000000000000000000, -0.000000000000000000 ) ) ;
#3744 = DIRECTION ( 'NONE',  ( -1.000000000000000000, 0.000000000000000000, 0.000000000000000000 ) ) ;
#3745 = ORIENTED_EDGE ( 'NONE', *, *, #863, .T. ) ;
#3746 = EDGE_CURVE ( 'NONE', #1616, #6339, #5546, .T. ) ;
#3747 = PLANE ( 'NONE',  #5243 ) ;
#3748 =( NAMED_UNIT ( * ) SI_UNIT ( $, .STERADIAN. ) SOLID_ANGLE_UNIT ( ) );
#3749 = LINE ( 'NONE', #750, #2571 ) ;
#3750 = DIRECTION ( 'NONE',  ( 0.000000000000000000, 0.000000000000000000, 1.000000000000000000 ) ) ;
#3751 = STYLED_ITEM ( 'NONE', ( #5116 ), #5218 ) ;
#3752 = ORIENTED_EDGE ( 'NONE', *, *, #4090, .T. ) ;
#3753 = PLANE ( 'NONE',  #582 ) ;
#3754 = FACE_OUTER_BOUND ( 'NONE', #6402, .T. ) ;
#3755 = EDGE_CURVE ( 'NONE', #2922, #674, #1037, .T. ) ;
#3756 = CARTESIAN_POINT ( 'NONE',  ( 0.2750000000000000777, 0.1499999999999999944, 1.099999999999999867 ) ) ;
#3757 = VECTOR ( 'NONE', #4001, 1000.000000000000000 ) ;
#3758 = ORIENTED_EDGE ( 'NONE', *, *, #1202, .F. ) ;
#3759 = EDGE_CURVE ( 'NONE', #5030, #4893, #1500, .T. ) ;
#3760 = DIRECTION ( 'NONE',  ( -0.000000000000000000, 1.000000000000000000, -0.000000000000000000 ) ) ;
#3761 = VECTOR ( 'NONE', #230, 1000.000000000000000 ) ;
#3762 = ORIENTED_EDGE ( 'NONE', *, *, #5566, .T. ) ;
#3763 = STYLED_ITEM ( 'NONE', ( #5687 ), #4611 ) ;
#3764 =( NAMED_UNIT ( * ) SI_UNIT ( $, .STERADIAN. ) SOLID_ANGLE_UNIT ( ) );
#3765 = DIRECTION ( 'NONE',  ( 0.000000000000000000, 0.000000000000000000, -1.000000000000000000 ) ) ;
#3766 = CARTESIAN_POINT ( 'NONE',  ( 0.6500000000000000222, 0.000000000000000000, 1.500000000000000000 ) ) ;
#3767 = VERTEX_POINT ( 'NONE', #5910 ) ;
#3768 =( NAMED_UNIT ( * ) PLANE_ANGLE_UNIT ( ) SI_UNIT ( $, .RADIAN. ) );
#3769 = SURFACE_SIDE_STYLE ('',( #4082 ) ) ;
#3770 = VERTEX_POINT ( 'NONE', #2881 ) ;
#3771 = FILL_AREA_STYLE_COLOUR ( '', #1209 ) ;
#3772 = CARTESIAN_POINT ( 'NONE',  ( 0.9000000000000000222, 0.1499999999999999944, -1.500000000000000000 ) ) ;
#3773 = CARTESIAN_POINT ( 'NONE',  ( 0.6500000000000000222, 0.1499999999999999944, 1.350000000000000089 ) ) ;
#3774 = VECTOR ( 'NONE', #2460, 1000.000000000000000 ) ;
#3775 = DIRECTION ( 'NONE',  ( 0.000000000000000000, -1.000000000000000000, 0.000000000000000000 ) ) ;
#3776 = AXIS2_PLACEMENT_3D ( 'NONE', #3635, #5279, #3750 ) ;
#3777 =( LENGTH_UNIT ( ) NAMED_UNIT ( * ) SI_UNIT ( .MILLI., .METRE. ) );
#3778 = DIRECTION ( 'NONE',  ( 0.000000000000000000, -0.000000000000000000, -1.000000000000000000 ) ) ;
#3779 = SURFACE_STYLE_FILL_AREA ( #755 ) ;
#3780 = CYLINDRICAL_SURFACE ( 'NONE', #5455, 0.1250000000000001110 ) ;
#3781 = ORIENTED_EDGE ( 'NONE', *, *, #2037, .F. ) ;
#3782 = CARTESIAN_POINT ( 'NONE',  ( -0.9749999999999999778, 0.1499999999999999944, 0.2500000000000000000 ) ) ;
#3783 = EDGE_LOOP ( 'NONE', ( #1129, #5654, #1908, #2104 ) ) ;
#3784 = VECTOR ( 'NONE', #2395, 1000.000000000000000 ) ;
#3785 = AXIS2_PLACEMENT_3D ( 'NONE', #141, #4691, #3737 ) ;
#3786 = ORIENTED_EDGE ( 'NONE', *, *, #6411, .T. ) ;
#3787 = CARTESIAN_POINT ( 'NONE',  ( -0.9749999999999999778, 0.1499999999999999944, -0.1250000000000000000 ) ) ;
#3788 = CARTESIAN_POINT ( 'NONE',  ( -0.9749999999999999778, 0.1499999999999999944, 0.2500000000000000000 ) ) ;
#3789 = DIRECTION ( 'NONE',  ( 0.000000000000000000, 0.000000000000000000, -1.000000000000000000 ) ) ;
#3790 = SURFACE_STYLE_USAGE ( .BOTH. , #1637 ) ;
#3791 = PRESENTATION_STYLE_ASSIGNMENT (( #1587 ) ) ;
#3792 = FACE_OUTER_BOUND ( 'NONE', #1578, .T. ) ;
#3793 = MECHANICAL_DESIGN_GEOMETRIC_PRESENTATION_REPRESENTATION (  '', ( #30 ), #3122 ) ;
#3794 = CARTESIAN_POINT ( 'NONE',  ( 0.1499999999999999667, 0.000000000000000000, -1.500000000000000000 ) ) ;
#3795 = EDGE_CURVE ( 'NONE', #3901, #508, #5391, .T. ) ;
#3796 = ADVANCED_FACE ( 'NONE', ( #495 ), #5348, .T. ) ;
#3797 = DIRECTION ( 'NONE',  ( -1.000000000000000000, 0.000000000000000000, 0.000000000000000000 ) ) ;
#3798 =( LENGTH_UNIT ( ) NAMED_UNIT ( * ) SI_UNIT ( .MILLI., .METRE. ) );
#3799 = VERTEX_POINT ( 'NONE', #4411 ) ;
#3800 = COLOUR_RGB ( '',1.000000000000000000, 1.000000000000000000, 1.000000000000000000 ) ;
#3801 = CARTESIAN_POINT ( 'NONE',  ( -0.2250000000000000056, -0.05000000000000000278, -1.224999999999999867 ) ) ;
#3802 = LINE ( 'NONE', #1446, #1559 ) ;
#3803 = FACE_OUTER_BOUND ( 'NONE', #3281, .T. ) ;
#3804 = UNCERTAINTY_MEASURE_WITH_UNIT (LENGTH_MEASURE( 1.000000000000000082E-05 ), #1589, 'distance_accuracy_value', 'NONE');
#3805 = MECHANICAL_DESIGN_GEOMETRIC_PRESENTATION_REPRESENTATION (  '', ( #1748 ), #4157 ) ;
#3806 = EDGE_LOOP ( 'NONE', ( #336, #295, #4282, #5691 ) ) ;
#3807 =( LENGTH_UNIT ( ) NAMED_UNIT ( * ) SI_UNIT ( .MILLI., .METRE. ) );
#3808 = STYLED_ITEM ( 'NONE', ( #1104 ), #4182 ) ;
#3809 = ORIENTED_EDGE ( 'NONE', *, *, #1053, .F. ) ;
#3810 = FACE_OUTER_BOUND ( 'NONE', #5855, .T. ) ;
#3811 =( NAMED_UNIT ( * ) SI_UNIT ( $, .STERADIAN. ) SOLID_ANGLE_UNIT ( ) );
#3812 = ADVANCED_FACE ( 'NONE', ( #2044 ), #4076, .F. ) ;
#3813 = VERTEX_POINT ( 'NONE', #3565 ) ;
#3814 = ORIENTED_EDGE ( 'NONE', *, *, #870, .F. ) ;
#3815 = ORIENTED_EDGE ( 'NONE', *, *, #4532, .F. ) ;
#3816 = CARTESIAN_POINT ( 'NONE',  ( -0.8499999999999999778, 0.000000000000000000, -1.224999999999999867 ) ) ;
#3817 = DIRECTION ( 'NONE',  ( 0.000000000000000000, 0.000000000000000000, -1.000000000000000000 ) ) ;
#3818 = UNCERTAINTY_MEASURE_WITH_UNIT (LENGTH_MEASURE( 1.000000000000000082E-05 ), #284, 'distance_accuracy_value', 'NONE');
#3819 =( NAMED_UNIT ( * ) SI_UNIT ( $, .STERADIAN. ) SOLID_ANGLE_UNIT ( ) );
#3820 = PLANE ( 'NONE',  #4557 ) ;
#3821 = CIRCLE ( 'NONE', #5024, 0.1250000000000001110 ) ;
#3822 =( NAMED_UNIT ( * ) SI_UNIT ( $, .STERADIAN. ) SOLID_ANGLE_UNIT ( ) );
#3823 = ORIENTED_EDGE ( 'NONE', *, *, #2729, .T. ) ;
#3824 = ORIENTED_EDGE ( 'NONE', *, *, #4016, .T. ) ;
#3825 = STYLED_ITEM ( 'NONE', ( #2140 ), #5615 ) ;
#3826 = DIRECTION ( 'NONE',  ( -1.000000000000000000, 0.000000000000000000, 0.000000000000000000 ) ) ;
#3827 = FACE_OUTER_BOUND ( 'NONE', #6296, .T. ) ;
#3828 = DIRECTION ( 'NONE',  ( 0.000000000000000000, 0.000000000000000000, -1.000000000000000000 ) ) ;
#3829 = VECTOR ( 'NONE', #4651, 1000.000000000000000 ) ;
#3830 = ORIENTED_EDGE ( 'NONE', *, *, #1674, .T. ) ;
#3831 = DIRECTION ( 'NONE',  ( 0.000000000000000000, -0.000000000000000000, 1.000000000000000000 ) ) ;
#3832 = EDGE_CURVE ( 'NONE', #2988, #4640, #6186, .T. ) ;
#3833 = SURFACE_SIDE_STYLE ('',( #5662 ) ) ;
#3834 = DIRECTION ( 'NONE',  ( -1.000000000000000000, 0.000000000000000000, 0.000000000000000000 ) ) ;
#3835 = ADVANCED_FACE ( 'NONE', ( #4853 ), #3239, .T. ) ;
#3836 = ORIENTED_EDGE ( 'NONE', *, *, #5394, .T. ) ;
#3837 = VECTOR ( 'NONE', #85, 1000.000000000000000 ) ;
#3838 =( NAMED_UNIT ( * ) SI_UNIT ( $, .STERADIAN. ) SOLID_ANGLE_UNIT ( ) );
#3839 = CARTESIAN_POINT ( 'NONE',  ( -0.1000000000000000056, -0.05000000000000000278, -1.500000000000000000 ) ) ;
#3840 = MECHANICAL_DESIGN_GEOMETRIC_PRESENTATION_REPRESENTATION (  '', ( #1907 ), #1528 ) ;
#3841 = EDGE_CURVE ( 'NONE', #5989, #4480, #4057, .T. ) ;
#3842 = PRESENTATION_STYLE_ASSIGNMENT (( #5859 ) ) ;
#3843 =( NAMED_UNIT ( * ) SI_UNIT ( $, .STERADIAN. ) SOLID_ANGLE_UNIT ( ) );
#3844 = DIRECTION ( 'NONE',  ( 1.000000000000000000, 0.000000000000000000, 0.000000000000000000 ) ) ;
#3845 = ORIENTED_EDGE ( 'NONE', *, *, #4910, .T. ) ;
#3846 = SURFACE_SIDE_STYLE ('',( #4236 ) ) ;
#3847 = LINE ( 'NONE', #4372, #1761 ) ;
#3848 = PLANE ( 'NONE',  #2551 ) ;
#3849 = VERTEX_POINT ( 'NONE', #1377 ) ;
#3850 = EDGE_CURVE ( 'NONE', #5117, #801, #3101, .T. ) ;
#3851 = EDGE_LOOP ( 'NONE', ( #5313, #1043, #3701, #3099 ) ) ;
#3852 = ORIENTED_EDGE ( 'NONE', *, *, #6002, .F. ) ;
#3853 = DIRECTION ( 'NONE',  ( 1.000000000000000000, 0.000000000000000000, 0.000000000000000000 ) ) ;
#3854 = EDGE_LOOP ( 'NONE', ( #1361, #2461, #1384, #2331 ) ) ;
#3855 = PLANE ( 'NONE',  #242 ) ;
#3856 = DIRECTION ( 'NONE',  ( 0.000000000000000000, 0.000000000000000000, -1.000000000000000000 ) ) ;
#3857 =( GEOMETRIC_REPRESENTATION_CONTEXT ( 3 ) GLOBAL_UNCERTAINTY_ASSIGNED_CONTEXT ( ( #4107 ) ) GLOBAL_UNIT_ASSIGNED_CONTEXT ( ( #5028, #1497, #5553 ) ) REPRESENTATION_CONTEXT ( 'NONE', 'WORKASPACE' ) );
#3858 = VERTEX_POINT ( 'NONE', #1785 ) ;
#3859 = DIRECTION ( 'NONE',  ( -0.000000000000000000, 1.000000000000000000, -0.000000000000000000 ) ) ;
#3860 = LINE ( 'NONE', #1407, #4108 ) ;
#3861 = DIRECTION ( 'NONE',  ( 0.000000000000000000, 0.000000000000000000, -1.000000000000000000 ) ) ;
#3862 = SURFACE_STYLE_USAGE ( .BOTH. , #2833 ) ;
#3863 = DIRECTION ( 'NONE',  ( 1.000000000000000000, 0.000000000000000000, 0.000000000000000000 ) ) ;
#3864 = DIRECTION ( 'NONE',  ( 0.000000000000000000, 0.000000000000000000, -1.000000000000000000 ) ) ;
#3865 = STYLED_ITEM ( 'NONE', ( #5920 ), #3383 ) ;
#3866 = DIRECTION ( 'NONE',  ( 0.000000000000000000, -1.000000000000000000, 0.000000000000000000 ) ) ;
#3867 = CARTESIAN_POINT ( 'NONE',  ( -0.7249999999999999778, -0.05000000000000000278, 1.224999999999999867 ) ) ;
#3868 =( GEOMETRIC_REPRESENTATION_CONTEXT ( 3 ) GLOBAL_UNCERTAINTY_ASSIGNED_CONTEXT ( ( #4306 ) ) GLOBAL_UNIT_ASSIGNED_CONTEXT ( ( #4821, #5322, #5842 ) ) REPRESENTATION_CONTEXT ( 'NONE', 'WORKASPACE' ) );
#3869 = DIRECTION ( 'NONE',  ( 1.000000000000000000, 0.000000000000000000, 0.000000000000000000 ) ) ;
#3870 = VERTEX_POINT ( 'NONE', #333 ) ;
#3871 =( NAMED_UNIT ( * ) PLANE_ANGLE_UNIT ( ) SI_UNIT ( $, .RADIAN. ) );
#3872 = ORIENTED_EDGE ( 'NONE', *, *, #4971, .F. ) ;
#3873 = MECHANICAL_DESIGN_GEOMETRIC_PRESENTATION_REPRESENTATION (  '', ( #1486 ), #1816 ) ;
#3874 = CARTESIAN_POINT ( 'NONE',  ( -1.250000000000000000, -0.05000000000000000278, 0.6250000000000000000 ) ) ;
#3875 = VECTOR ( 'NONE', #2316, 1000.000000000000000 ) ;
#3876 = LINE ( 'NONE', #6096, #1874 ) ;
#3877 = COLOUR_RGB ( '',1.000000000000000000, 1.000000000000000000, 1.000000000000000000 ) ;
#3878 = CARTESIAN_POINT ( 'NONE',  ( -0.5999999999999999778, 0.1499999999999999944, 1.500000000000000000 ) ) ;
#3879 =( NAMED_UNIT ( * ) PLANE_ANGLE_UNIT ( ) SI_UNIT ( $, .RADIAN. ) );
#3880 = CARTESIAN_POINT ( 'NONE',  ( 1.250000000000000000, 0.1499999999999999944, -0.3750000000000000000 ) ) ;
#3881 = VERTEX_POINT ( 'NONE', #1691 ) ;
#3882 = COLOUR_RGB ( '',0.7921568627450980005, 0.8196078431372548767, 0.9333333333333333481 ) ;
#3883 = CARTESIAN_POINT ( 'NONE',  ( 0.6500000000000000222, 0.1499999999999999944, -1.350000000000000089 ) ) ;
#3884 = AXIS2_PLACEMENT_3D ( 'NONE', #2769, #4784, #3739 ) ;
#3885 = EDGE_CURVE ( 'NONE', #5710, #5552, #567, .T. ) ;
#3886 =( NAMED_UNIT ( * ) SI_UNIT ( $, .STERADIAN. ) SOLID_ANGLE_UNIT ( ) );
#3887 = VECTOR ( 'NONE', #389, 1000.000000000000000 ) ;
#3888 = EDGE_CURVE ( 'NONE', #5964, #4748, #5879, .T. ) ;
#3889 = CIRCLE ( 'NONE', #5610, 0.1250000000000000000 ) ;
#3890 = CARTESIAN_POINT ( 'NONE',  ( -0.9749999999999999778, 0.000000000000000000, 0.3750000000000000000 ) ) ;
#3891 = ORIENTED_EDGE ( 'NONE', *, *, #1234, .F. ) ;
#3892 = UNCERTAINTY_MEASURE_WITH_UNIT (LENGTH_MEASURE( 1.000000000000000082E-05 ), #1431, 'distance_accuracy_value', 'NONE');
#3893 = CARTESIAN_POINT ( 'NONE',  ( 1.250000000000000000, 0.000000000000000000, -0.1250000000000000000 ) ) ;
#3894 = MANIFOLD_SOLID_BREP ( 'Boss-Extrude4[11]', #1420 ) ;
#3895 = EDGE_CURVE ( 'NONE', #6211, #1901, #2862, .T. ) ;
#3896 = COLOUR_RGB ( '',1.000000000000000000, 1.000000000000000000, 1.000000000000000000 ) ;
#3897 = DIRECTION ( 'NONE',  ( -1.000000000000000000, 0.000000000000000000, 0.000000000000000000 ) ) ;
#3898 =( GEOMETRIC_REPRESENTATION_CONTEXT ( 3 ) GLOBAL_UNCERTAINTY_ASSIGNED_CONTEXT ( ( #5793 ) ) GLOBAL_UNIT_ASSIGNED_CONTEXT ( ( #5037, #4047, #919 ) ) REPRESENTATION_CONTEXT ( 'NONE', 'WORKASPACE' ) );
#3899 = ORIENTED_EDGE ( 'NONE', *, *, #2285, .F. ) ;
#3900 = ORIENTED_EDGE ( 'NONE', *, *, #4116, .F. ) ;
#3901 = VERTEX_POINT ( 'NONE', #4529 ) ;
#3902 = ADVANCED_FACE ( 'NONE', ( #3486 ), #3368, .F. ) ;
#3903 = UNCERTAINTY_MEASURE_WITH_UNIT (LENGTH_MEASURE( 1.000000000000000082E-05 ), #5971, 'distance_accuracy_value', 'NONE');
#3904 = DIRECTION ( 'NONE',  ( 1.000000000000000000, 0.000000000000000000, 0.000000000000000000 ) ) ;
#3905 = VECTOR ( 'NONE', #1920, 1000.000000000000000 ) ;
#3906 = COLOUR_RGB ( '',0.1019607843137254888, 0.1019607843137254888, 0.1019607843137254888 ) ;
#3907 = SURFACE_SIDE_STYLE ('',( #1025 ) ) ;
#3908 = DIRECTION ( 'NONE',  ( -0.000000000000000000, 1.000000000000000000, -0.000000000000000000 ) ) ;
#3909 = ORIENTED_EDGE ( 'NONE', *, *, #5843, .F. ) ;
#3910 = DIRECTION ( 'NONE',  ( -0.000000000000000000, 1.000000000000000000, -0.000000000000000000 ) ) ;
#3911 = FILL_AREA_STYLE_COLOUR ( '', #1092 ) ;
#3912 =( GEOMETRIC_REPRESENTATION_CONTEXT ( 3 ) GLOBAL_UNCERTAINTY_ASSIGNED_CONTEXT ( ( #1134 ) ) GLOBAL_UNIT_ASSIGNED_CONTEXT ( ( #150, #4179, #4200 ) ) REPRESENTATION_CONTEXT ( 'NONE', 'WORKASPACE' ) );
#3913 = LINE ( 'NONE', #2350, #3114 ) ;
#3914 = DIRECTION ( 'NONE',  ( 0.000000000000000000, -1.000000000000000000, 0.000000000000000000 ) ) ;
#3915 = ORIENTED_EDGE ( 'NONE', *, *, #156, .F. ) ;
#3916 = CIRCLE ( 'NONE', #5181, 0.1249999999999998890 ) ;
#3917 = ORIENTED_EDGE ( 'NONE', *, *, #1700, .T. ) ;
#3918 = CARTESIAN_POINT ( 'NONE',  ( -1.250000000000000000, 0.1499999999999999944, 0.8750000000000000000 ) ) ;
#3919 = CARTESIAN_POINT ( 'NONE',  ( -0.8499999999999999778, 0.1499999999999999944, -1.500000000000000000 ) ) ;
#3920 = VERTEX_POINT ( 'NONE', #3328 ) ;
#3921 = EDGE_CURVE ( 'NONE', #1690, #1902, #6030, .T. ) ;
#3922 = FILL_AREA_STYLE ('',( #1452 ) ) ;
#3923 = LINE ( 'NONE', #4917, #2574 ) ;
#3924 = ORIENTED_EDGE ( 'NONE', *, *, #4016, .F. ) ;
#3925 = SURFACE_STYLE_USAGE ( .BOTH. , #3907 ) ;
#3926 = PRESENTATION_LAYER_ASSIGNMENT (  '', '', ( #4975 ) ) ;
#3927 = EDGE_CURVE ( 'NONE', #4543, #265, #6405, .T. ) ;
#3928 = DIRECTION ( 'NONE',  ( -0.000000000000000000, -1.000000000000000000, -0.000000000000000000 ) ) ;
#3929 = FACE_OUTER_BOUND ( 'NONE', #5476, .T. ) ;
#3930 =( NAMED_UNIT ( * ) SI_UNIT ( $, .STERADIAN. ) SOLID_ANGLE_UNIT ( ) );
#3931 = UNCERTAINTY_MEASURE_WITH_UNIT (LENGTH_MEASURE( 1.000000000000000082E-05 ), #1229, 'distance_accuracy_value', 'NONE');
#3932 = EDGE_LOOP ( 'NONE', ( #4074, #2894, #3909, #3399 ) ) ;
#3933 = DIRECTION ( 'NONE',  ( 0.000000000000000000, 0.000000000000000000, -1.000000000000000000 ) ) ;
#3934 = ADVANCED_FACE ( 'NONE', ( #3810 ), #2919, .F. ) ;
#3935 = DIRECTION ( 'NONE',  ( -0.000000000000000000, -1.000000000000000000, -0.000000000000000000 ) ) ;
#3936 = CARTESIAN_POINT ( 'NONE',  ( -0.8499999999999999778, 0.1499999999999999944, 1.224999999999999867 ) ) ;
#3937 = ORIENTED_EDGE ( 'NONE', *, *, #510, .T. ) ;
#3938 = EDGE_CURVE ( 'NONE', #5112, #5405, #167, .T. ) ;
#3939 = PRESENTATION_LAYER_ASSIGNMENT (  '', '', ( #3134 ) ) ;
#3940 = VECTOR ( 'NONE', #5638, 1000.000000000000000 ) ;
#3941 = COLOUR_RGB ( '',1.000000000000000000, 1.000000000000000000, 1.000000000000000000 ) ;
#3942 = SURFACE_STYLE_USAGE ( .BOTH. , #3376 ) ;
#3943 = CARTESIAN_POINT ( 'NONE',  ( -0.2250000000000000056, 0.1499999999999999944, -1.224999999999999867 ) ) ;
#3944 = MECHANICAL_DESIGN_GEOMETRIC_PRESENTATION_REPRESENTATION (  '', ( #3507 ), #890 ) ;
#3945 = LINE ( 'NONE', #2219, #5850 ) ;
#3946 = EDGE_LOOP ( 'NONE', ( #4054, #5739, #2797, #1964 ) ) ;
#3947 = SURFACE_SIDE_STYLE ('',( #3070 ) ) ;
#3948 = VECTOR ( 'NONE', #2133, 1000.000000000000000 ) ;
#3949 = LINE ( 'NONE', #1093, #2351 ) ;
#3950 = PLANE ( 'NONE',  #143 ) ;
#3951 = PRESENTATION_LAYER_ASSIGNMENT (  '', '', ( #2985 ) ) ;
#3952 = VECTOR ( 'NONE', #1103, 1000.000000000000000 ) ;
#3953 = EDGE_CURVE ( 'NONE', #1902, #4880, #4050, .T. ) ;
#3954 = VECTOR ( 'NONE', #41, 1000.000000000000000 ) ;
#3955 = CARTESIAN_POINT ( 'NONE',  ( -0.2250000000000000056, -0.05000000000000000278, -1.224999999999999867 ) ) ;
#3956 = STYLED_ITEM ( 'NONE', ( #2499 ), #5167 ) ;
#3957 = VERTEX_POINT ( 'NONE', #1441 ) ;
#3958 =( NAMED_UNIT ( * ) SI_UNIT ( $, .STERADIAN. ) SOLID_ANGLE_UNIT ( ) );
#3959 = FILL_AREA_STYLE ('',( #2409 ) ) ;
#3960 = FILL_AREA_STYLE ('',( #3490 ) ) ;
#3961 =( GEOMETRIC_REPRESENTATION_CONTEXT ( 3 ) GLOBAL_UNCERTAINTY_ASSIGNED_CONTEXT ( ( #1325 ) ) GLOBAL_UNIT_ASSIGNED_CONTEXT ( ( #2535, #3589, #6149 ) ) REPRESENTATION_CONTEXT ( 'NONE', 'WORKASPACE' ) );
#3962 = EDGE_CURVE ( 'NONE', #6203, #2718, #4993, .T. ) ;
#3963 = ORIENTED_EDGE ( 'NONE', *, *, #3953, .F. ) ;
#3964 = EDGE_LOOP ( 'NONE', ( #2121, #6391, #6115, #6127 ) ) ;
#3965 = CARTESIAN_POINT ( 'NONE',  ( 1.250000000000000000, -0.05000000000000000278, -0.3750000000000000000 ) ) ;
#3966 = VERTEX_POINT ( 'NONE', #2464 ) ;
#3967 = EDGE_LOOP ( 'NONE', ( #3845, #2798, #5670, #3367 ) ) ;
#3968 = DIRECTION ( 'NONE',  ( 1.000000000000000000, 0.000000000000000000, 0.000000000000000000 ) ) ;
#3969 = PRESENTATION_STYLE_ASSIGNMENT (( #5216 ) ) ;
#3970 = ORIENTED_EDGE ( 'NONE', *, *, #6199, .F. ) ;
#3971 = VECTOR ( 'NONE', #3343, 1000.000000000000000 ) ;
#3972 = ORIENTED_EDGE ( 'NONE', *, *, #645, .F. ) ;
#3973 = DIRECTION ( 'NONE',  ( -0.000000000000000000, -1.000000000000000000, -0.000000000000000000 ) ) ;
#3974 = UNCERTAINTY_MEASURE_WITH_UNIT (LENGTH_MEASURE( 1.000000000000000082E-05 ), #2420, 'distance_accuracy_value', 'NONE');
#3975 = VECTOR ( 'NONE', #1713, 1000.000000000000000 ) ;
#3976 = VECTOR ( 'NONE', #808, 1000.000000000000000 ) ;
#3977 =( NAMED_UNIT ( * ) SI_UNIT ( $, .STERADIAN. ) SOLID_ANGLE_UNIT ( ) );
#3978 = VERTEX_POINT ( 'NONE', #3499 ) ;
#3979 = VERTEX_POINT ( 'NONE', #1960 ) ;
#3980 = UNCERTAINTY_MEASURE_WITH_UNIT (LENGTH_MEASURE( 1.000000000000000082E-05 ), #1026, 'distance_accuracy_value', 'NONE');
#3981 = CARTESIAN_POINT ( 'NONE',  ( -0.1250000000000000000, -0.05000000000000000278, -0.1250000000000000555 ) ) ;
#3982 = VECTOR ( 'NONE', #4448, 1000.000000000000000 ) ;
#3983 = EDGE_CURVE ( 'NONE', #3870, #738, #954, .T. ) ;
#3984 =( LENGTH_UNIT ( ) NAMED_UNIT ( * ) SI_UNIT ( .MILLI., .METRE. ) );
#3985 = AXIS2_PLACEMENT_3D ( 'NONE', #1307, #1845, #2504 ) ;
#3986 = FACE_OUTER_BOUND ( 'NONE', #1586, .T. ) ;
#3987 = PRESENTATION_STYLE_ASSIGNMENT (( #5925 ) ) ;
#3988 = EDGE_LOOP ( 'NONE', ( #6244, #1423, #3430, #2604 ) ) ;
#3989 = FACE_OUTER_BOUND ( 'NONE', #4536, .T. ) ;
#3990 = CARTESIAN_POINT ( 'NONE',  ( 0.4000000000000000222, 0.000000000000000000, -1.350000000000000089 ) ) ;
#3991 = FACE_OUTER_BOUND ( 'NONE', #5234, .T. ) ;
#3992 = DIRECTION ( 'NONE',  ( -0.000000000000000000, -1.000000000000000000, -0.000000000000000000 ) ) ;
#3993 = EDGE_LOOP ( 'NONE', ( #2192, #4935, #4899, #2144 ) ) ;
#3994 =( NAMED_UNIT ( * ) PLANE_ANGLE_UNIT ( ) SI_UNIT ( $, .RADIAN. ) );
#3995 = LINE ( 'NONE', #5703, #3837 ) ;
#3996 = FACE_OUTER_BOUND ( 'NONE', #3588, .T. ) ;
#3997 = MECHANICAL_DESIGN_GEOMETRIC_PRESENTATION_REPRESENTATION (  '', ( #1400 ), #3868 ) ;
#3998 = CARTESIAN_POINT ( 'NONE',  ( -0.1250000000000000000, -0.05000000000000000278, -0.1250000000000000555 ) ) ;
#3999 = ORIENTED_EDGE ( 'NONE', *, *, #5454, .T. ) ;
#4000 = SURFACE_STYLE_USAGE ( .BOTH. , #2469 ) ;
#4001 = DIRECTION ( 'NONE',  ( 1.000000000000000000, 0.000000000000000000, 0.000000000000000000 ) ) ;
#4002 = SURFACE_STYLE_FILL_AREA ( #6366 ) ;
#4003 = STYLED_ITEM ( 'NONE', ( #363 ), #948 ) ;
#4004 = PLANE ( 'NONE',  #5057 ) ;
#4005 = EDGE_CURVE ( 'NONE', #1753, #5219, #5, .T. ) ;
#4006 = FACE_OUTER_BOUND ( 'NONE', #5918, .T. ) ;
#4007 =( NAMED_UNIT ( * ) SI_UNIT ( $, .STERADIAN. ) SOLID_ANGLE_UNIT ( ) );
#4008 = EDGE_LOOP ( 'NONE', ( #6037, #2090, #5776, #6378 ) ) ;
#4009 = DIRECTION ( 'NONE',  ( 0.000000000000000000, -1.000000000000000000, 0.000000000000000000 ) ) ;
#4010 = EDGE_CURVE ( 'NONE', #6516, #635, #6181, .T. ) ;
#4011 = VECTOR ( 'NONE', #625, 1000.000000000000000 ) ;
#4012 = UNCERTAINTY_MEASURE_WITH_UNIT (LENGTH_MEASURE( 1.000000000000000082E-05 ), #1763, 'distance_accuracy_value', 'NONE');
#4013 = VERTEX_POINT ( 'NONE', #148 ) ;
#4014 = CARTESIAN_POINT ( 'NONE',  ( -0.1250000000000000000, 0.1499999999999999944, 0.1250000000000000000 ) ) ;
#4015 = MECHANICAL_DESIGN_GEOMETRIC_PRESENTATION_REPRESENTATION (  '', ( #4817 ), #2998 ) ;
#4016 = EDGE_CURVE ( 'NONE', #5722, #3881, #2369, .T. ) ;
#4017 = DIRECTION ( 'NONE',  ( 0.000000000000000000, -0.000000000000000000, -1.000000000000000000 ) ) ;
#4018 = VECTOR ( 'NONE', #3062, 1000.000000000000000 ) ;
#4019 = FILL_AREA_STYLE ('',( #4506 ) ) ;
#4020 = ORIENTED_EDGE ( 'NONE', *, *, #3073, .T. ) ;
#4021 = COLOUR_RGB ( '',1.000000000000000000, 1.000000000000000000, 1.000000000000000000 ) ;
#4022 = EDGE_CURVE ( 'NONE', #314, #457, #1725, .T. ) ;
#4023 = DIRECTION ( 'NONE',  ( 0.000000000000000000, -1.000000000000000000, 0.000000000000000000 ) ) ;
#4024 = MECHANICAL_DESIGN_GEOMETRIC_PRESENTATION_REPRESENTATION (  '', ( #4498 ), #3583 ) ;
#4025 =( LENGTH_UNIT ( ) NAMED_UNIT ( * ) SI_UNIT ( .MILLI., .METRE. ) );
#4026 = COLOUR_RGB ( '',1.000000000000000000, 1.000000000000000000, 1.000000000000000000 ) ;
#4027 = FILL_AREA_STYLE_COLOUR ( '', #3625 ) ;
#4028 = VECTOR ( 'NONE', #438, 1000.000000000000000 ) ;
#4029 = PLANE ( 'NONE',  #5171 ) ;
#4030 = SURFACE_STYLE_USAGE ( .BOTH. , #4105 ) ;
#4031 = CARTESIAN_POINT ( 'NONE',  ( -0.8499999999999999778, -0.05000000000000000278, 1.224999999999999867 ) ) ;
#4032 = PRESENTATION_LAYER_ASSIGNMENT (  '', '', ( #3011 ) ) ;
#4033 =( GEOMETRIC_REPRESENTATION_CONTEXT ( 3 ) GLOBAL_UNCERTAINTY_ASSIGNED_CONTEXT ( ( #200 ) ) GLOBAL_UNIT_ASSIGNED_CONTEXT ( ( #5272, #6260, #3698 ) ) REPRESENTATION_CONTEXT ( 'NONE', 'WORKASPACE' ) );
#4034 = PRESENTATION_STYLE_ASSIGNMENT (( #1516 ) ) ;
#4035 = CARTESIAN_POINT ( 'NONE',  ( -0.2250000000000000056, 0.1499999999999999944, 1.224999999999999867 ) ) ;
#4036 = ORIENTED_EDGE ( 'NONE', *, *, #798, .T. ) ;
#4037 =( NAMED_UNIT ( * ) SI_UNIT ( $, .STERADIAN. ) SOLID_ANGLE_UNIT ( ) );
#4038 = CIRCLE ( 'NONE', #5325, 0.1250000000000001110 ) ;
#4039 = CARTESIAN_POINT ( 'NONE',  ( 0.2250000000000000056, 0.000000000000000000, 0.3750000000000000000 ) ) ;
#4040 = AXIS2_PLACEMENT_3D ( 'NONE', #173, #3775, #1248 ) ;
#4041 = CYLINDRICAL_SURFACE ( 'NONE', #3721, 0.1250000000000001110 ) ;
#4042 = DIRECTION ( 'NONE',  ( -1.000000000000000000, 0.000000000000000000, 0.000000000000000000 ) ) ;
#4043 = LINE ( 'NONE', #608, #5533 ) ;
#4044 = EDGE_CURVE ( 'NONE', #5107, #1753, #2282, .T. ) ;
#4045 = EDGE_LOOP ( 'NONE', ( #2996, #3256, #5465, #2868 ) ) ;
#4046 = EDGE_CURVE ( 'NONE', #5630, #1183, #80, .T. ) ;
#4047 =( NAMED_UNIT ( * ) PLANE_ANGLE_UNIT ( ) SI_UNIT ( $, .RADIAN. ) );
#4048 = FILL_AREA_STYLE_COLOUR ( '', #1027 ) ;
#4049 = FILL_AREA_STYLE_COLOUR ( '', #1757 ) ;
#4050 = CIRCLE ( 'NONE', #739, 0.1250000000000001110 ) ;
#4051 = VECTOR ( 'NONE', #2728, 1000.000000000000000 ) ;
#4052 = DIRECTION ( 'NONE',  ( 0.000000000000000000, -1.000000000000000000, 0.000000000000000000 ) ) ;
#4053 = DIRECTION ( 'NONE',  ( 0.000000000000000000, 0.000000000000000000, -1.000000000000000000 ) ) ;
#4054 = ORIENTED_EDGE ( 'NONE', *, *, #1573, .T. ) ;
#4055 = CARTESIAN_POINT ( 'NONE',  ( 0.7750000000000000222, -0.05000000000000000278, -1.224999999999999867 ) ) ;
#4056 = AXIS2_PLACEMENT_3D ( 'NONE', #1383, #4937, #5518 ) ;
#4057 = LINE ( 'NONE', #3883, #2378 ) ;
#4058 = EDGE_CURVE ( 'NONE', #1058, #1505, #2185, .T. ) ;
#4059 = EDGE_LOOP ( 'NONE', ( #5060, #1790, #1775, #199 ) ) ;
#4060 = SURFACE_STYLE_FILL_AREA ( #4250 ) ;
#4061 = DIRECTION ( 'NONE',  ( -0.000000000000000000, -1.000000000000000000, -0.000000000000000000 ) ) ;
#4062 = ORIENTED_EDGE ( 'NONE', *, *, #3416, .T. ) ;
#4063 = ORIENTED_EDGE ( 'NONE', *, *, #3759, .F. ) ;
#4064 = CARTESIAN_POINT ( 'NONE',  ( 0.7750000000000000222, 0.1499999999999999944, -1.224999999999999867 ) ) ;
#4065 = VECTOR ( 'NONE', #5513, 1000.000000000000000 ) ;
#4066 = SURFACE_STYLE_USAGE ( .BOTH. , #6141 ) ;
#4067 = FACE_OUTER_BOUND ( 'NONE', #5305, .T. ) ;
#4068 = EDGE_CURVE ( 'NONE', #6203, #873, #5944, .T. ) ;
#4069 = SURFACE_STYLE_FILL_AREA ( #609 ) ;
#4070 = MECHANICAL_DESIGN_GEOMETRIC_PRESENTATION_REPRESENTATION (  '', ( #1004 ), #166 ) ;
#4071 = ORIENTED_EDGE ( 'NONE', *, *, #2245, .F. ) ;
#4072 = LINE ( 'NONE', #3314, #3982 ) ;
#4073 = DIRECTION ( 'NONE',  ( 0.000000000000000000, 0.000000000000000000, 1.000000000000000000 ) ) ;
#4074 = ORIENTED_EDGE ( 'NONE', *, *, #5183, .T. ) ;
#4075 = COLOUR_RGB ( '',1.000000000000000000, 1.000000000000000000, 1.000000000000000000 ) ;
#4076 = PLANE ( 'NONE',  #4262 ) ;
#4077 = CLOSED_SHELL ( 'NONE', ( #60, #3196, #5449, #386, #2224, #2942 ) ) ;
#4078 = CARTESIAN_POINT ( 'NONE',  ( -0.3499999999999999778, -0.05000000000000000278, -1.224999999999999867 ) ) ;
#4079 = CARTESIAN_POINT ( 'NONE',  ( -0.1000000000000000056, 0.1499999999999999944, 1.500000000000000000 ) ) ;
#4080 = PRESENTATION_LAYER_ASSIGNMENT (  '', '', ( #2585 ) ) ;
#4081 = CARTESIAN_POINT ( 'NONE',  ( 1.250000000000000000, 0.1499999999999999944, -0.3750000000000000000 ) ) ;
#4082 = SURFACE_STYLE_FILL_AREA ( #5275 ) ;
#4083 = ORIENTED_EDGE ( 'NONE', *, *, #2112, .T. ) ;
#4084 = ADVANCED_FACE ( 'NONE', ( #4984 ), #6341, .F. ) ;
#4085 =( NAMED_UNIT ( * ) PLANE_ANGLE_UNIT ( ) SI_UNIT ( $, .RADIAN. ) );
#4086 = LINE ( 'NONE', #442, #6209 ) ;
#4087 =( LENGTH_UNIT ( ) NAMED_UNIT ( * ) SI_UNIT ( .MILLI., .METRE. ) );
#4088 = MECHANICAL_DESIGN_GEOMETRIC_PRESENTATION_REPRESENTATION (  '', ( #4663 ), #4896 ) ;
#4089 = EDGE_LOOP ( 'NONE', ( #5170, #3576, #2158, #2824 ) ) ;
#4090 = EDGE_CURVE ( 'NONE', #3487, #5107, #5299, .T. ) ;
#4091 = DIRECTION ( 'NONE',  ( 1.000000000000000000, 0.000000000000000000, 0.000000000000000000 ) ) ;
#4092 = ADVANCED_FACE ( 'NONE', ( #3165 ), #2492, .F. ) ;
#4093 = AXIS2_PLACEMENT_3D ( 'NONE', #4173, #3674, #3170 ) ;
#4094 = CARTESIAN_POINT ( 'NONE',  ( 0.6500000000000000222, -0.05000000000000000278, -1.350000000000000089 ) ) ;
#4095 = ADVANCED_FACE ( 'NONE', ( #3096 ), #732, .T. ) ;
#4096 = ORIENTED_EDGE ( 'NONE', *, *, #4947, .T. ) ;
#4097 = FILL_AREA_STYLE ('',( #2096 ) ) ;
#4098 = AXIS2_PLACEMENT_3D ( 'NONE', #4619, #483, #2560 ) ;
#4099 = FILL_AREA_STYLE_COLOUR ( '', #2638 ) ;
#4100 = EDGE_CURVE ( 'NONE', #3978, #2851, #477, .T. ) ;
#4101 = ORIENTED_EDGE ( 'NONE', *, *, #146, .T. ) ;
#4102 = CARTESIAN_POINT ( 'NONE',  ( -0.8499999999999999778, -0.05000000000000000278, -1.500000000000000000 ) ) ;
#4103 = ADVANCED_BREP_SHAPE_REPRESENTATION ( 'Assem4 - Copy', ( #3391, #1797, #4109, #3203, #1520, #5968, #6233, #5548, #854, #5059, #1604, #3894, #4182, #2710, #2004, #1327 ), #289 ) ;
#4104 = ORIENTED_EDGE ( 'NONE', *, *, #5283, .T. ) ;
#4105 = SURFACE_SIDE_STYLE ('',( #5939 ) ) ;
#4106 = UNCERTAINTY_MEASURE_WITH_UNIT (LENGTH_MEASURE( 1.000000000000000082E-05 ), #1286, 'distance_accuracy_value', 'NONE');
#4107 = UNCERTAINTY_MEASURE_WITH_UNIT (LENGTH_MEASURE( 1.000000000000000082E-05 ), #5028, 'distance_accuracy_value', 'NONE');
#4108 = VECTOR ( 'NONE', #1432, 1000.000000000000000 ) ;
#4109 = MANIFOLD_SOLID_BREP ( 'Boss-Extrude4[2]', #4077 ) ;
#4110 = CARTESIAN_POINT ( 'NONE',  ( -0.9749999999999999778, 0.1499999999999999944, 0.8750000000000000000 ) ) ;
#4111 = UNCERTAINTY_MEASURE_WITH_UNIT (LENGTH_MEASURE( 1.000000000000000082E-05 ), #550, 'distance_accuracy_value', 'NONE');
#4112 = VECTOR ( 'NONE', #2757, 1000.000000000000000 ) ;
#4113 = CARTESIAN_POINT ( 'NONE',  ( -0.9749999999999999778, -0.05000000000000000278, 0.3750000000000000000 ) ) ;
#4114 = ORIENTED_EDGE ( 'NONE', *, *, #754, .F. ) ;
#4115 = LINE ( 'NONE', #4274, #4905 ) ;
#4116 = EDGE_CURVE ( 'NONE', #975, #3870, #1882, .T. ) ;
#4117 = DIRECTION ( 'NONE',  ( 1.000000000000000000, 0.000000000000000000, 0.000000000000000000 ) ) ;
#4118 = STYLED_ITEM ( 'NONE', ( #3377 ), #4903 ) ;
#4119 = ADVANCED_FACE ( 'NONE', ( #248 ), #965, .F. ) ;
#4120 = PLANE ( 'NONE',  #4729 ) ;
#4121 = DIRECTION ( 'NONE',  ( -0.000000000000000000, -1.000000000000000000, -0.000000000000000000 ) ) ;
#4122 = PRESENTATION_STYLE_ASSIGNMENT (( #56 ) ) ;
#4123 = DIRECTION ( 'NONE',  ( -0.000000000000000000, 1.000000000000000000, -0.000000000000000000 ) ) ;
#4124 = AXIS2_PLACEMENT_3D ( 'NONE', #4271, #1224, #5744 ) ;
#4125 = VERTEX_POINT ( 'NONE', #4535 ) ;
#4126 = FACE_OUTER_BOUND ( 'NONE', #4373, .T. ) ;
#4127 = SURFACE_STYLE_USAGE ( .BOTH. , #1106 ) ;
#4128 = DIRECTION ( 'NONE',  ( 1.000000000000000000, 0.000000000000000000, 0.000000000000000000 ) ) ;
#4129 = VECTOR ( 'NONE', #4458, 1000.000000000000000 ) ;
#4130 = VERTEX_POINT ( 'NONE', #3005 ) ;
#4131 = VERTEX_POINT ( 'NONE', #1007 ) ;
#4132 = DIRECTION ( 'NONE',  ( -0.000000000000000000, 1.000000000000000000, -0.000000000000000000 ) ) ;
#4133 = ORIENTED_EDGE ( 'NONE', *, *, #4985, .T. ) ;
#4134 = EDGE_CURVE ( 'NONE', #2389, #2389, #3322, .T. ) ;
#4135 = ORIENTED_EDGE ( 'NONE', *, *, #3050, .T. ) ;
#4136 = SURFACE_STYLE_FILL_AREA ( #1188 ) ;
#4137 = CARTESIAN_POINT ( 'NONE',  ( -0.8499999999999999778, -0.05000000000000000278, -1.224999999999999867 ) ) ;
#4138 = DIRECTION ( 'NONE',  ( 0.000000000000000000, 0.000000000000000000, 1.000000000000000000 ) ) ;
#4139 = ORIENTED_EDGE ( 'NONE', *, *, #3695, .F. ) ;
#4140 = PRESENTATION_LAYER_ASSIGNMENT (  '', '', ( #2773 ) ) ;
#4141 =( NAMED_UNIT ( * ) PLANE_ANGLE_UNIT ( ) SI_UNIT ( $, .RADIAN. ) );
#4142 = CARTESIAN_POINT ( 'NONE',  ( -0.9749999999999999778, 0.000000000000000000, 0.6250000000000000000 ) ) ;
#4143 = LINE ( 'NONE', #4094, #3658 ) ;
#4144 = PRESENTATION_STYLE_ASSIGNMENT (( #3463 ) ) ;
#4145 = LINE ( 'NONE', #588, #101 ) ;
#4146 = PRESENTATION_LAYER_ASSIGNMENT (  '', '', ( #5573 ) ) ;
#4147 = CARTESIAN_POINT ( 'NONE',  ( -1.250000000000000000, 0.9499999999999999556, 1.500000000000000000 ) ) ;
#4148 = ORIENTED_EDGE ( 'NONE', *, *, #4947, .F. ) ;
#4149 = VERTEX_POINT ( 'NONE', #1963 ) ;
#4150 = EDGE_CURVE ( 'NONE', #4808, #2043, #3802, .T. ) ;
#4151 = ORIENTED_EDGE ( 'NONE', *, *, #3927, .F. ) ;
#4152 = SURFACE_STYLE_FILL_AREA ( #1828 ) ;
#4153 = CARTESIAN_POINT ( 'NONE',  ( -0.9749999999999999778, 0.1499999999999999944, 0.7500000000000000000 ) ) ;
#4154 = VERTEX_POINT ( 'NONE', #1421 ) ;
#4155 = DIRECTION ( 'NONE',  ( -1.000000000000000000, 0.000000000000000000, 0.000000000000000000 ) ) ;
#4156 = ADVANCED_FACE ( 'NONE', ( #2772 ), #4368, .F. ) ;
#4157 =( GEOMETRIC_REPRESENTATION_CONTEXT ( 3 ) GLOBAL_UNCERTAINTY_ASSIGNED_CONTEXT ( ( #5756 ) ) GLOBAL_UNIT_ASSIGNED_CONTEXT ( ( #114, #5230, #3221 ) ) REPRESENTATION_CONTEXT ( 'NONE', 'WORKASPACE' ) );
#4158 = LINE ( 'NONE', #6311, #3425 ) ;
#4159 = FACE_OUTER_BOUND ( 'NONE', #3988, .T. ) ;
#4160 = DIRECTION ( 'NONE',  ( 0.000000000000000000, -1.000000000000000000, 0.000000000000000000 ) ) ;
#4161 = ORIENTED_EDGE ( 'NONE', *, *, #5880, .F. ) ;
#4162 = DIRECTION ( 'NONE',  ( -1.000000000000000000, 0.000000000000000000, 0.000000000000000000 ) ) ;
#4163 = PRESENTATION_STYLE_ASSIGNMENT (( #6308 ) ) ;
#4164 = DIRECTION ( 'NONE',  ( -0.000000000000000000, 1.000000000000000000, -0.000000000000000000 ) ) ;
#4165 = ORIENTED_EDGE ( 'NONE', *, *, #32, .T. ) ;
#4166 = CARTESIAN_POINT ( 'NONE',  ( -1.250000000000000000, -0.05000000000000000278, 0.8750000000000000000 ) ) ;
#4167 = DIRECTION ( 'NONE',  ( 0.000000000000000000, -0.000000000000000000, -1.000000000000000000 ) ) ;
#4168 =( NAMED_UNIT ( * ) PLANE_ANGLE_UNIT ( ) SI_UNIT ( $, .RADIAN. ) );
#4169 = FACE_OUTER_BOUND ( 'NONE', #2393, .T. ) ;
#4170 = ORIENTED_EDGE ( 'NONE', *, *, #2644, .F. ) ;
#4171 = ORIENTED_EDGE ( 'NONE', *, *, #5361, .F. ) ;
#4172 = EDGE_LOOP ( 'NONE', ( #2861 ) ) ;
#4173 = CARTESIAN_POINT ( 'NONE',  ( -0.9749999999999999778, 0.1499999999999999944, -0.2500000000000000000 ) ) ;
#4174 = FILL_AREA_STYLE ('',( #2129 ) ) ;
#4175 = ORIENTED_EDGE ( 'NONE', *, *, #784, .F. ) ;
#4176 = PRESENTATION_LAYER_ASSIGNMENT (  '', '', ( #4720 ) ) ;
#4177 = SURFACE_STYLE_USAGE ( .BOTH. , #2666 ) ;
#4178 = EDGE_CURVE ( 'NONE', #1193, #2615, #714, .T. ) ;
#4179 =( NAMED_UNIT ( * ) PLANE_ANGLE_UNIT ( ) SI_UNIT ( $, .RADIAN. ) );
#4180 = ADVANCED_FACE ( 'NONE', ( #561 ), #5162, .F. ) ;
#4181 = DIRECTION ( 'NONE',  ( 0.000000000000000000, -0.000000000000000000, -1.000000000000000000 ) ) ;
#4182 = MANIFOLD_SOLID_BREP ( 'Boss-Extrude4[12]', #4270 ) ;
#4183 = VECTOR ( 'NONE', #2318, 1000.000000000000000 ) ;
#4184 = DIRECTION ( 'NONE',  ( 0.000000000000000000, -1.000000000000000000, 0.000000000000000000 ) ) ;
#4185 = FILL_AREA_STYLE ('',( #1101 ) ) ;
#4186 = CARTESIAN_POINT ( 'NONE',  ( -1.250000000000000000, 0.1499999999999999944, 0.8750000000000000000 ) ) ;
#4187 = CARTESIAN_POINT ( 'NONE',  ( 0.2250000000000000056, 0.1499999999999999944, -0.5000000000000000000 ) ) ;
#4188 = COLOUR_RGB ( '',1.000000000000000000, 1.000000000000000000, 1.000000000000000000 ) ;
#4189 = DIRECTION ( 'NONE',  ( -0.000000000000000000, 0.000000000000000000, 1.000000000000000000 ) ) ;
#4190 = AXIS2_PLACEMENT_3D ( 'NONE', #1206, #2229, #3828 ) ;
#4191 = EDGE_CURVE ( 'NONE', #5192, #5715, #1418, .T. ) ;
#4192 = DIRECTION ( 'NONE',  ( -0.000000000000000000, 1.000000000000000000, -0.000000000000000000 ) ) ;
#4193 = AXIS2_PLACEMENT_3D ( 'NONE', #2512, #4554, #5561 ) ;
#4194 = FILL_AREA_STYLE ('',( #1576 ) ) ;
#4195 = VECTOR ( 'NONE', #3128, 1000.000000000000000 ) ;
#4196 = DIRECTION ( 'NONE',  ( -1.000000000000000000, 0.000000000000000000, 0.000000000000000000 ) ) ;
#4197 = AXIS2_PLACEMENT_3D ( 'NONE', #6413, #3844, #4403 ) ;
#4198 = CARTESIAN_POINT ( 'NONE',  ( -1.250000000000000000, 0.1499999999999999944, 0.3750000000000000000 ) ) ;
#4199 = PRESENTATION_STYLE_ASSIGNMENT (( #542 ) ) ;
#4200 =( NAMED_UNIT ( * ) SI_UNIT ( $, .STERADIAN. ) SOLID_ANGLE_UNIT ( ) );
#4201 = CARTESIAN_POINT ( 'NONE',  ( 0.4000000000000000222, 0.000000000000000000, 1.350000000000000089 ) ) ;
#4202 = DIRECTION ( 'NONE',  ( 0.000000000000000000, 0.000000000000000000, -1.000000000000000000 ) ) ;
#4203 = ORIENTED_EDGE ( 'NONE', *, *, #165, .T. ) ;
#4204 = DIRECTION ( 'NONE',  ( 1.000000000000000000, 0.000000000000000000, 0.000000000000000000 ) ) ;
#4205 = FILL_AREA_STYLE_COLOUR ( '', #5996 ) ;
#4206 = EDGE_LOOP ( 'NONE', ( #1073, #4607, #4071, #2613, #1235, #2376, #4175, #4949, #2715, #3359, #3891, #5653, #1717, #1983, #4151, #2479 ) ) ;
#4207 = ADVANCED_FACE ( 'NONE', ( #4666, #2936 ), #6317, .T. ) ;
#4208 = VERTEX_POINT ( 'NONE', #1523 ) ;
#4209 = CARTESIAN_POINT ( 'NONE',  ( 0.000000000000000000, 0.000000000000000000, 0.000000000000000000 ) ) ;
#4210 =( LENGTH_UNIT ( ) NAMED_UNIT ( * ) SI_UNIT ( .MILLI., .METRE. ) );
#4211 = VECTOR ( 'NONE', #2709, 1000.000000000000000 ) ;
#4212 = EDGE_LOOP ( 'NONE', ( #950, #4376, #3673, #5179 ) ) ;
#4213 = ORIENTED_EDGE ( 'NONE', *, *, #358, .T. ) ;
#4214 = CARTESIAN_POINT ( 'NONE',  ( -1.250000000000000000, -0.000000000000000000, -0.6250000000000000000 ) ) ;
#4215 = DIRECTION ( 'NONE',  ( -0.000000000000000000, -1.000000000000000000, -0.000000000000000000 ) ) ;
#4216 = DIRECTION ( 'NONE',  ( -1.000000000000000000, 0.000000000000000000, 0.000000000000000000 ) ) ;
#4217 = AXIS2_PLACEMENT_3D ( 'NONE', #4361, #2321, #5365 ) ;
#4218 = CARTESIAN_POINT ( 'NONE',  ( -0.3499999999999999778, 0.1499999999999999944, -1.224999999999999867 ) ) ;
#4219 = EDGE_CURVE ( 'NONE', #687, #3338, #4912, .T. ) ;
#4220 = SURFACE_STYLE_FILL_AREA ( #917 ) ;
#4221 = LINE ( 'NONE', #6543, #1511 ) ;
#4222 = ORIENTED_EDGE ( 'NONE', *, *, #446, .F. ) ;
#4223 = FILL_AREA_STYLE_COLOUR ( '', #392 ) ;
#4224 =( NAMED_UNIT ( * ) PLANE_ANGLE_UNIT ( ) SI_UNIT ( $, .RADIAN. ) );
#4225 = CARTESIAN_POINT ( 'NONE',  ( 0.1499999999999999667, -0.05000000000000000278, -1.224999999999999867 ) ) ;
#4226 = CARTESIAN_POINT ( 'NONE',  ( -0.1000000000000000056, 0.1499999999999999944, -1.500000000000000000 ) ) ;
#4227 = PRESENTATION_STYLE_ASSIGNMENT (( #1967 ) ) ;
#4228 = EDGE_CURVE ( 'NONE', #2572, #5763, #556, .T. ) ;
#4229 = VECTOR ( 'NONE', #5893, 1000.000000000000000 ) ;
#4230 = DIRECTION ( 'NONE',  ( 1.000000000000000000, 0.000000000000000000, 0.000000000000000000 ) ) ;
#4231 = EDGE_LOOP ( 'NONE', ( #1568, #4457, #5236, #3722 ) ) ;
#4232 = EDGE_CURVE ( 'NONE', #4445, #5576, #3626, .T. ) ;
#4233 = PRODUCT_DEFINITION_CONTEXT ( 'detailed design', #2847, 'design' ) ;
#4234 = VECTOR ( 'NONE', #6502, 1000.000000000000000 ) ;
#4235 = DIRECTION ( 'NONE',  ( 1.000000000000000000, 0.000000000000000000, 0.000000000000000000 ) ) ;
#4236 = SURFACE_STYLE_FILL_AREA ( #6435 ) ;
#4237 = ORIENTED_EDGE ( 'NONE', *, *, #3229, .T. ) ;
#4238 = AXIS2_PLACEMENT_3D ( 'NONE', #6393, #5407, #834 ) ;
#4239 = VECTOR ( 'NONE', #5419, 1000.000000000000000 ) ;
#4240 = DIRECTION ( 'NONE',  ( -0.000000000000000000, 1.000000000000000000, -0.000000000000000000 ) ) ;
#4241 = CARTESIAN_POINT ( 'NONE',  ( -0.9500000000000000666, 0.9000000000000000222, -1.139999999999999902 ) ) ;
#4242 = SURFACE_SIDE_STYLE ('',( #5711 ) ) ;
#4243 = FACE_OUTER_BOUND ( 'NONE', #4957, .T. ) ;
#4244 = ORIENTED_EDGE ( 'NONE', *, *, #5278, .F. ) ;
#4245 = CARTESIAN_POINT ( 'NONE',  ( 0.2750000000000000222, 0.1499999999999999944, 1.224999999999999867 ) ) ;
#4246 = CARTESIAN_POINT ( 'NONE',  ( -0.8499999999999999778, 0.1499999999999999944, 1.500000000000000000 ) ) ;
#4247 = CARTESIAN_POINT ( 'NONE',  ( -0.7249999999999999778, 0.1499999999999999944, -1.224999999999999867 ) ) ;
#4248 = LINE ( 'NONE', #800, #2237 ) ;
#4249 = PLANE ( 'NONE',  #4124 ) ;
#4250 = FILL_AREA_STYLE ('',( #151 ) ) ;
#4251 = AXIS2_PLACEMENT_3D ( 'NONE', #5699, #1178, #658 ) ;
#4252 = VERTEX_POINT ( 'NONE', #594 ) ;
#4253 = DIRECTION ( 'NONE',  ( -1.000000000000000000, 0.000000000000000000, 0.000000000000000000 ) ) ;
#4254 = DIRECTION ( 'NONE',  ( 0.000000000000000000, 0.000000000000000000, 1.000000000000000000 ) ) ;
#4255 = PRESENTATION_STYLE_ASSIGNMENT (( #5298 ) ) ;
#4256 = CARTESIAN_POINT ( 'NONE',  ( 0.1499999999999999667, 0.1499999999999999944, 1.500000000000000000 ) ) ;
#4257 = PLANE ( 'NONE',  #941 ) ;
#4258 = MECHANICAL_DESIGN_GEOMETRIC_PRESENTATION_REPRESENTATION (  '', ( #3436 ), #2673 ) ;
#4259 = CLOSED_SHELL ( 'NONE', ( #1603, #4611, #5196, #6288, #5633, #5359 ) ) ;
#4260 = ORIENTED_EDGE ( 'NONE', *, *, #4010, .F. ) ;
#4261 = CARTESIAN_POINT ( 'NONE',  ( -0.9749999999999999778, 0.000000000000000000, 0.8750000000000000000 ) ) ;
#4262 = AXIS2_PLACEMENT_3D ( 'NONE', #1120, #773, #3199 ) ;
#4263 = ADVANCED_FACE ( 'NONE', ( #2525 ), #107, .F. ) ;
#4264 = EDGE_CURVE ( 'NONE', #3849, #449, #706, .T. ) ;
#4265 =( GEOMETRIC_REPRESENTATION_CONTEXT ( 3 ) GLOBAL_UNCERTAINTY_ASSIGNED_CONTEXT ( ( #1244 ) ) GLOBAL_UNIT_ASSIGNED_CONTEXT ( ( #3337, #2281, #4309 ) ) REPRESENTATION_CONTEXT ( 'NONE', 'WORKASPACE' ) );
#4266 = CARTESIAN_POINT ( 'NONE',  ( 0.7750000000000000222, 0.1499999999999999944, -1.100000000000000089 ) ) ;
#4267 = DIRECTION ( 'NONE',  ( 0.000000000000000000, -0.000000000000000000, -1.000000000000000000 ) ) ;
#4268 = CARTESIAN_POINT ( 'NONE',  ( 0.1499999999999999667, -0.05000000000000000278, -1.500000000000000000 ) ) ;
#4269 = EDGE_CURVE ( 'NONE', #1769, #130, #2446, .T. ) ;
#4270 = CLOSED_SHELL ( 'NONE', ( #1502, #2664, #5862, #3172, #4903, #4407 ) ) ;
#4271 = CARTESIAN_POINT ( 'NONE',  ( 1.250000000000000000, -0.05000000000000000278, -0.1250000000000000000 ) ) ;
#4272 = LINE ( 'NONE', #2667, #3948 ) ;
#4273 = ADVANCED_FACE ( 'NONE', ( #73 ), #5774, .F. ) ;
#4274 = CARTESIAN_POINT ( 'NONE',  ( -0.9749999999999999778, -0.000000000000000000, -0.1250000000000000000 ) ) ;
#4275 =( NAMED_UNIT ( * ) PLANE_ANGLE_UNIT ( ) SI_UNIT ( $, .RADIAN. ) );
#4276 = CARTESIAN_POINT ( 'NONE',  ( 0.1499999999999999667, 0.1499999999999999944, -1.224999999999999867 ) ) ;
#4277 = AXIS2_PLACEMENT_3D ( 'NONE', #5998, #2973, #6481 ) ;
#4278 = SURFACE_SIDE_STYLE ('',( #1231 ) ) ;
#4279 = VERTEX_POINT ( 'NONE', #5629 ) ;
#4280 = PRESENTATION_STYLE_ASSIGNMENT (( #4030 ) ) ;
#4281 = FILL_AREA_STYLE_COLOUR ( '', #4490 ) ;
#4282 = ORIENTED_EDGE ( 'NONE', *, *, #3631, .F. ) ;
#4283 = SURFACE_STYLE_FILL_AREA ( #1485 ) ;
#4284 = PLANE ( 'NONE',  #5447 ) ;
#4285 =( GEOMETRIC_REPRESENTATION_CONTEXT ( 3 ) GLOBAL_UNCERTAINTY_ASSIGNED_CONTEXT ( ( #643 ) ) GLOBAL_UNIT_ASSIGNED_CONTEXT ( ( #2317, #1842, #3819 ) ) REPRESENTATION_CONTEXT ( 'NONE', 'WORKASPACE' ) );
#4286 = DIRECTION ( 'NONE',  ( -3.614007241618349757E-16, 0.000000000000000000, 1.000000000000000000 ) ) ;
#4287 = LINE ( 'NONE', #2342, #719 ) ;
#4288 = CARTESIAN_POINT ( 'NONE',  ( 0.2250000000000000056, 0.000000000000000000, -0.5000000000000000000 ) ) ;
#4289 = VERTEX_POINT ( 'NONE', #2598 ) ;
#4290 = ORIENTED_EDGE ( 'NONE', *, *, #165, .F. ) ;
#4291 = ORIENTED_EDGE ( 'NONE', *, *, #3321, .F. ) ;
#4292 = CARTESIAN_POINT ( 'NONE',  ( 0.2750000000000000222, -0.05000000000000000278, 1.099999999999999867 ) ) ;
#4293 = DIRECTION ( 'NONE',  ( -0.000000000000000000, 1.000000000000000000, -0.000000000000000000 ) ) ;
#4294 = ORIENTED_EDGE ( 'NONE', *, *, #5976, .T. ) ;
#4295 = CARTESIAN_POINT ( 'NONE',  ( -0.3499999999999999778, -0.05000000000000000278, 1.500000000000000000 ) ) ;
#4296 = LINE ( 'NONE', #5808, #5388 ) ;
#4298 = LINE ( 'NONE', #2637, #2947 ) ;
#4297 = PLANE ( 'NONE',  #2744 ) ;
#4299 = DIRECTION ( 'NONE',  ( -1.000000000000000000, 0.000000000000000000, 0.000000000000000000 ) ) ;
#4300 = ORIENTED_EDGE ( 'NONE', *, *, #2684, .F. ) ;
#4301 = FILL_AREA_STYLE ('',( #1185 ) ) ;
#4302 = PRESENTATION_STYLE_ASSIGNMENT (( #300 ) ) ;
#4303 = PRESENTATION_LAYER_ASSIGNMENT (  '', '', ( #4663 ) ) ;
#4304 = LINE ( 'NONE', #3537, #6120 ) ;
#4305 = EDGE_CURVE ( 'NONE', #5219, #3487, #2181, .T. ) ;
#4306 = UNCERTAINTY_MEASURE_WITH_UNIT (LENGTH_MEASURE( 1.000000000000000082E-05 ), #4821, 'distance_accuracy_value', 'NONE');
#4307 = EDGE_CURVE ( 'NONE', #3015, #3692, #6103, .T. ) ;
#4308 = LINE ( 'NONE', #1871, #5402 ) ;
#4309 =( NAMED_UNIT ( * ) SI_UNIT ( $, .STERADIAN. ) SOLID_ANGLE_UNIT ( ) );
#4310 = EDGE_LOOP ( 'NONE', ( #2338, #3331, #4633, #5581 ) ) ;
#4311 = ORIENTED_EDGE ( 'NONE', *, *, #616, .T. ) ;
#4312 =( GEOMETRIC_REPRESENTATION_CONTEXT ( 3 ) GLOBAL_UNCERTAINTY_ASSIGNED_CONTEXT ( ( #814 ) ) GLOBAL_UNIT_ASSIGNED_CONTEXT ( ( #5132, #1623, #2086 ) ) REPRESENTATION_CONTEXT ( 'NONE', 'WORKASPACE' ) );
#4313 = DIRECTION ( 'NONE',  ( -1.000000000000000000, 0.000000000000000000, -0.000000000000000000 ) ) ;
#4314 = VECTOR ( 'NONE', #818, 1000.000000000000000 ) ;
#4315 = ORIENTED_EDGE ( 'NONE', *, *, #6049, .T. ) ;
#4316 = DIRECTION ( 'NONE',  ( -4.928191693115928181E-17, 0.000000000000000000, 1.000000000000000000 ) ) ;
#4317 = CARTESIAN_POINT ( 'NONE',  ( -0.5999999999999999778, 0.1499999999999999944, 1.224999999999999867 ) ) ;
#4318 = MECHANICAL_DESIGN_GEOMETRIC_PRESENTATION_REPRESENTATION (  '', ( #3571 ), #5311 ) ;
#4319 = ORIENTED_EDGE ( 'NONE', *, *, #2606, .F. ) ;
#4320 = CARTESIAN_POINT ( 'NONE',  ( -0.09999999999999999167, 0.1499999999999999944, 1.224999999999999867 ) ) ;
#4321 = CARTESIAN_POINT ( 'NONE',  ( 1.250000000000000000, 0.1499999999999999944, -0.3750000000000000000 ) ) ;
#4322 = CARTESIAN_POINT ( 'NONE',  ( -0.8499999999999999778, 0.1499999999999999944, -0.8750000000000000000 ) ) ;
#4323 = VECTOR ( 'NONE', #1506, 1000.000000000000000 ) ;
#4324 = CARTESIAN_POINT ( 'NONE',  ( 0.9000000000000000222, 0.1499999999999999944, -1.500000000000000000 ) ) ;
#4325 = AXIS2_PLACEMENT_3D ( 'NONE', #5480, #2927, #3393 ) ;
#4326 = ORIENTED_EDGE ( 'NONE', *, *, #2916, .F. ) ;
#4327 = CARTESIAN_POINT ( 'NONE',  ( -1.250000000000000000, 0.000000000000000000, 1.500000000000000000 ) ) ;
#4328 = PRESENTATION_LAYER_ASSIGNMENT (  '', '', ( #4365 ) ) ;
#4329 = FILL_AREA_STYLE_COLOUR ( '', #5000 ) ;
#4330 = EDGE_CURVE ( 'NONE', #5154, #4748, #5609, .T. ) ;
#4331 = FACE_OUTER_BOUND ( 'NONE', #6104, .T. ) ;
#4332 = CARTESIAN_POINT ( 'NONE',  ( 0.1499999999999999667, -0.05000000000000000278, 1.224999999999999867 ) ) ;
#4333 = ORIENTED_EDGE ( 'NONE', *, *, #6055, .T. ) ;
#4334 = PLANE ( 'NONE',  #3443 ) ;
#4335 = CARTESIAN_POINT ( 'NONE',  ( -1.250000000000000000, 0.1499999999999999944, -0.3750000000000000000 ) ) ;
#4336 = ORIENTED_EDGE ( 'NONE', *, *, #5665, .T. ) ;
#4337 = EDGE_CURVE ( 'NONE', #5405, #4154, #4980, .T. ) ;
#4338 = PRESENTATION_LAYER_ASSIGNMENT (  '', '', ( #2846 ) ) ;
#4339 = FILL_AREA_STYLE_COLOUR ( '', #5632 ) ;
#4340 = DIRECTION ( 'NONE',  ( 0.000000000000000000, -1.000000000000000000, 0.000000000000000000 ) ) ;
#4341 =( NAMED_UNIT ( * ) PLANE_ANGLE_UNIT ( ) SI_UNIT ( $, .RADIAN. ) );
#4342 = CARTESIAN_POINT ( 'NONE',  ( 0.000000000000000000, 0.9499999999999999556, 0.000000000000000000 ) ) ;
#4343 = ORIENTED_EDGE ( 'NONE', *, *, #4356, .F. ) ;
#4344 = ORIENTED_EDGE ( 'NONE', *, *, #4150, .T. ) ;
#4345 = DIRECTION ( 'NONE',  ( 0.000000000000000000, -0.000000000000000000, 1.000000000000000000 ) ) ;
#4346 =( GEOMETRIC_REPRESENTATION_CONTEXT ( 3 ) GLOBAL_UNCERTAINTY_ASSIGNED_CONTEXT ( ( #5579 ) ) GLOBAL_UNIT_ASSIGNED_CONTEXT ( ( #3296, #6312, #1334 ) ) REPRESENTATION_CONTEXT ( 'NONE', 'WORKASPACE' ) );
#4347 = CARTESIAN_POINT ( 'NONE',  ( 0.2750000000000000222, 0.1499999999999999944, 1.224999999999999867 ) ) ;
#4348 = CARTESIAN_POINT ( 'NONE',  ( 0.6500000000000000222, 0.1499999999999999944, -1.500000000000000000 ) ) ;
#4349 = ORIENTED_EDGE ( 'NONE', *, *, #3962, .F. ) ;
#4350 = PRESENTATION_STYLE_ASSIGNMENT (( #469 ) ) ;
#4351 = AXIS2_PLACEMENT_3D ( 'NONE', #4574, #4132, #2556 ) ;
#4352 = CARTESIAN_POINT ( 'NONE',  ( -1.250000000000000000, 0.1499999999999999944, -0.3750000000000000000 ) ) ;
#4353 = VECTOR ( 'NONE', #2292, 1000.000000000000000 ) ;
#4354 = CARTESIAN_POINT ( 'NONE',  ( -0.8499999999999999778, -0.000000000000000000, -0.6250000000000000000 ) ) ;
#4355 = DIRECTION ( 'NONE',  ( -0.000000000000000000, 1.000000000000000000, -0.000000000000000000 ) ) ;
#4356 = EDGE_CURVE ( 'NONE', #2989, #3148, #1710, .T. ) ;
#4357 = CYLINDRICAL_SURFACE ( 'NONE', #3985, 0.1250000000000000000 ) ;
#4358 = FILL_AREA_STYLE ('',( #350 ) ) ;
#4359 = SURFACE_STYLE_USAGE ( .BOTH. , #2340 ) ;
#4360 = CARTESIAN_POINT ( 'NONE',  ( 0.2250000000000000056, -0.05000000000000000278, 0.6250000000000000000 ) ) ;
#4361 = CARTESIAN_POINT ( 'NONE',  ( -0.2250000000000000056, 0.1499999999999999944, -1.224999999999999867 ) ) ;
#4362 = VECTOR ( 'NONE', #5249, 1000.000000000000000 ) ;
#4363 = FILL_AREA_STYLE_COLOUR ( '', #1972 ) ;
#4364 = ORIENTED_EDGE ( 'NONE', *, *, #4558, .F. ) ;
#4365 = STYLED_ITEM ( 'NONE', ( #6017 ), #2434 ) ;
#4366 = DIRECTION ( 'NONE',  ( -1.000000000000000000, 0.000000000000000000, -0.000000000000000000 ) ) ;
#4367 = EDGE_CURVE ( 'NONE', #4452, #2414, #5056, .T. ) ;
#4368 = CYLINDRICAL_SURFACE ( 'NONE', #1090, 0.1250000000000000000 ) ;
#4369 = CARTESIAN_POINT ( 'NONE',  ( -0.9500000000000000666, 0.9000000000000000222, -1.139999999999999902 ) ) ;
#4370 = SURFACE_STYLE_FILL_AREA ( #5523 ) ;
#4371 = ORIENTED_EDGE ( 'NONE', *, *, #3388, .T. ) ;
#4372 = CARTESIAN_POINT ( 'NONE',  ( 0.9000000000000000222, -0.05000000000000000278, -1.500000000000000000 ) ) ;
#4373 = EDGE_LOOP ( 'NONE', ( #5751, #5429, #3641, #47 ) ) ;
#4374 = ADVANCED_FACE ( 'NONE', ( #2268 ), #5667, .F. ) ;
#4375 = ORIENTED_EDGE ( 'NONE', *, *, #1918, .T. ) ;
#4376 = ORIENTED_EDGE ( 'NONE', *, *, #5613, .T. ) ;
#4377 =( NAMED_UNIT ( * ) PLANE_ANGLE_UNIT ( ) SI_UNIT ( $, .RADIAN. ) );
#4378 =( NAMED_UNIT ( * ) SI_UNIT ( $, .STERADIAN. ) SOLID_ANGLE_UNIT ( ) );
#4379 = PRESENTATION_LAYER_ASSIGNMENT (  '', '', ( #83 ) ) ;
#4380 = PRESENTATION_LAYER_ASSIGNMENT (  '', '', ( #1065 ) ) ;
#4381 = COLOUR_RGB ( '',0.1019607843137254888, 0.1019607843137254888, 0.1019607843137254888 ) ;
#4382 = SURFACE_STYLE_FILL_AREA ( #4358 ) ;
#4383 = DIRECTION ( 'NONE',  ( 4.928191693115928181E-17, 0.000000000000000000, -1.000000000000000000 ) ) ;
#4384 = ORIENTED_EDGE ( 'NONE', *, *, #4447, .F. ) ;
#4385 = ORIENTED_EDGE ( 'NONE', *, *, #527, .T. ) ;
#4386 = FACE_OUTER_BOUND ( 'NONE', #4860, .T. ) ;
#4387 = PRESENTATION_LAYER_ASSIGNMENT (  '', '', ( #6078 ) ) ;
#4388 = CARTESIAN_POINT ( 'NONE',  ( -0.5999999999999999778, 0.1499999999999999944, -1.224999999999999867 ) ) ;
#4389 = LINE ( 'NONE', #2938, #4065 ) ;
#4390 = EDGE_LOOP ( 'NONE', ( #2023, #2070, #4961, #5495 ) ) ;
#4391 = MECHANICAL_DESIGN_GEOMETRIC_PRESENTATION_REPRESENTATION (  '', ( #3027 ), #5733 ) ;
#4392 = EDGE_CURVE ( 'NONE', #5072, #4208, #4043, .T. ) ;
#4393 = CYLINDRICAL_SURFACE ( 'NONE', #1518, 0.1250000000000001110 ) ;
#4394 = CARTESIAN_POINT ( 'NONE',  ( -0.9749999999999999778, 0.1499999999999999944, 0.1250000000000000000 ) ) ;
#4395 = DIRECTION ( 'NONE',  ( 0.000000000000000000, 0.000000000000000000, -1.000000000000000000 ) ) ;
#4396 = DIRECTION ( 'NONE',  ( 0.000000000000000000, 0.000000000000000000, -1.000000000000000000 ) ) ;
#4397 = ORIENTED_EDGE ( 'NONE', *, *, #6351, .T. ) ;
#4398 = COLOUR_RGB ( '',1.000000000000000000, 1.000000000000000000, 1.000000000000000000 ) ;
#4399 = CARTESIAN_POINT ( 'NONE',  ( -0.9749999999999999778, 0.1499999999999999944, 0.6250000000000000000 ) ) ;
#4400 =( GEOMETRIC_REPRESENTATION_CONTEXT ( 3 ) GLOBAL_UNCERTAINTY_ASSIGNED_CONTEXT ( ( #161 ) ) GLOBAL_UNIT_ASSIGNED_CONTEXT ( ( #5678, #656, #2706 ) ) REPRESENTATION_CONTEXT ( 'NONE', 'WORKASPACE' ) );
#4401 = EDGE_CURVE ( 'NONE', #4404, #4982, #1100, .T. ) ;
#4402 = DIRECTION ( 'NONE',  ( -1.000000000000000000, 0.000000000000000000, 0.000000000000000000 ) ) ;
#4403 = DIRECTION ( 'NONE',  ( 0.000000000000000000, 0.000000000000000000, -1.000000000000000000 ) ) ;
#4404 = VERTEX_POINT ( 'NONE', #6098 ) ;
#4405 = STYLED_ITEM ( 'NONE', ( #4302 ), #6467 ) ;
#4406 = DIRECTION ( 'NONE',  ( -1.000000000000000000, 0.000000000000000000, 0.000000000000000000 ) ) ;
#4407 = ADVANCED_FACE ( 'NONE', ( #3792 ), #2106, .F. ) ;
#4408 = CIRCLE ( 'NONE', #5695, 0.1250000000000001110 ) ;
#4409 = CARTESIAN_POINT ( 'NONE',  ( -0.1000000000000000056, -0.05000000000000000278, 1.500000000000000000 ) ) ;
#4410 = ORIENTED_EDGE ( 'NONE', *, *, #4762, .F. ) ;
#4411 = CARTESIAN_POINT ( 'NONE',  ( 0.3999999999999999667, 0.000000000000000000, 1.500000000000000000 ) ) ;
#4412 =( NAMED_UNIT ( * ) SI_UNIT ( $, .STERADIAN. ) SOLID_ANGLE_UNIT ( ) );
#4413 = LINE ( 'NONE', #1724, #5742 ) ;
#4414 = EDGE_LOOP ( 'NONE', ( #2500, #4929, #2610, #2091 ) ) ;
#4415 = FILL_AREA_STYLE_COLOUR ( '', #3515 ) ;
#4416 = FACE_OUTER_BOUND ( 'NONE', #1770, .T. ) ;
#4417 = DIRECTION ( 'NONE',  ( -0.000000000000000000, -1.000000000000000000, -0.000000000000000000 ) ) ;
#4418 = VERTEX_POINT ( 'NONE', #5618 ) ;
#4419 = ORIENTED_EDGE ( 'NONE', *, *, #614, .T. ) ;
#4420 = DIRECTION ( 'NONE',  ( 0.000000000000000000, 0.000000000000000000, -1.000000000000000000 ) ) ;
#4421 = PRESENTATION_STYLE_ASSIGNMENT (( #6389 ) ) ;
#4422 = CARTESIAN_POINT ( 'NONE',  ( -0.3499999999999999778, 0.1499999999999999944, 1.224999999999999867 ) ) ;
#4423 = UNCERTAINTY_MEASURE_WITH_UNIT (LENGTH_MEASURE( 1.000000000000000082E-05 ), #4552, 'distance_accuracy_value', 'NONE');
#4424 = UNCERTAINTY_MEASURE_WITH_UNIT (LENGTH_MEASURE( 1.000000000000000082E-05 ), #3667, 'distance_accuracy_value', 'NONE');
#4425 = DIRECTION ( 'NONE',  ( 0.000000000000000000, -1.000000000000000000, 0.000000000000000000 ) ) ;
#4426 = SURFACE_SIDE_STYLE ('',( #4152 ) ) ;
#4427 = AXIS2_PLACEMENT_3D ( 'NONE', #5694, #1706, #191 ) ;
#4428 = FACE_OUTER_BOUND ( 'NONE', #3125, .T. ) ;
#4429 = EDGE_CURVE ( 'NONE', #4757, #5941, #3079, .T. ) ;
#4430 = AXIS2_PLACEMENT_3D ( 'NONE', #5652, #6163, #3627 ) ;
#4431 =( NAMED_UNIT ( * ) SI_UNIT ( $, .STERADIAN. ) SOLID_ANGLE_UNIT ( ) );
#4432 = LINE ( 'NONE', #6241, #1166 ) ;
#4433 = DIRECTION ( 'NONE',  ( 0.000000000000000000, -0.000000000000000000, 1.000000000000000000 ) ) ;
#4434 = CARTESIAN_POINT ( 'NONE',  ( 1.250000000000000000, 0.1499999999999999944, -0.6250000000000000000 ) ) ;
#4435 = MECHANICAL_DESIGN_GEOMETRIC_PRESENTATION_REPRESENTATION (  '', ( #2864 ), #1947 ) ;
#4436 = EDGE_CURVE ( 'NONE', #346, #1118, #864, .T. ) ;
#4437 = COLOUR_RGB ( '',1.000000000000000000, 1.000000000000000000, 1.000000000000000000 ) ;
#4438 = VECTOR ( 'NONE', #3602, 1000.000000000000000 ) ;
#4439 =( NAMED_UNIT ( * ) SI_UNIT ( $, .STERADIAN. ) SOLID_ANGLE_UNIT ( ) );
#4440 = CARTESIAN_POINT ( 'NONE',  ( 0.6500000000000000222, 0.1499999999999999944, -1.500000000000000000 ) ) ;
#4441 = ORIENTED_EDGE ( 'NONE', *, *, #3133, .F. ) ;
#4442 = CARTESIAN_POINT ( 'NONE',  ( 0.6500000000000000222, -0.05000000000000000278, -1.500000000000000000 ) ) ;
#4443 = VECTOR ( 'NONE', #3543, 1000.000000000000000 ) ;
#4444 =( NAMED_UNIT ( * ) SI_UNIT ( $, .STERADIAN. ) SOLID_ANGLE_UNIT ( ) );
#4445 = VERTEX_POINT ( 'NONE', #2039 ) ;
#4446 = COLOUR_RGB ( '',1.000000000000000000, 1.000000000000000000, 1.000000000000000000 ) ;
#4447 = EDGE_CURVE ( 'NONE', #3453, #512, #4909, .T. ) ;
#4448 = DIRECTION ( 'NONE',  ( -0.000000000000000000, -1.000000000000000000, -0.000000000000000000 ) ) ;
#4449 = COLOUR_RGB ( '',0.1019607843137254888, 0.1019607843137254888, 0.1019607843137254888 ) ;
#4450 = SURFACE_STYLE_FILL_AREA ( #5437 ) ;
#4451 = ORIENTED_EDGE ( 'NONE', *, *, #100, .T. ) ;
#4452 = VERTEX_POINT ( 'NONE', #69 ) ;
#4453 = PRESENTATION_LAYER_ASSIGNMENT (  '', '', ( #2528 ) ) ;
#4454 = DIRECTION ( 'NONE',  ( -0.000000000000000000, 1.000000000000000000, -0.000000000000000000 ) ) ;
#4455 =( NAMED_UNIT ( * ) PLANE_ANGLE_UNIT ( ) SI_UNIT ( $, .RADIAN. ) );
#4456 = AXIS2_PLACEMENT_3D ( 'NONE', #5516, #6517, #4476 ) ;
#4457 = ORIENTED_EDGE ( 'NONE', *, *, #3480, .F. ) ;
#4458 = DIRECTION ( 'NONE',  ( 0.000000000000000000, -1.000000000000000000, 0.000000000000000000 ) ) ;
#4459 = VECTOR ( 'NONE', #5805, 1000.000000000000000 ) ;
#4460 = CYLINDRICAL_SURFACE ( 'NONE', #655, 0.1250000000000001110 ) ;
#4461 = CARTESIAN_POINT ( 'NONE',  ( 0.4000000000000000222, -0.05000000000000000278, -1.350000000000000089 ) ) ;
#4462 = ORIENTED_EDGE ( 'NONE', *, *, #1560, .T. ) ;
#4463 = CARTESIAN_POINT ( 'NONE',  ( -1.250000000000000000, 0.1499999999999999944, 0.3750000000000000000 ) ) ;
#4464 = EDGE_LOOP ( 'NONE', ( #1723, #5990, #4670, #3065 ) ) ;
#4465 = SURFACE_STYLE_USAGE ( .BOTH. , #3947 ) ;
#4466 = AXIS2_PLACEMENT_3D ( 'NONE', #1614, #1144, #2113 ) ;
#4467 = CARTESIAN_POINT ( 'NONE',  ( -0.3499999999999999778, 0.1499999999999999944, -1.500000000000000000 ) ) ;
#4468 = CARTESIAN_POINT ( 'NONE',  ( -0.8499999999999999778, -0.05000000000000000278, -0.6250000000000000000 ) ) ;
#4469 = LINE ( 'NONE', #5453, #2633 ) ;
#4470 = LINE ( 'NONE', #3614, #742 ) ;
#4471 = UNCERTAINTY_MEASURE_WITH_UNIT (LENGTH_MEASURE( 1.000000000000000082E-05 ), #3494, 'distance_accuracy_value', 'NONE');
#4472 = ADVANCED_FACE ( 'NONE', ( #5860 ), #3578, .F. ) ;
#4473 = ORIENTED_EDGE ( 'NONE', *, *, #4916, .F. ) ;
#4474 = DIRECTION ( 'NONE',  ( 0.000000000000000000, 0.000000000000000000, -1.000000000000000000 ) ) ;
#4475 = FACE_OUTER_BOUND ( 'NONE', #4045, .T. ) ;
#4476 = DIRECTION ( 'NONE',  ( 0.000000000000000000, 0.000000000000000000, -1.000000000000000000 ) ) ;
#4477 = EDGE_LOOP ( 'NONE', ( #4825, #6079, #2402, #6160 ) ) ;
#4478 = ORIENTED_EDGE ( 'NONE', *, *, #5966, .F. ) ;
#4479 = SURFACE_SIDE_STYLE ('',( #5163 ) ) ;
#4480 = VERTEX_POINT ( 'NONE', #1734 ) ;
#4481 = DIRECTION ( 'NONE',  ( 0.000000000000000000, 0.000000000000000000, -1.000000000000000000 ) ) ;
#4482 = DIRECTION ( 'NONE',  ( 1.000000000000000000, 0.000000000000000000, 0.000000000000000000 ) ) ;
#4483 = MECHANICAL_DESIGN_GEOMETRIC_PRESENTATION_REPRESENTATION (  '', ( #3404 ), #5110 ) ;
#4484 = FILL_AREA_STYLE ('',( #5097 ) ) ;
#4485 = LINE ( 'NONE', #3919, #3757 ) ;
#4486 = ORIENTED_EDGE ( 'NONE', *, *, #1030, .T. ) ;
#4487 = PLANE ( 'NONE',  #675 ) ;
#4488 = COLOUR_RGB ( '',1.000000000000000000, 1.000000000000000000, 1.000000000000000000 ) ;
#4489 = CARTESIAN_POINT ( 'NONE',  ( -0.5999999999999999778, 0.1499999999999999944, 1.224999999999999867 ) ) ;
#4490 = COLOUR_RGB ( '',0.1019607843137254888, 0.1019607843137254888, 0.1019607843137254888 ) ;
#4491 = ADVANCED_FACE ( 'NONE', ( #2853 ), #697, .F. ) ;
#4492 = ORIENTED_EDGE ( 'NONE', *, *, #4436, .T. ) ;
#4493 = VECTOR ( 'NONE', #183, 1000.000000000000000 ) ;
#4494 = CARTESIAN_POINT ( 'NONE',  ( -0.9749999999999999778, 0.1499999999999999944, 0.3750000000000000000 ) ) ;
#4495 = VERTEX_POINT ( 'NONE', #1243 ) ;
#4496 = EDGE_CURVE ( 'NONE', #2043, #2065, #4511, .T. ) ;
#4497 = SURFACE_SIDE_STYLE ('',( #1635 ) ) ;
#4498 = STYLED_ITEM ( 'NONE', ( #4122 ), #4207 ) ;
#4499 = SURFACE_SIDE_STYLE ('',( #5977 ) ) ;
#4500 = COLOUR_RGB ( '',1.000000000000000000, 1.000000000000000000, 1.000000000000000000 ) ;
#4501 = DIRECTION ( 'NONE',  ( 1.000000000000000000, 0.000000000000000000, 0.000000000000000000 ) ) ;
#4502 = VERTEX_POINT ( 'NONE', #1394 ) ;
#4503 = SURFACE_STYLE_USAGE ( .BOTH. , #1883 ) ;
#4504 = LINE ( 'NONE', #4031, #1943 ) ;
#4505 = SURFACE_SIDE_STYLE ('',( #1388 ) ) ;
#4506 = FILL_AREA_STYLE_COLOUR ( '', #1817 ) ;
#4507 = PRESENTATION_LAYER_ASSIGNMENT (  '', '', ( #1980 ) ) ;
#4508 = DIRECTION ( 'NONE',  ( 0.000000000000000000, -1.000000000000000000, 0.000000000000000000 ) ) ;
#4509 = LINE ( 'NONE', #4626, #1408 ) ;
#4510 = EDGE_CURVE ( 'NONE', #1002, #5964, #1484, .T. ) ;
#4511 = LINE ( 'NONE', #2805, #4362 ) ;
#4512 = FILL_AREA_STYLE ('',( #1445 ) ) ;
#4513 = CARTESIAN_POINT ( 'NONE',  ( -0.3499999999999999778, -0.05000000000000000278, -1.224999999999999867 ) ) ;
#4514 = ORIENTED_EDGE ( 'NONE', *, *, #4868, .T. ) ;
#4515 = DIRECTION ( 'NONE',  ( -1.000000000000000000, 0.000000000000000000, -0.000000000000000000 ) ) ;
#4516 = LINE ( 'NONE', #2980, #4832 ) ;
#4517 = FILL_AREA_STYLE_COLOUR ( '', #3906 ) ;
#4518 = DIRECTION ( 'NONE',  ( 0.000000000000000000, 0.000000000000000000, -1.000000000000000000 ) ) ;
#4519 = MECHANICAL_DESIGN_GEOMETRIC_PRESENTATION_REPRESENTATION (  '', ( #4720 ), #1322 ) ;
#4520 = EDGE_CURVE ( 'NONE', #1118, #6135, #153, .T. ) ;
#4521 =( NAMED_UNIT ( * ) PLANE_ANGLE_UNIT ( ) SI_UNIT ( $, .RADIAN. ) );
#4522 = ORIENTED_EDGE ( 'NONE', *, *, #5566, .F. ) ;
#4523 = VECTOR ( 'NONE', #5768, 1000.000000000000000 ) ;
#4524 = DIRECTION ( 'NONE',  ( -1.000000000000000000, 0.000000000000000000, 0.000000000000000000 ) ) ;
#4525 = SURFACE_SIDE_STYLE ('',( #3694 ) ) ;
#4526 = DIRECTION ( 'NONE',  ( 0.000000000000000000, 1.000000000000000000, 0.000000000000000000 ) ) ;
#4527 = EDGE_LOOP ( 'NONE', ( #5398, #49, #3645, #1389 ) ) ;
#4528 = VECTOR ( 'NONE', #3744, 1000.000000000000000 ) ;
#4529 = CARTESIAN_POINT ( 'NONE',  ( -0.3499999999999999778, 0.1499999999999999944, 1.500000000000000000 ) ) ;
#4530 = AXIS2_PLACEMENT_3D ( 'NONE', #4742, #4800, #1698 ) ;
#4531 = ORIENTED_EDGE ( 'NONE', *, *, #3606, .T. ) ;
#4532 = EDGE_CURVE ( 'NONE', #1999, #4252, #6539, .T. ) ;
#4533 =( NAMED_UNIT ( * ) SI_UNIT ( $, .STERADIAN. ) SOLID_ANGLE_UNIT ( ) );
#4534 = VECTOR ( 'NONE', #4659, 1000.000000000000000 ) ;
#4535 = CARTESIAN_POINT ( 'NONE',  ( -1.250000000000000000, -0.000000000000000000, -0.1250000000000000000 ) ) ;
#4536 = EDGE_LOOP ( 'NONE', ( #3629, #1078, #988, #1233 ) ) ;
#4537 = ORIENTED_EDGE ( 'NONE', *, *, #1053, .T. ) ;
#4538 =( LENGTH_UNIT ( ) NAMED_UNIT ( * ) SI_UNIT ( .MILLI., .METRE. ) );
#4539 = PRESENTATION_STYLE_ASSIGNMENT (( #5578 ) ) ;
#4540 = SURFACE_SIDE_STYLE ('',( #1212 ) ) ;
#4541 = PLANE ( 'NONE',  #6487 ) ;
#4542 = CARTESIAN_POINT ( 'NONE',  ( 0.4000000000000000222, 0.1499999999999999944, -1.500000000000000000 ) ) ;
#4543 = VERTEX_POINT ( 'NONE', #3880 ) ;
#4544 = ADVANCED_FACE ( 'NONE', ( #5205 ), #5427, .F. ) ;
#4545 = SURFACE_STYLE_FILL_AREA ( #2763 ) ;
#4546 = VERTEX_POINT ( 'NONE', #2893 ) ;
#4547 =( GEOMETRIC_REPRESENTATION_CONTEXT ( 3 ) GLOBAL_UNCERTAINTY_ASSIGNED_CONTEXT ( ( #5101 ) ) GLOBAL_UNIT_ASSIGNED_CONTEXT ( ( #233, #1683, #2216 ) ) REPRESENTATION_CONTEXT ( 'NONE', 'WORKASPACE' ) );
#4548 = EDGE_CURVE ( 'NONE', #3920, #2731, #3319, .T. ) ;
#4549 =( NAMED_UNIT ( * ) PLANE_ANGLE_UNIT ( ) SI_UNIT ( $, .RADIAN. ) );
#4550 = LINE ( 'NONE', #6189, #6503 ) ;
#4551 = PRESENTATION_LAYER_ASSIGNMENT (  '', '', ( #3390 ) ) ;
#4552 =( LENGTH_UNIT ( ) NAMED_UNIT ( * ) SI_UNIT ( .MILLI., .METRE. ) );
#4553 = ORIENTED_EDGE ( 'NONE', *, *, #6128, .F. ) ;
#4554 = DIRECTION ( 'NONE',  ( 0.000000000000000000, 0.000000000000000000, -1.000000000000000000 ) ) ;
#4555 = SURFACE_STYLE_FILL_AREA ( #3959 ) ;
#4556 =( GEOMETRIC_REPRESENTATION_CONTEXT ( 3 ) GLOBAL_UNCERTAINTY_ASSIGNED_CONTEXT ( ( #3903 ) ) GLOBAL_UNIT_ASSIGNED_CONTEXT ( ( #5971, #3994, #5988 ) ) REPRESENTATION_CONTEXT ( 'NONE', 'WORKASPACE' ) );
#4557 = AXIS2_PLACEMENT_3D ( 'NONE', #5940, #2834, #1289 ) ;
#4558 = EDGE_CURVE ( 'NONE', #390, #3214, #1404, .T. ) ;
#4559 = ORIENTED_EDGE ( 'NONE', *, *, #842, .F. ) ;
#4560 = FILL_AREA_STYLE_COLOUR ( '', #3649 ) ;
#4561 = ORIENTED_EDGE ( 'NONE', *, *, #446, .T. ) ;
#4562 =( NAMED_UNIT ( * ) SI_UNIT ( $, .STERADIAN. ) SOLID_ANGLE_UNIT ( ) );
#4563 = SURFACE_STYLE_FILL_AREA ( #3106 ) ;
#4564 =( NAMED_UNIT ( * ) SI_UNIT ( $, .STERADIAN. ) SOLID_ANGLE_UNIT ( ) );
#4565 = ADVANCED_FACE ( 'NONE', ( #2443 ), #4357, .T. ) ;
#4566 = ORIENTED_EDGE ( 'NONE', *, *, #1003, .F. ) ;
#4567 = SURFACE_SIDE_STYLE ('',( #6100 ) ) ;
#4568 = STYLED_ITEM ( 'NONE', ( #3326 ), #2212 ) ;
#4569 = STYLED_ITEM ( 'NONE', ( #973 ), #60 ) ;
#4570 = SURFACE_SIDE_STYLE ('',( #1012 ) ) ;
#4571 = VECTOR ( 'NONE', #3601, 1000.000000000000000 ) ;
#4572 = EDGE_LOOP ( 'NONE', ( #1201, #5558, #1727, #1257 ) ) ;
#4573 = ORIENTED_EDGE ( 'NONE', *, *, #5992, .T. ) ;
#4574 = CARTESIAN_POINT ( 'NONE',  ( 0.7750000000000000222, -0.05000000000000000278, 1.224999999999999867 ) ) ;
#4575 = LINE ( 'NONE', #895, #4900 ) ;
#4576 = ADVANCED_FACE ( 'NONE', ( #1787 ), #419, .F. ) ;
#4577 = DIRECTION ( 'NONE',  ( -0.000000000000000000, -1.000000000000000000, -0.000000000000000000 ) ) ;
#4578 = DIRECTION ( 'NONE',  ( 1.000000000000000000, 0.000000000000000000, 0.000000000000000000 ) ) ;
#4579 = STYLED_ITEM ( 'NONE', ( #1950 ), #4565 ) ;
#4580 = PRESENTATION_STYLE_ASSIGNMENT (( #1139 ) ) ;
#4581 = PRESENTATION_STYLE_ASSIGNMENT (( #2803 ) ) ;
#4582 = UNCERTAINTY_MEASURE_WITH_UNIT (LENGTH_MEASURE( 1.000000000000000082E-05 ), #1903, 'distance_accuracy_value', 'NONE');
#4583 = MECHANICAL_DESIGN_GEOMETRIC_PRESENTATION_REPRESENTATION (  '', ( #2419 ), #1940 ) ;
#4584 = DIRECTION ( 'NONE',  ( 0.000000000000000000, -1.000000000000000000, 0.000000000000000000 ) ) ;
#4585 = PLANE ( 'NONE',  #104 ) ;
#4586 = DIRECTION ( 'NONE',  ( -1.000000000000000000, 0.000000000000000000, 0.000000000000000000 ) ) ;
#4587 = FACE_OUTER_BOUND ( 'NONE', #92, .T. ) ;
#4588 = MECHANICAL_DESIGN_GEOMETRIC_PRESENTATION_REPRESENTATION (  '', ( #1980 ), #5470 ) ;
#4589 = VECTOR ( 'NONE', #5023, 1000.000000000000000 ) ;
#4590 = DIRECTION ( 'NONE',  ( 0.000000000000000000, 0.000000000000000000, -1.000000000000000000 ) ) ;
#4591 = DIRECTION ( 'NONE',  ( 0.000000000000000000, -1.000000000000000000, 0.000000000000000000 ) ) ;
#4592 = DIRECTION ( 'NONE',  ( -0.000000000000000000, -1.000000000000000000, -0.000000000000000000 ) ) ;
#4593 = EDGE_CURVE ( 'NONE', #2414, #3403, #860, .T. ) ;
#4594 = ORIENTED_EDGE ( 'NONE', *, *, #5152, .F. ) ;
#4595 = CIRCLE ( 'NONE', #1099, 0.1250000000000001110 ) ;
#4596 = STYLED_ITEM ( 'NONE', ( #903 ), #5496 ) ;
#4597 = VECTOR ( 'NONE', #3789, 1000.000000000000000 ) ;
#4598 = CARTESIAN_POINT ( 'NONE',  ( 1.250000000000000000, 0.1499999999999999944, 0.1250000000000000000 ) ) ;
#4599 = ORIENTED_EDGE ( 'NONE', *, *, #1456, .T. ) ;
#4600 =( LENGTH_UNIT ( ) NAMED_UNIT ( * ) SI_UNIT ( .MILLI., .METRE. ) );
#4601 = SURFACE_STYLE_FILL_AREA ( #2296 ) ;
#4602 = EDGE_CURVE ( 'NONE', #5377, #6346, #6009, .T. ) ;
#4603 = DIRECTION ( 'NONE',  ( -0.000000000000000000, -1.000000000000000000, -0.000000000000000000 ) ) ;
#4604 = ORIENTED_EDGE ( 'NONE', *, *, #1170, .F. ) ;
#4605 = ORIENTED_EDGE ( 'NONE', *, *, #5017, .T. ) ;
#4606 = LINE ( 'NONE', #3787, #3976 ) ;
#4607 = ORIENTED_EDGE ( 'NONE', *, *, #1674, .F. ) ;
#4608 = FILL_AREA_STYLE_COLOUR ( '', #4500 ) ;
#4609 = CARTESIAN_POINT ( 'NONE',  ( -0.5999999999999999778, 0.1499999999999999944, -1.224999999999999867 ) ) ;
#4610 = LINE ( 'NONE', #5338, #3108 ) ;
#4611 = ADVANCED_FACE ( 'NONE', ( #6086 ), #964, .F. ) ;
#4612 = FACE_OUTER_BOUND ( 'NONE', #3298, .T. ) ;
#4613 = MECHANICAL_DESIGN_GEOMETRIC_PRESENTATION_REPRESENTATION (  '', ( #5413 ), #5622 ) ;
#4614 = DIRECTION ( 'NONE',  ( -0.000000000000000000, 0.000000000000000000, -1.000000000000000000 ) ) ;
#4615 = VECTOR ( 'NONE', #1033, 1000.000000000000000 ) ;
#4616 = EDGE_LOOP ( 'NONE', ( #1567, #5502, #426, #1293, #5118, #4344, #1208, #3111, #6452, #2707 ) ) ;
#4617 = VERTEX_POINT ( 'NONE', #2970 ) ;
#4618 = VECTOR ( 'NONE', #859, 1000.000000000000000 ) ;
#4619 = CARTESIAN_POINT ( 'NONE',  ( -0.8499999999999999778, 0.1499999999999999944, -0.6250000000000000000 ) ) ;
#4620 = ORIENTED_EDGE ( 'NONE', *, *, #5392, .T. ) ;
#4621 = EDGE_LOOP ( 'NONE', ( #3392, #6513, #1160, #2654 ) ) ;
#4622 = SURFACE_SIDE_STYLE ('',( #1982 ) ) ;
#4623 = CARTESIAN_POINT ( 'NONE',  ( 1.250000000000000000, 0.000000000000000000, 0.1250000000000001110 ) ) ;
#4624 = DIRECTION ( 'NONE',  ( 0.000000000000000000, 0.000000000000000000, -1.000000000000000000 ) ) ;
#4625 = ORIENTED_EDGE ( 'NONE', *, *, #6121, .T. ) ;
#4626 = CARTESIAN_POINT ( 'NONE',  ( 1.250000000000000000, -0.05000000000000000278, -0.6250000000000000000 ) ) ;
#4627 = VECTOR ( 'NONE', #1338, 1000.000000000000000 ) ;
#4628 = DIRECTION ( 'NONE',  ( 0.000000000000000000, -0.000000000000000000, -1.000000000000000000 ) ) ;
#4629 = MECHANICAL_DESIGN_GEOMETRIC_PRESENTATION_REPRESENTATION (  '', ( #686 ), #3182 ) ;
#4630 = EDGE_LOOP ( 'NONE', ( #1615, #6174, #1444, #379 ) ) ;
#4631 = EDGE_CURVE ( 'NONE', #2866, #130, #1481, .T. ) ;
#4632 = EDGE_CURVE ( 'NONE', #590, #5154, #5521, .T. ) ;
#4633 = ORIENTED_EDGE ( 'NONE', *, *, #1560, .F. ) ;
#4634 = CARTESIAN_POINT ( 'NONE',  ( -1.250000000000000000, 0.1499999999999999944, -0.3750000000000000000 ) ) ;
#4635 = CARTESIAN_POINT ( 'NONE',  ( -1.250000000000000000, 0.1499999999999999944, -0.3750000000000000000 ) ) ;
#4636 = EDGE_CURVE ( 'NONE', #3546, #536, #3949, .T. ) ;
#4637 = DIRECTION ( 'NONE',  ( 1.000000000000000000, 0.000000000000000000, 0.000000000000000000 ) ) ;
#4638 = FILL_AREA_STYLE_COLOUR ( '', #3184 ) ;
#4639 = CARTESIAN_POINT ( 'NONE',  ( -0.1000000000000000056, -0.05000000000000000278, 1.500000000000000000 ) ) ;
#4640 = VERTEX_POINT ( 'NONE', #2755 ) ;
#4641 = AXIS2_PLACEMENT_3D ( 'NONE', #2905, #3441, #1930 ) ;
#4642 = FACE_OUTER_BOUND ( 'NONE', #372, .T. ) ;
#4643 = AXIS2_PLACEMENT_3D ( 'NONE', #601, #6168, #5844 ) ;
#4644 = ORIENTED_EDGE ( 'NONE', *, *, #1788, .T. ) ;
#4645 = EDGE_CURVE ( 'NONE', #81, #4125, #4115, .T. ) ;
#4646 = PLANE ( 'NONE',  #6319 ) ;
#4647 =( NAMED_UNIT ( * ) PLANE_ANGLE_UNIT ( ) SI_UNIT ( $, .RADIAN. ) );
#4648 = CARTESIAN_POINT ( 'NONE',  ( 0.2750000000000000222, 0.1499999999999999944, 1.099999999999999867 ) ) ;
#4649 = PRESENTATION_STYLE_ASSIGNMENT (( #3325 ) ) ;
#4650 = PRODUCT_DEFINITION_SHAPE ( 'NONE', 'NONE',  #1416 ) ;
#4651 = DIRECTION ( 'NONE',  ( -0.000000000000000000, 1.000000000000000000, -0.000000000000000000 ) ) ;
#4652 = PRESENTATION_STYLE_ASSIGNMENT (( #5766 ) ) ;
#4653 = ORIENTED_EDGE ( 'NONE', *, *, #1241, .T. ) ;
#4654 =( NAMED_UNIT ( * ) PLANE_ANGLE_UNIT ( ) SI_UNIT ( $, .RADIAN. ) );
#4655 = AXIS2_PLACEMENT_3D ( 'NONE', #5785, #1350, #6255 ) ;
#4656 = DIRECTION ( 'NONE',  ( 0.000000000000000000, 0.000000000000000000, -1.000000000000000000 ) ) ;
#4657 = PLANE ( 'NONE',  #4927 ) ;
#4658 = LINE ( 'NONE', #1570, #2676 ) ;
#4659 = DIRECTION ( 'NONE',  ( -3.614007241618349264E-16, 0.000000000000000000, 1.000000000000000000 ) ) ;
#4660 = UNCERTAINTY_MEASURE_WITH_UNIT (LENGTH_MEASURE( 1.000000000000000082E-05 ), #815, 'distance_accuracy_value', 'NONE');
#4661 = DIRECTION ( 'NONE',  ( -0.000000000000000000, -1.000000000000000000, -0.000000000000000000 ) ) ;
#4662 = VECTOR ( 'NONE', #4892, 1000.000000000000000 ) ;
#4663 = STYLED_ITEM ( 'NONE', ( #4421 ), #3391 ) ;
#4664 = PRESENTATION_STYLE_ASSIGNMENT (( #4964 ) ) ;
#4665 = CARTESIAN_POINT ( 'NONE',  ( -1.250000000000000000, -0.05000000000000000278, -0.3750000000000000000 ) ) ;
#4666 = FACE_OUTER_BOUND ( 'NONE', #5978, .T. ) ;
#4667 = STYLED_ITEM ( 'NONE', ( #6353 ), #6288 ) ;
#4668 = LINE ( 'NONE', #888, #5302 ) ;
#4669 = ORIENTED_EDGE ( 'NONE', *, *, #5909, .T. ) ;
#4670 = ORIENTED_EDGE ( 'NONE', *, *, #2944, .F. ) ;
#4671 = COLOUR_RGB ( '',1.000000000000000000, 1.000000000000000000, 1.000000000000000000 ) ;
#4672 = CARTESIAN_POINT ( 'NONE',  ( -0.9749999999999999778, -0.05000000000000000278, 0.2500000000000000000 ) ) ;
#4673 = FILL_AREA_STYLE ('',( #3261 ) ) ;
#4674 = PRESENTATION_LAYER_ASSIGNMENT (  '', '', ( #2804 ) ) ;
#4675 = ORIENTED_EDGE ( 'NONE', *, *, #839, .T. ) ;
#4676 = EDGE_CURVE ( 'NONE', #4939, #2988, #2597, .T. ) ;
#4677 = LINE ( 'NONE', #3551, #5874 ) ;
#4678 = EDGE_LOOP ( 'NONE', ( #3824, #4290, #3970, #5885 ) ) ;
#4679 = ORIENTED_EDGE ( 'NONE', *, *, #4228, .F. ) ;
#4680 = DIRECTION ( 'NONE',  ( 0.000000000000000000, 0.000000000000000000, 1.000000000000000000 ) ) ;
#4681 = DIRECTION ( 'NONE',  ( 0.000000000000000000, 0.000000000000000000, -1.000000000000000000 ) ) ;
#4682 = DIRECTION ( 'NONE',  ( 0.000000000000000000, 0.000000000000000000, -1.000000000000000000 ) ) ;
#4683 = LINE ( 'NONE', #6303, #2626 ) ;
#4684 = AXIS2_PLACEMENT_3D ( 'NONE', #980, #522, #5093 ) ;
#4685 = ORIENTED_EDGE ( 'NONE', *, *, #3983, .F. ) ;
#4686 = ORIENTED_EDGE ( 'NONE', *, *, #411, .F. ) ;
#4687 = EDGE_CURVE ( 'NONE', #3858, #4125, #6228, .T. ) ;
#4688 = VECTOR ( 'NONE', #1519, 1000.000000000000000 ) ;
#4689 = EDGE_CURVE ( 'NONE', #177, #3692, #4728, .T. ) ;
#4690 = VECTOR ( 'NONE', #3866, 1000.000000000000000 ) ;
#4691 = DIRECTION ( 'NONE',  ( -1.000000000000000000, 0.000000000000000000, 0.000000000000000000 ) ) ;
#4692 = ORIENTED_EDGE ( 'NONE', *, *, #186, .F. ) ;
#4693 = PRESENTATION_LAYER_ASSIGNMENT (  '', '', ( #5673 ) ) ;
#4694 = LINE ( 'NONE', #2173, #3045 ) ;
#4695 = EDGE_CURVE ( 'NONE', #169, #1769, #2016, .T. ) ;
#4696 = DIRECTION ( 'NONE',  ( 0.000000000000000000, -1.000000000000000000, 0.000000000000000000 ) ) ;
#4697 = CARTESIAN_POINT ( 'NONE',  ( 0.6500000000000000222, -0.05000000000000000278, -1.350000000000000089 ) ) ;
#4698 = CARTESIAN_POINT ( 'NONE',  ( -0.9749999999999999778, 0.1499999999999999944, 0.3750000000000000000 ) ) ;
#4699 = ORIENTED_EDGE ( 'NONE', *, *, #9, .T. ) ;
#4700 = DIRECTION ( 'NONE',  ( 0.000000000000000000, 0.000000000000000000, -1.000000000000000000 ) ) ;
#4701 = CARTESIAN_POINT ( 'NONE',  ( 0.9000000000000000222, -0.05000000000000000278, -1.500000000000000000 ) ) ;
#4702 = VECTOR ( 'NONE', #5185, 1000.000000000000000 ) ;
#4703 = FILL_AREA_STYLE ('',( #4027 ) ) ;
#4704 = CARTESIAN_POINT ( 'NONE',  ( 1.250000000000000000, 0.9499999999999999556, -1.500000000000000000 ) ) ;
#4705 = ORIENTED_EDGE ( 'NONE', *, *, #4593, .T. ) ;
#4706 = PRESENTATION_LAYER_ASSIGNMENT (  '', '', ( #726 ) ) ;
#4707 = SURFACE_SIDE_STYLE ('',( #3007 ) ) ;
#4708 = DIRECTION ( 'NONE',  ( 0.000000000000000000, -1.000000000000000000, 0.000000000000000000 ) ) ;
#4709 = PRESENTATION_STYLE_ASSIGNMENT (( #5953 ) ) ;
#4710 = CARTESIAN_POINT ( 'NONE',  ( -0.1250000000000000000, 0.1499999999999999944, -0.1250000000000000833 ) ) ;
#4711 =( GEOMETRIC_REPRESENTATION_CONTEXT ( 3 ) GLOBAL_UNCERTAINTY_ASSIGNED_CONTEXT ( ( #678 ) ) GLOBAL_UNIT_ASSIGNED_CONTEXT ( ( #3798, #1697, #2228 ) ) REPRESENTATION_CONTEXT ( 'NONE', 'WORKASPACE' ) );
#4712 = EDGE_LOOP ( 'NONE', ( #2470, #6480, #2548, #2986 ) ) ;
#4713 = CARTESIAN_POINT ( 'NONE',  ( 0.1499999999999999667, 0.1499999999999999944, -1.500000000000000000 ) ) ;
#4714 = EDGE_CURVE ( 'NONE', #3813, #1999, #228, .T. ) ;
#4715 = VERTEX_POINT ( 'NONE', #2695 ) ;
#4716 = LINE ( 'NONE', #4489, #5916 ) ;
#4717 = DIRECTION ( 'NONE',  ( 0.000000000000000000, -1.000000000000000000, 0.000000000000000000 ) ) ;
#4718 = CARTESIAN_POINT ( 'NONE',  ( -1.250000000000000000, 0.9499999999999999556, 1.500000000000000000 ) ) ;
#4719 = ORIENTED_EDGE ( 'NONE', *, *, #3746, .T. ) ;
#4720 = STYLED_ITEM ( 'NONE', ( #2124 ), #1797 ) ;
#4721 = CARTESIAN_POINT ( 'NONE',  ( 0.2250000000000000056, -0.05000000000000000278, 0.5000000000000000000 ) ) ;
#4722 = SURFACE_STYLE_USAGE ( .BOTH. , #5724 ) ;
#4723 = LINE ( 'NONE', #3366, #540 ) ;
#4724 =( LENGTH_UNIT ( ) NAMED_UNIT ( * ) SI_UNIT ( .MILLI., .METRE. ) );
#4725 =( NAMED_UNIT ( * ) PLANE_ANGLE_UNIT ( ) SI_UNIT ( $, .RADIAN. ) );
#4726 = DIRECTION ( 'NONE',  ( 0.000000000000000000, 0.000000000000000000, -1.000000000000000000 ) ) ;
#4727 = LINE ( 'NONE', #2255, #6157 ) ;
#4728 = LINE ( 'NONE', #1074, #782 ) ;
#4729 = AXIS2_PLACEMENT_3D ( 'NONE', #84, #6129, #1561 ) ;
#4730 = FILL_AREA_STYLE ('',( #5688 ) ) ;
#4731 = DIRECTION ( 'NONE',  ( 0.000000000000000000, -1.000000000000000000, 0.000000000000000000 ) ) ;
#4732 = VERTEX_POINT ( 'NONE', #3936 ) ;
#4733 = VECTOR ( 'NONE', #2918, 1000.000000000000000 ) ;
#4734 = DIRECTION ( 'NONE',  ( 0.000000000000000000, -0.000000000000000000, 1.000000000000000000 ) ) ;
#4735 = CARTESIAN_POINT ( 'NONE',  ( 0.4000000000000000222, -0.05000000000000000278, 1.350000000000000089 ) ) ;
#4736 = CIRCLE ( 'NONE', #5898, 0.1250000000000000278 ) ;
#4737 = DIRECTION ( 'NONE',  ( 1.000000000000000000, -0.000000000000000000, -0.000000000000000000 ) ) ;
#4738 = VECTOR ( 'NONE', #2078, 1000.000000000000000 ) ;
#4739 = SURFACE_SIDE_STYLE ('',( #4545 ) ) ;
#4740 = EDGE_LOOP ( 'NONE', ( #2819, #996, #178, #5387 ) ) ;
#4741 = PRESENTATION_STYLE_ASSIGNMENT (( #2290 ) ) ;
#4742 = CARTESIAN_POINT ( 'NONE',  ( -0.7249999999999999778, 0.1499999999999999944, 1.224999999999999867 ) ) ;
#4743 = FILL_AREA_STYLE_COLOUR ( '', #2992 ) ;
#4744 = MECHANICAL_DESIGN_GEOMETRIC_PRESENTATION_REPRESENTATION (  '', ( #6034 ), #1149 ) ;
#4745 = LINE ( 'NONE', #2362, #4597 ) ;
#4746 = EDGE_CURVE ( 'NONE', #3506, #4130, #1476, .T. ) ;
#4747 = LINE ( 'NONE', #276, #5868 ) ;
#4748 = VERTEX_POINT ( 'NONE', #5985 ) ;
#4749 = SURFACE_STYLE_USAGE ( .BOTH. , #3185 ) ;
#4750 = STYLED_ITEM ( 'NONE', ( #1282 ), #6382 ) ;
#4751 = ADVANCED_FACE ( 'NONE', ( #928 ), #3780, .F. ) ;
#4752 = ORIENTED_EDGE ( 'NONE', *, *, #3151, .T. ) ;
#4753 = CARTESIAN_POINT ( 'NONE',  ( 0.2250000000000000056, 0.1499999999999999944, -0.6250000000000000000 ) ) ;
#4754 = VECTOR ( 'NONE', #4164, 1000.000000000000000 ) ;
#4755 = VECTOR ( 'NONE', #1303, 1000.000000000000000 ) ;
#4756 = ORIENTED_EDGE ( 'NONE', *, *, #3795, .T. ) ;
#4757 = VERTEX_POINT ( 'NONE', #6327 ) ;
#4758 = CARTESIAN_POINT ( 'NONE',  ( 0.3999999999999999667, -0.05000000000000000278, 1.500000000000000000 ) ) ;
#4759 = CARTESIAN_POINT ( 'NONE',  ( 0.2250000000000000056, 0.1499999999999999944, 0.6250000000000000000 ) ) ;
#4760 = AXIS2_PLACEMENT_3D ( 'NONE', #914, #1916, #5444 ) ;
#4761 = VECTOR ( 'NONE', #279, 1000.000000000000000 ) ;
#4762 = EDGE_CURVE ( 'NONE', #4404, #3813, #2842, .T. ) ;
#4763 = DIRECTION ( 'NONE',  ( 0.000000000000000000, -1.000000000000000000, 0.000000000000000000 ) ) ;
#4764 = FACE_OUTER_BOUND ( 'NONE', #5442, .T. ) ;
#4765 = DIRECTION ( 'NONE',  ( 0.000000000000000000, -1.000000000000000000, 0.000000000000000000 ) ) ;
#4766 = CARTESIAN_POINT ( 'NONE',  ( -0.5999999999999999778, 0.1499999999999999944, -1.500000000000000000 ) ) ;
#4767 = VECTOR ( 'NONE', #553, 1000.000000000000000 ) ;
#4768 = VECTOR ( 'NONE', #6415, 1000.000000000000000 ) ;
#4769 = ORIENTED_EDGE ( 'NONE', *, *, #5650, .T. ) ;
#4770 =( NAMED_UNIT ( * ) SI_UNIT ( $, .STERADIAN. ) SOLID_ANGLE_UNIT ( ) );
#4771 = DIRECTION ( 'NONE',  ( 0.000000000000000000, -1.000000000000000000, 0.000000000000000000 ) ) ;
#4772 = AXIS2_PLACEMENT_3D ( 'NONE', #2995, #971, #23 ) ;
#4773 = PLANE ( 'NONE',  #3109 ) ;
#4774 = PLANE ( 'NONE',  #4190 ) ;
#4775 = DIRECTION ( 'NONE',  ( -0.000000000000000000, -1.000000000000000000, -0.000000000000000000 ) ) ;
#4776 = LINE ( 'NONE', #6020, #270 ) ;
#4777 = EDGE_CURVE ( 'NONE', #873, #3979, #3311, .T. ) ;
#4778 = VECTOR ( 'NONE', #5277, 1000.000000000000000 ) ;
#4779 = DIRECTION ( 'NONE',  ( -0.000000000000000000, -1.000000000000000000, -0.000000000000000000 ) ) ;
#4780 = ORIENTED_EDGE ( 'NONE', *, *, #575, .F. ) ;
#4781 = UNCERTAINTY_MEASURE_WITH_UNIT (LENGTH_MEASURE( 1.000000000000000082E-05 ), #4828, 'distance_accuracy_value', 'NONE');
#4782 = SURFACE_STYLE_USAGE ( .BOTH. , #4278 ) ;
#4783 = UNCERTAINTY_MEASURE_WITH_UNIT (LENGTH_MEASURE( 1.000000000000000082E-05 ), #4958, 'distance_accuracy_value', 'NONE');
#4785 = VECTOR ( 'NONE', #5124, 1000.000000000000000 ) ;
#4784 = DIRECTION ( 'NONE',  ( -0.000000000000000000, 1.000000000000000000, -0.000000000000000000 ) ) ;
#4786 = VERTEX_POINT ( 'NONE', #2247 ) ;
#4787 = AXIS2_PLACEMENT_3D ( 'NONE', #4704, #676, #659 ) ;
#4788 = EDGE_CURVE ( 'NONE', #5949, #4154, #303, .T. ) ;
#4789 = MECHANICAL_DESIGN_GEOMETRIC_PRESENTATION_REPRESENTATION (  '', ( #4918 ), #6257 ) ;
#4790 =( LENGTH_UNIT ( ) NAMED_UNIT ( * ) SI_UNIT ( .MILLI., .METRE. ) );
#4791 = DIRECTION ( 'NONE',  ( 0.000000000000000000, -0.000000000000000000, -1.000000000000000000 ) ) ;
#4792 = ORIENTED_EDGE ( 'NONE', *, *, #1487, .T. ) ;
#4793 = DIRECTION ( 'NONE',  ( 1.000000000000000000, 0.000000000000000000, 0.000000000000000000 ) ) ;
#4794 = CARTESIAN_POINT ( 'NONE',  ( -1.250000000000000000, -0.05000000000000000278, 0.8750000000000000000 ) ) ;
#4795 = ORIENTED_EDGE ( 'NONE', *, *, #3395, .T. ) ;
#4796 = ADVANCED_FACE ( 'NONE', ( #2100, #4428 ), #3747, .F. ) ;
#4797 = CARTESIAN_POINT ( 'NONE',  ( 0.2250000000000000056, 0.1499999999999999944, -0.6250000000000000000 ) ) ;
#4798 = STYLED_ITEM ( 'NONE', ( #464 ), #3196 ) ;
#4799 = ORIENTED_EDGE ( 'NONE', *, *, #6055, .F. ) ;
#4800 = DIRECTION ( 'NONE',  ( 0.000000000000000000, -1.000000000000000000, 0.000000000000000000 ) ) ;
#4801 =( NAMED_UNIT ( * ) PLANE_ANGLE_UNIT ( ) SI_UNIT ( $, .RADIAN. ) );
#4802 = PRESENTATION_LAYER_ASSIGNMENT (  '', '', ( #3825 ) ) ;
#4803 = EDGE_LOOP ( 'NONE', ( #3836, #6027, #2458, #4311 ) ) ;
#4804 = SURFACE_SIDE_STYLE ('',( #6286 ) ) ;
#4805 = AXIS2_PLACEMENT_3D ( 'NONE', #3756, #294, #5349 ) ;
#4806 = LINE ( 'NONE', #3429, #3375 ) ;
#4807 =( NAMED_UNIT ( * ) PLANE_ANGLE_UNIT ( ) SI_UNIT ( $, .RADIAN. ) );
#4808 = VERTEX_POINT ( 'NONE', #4268 ) ;
#4809 = STYLED_ITEM ( 'NONE', ( #209 ), #5359 ) ;
#4810 = CARTESIAN_POINT ( 'NONE',  ( 1.250000000000000000, 0.1499999999999999944, 0.6250000000000000000 ) ) ;
#4811 =( NAMED_UNIT ( * ) PLANE_ANGLE_UNIT ( ) SI_UNIT ( $, .RADIAN. ) );
#4812 = CARTESIAN_POINT ( 'NONE',  ( 0.2250000000000000056, 0.1499999999999999944, 0.3750000000000000000 ) ) ;
#4813 = DIRECTION ( 'NONE',  ( 0.000000000000000000, -0.000000000000000000, 1.000000000000000000 ) ) ;
#4814 = COLOUR_RGB ( '',1.000000000000000000, 1.000000000000000000, 1.000000000000000000 ) ;
#4815 = SURFACE_STYLE_USAGE ( .BOTH. , #6263 ) ;
#4816 = EDGE_LOOP ( 'NONE', ( #4451, #6140, #5565, #4203 ) ) ;
#4817 = STYLED_ITEM ( 'NONE', ( #5536 ), #2403 ) ;
#4818 = CARTESIAN_POINT ( 'NONE',  ( 0.2250000000000000056, -0.05000000000000000278, -0.6250000000000000000 ) ) ;
#4819 = EDGE_CURVE ( 'NONE', #1966, #2326, #2257, .T. ) ;
#4820 = FACE_OUTER_BOUND ( 'NONE', #3437, .T. ) ;
#4821 =( LENGTH_UNIT ( ) NAMED_UNIT ( * ) SI_UNIT ( .MILLI., .METRE. ) );
#4822 = DIRECTION ( 'NONE',  ( 0.000000000000000000, -1.000000000000000000, 0.000000000000000000 ) ) ;
#4823 = DIRECTION ( 'NONE',  ( -0.000000000000000000, -1.000000000000000000, -0.000000000000000000 ) ) ;
#4824 = LINE ( 'NONE', #6508, #1553 ) ;
#4825 = ORIENTED_EDGE ( 'NONE', *, *, #665, .T. ) ;
#4826 = PRESENTATION_LAYER_ASSIGNMENT (  '', '', ( #1536 ) ) ;
#4827 = VECTOR ( 'NONE', #3084, 1000.000000000000000 ) ;
#4828 =( LENGTH_UNIT ( ) NAMED_UNIT ( * ) SI_UNIT ( .MILLI., .METRE. ) );
#4829 = ADVANCED_FACE ( 'NONE', ( #6003 ), #790, .F. ) ;
#4830 = LINE ( 'NONE', #3728, #157 ) ;
#4831 = EDGE_LOOP ( 'NONE', ( #4371, #4213, #6506, #4679 ) ) ;
#4832 = VECTOR ( 'NONE', #2413, 1000.000000000000000 ) ;
#4833 =( NAMED_UNIT ( * ) PLANE_ANGLE_UNIT ( ) SI_UNIT ( $, .RADIAN. ) );
#4834 = CARTESIAN_POINT ( 'NONE',  ( 0.2750000000000000777, 0.1499999999999999944, 1.099999999999999867 ) ) ;
#4835 = DIRECTION ( 'NONE',  ( 0.000000000000000000, 0.000000000000000000, 1.000000000000000000 ) ) ;
#4836 = DIRECTION ( 'NONE',  ( -0.000000000000000000, 1.000000000000000000, -0.000000000000000000 ) ) ;
#4837 =( NAMED_UNIT ( * ) SI_UNIT ( $, .STERADIAN. ) SOLID_ANGLE_UNIT ( ) );
#4838 = CARTESIAN_POINT ( 'NONE',  ( -0.09999999999999999167, 0.000000000000000000, 1.224999999999999867 ) ) ;
#4839 = ORIENTED_EDGE ( 'NONE', *, *, #5053, .F. ) ;
#4840 = DIRECTION ( 'NONE',  ( -0.000000000000000000, -1.000000000000000000, -0.000000000000000000 ) ) ;
#4841 = ORIENTED_EDGE ( 'NONE', *, *, #4971, .T. ) ;
#4842 = CARTESIAN_POINT ( 'NONE',  ( -0.3499999999999999778, 0.1499999999999999944, 1.500000000000000000 ) ) ;
#4843 = ORIENTED_EDGE ( 'NONE', *, *, #4219, .T. ) ;
#4844 = DIRECTION ( 'NONE',  ( -0.000000000000000000, -1.000000000000000000, -0.000000000000000000 ) ) ;
#4845 = VERTEX_POINT ( 'NONE', #3766 ) ;
#4846 = FACE_OUTER_BOUND ( 'NONE', #1189, .T. ) ;
#4848 = SURFACE_STYLE_FILL_AREA ( #5619 ) ;
#4847 = DIRECTION ( 'NONE',  ( -0.000000000000000000, 1.000000000000000000, -0.000000000000000000 ) ) ;
#4849 = DIRECTION ( 'NONE',  ( -0.000000000000000000, 1.000000000000000000, -0.000000000000000000 ) ) ;
#4850 = ORIENTED_EDGE ( 'NONE', *, *, #6420, .T. ) ;
#4851 = ORIENTED_EDGE ( 'NONE', *, *, #5448, .F. ) ;
#4852 = SURFACE_STYLE_USAGE ( .BOTH. , #2355 ) ;
#4853 = FACE_OUTER_BOUND ( 'NONE', #4477, .T. ) ;
#4854 =( GEOMETRIC_REPRESENTATION_CONTEXT ( 3 ) GLOBAL_UNCERTAINTY_ASSIGNED_CONTEXT ( ( #2751 ) ) GLOBAL_UNIT_ASSIGNED_CONTEXT ( ( #6046, #6522, #3505 ) ) REPRESENTATION_CONTEXT ( 'NONE', 'WORKASPACE' ) );
#4855 = EDGE_CURVE ( 'NONE', #1183, #2874, #3945, .T. ) ;
#4856 = CARTESIAN_POINT ( 'NONE',  ( -1.250000000000000000, 0.1499999999999999944, -0.3750000000000000000 ) ) ;
#4857 = EDGE_CURVE ( 'NONE', #4952, #2629, #2592, .T. ) ;
#4858 = VECTOR ( 'NONE', #5339, 1000.000000000000000 ) ;
#4859 = CARTESIAN_POINT ( 'NONE',  ( -1.250000000000000000, -0.05000000000000000278, -0.1250000000000000000 ) ) ;
#4860 = EDGE_LOOP ( 'NONE', ( #6292, #5100, #2699, #721 ) ) ;
#4861 = ORIENTED_EDGE ( 'NONE', *, *, #2439, .T. ) ;
#4862 = FILL_AREA_STYLE ('',( #6406 ) ) ;
#4863 = VECTOR ( 'NONE', #6537, 1000.000000000000000 ) ;
#4864 = SURFACE_STYLE_USAGE ( .BOTH. , #454 ) ;
#4865 = CARTESIAN_POINT ( 'NONE',  ( -0.3499999999999999778, 0.1499999999999999944, 1.224999999999999867 ) ) ;
#4866 = AXIS2_PLACEMENT_3D ( 'NONE', #4842, #1692, #2298 ) ;
#4867 = EDGE_LOOP ( 'NONE', ( #6258, #305, #63, #4161 ) ) ;
#4868 = EDGE_CURVE ( 'NONE', #2779, #2227, #3618, .T. ) ;
#4869 = DIRECTION ( 'NONE',  ( 0.000000000000000000, 0.000000000000000000, -1.000000000000000000 ) ) ;
#4870 = FILL_AREA_STYLE_COLOUR ( '', #5601 ) ;
#4871 = FACE_OUTER_BOUND ( 'NONE', #1375, .T. ) ;
#4872 = LINE ( 'NONE', #5467, #1987 ) ;
#4873 = ORIENTED_EDGE ( 'NONE', *, *, #3755, .F. ) ;
#4874 = FILL_AREA_STYLE_COLOUR ( '', #6350 ) ;
#4875 = LINE ( 'NONE', #4639, #4702 ) ;
#4876 = EDGE_CURVE ( 'NONE', #1353, #2211, #4970, .T. ) ;
#4877 = DIRECTION ( 'NONE',  ( 0.000000000000000000, -0.000000000000000000, -1.000000000000000000 ) ) ;
#4878 = FACE_OUTER_BOUND ( 'NONE', #3482, .T. ) ;
#4879 = UNCERTAINTY_MEASURE_WITH_UNIT (LENGTH_MEASURE( 1.000000000000000082E-05 ), #699, 'distance_accuracy_value', 'NONE');
#4880 = VERTEX_POINT ( 'NONE', #4320 ) ;
#4881 = CARTESIAN_POINT ( 'NONE',  ( 1.250000000000000000, -0.05000000000000000278, 0.1250000000000000000 ) ) ;
#4882 = CARTESIAN_POINT ( 'NONE',  ( -1.250000000000000000, -0.05000000000000000278, 0.6250000000000000000 ) ) ;
#4883 = ORIENTED_EDGE ( 'NONE', *, *, #3501, .T. ) ;
#4884 = DIRECTION ( 'NONE',  ( -0.000000000000000000, -1.000000000000000000, -0.000000000000000000 ) ) ;
#4885 = VERTEX_POINT ( 'NONE', #4812 ) ;
#4886 = MECHANICAL_DESIGN_GEOMETRIC_PRESENTATION_REPRESENTATION (  '', ( #2410 ), #1141 ) ;
#4887 = CARTESIAN_POINT ( 'NONE',  ( 0.000000000000000000, 0.000000000000000000, 0.000000000000000000 ) ) ;
#4888 = DIRECTION ( 'NONE',  ( -0.000000000000000000, 1.000000000000000000, -0.000000000000000000 ) ) ;
#4889 = CARTESIAN_POINT ( 'NONE',  ( -0.8499999999999999778, 0.1499999999999999944, -1.224999999999999867 ) ) ;
#4890 = LINE ( 'NONE', #1574, #4011 ) ;
#4891 = DIRECTION ( 'NONE',  ( 0.000000000000000000, 0.000000000000000000, -1.000000000000000000 ) ) ;
#4892 = DIRECTION ( 'NONE',  ( 0.000000000000000000, 0.000000000000000000, 1.000000000000000000 ) ) ;
#4893 = VERTEX_POINT ( 'NONE', #236 ) ;
#4894 = DIRECTION ( 'NONE',  ( 0.000000000000000000, 0.000000000000000000, 1.000000000000000000 ) ) ;
#4895 = LINE ( 'NONE', #998, #2337 ) ;
#4896 =( GEOMETRIC_REPRESENTATION_CONTEXT ( 3 ) GLOBAL_UNCERTAINTY_ASSIGNED_CONTEXT ( ( #6082 ) ) GLOBAL_UNIT_ASSIGNED_CONTEXT ( ( #5421, #2388, #5934 ) ) REPRESENTATION_CONTEXT ( 'NONE', 'WORKASPACE' ) );
#4897 = EDGE_CURVE ( 'NONE', #508, #1830, #460, .T. ) ;
#4898 = CARTESIAN_POINT ( 'NONE',  ( -0.3499999999999999778, -0.05000000000000000278, 1.224999999999999867 ) ) ;
#4899 = ORIENTED_EDGE ( 'NONE', *, *, #3534, .F. ) ;
#4900 = VECTOR ( 'NONE', #4891, 1000.000000000000000 ) ;
#4901 = PLANE ( 'NONE',  #622 ) ;
#4902 = STYLED_ITEM ( 'NONE', ( #3842 ), #1177 ) ;
#4903 = ADVANCED_FACE ( 'NONE', ( #5282 ), #1824, .T. ) ;
#4904 = EDGE_CURVE ( 'NONE', #5547, #6144, #2095, .T. ) ;
#4905 = VECTOR ( 'NONE', #7, 1000.000000000000000 ) ;
#4906 = ORIENTED_EDGE ( 'NONE', *, *, #584, .T. ) ;
#4907 = DIRECTION ( 'NONE',  ( 0.000000000000000000, -1.000000000000000000, 0.000000000000000000 ) ) ;
#4908 = UNCERTAINTY_MEASURE_WITH_UNIT (LENGTH_MEASURE( 1.000000000000000082E-05 ), #3777, 'distance_accuracy_value', 'NONE');
#4909 = LINE ( 'NONE', #3107, #4827 ) ;
#4910 = EDGE_CURVE ( 'NONE', #4757, #4880, #922, .T. ) ;
#4911 = DIRECTION ( 'NONE',  ( 0.000000000000000000, 0.000000000000000000, 1.000000000000000000 ) ) ;
#4912 = LINE ( 'NONE', #2025, #238 ) ;
#4913 = VECTOR ( 'NONE', #6527, 1000.000000000000000 ) ;
#4914 = AXIS2_PLACEMENT_3D ( 'NONE', #3270, #4771, #5814 ) ;
#4915 = ORIENTED_EDGE ( 'NONE', *, *, #2285, .T. ) ;
#4916 = EDGE_CURVE ( 'NONE', #5869, #1616, #4806, .T. ) ;
#4917 = CARTESIAN_POINT ( 'NONE',  ( 1.250000000000000000, 0.1499999999999999944, -0.6250000000000000000 ) ) ;
#4918 = STYLED_ITEM ( 'NONE', ( #4581 ), #4796 ) ;
#4919 = VECTOR ( 'NONE', #1986, 1000.000000000000000 ) ;
#4920 = SURFACE_SIDE_STYLE ('',( #1642 ) ) ;
#4921 = VECTOR ( 'NONE', #3908, 1000.000000000000000 ) ;
#4922 = EDGE_LOOP ( 'NONE', ( #2746, #6440, #2163, #3445 ) ) ;
#4923 = CARTESIAN_POINT ( 'NONE',  ( 0.2749999999999999667, 0.1499999999999999944, -1.224999999999999867 ) ) ;
#4924 = CIRCLE ( 'NONE', #1480, 0.1250000000000001110 ) ;
#4925 = ORIENTED_EDGE ( 'NONE', *, *, #383, .F. ) ;
#4926 = DIRECTION ( 'NONE',  ( 0.000000000000000000, -0.000000000000000000, -1.000000000000000000 ) ) ;
#4927 = AXIS2_PLACEMENT_3D ( 'NONE', #5680, #132, #2685 ) ;
#4928 = ORIENTED_EDGE ( 'NONE', *, *, #3501, .F. ) ;
#4929 = ORIENTED_EDGE ( 'NONE', *, *, #6092, .F. ) ;
#4930 = ADVANCED_FACE ( 'NONE', ( #1395 ), #855, .F. ) ;
#4931 =( GEOMETRIC_REPRESENTATION_CONTEXT ( 3 ) GLOBAL_UNCERTAINTY_ASSIGNED_CONTEXT ( ( #2843 ) ) GLOBAL_UNIT_ASSIGNED_CONTEXT ( ( #5296, #2253, #2200 ) ) REPRESENTATION_CONTEXT ( 'NONE', 'WORKASPACE' ) );
#4932 = CARTESIAN_POINT ( 'NONE',  ( 1.250000000000000000, 0.1499999999999999944, -0.3750000000000000000 ) ) ;
#4933 = COLOUR_RGB ( '',1.000000000000000000, 1.000000000000000000, 1.000000000000000000 ) ;
#4934 = LINE ( 'NONE', #3617, #5959 ) ;
#4935 = ORIENTED_EDGE ( 'NONE', *, *, #5514, .T. ) ;
#4936 = ORIENTED_EDGE ( 'NONE', *, *, #5917, .T. ) ;
#4937 = DIRECTION ( 'NONE',  ( -1.000000000000000000, 0.000000000000000000, 0.000000000000000000 ) ) ;
#4938 = PLANE ( 'NONE',  #3291 ) ;
#4939 = VERTEX_POINT ( 'NONE', #4965 ) ;
#4941 = LINE ( 'NONE', #4322, #2966 ) ;
#4940 = PLANE ( 'NONE',  #837 ) ;
#4942 = MECHANICAL_DESIGN_GEOMETRIC_PRESENTATION_REPRESENTATION (  '', ( #2960 ), #5270 ) ;
#4943 = CARTESIAN_POINT ( 'NONE',  ( 0.1499999999999999667, 0.1499999999999999944, -1.224999999999999867 ) ) ;
#4944 = ORIENTED_EDGE ( 'NONE', *, *, #4777, .F. ) ;
#4945 = FILL_AREA_STYLE_COLOUR ( '', #4437 ) ;
#4946 = MECHANICAL_DESIGN_GEOMETRIC_PRESENTATION_REPRESENTATION (  '', ( #6246 ), #6054 ) ;
#4947 = EDGE_CURVE ( 'NONE', #216, #3214, #4723, .T. ) ;
#4948 = DIRECTION ( 'NONE',  ( -0.000000000000000000, -1.000000000000000000, -0.000000000000000000 ) ) ;
#4949 = ORIENTED_EDGE ( 'NONE', *, *, #3285, .F. ) ;
#4950 = DIRECTION ( 'NONE',  ( 0.000000000000000000, 0.000000000000000000, 1.000000000000000000 ) ) ;
#4951 = CARTESIAN_POINT ( 'NONE',  ( -0.1000000000000000056, 0.1499999999999999944, -1.224999999999999867 ) ) ;
#4952 = VERTEX_POINT ( 'NONE', #368 ) ;
#4953 = ORIENTED_EDGE ( 'NONE', *, *, #3661, .F. ) ;
#4954 = LINE ( 'NONE', #6298, #2981 ) ;
#4955 = PRESENTATION_STYLE_ASSIGNMENT (( #5457 ) ) ;
#4956 = FILL_AREA_STYLE ('',( #4517 ) ) ;
#4957 = EDGE_LOOP ( 'NONE', ( #4397, #2619, #367, #3424 ) ) ;
#4958 =( LENGTH_UNIT ( ) NAMED_UNIT ( * ) SI_UNIT ( .MILLI., .METRE. ) );
#4959 = ADVANCED_FACE ( 'NONE', ( #6387 ), #692, .F. ) ;
#4960 = MECHANICAL_DESIGN_GEOMETRIC_PRESENTATION_REPRESENTATION (  '', ( #1340 ), #4285 ) ;
#4961 = ORIENTED_EDGE ( 'NONE', *, *, #1829, .F. ) ;
#4962 = ORIENTED_EDGE ( 'NONE', *, *, #6369, .F. ) ;
#4963 = ORIENTED_EDGE ( 'NONE', *, *, #5392, .F. ) ;
#4964 = SURFACE_STYLE_USAGE ( .BOTH. , #893 ) ;
#4965 = CARTESIAN_POINT ( 'NONE',  ( -0.9749999999999999778, 0.000000000000000000, 0.1250000000000000000 ) ) ;
#4966 = PRESENTATION_STYLE_ASSIGNMENT (( #6509 ) ) ;
#4967 = CARTESIAN_POINT ( 'NONE',  ( 0.4000000000000000222, -0.05000000000000000278, -1.350000000000000089 ) ) ;
#4968 = DIRECTION ( 'NONE',  ( -0.000000000000000000, 1.000000000000000000, -0.000000000000000000 ) ) ;
#4969 = LINE ( 'NONE', #4759, #3615 ) ;
#4970 = CIRCLE ( 'NONE', #5123, 0.1250000000000000000 ) ;
#4971 = EDGE_CURVE ( 'NONE', #737, #6370, #4575, .T. ) ;
#4972 = DIRECTION ( 'NONE',  ( 1.000000000000000000, 0.000000000000000000, 0.000000000000000000 ) ) ;
#4973 = DIRECTION ( 'NONE',  ( 0.000000000000000000, -0.000000000000000000, -1.000000000000000000 ) ) ;
#4974 = FACE_OUTER_BOUND ( 'NONE', #4740, .T. ) ;
#4975 = STYLED_ITEM ( 'NONE', ( #354 ), #1372 ) ;
#4976 = EDGE_CURVE ( 'NONE', #1989, #975, #776, .T. ) ;
#4977 =( LENGTH_UNIT ( ) NAMED_UNIT ( * ) SI_UNIT ( .MILLI., .METRE. ) );
#4978 = LINE ( 'NONE', #6532, #2850 ) ;
#4979 = UNCERTAINTY_MEASURE_WITH_UNIT (LENGTH_MEASURE( 1.000000000000000082E-05 ), #1793, 'distance_accuracy_value', 'NONE');
#4980 = LINE ( 'NONE', #4609, #3087 ) ;
#4981 = SURFACE_STYLE_FILL_AREA ( #809 ) ;
#4982 = VERTEX_POINT ( 'NONE', #5426 ) ;
#4983 = DIRECTION ( 'NONE',  ( -0.000000000000000000, -1.000000000000000000, -0.000000000000000000 ) ) ;
#4984 = FACE_OUTER_BOUND ( 'NONE', #3513, .T. ) ;
#4985 = EDGE_CURVE ( 'NONE', #1730, #3506, #1318, .T. ) ;
#4986 =( GEOMETRIC_REPRESENTATION_CONTEXT ( 3 ) GLOBAL_UNCERTAINTY_ASSIGNED_CONTEXT ( ( #2596 ) ) GLOBAL_UNIT_ASSIGNED_CONTEXT ( ( #2531, #3030, #3977 ) ) REPRESENTATION_CONTEXT ( 'NONE', 'WORKASPACE' ) );
#4987 = PRESENTATION_STYLE_ASSIGNMENT (( #947 ) ) ;
#4988 = ORIENTED_EDGE ( 'NONE', *, *, #1818, .F. ) ;
#4989 = ORIENTED_EDGE ( 'NONE', *, *, #5213, .T. ) ;
#4990 = CARTESIAN_POINT ( 'NONE',  ( -0.8499999999999999778, 0.1499999999999999944, -0.6250000000000000000 ) ) ;
#4991 = DIRECTION ( 'NONE',  ( -0.000000000000000000, -1.000000000000000000, -0.000000000000000000 ) ) ;
#4992 = CARTESIAN_POINT ( 'NONE',  ( -0.5999999999999999778, 0.1499999999999999944, 1.224999999999999867 ) ) ;
#4993 = LINE ( 'NONE', #3405, #6333 ) ;
#4994 = SURFACE_STYLE_USAGE ( .BOTH. , #4499 ) ;
#4995 = ORIENTED_EDGE ( 'NONE', *, *, #2557, .T. ) ;
#4996 = CARTESIAN_POINT ( 'NONE',  ( 0.7750000000000000222, 0.1499999999999999944, -1.100000000000000089 ) ) ;
#4997 = STYLED_ITEM ( 'NONE', ( #3530 ), #5007 ) ;
#4998 = VERTEX_POINT ( 'NONE', #4442 ) ;
#4999 = PLANE ( 'NONE',  #1955 ) ;
#5000 = COLOUR_RGB ( '',1.000000000000000000, 1.000000000000000000, 1.000000000000000000 ) ;
#5001 = LINE ( 'NONE', #1000, #3493 ) ;
#5002 = CARTESIAN_POINT ( 'NONE',  ( -0.9749999999999999778, 0.000000000000000000, 0.3750000000000000000 ) ) ;
#5003 = ORIENTED_EDGE ( 'NONE', *, *, #5648, .F. ) ;
#5004 = EDGE_LOOP ( 'NONE', ( #4375, #3561, #5240, #6514 ) ) ;
#5005 =( NAMED_UNIT ( * ) PLANE_ANGLE_UNIT ( ) SI_UNIT ( $, .RADIAN. ) );
#5006 = DIRECTION ( 'NONE',  ( -3.614007241618349264E-16, 0.000000000000000000, 1.000000000000000000 ) ) ;
#5007 = ADVANCED_FACE ( 'NONE', ( #6223 ), #2415, .F. ) ;
#5008 = FACE_OUTER_BOUND ( 'NONE', #2370, .T. ) ;
#5009 = ORIENTED_EDGE ( 'NONE', *, *, #5176, .T. ) ;
#5010 = PRESENTATION_STYLE_ASSIGNMENT (( #3313 ) ) ;
#5011 = ORIENTED_EDGE ( 'NONE', *, *, #3695, .T. ) ;
#5012 = MECHANICAL_DESIGN_GEOMETRIC_PRESENTATION_REPRESENTATION (  '', ( #4667 ), #2509 ) ;
#5013 = COLOUR_RGB ( '',1.000000000000000000, 1.000000000000000000, 1.000000000000000000 ) ;
#5014 =( GEOMETRIC_REPRESENTATION_CONTEXT ( 3 ) GLOBAL_UNCERTAINTY_ASSIGNED_CONTEXT ( ( #3818 ) ) GLOBAL_UNIT_ASSIGNED_CONTEXT ( ( #284, #5836, #857 ) ) REPRESENTATION_CONTEXT ( 'NONE', 'WORKASPACE' ) );
#5015 = AXIS2_PLACEMENT_3D ( 'NONE', #1736, #1245, #194 ) ;
#5016 = ORIENTED_EDGE ( 'NONE', *, *, #2752, .F. ) ;
#5017 = EDGE_CURVE ( 'NONE', #880, #4418, #5047, .T. ) ;
#5018 = DIRECTION ( 'NONE',  ( 1.000000000000000000, 0.000000000000000000, 0.000000000000000000 ) ) ;
#5019 = CARTESIAN_POINT ( 'NONE',  ( 0.7750000000000000222, -0.05000000000000000278, 1.099999999999999867 ) ) ;
#5020 = DIRECTION ( 'NONE',  ( 0.000000000000000000, 0.000000000000000000, -1.000000000000000000 ) ) ;
#5021 = PLANE ( 'NONE',  #3347 ) ;
#5022 = ORIENTED_EDGE ( 'NONE', *, *, #5224, .T. ) ;
#5023 = DIRECTION ( 'NONE',  ( -1.000000000000000000, 0.000000000000000000, 0.000000000000000000 ) ) ;
#5024 = AXIS2_PLACEMENT_3D ( 'NONE', #2848, #4526, #3378 ) ;
#5025 = VECTOR ( 'NONE', #2383, 1000.000000000000000 ) ;
#5026 = EDGE_CURVE ( 'NONE', #880, #6339, #1162, .T. ) ;
#5027 = CARTESIAN_POINT ( 'NONE',  ( -0.7249999999999999778, 0.1499999999999999944, -1.224999999999999867 ) ) ;
#5028 =( LENGTH_UNIT ( ) NAMED_UNIT ( * ) SI_UNIT ( .MILLI., .METRE. ) );
#5029 = EDGE_LOOP ( 'NONE', ( #807, #3305, #757, #3752 ) ) ;
#5030 = VERTEX_POINT ( 'NONE', #452 ) ;
#5031 = FILL_AREA_STYLE ('',( #3049 ) ) ;
#5032 = FACE_OUTER_BOUND ( 'NONE', #1226, .T. ) ;
#5033 = ORIENTED_EDGE ( 'NONE', *, *, #5278, .T. ) ;
#5034 = ADVANCED_FACE ( 'NONE', ( #4642 ), #6470, .F. ) ;
#5035 = ORIENTED_EDGE ( 'NONE', *, *, #4429, .T. ) ;
#5036 = EDGE_CURVE ( 'NONE', #1064, #1353, #4895, .T. ) ;
#5037 =( LENGTH_UNIT ( ) NAMED_UNIT ( * ) SI_UNIT ( .MILLI., .METRE. ) );
#5038 = LINE ( 'NONE', #5188, #3940 ) ;
#5039 = CARTESIAN_POINT ( 'NONE',  ( -1.250000000000000000, -0.05000000000000000278, -0.6250000000000000000 ) ) ;
#5040 = COLOUR_RGB ( '',0.7921568627450980005, 0.8196078431372548767, 0.9333333333333333481 ) ;
#5041 = CARTESIAN_POINT ( 'NONE',  ( -0.1000000000000000056, 0.1499999999999999944, -1.500000000000000000 ) ) ;
#5042 = DIRECTION ( 'NONE',  ( 0.000000000000000000, -1.000000000000000000, 0.000000000000000000 ) ) ;
#5043 = CARTESIAN_POINT ( 'NONE',  ( 1.250000000000000000, 0.000000000000000000, 0.3750000000000000000 ) ) ;
#5044 = EDGE_LOOP ( 'NONE', ( #5875, #1548, #6372, #2354 ) ) ;
#5045 = FACE_OUTER_BOUND ( 'NONE', #5965, .T. ) ;
#5046 = MECHANICAL_DESIGN_GEOMETRIC_PRESENTATION_REPRESENTATION (  '', ( #1973 ), #724 ) ;
#5047 = LINE ( 'NONE', #912, #1696 ) ;
#5048 = MECHANICAL_DESIGN_GEOMETRIC_PRESENTATION_REPRESENTATION (  '', ( #5726 ), #6267 ) ;
#5049 = CARTESIAN_POINT ( 'NONE',  ( 0.9000000000000000222, 0.1499999999999999944, 1.224999999999999867 ) ) ;
#5050 =( GEOMETRIC_REPRESENTATION_CONTEXT ( 3 ) GLOBAL_UNCERTAINTY_ASSIGNED_CONTEXT ( ( #3804 ) ) GLOBAL_UNIT_ASSIGNED_CONTEXT ( ( #1589, #2101, #5635 ) ) REPRESENTATION_CONTEXT ( 'NONE', 'WORKASPACE' ) );
#5051 = COLOUR_RGB ( '',1.000000000000000000, 1.000000000000000000, 1.000000000000000000 ) ;
#5052 = EDGE_CURVE ( 'NONE', #1135, #4452, #1686, .T. ) ;
#5053 = EDGE_CURVE ( 'NONE', #214, #6274, #1851, .T. ) ;
#5054 =( LENGTH_UNIT ( ) NAMED_UNIT ( * ) SI_UNIT ( .MILLI., .METRE. ) );
#5055 = CARTESIAN_POINT ( 'NONE',  ( -1.250000000000000000, -0.05000000000000000278, -0.1250000000000000000 ) ) ;
#5056 = LINE ( 'NONE', #94, #3710 ) ;
#5057 = AXIS2_PLACEMENT_3D ( 'NONE', #6016, #2494, #4515 ) ;
#5058 = EDGE_CURVE ( 'NONE', #3059, #5722, #5505, .T. ) ;
#5059 = MANIFOLD_SOLID_BREP ( 'Boss-Extrude4[9]', #4259 ) ;
#5060 = ORIENTED_EDGE ( 'NONE', *, *, #1252, .T. ) ;
#5061 = LINE ( 'NONE', #1373, #245 ) ;
#5062 = AXIS2_PLACEMENT_3D ( 'NONE', #1776, #6302, #1731 ) ;
#5063 = PLANE ( 'NONE',  #1716 ) ;
#5064 = CARTESIAN_POINT ( 'NONE',  ( 1.250000000000000000, -0.05000000000000000278, -0.1250000000000000000 ) ) ;
#5065 = CARTESIAN_POINT ( 'NONE',  ( 1.250000000000000000, -0.05000000000000000278, 0.6250000000000000000 ) ) ;
#5066 = VECTOR ( 'NONE', #3760, 1000.000000000000000 ) ;
#5067 = PLANE ( 'NONE',  #2371 ) ;
#5068 = MECHANICAL_DESIGN_GEOMETRIC_PRESENTATION_REPRESENTATION (  '', ( #1536 ), #627 ) ;
#5069 = ORIENTED_EDGE ( 'NONE', *, *, #4897, .F. ) ;
#5070 = EDGE_CURVE ( 'NONE', #5405, #646, #849, .T. ) ;
#5071 = VECTOR ( 'NONE', #4911, 1000.000000000000000 ) ;
#5072 = VERTEX_POINT ( 'NONE', #6057 ) ;
#5073 = CARTESIAN_POINT ( 'NONE',  ( -0.1000000000000000056, 0.1499999999999999944, -1.224999999999999867 ) ) ;
#5074 = VECTOR ( 'NONE', #5403, 1000.000000000000000 ) ;
#5075 = ORIENTED_EDGE ( 'NONE', *, *, #1829, .T. ) ;
#5076 = ORIENTED_EDGE ( 'NONE', *, *, #1646, .F. ) ;
#5077 = VERTEX_POINT ( 'NONE', #6491 ) ;
#5078 =( LENGTH_UNIT ( ) NAMED_UNIT ( * ) SI_UNIT ( .MILLI., .METRE. ) );
#5079 = DIRECTION ( 'NONE',  ( -1.000000000000000000, 0.000000000000000000, 0.000000000000000000 ) ) ;
#5080 =( GEOMETRIC_REPRESENTATION_CONTEXT ( 3 ) GLOBAL_UNCERTAINTY_ASSIGNED_CONTEXT ( ( #3597 ) ) GLOBAL_UNIT_ASSIGNED_CONTEXT ( ( #1732, #4341, #2827 ) ) REPRESENTATION_CONTEXT ( 'NONE', 'WORKASPACE' ) );
#5081 = SURFACE_STYLE_FILL_AREA ( #6152 ) ;
#5083 = FACE_OUTER_BOUND ( 'NONE', #3964, .T. ) ;
#5082 = DIRECTION ( 'NONE',  ( -1.000000000000000000, 0.000000000000000000, 0.000000000000000000 ) ) ;
#5084 = CARTESIAN_POINT ( 'NONE',  ( 0.9000000000000000222, -0.05000000000000000278, 1.500000000000000000 ) ) ;
#5085 = ORIENTED_EDGE ( 'NONE', *, *, #196, .F. ) ;
#5086 = LINE ( 'NONE', #3998, #2398 ) ;
#5087 = ADVANCED_FACE ( 'NONE', ( #375 ), #432, .F. ) ;
#5088 = DIRECTION ( 'NONE',  ( 0.000000000000000000, 0.000000000000000000, 1.000000000000000000 ) ) ;
#5089 = CIRCLE ( 'NONE', #4430, 0.1250000000000001110 ) ;
#5090 = LINE ( 'NONE', #4856, #1365 ) ;
#5091 = FILL_AREA_STYLE_COLOUR ( '', #2175 ) ;
#5092 = EDGE_LOOP ( 'NONE', ( #2501, #6472, #2790, #6489 ) ) ;
#5093 = DIRECTION ( 'NONE',  ( 0.000000000000000000, 0.000000000000000000, -1.000000000000000000 ) ) ;
#5094 = STYLED_ITEM ( 'NONE', ( #4255 ), #3691 ) ;
#5095 = EDGE_CURVE ( 'NONE', #816, #2234, #4716, .T. ) ;
#5096 = ADVANCED_FACE ( 'NONE', ( #3146 ), #4646, .F. ) ;
#5097 = FILL_AREA_STYLE_COLOUR ( '', #1005 ) ;
#5098 =( LENGTH_UNIT ( ) NAMED_UNIT ( * ) SI_UNIT ( .MILLI., .METRE. ) );
#5099 = MECHANICAL_DESIGN_GEOMETRIC_PRESENTATION_REPRESENTATION (  '', ( #3390 ), #5350 ) ;
#5100 = ORIENTED_EDGE ( 'NONE', *, *, #6213, .T. ) ;
#5101 = UNCERTAINTY_MEASURE_WITH_UNIT (LENGTH_MEASURE( 1.000000000000000082E-05 ), #233, 'distance_accuracy_value', 'NONE');
#5102 = DIRECTION ( 'NONE',  ( -1.000000000000000000, 0.000000000000000000, 0.000000000000000000 ) ) ;
#5103 = PRESENTATION_LAYER_ASSIGNMENT (  '', '', ( #695 ) ) ;
#5104 = EDGE_CURVE ( 'NONE', #416, #3767, #1533, .T. ) ;
#5105 = VECTOR ( 'NONE', #5995, 1000.000000000000000 ) ;
#5106 = FILL_AREA_STYLE_COLOUR ( '', #892 ) ;
#5107 = VERTEX_POINT ( 'NONE', #3577 ) ;
#5108 = CARTESIAN_POINT ( 'NONE',  ( -0.8499999999999999778, 0.1499999999999999944, 1.500000000000000000 ) ) ;
#5109 = LINE ( 'NONE', #4394, #366 ) ;
#5110 =( GEOMETRIC_REPRESENTATION_CONTEXT ( 3 ) GLOBAL_UNCERTAINTY_ASSIGNED_CONTEXT ( ( #1835 ) ) GLOBAL_UNIT_ASSIGNED_CONTEXT ( ( #3807, #6318, #5332 ) ) REPRESENTATION_CONTEXT ( 'NONE', 'WORKASPACE' ) );
#5111 = FACE_OUTER_BOUND ( 'NONE', #2945, .T. ) ;
#5112 = VERTEX_POINT ( 'NONE', #1067 ) ;
#5113 = EDGE_CURVE ( 'NONE', #2866, #347, #613, .T. ) ;
#5114 = SURFACE_SIDE_STYLE ('',( #4563 ) ) ;
#5115 = DIRECTION ( 'NONE',  ( 0.000000000000000000, -1.000000000000000000, 0.000000000000000000 ) ) ;
#5116 = PRESENTATION_STYLE_ASSIGNMENT (( #4782 ) ) ;
#5117 = VERTEX_POINT ( 'NONE', #6 ) ;
#5118 = ORIENTED_EDGE ( 'NONE', *, *, #5840, .T. ) ;
#5119 = ORIENTED_EDGE ( 'NONE', *, *, #1522, .T. ) ;
#5120 = VECTOR ( 'NONE', #6432, 1000.000000000000000 ) ;
#5121 = EDGE_CURVE ( 'NONE', #3738, #2814, #2911, .T. ) ;
#5122 = DIRECTION ( 'NONE',  ( -1.000000000000000000, 0.000000000000000000, 0.000000000000000000 ) ) ;
#5123 = AXIS2_PLACEMENT_3D ( 'NONE', #215, #4763, #2345 ) ;
#5124 = DIRECTION ( 'NONE',  ( 0.000000000000000000, 0.000000000000000000, -1.000000000000000000 ) ) ;
#5125 = SURFACE_STYLE_FILL_AREA ( #4174 ) ;
#5126 = SURFACE_STYLE_USAGE ( .BOTH. , #4622 ) ;
#5127 = CARTESIAN_POINT ( 'NONE',  ( -0.7249999999999999778, -0.05000000000000000278, -1.224999999999999867 ) ) ;
#5128 = EDGE_LOOP ( 'NONE', ( #4841, #1430, #400, #5668 ) ) ;
#5129 = CARTESIAN_POINT ( 'NONE',  ( 0.2250000000000000056, 0.000000000000000000, 0.3750000000000000000 ) ) ;
#5130 = AXIS2_PLACEMENT_3D ( 'NONE', #4665, #4189, #1085 ) ;
#5131 = COLOUR_RGB ( '',1.000000000000000000, 1.000000000000000000, 1.000000000000000000 ) ;
#5132 =( LENGTH_UNIT ( ) NAMED_UNIT ( * ) SI_UNIT ( .MILLI., .METRE. ) );
#5133 = DIRECTION ( 'NONE',  ( -0.000000000000000000, -1.000000000000000000, -0.000000000000000000 ) ) ;
#5134 = AXIS2_PLACEMENT_3D ( 'NONE', #5608, #2077, #3175 ) ;
#5135 = VERTEX_POINT ( 'NONE', #562 ) ;
#5136 = EDGE_CURVE ( 'NONE', #5434, #5972, #3302, .T. ) ;
#5137 = ORIENTED_EDGE ( 'NONE', *, *, #398, .T. ) ;
#5138 = VECTOR ( 'NONE', #4420, 1000.000000000000000 ) ;
#5139 = DIRECTION ( 'NONE',  ( -0.000000000000000000, -1.000000000000000000, -0.000000000000000000 ) ) ;
#5140 = MECHANICAL_DESIGN_GEOMETRIC_PRESENTATION_REPRESENTATION (  '', ( #4809 ), #2396 ) ;
#5141 = SURFACE_STYLE_USAGE ( .BOTH. , #3201 ) ;
#5142 =( NAMED_UNIT ( * ) SI_UNIT ( $, .STERADIAN. ) SOLID_ANGLE_UNIT ( ) );
#5143 = UNCERTAINTY_MEASURE_WITH_UNIT (LENGTH_MEASURE( 1.000000000000000082E-05 ), #1869, 'distance_accuracy_value', 'NONE');
#5144 = SURFACE_STYLE_FILL_AREA ( #315 ) ;
#5145 = CARTESIAN_POINT ( 'NONE',  ( 0.6500000000000000222, 0.1499999999999999944, -1.350000000000000089 ) ) ;
#5146 = ORIENTED_EDGE ( 'NONE', *, *, #2037, .T. ) ;
#5147 = SURFACE_STYLE_USAGE ( .BOTH. , #4707 ) ;
#5148 = STYLED_ITEM ( 'NONE', ( #3969 ), #2052 ) ;
#5149 =( NAMED_UNIT ( * ) SI_UNIT ( $, .STERADIAN. ) SOLID_ANGLE_UNIT ( ) );
#5150 = CARTESIAN_POINT ( 'NONE',  ( 0.4000000000000000222, 0.1499999999999999944, 1.350000000000000089 ) ) ;
#5151 = PRESENTATION_STYLE_ASSIGNMENT (( #3475 ) ) ;
#5152 = EDGE_CURVE ( 'NONE', #347, #299, #213, .T. ) ;
#5153 = CYLINDRICAL_SURFACE ( 'NONE', #1544, 0.1250000000000000278 ) ;
#5154 = VERTEX_POINT ( 'NONE', #5592 ) ;
#5155 = VERTEX_POINT ( 'NONE', #931 ) ;
#5156 = DIRECTION ( 'NONE',  ( -0.000000000000000000, -1.000000000000000000, -0.000000000000000000 ) ) ;
#5157 = PRESENTATION_STYLE_ASSIGNMENT (( #4722 ) ) ;
#5158 = SURFACE_STYLE_FILL_AREA ( #1820 ) ;
#5159 = AXIS2_PLACEMENT_3D ( 'NONE', #5065, #3624, #4586 ) ;
#5160 = ORIENTED_EDGE ( 'NONE', *, *, #6316, .T. ) ;
#5161 = VERTEX_POINT ( 'NONE', #6139 ) ;
#5162 = PLANE ( 'NONE',  #847 ) ;
#5163 = SURFACE_STYLE_FILL_AREA ( #923 ) ;
#5164 = ADVANCED_FACE ( 'NONE', ( #3689 ), #68, .T. ) ;
#5165 = CLOSED_SHELL ( 'NONE', ( #2279, #2358, #2252, #3592, #4544, #3156, #3301, #4829, #3271, #3147, #5164, #5034 ) ) ;
#5166 = SURFACE_SIDE_STYLE ('',( #2356 ) ) ;
#5167 = ADVANCED_FACE ( 'NONE', ( #685 ), #4585, .F. ) ;
#5168 = SURFACE_STYLE_USAGE ( .BOTH. , #6155 ) ;
#5169 = DIRECTION ( 'NONE',  ( 1.000000000000000000, 0.000000000000000000, 0.000000000000000000 ) ) ;
#5170 = ORIENTED_EDGE ( 'NONE', *, *, #3703, .T. ) ;
#5171 = AXIS2_PLACEMENT_3D ( 'NONE', #3528, #554, #991 ) ;
#5172 = VECTOR ( 'NONE', #5079, 1000.000000000000000 ) ;
#5174 = LINE ( 'NONE', #5408, #1669 ) ;
#5173 = CARTESIAN_POINT ( 'NONE',  ( 0.3999999999999999667, -0.05000000000000000278, 1.500000000000000000 ) ) ;
#5175 = ORIENTED_EDGE ( 'NONE', *, *, #2570, .T. ) ;
#5176 = EDGE_CURVE ( 'NONE', #5072, #1830, #6376, .T. ) ;
#5177 =( GEOMETRIC_REPRESENTATION_CONTEXT ( 3 ) GLOBAL_UNCERTAINTY_ASSIGNED_CONTEXT ( ( #865 ) ) GLOBAL_UNIT_ASSIGNED_CONTEXT ( ( #3535, #5005, #4037 ) ) REPRESENTATION_CONTEXT ( 'NONE', 'WORKASPACE' ) );
#5178 = CARTESIAN_POINT ( 'NONE',  ( -1.250000000000000000, 0.1499999999999999944, 0.3750000000000000000 ) ) ;
#5179 = ORIENTED_EDGE ( 'NONE', *, *, #98, .F. ) ;
#5180 = CARTESIAN_POINT ( 'NONE',  ( -0.9749999999999999778, -0.05000000000000000278, -0.2500000000000000000 ) ) ;
#5181 = AXIS2_PLACEMENT_3D ( 'NONE', #1760, #1223, #5764 ) ;
#5182 = DIRECTION ( 'NONE',  ( -1.000000000000000000, 0.000000000000000000, 0.000000000000000000 ) ) ;
#5183 = EDGE_CURVE ( 'NONE', #128, #5377, #4890, .T. ) ;
#5184 = DIRECTION ( 'NONE',  ( -1.000000000000000000, 0.000000000000000000, 0.000000000000000000 ) ) ;
#5185 = DIRECTION ( 'NONE',  ( -0.000000000000000000, 1.000000000000000000, -0.000000000000000000 ) ) ;
#5186 = VERTEX_POINT ( 'NONE', #1133 ) ;
#5187 =( NAMED_UNIT ( * ) SI_UNIT ( $, .STERADIAN. ) SOLID_ANGLE_UNIT ( ) );
#5188 = CARTESIAN_POINT ( 'NONE',  ( 1.250000000000000000, 0.1499999999999999944, -0.6250000000000000000 ) ) ;
#5189 = SURFACE_STYLE_FILL_AREA ( #3225 ) ;
#5190 = ADVANCED_FACE ( 'NONE', ( #5032 ), #3228, .F. ) ;
#5191 = STYLED_ITEM ( 'NONE', ( #793 ), #2664 ) ;
#5192 = VERTEX_POINT ( 'NONE', #5666 ) ;
#5193 = EDGE_CURVE ( 'NONE', #4279, #4715, #3519, .T. ) ;
#5194 = CARTESIAN_POINT ( 'NONE',  ( -1.250000000000000000, -0.05000000000000000278, 0.1250000000000000000 ) ) ;
#5195 = VECTOR ( 'NONE', #4396, 1000.000000000000000 ) ;
#5196 = ADVANCED_FACE ( 'NONE', ( #1077 ), #2694, .F. ) ;
#5197 = CARTESIAN_POINT ( 'NONE',  ( -0.9749999999999999778, -0.05000000000000000278, -0.3750000000000000000 ) ) ;
#5198 = CARTESIAN_POINT ( 'NONE',  ( 1.250000000000000000, 0.1499999999999999944, 0.3750000000000000000 ) ) ;
#5199 = DIRECTION ( 'NONE',  ( -0.000000000000000000, 1.000000000000000000, -0.000000000000000000 ) ) ;
#5200 = CARTESIAN_POINT ( 'NONE',  ( -0.1250000000000000000, -0.000000000000000000, -4.241313930147960914E-17 ) ) ;
#5201 =( GEOMETRIC_REPRESENTATION_CONTEXT ( 3 ) GLOBAL_UNCERTAINTY_ASSIGNED_CONTEXT ( ( #2725 ) ) GLOBAL_UNIT_ASSIGNED_CONTEXT ( ( #5921, #3879, #2363 ) ) REPRESENTATION_CONTEXT ( 'NONE', 'WORKASPACE' ) );
#5202 =( LENGTH_UNIT ( ) NAMED_UNIT ( * ) SI_UNIT ( .MILLI., .METRE. ) );
#5203 = LINE ( 'NONE', #3017, #3157 ) ;
#5204 = CARTESIAN_POINT ( 'NONE',  ( -0.5999999999999999778, -0.05000000000000000278, 1.500000000000000000 ) ) ;
#5205 = FACE_OUTER_BOUND ( 'NONE', #1893, .T. ) ;
#5206 =( LENGTH_UNIT ( ) NAMED_UNIT ( * ) SI_UNIT ( .MILLI., .METRE. ) );
#5207 = DIRECTION ( 'NONE',  ( 0.000000000000000000, -1.000000000000000000, 0.000000000000000000 ) ) ;
#5208 = PLANE ( 'NONE',  #2416 ) ;
#5209 = VECTOR ( 'NONE', #6304, 1000.000000000000000 ) ;
#5210 = AXIS2_PLACEMENT_3D ( 'NONE', #1368, #1885, #3423 ) ;
#5211 = ADVANCED_FACE ( 'NONE', ( #5911 ), #641, .F. ) ;
#5212 = SURFACE_STYLE_FILL_AREA ( #6430 ) ;
#5213 = EDGE_CURVE ( 'NONE', #3268, #2005, #1613, .T. ) ;
#5214 = VECTOR ( 'NONE', #1117, 1000.000000000000000 ) ;
#5215 = DIRECTION ( 'NONE',  ( 1.000000000000000000, 0.000000000000000000, 0.000000000000000000 ) ) ;
#5216 = SURFACE_STYLE_USAGE ( .BOTH. , #210 ) ;
#5217 = LINE ( 'NONE', #557, #708 ) ;
#5218 = ADVANCED_FACE ( 'NONE', ( #5501 ), #3693, .T. ) ;
#5219 = VERTEX_POINT ( 'NONE', #5732 ) ;
#5220 = VECTOR ( 'NONE', #5020, 1000.000000000000000 ) ;
#5221 = DIRECTION ( 'NONE',  ( 0.000000000000000000, 0.000000000000000000, 1.000000000000000000 ) ) ;
#5222 = PLANE ( 'NONE',  #5557 ) ;
#5223 = AXIS2_PLACEMENT_3D ( 'NONE', #2791, #6313, #1924 ) ;
#5224 = EDGE_CURVE ( 'NONE', #3978, #1566, #1932, .T. ) ;
#5225 = LINE ( 'NONE', #3990, #3718 ) ;
#5226 = CYLINDRICAL_SURFACE ( 'NONE', #3884, 0.1250000000000001110 ) ;
#5227 = CARTESIAN_POINT ( 'NONE',  ( 0.9000000000000000222, 0.1499999999999999944, -1.224999999999999867 ) ) ;
#5228 = VERTEX_POINT ( 'NONE', #4261 ) ;
#5229 = CYLINDRICAL_SURFACE ( 'NONE', #139, 0.1250000000000001110 ) ;
#5230 =( NAMED_UNIT ( * ) PLANE_ANGLE_UNIT ( ) SI_UNIT ( $, .RADIAN. ) );
#5231 = DIRECTION ( 'NONE',  ( 0.000000000000000000, 0.000000000000000000, 1.000000000000000000 ) ) ;
#5232 = LINE ( 'NONE', #5701, #2542 ) ;
#5233 = DIRECTION ( 'NONE',  ( 0.000000000000000000, 0.000000000000000000, 1.000000000000000000 ) ) ;
#5234 = EDGE_LOOP ( 'NONE', ( #3168, #211, #1823, #6345 ) ) ;
#5235 = ORIENTED_EDGE ( 'NONE', *, *, #2092, .F. ) ;
#5236 = ORIENTED_EDGE ( 'NONE', *, *, #5917, .F. ) ;
#5237 = PRESENTATION_LAYER_ASSIGNMENT (  '', '', ( #4569 ) ) ;
#5238 = CARTESIAN_POINT ( 'NONE',  ( -0.3499999999999999778, -0.05000000000000000278, -1.500000000000000000 ) ) ;
#5239 = VECTOR ( 'NONE', #4042, 1000.000000000000000 ) ;
#5240 = ORIENTED_EDGE ( 'NONE', *, *, #287, .F. ) ;
#5241 = PLANE ( 'NONE',  #6379 ) ;
#5242 = EDGE_CURVE ( 'NONE', #5941, #1887, #3297, .T. ) ;
#5243 = AXIS2_PLACEMENT_3D ( 'NONE', #4342, #5289, #3286 ) ;
#5244 = COLOUR_RGB ( '',1.000000000000000000, 1.000000000000000000, 1.000000000000000000 ) ;
#5245 = FACE_OUTER_BOUND ( 'NONE', #3806, .T. ) ;
#5246 = CARTESIAN_POINT ( 'NONE',  ( 0.9000000000000000222, 0.000000000000000000, -1.224999999999999867 ) ) ;
#5247 =( NAMED_UNIT ( * ) PLANE_ANGLE_UNIT ( ) SI_UNIT ( $, .RADIAN. ) );
#5248 = ORIENTED_EDGE ( 'NONE', *, *, #465, .F. ) ;
#5249 = DIRECTION ( 'NONE',  ( -0.000000000000000000, 1.000000000000000000, -0.000000000000000000 ) ) ;
#5250 = DIRECTION ( 'NONE',  ( 0.000000000000000000, -1.000000000000000000, 0.000000000000000000 ) ) ;
#5251 = PLANE ( 'NONE',  #5740 ) ;
#5252 =( LENGTH_UNIT ( ) NAMED_UNIT ( * ) SI_UNIT ( .MILLI., .METRE. ) );
#5253 = EDGE_LOOP ( 'NONE', ( #3137, #5303, #1534, #2889 ) ) ;
#5254 =( NAMED_UNIT ( * ) SI_UNIT ( $, .STERADIAN. ) SOLID_ANGLE_UNIT ( ) );
#5255 =( GEOMETRIC_REPRESENTATION_CONTEXT ( 3 ) GLOBAL_UNCERTAINTY_ASSIGNED_CONTEXT ( ( #2087 ) ) GLOBAL_UNIT_ASSIGNED_CONTEXT ( ( #50, #606, #2655 ) ) REPRESENTATION_CONTEXT ( 'NONE', 'WORKASPACE' ) );
#5256 = CARTESIAN_POINT ( 'NONE',  ( -0.9749999999999999778, -0.05000000000000000278, 0.8750000000000000000 ) ) ;
#5257 =( NAMED_UNIT ( * ) SI_UNIT ( $, .STERADIAN. ) SOLID_ANGLE_UNIT ( ) );
#5258 = VECTOR ( 'NONE', #403, 1000.000000000000000 ) ;
#5259 = CARTESIAN_POINT ( 'NONE',  ( -0.1250000000000000000, 0.1499999999999999944, -0.1250000000000000555 ) ) ;
#5260 = FACE_OUTER_BOUND ( 'NONE', #3091, .T. ) ;
#5261 = AXIS2_PLACEMENT_3D ( 'NONE', #3245, #704, #5767 ) ;
#5262 = ADVANCED_FACE ( 'NONE', ( #3603 ), #5264, .F. ) ;
#5263 = ORIENTED_EDGE ( 'NONE', *, *, #1865, .T. ) ;
#5264 = PLANE ( 'NONE',  #1374 ) ;
#5265 = UNCERTAINTY_MEASURE_WITH_UNIT (LENGTH_MEASURE( 1.000000000000000082E-05 ), #1238, 'distance_accuracy_value', 'NONE');
#5266 = UNCERTAINTY_MEASURE_WITH_UNIT (LENGTH_MEASURE( 1.000000000000000082E-05 ), #1685, 'distance_accuracy_value', 'NONE');
#5267 = EDGE_CURVE ( 'NONE', #1921, #2065, #3140, .T. ) ;
#5268 = LINE ( 'NONE', #5129, #1225 ) ;
#5269 = ORIENTED_EDGE ( 'NONE', *, *, #916, .F. ) ;
#5270 =( GEOMETRIC_REPRESENTATION_CONTEXT ( 3 ) GLOBAL_UNCERTAINTY_ASSIGNED_CONTEXT ( ( #6268 ) ) GLOBAL_UNIT_ASSIGNED_CONTEXT ( ( #5542, #6070, #4562 ) ) REPRESENTATION_CONTEXT ( 'NONE', 'WORKASPACE' ) );
#5271 = CARTESIAN_POINT ( 'NONE',  ( 1.250000000000000000, 0.1499999999999999944, -0.6250000000000000000 ) ) ;
#5272 =( LENGTH_UNIT ( ) NAMED_UNIT ( * ) SI_UNIT ( .MILLI., .METRE. ) );
#5273 = FILL_AREA_STYLE_COLOUR ( '', #2867 ) ;
#5274 = CARTESIAN_POINT ( 'NONE',  ( 0.4000000000000000222, -0.05000000000000000278, -1.350000000000000089 ) ) ;
#5275 = FILL_AREA_STYLE ('',( #2702 ) ) ;
#5276 = VERTEX_POINT ( 'NONE', #2674 ) ;
#5277 = DIRECTION ( 'NONE',  ( -0.000000000000000000, -1.000000000000000000, -0.000000000000000000 ) ) ;
#5278 = EDGE_CURVE ( 'NONE', #3339, #2943, #125, .T. ) ;
#5279 = DIRECTION ( 'NONE',  ( -1.000000000000000000, 0.000000000000000000, 0.000000000000000000 ) ) ;
#5280 =( NAMED_UNIT ( * ) PLANE_ANGLE_UNIT ( ) SI_UNIT ( $, .RADIAN. ) );
#5281 = PLANE ( 'NONE',  #3276 ) ;
#5282 = FACE_OUTER_BOUND ( 'NONE', #5491, .T. ) ;
#5283 = EDGE_CURVE ( 'NONE', #1344, #3920, #4413, .T. ) ;
#5284 = ORIENTED_EDGE ( 'NONE', *, *, #1909, .F. ) ;
#5285 = CARTESIAN_POINT ( 'NONE',  ( -0.3499999999999999778, 0.1499999999999999944, -1.500000000000000000 ) ) ;
#5286 = STYLED_ITEM ( 'NONE', ( #2107 ), #4472 ) ;
#5287 = PLANE ( 'NONE',  #2319 ) ;
#5288 = DIRECTION ( 'NONE',  ( -1.000000000000000000, 0.000000000000000000, 0.000000000000000000 ) ) ;
#5289 = DIRECTION ( 'NONE',  ( 0.000000000000000000, -1.000000000000000000, 0.000000000000000000 ) ) ;
#5290 = AXIS2_PLACEMENT_3D ( 'NONE', #5901, #260, #1778 ) ;
#5291 = EDGE_LOOP ( 'NONE', ( #5009, #5069, #360, #4333 ) ) ;
#5292 = DIRECTION ( 'NONE',  ( 1.000000000000000000, 0.000000000000000000, 0.000000000000000000 ) ) ;
#5293 = SURFACE_STYLE_USAGE ( .BOTH. , #1712 ) ;
#5294 = PLANE ( 'NONE',  #2008 ) ;
#5295 = LINE ( 'NONE', #4081, #4443 ) ;
#5296 =( LENGTH_UNIT ( ) NAMED_UNIT ( * ) SI_UNIT ( .MILLI., .METRE. ) );
#5297 = VERTEX_POINT ( 'NONE', #1213 ) ;
#5298 = SURFACE_STYLE_USAGE ( .BOTH. , #203 ) ;
#5299 = LINE ( 'NONE', #6065, #6107 ) ;
#5300 = DIRECTION ( 'NONE',  ( 0.000000000000000000, -1.000000000000000000, 0.000000000000000000 ) ) ;
#5301 = EDGE_CURVE ( 'NONE', #346, #6370, #911, .T. ) ;
#5302 = VECTOR ( 'NONE', #2976, 1000.000000000000000 ) ;
#5303 = ORIENTED_EDGE ( 'NONE', *, *, #510, .F. ) ;
#5304 = ORIENTED_EDGE ( 'NONE', *, *, #2196, .F. ) ;
#5305 = EDGE_LOOP ( 'NONE', ( #3345, #1044, #4953, #5614 ) ) ;
#5306 = ORIENTED_EDGE ( 'NONE', *, *, #6049, .F. ) ;
#5307 = ORIENTED_EDGE ( 'NONE', *, *, #4636, .T. ) ;
#5308 = SURFACE_STYLE_USAGE ( .BOTH. , #3260 ) ;
#5309 = CARTESIAN_POINT ( 'NONE',  ( 0.9000000000000000222, -0.05000000000000000278, -1.224999999999999867 ) ) ;
#5310 = FILL_AREA_STYLE ('',( #3283 ) ) ;
#5311 =( GEOMETRIC_REPRESENTATION_CONTEXT ( 3 ) GLOBAL_UNCERTAINTY_ASSIGNED_CONTEXT ( ( #1321 ) ) GLOBAL_UNIT_ASSIGNED_CONTEXT ( ( #5098, #3066, #5596 ) ) REPRESENTATION_CONTEXT ( 'NONE', 'WORKASPACE' ) );
#5312 = EDGE_CURVE ( 'NONE', #4130, #2582, #4954, .T. ) ;
#5313 = ORIENTED_EDGE ( 'NONE', *, *, #4593, .F. ) ;
#5314 = CARTESIAN_POINT ( 'NONE',  ( 0.1499999999999999667, 0.000000000000000000, 1.500000000000000000 ) ) ;
#5315 = CYLINDRICAL_SURFACE ( 'NONE', #4351, 0.1250000000000001110 ) ;
#5316 = LINE ( 'NONE', #6266, #3975 ) ;
#5317 = FACE_OUTER_BOUND ( 'NONE', #5353, .T. ) ;
#5318 = ORIENTED_EDGE ( 'NONE', *, *, #4337, .T. ) ;
#5319 = ORIENTED_EDGE ( 'NONE', *, *, #5312, .T. ) ;
#5320 = ADVANCED_FACE ( 'NONE', ( #3057 ), #1811, .F. ) ;
#5321 = SURFACE_SIDE_STYLE ('',( #727 ) ) ;
#5322 =( NAMED_UNIT ( * ) PLANE_ANGLE_UNIT ( ) SI_UNIT ( $, .RADIAN. ) );
#5323 = VECTOR ( 'NONE', #2445, 1000.000000000000000 ) ;
#5324 = DIRECTION ( 'NONE',  ( 0.000000000000000000, -0.000000000000000000, 1.000000000000000000 ) ) ;
#5325 = AXIS2_PLACEMENT_3D ( 'NONE', #3224, #5818, #796 ) ;
#5326 = FILL_AREA_STYLE ('',( #4743 ) ) ;
#5327 = CYLINDRICAL_SURFACE ( 'NONE', #2380, 0.1250000000000000000 ) ;
#5328 = VECTOR ( 'NONE', #2406, 1000.000000000000000 ) ;
#5329 = EDGE_CURVE ( 'NONE', #5663, #4939, #5109, .T. ) ;
#5330 = ORIENTED_EDGE ( 'NONE', *, *, #2390, .T. ) ;
#5331 = COLOUR_RGB ( '',1.000000000000000000, 1.000000000000000000, 1.000000000000000000 ) ;
#5332 =( NAMED_UNIT ( * ) SI_UNIT ( $, .STERADIAN. ) SOLID_ANGLE_UNIT ( ) );
#5333 = CARTESIAN_POINT ( 'NONE',  ( -0.5999999999999999778, 0.1499999999999999944, 1.224999999999999867 ) ) ;
#5334 = ORIENTED_EDGE ( 'NONE', *, *, #1379, .F. ) ;
#5335 = SURFACE_STYLE_USAGE ( .BOTH. , #787 ) ;
#5336 = EDGE_CURVE ( 'NONE', #5659, #1644, #4248, .T. ) ;
#5337 = PRESENTATION_LAYER_ASSIGNMENT (  '', '', ( #4118 ) ) ;
#5338 = CARTESIAN_POINT ( 'NONE',  ( 0.6500000000000000222, -0.05000000000000000278, -1.500000000000000000 ) ) ;
#5339 = DIRECTION ( 'NONE',  ( -0.000000000000000000, 1.000000000000000000, -0.000000000000000000 ) ) ;
#5340 = SURFACE_STYLE_USAGE ( .BOTH. , #2891 ) ;
#5341 = CIRCLE ( 'NONE', #4217, 0.1250000000000001110 ) ;
#5342 = ORIENTED_EDGE ( 'NONE', *, *, #4714, .T. ) ;
#5343 = ORIENTED_EDGE ( 'NONE', *, *, #3888, .F. ) ;
#5344 = SURFACE_SIDE_STYLE ('',( #4601 ) ) ;
#5345 = DIRECTION ( 'NONE',  ( 0.000000000000000000, -1.000000000000000000, 0.000000000000000000 ) ) ;
#5346 = PRESENTATION_LAYER_ASSIGNMENT (  '', '', ( #686 ) ) ;
#5347 = ORIENTED_EDGE ( 'NONE', *, *, #5213, .F. ) ;
#5348 = PLANE ( 'NONE',  #2329 ) ;
#5349 = DIRECTION ( 'NONE',  ( -1.000000000000000000, 0.000000000000000000, -0.000000000000000000 ) ) ;
#5350 =( GEOMETRIC_REPRESENTATION_CONTEXT ( 3 ) GLOBAL_UNCERTAINTY_ASSIGNED_CONTEXT ( ( #5882 ) ) GLOBAL_UNIT_ASSIGNED_CONTEXT ( ( #5431, #982, #1381 ) ) REPRESENTATION_CONTEXT ( 'NONE', 'WORKASPACE' ) );
#5351 = DIRECTION ( 'NONE',  ( 0.000000000000000000, 0.000000000000000000, -1.000000000000000000 ) ) ;
#5352 = UNCERTAINTY_MEASURE_WITH_UNIT (LENGTH_MEASURE( 1.000000000000000082E-05 ), #2306, 'distance_accuracy_value', 'NONE');
#5353 = EDGE_LOOP ( 'NONE', ( #5016 ) ) ;
#5354 = ORIENTED_EDGE ( 'NONE', *, *, #5070, .F. ) ;
#5355 =( NAMED_UNIT ( * ) PLANE_ANGLE_UNIT ( ) SI_UNIT ( $, .RADIAN. ) );
#5356 = CARTESIAN_POINT ( 'NONE',  ( 0.3999999999999999667, -0.05000000000000000278, 1.500000000000000000 ) ) ;
#5357 = AXIS2_PLACEMENT_3D ( 'NONE', #5200, #4717, #769 ) ;
#5358 = PRESENTATION_LAYER_ASSIGNMENT (  '', '', ( #4902 ) ) ;
#5359 = ADVANCED_FACE ( 'NONE', ( #4169 ), #4334, .F. ) ;
#5360 = UNCERTAINTY_MEASURE_WITH_UNIT (LENGTH_MEASURE( 1.000000000000000082E-05 ), #3063, 'distance_accuracy_value', 'NONE');
#5361 = EDGE_CURVE ( 'NONE', #961, #2814, #3847, .T. ) ;
#5362 = ORIENTED_EDGE ( 'NONE', *, *, #291, .T. ) ;
#5363 = DIRECTION ( 'NONE',  ( -3.614007241618349264E-16, 0.000000000000000000, 1.000000000000000000 ) ) ;
#5364 = CARTESIAN_POINT ( 'NONE',  ( -0.1000000000000000056, -0.05000000000000000278, 1.500000000000000000 ) ) ;
#5365 = DIRECTION ( 'NONE',  ( 0.000000000000000000, 0.000000000000000000, -1.000000000000000000 ) ) ;
#5366 = PRESENTATION_LAYER_ASSIGNMENT (  '', '', ( #6246 ) ) ;
#5367 = MECHANICAL_DESIGN_GEOMETRIC_PRESENTATION_REPRESENTATION (  '', ( #6248 ), #5487 ) ;
#5368 = CARTESIAN_POINT ( 'NONE',  ( -1.250000000000000000, 0.1499999999999999944, 0.1250000000000000000 ) ) ;
#5369 = SURFACE_STYLE_FILL_AREA ( #4512 ) ;
#5370 =( NAMED_UNIT ( * ) SI_UNIT ( $, .STERADIAN. ) SOLID_ANGLE_UNIT ( ) );
#5371 = EDGE_CURVE ( 'NONE', #5576, #2943, #1925, .T. ) ;
#5372 =( NAMED_UNIT ( * ) PLANE_ANGLE_UNIT ( ) SI_UNIT ( $, .RADIAN. ) );
#5373 = LINE ( 'NONE', #2265, #3875 ) ;
#5374 = CARTESIAN_POINT ( 'NONE',  ( -0.3499999999999999778, -0.05000000000000000278, -1.500000000000000000 ) ) ;
#5375 = PLANE ( 'NONE',  #3666 ) ;
#5376 = CARTESIAN_POINT ( 'NONE',  ( -0.9500000000000000666, 0.9000000000000000222, -1.139999999999999902 ) ) ;
#5377 = VERTEX_POINT ( 'NONE', #5823 ) ;
#5378 = MECHANICAL_DESIGN_GEOMETRIC_PRESENTATION_REPRESENTATION (  '', ( #3011 ), #1844 ) ;
#5379 =( NAMED_UNIT ( * ) PLANE_ANGLE_UNIT ( ) SI_UNIT ( $, .RADIAN. ) );
#5380 = ORIENTED_EDGE ( 'NONE', *, *, #4548, .T. ) ;
#5381 = CIRCLE ( 'NONE', #217, 0.1250000000000000000 ) ;
#5382 = FILL_AREA_STYLE ('',( #2269 ) ) ;
#5383 = SURFACE_STYLE_FILL_AREA ( #2422 ) ;
#5384 = ADVANCED_FACE ( 'NONE', ( #1071 ), #3855, .F. ) ;
#5385 = AXIS2_PLACEMENT_3D ( 'NONE', #1079, #2624, #115 ) ;
#5386 = CARTESIAN_POINT ( 'NONE',  ( 0.9000000000000000222, 0.1499999999999999944, 1.500000000000000000 ) ) ;
#5387 = ORIENTED_EDGE ( 'NONE', *, *, #2167, .F. ) ;
#5388 = VECTOR ( 'NONE', #3235, 1000.000000000000000 ) ;
#5389 = VECTOR ( 'NONE', #3517, 1000.000000000000000 ) ;
#5390 = ORIENTED_EDGE ( 'NONE', *, *, #5714, .T. ) ;
#5391 = LINE ( 'NONE', #861, #3647 ) ;
#5392 = EDGE_CURVE ( 'NONE', #2065, #2615, #2145, .T. ) ;
#5393 = LINE ( 'NONE', #4201, #4534 ) ;
#5394 = EDGE_CURVE ( 'NONE', #1140, #5161, #1524, .T. ) ;
#5395 = FACE_OUTER_BOUND ( 'NONE', #4310, .T. ) ;
#5396 = CARTESIAN_POINT ( 'NONE',  ( 0.2749999999999999667, 0.1499999999999999944, -1.224999999999999867 ) ) ;
#5397 = ORIENTED_EDGE ( 'NONE', *, *, #1818, .T. ) ;
#5398 = ORIENTED_EDGE ( 'NONE', *, *, #9, .F. ) ;
#5399 = PLANE ( 'NONE',  #155 ) ;
#5400 = LINE ( 'NONE', #2187, #418 ) ;
#5401 = PRESENTATION_STYLE_ASSIGNMENT (( #2537 ) ) ;
#5402 = VECTOR ( 'NONE', #3863, 1000.000000000000000 ) ;
#5403 = DIRECTION ( 'NONE',  ( -1.000000000000000000, 0.000000000000000000, 0.000000000000000000 ) ) ;
#5404 = DIRECTION ( 'NONE',  ( -0.000000000000000000, 0.000000000000000000, 1.000000000000000000 ) ) ;
#5405 = VERTEX_POINT ( 'NONE', #902 ) ;
#5406 = EDGE_CURVE ( 'NONE', #4808, #1921, #6277, .T. ) ;
#5407 = DIRECTION ( 'NONE',  ( -0.000000000000000000, -1.000000000000000000, -0.000000000000000000 ) ) ;
#5408 = CARTESIAN_POINT ( 'NONE',  ( -0.8499999999999999778, -0.05000000000000000278, 1.500000000000000000 ) ) ;
#5409 = PRODUCT_RELATED_PRODUCT_CATEGORY ( 'part', '', ( #2620 ) ) ;
#5410 = CLOSED_SHELL ( 'NONE', ( #5681, #147, #129, #3531, #2403, #3303 ) ) ;
#5411 = PLANE ( 'NONE',  #734 ) ;
#5412 = CARTESIAN_POINT ( 'NONE',  ( -0.9500000000000000666, 0.9000000000000000222, -1.139999999999999902 ) ) ;
#5413 = STYLED_ITEM ( 'NONE', ( #2703 ), #160 ) ;
#5414 = FACE_OUTER_BOUND ( 'NONE', #2423, .T. ) ;
#5415 = EDGE_CURVE ( 'NONE', #5154, #4495, #6066, .T. ) ;
#5416 = LINE ( 'NONE', #3312, #1833 ) ;
#5417 = DIRECTION ( 'NONE',  ( 0.000000000000000000, 0.000000000000000000, -1.000000000000000000 ) ) ;
#5418 = ORIENTED_EDGE ( 'NONE', *, *, #4676, .F. ) ;
#5419 = DIRECTION ( 'NONE',  ( 1.000000000000000000, 0.000000000000000000, 0.000000000000000000 ) ) ;
#5420 = ADVANCED_FACE ( 'NONE', ( #838 ), #204, .F. ) ;
#5421 =( LENGTH_UNIT ( ) NAMED_UNIT ( * ) SI_UNIT ( .MILLI., .METRE. ) );
#5422 = SURFACE_STYLE_FILL_AREA ( #1263 ) ;
#5423 = PRESENTATION_LAYER_ASSIGNMENT (  '', '', ( #1340 ) ) ;
#5424 = ORIENTED_EDGE ( 'NONE', *, *, #1385, .F. ) ;
#5425 = STYLED_ITEM ( 'NONE', ( #1491 ), #2877 ) ;
#5426 = CARTESIAN_POINT ( 'NONE',  ( 1.250000000000000000, -0.05000000000000000278, 0.3750000000000000000 ) ) ;
#5427 = PLANE ( 'NONE',  #4197 ) ;
#5428 = PLANE ( 'NONE',  #2387 ) ;
#5429 = ORIENTED_EDGE ( 'NONE', *, *, #5515, .F. ) ;
#5430 = FILL_AREA_STYLE_COLOUR ( '', #410 ) ;
#5431 =( LENGTH_UNIT ( ) NAMED_UNIT ( * ) SI_UNIT ( .MILLI., .METRE. ) );
#5432 = ORIENTED_EDGE ( 'NONE', *, *, #6463, .T. ) ;
#5433 = EDGE_CURVE ( 'NONE', #3269, #1058, #2322, .T. ) ;
#5434 = VERTEX_POINT ( 'NONE', #1881 ) ;
#5435 = COLOUR_RGB ( '',1.000000000000000000, 1.000000000000000000, 1.000000000000000000 ) ;
#5436 = PLANE ( 'NONE',  #5524 ) ;
#5437 = FILL_AREA_STYLE ('',( #6483 ) ) ;
#5438 = MECHANICAL_DESIGN_GEOMETRIC_PRESENTATION_REPRESENTATION (  '', ( #695 ), #5781 ) ;
#5439 = EDGE_CURVE ( 'NONE', #2258, #6015, #3923, .T. ) ;
#5440 = SURFACE_STYLE_FILL_AREA ( #1306 ) ;
#5441 = ORIENTED_EDGE ( 'NONE', *, *, #3113, .F. ) ;
#5442 = EDGE_LOOP ( 'NONE', ( #5716, #2761, #4594, #5786 ) ) ;
#5443 = AXIS2_PLACEMENT_3D ( 'NONE', #5999, #2357, #5914 ) ;
#5444 = DIRECTION ( 'NONE',  ( 0.000000000000000000, -0.000000000000000000, -1.000000000000000000 ) ) ;
#5445 = VECTOR ( 'NONE', #4577, 1000.000000000000000 ) ;
#5446 = DIRECTION ( 'NONE',  ( 0.000000000000000000, -1.000000000000000000, 0.000000000000000000 ) ) ;
#5447 = AXIS2_PLACEMENT_3D ( 'NONE', #5364, #1821, #5288 ) ;
#5448 = EDGE_CURVE ( 'NONE', #4154, #6479, #2897, .T. ) ;
#5449 = ADVANCED_FACE ( 'NONE', ( #3754 ), #2431, .F. ) ;
#5450 = DIRECTION ( 'NONE',  ( -0.000000000000000000, 1.000000000000000000, -0.000000000000000000 ) ) ;
#5451 = SURFACE_STYLE_FILL_AREA ( #4703 ) ;
#5452 = ORIENTED_EDGE ( 'NONE', *, *, #3043, .T. ) ;
#5453 = CARTESIAN_POINT ( 'NONE',  ( -0.8499999999999999778, -0.05000000000000000278, -1.500000000000000000 ) ) ;
#5454 = EDGE_CURVE ( 'NONE', #2385, #3031, #4086, .T. ) ;
#5455 = AXIS2_PLACEMENT_3D ( 'NONE', #768, #3310, #4869 ) ;
#5456 = FILL_AREA_STYLE_COLOUR ( '', #75 ) ;
#5457 = SURFACE_STYLE_USAGE ( .BOTH. , #3396 ) ;
#5458 = LINE ( 'NONE', #5955, #4129 ) ;
#5459 = UNCERTAINTY_MEASURE_WITH_UNIT (LENGTH_MEASURE( 1.000000000000000082E-05 ), #5779, 'distance_accuracy_value', 'NONE');
#5460 = ORIENTED_EDGE ( 'NONE', *, *, #6351, .F. ) ;
#5461 = FILL_AREA_STYLE ('',( #388 ) ) ;
#5462 = DIRECTION ( 'NONE',  ( -0.000000000000000000, -1.000000000000000000, -0.000000000000000000 ) ) ;
#5463 = SURFACE_STYLE_FILL_AREA ( #5382 ) ;
#5464 =( NAMED_UNIT ( * ) PLANE_ANGLE_UNIT ( ) SI_UNIT ( $, .RADIAN. ) );
#5465 = ORIENTED_EDGE ( 'NONE', *, *, #1522, .F. ) ;
#5466 = ORIENTED_EDGE ( 'NONE', *, *, #4100, .T. ) ;
#5467 = CARTESIAN_POINT ( 'NONE',  ( 1.250000000000000000, 0.1499999999999999944, -0.1250000000000000000 ) ) ;
#5468 = ORIENTED_EDGE ( 'NONE', *, *, #6002, .T. ) ;
#5469 = PRESENTATION_STYLE_ASSIGNMENT (( #4864 ) ) ;
#5470 =( GEOMETRIC_REPRESENTATION_CONTEXT ( 3 ) GLOBAL_UNCERTAINTY_ASSIGNED_CONTEXT ( ( #2033 ) ) GLOBAL_UNIT_ASSIGNED_CONTEXT ( ( #4724, #5280, #5254 ) ) REPRESENTATION_CONTEXT ( 'NONE', 'WORKASPACE' ) );
#5471 = CARTESIAN_POINT ( 'NONE',  ( -1.250000000000000000, -0.05000000000000000278, 0.6250000000000000000 ) ) ;
#5472 = LINE ( 'NONE', #2003, #4863 ) ;
#5473 = VECTOR ( 'NONE', #2347, 1000.000000000000000 ) ;
#5474 = SURFACE_STYLE_USAGE ( .BOTH. , #4497 ) ;
#5475 = ORIENTED_EDGE ( 'NONE', *, *, #1030, .F. ) ;
#5476 = EDGE_LOOP ( 'NONE', ( #38, #3193, #2408, #6207, #2628, #2665, #2246, #2248, #1513, #4222, #5441, #1596, #5011, #1297, #4799, #6036, #5731, #3333, #3055, #5669 ) ) ;
#5477 = STYLED_ITEM ( 'NONE', ( #5151 ), #3902 ) ;
#5478 =( LENGTH_UNIT ( ) NAMED_UNIT ( * ) SI_UNIT ( .MILLI., .METRE. ) );
#5479 = FACE_OUTER_BOUND ( 'NONE', #2384, .T. ) ;
#5480 = CARTESIAN_POINT ( 'NONE',  ( 1.250000000000000000, -0.05000000000000000278, 0.1250000000000000000 ) ) ;
#5481 = CIRCLE ( 'NONE', #4093, 0.1250000000000000000 ) ;
#5482 = CIRCLE ( 'NONE', #3668, 0.1250000000000001110 ) ;
#5483 = CARTESIAN_POINT ( 'NONE',  ( -0.1250000000000000000, -0.05000000000000000278, -4.241313930147960914E-17 ) ) ;
#5484 = EDGE_LOOP ( 'NONE', ( #5397, #1655, #4685, #3900 ) ) ;
#5485 =( LENGTH_UNIT ( ) NAMED_UNIT ( * ) SI_UNIT ( .MILLI., .METRE. ) );
#5486 = PRESENTATION_LAYER_ASSIGNMENT (  '', '', ( #5148 ) ) ;
#5487 =( GEOMETRIC_REPRESENTATION_CONTEXT ( 3 ) GLOBAL_UNCERTAINTY_ASSIGNED_CONTEXT ( ( #370 ) ) GLOBAL_UNIT_ASSIGNED_CONTEXT ( ( #402, #969, #1927 ) ) REPRESENTATION_CONTEXT ( 'NONE', 'WORKASPACE' ) );
#5488 = FACE_OUTER_BOUND ( 'NONE', #5253, .T. ) ;
#5489 = SURFACE_STYLE_USAGE ( .BOTH. , #4525 ) ;
#5490 = CARTESIAN_POINT ( 'NONE',  ( -1.250000000000000000, 0.000000000000000000, 1.500000000000000000 ) ) ;
#5491 = EDGE_LOOP ( 'NONE', ( #5035, #1425, #5330, #1048 ) ) ;
#5492 = APPLICATION_CONTEXT ( 'automotive_design' ) ;
#5493 = ORIENTED_EDGE ( 'NONE', *, *, #5613, .F. ) ;
#5494 = SURFACE_STYLE_FILL_AREA ( #2871 ) ;
#5495 = ORIENTED_EDGE ( 'NONE', *, *, #458, .F. ) ;
#5496 = ADVANCED_FACE ( 'NONE', ( #595 ), #3417, .F. ) ;
#5497 = PRESENTATION_LAYER_ASSIGNMENT (  '', '', ( #5286 ) ) ;
#5498 = ADVANCED_FACE ( 'NONE', ( #761 ), #384, .F. ) ;
#5499 = ORIENTED_EDGE ( 'NONE', *, *, #1897, .T. ) ;
#5500 =( NAMED_UNIT ( * ) PLANE_ANGLE_UNIT ( ) SI_UNIT ( $, .RADIAN. ) );
#5501 = FACE_OUTER_BOUND ( 'NONE', #4527, .T. ) ;
#5502 = ORIENTED_EDGE ( 'NONE', *, *, #3215, .T. ) ;
#5503 = FILL_AREA_STYLE ('',( #1997 ) ) ;
#5504 =( LENGTH_UNIT ( ) NAMED_UNIT ( * ) SI_UNIT ( .MILLI., .METRE. ) );
#5505 = LINE ( 'NONE', #3047, #6524 ) ;
#5506 = SURFACE_STYLE_USAGE ( .BOTH. , #1462 ) ;
#5507 = CARTESIAN_POINT ( 'NONE',  ( 0.7750000000000000222, 0.000000000000000000, 1.099999999999999867 ) ) ;
#5508 = PRESENTATION_LAYER_ASSIGNMENT (  '', '', ( #51 ) ) ;
#5509 = SURFACE_SIDE_STYLE ('',( #5383 ) ) ;
#5510 = CARTESIAN_POINT ( 'NONE',  ( 1.250000000000000000, 0.000000000000000000, 0.1250000000000000000 ) ) ;
#5511 = ORIENTED_EDGE ( 'NONE', *, *, #3388, .F. ) ;
#5512 = SURFACE_STYLE_FILL_AREA ( #5031 ) ;
#5513 = DIRECTION ( 'NONE',  ( 0.000000000000000000, 0.000000000000000000, 1.000000000000000000 ) ) ;
#5514 = EDGE_CURVE ( 'NONE', #5974, #3186, #3434, .T. ) ;
#5515 = EDGE_CURVE ( 'NONE', #207, #1605, #2073, .T. ) ;
#5516 = CARTESIAN_POINT ( 'NONE',  ( -1.250000000000000000, -0.05000000000000000278, 0.8750000000000000000 ) ) ;
#5517 = PRESENTATION_LAYER_ASSIGNMENT (  '', '', ( #1555 ) ) ;
#5518 = DIRECTION ( 'NONE',  ( 0.000000000000000000, 0.000000000000000000, 1.000000000000000000 ) ) ;
#5519 = COLOUR_RGB ( '',0.7921568627450980005, 0.8196078431372548767, 0.9333333333333333481 ) ;
#5520 = CARTESIAN_POINT ( 'NONE',  ( -0.2250000000000000056, 0.000000000000000000, 1.224999999999999867 ) ) ;
#5521 = CIRCLE ( 'NONE', #4655, 0.1250000000000001110 ) ;
#5522 =( LENGTH_UNIT ( ) NAMED_UNIT ( * ) SI_UNIT ( .MILLI., .METRE. ) );
#5523 = FILL_AREA_STYLE ('',( #5456 ) ) ;
#5524 = AXIS2_PLACEMENT_3D ( 'NONE', #2404, #5948, #2923 ) ;
#5525 = LINE ( 'NONE', #639, #1324 ) ;
#5526 = ADVANCED_FACE ( 'NONE', ( #1147 ), #4938, .F. ) ;
#5527 = SURFACE_STYLE_FILL_AREA ( #4194 ) ;
#5528 = EDGE_LOOP ( 'NONE', ( #154, #2686, #3112, #2698 ) ) ;
#5529 = CARTESIAN_POINT ( 'NONE',  ( -0.8499999999999999778, -0.05000000000000000278, -0.6250000000000000000 ) ) ;
#5530 = FILL_AREA_STYLE_COLOUR ( '', #3525 ) ;
#5531 =( LENGTH_UNIT ( ) NAMED_UNIT ( * ) SI_UNIT ( .MILLI., .METRE. ) );
#5532 = LINE ( 'NONE', #351, #2275 ) ;
#5533 = VECTOR ( 'NONE', #2590, 1000.000000000000000 ) ;
#5534 = MECHANICAL_DESIGN_GEOMETRIC_PRESENTATION_REPRESENTATION (  '', ( #2256 ), #4986 ) ;
#5535 = FILL_AREA_STYLE_COLOUR ( '', #4933 ) ;
#5536 = PRESENTATION_STYLE_ASSIGNMENT (( #5168 ) ) ;
#5537 = ORIENTED_EDGE ( 'NONE', *, *, #3194, .T. ) ;
#5538 = LINE ( 'NONE', #5877, #1557 ) ;
#5539 = CARTESIAN_POINT ( 'NONE',  ( 0.2749999999999999667, -0.05000000000000000278, -1.224999999999999867 ) ) ;
#5540 = VERTEX_POINT ( 'NONE', #4598 ) ;
#5541 = SURFACE_SIDE_STYLE ('',( #2800 ) ) ;
#5542 =( LENGTH_UNIT ( ) NAMED_UNIT ( * ) SI_UNIT ( .MILLI., .METRE. ) );
#5543 = MECHANICAL_DESIGN_GEOMETRIC_PRESENTATION_REPRESENTATION (  '', ( #633 ), #6217 ) ;
#5544 = ORIENTED_EDGE ( 'NONE', *, *, #2400, .F. ) ;
#5545 = FILL_AREA_STYLE_COLOUR ( '', #3 ) ;
#5546 = LINE ( 'NONE', #293, #5071 ) ;
#5547 = VERTEX_POINT ( 'NONE', #1009 ) ;
#5548 = MANIFOLD_SOLID_BREP ( 'Boss-Extrude4[7]', #525 ) ;
#5549 = VECTOR ( 'NONE', #4888, 1000.000000000000000 ) ;
#5550 = FILL_AREA_STYLE ('',( #4945 ) ) ;
#5551 = EDGE_LOOP ( 'NONE', ( #5626, #3105, #2153, #5175 ) ) ;
#5552 = VERTEX_POINT ( 'NONE', #5043 ) ;
#5553 =( NAMED_UNIT ( * ) SI_UNIT ( $, .STERADIAN. ) SOLID_ANGLE_UNIT ( ) );
#5554 = LINE ( 'NONE', #6008, #3971 ) ;
#5555 = CARTESIAN_POINT ( 'NONE',  ( -0.9749999999999999778, -0.000000000000000000, -0.2500000000000000000 ) ) ;
#5556 = ORIENTED_EDGE ( 'NONE', *, *, #2084, .F. ) ;
#5557 = AXIS2_PLACEMENT_3D ( 'NONE', #4241, #6392, #2361 ) ;
#5558 = ORIENTED_EDGE ( 'NONE', *, *, #2439, .F. ) ;
#5559 = STYLED_ITEM ( 'NONE', ( #3568 ), #6101 ) ;
#5560 = VECTOR ( 'NONE', #1802, 1000.000000000000000 ) ;
#5561 = DIRECTION ( 'NONE',  ( -1.000000000000000000, 0.000000000000000000, -0.000000000000000000 ) ) ;
#5562 = SURFACE_SIDE_STYLE ('',( #5656 ) ) ;
#5563 = LINE ( 'NONE', #381, #2138 ) ;
#5564 =( GEOMETRIC_REPRESENTATION_CONTEXT ( 3 ) GLOBAL_UNCERTAINTY_ASSIGNED_CONTEXT ( ( #6505 ) ) GLOBAL_UNIT_ASSIGNED_CONTEXT ( ( #779, #311, #4412 ) ) REPRESENTATION_CONTEXT ( 'NONE', 'WORKASPACE' ) );
#5565 = ORIENTED_EDGE ( 'NONE', *, *, #665, .F. ) ;
#5566 = EDGE_CURVE ( 'NONE', #2779, #4279, #2313, .T. ) ;
#5567 = CARTESIAN_POINT ( 'NONE',  ( -0.5999999999999999778, -0.05000000000000000278, 1.224999999999999867 ) ) ;
#5568 = FILL_AREA_STYLE_COLOUR ( '', #1453 ) ;
#5569 = LINE ( 'NONE', #3008, #3510 ) ;
#5570 = FILL_AREA_STYLE_COLOUR ( '', #2365 ) ;
#5571 = CARTESIAN_POINT ( 'NONE',  ( -1.250000000000000000, 0.1499999999999999944, 0.6250000000000000000 ) ) ;
#5572 = ORIENTED_EDGE ( 'NONE', *, *, #5577, .F. ) ;
#5573 = STYLED_ITEM ( 'NONE', ( #3258 ), #2004 ) ;
#5574 = MECHANICAL_DESIGN_GEOMETRIC_PRESENTATION_REPRESENTATION (  '', ( #4569 ), #5926 ) ;
#5575 = DIRECTION ( 'NONE',  ( -0.000000000000000000, -1.000000000000000000, -0.000000000000000000 ) ) ;
#5576 = VERTEX_POINT ( 'NONE', #5055 ) ;
#5577 = EDGE_CURVE ( 'NONE', #364, #737, #6364, .T. ) ;
#5578 = SURFACE_STYLE_USAGE ( .BOTH. , #6061 ) ;
#5579 = UNCERTAINTY_MEASURE_WITH_UNIT (LENGTH_MEASURE( 1.000000000000000082E-05 ), #3296, 'distance_accuracy_value', 'NONE');
#5580 = ADVANCED_FACE ( 'NONE', ( #1066 ), #1992, .F. ) ;
#5581 = ORIENTED_EDGE ( 'NONE', *, *, #1335, .T. ) ;
#5582 =( GEOMETRIC_REPRESENTATION_CONTEXT ( 3 ) GLOBAL_UNCERTAINTY_ASSIGNED_CONTEXT ( ( #6519 ) ) GLOBAL_UNIT_ASSIGNED_CONTEXT ( ( #1413, #5464, #2440 ) ) REPRESENTATION_CONTEXT ( 'NONE', 'WORKASPACE' ) );
#5583 = LINE ( 'NONE', #3208, #530 ) ;
#5584 = DIRECTION ( 'NONE',  ( 0.000000000000000000, -1.000000000000000000, 0.000000000000000000 ) ) ;
#5585 = DIRECTION ( 'NONE',  ( 0.000000000000000000, 0.000000000000000000, -1.000000000000000000 ) ) ;
#5586 = ORIENTED_EDGE ( 'NONE', *, *, #2653, .T. ) ;
#5587 = CARTESIAN_POINT ( 'NONE',  ( -0.8499999999999999778, 0.000000000000000000, 1.224999999999999867 ) ) ;
#5588 = CARTESIAN_POINT ( 'NONE',  ( 0.6500000000000000222, 0.1499999999999999944, 1.500000000000000000 ) ) ;
#5589 = LINE ( 'NONE', #1001, #538 ) ;
#5590 = PRESENTATION_LAYER_ASSIGNMENT (  '', '', ( #2419 ) ) ;
#5591 = DIRECTION ( 'NONE',  ( 0.000000000000000000, 0.000000000000000000, -1.000000000000000000 ) ) ;
#5592 = CARTESIAN_POINT ( 'NONE',  ( -0.8499999999999999778, -0.05000000000000000278, -1.224999999999999867 ) ) ;
#5593 = CARTESIAN_POINT ( 'NONE',  ( -0.3499999999999999778, 0.1499999999999999944, -1.500000000000000000 ) ) ;
#5594 = AXIS2_PLACEMENT_3D ( 'NONE', #1472, #3037, #1527 ) ;
#5595 = VECTOR ( 'NONE', #2831, 1000.000000000000000 ) ;
#5596 =( NAMED_UNIT ( * ) SI_UNIT ( $, .STERADIAN. ) SOLID_ANGLE_UNIT ( ) );
#5598 = ORIENTED_EDGE ( 'NONE', *, *, #6128, .T. ) ;
#5597 = DIRECTION ( 'NONE',  ( -1.000000000000000000, 0.000000000000000000, 0.000000000000000000 ) ) ;
#5599 = COLOUR_RGB ( '',1.000000000000000000, 1.000000000000000000, 1.000000000000000000 ) ;
#5600 = EDGE_CURVE ( 'NONE', #2718, #5186, #981, .T. ) ;
#5601 = COLOUR_RGB ( '',1.000000000000000000, 1.000000000000000000, 1.000000000000000000 ) ;
#5602 =( NAMED_UNIT ( * ) SI_UNIT ( $, .STERADIAN. ) SOLID_ANGLE_UNIT ( ) );
#5603 = FILL_AREA_STYLE ('',( #4049 ) ) ;
#5604 = AXIS2_PLACEMENT_3D ( 'NONE', #2567, #4009, #4518 ) ;
#5605 = SURFACE_SIDE_STYLE ('',( #6201 ) ) ;
#5606 = CIRCLE ( 'NONE', #517, 0.1249999999999998890 ) ;
#5607 = CARTESIAN_POINT ( 'NONE',  ( -0.1250000000000000000, 0.1499999999999999944, -0.1250000000000000833 ) ) ;
#5608 = CARTESIAN_POINT ( 'NONE',  ( 0.6500000000000000222, 0.1499999999999999944, 1.500000000000000000 ) ) ;
#5609 = LINE ( 'NONE', #4137, #397 ) ;
#5610 = AXIS2_PLACEMENT_3D ( 'NONE', #5755, #2721, #6254 ) ;
#5611 = CARTESIAN_POINT ( 'NONE',  ( 0.6500000000000000222, -0.05000000000000000278, 1.350000000000000089 ) ) ;
#5612 = ORIENTED_EDGE ( 'NONE', *, *, #5183, .F. ) ;
#5613 = EDGE_CURVE ( 'NONE', #1855, #1183, #5569, .T. ) ;
#5614 = ORIENTED_EDGE ( 'NONE', *, *, #1728, .F. ) ;
#5615 = ADVANCED_FACE ( 'NONE', ( #1296 ), #4029, .F. ) ;
#5616 = CARTESIAN_POINT ( 'NONE',  ( -0.8499999999999999778, -0.05000000000000000278, -0.8750000000000000000 ) ) ;
#5617 = CARTESIAN_POINT ( 'NONE',  ( 0.9000000000000000222, -0.05000000000000000278, 1.500000000000000000 ) ) ;
#5618 = CARTESIAN_POINT ( 'NONE',  ( 0.6500000000000000222, 0.1499999999999999944, 1.500000000000000000 ) ) ;
#5619 = FILL_AREA_STYLE ('',( #642 ) ) ;
#5620 = PRESENTATION_STYLE_ASSIGNMENT (( #5335 ) ) ;
#5621 = COLOUR_RGB ( '',1.000000000000000000, 1.000000000000000000, 1.000000000000000000 ) ;
#5622 =( GEOMETRIC_REPRESENTATION_CONTEXT ( 3 ) GLOBAL_UNCERTAINTY_ASSIGNED_CONTEXT ( ( #6433 ) ) GLOBAL_UNIT_ASSIGNED_CONTEXT ( ( #1588, #6085, #5142 ) ) REPRESENTATION_CONTEXT ( 'NONE', 'WORKASPACE' ) );
#5623 = ORIENTED_EDGE ( 'NONE', *, *, #32, .F. ) ;
#5624 = EDGE_CURVE ( 'NONE', #599, #1427, #435, .T. ) ;
#5625 = DIRECTION ( 'NONE',  ( 0.000000000000000000, 0.000000000000000000, -1.000000000000000000 ) ) ;
#5626 = ORIENTED_EDGE ( 'NONE', *, *, #5095, .T. ) ;
#5627 = PRESENTATION_STYLE_ASSIGNMENT (( #6305 ) ) ;
#5628 = VECTOR ( 'NONE', #6300, 1000.000000000000000 ) ;
#5629 = CARTESIAN_POINT ( 'NONE',  ( 0.2250000000000000056, 0.1499999999999999944, -0.6250000000000000000 ) ) ;
#5630 = VERTEX_POINT ( 'NONE', #492 ) ;
#5631 = UNCERTAINTY_MEASURE_WITH_UNIT (LENGTH_MEASURE( 1.000000000000000082E-05 ), #2436, 'distance_accuracy_value', 'NONE');
#5632 = COLOUR_RGB ( '',1.000000000000000000, 1.000000000000000000, 1.000000000000000000 ) ;
#5633 = ADVANCED_FACE ( 'NONE', ( #5899 ), #2475, .T. ) ;
#5634 =( NAMED_UNIT ( * ) SI_UNIT ( $, .STERADIAN. ) SOLID_ANGLE_UNIT ( ) );
#5635 =( NAMED_UNIT ( * ) SI_UNIT ( $, .STERADIAN. ) SOLID_ANGLE_UNIT ( ) );
#5637 = LINE ( 'NONE', #6437, #4768 ) ;
#5636 =( NAMED_UNIT ( * ) SI_UNIT ( $, .STERADIAN. ) SOLID_ANGLE_UNIT ( ) );
#5638 = DIRECTION ( 'NONE',  ( 0.000000000000000000, 0.000000000000000000, 1.000000000000000000 ) ) ;
#5639 = EDGE_LOOP ( 'NONE', ( #2270, #5160, #1876, #119, #5677, #6330, #308, #886, #3373, #5704 ) ) ;
#5640 = CLOSED_SHELL ( 'NONE', ( #4119, #6507, #3014, #3705, #355, #160 ) ) ;
#5641 = LINE ( 'NONE', #335, #4314 ) ;
#5642 = SURFACE_SIDE_STYLE ('',( #6538 ) ) ;
#5643 = ORIENTED_EDGE ( 'NONE', *, *, #3082, .T. ) ;
#5644 = DIRECTION ( 'NONE',  ( -1.000000000000000000, 0.000000000000000000, 0.000000000000000000 ) ) ;
#5645 = CARTESIAN_POINT ( 'NONE',  ( -1.250000000000000000, -0.000000000000000000, -1.500000000000000000 ) ) ;
#5646 = EDGE_LOOP ( 'NONE', ( #4135, #4104, #4020, #6044 ) ) ;
#5647 = CARTESIAN_POINT ( 'NONE',  ( -1.250000000000000000, 0.1499999999999999944, -0.1250000000000000000 ) ) ;
#5648 = EDGE_CURVE ( 'NONE', #772, #1970, #3995, .T. ) ;
#5649 = FACE_OUTER_BOUND ( 'NONE', #3946, .T. ) ;
#5650 = EDGE_CURVE ( 'NONE', #5989, #534, #2975, .T. ) ;
#5651 = SURFACE_STYLE_FILL_AREA ( #227 ) ;
#5652 = CARTESIAN_POINT ( 'NONE',  ( 0.2750000000000000222, 0.000000000000000000, 1.224999999999999867 ) ) ;
#5653 = ORIENTED_EDGE ( 'NONE', *, *, #5136, .F. ) ;
#5654 = ORIENTED_EDGE ( 'NONE', *, *, #3209, .T. ) ;
#5655 = DIRECTION ( 'NONE',  ( -0.000000000000000000, 1.000000000000000000, -0.000000000000000000 ) ) ;
#5656 = SURFACE_STYLE_FILL_AREA ( #5603 ) ;
#5657 = FILL_AREA_STYLE_COLOUR ( '', #2762 ) ;
#5658 = CARTESIAN_POINT ( 'NONE',  ( 0.7750000000000000222, 0.000000000000000000, -1.100000000000000089 ) ) ;
#5659 = VERTEX_POINT ( 'NONE', #3619 ) ;
#5660 = PLANE ( 'NONE',  #1634 ) ;
#5661 = CARTESIAN_POINT ( 'NONE',  ( -0.8499999999999999778, 0.1499999999999999944, -1.224999999999999867 ) ) ;
#5662 = SURFACE_STYLE_FILL_AREA ( #297 ) ;
#5663 = VERTEX_POINT ( 'NONE', #1146 ) ;
#5664 = EDGE_LOOP ( 'NONE', ( #5137, #4101, #2332, #2465 ) ) ;
#5665 = EDGE_CURVE ( 'NONE', #5941, #599, #4875, .T. ) ;
#5666 = CARTESIAN_POINT ( 'NONE',  ( -1.250000000000000000, 0.000000000000000000, -0.8749999999999998890 ) ) ;
#5667 = PLANE ( 'NONE',  #5159 ) ;
#5668 = ORIENTED_EDGE ( 'NONE', *, *, #5577, .T. ) ;
#5669 = ORIENTED_EDGE ( 'NONE', *, *, #2997, .F. ) ;
#5670 = ORIENTED_EDGE ( 'NONE', *, *, #5665, .F. ) ;
#5671 = PRESENTATION_STYLE_ASSIGNMENT (( #6225 ) ) ;
#5672 = PLANE ( 'NONE',  #3187 ) ;
#5673 = STYLED_ITEM ( 'NONE', ( #570 ), #355 ) ;
#5674 = EDGE_CURVE ( 'NONE', #4546, #3483, #4550, .T. ) ;
#5675 = CARTESIAN_POINT ( 'NONE',  ( 0.1499999999999999667, 0.1499999999999999944, 1.500000000000000000 ) ) ;
#5676 = MECHANICAL_DESIGN_GEOMETRIC_PRESENTATION_REPRESENTATION (  '', ( #4997 ), #5582 ) ;
#5677 = ORIENTED_EDGE ( 'NONE', *, *, #4058, .T. ) ;
#5678 =( LENGTH_UNIT ( ) NAMED_UNIT ( * ) SI_UNIT ( .MILLI., .METRE. ) );
#5679 = VECTOR ( 'NONE', #3511, 1000.000000000000000 ) ;
#5680 = CARTESIAN_POINT ( 'NONE',  ( 0.1499999999999999667, -0.05000000000000000278, -1.500000000000000000 ) ) ;
#5681 = ADVANCED_FACE ( 'NONE', ( #5414 ), #5660, .F. ) ;
#5682 = CARTESIAN_POINT ( 'NONE',  ( 1.250000000000000000, -0.05000000000000000278, -0.1250000000000000000 ) ) ;
#5683 = VECTOR ( 'NONE', #326, 1000.000000000000000 ) ;
#5684 = PLANE ( 'NONE',  #2487 ) ;
#5685 = CYLINDRICAL_SURFACE ( 'NONE', #4466, 0.1250000000000001110 ) ;
#5686 = STYLED_ITEM ( 'NONE', ( #810 ), #3796 ) ;
#5687 = PRESENTATION_STYLE_ASSIGNMENT (( #511 ) ) ;
#5688 = FILL_AREA_STYLE_COLOUR ( '', #3364 ) ;
#5689 = PRESENTATION_STYLE_ASSIGNMENT (( #2588 ) ) ;
#5690 = SURFACE_STYLE_USAGE ( .BOTH. , #3607 ) ;
#5691 = ORIENTED_EDGE ( 'NONE', *, *, #6021, .F. ) ;
#5692 = SURFACE_SIDE_STYLE ('',( #1055 ) ) ;
#5693 = AXIS2_PLACEMENT_3D ( 'NONE', #3273, #2207, #5769 ) ;
#5694 = CARTESIAN_POINT ( 'NONE',  ( -0.9749999999999999778, 0.1499999999999999944, -0.2500000000000000000 ) ) ;
#5695 = AXIS2_PLACEMENT_3D ( 'NONE', #2111, #3138, #3634 ) ;
#5696 = EDGE_CURVE ( 'NONE', #3294, #4732, #6130, .T. ) ;
#5697 = LINE ( 'NONE', #269, #1488 ) ;
#5698 = ADVANCED_FACE ( 'NONE', ( #3348 ), #2053, .F. ) ;
#5699 = CARTESIAN_POINT ( 'NONE',  ( 0.9000000000000000222, -0.05000000000000000278, -1.500000000000000000 ) ) ;
#5700 = ADVANCED_FACE ( 'NONE', ( #4475 ), #62, .F. ) ;
#5701 = CARTESIAN_POINT ( 'NONE',  ( -1.250000000000000000, 0.1499999999999999944, 0.8750000000000000000 ) ) ;
#5702 = COLOUR_RGB ( '',1.000000000000000000, 1.000000000000000000, 1.000000000000000000 ) ;
#5703 = CARTESIAN_POINT ( 'NONE',  ( 0.2750000000000000777, 0.000000000000000000, 1.099999999999999867 ) ) ;
#5704 = ORIENTED_EDGE ( 'NONE', *, *, #6530, .T. ) ;
#5705 = CARTESIAN_POINT ( 'NONE',  ( 0.2250000000000000056, -0.05000000000000000278, -0.6250000000000000000 ) ) ;
#5706 = DIRECTION ( 'NONE',  ( 0.000000000000000000, 0.000000000000000000, 1.000000000000000000 ) ) ;
#5707 =( GEOMETRIC_REPRESENTATION_CONTEXT ( 3 ) GLOBAL_UNCERTAINTY_ASSIGNED_CONTEXT ( ( #4582 ) ) GLOBAL_UNIT_ASSIGNED_CONTEXT ( ( #1903, #945, #3958 ) ) REPRESENTATION_CONTEXT ( 'NONE', 'WORKASPACE' ) );
#5708 = CARTESIAN_POINT ( 'NONE',  ( -0.9749999999999999778, 0.1499999999999999944, 0.3750000000000000000 ) ) ;
#5709 = ORIENTED_EDGE ( 'NONE', *, *, #1495, .T. ) ;
#5710 = VERTEX_POINT ( 'NONE', #4623 ) ;
#5711 = SURFACE_STYLE_FILL_AREA ( #3717 ) ;
#5712 = ORIENTED_EDGE ( 'NONE', *, *, #616, .F. ) ;
#5713 =( NAMED_UNIT ( * ) PLANE_ANGLE_UNIT ( ) SI_UNIT ( $, .RADIAN. ) );
#5714 = EDGE_CURVE ( 'NONE', #3214, #2005, #899, .T. ) ;
#5715 = VERTEX_POINT ( 'NONE', #619 ) ;
#5716 = ORIENTED_EDGE ( 'NONE', *, *, #2974, .T. ) ;
#5717 = DIRECTION ( 'NONE',  ( 0.000000000000000000, 0.000000000000000000, -1.000000000000000000 ) ) ;
#5718 = CARTESIAN_POINT ( 'NONE',  ( 1.250000000000000000, 0.000000000000000000, 1.500000000000000000 ) ) ;
#5719 = LINE ( 'NONE', #2215, #1507 ) ;
#5720 = LINE ( 'NONE', #1873, #3411 ) ;
#5721 = VECTOR ( 'NONE', #1333, 1000.000000000000000 ) ;
#5722 = VERTEX_POINT ( 'NONE', #3663 ) ;
#5723 = FILL_AREA_STYLE ('',( #2645 ) ) ;
#5724 = SURFACE_SIDE_STYLE ('',( #344 ) ) ;
#5725 = SURFACE_STYLE_USAGE ( .BOTH. , #777 ) ;
#5726 = STYLED_ITEM ( 'NONE', ( #935 ), #3147 ) ;
#5727 = SURFACE_STYLE_FILL_AREA ( #2782 ) ;
#5728 = DIRECTION ( 'NONE',  ( 1.000000000000000000, 0.000000000000000000, 0.000000000000000000 ) ) ;
#5729 = DIRECTION ( 'NONE',  ( -0.000000000000000000, 0.000000000000000000, 1.000000000000000000 ) ) ;
#5730 = DIRECTION ( 'NONE',  ( 0.000000000000000000, 0.000000000000000000, -1.000000000000000000 ) ) ;
#5731 = ORIENTED_EDGE ( 'NONE', *, *, #6092, .T. ) ;
#5732 = CARTESIAN_POINT ( 'NONE',  ( -1.250000000000000000, 0.1499999999999999944, -0.8750000000000000000 ) ) ;
#5733 =( GEOMETRIC_REPRESENTATION_CONTEXT ( 3 ) GLOBAL_UNCERTAINTY_ASSIGNED_CONTEXT ( ( #3231 ) ) GLOBAL_UNIT_ASSIGNED_CONTEXT ( ( #4538, #2375, #3154 ) ) REPRESENTATION_CONTEXT ( 'NONE', 'WORKASPACE' ) );
#5734 = ORIENTED_EDGE ( 'NONE', *, *, #5026, .F. ) ;
#5735 = EDGE_CURVE ( 'NONE', #680, #3031, #6200, .T. ) ;
#5736 = AXIS2_PLACEMENT_3D ( 'NONE', #2634, #1086, #6161 ) ;
#5737 = DIRECTION ( 'NONE',  ( 0.000000000000000000, 0.000000000000000000, 1.000000000000000000 ) ) ;
#5738 = CYLINDRICAL_SURFACE ( 'NONE', #6368, 0.1250000000000000000 ) ;
#5739 = ORIENTED_EDGE ( 'NONE', *, *, #5058, .F. ) ;
#5740 = AXIS2_PLACEMENT_3D ( 'NONE', #2194, #220, #239 ) ;
#5741 = PLANE ( 'NONE',  #445 ) ;
#5742 = VECTOR ( 'NONE', #2821, 1000.000000000000000 ) ;
#5743 = EDGE_CURVE ( 'NONE', #216, #3268, #1749, .T. ) ;
#5744 = DIRECTION ( 'NONE',  ( 0.000000000000000000, 0.000000000000000000, 1.000000000000000000 ) ) ;
#5745 = CARTESIAN_POINT ( 'NONE',  ( -0.5999999999999999778, -0.05000000000000000278, -1.500000000000000000 ) ) ;
#5746 = FILL_AREA_STYLE ('',( #1649 ) ) ;
#5747 =( GEOMETRIC_REPRESENTATION_CONTEXT ( 3 ) GLOBAL_UNCERTAINTY_ASSIGNED_CONTEXT ( ( #6162 ) ) GLOBAL_UNIT_ASSIGNED_CONTEXT ( ( #3452, #6033, #831 ) ) REPRESENTATION_CONTEXT ( 'NONE', 'WORKASPACE' ) );
#5748 = VERTEX_POINT ( 'NONE', #3159 ) ;
#5749 = CARTESIAN_POINT ( 'NONE',  ( 0.2250000000000000056, 0.1499999999999999944, -0.6250000000000000000 ) ) ;
#5750 = LINE ( 'NONE', #2230, #2006 ) ;
#5751 = ORIENTED_EDGE ( 'NONE', *, *, #5782, .F. ) ;
#5752 = CLOSED_SHELL ( 'NONE', ( #6382, #3934, #2052, #3587, #6221, #1714, #5167, #691, #3580, #4472, #187, #1850 ) ) ;
#5753 = ORIENTED_EDGE ( 'NONE', *, *, #754, .T. ) ;
#5754 = CARTESIAN_POINT ( 'NONE',  ( 0.2250000000000000056, 0.1499999999999999944, -0.6250000000000000000 ) ) ;
#5755 = CARTESIAN_POINT ( 'NONE',  ( 0.2250000000000000056, -0.05000000000000000278, -0.5000000000000000000 ) ) ;
#5756 = UNCERTAINTY_MEASURE_WITH_UNIT (LENGTH_MEASURE( 1.000000000000000082E-05 ), #114, 'distance_accuracy_value', 'NONE');
#5757 = COLOUR_RGB ( '',1.000000000000000000, 1.000000000000000000, 1.000000000000000000 ) ;
#5758 = ADVANCED_FACE ( 'NONE', ( #4871 ), #2648, .T. ) ;
#5759 = CARTESIAN_POINT ( 'NONE',  ( -0.7249999999999999778, -0.05000000000000000278, 1.224999999999999867 ) ) ;
#5760 = PLANE ( 'NONE',  #5907 ) ;
#5761 = DIRECTION ( 'NONE',  ( -0.000000000000000000, 1.000000000000000000, -0.000000000000000000 ) ) ;
#5762 = VECTOR ( 'NONE', #4578, 1000.000000000000000 ) ;
#5763 = VERTEX_POINT ( 'NONE', #4166 ) ;
#5764 = DIRECTION ( 'NONE',  ( 0.000000000000000000, 0.000000000000000000, -1.000000000000000000 ) ) ;
#5765 = VERTEX_POINT ( 'NONE', #4327 ) ;
#5766 = SURFACE_STYLE_USAGE ( .BOTH. , #2708 ) ;
#5767 = DIRECTION ( 'NONE',  ( 0.000000000000000000, -0.000000000000000000, -1.000000000000000000 ) ) ;
#5768 = DIRECTION ( 'NONE',  ( -1.000000000000000000, 0.000000000000000000, 0.000000000000000000 ) ) ;
#5769 = DIRECTION ( 'NONE',  ( 0.000000000000000000, 0.000000000000000000, -1.000000000000000000 ) ) ;
#5770 = FACE_OUTER_BOUND ( 'NONE', #2496, .T. ) ;
#5771 = MECHANICAL_DESIGN_GEOMETRIC_PRESENTATION_REPRESENTATION (  '', ( #3865 ), #2858 ) ;
#5772 = PRESENTATION_STYLE_ASSIGNMENT (( #1515 ) ) ;
#5773 = EDGE_CURVE ( 'NONE', #5815, #1145, #4158, .T. ) ;
#5774 = CYLINDRICAL_SURFACE ( 'NONE', #2661, 0.1250000000000000000 ) ;
#5775 = CARTESIAN_POINT ( 'NONE',  ( -0.1000000000000000056, 0.1499999999999999944, -1.500000000000000000 ) ) ;
#5776 = ORIENTED_EDGE ( 'NONE', *, *, #2522, .F. ) ;
#5777 = ORIENTED_EDGE ( 'NONE', *, *, #5843, .T. ) ;
#5778 = FACE_OUTER_BOUND ( 'NONE', #4089, .T. ) ;
#5779 =( LENGTH_UNIT ( ) NAMED_UNIT ( * ) SI_UNIT ( .MILLI., .METRE. ) );
#5780 = CARTESIAN_POINT ( 'NONE',  ( -0.9749999999999999778, 0.1499999999999999944, -0.1250000000000000000 ) ) ;
#5781 =( GEOMETRIC_REPRESENTATION_CONTEXT ( 3 ) GLOBAL_UNCERTAINTY_ASSIGNED_CONTEXT ( ( #5352 ) ) GLOBAL_UNIT_ASSIGNED_CONTEXT ( ( #2306, #5866, #5370 ) ) REPRESENTATION_CONTEXT ( 'NONE', 'WORKASPACE' ) );
#5782 = EDGE_CURVE ( 'NONE', #1605, #2258, #1910, .T. ) ;
#5783 = LINE ( 'NONE', #4335, #2536 ) ;
#5784 = PRESENTATION_STYLE_ASSIGNMENT (( #4503 ) ) ;
#5785 = CARTESIAN_POINT ( 'NONE',  ( -0.7249999999999999778, -0.05000000000000000278, -1.224999999999999867 ) ) ;
#5786 = ORIENTED_EDGE ( 'NONE', *, *, #3412, .T. ) ;
#5787 = FILL_AREA_STYLE ('',( #4223 ) ) ;
#5788 = CARTESIAN_POINT ( 'NONE',  ( 0.6500000000000000222, -0.05000000000000000278, 1.500000000000000000 ) ) ;
#5789 = ORIENTED_EDGE ( 'NONE', *, *, #4178, .F. ) ;
#5790 = COLOUR_RGB ( '',1.000000000000000000, 1.000000000000000000, 1.000000000000000000 ) ;
#5791 = UNCERTAINTY_MEASURE_WITH_UNIT (LENGTH_MEASURE( 1.000000000000000082E-05 ), #1096, 'distance_accuracy_value', 'NONE');
#5792 = LINE ( 'NONE', #4648, #3103 ) ;
#5793 = UNCERTAINTY_MEASURE_WITH_UNIT (LENGTH_MEASURE( 1.000000000000000082E-05 ), #5037, 'distance_accuracy_value', 'NONE');
#5794 = ORIENTED_EDGE ( 'NONE', *, *, #6206, .T. ) ;
#5795 = FILL_AREA_STYLE_COLOUR ( '', #2418 ) ;
#5796 = LINE ( 'NONE', #1754, #4761 ) ;
#5797 = FACE_OUTER_BOUND ( 'NONE', #3020, .T. ) ;
#5798 = DIRECTION ( 'NONE',  ( -0.000000000000000000, -1.000000000000000000, -0.000000000000000000 ) ) ;
#5799 = ORIENTED_EDGE ( 'NONE', *, *, #2997, .T. ) ;
#5800 = ORIENTED_EDGE ( 'NONE', *, *, #2641, .F. ) ;
#5801 = ADVANCED_FACE ( 'NONE', ( #5649 ), #6224, .F. ) ;
#5802 = CARTESIAN_POINT ( 'NONE',  ( 0.2750000000000000222, 0.1499999999999999944, 1.099999999999999867 ) ) ;
#5803 = EDGE_CURVE ( 'NONE', #3692, #2783, #429, .T. ) ;
#5804 = CIRCLE ( 'NONE', #2683, 0.1250000000000000000 ) ;
#5805 = DIRECTION ( 'NONE',  ( -0.000000000000000000, -1.000000000000000000, -0.000000000000000000 ) ) ;
#5806 = CARTESIAN_POINT ( 'NONE',  ( -1.250000000000000000, 0.1499999999999999944, -0.6250000000000000000 ) ) ;
#5807 = CARTESIAN_POINT ( 'NONE',  ( 1.250000000000000000, 0.1499999999999999944, 0.3750000000000000000 ) ) ;
#5808 = CARTESIAN_POINT ( 'NONE',  ( -0.1250000000000000000, -0.05000000000000000278, 0.1250000000000000000 ) ) ;
#5809 = ORIENTED_EDGE ( 'NONE', *, *, #4857, .T. ) ;
#5810 = CARTESIAN_POINT ( 'NONE',  ( -0.8499999999999999778, 0.000000000000000000, 1.500000000000000000 ) ) ;
#5811 = DIRECTION ( 'NONE',  ( -1.000000000000000000, 0.000000000000000000, 0.000000000000000000 ) ) ;
#5812 = DIRECTION ( 'NONE',  ( 0.000000000000000000, -0.000000000000000000, -1.000000000000000000 ) ) ;
#5813 = CARTESIAN_POINT ( 'NONE',  ( 0.7750000000000000222, -0.05000000000000000278, -1.224999999999999867 ) ) ;
#5814 = DIRECTION ( 'NONE',  ( 0.000000000000000000, 0.000000000000000000, -1.000000000000000000 ) ) ;
#5815 = VERTEX_POINT ( 'NONE', #3726 ) ;
#5816 = DIRECTION ( 'NONE',  ( -0.000000000000000000, 1.000000000000000000, -0.000000000000000000 ) ) ;
#5817 =( GEOMETRIC_REPRESENTATION_CONTEXT ( 3 ) GLOBAL_UNCERTAINTY_ASSIGNED_CONTEXT ( ( #2543 ) ) GLOBAL_UNIT_ASSIGNED_CONTEXT ( ( #5252, #723, #2249 ) ) REPRESENTATION_CONTEXT ( 'NONE', 'WORKASPACE' ) );
#5818 = DIRECTION ( 'NONE',  ( 0.000000000000000000, -1.000000000000000000, 0.000000000000000000 ) ) ;
#5819 = COLOUR_RGB ( '',1.000000000000000000, 1.000000000000000000, 1.000000000000000000 ) ;
#5820 = CARTESIAN_POINT ( 'NONE',  ( 1.250000000000000000, 0.1499999999999999944, 0.6250000000000000000 ) ) ;
#5821 = CYLINDRICAL_SURFACE ( 'NONE', #5223, 0.1250000000000001110 ) ;
#5822 = ORIENTED_EDGE ( 'NONE', *, *, #2653, .F. ) ;
#5823 = CARTESIAN_POINT ( 'NONE',  ( -0.5999999999999999778, 0.1499999999999999944, 1.224999999999999867 ) ) ;
#5824 = SHAPE_DEFINITION_REPRESENTATION ( #526, #4103 ) ;
#5825 =( GEOMETRIC_REPRESENTATION_CONTEXT ( 3 ) GLOBAL_UNCERTAINTY_ASSIGNED_CONTEXT ( ( #494 ) ) GLOBAL_UNIT_ASSIGNED_CONTEXT ( ( #1870, #2399, #455 ) ) REPRESENTATION_CONTEXT ( 'NONE', 'WORKASPACE' ) );
#5826 = ADVANCED_FACE ( 'NONE', ( #3581 ), #4393, .T. ) ;
#5827 = VECTOR ( 'NONE', #6273, 1000.000000000000000 ) ;
#5828 = ORIENTED_EDGE ( 'NONE', *, *, #4855, .T. ) ;
#5829 = DIRECTION ( 'NONE',  ( 1.000000000000000000, 0.000000000000000000, -0.000000000000000000 ) ) ;
#5830 = DIRECTION ( 'NONE',  ( -1.000000000000000000, 0.000000000000000000, -0.000000000000000000 ) ) ;
#5831 = SURFACE_SIDE_STYLE ('',( #6403 ) ) ;
#5832 = VECTOR ( 'NONE', #4192, 1000.000000000000000 ) ;
#5833 = ORIENTED_EDGE ( 'NONE', *, *, #1573, .F. ) ;
#5834 = CARTESIAN_POINT ( 'NONE',  ( 0.2749999999999999667, -0.05000000000000000278, -1.100000000000000089 ) ) ;
#5835 = ORIENTED_EDGE ( 'NONE', *, *, #1202, .T. ) ;
#5836 =( NAMED_UNIT ( * ) PLANE_ANGLE_UNIT ( ) SI_UNIT ( $, .RADIAN. ) );
#5837 = AXIS2_PLACEMENT_3D ( 'NONE', #4055, #3596, #1081 ) ;
#5838 = CARTESIAN_POINT ( 'NONE',  ( -1.250000000000000000, -0.05000000000000000278, -0.3750000000000000000 ) ) ;
#5839 = VECTOR ( 'NONE', #1062, 1000.000000000000000 ) ;
#5840 = EDGE_CURVE ( 'NONE', #3870, #4808, #2481, .T. ) ;
#5841 =( LENGTH_UNIT ( ) NAMED_UNIT ( * ) SI_UNIT ( .MILLI., .METRE. ) );
#5842 =( NAMED_UNIT ( * ) SI_UNIT ( $, .STERADIAN. ) SOLID_ANGLE_UNIT ( ) );
#5843 = EDGE_CURVE ( 'NONE', #2770, #6346, #116, .T. ) ;
#5844 = DIRECTION ( 'NONE',  ( 0.000000000000000000, 0.000000000000000000, -1.000000000000000000 ) ) ;
#5845 = ORIENTED_EDGE ( 'NONE', *, *, #2693, .T. ) ;
#5846 = UNCERTAINTY_MEASURE_WITH_UNIT (LENGTH_MEASURE( 1.000000000000000082E-05 ), #174, 'distance_accuracy_value', 'NONE');
#5847 = LINE ( 'NONE', #4943, #5195 ) ;
#5848 = DIRECTION ( 'NONE',  ( -0.000000000000000000, 1.000000000000000000, -0.000000000000000000 ) ) ;
#5849 = UNCERTAINTY_MEASURE_WITH_UNIT (LENGTH_MEASURE( 1.000000000000000082E-05 ), #3267, 'distance_accuracy_value', 'NONE');
#5850 = VECTOR ( 'NONE', #749, 1000.000000000000000 ) ;
#5851 = AXIS2_PLACEMENT_3D ( 'NONE', #4102, #21, #2566 ) ;
#5852 = EDGE_CURVE ( 'NONE', #5869, #880, #4694, .T. ) ;
#5853 = DIRECTION ( 'NONE',  ( -0.000000000000000000, -1.000000000000000000, -0.000000000000000000 ) ) ;
#5854 =( GEOMETRIC_REPRESENTATION_CONTEXT ( 3 ) GLOBAL_UNCERTAINTY_ASSIGNED_CONTEXT ( ( #1801 ) ) GLOBAL_UNIT_ASSIGNED_CONTEXT ( ( #3238, #3768, #4837 ) ) REPRESENTATION_CONTEXT ( 'NONE', 'WORKASPACE' ) );
#5855 = EDGE_LOOP ( 'NONE', ( #6058, #1872, #5306, #5913 ) ) ;
#5856 = DIRECTION ( 'NONE',  ( -0.000000000000000000, -1.000000000000000000, -0.000000000000000000 ) ) ;
#5857 = DIRECTION ( 'NONE',  ( 0.000000000000000000, 0.000000000000000000, -1.000000000000000000 ) ) ;
#5858 = FILL_AREA_STYLE_COLOUR ( '', #1783 ) ;
#5859 = SURFACE_STYLE_USAGE ( .BOTH. , #2397 ) ;
#5860 = FACE_OUTER_BOUND ( 'NONE', #5092, .T. ) ;
#5861 = CARTESIAN_POINT ( 'NONE',  ( 0.9000000000000000222, -0.05000000000000000278, 1.224999999999999867 ) ) ;
#5862 = ADVANCED_FACE ( 'NONE', ( #3989 ), #4773, .F. ) ;
#5863 = DIRECTION ( 'NONE',  ( 1.000000000000000000, 0.000000000000000000, -0.000000000000000000 ) ) ;
#5864 = FACE_OUTER_BOUND ( 'NONE', #193, .T. ) ;
#5865 = DIRECTION ( 'NONE',  ( 0.000000000000000000, 0.000000000000000000, 1.000000000000000000 ) ) ;
#5866 =( NAMED_UNIT ( * ) PLANE_ANGLE_UNIT ( ) SI_UNIT ( $, .RADIAN. ) );
#5867 = EDGE_CURVE ( 'NONE', #299, #1256, #3656, .T. ) ;
#5868 = VECTOR ( 'NONE', #2335, 1000.000000000000000 ) ;
#5869 = VERTEX_POINT ( 'NONE', #3351 ) ;
#5870 = CARTESIAN_POINT ( 'NONE',  ( -0.2250000000000000056, -0.05000000000000000278, 1.224999999999999867 ) ) ;
#5871 = EDGE_LOOP ( 'NONE', ( #2046, #88, #26, #4294 ) ) ;
#5872 = DIRECTION ( 'NONE',  ( 0.000000000000000000, 0.000000000000000000, -1.000000000000000000 ) ) ;
#5873 = LINE ( 'NONE', #192, #337 ) ;
#5874 = VECTOR ( 'NONE', #3085, 1000.000000000000000 ) ;
#5875 = ORIENTED_EDGE ( 'NONE', *, *, #6369, .T. ) ;
#5876 = CARTESIAN_POINT ( 'NONE',  ( -0.9500000000000000666, 0.9000000000000000222, -1.014999999999999902 ) ) ;
#5877 = CARTESIAN_POINT ( 'NONE',  ( -1.250000000000000000, 0.000000000000000000, 1.500000000000000000 ) ) ;
#5878 =( GEOMETRIC_REPRESENTATION_CONTEXT ( 3 ) GLOBAL_UNCERTAINTY_ASSIGNED_CONTEXT ( ( #2002 ) ) GLOBAL_UNIT_ASSIGNED_CONTEXT ( ( #2659, #5713, #710 ) ) REPRESENTATION_CONTEXT ( 'NONE', 'WORKASPACE' ) );
#5879 = CIRCLE ( 'NONE', #2639, 0.1250000000000001110 ) ;
#5880 = EDGE_CURVE ( 'NONE', #536, #1653, #3913, .T. ) ;
#5881 = ORIENTED_EDGE ( 'NONE', *, *, #5950, .F. ) ;
#5882 = UNCERTAINTY_MEASURE_WITH_UNIT (LENGTH_MEASURE( 1.000000000000000082E-05 ), #5431, 'distance_accuracy_value', 'NONE');
#5883 = LINE ( 'NONE', #259, #4858 ) ;
#5884 = ORIENTED_EDGE ( 'NONE', *, *, #1358, .F. ) ;
#5885 = ORIENTED_EDGE ( 'NONE', *, *, #5058, .T. ) ;
#5886 = CARTESIAN_POINT ( 'NONE',  ( -0.5999999999999999778, 0.000000000000000000, -1.500000000000000000 ) ) ;
#5887 = VECTOR ( 'NONE', #589, 1000.000000000000000 ) ;
#5888 = LINE ( 'NONE', #744, #3183 ) ;
#5889 = FACE_OUTER_BOUND ( 'NONE', #3213, .T. ) ;
#5890 = EDGE_CURVE ( 'NONE', #2005, #6488, #6270, .T. ) ;
#5891 = SURFACE_STYLE_FILL_AREA ( #72 ) ;
#5892 = EDGE_LOOP ( 'NONE', ( #1703, #4478, #3473, #1264 ) ) ;
#5893 = DIRECTION ( 'NONE',  ( -1.000000000000000000, 0.000000000000000000, 0.000000000000000000 ) ) ;
#5894 = DIRECTION ( 'NONE',  ( -0.000000000000000000, 0.000000000000000000, 1.000000000000000000 ) ) ;
#5895 = SURFACE_SIDE_STYLE ('',( #5144 ) ) ;
#5896 = ADVANCED_FACE ( 'NONE', ( #3827 ), #3848, .F. ) ;
#5897 = EDGE_LOOP ( 'NONE', ( #4843, #3670, #4462, #3823 ) ) ;
#5898 = AXIS2_PLACEMENT_3D ( 'NONE', #1459, #2520, #2036 ) ;
#5899 = FACE_OUTER_BOUND ( 'NONE', #1666, .T. ) ;
#5900 = SURFACE_SIDE_STYLE ('',( #4382 ) ) ;
#5901 = CARTESIAN_POINT ( 'NONE',  ( 0.7750000000000000222, 0.1499999999999999944, -1.224999999999999867 ) ) ;
#5902 = SURFACE_STYLE_USAGE ( .BOTH. , #5938 ) ;
#5903 = CARTESIAN_POINT ( 'NONE',  ( 1.250000000000000000, 0.1499999999999999944, 0.3750000000000000000 ) ) ;
#5904 = ORIENTED_EDGE ( 'NONE', *, *, #4150, .F. ) ;
#5905 = ORIENTED_EDGE ( 'NONE', *, *, #2027, .T. ) ;
#5906 = CARTESIAN_POINT ( 'NONE',  ( -0.1000000000000000056, 0.1499999999999999944, -1.224999999999999867 ) ) ;
#5907 = AXIS2_PLACEMENT_3D ( 'NONE', #1195, #4216, #3234 ) ;
#5908 = VERTEX_POINT ( 'NONE', #2837 ) ;
#5909 = EDGE_CURVE ( 'NONE', #2629, #3813, #1904, .T. ) ;
#5910 = CARTESIAN_POINT ( 'NONE',  ( -0.9749999999999999778, -0.05000000000000000278, 0.3750000000000000000 ) ) ;
#5911 = FACE_OUTER_BOUND ( 'NONE', #5128, .T. ) ;
#5912 = PRESENTATION_LAYER_ASSIGNMENT (  '', '', ( #5559 ) ) ;
#5913 = ORIENTED_EDGE ( 'NONE', *, *, #6316, .F. ) ;
#5914 = DIRECTION ( 'NONE',  ( 0.000000000000000000, -0.000000000000000000, -1.000000000000000000 ) ) ;
#5915 = MECHANICAL_DESIGN_GEOMETRIC_PRESENTATION_REPRESENTATION (  '', ( #4902 ), #6448 ) ;
#5916 = VECTOR ( 'NONE', #2549, 1000.000000000000000 ) ;
#5917 = EDGE_CURVE ( 'NONE', #2547, #1080, #5641, .T. ) ;
#5918 = EDGE_LOOP ( 'NONE', ( #2614, #1900, #4537, #2083 ) ) ;
#5919 = DIRECTION ( 'NONE',  ( 0.000000000000000000, 0.000000000000000000, -1.000000000000000000 ) ) ;
#5920 = PRESENTATION_STYLE_ASSIGNMENT (( #6534 ) ) ;
#5921 =( LENGTH_UNIT ( ) NAMED_UNIT ( * ) SI_UNIT ( .MILLI., .METRE. ) );
#5922 = DIRECTION ( 'NONE',  ( -4.928191693115928181E-17, 0.000000000000000000, 1.000000000000000000 ) ) ;
#5923 = CARTESIAN_POINT ( 'NONE',  ( -0.7249999999999999778, 0.1499999999999999944, -1.224999999999999867 ) ) ;
#5924 = AXIS2_PLACEMENT_3D ( 'NONE', #3943, #1405, #1475 ) ;
#5925 = SURFACE_STYLE_USAGE ( .BOTH. , #4426 ) ;
#5926 =( GEOMETRIC_REPRESENTATION_CONTEXT ( 3 ) GLOBAL_UNCERTAINTY_ASSIGNED_CONTEXT ( ( #2293 ) ) GLOBAL_UNIT_ASSIGNED_CONTEXT ( ( #1471, #490, #4007 ) ) REPRESENTATION_CONTEXT ( 'NONE', 'WORKASPACE' ) );
#5927 = ADVANCED_FACE ( 'NONE', ( #5479 ), #5411, .F. ) ;
#5928 = FACE_OUTER_BOUND ( 'NONE', #528, .T. ) ;
#5929 = FILL_AREA_STYLE ('',( #4874 ) ) ;
#5930 = VECTOR ( 'NONE', #3263, 1000.000000000000000 ) ;
#5931 = CIRCLE ( 'NONE', #268, 0.1249999999999998890 ) ;
#5932 = CARTESIAN_POINT ( 'NONE',  ( 0.2750000000000000777, -0.05000000000000000278, 1.099999999999999867 ) ) ;
#5933 = SURFACE_SIDE_STYLE ('',( #4370 ) ) ;
#5934 =( NAMED_UNIT ( * ) SI_UNIT ( $, .STERADIAN. ) SOLID_ANGLE_UNIT ( ) );
#5935 = PRESENTATION_STYLE_ASSIGNMENT (( #951 ) ) ;
#5936 = CARTESIAN_POINT ( 'NONE',  ( -0.1000000000000000056, 0.1499999999999999944, -1.500000000000000000 ) ) ;
#5937 = CARTESIAN_POINT ( 'NONE',  ( -0.9749999999999999778, 0.1499999999999999944, -0.2500000000000000000 ) ) ;
#5938 = SURFACE_SIDE_STYLE ('',( #3456 ) ) ;
#5939 = SURFACE_STYLE_FILL_AREA ( #3010 ) ;
#5940 = CARTESIAN_POINT ( 'NONE',  ( -0.9749999999999999778, -0.05000000000000000278, -0.1250000000000000000 ) ) ;
#5941 = VERTEX_POINT ( 'NONE', #4409 ) ;
#5942 = LINE ( 'NONE', #4889, #331 ) ;
#5943 = DIRECTION ( 'NONE',  ( 1.000000000000000000, -0.000000000000000000, 4.928191693115928181E-17 ) ) ;
#5944 = LINE ( 'NONE', #4256, #3009 ) ;
#5945 = ORIENTED_EDGE ( 'NONE', *, *, #2480, .T. ) ;
#5946 = VERTEX_POINT ( 'NONE', #878 ) ;
#5947 = SURFACE_STYLE_FILL_AREA ( #1057 ) ;
#5948 = DIRECTION ( 'NONE',  ( 1.000000000000000000, 0.000000000000000000, 0.000000000000000000 ) ) ;
#5949 = VERTEX_POINT ( 'NONE', #5886 ) ;
#5950 = EDGE_CURVE ( 'NONE', #5540, #823, #1131, .T. ) ;
#5951 = VECTOR ( 'NONE', #5199, 1000.000000000000000 ) ;
#5952 = VECTOR ( 'NONE', #2339, 1000.000000000000000 ) ;
#5953 = SURFACE_STYLE_USAGE ( .BOTH. , #6424 ) ;
#5954 = EDGE_LOOP ( 'NONE', ( #1594, #4531, #6500, #4170 ) ) ;
#5955 = CARTESIAN_POINT ( 'NONE',  ( 1.250000000000000000, 0.9499999999999999556, -1.500000000000000000 ) ) ;
#5956 =( GEOMETRIC_REPRESENTATION_CONTEXT ( 3 ) GLOBAL_UNCERTAINTY_ASSIGNED_CONTEXT ( ( #3642 ) ) GLOBAL_UNIT_ASSIGNED_CONTEXT ( ( #1660, #3671, #688 ) ) REPRESENTATION_CONTEXT ( 'NONE', 'WORKASPACE' ) );
#5957 = ADVANCED_FACE ( 'NONE', ( #1580 ), #2815, .T. ) ;
#5958 = LINE ( 'NONE', #2594, #3341 ) ;
#5959 = VECTOR ( 'NONE', #6068, 1000.000000000000000 ) ;
#5960 = PRESENTATION_STYLE_ASSIGNMENT (( #4066 ) ) ;
#5961 = UNCERTAINTY_MEASURE_WITH_UNIT (LENGTH_MEASURE( 1.000000000000000082E-05 ), #1839, 'distance_accuracy_value', 'NONE');
#5962 = DIRECTION ( 'NONE',  ( 1.000000000000000000, 0.000000000000000000, 0.000000000000000000 ) ) ;
#5963 =( GEOMETRIC_REPRESENTATION_CONTEXT ( 3 ) GLOBAL_UNCERTAINTY_ASSIGNED_CONTEXT ( ( #3892 ) ) GLOBAL_UNIT_ASSIGNED_CONTEXT ( ( #1431, #904, #6024 ) ) REPRESENTATION_CONTEXT ( 'NONE', 'WORKASPACE' ) );
#5964 = VERTEX_POINT ( 'NONE', #4388 ) ;
#5965 = EDGE_LOOP ( 'NONE', ( #6343 ) ) ;
#5966 = EDGE_CURVE ( 'NONE', #6135, #2562, #5970, .T. ) ;
#5967 = CARTESIAN_POINT ( 'NONE',  ( 0.1499999999999999667, 0.1499999999999999944, -1.500000000000000000 ) ) ;
#5968 = MANIFOLD_SOLID_BREP ( 'Boss-Extrude4[5]', #5640 ) ;
#5969 = CARTESIAN_POINT ( 'NONE',  ( -0.5999999999999999778, -0.05000000000000000278, 1.224999999999999867 ) ) ;
#5970 = LINE ( 'NONE', #5906, #4618 ) ;
#5971 =( LENGTH_UNIT ( ) NAMED_UNIT ( * ) SI_UNIT ( .MILLI., .METRE. ) );
#5972 = VERTEX_POINT ( 'NONE', #288 ) ;
#5973 = COLOUR_RGB ( '',1.000000000000000000, 1.000000000000000000, 1.000000000000000000 ) ;
#5974 = VERTEX_POINT ( 'NONE', #5386 ) ;
#5975 = CARTESIAN_POINT ( 'NONE',  ( -0.1000000000000000056, 0.1499999999999999944, 1.500000000000000000 ) ) ;
#5976 = EDGE_CURVE ( 'NONE', #449, #5161, #4072, .T. ) ;
#5977 = SURFACE_STYLE_FILL_AREA ( #1926 ) ;
#5978 = EDGE_LOOP ( 'NONE', ( #3179 ) ) ;
#5979 = DIRECTION ( 'NONE',  ( 0.000000000000000000, -0.000000000000000000, -1.000000000000000000 ) ) ;
#5980 =( LENGTH_UNIT ( ) NAMED_UNIT ( * ) SI_UNIT ( .MILLI., .METRE. ) );
#5981 =( NAMED_UNIT ( * ) PLANE_ANGLE_UNIT ( ) SI_UNIT ( $, .RADIAN. ) );
#5982 = AXIS2_PLACEMENT_3D ( 'NONE', #3380, #5404, #766 ) ;
#5983 = EDGE_LOOP ( 'NONE', ( #6526, #5828, #2035, #2611 ) ) ;
#5984 = DIRECTION ( 'NONE',  ( -1.000000000000000000, 0.000000000000000000, 0.000000000000000000 ) ) ;
#5985 = CARTESIAN_POINT ( 'NONE',  ( -0.8499999999999999778, 0.1499999999999999944, -1.224999999999999867 ) ) ;
#5986 = CYLINDRICAL_SURFACE ( 'NONE', #1063, 0.1250000000000000000 ) ;
#5987 = ORIENTED_EDGE ( 'NONE', *, *, #1837, .F. ) ;
#5988 =( NAMED_UNIT ( * ) SI_UNIT ( $, .STERADIAN. ) SOLID_ANGLE_UNIT ( ) );
#5989 = VERTEX_POINT ( 'NONE', #1853 ) ;
#5990 = ORIENTED_EDGE ( 'NONE', *, *, #5773, .F. ) ;
#5991 = EDGE_CURVE ( 'NONE', #2367, #2529, #6196, .T. ) ;
#5992 = EDGE_CURVE ( 'NONE', #823, #674, #970, .T. ) ;
#5993 = ORIENTED_EDGE ( 'NONE', *, *, #2084, .T. ) ;
#5994 = DIRECTION ( 'NONE',  ( 0.000000000000000000, 0.000000000000000000, -1.000000000000000000 ) ) ;
#5995 = DIRECTION ( 'NONE',  ( -0.000000000000000000, -1.000000000000000000, -0.000000000000000000 ) ) ;
#5996 = COLOUR_RGB ( '',1.000000000000000000, 1.000000000000000000, 1.000000000000000000 ) ;
#5997 = VECTOR ( 'NONE', #4402, 1000.000000000000000 ) ;
#5998 = CARTESIAN_POINT ( 'NONE',  ( -1.250000000000000000, 0.9499999999999999556, 1.500000000000000000 ) ) ;
#5999 = CARTESIAN_POINT ( 'NONE',  ( -0.9749999999999999778, 0.1499999999999999944, -0.2500000000000000000 ) ) ;
#6000 = ORIENTED_EDGE ( 'NONE', *, *, #5890, .F. ) ;
#6001 = MECHANICAL_DESIGN_GEOMETRIC_PRESENTATION_REPRESENTATION (  '', ( #789 ), #3041 ) ;
#6002 = EDGE_CURVE ( 'NONE', #4982, #1999, #2712, .T. ) ;
#6003 = FACE_OUTER_BOUND ( 'NONE', #4712, .T. ) ;
#6004 = ORIENTED_EDGE ( 'NONE', *, *, #4632, .F. ) ;
#6005 = DIRECTION ( 'NONE',  ( 0.000000000000000000, 0.000000000000000000, -1.000000000000000000 ) ) ;
#6006 = FILL_AREA_STYLE ('',( #1958 ) ) ;
#6007 = SURFACE_STYLE_FILL_AREA ( #6289 ) ;
#6008 = CARTESIAN_POINT ( 'NONE',  ( 0.9000000000000000222, -0.05000000000000000278, 1.500000000000000000 ) ) ;
#6009 = LINE ( 'NONE', #1985, #2519 ) ;
#6010 = CARTESIAN_POINT ( 'NONE',  ( -0.3499999999999999778, -0.05000000000000000278, 1.224999999999999867 ) ) ;
#6011 = EDGE_CURVE ( 'NONE', #2615, #5276, #1363, .T. ) ;
#6012 = DIRECTION ( 'NONE',  ( -0.000000000000000000, -1.000000000000000000, -0.000000000000000000 ) ) ;
#6013 = FACE_OUTER_BOUND ( 'NONE', #2956, .T. ) ;
#6014 = FILL_AREA_STYLE ('',( #920 ) ) ;
#6015 = VERTEX_POINT ( 'NONE', #4932 ) ;
#6016 = CARTESIAN_POINT ( 'NONE',  ( 0.2250000000000000056, 0.1499999999999999944, -0.6250000000000000000 ) ) ;
#6017 = PRESENTATION_STYLE_ASSIGNMENT (( #1126 ) ) ;
#6018 = ORIENTED_EDGE ( 'NONE', *, *, #6388, .F. ) ;
#6019 = LINE ( 'NONE', #3080, #4589 ) ;
#6020 = CARTESIAN_POINT ( 'NONE',  ( -1.250000000000000000, 0.1499999999999999944, -0.1250000000000000000 ) ) ;
#6021 = EDGE_CURVE ( 'NONE', #2922, #214, #5086, .T. ) ;
#6022 = CARTESIAN_POINT ( 'NONE',  ( -0.3499999999999999778, 0.1499999999999999944, -1.224999999999999867 ) ) ;
#6023 = AXIS2_PLACEMENT_3D ( 'NONE', #6377, #3346, #520 ) ;
#6024 =( NAMED_UNIT ( * ) SI_UNIT ( $, .STERADIAN. ) SOLID_ANGLE_UNIT ( ) );
#6025 = DIRECTION ( 'NONE',  ( 0.000000000000000000, 0.000000000000000000, -1.000000000000000000 ) ) ;
#6026 = ORIENTED_EDGE ( 'NONE', *, *, #3616, .F. ) ;
#6027 = ORIENTED_EDGE ( 'NONE', *, *, #5976, .F. ) ;
#6028 = DIRECTION ( 'NONE',  ( -0.000000000000000000, 1.000000000000000000, -0.000000000000000000 ) ) ;
#6029 = PLANE ( 'NONE',  #6348 ) ;
#6030 = LINE ( 'NONE', #6010, #2533 ) ;
#6031 = CARTESIAN_POINT ( 'NONE',  ( -0.8499999999999999778, -0.05000000000000000278, -0.8750000000000000000 ) ) ;
#6032 = ORIENTED_EDGE ( 'NONE', *, *, #3927, .T. ) ;
#6033 =( NAMED_UNIT ( * ) PLANE_ANGLE_UNIT ( ) SI_UNIT ( $, .RADIAN. ) );
#6034 = STYLED_ITEM ( 'NONE', ( #5671 ), #3592 ) ;
#6035 = CARTESIAN_POINT ( 'NONE',  ( 0.1499999999999999667, -0.05000000000000000278, 1.500000000000000000 ) ) ;
#6036 = ORIENTED_EDGE ( 'NONE', *, *, #2530, .F. ) ;
#6037 = ORIENTED_EDGE ( 'NONE', *, *, #3028, .T. ) ;
#6038 = DIRECTION ( 'NONE',  ( 1.000000000000000000, 0.000000000000000000, 0.000000000000000000 ) ) ;
#6039 = ADVANCED_FACE ( 'NONE', ( #2558 ), #6051, .F. ) ;
#6040 = LINE ( 'NONE', #1155, #5074 ) ;
#6041 = DIRECTION ( 'NONE',  ( 0.000000000000000000, 0.000000000000000000, -1.000000000000000000 ) ) ;
#6042 = FILL_AREA_STYLE_COLOUR ( '', #2454 ) ;
#6043 = CARTESIAN_POINT ( 'NONE',  ( 1.250000000000000000, 0.1499999999999999944, -0.1250000000000000000 ) ) ;
#6044 = ORIENTED_EDGE ( 'NONE', *, *, #5052, .T. ) ;
#6045 = ORIENTED_EDGE ( 'NONE', *, *, #4788, .T. ) ;
#6046 =( LENGTH_UNIT ( ) NAMED_UNIT ( * ) SI_UNIT ( .MILLI., .METRE. ) );
#6047 = STYLED_ITEM ( 'NONE', ( #4163 ), #1051 ) ;
#6048 = CARTESIAN_POINT ( 'NONE',  ( -1.250000000000000000, 0.000000000000000000, 0.8750000000000000000 ) ) ;
#6049 = EDGE_CURVE ( 'NONE', #1227, #6516, #1052, .T. ) ;
#6050 = DIRECTION ( 'NONE',  ( -0.000000000000000000, -1.000000000000000000, -0.000000000000000000 ) ) ;
#6051 = CYLINDRICAL_SURFACE ( 'NONE', #3068, 0.1250000000000000000 ) ;
#6052 = ORIENTED_EDGE ( 'NONE', *, *, #4631, .T. ) ;
#6053 = UNCERTAINTY_MEASURE_WITH_UNIT (LENGTH_MEASURE( 1.000000000000000082E-05 ), #3340, 'distance_accuracy_value', 'NONE');
#6054 =( GEOMETRIC_REPRESENTATION_CONTEXT ( 3 ) GLOBAL_UNCERTAINTY_ASSIGNED_CONTEXT ( ( #566 ) ) GLOBAL_UNIT_ASSIGNED_CONTEXT ( ( #1814, #5372, #3811 ) ) REPRESENTATION_CONTEXT ( 'NONE', 'WORKASPACE' ) );
#6055 = EDGE_CURVE ( 'NONE', #3901, #5072, #504, .T. ) ;
#6056 = PRESENTATION_STYLE_ASSIGNMENT (( #4994 ) ) ;
#6057 = CARTESIAN_POINT ( 'NONE',  ( -0.3500000000000000333, 0.000000000000000000, 1.500000000000000000 ) ) ;
#6058 = ORIENTED_EDGE ( 'NONE', *, *, #2400, .T. ) ;
#6059 = PRODUCT_CONTEXT ( 'NONE', #3498, 'mechanical' ) ;
#6060 = EDGE_CURVE ( 'NONE', #6180, #3799, #5720, .T. ) ;
#6061 = SURFACE_SIDE_STYLE ('',( #1981 ) ) ;
#6062 = ORIENTED_EDGE ( 'NONE', *, *, #2092, .T. ) ;
#6063 = EDGE_CURVE ( 'NONE', #5030, #3287, #4389, .T. ) ;
#6064 = ORIENTED_EDGE ( 'NONE', *, *, #3124, .T. ) ;
#6065 = CARTESIAN_POINT ( 'NONE',  ( -0.8499999999999999778, 0.1499999999999999944, -0.8750000000000000000 ) ) ;
#6066 = LINE ( 'NONE', #2948, #5258 ) ;
#6067 = VERTEX_POINT ( 'NONE', #5471 ) ;
#6068 = DIRECTION ( 'NONE',  ( -0.000000000000000000, -1.000000000000000000, -0.000000000000000000 ) ) ;
#6069 = ORIENTED_EDGE ( 'NONE', *, *, #5036, .T. ) ;
#6070 =( NAMED_UNIT ( * ) PLANE_ANGLE_UNIT ( ) SI_UNIT ( $, .RADIAN. ) );
#6071 = CARTESIAN_POINT ( 'NONE',  ( 0.7750000000000000222, 0.1499999999999999944, -1.224999999999999867 ) ) ;
#6072 = ORIENTED_EDGE ( 'NONE', *, *, #3209, .F. ) ;
#6073 = VERTEX_POINT ( 'NONE', #3477 ) ;
#6074 =( NAMED_UNIT ( * ) PLANE_ANGLE_UNIT ( ) SI_UNIT ( $, .RADIAN. ) );
#6075 = LINE ( 'NONE', #4226, #3369 ) ;
#6076 = DIRECTION ( 'NONE',  ( 0.000000000000000000, 0.000000000000000000, 1.000000000000000000 ) ) ;
#6077 = CARTESIAN_POINT ( 'NONE',  ( 0.7750000000000000222, -0.05000000000000000278, -1.100000000000000089 ) ) ;
#6078 = STYLED_ITEM ( 'NONE', ( #661 ), #5826 ) ;
#6079 = ORIENTED_EDGE ( 'NONE', *, *, #5136, .T. ) ;
#6080 =( NAMED_UNIT ( * ) SI_UNIT ( $, .STERADIAN. ) SOLID_ANGLE_UNIT ( ) );
#6081 = EDGE_CURVE ( 'NONE', #687, #2988, #262, .T. ) ;
#6082 = UNCERTAINTY_MEASURE_WITH_UNIT (LENGTH_MEASURE( 1.000000000000000082E-05 ), #5421, 'distance_accuracy_value', 'NONE');
#6083 = EDGE_CURVE ( 'NONE', #1064, #2572, #1896, .T. ) ;
#6084 = CIRCLE ( 'NONE', #3604, 0.1249999999999998890 ) ;
#6085 =( NAMED_UNIT ( * ) PLANE_ANGLE_UNIT ( ) SI_UNIT ( $, .RADIAN. ) );
#6086 = FACE_OUTER_BOUND ( 'NONE', #2379, .T. ) ;
#6087 = SURFACE_STYLE_USAGE ( .BOTH. , #514 ) ;
#6088 = CARTESIAN_POINT ( 'NONE',  ( 1.250000000000000000, 0.000000000000000000, 1.500000000000000000 ) ) ;
#6089 = VERTEX_POINT ( 'NONE', #962 ) ;
#6090 = UNCERTAINTY_MEASURE_WITH_UNIT (LENGTH_MEASURE( 1.000000000000000082E-05 ), #736, 'distance_accuracy_value', 'NONE');
#6091 = AXIS2_PLACEMENT_3D ( 'NONE', #2801, #4340, #5857 ) ;
#6092 = EDGE_CURVE ( 'NONE', #1302, #4786, #1357, .T. ) ;
#6093 = SURFACE_STYLE_FILL_AREA ( #5723 ) ;
#6094 = PRESENTATION_LAYER_ASSIGNMENT (  '', '', ( #2442 ) ) ;
#6095 = ADVANCED_FACE ( 'NONE', ( #4612 ), #3950, .F. ) ;
#6096 = CARTESIAN_POINT ( 'NONE',  ( -1.250000000000000000, 0.1499999999999999944, -0.6250000000000000000 ) ) ;
#6097 = DIRECTION ( 'NONE',  ( 0.000000000000000000, 0.000000000000000000, -1.000000000000000000 ) ) ;
#6098 = CARTESIAN_POINT ( 'NONE',  ( 0.2250000000000000056, -0.05000000000000000278, 0.3750000000000000000 ) ) ;
#6099 = LINE ( 'NONE', #2787, #6173 ) ;
#6100 = SURFACE_STYLE_FILL_AREA ( #5503 ) ;
#6101 = ADVANCED_FACE ( 'NONE', ( #180 ), #6262, .T. ) ;
#6102 = CARTESIAN_POINT ( 'NONE',  ( -1.250000000000000000, -0.05000000000000000278, -0.6250000000000000000 ) ) ;
#6103 = LINE ( 'NONE', #2071, #1020 ) ;
#6104 = EDGE_LOOP ( 'NONE', ( #1834, #1352, #1726, #2426 ) ) ;
#6105 = VECTOR ( 'NONE', #281, 1000.000000000000000 ) ;
#6106 = CARTESIAN_POINT ( 'NONE',  ( -1.250000000000000000, 0.000000000000000000, 0.6250000000000000000 ) ) ;
#6107 = VECTOR ( 'NONE', #6460, 1000.000000000000000 ) ;
#6108 = LINE ( 'NONE', #2915, #2190 ) ;
#6109 = FILL_AREA_STYLE ('',( #4638 ) ) ;
#6110 =( LENGTH_UNIT ( ) NAMED_UNIT ( * ) SI_UNIT ( .MILLI., .METRE. ) );
#6111 = ORIENTED_EDGE ( 'NONE', *, *, #4689, .F. ) ;
#6112 = LINE ( 'NONE', #4834, #4755 ) ;
#6113 = PLANE ( 'NONE',  #2764 ) ;
#6114 = ORIENTED_EDGE ( 'NONE', *, *, #5448, .T. ) ;
#6115 = ORIENTED_EDGE ( 'NONE', *, *, #2235, .F. ) ;
#6116 = DIRECTION ( 'NONE',  ( 0.000000000000000000, 0.000000000000000000, -1.000000000000000000 ) ) ;
#6117 = FILL_AREA_STYLE ('',( #3451 ) ) ;
#6118 = VECTOR ( 'NONE', #5856, 1000.000000000000000 ) ;
#6119 = AXIS2_PLACEMENT_3D ( 'NONE', #5127, #2056, #3123 ) ;
#6120 = VECTOR ( 'NONE', #74, 1000.000000000000000 ) ;
#6121 = EDGE_CURVE ( 'NONE', #265, #2227, #891, .T. ) ;
#6122 = ORIENTED_EDGE ( 'NONE', *, *, #5803, .F. ) ;
#6123 = CARTESIAN_POINT ( 'NONE',  ( -1.250000000000000000, -0.000000000000000000, -1.500000000000000000 ) ) ;
#6124 = DIRECTION ( 'NONE',  ( -1.000000000000000000, 0.000000000000000000, 0.000000000000000000 ) ) ;
#6125 = LINE ( 'NONE', #1880, #5328 ) ;
#6126 = SURFACE_STYLE_USAGE ( .BOTH. , #5605 ) ;
#6127 = ORIENTED_EDGE ( 'NONE', *, *, #2373, .F. ) ;
#6128 = EDGE_CURVE ( 'NONE', #6335, #3483, #1046, .T. ) ;
#6129 = DIRECTION ( 'NONE',  ( -1.000000000000000000, 0.000000000000000000, 0.000000000000000000 ) ) ;
#6130 = LINE ( 'NONE', #5108, #3188 ) ;
#6131 = DIRECTION ( 'NONE',  ( 0.000000000000000000, 0.000000000000000000, 1.000000000000000000 ) ) ;
#6132 = DIRECTION ( 'NONE',  ( -1.000000000000000000, 0.000000000000000000, 0.000000000000000000 ) ) ;
#6133 = AXIS2_PLACEMENT_3D ( 'NONE', #4209, #2164, #6230 ) ;
#6134 = ORIENTED_EDGE ( 'NONE', *, *, #5840, .F. ) ;
#6135 = VERTEX_POINT ( 'NONE', #5073 ) ;
#6136 = PLANE ( 'NONE',  #5130 ) ;
#6137 = AXIS2_PLACEMENT_3D ( 'NONE', #4347, #1745, #6293 ) ;
#6138 = EDGE_CURVE ( 'NONE', #646, #6479, #6419, .T. ) ;
#6139 = CARTESIAN_POINT ( 'NONE',  ( -0.9749999999999999778, -0.000000000000000000, -0.3750000000000000000 ) ) ;
#6140 = ORIENTED_EDGE ( 'NONE', *, *, #1659, .F. ) ;
#6141 = SURFACE_SIDE_STYLE ('',( #4069 ) ) ;
#6142 = PRESENTATION_STYLE_ASSIGNMENT (( #1319 ) ) ;
#6143 = CARTESIAN_POINT ( 'NONE',  ( 0.1499999999999999667, 0.1499999999999999944, 1.500000000000000000 ) ) ;
#6144 = VERTEX_POINT ( 'NONE', #3089 ) ;
#6145 = EDGE_CURVE ( 'NONE', #4998, #961, #5958, .T. ) ;
#6146 = DIRECTION ( 'NONE',  ( 0.000000000000000000, 0.000000000000000000, 1.000000000000000000 ) ) ;
#6147 = DIRECTION ( 'NONE',  ( 0.000000000000000000, -0.000000000000000000, -1.000000000000000000 ) ) ;
#6148 = PRESENTATION_LAYER_ASSIGNMENT (  '', '', ( #4918 ) ) ;
#6149 =( NAMED_UNIT ( * ) SI_UNIT ( $, .STERADIAN. ) SOLID_ANGLE_UNIT ( ) );
#6150 = PRESENTATION_STYLE_ASSIGNMENT (( #4749 ) ) ;
#6151 = ORIENTED_EDGE ( 'NONE', *, *, #2941, .T. ) ;
#6152 = FILL_AREA_STYLE ('',( #3074 ) ) ;
#6153 = DIRECTION ( 'NONE',  ( 0.000000000000000000, -0.000000000000000000, -1.000000000000000000 ) ) ;
#6154 = ORIENTED_EDGE ( 'NONE', *, *, #2407, .F. ) ;
#6155 = SURFACE_SIDE_STYLE ('',( #1023 ) ) ;
#6156 = SURFACE_SIDE_STYLE ('',( #6299 ) ) ;
#6157 = VECTOR ( 'NONE', #4775, 1000.000000000000000 ) ;
#6158 = DIRECTION ( 'NONE',  ( 1.000000000000000000, 0.000000000000000000, -0.000000000000000000 ) ) ;
#6159 = PRESENTATION_LAYER_ASSIGNMENT (  '', '', ( #1629 ) ) ;
#6160 = ORIENTED_EDGE ( 'NONE', *, *, #6199, .T. ) ;
#6161 = DIRECTION ( 'NONE',  ( 0.000000000000000000, 0.000000000000000000, -1.000000000000000000 ) ) ;
#6162 = UNCERTAINTY_MEASURE_WITH_UNIT (LENGTH_MEASURE( 1.000000000000000082E-05 ), #3452, 'distance_accuracy_value', 'NONE');
#6163 = DIRECTION ( 'NONE',  ( 0.000000000000000000, -1.000000000000000000, 0.000000000000000000 ) ) ;
#6164 = SURFACE_SIDE_STYLE ('',( #4283 ) ) ;
#6165 = DIRECTION ( 'NONE',  ( -1.000000000000000000, 0.000000000000000000, 0.000000000000000000 ) ) ;
#6166 = CARTESIAN_POINT ( 'NONE',  ( -0.9749999999999999778, -0.05000000000000000278, -0.2500000000000000000 ) ) ;
#6167 =( NAMED_UNIT ( * ) SI_UNIT ( $, .STERADIAN. ) SOLID_ANGLE_UNIT ( ) );
#6168 = DIRECTION ( 'NONE',  ( 0.000000000000000000, -1.000000000000000000, -0.000000000000000000 ) ) ;
#6169 = MECHANICAL_DESIGN_GEOMETRIC_PRESENTATION_REPRESENTATION (  '', ( #5573 ), #2079 ) ;
#6170 = DIRECTION ( 'NONE',  ( -0.000000000000000000, 0.000000000000000000, -1.000000000000000000 ) ) ;
#6171 = EDGE_CURVE ( 'NONE', #4845, #2385, #4304, .T. ) ;
#6172 = DIRECTION ( 'NONE',  ( 0.000000000000000000, 0.000000000000000000, 1.000000000000000000 ) ) ;
#6173 = VECTOR ( 'NONE', #4847, 1000.000000000000000 ) ;
#6174 = ORIENTED_EDGE ( 'NONE', *, *, #830, .T. ) ;
#6175 = LINE ( 'NONE', #2546, #6239 ) ;
#6176 = PRESENTATION_STYLE_ASSIGNMENT (( #5474 ) ) ;
#6177 =( NAMED_UNIT ( * ) SI_UNIT ( $, .STERADIAN. ) SOLID_ANGLE_UNIT ( ) );
#6178 = FILL_AREA_STYLE_COLOUR ( '', #2359 ) ;
#6179 = EDGE_LOOP ( 'NONE', ( #5263, #850, #2180, #2580 ) ) ;
#6180 = VERTEX_POINT ( 'NONE', #1022 ) ;
#6181 = CIRCLE ( 'NONE', #2429, 0.1250000000000001110 ) ;
#6182 = DIRECTION ( 'NONE',  ( 0.000000000000000000, 0.000000000000000000, 1.000000000000000000 ) ) ;
#6183 = CARTESIAN_POINT ( 'NONE',  ( 0.6500000000000000222, -0.05000000000000000278, 1.500000000000000000 ) ) ;
#6184 = VERTEX_POINT ( 'NONE', #3585 ) ;
#6185 = DIRECTION ( 'NONE',  ( -1.000000000000000000, 0.000000000000000000, 0.000000000000000000 ) ) ;
#6186 = LINE ( 'NONE', #3890, #12 ) ;
#6187 =( NAMED_UNIT ( * ) PLANE_ANGLE_UNIT ( ) SI_UNIT ( $, .RADIAN. ) );
#6188 =( NAMED_UNIT ( * ) SI_UNIT ( $, .STERADIAN. ) SOLID_ANGLE_UNIT ( ) );
#6189 = CARTESIAN_POINT ( 'NONE',  ( -0.8499999999999999778, 0.1499999999999999944, -1.500000000000000000 ) ) ;
#6190 = MECHANICAL_DESIGN_GEOMETRIC_PRESENTATION_REPRESENTATION (  '', ( #6535 ), #5080 ) ;
#6191 = PLANE ( 'NONE',  #456 ) ;
#6192 = ORIENTED_EDGE ( 'NONE', *, *, #296, .F. ) ;
#6193 = ORIENTED_EDGE ( 'NONE', *, *, #1370, .F. ) ;
#6194 = PRESENTATION_LAYER_ASSIGNMENT (  '', '', ( #395 ) ) ;
#6195 = ADVANCED_FACE ( 'NONE', ( #4764 ), #3610, .F. ) ;
#6196 = LINE ( 'NONE', #794, #106 ) ;
#6197 = ORIENTED_EDGE ( 'NONE', *, *, #65, .T. ) ;
#6198 = ORIENTED_EDGE ( 'NONE', *, *, #4367, .T. ) ;
#6199 = EDGE_CURVE ( 'NONE', #3059, #6184, #2954, .T. ) ;
#6200 = LINE ( 'NONE', #3638, #2808 ) ;
#6201 = SURFACE_STYLE_FILL_AREA ( #3034 ) ;
#6202 =( NAMED_UNIT ( * ) PLANE_ANGLE_UNIT ( ) SI_UNIT ( $, .RADIAN. ) );
#6203 = VERTEX_POINT ( 'NONE', #6143 ) ;
#6204 = CARTESIAN_POINT ( 'NONE',  ( 0.4000000000000000222, 0.000000000000000000, -1.500000000000000000 ) ) ;
#6205 = PRESENTATION_LAYER_ASSIGNMENT (  '', '', ( #6528 ) ) ;
#6206 = EDGE_CURVE ( 'NONE', #4748, #3420, #5472, .T. ) ;
#6207 = ORIENTED_EDGE ( 'NONE', *, *, #5017, .F. ) ;
#6208 = MECHANICAL_DESIGN_GEOMETRIC_PRESENTATION_REPRESENTATION (  '', ( #2785 ), #5747 ) ;
#6209 = VECTOR ( 'NONE', #1905, 1000.000000000000000 ) ;
#6210 = LINE ( 'NONE', #1808, #2074 ) ;
#6211 = VERTEX_POINT ( 'NONE', #2022 ) ;
#6212 = DIRECTION ( 'NONE',  ( -0.000000000000000000, 1.000000000000000000, -0.000000000000000000 ) ) ;
#6213 = EDGE_CURVE ( 'NONE', #2770, #5946, #653, .T. ) ;
#6214 = ORIENTED_EDGE ( 'NONE', *, *, #5415, .F. ) ;
#6215 = DIRECTION ( 'NONE',  ( -1.000000000000000000, 0.000000000000000000, 0.000000000000000000 ) ) ;
#6216 = SURFACE_SIDE_STYLE ('',( #1543 ) ) ;
#6217 =( GEOMETRIC_REPRESENTATION_CONTEXT ( 3 ) GLOBAL_UNCERTAINTY_ASSIGNED_CONTEXT ( ( #5631 ) ) GLOBAL_UNIT_ASSIGNED_CONTEXT ( ( #2436, #6468, #4439 ) ) REPRESENTATION_CONTEXT ( 'NONE', 'WORKASPACE' ) );
#6218 = CARTESIAN_POINT ( 'NONE',  ( 0.9000000000000000222, -0.05000000000000000278, -1.500000000000000000 ) ) ;
#6219 = ORIENTED_EDGE ( 'NONE', *, *, #1860, .F. ) ;
#6220 = SURFACE_SIDE_STYLE ('',( #1403 ) ) ;
#6221 = ADVANCED_FACE ( 'NONE', ( #5797 ), #5315, .T. ) ;
#6222 = FILL_AREA_STYLE ('',( #4560 ) ) ;
#6223 = FACE_OUTER_BOUND ( 'NONE', #4572, .T. ) ;
#6224 = PLANE ( 'NONE',  #3690 ) ;
#6225 = SURFACE_STYLE_USAGE ( .BOTH. , #3708 ) ;
#6226 =( NAMED_UNIT ( * ) PLANE_ANGLE_UNIT ( ) SI_UNIT ( $, .RADIAN. ) );
#6227 = STYLED_ITEM ( 'NONE', ( #58 ), #3303 ) ;
#6228 = LINE ( 'NONE', #5490, #698 ) ;
#6229 = EDGE_CURVE ( 'NONE', #5715, #18, #3419, .T. ) ;
#6230 = DIRECTION ( 'NONE',  ( 0.000000000000000000, -0.000000000000000000, -1.000000000000000000 ) ) ;
#6231 = UNCERTAINTY_MEASURE_WITH_UNIT (LENGTH_MEASURE( 1.000000000000000082E-05 ), #853, 'distance_accuracy_value', 'NONE');
#6232 = MECHANICAL_DESIGN_GEOMETRIC_PRESENTATION_REPRESENTATION (  '', ( #5559 ), #3648 ) ;
#6233 = MANIFOLD_SOLID_BREP ( 'Boss-Extrude4[6]', #5410 ) ;
#6234 = SURFACE_SIDE_STYLE ('',( #583 ) ) ;
#6235 = DIRECTION ( 'NONE',  ( 0.000000000000000000, 0.000000000000000000, -1.000000000000000000 ) ) ;
#6236 = DIRECTION ( 'NONE',  ( 0.000000000000000000, -0.000000000000000000, -1.000000000000000000 ) ) ;
#6237 = EDGE_CURVE ( 'NONE', #1799, #4998, #4143, .T. ) ;
#6238 = FACE_OUTER_BOUND ( 'NONE', #5646, .T. ) ;
#6239 = VECTOR ( 'NONE', #4524, 1000.000000000000000 ) ;
#6240 = DIRECTION ( 'NONE',  ( -0.000000000000000000, 1.000000000000000000, -0.000000000000000000 ) ) ;
#6241 = CARTESIAN_POINT ( 'NONE',  ( 1.250000000000000000, -0.05000000000000000278, 0.3750000000000000000 ) ) ;
#6242 = CARTESIAN_POINT ( 'NONE',  ( -0.3499999999999999778, 0.1499999999999999944, 1.500000000000000000 ) ) ;
#6243 = DIRECTION ( 'NONE',  ( 1.000000000000000000, 0.000000000000000000, 0.000000000000000000 ) ) ;
#6244 = ORIENTED_EDGE ( 'NONE', *, *, #358, .F. ) ;
#6245 = DIRECTION ( 'NONE',  ( 0.000000000000000000, 0.000000000000000000, -1.000000000000000000 ) ) ;
#6246 = STYLED_ITEM ( 'NONE', ( #1429 ), #2157 ) ;
#6247 = DIRECTION ( 'NONE',  ( 0.000000000000000000, -0.000000000000000000, -1.000000000000000000 ) ) ;
#6248 = STYLED_ITEM ( 'NONE', ( #4227 ), #78 ) ;
#6249 = SURFACE_STYLE_USAGE ( .BOTH. , #3688 ) ;
#6250 = VECTOR ( 'NONE', #4454, 1000.000000000000000 ) ;
#6251 = LINE ( 'NONE', #6347, #1262 ) ;
#6252 = ORIENTED_EDGE ( 'NONE', *, *, #2245, .T. ) ;
#6253 = DIRECTION ( 'NONE',  ( -0.000000000000000000, 1.000000000000000000, -0.000000000000000000 ) ) ;
#6254 = DIRECTION ( 'NONE',  ( 0.000000000000000000, 0.000000000000000000, -1.000000000000000000 ) ) ;
#6255 = DIRECTION ( 'NONE',  ( 0.000000000000000000, 0.000000000000000000, -1.000000000000000000 ) ) ;
#6256 = EDGE_CURVE ( 'NONE', #5946, #1105, #972, .T. ) ;
#6257 =( GEOMETRIC_REPRESENTATION_CONTEXT ( 3 ) GLOBAL_UNCERTAINTY_ASSIGNED_CONTEXT ( ( #806 ) ) GLOBAL_UNIT_ASSIGNED_CONTEXT ( ( #1707, #1242, #3843 ) ) REPRESENTATION_CONTEXT ( 'NONE', 'WORKASPACE' ) );
#6258 = ORIENTED_EDGE ( 'NONE', *, *, #3616, .T. ) ;
#6259 = EDGE_LOOP ( 'NONE', ( #6321, #4114, #6276, #3299, #290, #1463, #76, #565, #378, #2213, #5712, #3781, #4165, #731, #2152, #4780, #1109, #3484, #2640, #3605 ) ) ;
#6260 =( NAMED_UNIT ( * ) PLANE_ANGLE_UNIT ( ) SI_UNIT ( $, .RADIAN. ) );
#6261 = CARTESIAN_POINT ( 'NONE',  ( -0.5999999999999999778, -0.000000000000000000, -1.500000000000000000 ) ) ;
#6262 = CYLINDRICAL_SURFACE ( 'NONE', #900, 0.1250000000000000000 ) ;
#6263 = SURFACE_SIDE_STYLE ('',( #5422 ) ) ;
#6264 = LINE ( 'NONE', #6043, #5473 ) ;
#6265 = ORIENTED_EDGE ( 'NONE', *, *, #1581, .F. ) ;
#6266 = CARTESIAN_POINT ( 'NONE',  ( 0.6500000000000000222, 0.1499999999999999944, 1.500000000000000000 ) ) ;
#6267 =( GEOMETRIC_REPRESENTATION_CONTEXT ( 3 ) GLOBAL_UNCERTAINTY_ASSIGNED_CONTEXT ( ( #2334 ) ) GLOBAL_UNIT_ASSIGNED_CONTEXT ( ( #2099, #6187, #3681 ) ) REPRESENTATION_CONTEXT ( 'NONE', 'WORKASPACE' ) );
#6268 = UNCERTAINTY_MEASURE_WITH_UNIT (LENGTH_MEASURE( 1.000000000000000082E-05 ), #5542, 'distance_accuracy_value', 'NONE');
#6269 = UNCERTAINTY_MEASURE_WITH_UNIT (LENGTH_MEASURE( 1.000000000000000082E-05 ), #222, 'distance_accuracy_value', 'NONE');
#6270 = LINE ( 'NONE', #5368, #5560 ) ;
#6271 = ORIENTED_EDGE ( 'NONE', *, *, #3450, .F. ) ;
#6272 = FACE_OUTER_BOUND ( 'NONE', #3967, .T. ) ;
#6273 = DIRECTION ( 'NONE',  ( 1.000000000000000000, 0.000000000000000000, 3.942553354492743901E-17 ) ) ;
#6274 = VERTEX_POINT ( 'NONE', #126 ) ;
#6275 = CARTESIAN_POINT ( 'NONE',  ( 0.7750000000000000222, 0.1499999999999999944, 1.224999999999999867 ) ) ;
#6276 = ORIENTED_EDGE ( 'NONE', *, *, #1687, .F. ) ;
#6277 = LINE ( 'NONE', #2259, #5025 ) ;
#6278 = STYLED_ITEM ( 'NONE', ( #6150 ), #5196 ) ;
#6279 = DIRECTION ( 'NONE',  ( -0.000000000000000000, 0.000000000000000000, -1.000000000000000000 ) ) ;
#6280 = CARTESIAN_POINT ( 'NONE',  ( -0.1250000000000000000, -0.05000000000000000278, -4.241313930147960914E-17 ) ) ;
#6281 = VECTOR ( 'NONE', #6478, 1000.000000000000000 ) ;
#6282 = FILL_AREA_STYLE ('',( #5858 ) ) ;
#6283 = ORIENTED_EDGE ( 'NONE', *, *, #6256, .T. ) ;
#6284 = AXIS2_PLACEMENT_3D ( 'NONE', #6275, #4731, #1676 ) ;
#6285 = DIRECTION ( 'NONE',  ( 0.000000000000000000, 0.000000000000000000, -1.000000000000000000 ) ) ;
#6286 = SURFACE_STYLE_FILL_AREA ( #275 ) ;
#6287 = EDGE_CURVE ( 'NONE', #5908, #3339, #5481, .T. ) ;
#6288 = ADVANCED_FACE ( 'NONE', ( #1583 ), #5327, .T. ) ;
#6289 = FILL_AREA_STYLE ('',( #2225 ) ) ;
#6290 = CARTESIAN_POINT ( 'NONE',  ( -0.3499999999999999778, 0.1499999999999999944, -1.500000000000000000 ) ) ;
#6291 = DIRECTION ( 'NONE',  ( 1.000000000000000000, 0.000000000000000000, 0.000000000000000000 ) ) ;
#6292 = ORIENTED_EDGE ( 'NONE', *, *, #1110, .T. ) ;
#6293 = DIRECTION ( 'NONE',  ( 0.000000000000000000, 0.000000000000000000, -1.000000000000000000 ) ) ;
#6294 =( NAMED_UNIT ( * ) PLANE_ANGLE_UNIT ( ) SI_UNIT ( $, .RADIAN. ) );
#6295 = ORIENTED_EDGE ( 'NONE', *, *, #249, .T. ) ;
#6296 = EDGE_LOOP ( 'NONE', ( #3643, #5623, #1611, #5643 ) ) ;
#6297 = ORIENTED_EDGE ( 'NONE', *, *, #3962, .T. ) ;
#6298 = CARTESIAN_POINT ( 'NONE',  ( 0.4000000000000000222, 0.1499999999999999944, -1.350000000000000089 ) ) ;
#6299 = SURFACE_STYLE_FILL_AREA ( #2587 ) ;
#6300 = DIRECTION ( 'NONE',  ( -1.000000000000000000, 0.000000000000000000, 0.000000000000000000 ) ) ;
#6301 = SURFACE_STYLE_FILL_AREA ( #6006 ) ;
#6302 = DIRECTION ( 'NONE',  ( 0.000000000000000000, -1.000000000000000000, 0.000000000000000000 ) ) ;
#6303 = CARTESIAN_POINT ( 'NONE',  ( 0.7750000000000000222, 0.1499999999999999944, -1.100000000000000089 ) ) ;
#6304 = DIRECTION ( 'NONE',  ( 0.000000000000000000, 0.000000000000000000, 1.000000000000000000 ) ) ;
#6305 = SURFACE_STYLE_USAGE ( .BOTH. , #4242 ) ;
#6306 = SURFACE_SIDE_STYLE ('',( #3075 ) ) ;
#6307 = DIRECTION ( 'NONE',  ( -0.000000000000000000, 1.000000000000000000, -0.000000000000000000 ) ) ;
#6308 = SURFACE_STYLE_USAGE ( .BOTH. , #3769 ) ;
#6309 = ORIENTED_EDGE ( 'NONE', *, *, #2183, .F. ) ;
#6310 = FILL_AREA_STYLE_COLOUR ( '', #5790 ) ;
#6311 = CARTESIAN_POINT ( 'NONE',  ( -0.09999999999999999167, 0.1499999999999999944, 1.224999999999999867 ) ) ;
#6312 =( NAMED_UNIT ( * ) PLANE_ANGLE_UNIT ( ) SI_UNIT ( $, .RADIAN. ) );
#6313 = DIRECTION ( 'NONE',  ( -0.000000000000000000, -1.000000000000000000, -0.000000000000000000 ) ) ;
#6314 = UNCERTAINTY_MEASURE_WITH_UNIT (LENGTH_MEASURE( 1.000000000000000082E-05 ), #3173, 'distance_accuracy_value', 'NONE');
#6315 = EDGE_CURVE ( 'NONE', #2326, #3957, #1364, .T. ) ;
#6316 = EDGE_CURVE ( 'NONE', #1746, #1227, #1442, .T. ) ;
#6317 = CYLINDRICAL_SURFACE ( 'NONE', #1422, 0.1250000000000001110 ) ;
#6318 =( NAMED_UNIT ( * ) PLANE_ANGLE_UNIT ( ) SI_UNIT ( $, .RADIAN. ) );
#6319 = AXIS2_PLACEMENT_3D ( 'NONE', #93, #3550, #1531 ) ;
#6320 = LINE ( 'NONE', #292, #4523 ) ;
#6321 = ORIENTED_EDGE ( 'NONE', *, *, #5867, .T. ) ;
#6322 = VECTOR ( 'NONE', #5811, 1000.000000000000000 ) ;
#6323 = CARTESIAN_POINT ( 'NONE',  ( 0.2250000000000000056, 0.000000000000000000, 0.6250000000000000000 ) ) ;
#6324 = CARTESIAN_POINT ( 'NONE',  ( 1.250000000000000000, 0.000000000000000000, 1.500000000000000000 ) ) ;
#6325 = DIRECTION ( 'NONE',  ( 0.000000000000000000, -0.000000000000000000, -1.000000000000000000 ) ) ;
#6326 = MECHANICAL_DESIGN_GEOMETRIC_PRESENTATION_REPRESENTATION (  '', ( #3702 ), #993 ) ;
#6327 = CARTESIAN_POINT ( 'NONE',  ( -0.09999999999999999167, -0.05000000000000000278, 1.224999999999999867 ) ) ;
#6328 = COLOUR_RGB ( '',1.000000000000000000, 1.000000000000000000, 1.000000000000000000 ) ;
#6329 =( NAMED_UNIT ( * ) PLANE_ANGLE_UNIT ( ) SI_UNIT ( $, .RADIAN. ) );
#6330 = ORIENTED_EDGE ( 'NONE', *, *, #2373, .T. ) ;
#6331 = CARTESIAN_POINT ( 'NONE',  ( 0.3999999999999999667, 0.1499999999999999944, 1.500000000000000000 ) ) ;
#6332 = SURFACE_SIDE_STYLE ('',( #1443 ) ) ;
#6333 = VECTOR ( 'NONE', #2963, 1000.000000000000000 ) ;
#6334 = ORIENTED_EDGE ( 'NONE', *, *, #4228, .T. ) ;
#6335 = VERTEX_POINT ( 'NONE', #1625 ) ;
#6336 = ORIENTED_EDGE ( 'NONE', *, *, #5113, .T. ) ;
#6337 = CARTESIAN_POINT ( 'NONE',  ( -0.1000000000000000056, -0.000000000000000000, -1.224999999999999867 ) ) ;
#6338 =( GEOMETRIC_REPRESENTATION_CONTEXT ( 3 ) GLOBAL_UNCERTAINTY_ASSIGNED_CONTEXT ( ( #2705 ) ) GLOBAL_UNIT_ASSIGNED_CONTEXT ( ( #5206, #2103, #5187 ) ) REPRESENTATION_CONTEXT ( 'NONE', 'WORKASPACE' ) );
#6339 = VERTEX_POINT ( 'NONE', #1607 ) ;
#6340 = EDGE_CURVE ( 'NONE', #1105, #4131, #2632, .T. ) ;
#6341 = PLANE ( 'NONE',  #4805 ) ;
#6342 = VECTOR ( 'NONE', #4849, 1000.000000000000000 ) ;
#6343 = ORIENTED_EDGE ( 'NONE', *, *, #2752, .T. ) ;
#6344 = ADVANCED_FACE ( 'NONE', ( #6425 ), #5672, .T. ) ;
#6345 = ORIENTED_EDGE ( 'NONE', *, *, #2606, .T. ) ;
#6346 = VERTEX_POINT ( 'NONE', #2680 ) ;
#6347 = CARTESIAN_POINT ( 'NONE',  ( -1.250000000000000000, 0.1499999999999999944, -0.1250000000000000000 ) ) ;
#6348 = AXIS2_PLACEMENT_3D ( 'NONE', #5937, #3449, #2957 ) ;
#6349 = CARTESIAN_POINT ( 'NONE',  ( -0.8499999999999999778, 0.1499999999999999944, -0.8750000000000000000 ) ) ;
#6350 = COLOUR_RGB ( '',0.7921568627450980005, 0.8196078431372548767, 0.9333333333333333481 ) ;
#6351 = EDGE_CURVE ( 'NONE', #4149, #5908, #1433, .T. ) ;
#6352 = AXIS2_PLACEMENT_3D ( 'NONE', #5274, #811, #3237 ) ;
#6353 = PRESENTATION_STYLE_ASSIGNMENT (( #1663 ) ) ;
#6354 = ORIENTED_EDGE ( 'NONE', *, *, #3938, .F. ) ;
#6355 = FACE_OUTER_BOUND ( 'NONE', #1526, .T. ) ;
#6356 = CARTESIAN_POINT ( 'NONE',  ( 0.7750000000000000222, 0.1499999999999999944, 1.099999999999999867 ) ) ;
#6357 = FILL_AREA_STYLE_COLOUR ( '', #3336 ) ;
#6358 = DIRECTION ( 'NONE',  ( 0.000000000000000000, 1.000000000000000000, 0.000000000000000000 ) ) ;
#6359 = DIRECTION ( 'NONE',  ( -1.000000000000000000, 0.000000000000000000, 0.000000000000000000 ) ) ;
#6360 = ORIENTED_EDGE ( 'NONE', *, *, #830, .F. ) ;
#6361 = EDGE_LOOP ( 'NONE', ( #2555, #176, #2575, #6004 ) ) ;
#6362 = PRESENTATION_LAYER_ASSIGNMENT (  '', '', ( #5686 ) ) ;
#6363 = SURFACE_STYLE_USAGE ( .BOTH. , #1295 ) ;
#6364 = LINE ( 'NONE', #6022, #4234 ) ;
#6365 = VERTEX_POINT ( 'NONE', #4214 ) ;
#6366 = FILL_AREA_STYLE ('',( #3277 ) ) ;
#6367 = VECTOR ( 'NONE', #3897, 1000.000000000000000 ) ;
#6368 = AXIS2_PLACEMENT_3D ( 'NONE', #5180, #2599, #2072 ) ;
#6369 = EDGE_CURVE ( 'NONE', #3979, #772, #5089, .T. ) ;
#6370 = VERTEX_POINT ( 'NONE', #105 ) ;
#6371 = FILL_AREA_STYLE ('',( #1774 ) ) ;
#6372 = ORIENTED_EDGE ( 'NONE', *, *, #5600, .F. ) ;
#6373 =( NAMED_UNIT ( * ) SI_UNIT ( $, .STERADIAN. ) SOLID_ANGLE_UNIT ( ) );
#6374 = CARTESIAN_POINT ( 'NONE',  ( -0.3499999999999999778, -0.05000000000000000278, 1.500000000000000000 ) ) ;
#6375 = FILL_AREA_STYLE_COLOUR ( '', #1800 ) ;
#6376 = LINE ( 'NONE', #2607, #1767 ) ;
#6377 = CARTESIAN_POINT ( 'NONE',  ( -0.7249999999999999778, 0.1499999999999999944, 1.224999999999999867 ) ) ;
#6378 = ORIENTED_EDGE ( 'NONE', *, *, #5104, .F. ) ;
#6379 = AXIS2_PLACEMENT_3D ( 'NONE', #1366, #2823, #2386 ) ;
#6380 = COLOUR_RGB ( '',1.000000000000000000, 1.000000000000000000, 1.000000000000000000 ) ;
#6381 = EDGE_CURVE ( 'NONE', #1799, #5276, #2476, .T. ) ;
#6382 = ADVANCED_FACE ( 'NONE', ( #5008 ), #2825, .F. ) ;
#6383 = DIRECTION ( 'NONE',  ( -1.000000000000000000, 0.000000000000000000, 0.000000000000000000 ) ) ;
#6384 = EDGE_CURVE ( 'NONE', #3966, #1605, #5888, .T. ) ;
#6385 = EDGE_LOOP ( 'NONE', ( #3211, #4573, #4873, #3219 ) ) ;
#6386 = ADVANCED_FACE ( 'NONE', ( #1733 ), #3323, .F. ) ;
#6387 = FACE_OUTER_BOUND ( 'NONE', #4464, .T. ) ;
#6388 = EDGE_CURVE ( 'NONE', #1227, #3269, #1272, .T. ) ;
#6389 = SURFACE_STYLE_USAGE ( .BOTH. , #2952 ) ;
#6390 = FACE_OUTER_BOUND ( 'NONE', #626, .T. ) ;
#6391 = ORIENTED_EDGE ( 'NONE', *, *, #2999, .T. ) ;
#6392 = DIRECTION ( 'NONE',  ( 0.000000000000000000, 1.000000000000000000, 0.000000000000000000 ) ) ;
#6393 = CARTESIAN_POINT ( 'NONE',  ( -0.1250000000000000000, 0.1499999999999999944, -4.241313930147960914E-17 ) ) ;
#6394 = AXIS2_PLACEMENT_3D ( 'NONE', #4035, #4584, #5591 ) ;
#6395 = DIRECTION ( 'NONE',  ( 0.000000000000000000, 0.000000000000000000, -1.000000000000000000 ) ) ;
#6396 = FACE_OUTER_BOUND ( 'NONE', #5528, .T. ) ;
#6397 = AXIS2_PLACEMENT_3D ( 'NONE', #2584, #4184, #6153 ) ;
#6398 = FILL_AREA_STYLE_COLOUR ( '', #182 ) ;
#6399 = VECTOR ( 'NONE', #15, 1000.000000000000000 ) ;
#6400 = SURFACE_STYLE_USAGE ( .BOTH. , #781 ) ;
#6401 = FACE_OUTER_BOUND ( 'NONE', #1758, .T. ) ;
#6402 = EDGE_LOOP ( 'NONE', ( #4419, #2946, #4925, #433 ) ) ;
#6403 = SURFACE_STYLE_FILL_AREA ( #5310 ) ;
#6404 = DIRECTION ( 'NONE',  ( 1.000000000000000000, 0.000000000000000000, -0.000000000000000000 ) ) ;
#6405 = LINE ( 'NONE', #1417, #2118 ) ;
#6406 = FILL_AREA_STYLE_COLOUR ( '', #2788 ) ;
#6407 = STYLED_ITEM ( 'NONE', ( #2836 ), #5087 ) ;
#6408 = VECTOR ( 'NONE', #2438, 1000.000000000000000 ) ;
#6409 = EDGE_LOOP ( 'NONE', ( #188 ) ) ;
#6410 = STYLED_ITEM ( 'NONE', ( #2545 ), #1850 ) ;
#6411 = EDGE_CURVE ( 'NONE', #1970, #1616, #2701, .T. ) ;
#6412 = DIRECTION ( 'NONE',  ( 0.000000000000000000, -1.000000000000000000, 0.000000000000000000 ) ) ;
#6413 = CARTESIAN_POINT ( 'NONE',  ( 0.1499999999999999667, -0.05000000000000000278, -1.224999999999999867 ) ) ;
#6414 = VECTOR ( 'NONE', #4215, 1000.000000000000000 ) ;
#6415 = DIRECTION ( 'NONE',  ( -0.000000000000000000, -1.000000000000000000, -0.000000000000000000 ) ) ;
#6416 = EDGE_LOOP ( 'NONE', ( #778, #3246, #6271, #5945 ) ) ;
#6417 = ORIENTED_EDGE ( 'NONE', *, *, #4868, .F. ) ;
#6418 = SURFACE_STYLE_USAGE ( .BOTH. , #2900 ) ;
#6419 = LINE ( 'NONE', #2068, #1735 ) ;
#6420 = EDGE_CURVE ( 'NONE', #4502, #1970, #1354, .T. ) ;
#6421 = LINE ( 'NONE', #1315, #4690 ) ;
#6422 = DIRECTION ( 'NONE',  ( 0.000000000000000000, -1.000000000000000000, 0.000000000000000000 ) ) ;
#6423 = CLOSED_SHELL ( 'NONE', ( #948, #5218, #223, #636, #96, #638, #4796, #5758, #1678, #3358, #5580, #6039, #6386, #2511, #709, #4930, #5801, #3835, #1300, #652, #4491, #22, #317, #4180, #2538, #3458, #3195, #5420, #5498, #2739, #2401, #5211, #2937, #5262, #2239, #3553, #1492, #689, #4095, #848, #1330, #4092, #2553, #5896, #3330, #1215, #496, #2544, #4273, #1884, #1265, #6195, #4156, #5927, #1179, #2812, #786, #5190, #6344, #1508, #4959, #1467, #1167, #5700, #5096, #5698, #5526, #4751, #4084, #2579, #4263, #3696 ) ) ;
#6424 = SURFACE_SIDE_STYLE ('',( #4555 ) ) ;
#6425 = FACE_OUTER_BOUND ( 'NONE', #5551, .T. ) ;
#6426 = CARTESIAN_POINT ( 'NONE',  ( -0.5999999999999999778, 0.1499999999999999944, 1.500000000000000000 ) ) ;
#6427 = CARTESIAN_POINT ( 'NONE',  ( 0.2250000000000000056, 0.000000000000000000, -0.6250000000000000000 ) ) ;
#6428 = VERTEX_POINT ( 'NONE', #3233 ) ;
#6429 = UNCERTAINTY_MEASURE_WITH_UNIT (LENGTH_MEASURE( 1.000000000000000082E-05 ), #6110, 'distance_accuracy_value', 'NONE');
#6430 = FILL_AREA_STYLE ('',( #1936 ) ) ;
#6431 = CARTESIAN_POINT ( 'NONE',  ( 0.9000000000000000222, 0.1499999999999999944, -1.500000000000000000 ) ) ;
#6432 = DIRECTION ( 'NONE',  ( 1.000000000000000000, 0.000000000000000000, 0.000000000000000000 ) ) ;
#6433 = UNCERTAINTY_MEASURE_WITH_UNIT (LENGTH_MEASURE( 1.000000000000000082E-05 ), #1588, 'distance_accuracy_value', 'NONE');
#6434 = ORIENTED_EDGE ( 'NONE', *, *, #112, .F. ) ;
#6435 = FILL_AREA_STYLE ('',( #1847 ) ) ;
#6436 = DIRECTION ( 'NONE',  ( 0.000000000000000000, 0.000000000000000000, -1.000000000000000000 ) ) ;
#6437 = CARTESIAN_POINT ( 'NONE',  ( -1.250000000000000000, 0.1499999999999999944, -0.6250000000000000000 ) ) ;
#6438 = DIRECTION ( 'NONE',  ( -1.000000000000000000, 0.000000000000000000, 0.000000000000000000 ) ) ;
#6439 = AXIS2_PLACEMENT_3D ( 'NONE', #5611, #6170, #6132 ) ;
#6440 = ORIENTED_EDGE ( 'NONE', *, *, #2150, .F. ) ;
#6441 = EDGE_CURVE ( 'NONE', #4880, #599, #5400, .T. ) ;
#6442 = ORIENTED_EDGE ( 'NONE', *, *, #4219, .F. ) ;
#6443 = SURFACE_STYLE_FILL_AREA ( #684 ) ;
#6444 = EDGE_LOOP ( 'NONE', ( #3786, #4473, #2299, #4850 ) ) ;
#6445 = DIRECTION ( 'NONE',  ( 1.000000000000000000, 0.000000000000000000, 3.942553354492743901E-17 ) ) ;
#6446 = ORIENTED_EDGE ( 'NONE', *, *, #6206, .F. ) ;
#6447 = DIRECTION ( 'NONE',  ( -1.000000000000000000, 0.000000000000000000, 0.000000000000000000 ) ) ;
#6448 =( GEOMETRIC_REPRESENTATION_CONTEXT ( 3 ) GLOBAL_UNCERTAINTY_ASSIGNED_CONTEXT ( ( #3974 ) ) GLOBAL_UNIT_ASSIGNED_CONTEXT ( ( #2420, #3432, #4444 ) ) REPRESENTATION_CONTEXT ( 'NONE', 'WORKASPACE' ) );
#6449 = EDGE_CURVE ( 'NONE', #481, #1671, #5796, .T. ) ;
#6450 = ORIENTED_EDGE ( 'NONE', *, *, #2516, .T. ) ;
#6451 = VERTEX_POINT ( 'NONE', #6323 ) ;
#6452 = ORIENTED_EDGE ( 'NONE', *, *, #6237, .T. ) ;
#6453 = CARTESIAN_POINT ( 'NONE',  ( 1.250000000000000000, -0.05000000000000000278, -0.3750000000000000000 ) ) ;
#6454 = CARTESIAN_POINT ( 'NONE',  ( -0.2250000000000000056, -0.05000000000000000278, 1.224999999999999867 ) ) ;
#6455 = MECHANICAL_DESIGN_GEOMETRIC_PRESENTATION_REPRESENTATION (  '', ( #27 ), #4265 ) ;
#6456 = DIRECTION ( 'NONE',  ( -1.000000000000000000, 0.000000000000000000, 0.000000000000000000 ) ) ;
#6457 = PRESENTATION_LAYER_ASSIGNMENT (  '', '', ( #2605 ) ) ;
#6458 = EDGE_CURVE ( 'NONE', #4715, #512, #2550, .T. ) ;
#6459 = DIRECTION ( 'NONE',  ( 0.000000000000000000, -1.000000000000000000, 0.000000000000000000 ) ) ;
#6460 = DIRECTION ( 'NONE',  ( 0.000000000000000000, 0.000000000000000000, 1.000000000000000000 ) ) ;
#6461 = MECHANICAL_DESIGN_GEOMETRIC_PRESENTATION_REPRESENTATION (  '', ( #2528 ), #3304 ) ;
#6462 = FILL_AREA_STYLE_COLOUR ( '', #2304 ) ;
#6463 = EDGE_CURVE ( 'NONE', #4998, #3738, #4610, .T. ) ;
#6464 = DIRECTION ( 'NONE',  ( 0.000000000000000000, 0.000000000000000000, 1.000000000000000000 ) ) ;
#6465 = MECHANICAL_DESIGN_GEOMETRIC_PRESENTATION_REPRESENTATION (  '', ( #4118 ), #5201 ) ;
#6466 =( NAMED_UNIT ( * ) SI_UNIT ( $, .STERADIAN. ) SOLID_ANGLE_UNIT ( ) );
#6467 = ADVANCED_FACE ( 'NONE', ( #4386 ), #3306, .T. ) ;
#6468 =( NAMED_UNIT ( * ) PLANE_ANGLE_UNIT ( ) SI_UNIT ( $, .RADIAN. ) );
#6469 = CARTESIAN_POINT ( 'NONE',  ( -0.9749999999999999778, -0.05000000000000000278, -0.1250000000000000000 ) ) ;
#6470 = PLANE ( 'NONE',  #3033 ) ;
#6471 = MECHANICAL_DESIGN_GEOMETRIC_PRESENTATION_REPRESENTATION (  '', ( #1629 ), #2895 ) ;
#6472 = ORIENTED_EDGE ( 'NONE', *, *, #6490, .T. ) ;
#6473 = MECHANICAL_DESIGN_GEOMETRIC_PRESENTATION_REPRESENTATION (  '', ( #1021 ), #1362 ) ;
#6474 = DIRECTION ( 'NONE',  ( 1.000000000000000000, 0.000000000000000000, 3.942553354492743901E-17 ) ) ;
#6475 = ORIENTED_EDGE ( 'NONE', *, *, #6171, .T. ) ;
#6476 = DIRECTION ( 'NONE',  ( 0.000000000000000000, -1.000000000000000000, 0.000000000000000000 ) ) ;
#6477 = EDGE_LOOP ( 'NONE', ( #5468, #3293, #1521, #6072 ) ) ;
#6478 = DIRECTION ( 'NONE',  ( -0.000000000000000000, -1.000000000000000000, -0.000000000000000000 ) ) ;
#6479 = VERTEX_POINT ( 'NONE', #3816 ) ;
#6480 = ORIENTED_EDGE ( 'NONE', *, *, #6011, .T. ) ;
#6481 = DIRECTION ( 'NONE',  ( 0.000000000000000000, 0.000000000000000000, 1.000000000000000000 ) ) ;
#6482 = ORIENTED_EDGE ( 'NONE', *, *, #5406, .F. ) ;
#6483 = FILL_AREA_STYLE_COLOUR ( '', #5621 ) ;
#6484 = LINE ( 'NONE', #3000, #3732 ) ;
#6485 = LINE ( 'NONE', #5607, #4211 ) ;
#6486 = CARTESIAN_POINT ( 'NONE',  ( -0.1250000000000000000, -0.05000000000000000278, -0.1250000000000000833 ) ) ;
#6487 = AXIS2_PLACEMENT_3D ( 'NONE', #6071, #2, #2011 ) ;
#6488 = VERTEX_POINT ( 'NONE', #715 ) ;
#6489 = ORIENTED_EDGE ( 'NONE', *, *, #6530, .F. ) ;
#6490 = EDGE_CURVE ( 'NONE', #1671, #5117, #5719, .T. ) ;
#6491 = CARTESIAN_POINT ( 'NONE',  ( -0.9500000000000000666, 0.9499999999999999556, -1.014999999999999902 ) ) ;
#6492 = PRODUCT_RELATED_PRODUCT_CATEGORY ( 'part', '', ( #1541 ) ) ;
#6493 = COLOUR_RGB ( '',1.000000000000000000, 1.000000000000000000, 1.000000000000000000 ) ;
#6494 = CARTESIAN_POINT ( 'NONE',  ( 0.1499999999999999667, -0.05000000000000000278, -1.224999999999999867 ) ) ;
#6495 = ORIENTED_EDGE ( 'NONE', *, *, #1252, .F. ) ;
#6496 = SURFACE_SIDE_STYLE ('',( #4220 ) ) ;
#6497 = COLOUR_RGB ( '',0.1019607843137254888, 0.1019607843137254888, 0.1019607843137254888 ) ;
#6498 = DIRECTION ( 'NONE',  ( 0.000000000000000000, 0.000000000000000000, 1.000000000000000000 ) ) ;
#6499 = FACE_OUTER_BOUND ( 'NONE', #4803, .T. ) ;
#6500 = ORIENTED_EDGE ( 'NONE', *, *, #5224, .F. ) ;
#6501 = CARTESIAN_POINT ( 'NONE',  ( 0.2250000000000000056, 0.1499999999999999944, 0.5000000000000000000 ) ) ;
#6502 = DIRECTION ( 'NONE',  ( -0.000000000000000000, -1.000000000000000000, -0.000000000000000000 ) ) ;
#6503 = VECTOR ( 'NONE', #4121, 1000.000000000000000 ) ;
#6504 = FACE_OUTER_BOUND ( 'NONE', #3932, .T. ) ;
#6505 = UNCERTAINTY_MEASURE_WITH_UNIT (LENGTH_MEASURE( 1.000000000000000082E-05 ), #779, 'distance_accuracy_value', 'NONE');
#6506 = ORIENTED_EDGE ( 'NONE', *, *, #313, .F. ) ;
#6507 = ADVANCED_FACE ( 'NONE', ( #1196 ), #1217, .F. ) ;
#6508 = CARTESIAN_POINT ( 'NONE',  ( -0.09999999999999999167, 0.1499999999999999944, 1.224999999999999867 ) ) ;
#6509 = SURFACE_STYLE_USAGE ( .BOTH. , #1460 ) ;
#6510 = DIRECTION ( 'NONE',  ( 0.000000000000000000, 0.000000000000000000, 1.000000000000000000 ) ) ;
#6511 = VECTOR ( 'NONE', #250, 1000.000000000000000 ) ;
#6512 = STYLED_ITEM ( 'NONE', ( #2135 ), #5862 ) ;
#6513 = ORIENTED_EDGE ( 'NONE', *, *, #6081, .F. ) ;
#6514 = ORIENTED_EDGE ( 'NONE', *, *, #65, .F. ) ;
#6515 = CARTESIAN_POINT ( 'NONE',  ( -0.1250000000000000000, 0.1499999999999999944, -4.241313930147960914E-17 ) ) ;
#6516 = VERTEX_POINT ( 'NONE', #2961 ) ;
#6517 = DIRECTION ( 'NONE',  ( 1.000000000000000000, 0.000000000000000000, 0.000000000000000000 ) ) ;
#6518 = CARTESIAN_POINT ( 'NONE',  ( -0.9749999999999999778, 0.1499999999999999944, 0.7500000000000000000 ) ) ;
#6519 = UNCERTAINTY_MEASURE_WITH_UNIT (LENGTH_MEASURE( 1.000000000000000082E-05 ), #1413, 'distance_accuracy_value', 'NONE');
#6520 = SURFACE_STYLE_FILL_AREA ( #3145 ) ;
#6521 = AXIS2_PLACEMENT_3D ( 'NONE', #5027, #1978, #3019 ) ;
#6522 =( NAMED_UNIT ( * ) PLANE_ANGLE_UNIT ( ) SI_UNIT ( $, .RADIAN. ) );
#6523 = CARTESIAN_POINT ( 'NONE',  ( -1.250000000000000000, -0.05000000000000000278, 0.8750000000000000000 ) ) ;
#6524 = VECTOR ( 'NONE', #3992, 1000.000000000000000 ) ;
#6525 = PLANE ( 'NONE',  #4277 ) ;
#6526 = ORIENTED_EDGE ( 'NONE', *, *, #4046, .T. ) ;
#6527 = DIRECTION ( 'NONE',  ( 0.000000000000000000, 0.000000000000000000, 1.000000000000000000 ) ) ;
#6528 = STYLED_ITEM ( 'NONE', ( #5010 ), #1502 ) ;
#6529 = CARTESIAN_POINT ( 'NONE',  ( -0.8499999999999999778, -0.000000000000000000, -1.500000000000000000 ) ) ;
#6530 = EDGE_CURVE ( 'NONE', #481, #5297, #6484, .T. ) ;
#6531 = PRODUCT_DEFINITION ( 'UNKNOWN', '', #67, #4233 ) ;
#6532 = CARTESIAN_POINT ( 'NONE',  ( -1.250000000000000000, -0.05000000000000000278, -0.8750000000000000000 ) ) ;
#6533 = SURFACE_STYLE_USAGE ( .BOTH. , #4505 ) ;
#6534 = SURFACE_STYLE_USAGE ( .BOTH. , #10 ) ;
#6535 = STYLED_ITEM ( 'NONE', ( #4741 ), #2710 ) ;
#6536 = EDGE_CURVE ( 'NONE', #3495, #314, #5554, .T. ) ;
#6537 = DIRECTION ( 'NONE',  ( 0.000000000000000000, 0.000000000000000000, -1.000000000000000000 ) ) ;
#6538 = SURFACE_STYLE_FILL_AREA ( #3163 ) ;
#6539 = LINE ( 'NONE', #5903, #4662 ) ;
#6540 = DIRECTION ( 'NONE',  ( 0.000000000000000000, -1.000000000000000000, 0.000000000000000000 ) ) ;
#6541 = CIRCLE ( 'NONE', #4530, 0.1250000000000001110 ) ;
#6542 = FACE_OUTER_BOUND ( 'NONE', #3563, .T. ) ;
#6543 = CARTESIAN_POINT ( 'NONE',  ( 0.6500000000000000222, -0.05000000000000000278, 1.350000000000000089 ) ) ;
#6544 = FILL_AREA_STYLE ('',( #2030 ) ) ;
ENDSEC;
END-ISO-10303-21;
